experiment_id,mean_dist_quant,k_seeding,alpha_mad,alpha_accept,min_intersection,radius,n_seeds,n_ensembles,n_clustered_memberships,n_unique_clustered,n_overlap_memberships,internal_coherence,coverage,unique_coverage,clustering_quality,clustering_seconds,quality_seconds,ierr
1,  5.0000000000000003E-02,15,  2.5000000000000000E-01,  2.5000000000000000E-01,1,  1.2157812539303119E-01,112,24,460,460,0,  4.5844672515823331E-01,  9.2000000000000004E-01,  9.2000000000000004E-01,  6.1195108878387616E-01,  1.2710006800000001E-01,  5.0983400000000003E-04,0
2,  5.0000000000000003E-02,15,  2.5000000000000000E-01,  2.5000000000000000E-01,2,  1.2157812539303119E-01,112,29,465,460,5,  4.2917083454118432E-01,  9.3000000000000005E-01,  9.2000000000000004E-01,  5.8731230244215105E-01,  1.2570949200000001E-01,  5.2618399999999996E-04,0
3,  5.0000000000000003E-02,15,  2.5000000000000000E-01,  2.5000000000000000E-01,3,  1.2157812539303119E-01,112,30,467,460,7,  4.2513112162765065E-01,  9.3400000000000005E-01,  9.2000000000000004E-01,  5.8430339984372492E-01,  1.2263561700000000E-01,  5.5922299999999997E-04,0
4,  5.0000000000000003E-02,15,  2.5000000000000000E-01,  2.5000000000000000E-01,4,  1.2157812539303119E-01,112,32,473,460,13,  4.1343398551142008E-01,  9.4599999999999995E-01,  9.2000000000000004E-01,  5.7539910648425940E-01,  1.2083044499999999E-01,  5.5989799999999997E-04,0
5,  5.0000000000000003E-02,15,  2.5000000000000000E-01,  2.5000000000000000E-01,5,  1.2157812539303119E-01,112,34,481,460,21,  4.0287278722517772E-01,  9.6199999999999997E-01,  9.2000000000000004E-01,  5.6791171300081089E-01,  1.2181501400000000E-01,  5.6835299999999996E-04,0
6,  5.0000000000000003E-02,15,  2.5000000000000000E-01,  4.3750000000000000E-01,1,  1.2157812539303119E-01,112,24,460,460,0,  4.5844672515823331E-01,  9.2000000000000004E-01,  9.2000000000000004E-01,  6.1195108878387616E-01,  1.2412934000000000E-01,  5.7923499999999999E-04,0
7,  5.0000000000000003E-02,15,  2.5000000000000000E-01,  4.3750000000000000E-01,2,  1.2157812539303119E-01,112,29,465,460,5,  4.2917083454118432E-01,  9.3000000000000005E-01,  9.2000000000000004E-01,  5.8731230244215105E-01,  1.2421174100000000E-01,  6.1578900000000005E-04,0
8,  5.0000000000000003E-02,15,  2.5000000000000000E-01,  4.3750000000000000E-01,3,  1.2157812539303119E-01,112,30,467,460,7,  4.2513112162765065E-01,  9.3400000000000005E-01,  9.2000000000000004E-01,  5.8430339984372492E-01,  1.2569423199999999E-01,  5.9431100000000004E-04,0
9,  5.0000000000000003E-02,15,  2.5000000000000000E-01,  4.3750000000000000E-01,4,  1.2157812539303119E-01,112,32,473,460,13,  4.1343398551142008E-01,  9.4599999999999995E-01,  9.2000000000000004E-01,  5.7539910648425940E-01,  1.2639232500000000E-01,  5.6665299999999997E-04,0
10,  5.0000000000000003E-02,15,  2.5000000000000000E-01,  4.3750000000000000E-01,5,  1.2157812539303119E-01,112,34,481,460,21,  4.0287278722517772E-01,  9.6199999999999997E-01,  9.2000000000000004E-01,  5.6791171300081089E-01,  1.2210548100000000E-01,  5.6961700000000002E-04,0
11,  5.0000000000000003E-02,15,  2.5000000000000000E-01,  6.2500000000000000E-01,1,  1.2157812539303119E-01,112,24,460,460,0,  4.5844672515823331E-01,  9.2000000000000004E-01,  9.2000000000000004E-01,  6.1195108878387616E-01,  1.2375735600000000E-01,  5.1664199999999999E-04,0
12,  5.0000000000000003E-02,15,  2.5000000000000000E-01,  6.2500000000000000E-01,2,  1.2157812539303119E-01,112,29,465,460,5,  4.2917083454118432E-01,  9.3000000000000005E-01,  9.2000000000000004E-01,  5.8731230244215105E-01,  1.2003755700000000E-01,  5.2941100000000003E-04,0
13,  5.0000000000000003E-02,15,  2.5000000000000000E-01,  6.2500000000000000E-01,3,  1.2157812539303119E-01,112,30,467,460,7,  4.2513112162765065E-01,  9.3400000000000005E-01,  9.2000000000000004E-01,  5.8430339984372492E-01,  1.2337552000000000E-01,  5.5649300000000003E-04,0
14,  5.0000000000000003E-02,15,  2.5000000000000000E-01,  6.2500000000000000E-01,4,  1.2157812539303119E-01,112,32,473,460,13,  4.1343398551142008E-01,  9.4599999999999995E-01,  9.2000000000000004E-01,  5.7539910648425940E-01,  1.2472263900000000E-01,  5.6128500000000002E-04,0
15,  5.0000000000000003E-02,15,  2.5000000000000000E-01,  6.2500000000000000E-01,5,  1.2157812539303119E-01,112,34,481,460,21,  4.0287278722517772E-01,  9.6199999999999997E-01,  9.2000000000000004E-01,  5.6791171300081089E-01,  1.2142748200000000E-01,  5.3611700000000002E-04,0
16,  5.0000000000000003E-02,15,  2.5000000000000000E-01,  8.1250000000000000E-01,1,  1.2157812539303119E-01,112,24,460,460,0,  4.5844672515823331E-01,  9.2000000000000004E-01,  9.2000000000000004E-01,  6.1195108878387616E-01,  1.2462741300000001E-01,  9.0981000000000005E-04,0
17,  5.0000000000000003E-02,15,  2.5000000000000000E-01,  8.1250000000000000E-01,2,  1.2157812539303119E-01,112,29,465,460,5,  4.2917083454118432E-01,  9.3000000000000005E-01,  9.2000000000000004E-01,  5.8731230244215105E-01,  1.2530396299999999E-01,  5.5719999999999999E-04,0
18,  5.0000000000000003E-02,15,  2.5000000000000000E-01,  8.1250000000000000E-01,3,  1.2157812539303119E-01,112,30,467,460,7,  4.2513112162765065E-01,  9.3400000000000005E-01,  9.2000000000000004E-01,  5.8430339984372492E-01,  1.2261019099999999E-01,  5.1710799999999996E-04,0
19,  5.0000000000000003E-02,15,  2.5000000000000000E-01,  8.1250000000000000E-01,4,  1.2157812539303119E-01,112,32,473,460,13,  4.1343398551142008E-01,  9.4599999999999995E-01,  9.2000000000000004E-01,  5.7539910648425940E-01,  1.2452180100000000E-01,  5.7665199999999998E-04,0
20,  5.0000000000000003E-02,15,  2.5000000000000000E-01,  8.1250000000000000E-01,5,  1.2157812539303119E-01,112,34,481,460,21,  4.0287278722517772E-01,  9.6199999999999997E-01,  9.2000000000000004E-01,  5.6791171300081089E-01,  1.2243033700000000E-01,  5.4212700000000000E-04,0
21,  5.0000000000000003E-02,15,  2.5000000000000000E-01,  1.0000000000000000E+00,1,  1.2157812539303119E-01,112,24,460,460,0,  4.5844672515823331E-01,  9.2000000000000004E-01,  9.2000000000000004E-01,  6.1195108878387616E-01,  1.2186752300000001E-01,  5.4012600000000004E-04,0
22,  5.0000000000000003E-02,15,  2.5000000000000000E-01,  1.0000000000000000E+00,2,  1.2157812539303119E-01,112,29,465,460,5,  4.2917083454118432E-01,  9.3000000000000005E-01,  9.2000000000000004E-01,  5.8731230244215105E-01,  1.2413558000000000E-01,  5.2397000000000001E-04,0
23,  5.0000000000000003E-02,15,  2.5000000000000000E-01,  1.0000000000000000E+00,3,  1.2157812539303119E-01,112,30,467,460,7,  4.2513112162765065E-01,  9.3400000000000005E-01,  9.2000000000000004E-01,  5.8430339984372492E-01,  1.2341969000000000E-01,  5.3947600000000000E-04,0
24,  5.0000000000000003E-02,15,  2.5000000000000000E-01,  1.0000000000000000E+00,4,  1.2157812539303119E-01,112,32,473,460,13,  4.1343398551142008E-01,  9.4599999999999995E-01,  9.2000000000000004E-01,  5.7539910648425940E-01,  1.2248623700000000E-01,  5.9201999999999996E-04,0
25,  5.0000000000000003E-02,15,  2.5000000000000000E-01,  1.0000000000000000E+00,5,  1.2157812539303119E-01,112,34,481,460,21,  4.0287278722517772E-01,  9.6199999999999997E-01,  9.2000000000000004E-01,  5.6791171300081089E-01,  1.2372120700000000E-01,  7.0634799999999998E-04,0
26,  5.0000000000000003E-02,15,  4.3750000000000000E-01,  2.5000000000000000E-01,1,  1.2157812539303119E-01,112,3,492,492,0,  9.8160827297479014E-01,  9.8399999999999999E-01,  9.8399999999999999E-01,  9.8280268137595661E-01,  1.5564287600000001E-01,  5.6710300000000001E-04,0
27,  5.0000000000000003E-02,15,  4.3750000000000000E-01,  2.5000000000000000E-01,2,  1.2157812539303119E-01,112,6,495,492,3,  9.3291831251614121E-01,  9.8999999999999999E-01,  9.8399999999999999E-01,  9.6061192342847079E-01,  1.5818609400000000E-01,  5.2571499999999995E-04,0
28,  5.0000000000000003E-02,15,  4.3750000000000000E-01,  2.5000000000000000E-01,3,  1.2157812539303119E-01,112,8,499,492,7,  8.9803238396147123E-01,  9.9800000000000000E-01,  9.8399999999999999E-01,  9.4538081392998030E-01,  1.5542730299999999E-01,  9.7706899999999990E-04,0
29,  5.0000000000000003E-02,15,  4.3750000000000000E-01,  2.5000000000000000E-01,4,  1.2157812539303119E-01,112,11,508,492,16,  8.1972129903135482E-01,  1.0160000000000000E+00,  9.8399999999999999E-01,  9.0736740948129235E-01,  1.5404124699999999E-01,  5.9827199999999995E-04,0
30,  5.0000000000000003E-02,15,  4.3750000000000000E-01,  2.5000000000000000E-01,5,  1.2157812539303119E-01,112,11,508,492,16,  8.1972129903135482E-01,  1.0160000000000000E+00,  9.8399999999999999E-01,  9.0736740948129235E-01,  1.6042502600000000E-01,  7.1631300000000000E-04,0
31,  5.0000000000000003E-02,15,  4.3750000000000000E-01,  4.3750000000000000E-01,1,  1.2157812539303119E-01,112,3,492,492,0,  9.8160827297479014E-01,  9.8399999999999999E-01,  9.8399999999999999E-01,  9.8280268137595661E-01,  1.6305200700000000E-01,  5.4855099999999999E-04,0
32,  5.0000000000000003E-02,15,  4.3750000000000000E-01,  4.3750000000000000E-01,2,  1.2157812539303119E-01,112,6,495,492,3,  9.3291831251614121E-01,  9.8999999999999999E-01,  9.8399999999999999E-01,  9.6061192342847079E-01,  1.5484084700000000E-01,  5.9398600000000001E-04,0
33,  5.0000000000000003E-02,15,  4.3750000000000000E-01,  4.3750000000000000E-01,3,  1.2157812539303119E-01,112,8,499,492,7,  8.9803238396147123E-01,  9.9800000000000000E-01,  9.8399999999999999E-01,  9.4538081392998030E-01,  1.6794600400000001E-01,  7.2363199999999999E-04,0
34,  5.0000000000000003E-02,15,  4.3750000000000000E-01,  4.3750000000000000E-01,4,  1.2157812539303119E-01,112,11,508,492,16,  8.1972129903135482E-01,  1.0160000000000000E+00,  9.8399999999999999E-01,  9.0736740948129235E-01,  1.5414576499999999E-01,  5.7381900000000004E-04,0
35,  5.0000000000000003E-02,15,  4.3750000000000000E-01,  4.3750000000000000E-01,5,  1.2157812539303119E-01,112,11,508,492,16,  8.1972129903135482E-01,  1.0160000000000000E+00,  9.8399999999999999E-01,  9.0736740948129235E-01,  1.5526926999999999E-01,  5.6584400000000003E-04,0
36,  5.0000000000000003E-02,15,  4.3750000000000000E-01,  6.2500000000000000E-01,1,  1.2157812539303119E-01,112,3,492,492,0,  9.8160827297479014E-01,  9.8399999999999999E-01,  9.8399999999999999E-01,  9.8280268137595661E-01,  1.5235854300000001E-01,  5.8973599999999999E-04,0
37,  5.0000000000000003E-02,15,  4.3750000000000000E-01,  6.2500000000000000E-01,2,  1.2157812539303119E-01,112,6,495,492,3,  9.3291831251614121E-01,  9.8999999999999999E-01,  9.8399999999999999E-01,  9.6061192342847079E-01,  1.5796169299999999E-01,  5.7133200000000002E-04,0
38,  5.0000000000000003E-02,15,  4.3750000000000000E-01,  6.2500000000000000E-01,3,  1.2157812539303119E-01,112,8,499,492,7,  8.9803238396147123E-01,  9.9800000000000000E-01,  9.8399999999999999E-01,  9.4538081392998030E-01,  1.5335206900000001E-01,  5.8488900000000000E-04,0
39,  5.0000000000000003E-02,15,  4.3750000000000000E-01,  6.2500000000000000E-01,4,  1.2157812539303119E-01,112,11,508,492,16,  8.1972129903135482E-01,  1.0160000000000000E+00,  9.8399999999999999E-01,  9.0736740948129235E-01,  1.5329138000000000E-01,  7.3720399999999998E-04,0
40,  5.0000000000000003E-02,15,  4.3750000000000000E-01,  6.2500000000000000E-01,5,  1.2157812539303119E-01,112,11,508,492,16,  8.1972129903135482E-01,  1.0160000000000000E+00,  9.8399999999999999E-01,  9.0736740948129235E-01,  1.5437198399999999E-01,  5.3726200000000005E-04,0
41,  5.0000000000000003E-02,15,  4.3750000000000000E-01,  8.1250000000000000E-01,1,  1.2157812539303119E-01,112,3,492,492,0,  9.8160827297479014E-01,  9.8399999999999999E-01,  9.8399999999999999E-01,  9.8280268137595661E-01,  1.5636800500000000E-01,  7.5171799999999996E-04,0
42,  5.0000000000000003E-02,15,  4.3750000000000000E-01,  8.1250000000000000E-01,2,  1.2157812539303119E-01,112,6,495,492,3,  9.3291831251614121E-01,  9.8999999999999999E-01,  9.8399999999999999E-01,  9.6061192342847079E-01,  1.5405737700000000E-01,  5.8118299999999998E-04,0
43,  5.0000000000000003E-02,15,  4.3750000000000000E-01,  8.1250000000000000E-01,3,  1.2157812539303119E-01,112,8,499,492,7,  8.9803238396147123E-01,  9.9800000000000000E-01,  9.8399999999999999E-01,  9.4538081392998030E-01,  1.5379724200000000E-01,  5.4059500000000005E-04,0
44,  5.0000000000000003E-02,15,  4.3750000000000000E-01,  8.1250000000000000E-01,4,  1.2157812539303119E-01,112,11,508,492,16,  8.1972129903135482E-01,  1.0160000000000000E+00,  9.8399999999999999E-01,  9.0736740948129235E-01,  1.6152716200000000E-01,  5.6542500000000004E-04,0
45,  5.0000000000000003E-02,15,  4.3750000000000000E-01,  8.1250000000000000E-01,5,  1.2157812539303119E-01,112,11,508,492,16,  8.1972129903135482E-01,  1.0160000000000000E+00,  9.8399999999999999E-01,  9.0736740948129235E-01,  1.5301059800000000E-01,  7.5286600000000004E-04,0
46,  5.0000000000000003E-02,15,  4.3750000000000000E-01,  1.0000000000000000E+00,1,  1.2157812539303119E-01,112,3,492,492,0,  9.8160827297479014E-01,  9.8399999999999999E-01,  9.8399999999999999E-01,  9.8280268137595661E-01,  1.5851866500000000E-01,  5.3252699999999998E-04,0
47,  5.0000000000000003E-02,15,  4.3750000000000000E-01,  1.0000000000000000E+00,2,  1.2157812539303119E-01,112,6,495,492,3,  9.3291831251614121E-01,  9.8999999999999999E-01,  9.8399999999999999E-01,  9.6061192342847079E-01,  1.5394861000000001E-01,  5.3149999999999996E-04,0
48,  5.0000000000000003E-02,15,  4.3750000000000000E-01,  1.0000000000000000E+00,3,  1.2157812539303119E-01,112,8,499,492,7,  8.9803238396147123E-01,  9.9800000000000000E-01,  9.8399999999999999E-01,  9.4538081392998030E-01,  1.5295523100000000E-01,  5.8356000000000000E-04,0
49,  5.0000000000000003E-02,15,  4.3750000000000000E-01,  1.0000000000000000E+00,4,  1.2157812539303119E-01,112,11,508,492,16,  8.1972129903135482E-01,  1.0160000000000000E+00,  9.8399999999999999E-01,  9.0736740948129235E-01,  1.5398074700000000E-01,  5.7326800000000004E-04,0
50,  5.0000000000000003E-02,15,  4.3750000000000000E-01,  1.0000000000000000E+00,5,  1.2157812539303119E-01,112,11,508,492,16,  8.1972129903135482E-01,  1.0160000000000000E+00,  9.8399999999999999E-01,  9.0736740948129235E-01,  1.5975959400000000E-01,  5.3699300000000004E-04,0
51,  5.0000000000000003E-02,15,  6.2500000000000000E-01,  2.5000000000000000E-01,1,  1.2157812539303119E-01,112,3,494,494,0,  9.8229721887582755E-01,  9.8799999999999999E-01,  9.8799999999999999E-01,  9.8514035644130016E-01,  2.7032321300000001E-01,  6.6481299999999999E-04,0
52,  5.0000000000000003E-02,15,  6.2500000000000000E-01,  2.5000000000000000E-01,2,  1.2157812539303119E-01,112,3,494,494,0,  9.8229721887582755E-01,  9.8799999999999999E-01,  9.8799999999999999E-01,  9.8514035644130016E-01,  2.7193152599999998E-01,  5.8584399999999997E-04,0
53,  5.0000000000000003E-02,15,  6.2500000000000000E-01,  2.5000000000000000E-01,3,  1.2157812539303119E-01,112,3,494,494,0,  9.8229721887582755E-01,  9.8799999999999999E-01,  9.8799999999999999E-01,  9.8514035644130016E-01,  2.7125402100000001E-01,  5.3496600000000000E-04,0
54,  5.0000000000000003E-02,15,  6.2500000000000000E-01,  2.5000000000000000E-01,4,  1.2157812539303119E-01,112,3,494,494,0,  9.8229721887582755E-01,  9.8799999999999999E-01,  9.8799999999999999E-01,  9.8514035644130016E-01,  2.6946141499999998E-01,  7.1363500000000001E-04,0
55,  5.0000000000000003E-02,15,  6.2500000000000000E-01,  2.5000000000000000E-01,5,  1.2157812539303119E-01,112,3,494,494,0,  9.8229721887582755E-01,  9.8799999999999999E-01,  9.8799999999999999E-01,  9.8514035644130016E-01,  2.6677835700000002E-01,  6.0828200000000003E-04,0
56,  5.0000000000000003E-02,15,  6.2500000000000000E-01,  4.3750000000000000E-01,1,  1.2157812539303119E-01,112,3,494,494,0,  9.8229721887582755E-01,  9.8799999999999999E-01,  9.8799999999999999E-01,  9.8514035644130016E-01,  2.7460485400000001E-01,  6.4903599999999997E-04,0
57,  5.0000000000000003E-02,15,  6.2500000000000000E-01,  4.3750000000000000E-01,2,  1.2157812539303119E-01,112,3,494,494,0,  9.8229721887582755E-01,  9.8799999999999999E-01,  9.8799999999999999E-01,  9.8514035644130016E-01,  2.7059538500000002E-01,  6.7844699999999999E-04,0
58,  5.0000000000000003E-02,15,  6.2500000000000000E-01,  4.3750000000000000E-01,3,  1.2157812539303119E-01,112,3,494,494,0,  9.8229721887582755E-01,  9.8799999999999999E-01,  9.8799999999999999E-01,  9.8514035644130016E-01,  2.7464551199999998E-01,  5.8634799999999999E-04,0
59,  5.0000000000000003E-02,15,  6.2500000000000000E-01,  4.3750000000000000E-01,4,  1.2157812539303119E-01,112,3,494,494,0,  9.8229721887582755E-01,  9.8799999999999999E-01,  9.8799999999999999E-01,  9.8514035644130016E-01,  2.7234154700000002E-01,  6.0922299999999999E-04,0
60,  5.0000000000000003E-02,15,  6.2500000000000000E-01,  4.3750000000000000E-01,5,  1.2157812539303119E-01,112,3,494,494,0,  9.8229721887582755E-01,  9.8799999999999999E-01,  9.8799999999999999E-01,  9.8514035644130016E-01,  2.7088555800000003E-01,  5.8190499999999997E-04,0
61,  5.0000000000000003E-02,15,  6.2500000000000000E-01,  6.2500000000000000E-01,1,  1.2157812539303119E-01,112,3,494,494,0,  9.8229721887582755E-01,  9.8799999999999999E-01,  9.8799999999999999E-01,  9.8514035644130016E-01,  2.6866422000000001E-01,  5.5284799999999999E-04,0
62,  5.0000000000000003E-02,15,  6.2500000000000000E-01,  6.2500000000000000E-01,2,  1.2157812539303119E-01,112,3,494,494,0,  9.8229721887582755E-01,  9.8799999999999999E-01,  9.8799999999999999E-01,  9.8514035644130016E-01,  2.6964456100000000E-01,  5.5203999999999995E-04,0
63,  5.0000000000000003E-02,15,  6.2500000000000000E-01,  6.2500000000000000E-01,3,  1.2157812539303119E-01,112,3,494,494,0,  9.8229721887582755E-01,  9.8799999999999999E-01,  9.8799999999999999E-01,  9.8514035644130016E-01,  2.7281897599999999E-01,  5.4958600000000002E-04,0
64,  5.0000000000000003E-02,15,  6.2500000000000000E-01,  6.2500000000000000E-01,4,  1.2157812539303119E-01,112,3,494,494,0,  9.8229721887582755E-01,  9.8799999999999999E-01,  9.8799999999999999E-01,  9.8514035644130016E-01,  2.6860799499999999E-01,  5.6264599999999998E-04,0
65,  5.0000000000000003E-02,15,  6.2500000000000000E-01,  6.2500000000000000E-01,5,  1.2157812539303119E-01,112,3,494,494,0,  9.8229721887582755E-01,  9.8799999999999999E-01,  9.8799999999999999E-01,  9.8514035644130016E-01,  2.7973236299999998E-01,  5.5887099999999996E-04,0
66,  5.0000000000000003E-02,15,  6.2500000000000000E-01,  8.1250000000000000E-01,1,  1.2157812539303119E-01,112,3,494,494,0,  9.8229721887582755E-01,  9.8799999999999999E-01,  9.8799999999999999E-01,  9.8514035644130016E-01,  2.7328504199999998E-01,  5.2382899999999996E-04,0
67,  5.0000000000000003E-02,15,  6.2500000000000000E-01,  8.1250000000000000E-01,2,  1.2157812539303119E-01,112,3,494,494,0,  9.8229721887582755E-01,  9.8799999999999999E-01,  9.8799999999999999E-01,  9.8514035644130016E-01,  2.7476362199999999E-01,  5.8503299999999999E-04,0
68,  5.0000000000000003E-02,15,  6.2500000000000000E-01,  8.1250000000000000E-01,3,  1.2157812539303119E-01,112,3,494,494,0,  9.8229721887582755E-01,  9.8799999999999999E-01,  9.8799999999999999E-01,  9.8514035644130016E-01,  2.7170017099999999E-01,  6.4570700000000003E-04,0
69,  5.0000000000000003E-02,15,  6.2500000000000000E-01,  8.1250000000000000E-01,4,  1.2157812539303119E-01,112,3,494,494,0,  9.8229721887582755E-01,  9.8799999999999999E-01,  9.8799999999999999E-01,  9.8514035644130016E-01,  2.7273733500000003E-01,  5.9511199999999996E-04,0
70,  5.0000000000000003E-02,15,  6.2500000000000000E-01,  8.1250000000000000E-01,5,  1.2157812539303119E-01,112,3,494,494,0,  9.8229721887582755E-01,  9.8799999999999999E-01,  9.8799999999999999E-01,  9.8514035644130016E-01,  2.6936002300000000E-01,  5.5111400000000001E-04,0
71,  5.0000000000000003E-02,15,  6.2500000000000000E-01,  1.0000000000000000E+00,1,  1.2157812539303119E-01,112,3,494,494,0,  9.8229721887582755E-01,  9.8799999999999999E-01,  9.8799999999999999E-01,  9.8514035644130016E-01,  2.6987265900000001E-01,  6.0536100000000001E-04,0
72,  5.0000000000000003E-02,15,  6.2500000000000000E-01,  1.0000000000000000E+00,2,  1.2157812539303119E-01,112,3,494,494,0,  9.8229721887582755E-01,  9.8799999999999999E-01,  9.8799999999999999E-01,  9.8514035644130016E-01,  2.7296707999999997E-01,  5.8603599999999996E-04,0
73,  5.0000000000000003E-02,15,  6.2500000000000000E-01,  1.0000000000000000E+00,3,  1.2157812539303119E-01,112,3,494,494,0,  9.8229721887582755E-01,  9.8799999999999999E-01,  9.8799999999999999E-01,  9.8514035644130016E-01,  2.8283930400000001E-01,  5.9654000000000000E-04,0
74,  5.0000000000000003E-02,15,  6.2500000000000000E-01,  1.0000000000000000E+00,4,  1.2157812539303119E-01,112,3,494,494,0,  9.8229721887582755E-01,  9.8799999999999999E-01,  9.8799999999999999E-01,  9.8514035644130016E-01,  2.8290073799999998E-01,  5.6572700000000003E-04,0
75,  5.0000000000000003E-02,15,  6.2500000000000000E-01,  1.0000000000000000E+00,5,  1.2157812539303119E-01,112,3,494,494,0,  9.8229721887582755E-01,  9.8799999999999999E-01,  9.8799999999999999E-01,  9.8514035644130016E-01,  2.7604062299999998E-01,  5.2299400000000004E-04,0
76,  5.0000000000000003E-02,15,  8.1250000000000000E-01,  2.5000000000000000E-01,1,  1.2157812539303119E-01,112,2,497,497,0,  9.9267787461189594E-01,  9.9399999999999999E-01,  9.9399999999999999E-01,  9.9333849737163238E-01,  3.1833651200000002E-01,  6.7550499999999996E-04,0
77,  5.0000000000000003E-02,15,  8.1250000000000000E-01,  2.5000000000000000E-01,2,  1.2157812539303119E-01,112,5,500,497,3,  9.5298734497878124E-01,  1.0000000000000000E+00,  9.9399999999999999E-01,  9.7592782403731881E-01,  3.1566306700000002E-01,  7.6442000000000003E-04,0
78,  5.0000000000000003E-02,15,  8.1250000000000000E-01,  2.5000000000000000E-01,3,  1.2157812539303119E-01,112,5,500,497,3,  9.5298734497878124E-01,  1.0000000000000000E+00,  9.9399999999999999E-01,  9.7592782403731881E-01,  3.1459881200000001E-01,  5.4493900000000004E-04,0
79,  5.0000000000000003E-02,15,  8.1250000000000000E-01,  2.5000000000000000E-01,4,  1.2157812539303119E-01,112,5,500,497,3,  9.5298734497878124E-01,  1.0000000000000000E+00,  9.9399999999999999E-01,  9.7592782403731881E-01,  3.2099747000000001E-01,  6.2122499999999999E-04,0
80,  5.0000000000000003E-02,15,  8.1250000000000000E-01,  2.5000000000000000E-01,5,  1.2157812539303119E-01,112,5,500,497,3,  9.5298734497878124E-01,  1.0000000000000000E+00,  9.9399999999999999E-01,  9.7592782403731881E-01,  3.1275017999999999E-01,  5.6621199999999997E-04,0
81,  5.0000000000000003E-02,15,  8.1250000000000000E-01,  4.3750000000000000E-01,1,  1.2157812539303119E-01,112,2,497,497,0,  9.9267787461189594E-01,  9.9399999999999999E-01,  9.9399999999999999E-01,  9.9333849737163238E-01,  3.1610982799999998E-01,  5.5623599999999999E-04,0
82,  5.0000000000000003E-02,15,  8.1250000000000000E-01,  4.3750000000000000E-01,2,  1.2157812539303119E-01,112,4,499,497,2,  9.6956095672776532E-01,  9.9800000000000000E-01,  9.9399999999999999E-01,  9.8357494999652140E-01,  3.2233211800000000E-01,  6.5484500000000004E-04,0
83,  5.0000000000000003E-02,15,  8.1250000000000000E-01,  4.3750000000000000E-01,3,  1.2157812539303119E-01,112,4,499,497,2,  9.6956095672776532E-01,  9.9800000000000000E-01,  9.9399999999999999E-01,  9.8357494999652140E-01,  3.1576826000000002E-01,  5.6786800000000002E-04,0
84,  5.0000000000000003E-02,15,  8.1250000000000000E-01,  4.3750000000000000E-01,4,  1.2157812539303119E-01,112,4,499,497,2,  9.6956095672776532E-01,  9.9800000000000000E-01,  9.9399999999999999E-01,  9.8357494999652140E-01,  3.1578415300000001E-01,  5.8684099999999995E-04,0
85,  5.0000000000000003E-02,15,  8.1250000000000000E-01,  4.3750000000000000E-01,5,  1.2157812539303119E-01,112,4,499,497,2,  9.6956095672776532E-01,  9.9800000000000000E-01,  9.9399999999999999E-01,  9.8357494999652140E-01,  3.1996704900000000E-01,  5.8110699999999998E-04,0
86,  5.0000000000000003E-02,15,  8.1250000000000000E-01,  6.2500000000000000E-01,1,  1.2157812539303119E-01,112,2,497,497,0,  9.9267787461189594E-01,  9.9399999999999999E-01,  9.9399999999999999E-01,  9.9333849737163238E-01,  3.1641799300000001E-01,  6.6832500000000000E-04,0
87,  5.0000000000000003E-02,15,  8.1250000000000000E-01,  6.2500000000000000E-01,2,  1.2157812539303119E-01,112,4,499,497,2,  9.6956095672776532E-01,  9.9800000000000000E-01,  9.9399999999999999E-01,  9.8357494999652140E-01,  3.1916000400000000E-01,  6.1726700000000001E-04,0
88,  5.0000000000000003E-02,15,  8.1250000000000000E-01,  6.2500000000000000E-01,3,  1.2157812539303119E-01,112,4,499,497,2,  9.6956095672776532E-01,  9.9800000000000000E-01,  9.9399999999999999E-01,  9.8357494999652140E-01,  3.1938096900000001E-01,  5.8947899999999996E-04,0
89,  5.0000000000000003E-02,15,  8.1250000000000000E-01,  6.2500000000000000E-01,4,  1.2157812539303119E-01,112,4,499,497,2,  9.6956095672776532E-01,  9.9800000000000000E-01,  9.9399999999999999E-01,  9.8357494999652140E-01,  3.3588431699999999E-01,  6.0689100000000003E-04,0
90,  5.0000000000000003E-02,15,  8.1250000000000000E-01,  6.2500000000000000E-01,5,  1.2157812539303119E-01,112,4,499,497,2,  9.6956095672776532E-01,  9.9800000000000000E-01,  9.9399999999999999E-01,  9.8357494999652140E-01,  3.3533678500000003E-01,  5.7614700000000005E-04,0
91,  5.0000000000000003E-02,15,  8.1250000000000000E-01,  8.1250000000000000E-01,1,  1.2157812539303119E-01,112,2,498,498,0,  9.9293988086014739E-01,  9.9600000000000000E-01,  9.9600000000000000E-01,  9.9446758632946963E-01,  3.4466342599999999E-01,  5.7506500000000004E-04,0
92,  5.0000000000000003E-02,15,  8.1250000000000000E-01,  8.1250000000000000E-01,2,  1.2157812539303119E-01,112,3,499,498,1,  9.8511287399701120E-01,  9.9800000000000000E-01,  9.9600000000000000E-01,  9.9151456393651438E-01,  3.3536776400000001E-01,  6.0025699999999998E-04,0
93,  5.0000000000000003E-02,15,  8.1250000000000000E-01,  8.1250000000000000E-01,3,  1.2157812539303119E-01,112,3,499,498,1,  9.8511287399701120E-01,  9.9800000000000000E-01,  9.9600000000000000E-01,  9.9151456393651438E-01,  3.1649746800000000E-01,  5.6466999999999997E-04,0
94,  5.0000000000000003E-02,15,  8.1250000000000000E-01,  8.1250000000000000E-01,4,  1.2157812539303119E-01,112,3,499,498,1,  9.8511287399701120E-01,  9.9800000000000000E-01,  9.9600000000000000E-01,  9.9151456393651438E-01,  3.1784031400000001E-01,  6.0704499999999996E-04,0
95,  5.0000000000000003E-02,15,  8.1250000000000000E-01,  8.1250000000000000E-01,5,  1.2157812539303119E-01,112,3,499,498,1,  9.8511287399701120E-01,  9.9800000000000000E-01,  9.9600000000000000E-01,  9.9151456393651438E-01,  3.1354462999999999E-01,  5.5038600000000004E-04,0
96,  5.0000000000000003E-02,15,  8.1250000000000000E-01,  1.0000000000000000E+00,1,  1.2157812539303119E-01,112,2,498,498,0,  9.9293988086014739E-01,  9.9600000000000000E-01,  9.9600000000000000E-01,  9.9446758632946963E-01,  3.2096190699999999E-01,  6.8811100000000004E-04,0
97,  5.0000000000000003E-02,15,  8.1250000000000000E-01,  1.0000000000000000E+00,2,  1.2157812539303119E-01,112,3,499,498,1,  9.8511287399701120E-01,  9.9800000000000000E-01,  9.9600000000000000E-01,  9.9151456393651438E-01,  3.2524589199999998E-01,  6.1842600000000005E-04,0
98,  5.0000000000000003E-02,15,  8.1250000000000000E-01,  1.0000000000000000E+00,3,  1.2157812539303119E-01,112,3,499,498,1,  9.8511287399701120E-01,  9.9800000000000000E-01,  9.9600000000000000E-01,  9.9151456393651438E-01,  3.2375302400000000E-01,  5.7335199999999995E-04,0
99,  5.0000000000000003E-02,15,  8.1250000000000000E-01,  1.0000000000000000E+00,4,  1.2157812539303119E-01,112,3,499,498,1,  9.8511287399701120E-01,  9.9800000000000000E-01,  9.9600000000000000E-01,  9.9151456393651438E-01,  3.1787515000000000E-01,  5.4634400000000004E-04,0
100,  5.0000000000000003E-02,15,  8.1250000000000000E-01,  1.0000000000000000E+00,5,  1.2157812539303119E-01,112,3,499,498,1,  9.8511287399701120E-01,  9.9800000000000000E-01,  9.9600000000000000E-01,  9.9151456393651438E-01,  3.1598083300000002E-01,  5.7799800000000003E-04,0
101,  5.0000000000000003E-02,15,  1.0000000000000000E+00,  2.5000000000000000E-01,1,  1.2157812539303119E-01,112,2,496,496,0,  9.9064376151697087E-01,  9.9199999999999999E-01,  9.9199999999999999E-01,  9.9132141688724984E-01,  3.3722698299999998E-01,  6.1560000000000000E-04,0
102,  5.0000000000000003E-02,15,  1.0000000000000000E+00,  2.5000000000000000E-01,2,  1.2157812539303119E-01,112,8,502,496,6,  8.9853929830916579E-01,  1.0040000000000000E+00,  9.9199999999999999E-01,  9.4834672409043108E-01,  3.5038397900000001E-01,  1.0435030000000001E-03,0
103,  5.0000000000000003E-02,15,  1.0000000000000000E+00,  2.5000000000000000E-01,3,  1.2157812539303119E-01,112,8,502,496,6,  8.9853929830916579E-01,  1.0040000000000000E+00,  9.9199999999999999E-01,  9.4834672409043108E-01,  3.4152757500000003E-01,  5.8207599999999995E-04,0
104,  5.0000000000000003E-02,15,  1.0000000000000000E+00,  2.5000000000000000E-01,4,  1.2157812539303119E-01,112,8,502,496,6,  8.9853929830916579E-01,  1.0040000000000000E+00,  9.9199999999999999E-01,  9.4834672409043108E-01,  3.3656518400000002E-01,  6.0997500000000001E-04,0
105,  5.0000000000000003E-02,15,  1.0000000000000000E+00,  2.5000000000000000E-01,5,  1.2157812539303119E-01,112,8,502,496,6,  8.9853929830916579E-01,  1.0040000000000000E+00,  9.9199999999999999E-01,  9.4834672409043108E-01,  3.3264570500000001E-01,  5.4433300000000003E-04,0
106,  5.0000000000000003E-02,15,  1.0000000000000000E+00,  4.3750000000000000E-01,1,  1.2157812539303119E-01,112,1,498,498,0,  9.9974905897114175E-01,  9.9600000000000000E-01,  9.9600000000000000E-01,  9.9787100814026297E-01,  3.5020544100000001E-01,  5.7869099999999999E-04,0
107,  5.0000000000000003E-02,15,  1.0000000000000000E+00,  4.3750000000000000E-01,2,  1.2157812539303119E-01,112,3,500,498,2,  9.7823428711176330E-01,  1.0000000000000000E+00,  9.9600000000000000E-01,  9.8899740388181479E-01,  3.5916574099999998E-01,  5.5076500000000004E-04,0
108,  5.0000000000000003E-02,15,  1.0000000000000000E+00,  4.3750000000000000E-01,3,  1.2157812539303119E-01,112,3,500,498,2,  9.7823428711176330E-01,  1.0000000000000000E+00,  9.9600000000000000E-01,  9.8899740388181479E-01,  3.5572088600000001E-01,  6.3338900000000004E-04,0
109,  5.0000000000000003E-02,15,  1.0000000000000000E+00,  4.3750000000000000E-01,4,  1.2157812539303119E-01,112,3,500,498,2,  9.7823428711176330E-01,  1.0000000000000000E+00,  9.9600000000000000E-01,  9.8899740388181479E-01,  3.5346307900000001E-01,  5.4476399999999999E-04,0
110,  5.0000000000000003E-02,15,  1.0000000000000000E+00,  4.3750000000000000E-01,5,  1.2157812539303119E-01,112,3,500,498,2,  9.7823428711176330E-01,  1.0000000000000000E+00,  9.9600000000000000E-01,  9.8899740388181479E-01,  3.5318307999999998E-01,  5.6217099999999998E-04,0
111,  5.0000000000000003E-02,15,  1.0000000000000000E+00,  6.2500000000000000E-01,1,  1.2157812539303119E-01,112,1,498,498,0,  9.9974905897114175E-01,  9.9600000000000000E-01,  9.9600000000000000E-01,  9.9787100814026297E-01,  3.5489675599999998E-01,  6.0935500000000001E-04,0
112,  5.0000000000000003E-02,15,  1.0000000000000000E+00,  6.2500000000000000E-01,2,  1.2157812539303119E-01,112,3,500,498,2,  9.7823428711176330E-01,  1.0000000000000000E+00,  9.9600000000000000E-01,  9.8899740388181479E-01,  3.4841051000000001E-01,  5.7381800000000003E-04,0
113,  5.0000000000000003E-02,15,  1.0000000000000000E+00,  6.2500000000000000E-01,3,  1.2157812539303119E-01,112,3,500,498,2,  9.7823428711176330E-01,  1.0000000000000000E+00,  9.9600000000000000E-01,  9.8899740388181479E-01,  3.5083105599999997E-01,  5.2646400000000003E-04,0
114,  5.0000000000000003E-02,15,  1.0000000000000000E+00,  6.2500000000000000E-01,4,  1.2157812539303119E-01,112,3,500,498,2,  9.7823428711176330E-01,  1.0000000000000000E+00,  9.9600000000000000E-01,  9.8899740388181479E-01,  3.5688744300000003E-01,  5.6385699999999997E-04,0
115,  5.0000000000000003E-02,15,  1.0000000000000000E+00,  6.2500000000000000E-01,5,  1.2157812539303119E-01,112,3,500,498,2,  9.7823428711176330E-01,  1.0000000000000000E+00,  9.9600000000000000E-01,  9.8899740388181479E-01,  3.5462592599999998E-01,  6.1850999999999996E-04,0
116,  5.0000000000000003E-02,15,  1.0000000000000000E+00,  8.1250000000000000E-01,1,  1.2157812539303119E-01,112,1,498,498,0,  9.9974905897114175E-01,  9.9600000000000000E-01,  9.9600000000000000E-01,  9.9787100814026297E-01,  3.5208288100000001E-01,  6.5114999999999997E-04,0
117,  5.0000000000000003E-02,15,  1.0000000000000000E+00,  8.1250000000000000E-01,2,  1.2157812539303119E-01,112,3,500,498,2,  9.7823428711176330E-01,  1.0000000000000000E+00,  9.9600000000000000E-01,  9.8899740388181479E-01,  3.4902656799999998E-01,  5.3170099999999998E-04,0
118,  5.0000000000000003E-02,15,  1.0000000000000000E+00,  8.1250000000000000E-01,3,  1.2157812539303119E-01,112,3,500,498,2,  9.7823428711176330E-01,  1.0000000000000000E+00,  9.9600000000000000E-01,  9.8899740388181479E-01,  3.5369384100000001E-01,  6.0231100000000001E-04,0
119,  5.0000000000000003E-02,15,  1.0000000000000000E+00,  8.1250000000000000E-01,4,  1.2157812539303119E-01,112,3,500,498,2,  9.7823428711176330E-01,  1.0000000000000000E+00,  9.9600000000000000E-01,  9.8899740388181479E-01,  3.5396826700000000E-01,  5.8516700000000004E-04,0
120,  5.0000000000000003E-02,15,  1.0000000000000000E+00,  8.1250000000000000E-01,5,  1.2157812539303119E-01,112,3,500,498,2,  9.7823428711176330E-01,  1.0000000000000000E+00,  9.9600000000000000E-01,  9.8899740388181479E-01,  3.5114018299999999E-01,  5.5396099999999995E-04,0
121,  5.0000000000000003E-02,15,  1.0000000000000000E+00,  1.0000000000000000E+00,1,  1.2157812539303119E-01,112,1,499,499,0,  1.0000000000000000E+00,  9.9800000000000000E-01,  9.9800000000000000E-01,  9.9899899899899902E-01,  3.5240887599999998E-01,  6.3326099999999998E-04,0
122,  5.0000000000000003E-02,15,  1.0000000000000000E+00,  1.0000000000000000E+00,2,  1.2157812539303119E-01,112,2,500,499,1,  9.9403578528827041E-01,  1.0000000000000000E+00,  9.9800000000000000E-01,  9.9700897308075775E-01,  3.5133846400000002E-01,  5.9053100000000004E-04,0
123,  5.0000000000000003E-02,15,  1.0000000000000000E+00,  1.0000000000000000E+00,3,  1.2157812539303119E-01,112,2,500,499,1,  9.9403578528827041E-01,  1.0000000000000000E+00,  9.9800000000000000E-01,  9.9700897308075775E-01,  3.5755348999999997E-01,  6.0137500000000002E-04,0
124,  5.0000000000000003E-02,15,  1.0000000000000000E+00,  1.0000000000000000E+00,4,  1.2157812539303119E-01,112,2,500,499,1,  9.9403578528827041E-01,  1.0000000000000000E+00,  9.9800000000000000E-01,  9.9700897308075775E-01,  3.5386792400000000E-01,  5.5794299999999998E-04,0
125,  5.0000000000000003E-02,15,  1.0000000000000000E+00,  1.0000000000000000E+00,5,  1.2157812539303119E-01,112,2,500,499,1,  9.9403578528827041E-01,  1.0000000000000000E+00,  9.9800000000000000E-01,  9.9700897308075775E-01,  3.5659788900000000E-01,  5.4626100000000003E-04,0
126,  5.0000000000000003E-02,25,  2.5000000000000000E-01,  2.5000000000000000E-01,1,  1.2157812539303119E-01,84,18,458,458,0,  5.5705300303234240E-01,  9.1600000000000004E-01,  9.1600000000000004E-01,  6.9279319851659449E-01,  9.3360436000000005E-02,  5.5091600000000004E-04,0
127,  5.0000000000000003E-02,25,  2.5000000000000000E-01,  2.5000000000000000E-01,2,  1.2157812539303119E-01,84,23,463,458,5,  5.0847256050464062E-01,  9.2600000000000005E-01,  9.1600000000000004E-01,  6.5647207759994508E-01,  9.3589647999999998E-02,  5.4049199999999995E-04,0
128,  5.0000000000000003E-02,25,  2.5000000000000000E-01,  2.5000000000000000E-01,3,  1.2157812539303119E-01,84,24,465,458,7,  4.9278647069383219E-01,  9.3000000000000005E-01,  9.1600000000000004E-01,  6.4421672146175912E-01,  9.2572240000000000E-02,  5.4399400000000001E-04,0
129,  5.0000000000000003E-02,25,  2.5000000000000000E-01,  2.5000000000000000E-01,4,  1.2157812539303119E-01,84,27,474,458,16,  4.5059909718282976E-01,  9.4799999999999995E-01,  9.1600000000000004E-01,  6.1085116526924466E-01,  9.2110466000000002E-02,  5.4003299999999998E-04,0
130,  5.0000000000000003E-02,25,  2.5000000000000000E-01,  2.5000000000000000E-01,5,  1.2157812539303119E-01,84,29,482,458,24,  4.3181510324185968E-01,  9.6399999999999997E-01,  9.1600000000000004E-01,  5.9645401250974084E-01,  9.2953891999999996E-02,  6.0731700000000001E-04,0
131,  5.0000000000000003E-02,25,  2.5000000000000000E-01,  4.3750000000000000E-01,1,  1.2157812539303119E-01,84,18,458,458,0,  5.5705300303234240E-01,  9.1600000000000004E-01,  9.1600000000000004E-01,  6.9279319851659449E-01,  9.2186487999999997E-02,  5.0593000000000003E-04,0
132,  5.0000000000000003E-02,25,  2.5000000000000000E-01,  4.3750000000000000E-01,2,  1.2157812539303119E-01,84,23,463,458,5,  5.0847256050464062E-01,  9.2600000000000005E-01,  9.1600000000000004E-01,  6.5647207759994508E-01,  9.1990453000000000E-02,  5.7575599999999997E-04,0
133,  5.0000000000000003E-02,25,  2.5000000000000000E-01,  4.3750000000000000E-01,3,  1.2157812539303119E-01,84,24,465,458,7,  4.9278647069383219E-01,  9.3000000000000005E-01,  9.1600000000000004E-01,  6.4421672146175912E-01,  1.0342935700000000E-01,  5.6392300000000003E-04,0
134,  5.0000000000000003E-02,25,  2.5000000000000000E-01,  4.3750000000000000E-01,4,  1.2157812539303119E-01,84,27,474,458,16,  4.5059909718282976E-01,  9.4799999999999995E-01,  9.1600000000000004E-01,  6.1085116526924466E-01,  9.4997340999999999E-02,  5.7096000000000002E-04,0
135,  5.0000000000000003E-02,25,  2.5000000000000000E-01,  4.3750000000000000E-01,5,  1.2157812539303119E-01,84,29,482,458,24,  4.3181510324185968E-01,  9.6399999999999997E-01,  9.1600000000000004E-01,  5.9645401250974084E-01,  9.2152179000000001E-02,  5.6262900000000004E-04,0
136,  5.0000000000000003E-02,25,  2.5000000000000000E-01,  6.2500000000000000E-01,1,  1.2157812539303119E-01,84,18,458,458,0,  5.5705300303234240E-01,  9.1600000000000004E-01,  9.1600000000000004E-01,  6.9279319851659449E-01,  9.0797076000000004E-02,  5.1475900000000005E-04,0
137,  5.0000000000000003E-02,25,  2.5000000000000000E-01,  6.2500000000000000E-01,2,  1.2157812539303119E-01,84,23,463,458,5,  5.0847256050464062E-01,  9.2600000000000005E-01,  9.1600000000000004E-01,  6.5647207759994508E-01,  1.0765106900000000E-01,  5.3785300000000003E-04,0
138,  5.0000000000000003E-02,25,  2.5000000000000000E-01,  6.2500000000000000E-01,3,  1.2157812539303119E-01,84,24,465,458,7,  4.9278647069383219E-01,  9.3000000000000005E-01,  9.1600000000000004E-01,  6.4421672146175912E-01,  9.3327532000000005E-02,  5.7043700000000003E-04,0
139,  5.0000000000000003E-02,25,  2.5000000000000000E-01,  6.2500000000000000E-01,4,  1.2157812539303119E-01,84,27,474,458,16,  4.5059909718282976E-01,  9.4799999999999995E-01,  9.1600000000000004E-01,  6.1085116526924466E-01,  9.0533339000000004E-02,  5.8164000000000002E-04,0
140,  5.0000000000000003E-02,25,  2.5000000000000000E-01,  6.2500000000000000E-01,5,  1.2157812539303119E-01,84,29,482,458,24,  4.3181510324185968E-01,  9.6399999999999997E-01,  9.1600000000000004E-01,  5.9645401250974084E-01,  9.3767186000000002E-02,  5.6249700000000002E-04,0
141,  5.0000000000000003E-02,25,  2.5000000000000000E-01,  8.1250000000000000E-01,1,  1.2157812539303119E-01,84,18,458,458,0,  5.5705300303234240E-01,  9.1600000000000004E-01,  9.1600000000000004E-01,  6.9279319851659449E-01,  9.2869049999999995E-02,  5.5257300000000000E-04,0
142,  5.0000000000000003E-02,25,  2.5000000000000000E-01,  8.1250000000000000E-01,2,  1.2157812539303119E-01,84,23,463,458,5,  5.0847256050464062E-01,  9.2600000000000005E-01,  9.1600000000000004E-01,  6.5647207759994508E-01,  9.1972189999999995E-02,  5.4062499999999998E-04,0
143,  5.0000000000000003E-02,25,  2.5000000000000000E-01,  8.1250000000000000E-01,3,  1.2157812539303119E-01,84,24,465,458,7,  4.9278647069383219E-01,  9.3000000000000005E-01,  9.1600000000000004E-01,  6.4421672146175912E-01,  9.2777477999999997E-02,  5.1844700000000001E-04,0
144,  5.0000000000000003E-02,25,  2.5000000000000000E-01,  8.1250000000000000E-01,4,  1.2157812539303119E-01,84,27,474,458,16,  4.5059909718282976E-01,  9.4799999999999995E-01,  9.1600000000000004E-01,  6.1085116526924466E-01,  9.7264956000000000E-02,  5.6044199999999997E-04,0
145,  5.0000000000000003E-02,25,  2.5000000000000000E-01,  8.1250000000000000E-01,5,  1.2157812539303119E-01,84,29,482,458,24,  4.3181510324185968E-01,  9.6399999999999997E-01,  9.1600000000000004E-01,  5.9645401250974084E-01,  9.4271568000000000E-02,  5.6391700000000004E-04,0
146,  5.0000000000000003E-02,25,  2.5000000000000000E-01,  1.0000000000000000E+00,1,  1.2157812539303119E-01,84,18,458,458,0,  5.5705300303234240E-01,  9.1600000000000004E-01,  9.1600000000000004E-01,  6.9279319851659449E-01,  9.3885517000000002E-02,  5.6838600000000004E-04,0
147,  5.0000000000000003E-02,25,  2.5000000000000000E-01,  1.0000000000000000E+00,2,  1.2157812539303119E-01,84,23,463,458,5,  5.0847256050464062E-01,  9.2600000000000005E-01,  9.1600000000000004E-01,  6.5647207759994508E-01,  9.3049033000000003E-02,  5.8689099999999998E-04,0
148,  5.0000000000000003E-02,25,  2.5000000000000000E-01,  1.0000000000000000E+00,3,  1.2157812539303119E-01,84,24,465,458,7,  4.9278647069383219E-01,  9.3000000000000005E-01,  9.1600000000000004E-01,  6.4421672146175912E-01,  9.3867042999999997E-02,  5.9107400000000003E-04,0
149,  5.0000000000000003E-02,25,  2.5000000000000000E-01,  1.0000000000000000E+00,4,  1.2157812539303119E-01,84,27,474,458,16,  4.5059909718282976E-01,  9.4799999999999995E-01,  9.1600000000000004E-01,  6.1085116526924466E-01,  9.4387507999999995E-02,  5.6179600000000004E-04,0
150,  5.0000000000000003E-02,25,  2.5000000000000000E-01,  1.0000000000000000E+00,5,  1.2157812539303119E-01,84,29,482,458,24,  4.3181510324185968E-01,  9.6399999999999997E-01,  9.1600000000000004E-01,  5.9645401250974084E-01,  9.6658199000000000E-02,  5.9579700000000001E-04,0
151,  5.0000000000000003E-02,25,  4.3750000000000000E-01,  2.5000000000000000E-01,1,  1.2157812539303119E-01,84,7,495,495,0,  9.0871880711951714E-01,  9.8999999999999999E-01,  9.8999999999999999E-01,  9.4761964296664136E-01,  1.1394554699999999E-01,  5.2901399999999996E-04,0
152,  5.0000000000000003E-02,25,  4.3750000000000000E-01,  2.5000000000000000E-01,2,  1.2157812539303119E-01,84,9,497,495,2,  8.2133378645146171E-01,  9.9399999999999999E-01,  9.8999999999999999E-01,  8.9945528456078461E-01,  1.1310151600000000E-01,  5.5311599999999998E-04,0
153,  5.0000000000000003E-02,25,  4.3750000000000000E-01,  2.5000000000000000E-01,3,  1.2157812539303119E-01,84,10,499,495,4,  7.8288539239443833E-01,  9.9800000000000000E-01,  9.8999999999999999E-01,  8.7745076122966958E-01,  1.1544945400000001E-01,  6.2777899999999997E-04,0
154,  5.0000000000000003E-02,25,  4.3750000000000000E-01,  2.5000000000000000E-01,4,  1.2157812539303119E-01,84,10,499,495,4,  7.8288539239443833E-01,  9.9800000000000000E-01,  9.8999999999999999E-01,  8.7745076122966958E-01,  1.2280751900000000E-01,  5.9040199999999996E-04,0
155,  5.0000000000000003E-02,25,  4.3750000000000000E-01,  2.5000000000000000E-01,5,  1.2157812539303119E-01,84,11,503,495,8,  7.4104123891118889E-01,  1.0060000000000000E+00,  9.8999999999999999E-01,  8.5342860802675413E-01,  1.1488481900000000E-01,  5.7056700000000001E-04,0
156,  5.0000000000000003E-02,25,  4.3750000000000000E-01,  4.3750000000000000E-01,1,  1.2157812539303119E-01,84,7,495,495,0,  9.0871880711951714E-01,  9.8999999999999999E-01,  9.8999999999999999E-01,  9.4761964296664136E-01,  1.1354209000000000E-01,  5.2795800000000003E-04,0
157,  5.0000000000000003E-02,25,  4.3750000000000000E-01,  4.3750000000000000E-01,2,  1.2157812539303119E-01,84,9,497,495,2,  8.2133378645146171E-01,  9.9399999999999999E-01,  9.8999999999999999E-01,  8.9945528456078461E-01,  1.1400438600000000E-01,  5.5498300000000000E-04,0
158,  5.0000000000000003E-02,25,  4.3750000000000000E-01,  4.3750000000000000E-01,3,  1.2157812539303119E-01,84,10,499,495,4,  7.8288539239443833E-01,  9.9800000000000000E-01,  9.8999999999999999E-01,  8.7745076122966958E-01,  1.1437270400000001E-01,  5.2968500000000001E-04,0
159,  5.0000000000000003E-02,25,  4.3750000000000000E-01,  4.3750000000000000E-01,4,  1.2157812539303119E-01,84,10,499,495,4,  7.8288539239443833E-01,  9.9800000000000000E-01,  9.8999999999999999E-01,  8.7745076122966958E-01,  1.1423898100000000E-01,  5.3439199999999996E-04,0
160,  5.0000000000000003E-02,25,  4.3750000000000000E-01,  4.3750000000000000E-01,5,  1.2157812539303119E-01,84,11,503,495,8,  7.4104123891118889E-01,  1.0060000000000000E+00,  9.8999999999999999E-01,  8.5342860802675413E-01,  1.1289511500000000E-01,  5.5970100000000001E-04,0
161,  5.0000000000000003E-02,25,  4.3750000000000000E-01,  6.2500000000000000E-01,1,  1.2157812539303119E-01,84,7,495,495,0,  9.0871880711951714E-01,  9.8999999999999999E-01,  9.8999999999999999E-01,  9.4761964296664136E-01,  1.1638381900000000E-01,  5.5309800000000002E-04,0
162,  5.0000000000000003E-02,25,  4.3750000000000000E-01,  6.2500000000000000E-01,2,  1.2157812539303119E-01,84,9,497,495,2,  8.2133378645146171E-01,  9.9399999999999999E-01,  9.8999999999999999E-01,  8.9945528456078461E-01,  1.1309878399999999E-01,  5.3338900000000000E-04,0
163,  5.0000000000000003E-02,25,  4.3750000000000000E-01,  6.2500000000000000E-01,3,  1.2157812539303119E-01,84,10,499,495,4,  7.8288539239443833E-01,  9.9800000000000000E-01,  9.8999999999999999E-01,  8.7745076122966958E-01,  1.1485255599999999E-01,  6.3989299999999999E-04,0
164,  5.0000000000000003E-02,25,  4.3750000000000000E-01,  6.2500000000000000E-01,4,  1.2157812539303119E-01,84,10,499,495,4,  7.8288539239443833E-01,  9.9800000000000000E-01,  9.8999999999999999E-01,  8.7745076122966958E-01,  1.1267569900000000E-01,  5.8561900000000000E-04,0
165,  5.0000000000000003E-02,25,  4.3750000000000000E-01,  6.2500000000000000E-01,5,  1.2157812539303119E-01,84,11,503,495,8,  7.4104123891118889E-01,  1.0060000000000000E+00,  9.8999999999999999E-01,  8.5342860802675413E-01,  1.1459674100000000E-01,  5.3499699999999995E-04,0
166,  5.0000000000000003E-02,25,  4.3750000000000000E-01,  8.1250000000000000E-01,1,  1.2157812539303119E-01,84,7,495,495,0,  9.0871880711951714E-01,  9.8999999999999999E-01,  9.8999999999999999E-01,  9.4761964296664136E-01,  1.1343909100000001E-01,  5.2973099999999997E-04,0
167,  5.0000000000000003E-02,25,  4.3750000000000000E-01,  8.1250000000000000E-01,2,  1.2157812539303119E-01,84,9,497,495,2,  8.2133378645146171E-01,  9.9399999999999999E-01,  9.8999999999999999E-01,  8.9945528456078461E-01,  1.1270081699999999E-01,  5.2716400000000000E-04,0
168,  5.0000000000000003E-02,25,  4.3750000000000000E-01,  8.1250000000000000E-01,3,  1.2157812539303119E-01,84,10,499,495,4,  7.8288539239443833E-01,  9.9800000000000000E-01,  9.8999999999999999E-01,  8.7745076122966958E-01,  1.1437084800000000E-01,  5.6053299999999999E-04,0
169,  5.0000000000000003E-02,25,  4.3750000000000000E-01,  8.1250000000000000E-01,4,  1.2157812539303119E-01,84,10,499,495,4,  7.8288539239443833E-01,  9.9800000000000000E-01,  9.8999999999999999E-01,  8.7745076122966958E-01,  1.1607082800000000E-01,  5.7126300000000002E-04,0
170,  5.0000000000000003E-02,25,  4.3750000000000000E-01,  8.1250000000000000E-01,5,  1.2157812539303119E-01,84,11,503,495,8,  7.4104123891118889E-01,  1.0060000000000000E+00,  9.8999999999999999E-01,  8.5342860802675413E-01,  1.1464326599999999E-01,  7.2669200000000003E-04,0
171,  5.0000000000000003E-02,25,  4.3750000000000000E-01,  1.0000000000000000E+00,1,  1.2157812539303119E-01,84,7,495,495,0,  9.0871880711951714E-01,  9.8999999999999999E-01,  9.8999999999999999E-01,  9.4761964296664136E-01,  1.2116499800000000E-01,  8.0995800000000005E-04,0
172,  5.0000000000000003E-02,25,  4.3750000000000000E-01,  1.0000000000000000E+00,2,  1.2157812539303119E-01,84,9,497,495,2,  8.2133378645146171E-01,  9.9399999999999999E-01,  9.8999999999999999E-01,  8.9945528456078461E-01,  1.1373172300000001E-01,  5.6925900000000002E-04,0
173,  5.0000000000000003E-02,25,  4.3750000000000000E-01,  1.0000000000000000E+00,3,  1.2157812539303119E-01,84,10,499,495,4,  7.8288539239443833E-01,  9.9800000000000000E-01,  9.8999999999999999E-01,  8.7745076122966958E-01,  1.1660008800000000E-01,  5.7397399999999999E-04,0
174,  5.0000000000000003E-02,25,  4.3750000000000000E-01,  1.0000000000000000E+00,4,  1.2157812539303119E-01,84,10,499,495,4,  7.8288539239443833E-01,  9.9800000000000000E-01,  9.8999999999999999E-01,  8.7745076122966958E-01,  1.1331464300000001E-01,  5.8638300000000000E-04,0
175,  5.0000000000000003E-02,25,  4.3750000000000000E-01,  1.0000000000000000E+00,5,  1.2157812539303119E-01,84,11,503,495,8,  7.4104123891118889E-01,  1.0060000000000000E+00,  9.8999999999999999E-01,  8.5342860802675413E-01,  1.1220818800000000E-01,  6.8848900000000003E-04,0
176,  5.0000000000000003E-02,25,  6.2500000000000000E-01,  2.5000000000000000E-01,1,  1.2157812539303119E-01,84,2,497,497,0,  9.9096632874548451E-01,  9.9399999999999999E-01,  9.9399999999999999E-01,  9.9248084615677368E-01,  2.0641737700000001E-01,  5.3197900000000002E-04,0
177,  5.0000000000000003E-02,25,  6.2500000000000000E-01,  2.5000000000000000E-01,2,  1.2157812539303119E-01,84,3,498,497,1,  9.7863461718126221E-01,  9.9600000000000000E-01,  9.9399999999999999E-01,  9.8724095104128573E-01,  2.0498019800000000E-01,  5.5858299999999997E-04,0
178,  5.0000000000000003E-02,25,  6.2500000000000000E-01,  2.5000000000000000E-01,3,  1.2157812539303119E-01,84,3,498,497,1,  9.7863461718126221E-01,  9.9600000000000000E-01,  9.9399999999999999E-01,  9.8724095104128573E-01,  1.9868056800000000E-01,  5.4915800000000000E-04,0
179,  5.0000000000000003E-02,25,  6.2500000000000000E-01,  2.5000000000000000E-01,4,  1.2157812539303119E-01,84,4,501,497,4,  9.6012848571524589E-01,  1.0020000000000000E+00,  9.9399999999999999E-01,  9.8061747708227687E-01,  2.0240453600000000E-01,  5.7930199999999996E-04,0
180,  5.0000000000000003E-02,25,  6.2500000000000000E-01,  2.5000000000000000E-01,5,  1.2157812539303119E-01,84,4,501,497,4,  9.6012848571524589E-01,  1.0020000000000000E+00,  9.9399999999999999E-01,  9.8061747708227687E-01,  2.0474872399999999E-01,  5.5503300000000002E-04,0
181,  5.0000000000000003E-02,25,  6.2500000000000000E-01,  4.3750000000000000E-01,1,  1.2157812539303119E-01,84,2,497,497,0,  9.9096632874548451E-01,  9.9399999999999999E-01,  9.9399999999999999E-01,  9.9248084615677368E-01,  2.0213931099999999E-01,  5.3462799999999999E-04,0
182,  5.0000000000000003E-02,25,  6.2500000000000000E-01,  4.3750000000000000E-01,2,  1.2157812539303119E-01,84,3,498,497,1,  9.7863461718126221E-01,  9.9600000000000000E-01,  9.9399999999999999E-01,  9.8724095104128573E-01,  2.0577830300000000E-01,  5.3849900000000001E-04,0
183,  5.0000000000000003E-02,25,  6.2500000000000000E-01,  4.3750000000000000E-01,3,  1.2157812539303119E-01,84,3,498,497,1,  9.7863461718126221E-01,  9.9600000000000000E-01,  9.9399999999999999E-01,  9.8724095104128573E-01,  2.0437157700000000E-01,  5.7904899999999999E-04,0
184,  5.0000000000000003E-02,25,  6.2500000000000000E-01,  4.3750000000000000E-01,4,  1.2157812539303119E-01,84,4,501,497,4,  9.6012848571524589E-01,  1.0020000000000000E+00,  9.9399999999999999E-01,  9.8061747708227687E-01,  2.0050821599999999E-01,  5.4011700000000001E-04,0
185,  5.0000000000000003E-02,25,  6.2500000000000000E-01,  4.3750000000000000E-01,5,  1.2157812539303119E-01,84,4,501,497,4,  9.6012848571524589E-01,  1.0020000000000000E+00,  9.9399999999999999E-01,  9.8061747708227687E-01,  2.3338565600000000E-01,  5.5262300000000002E-04,0
186,  5.0000000000000003E-02,25,  6.2500000000000000E-01,  6.2500000000000000E-01,1,  1.2157812539303119E-01,84,2,497,497,0,  9.9096632874548451E-01,  9.9399999999999999E-01,  9.9399999999999999E-01,  9.9248084615677368E-01,  2.2005858000000000E-01,  7.3826100000000004E-04,0
187,  5.0000000000000003E-02,25,  6.2500000000000000E-01,  6.2500000000000000E-01,2,  1.2157812539303119E-01,84,3,498,497,1,  9.7863461718126221E-01,  9.9600000000000000E-01,  9.9399999999999999E-01,  9.8724095104128573E-01,  2.3450078899999999E-01,  7.8487900000000005E-04,0
188,  5.0000000000000003E-02,25,  6.2500000000000000E-01,  6.2500000000000000E-01,3,  1.2157812539303119E-01,84,3,498,497,1,  9.7863461718126221E-01,  9.9600000000000000E-01,  9.9399999999999999E-01,  9.8724095104128573E-01,  2.4066522700000001E-01,  6.8160499999999995E-04,0
189,  5.0000000000000003E-02,25,  6.2500000000000000E-01,  6.2500000000000000E-01,4,  1.2157812539303119E-01,84,4,501,497,4,  9.6012848571524589E-01,  1.0020000000000000E+00,  9.9399999999999999E-01,  9.8061747708227687E-01,  2.1251750100000000E-01,  6.0083499999999998E-04,0
190,  5.0000000000000003E-02,25,  6.2500000000000000E-01,  6.2500000000000000E-01,5,  1.2157812539303119E-01,84,4,501,497,4,  9.6012848571524589E-01,  1.0020000000000000E+00,  9.9399999999999999E-01,  9.8061747708227687E-01,  2.1443717900000001E-01,  6.3844100000000001E-04,0
191,  5.0000000000000003E-02,25,  6.2500000000000000E-01,  8.1250000000000000E-01,1,  1.2157812539303119E-01,84,2,497,497,0,  9.9096632874548451E-01,  9.9399999999999999E-01,  9.9399999999999999E-01,  9.9248084615677368E-01,  2.1540724100000000E-01,  5.4561400000000004E-04,0
192,  5.0000000000000003E-02,25,  6.2500000000000000E-01,  8.1250000000000000E-01,2,  1.2157812539303119E-01,84,3,498,497,1,  9.7863461718126221E-01,  9.9600000000000000E-01,  9.9399999999999999E-01,  9.8724095104128573E-01,  2.0639780299999999E-01,  5.9052499999999995E-04,0
193,  5.0000000000000003E-02,25,  6.2500000000000000E-01,  8.1250000000000000E-01,3,  1.2157812539303119E-01,84,3,498,497,1,  9.7863461718126221E-01,  9.9600000000000000E-01,  9.9399999999999999E-01,  9.8724095104128573E-01,  2.0109235300000000E-01,  6.2942700000000000E-04,0
194,  5.0000000000000003E-02,25,  6.2500000000000000E-01,  8.1250000000000000E-01,4,  1.2157812539303119E-01,84,4,501,497,4,  9.6012848571524589E-01,  1.0020000000000000E+00,  9.9399999999999999E-01,  9.8061747708227687E-01,  2.1005779599999999E-01,  5.3426799999999996E-04,0
195,  5.0000000000000003E-02,25,  6.2500000000000000E-01,  8.1250000000000000E-01,5,  1.2157812539303119E-01,84,4,501,497,4,  9.6012848571524589E-01,  1.0020000000000000E+00,  9.9399999999999999E-01,  9.8061747708227687E-01,  2.0475488600000000E-01,  5.6475600000000003E-04,0
196,  5.0000000000000003E-02,25,  6.2500000000000000E-01,  1.0000000000000000E+00,1,  1.2157812539303119E-01,84,2,497,497,0,  9.9096632874548451E-01,  9.9399999999999999E-01,  9.9399999999999999E-01,  9.9248084615677368E-01,  2.0484984800000000E-01,  5.9957999999999995E-04,0
197,  5.0000000000000003E-02,25,  6.2500000000000000E-01,  1.0000000000000000E+00,2,  1.2157812539303119E-01,84,3,498,497,1,  9.7863461718126221E-01,  9.9600000000000000E-01,  9.9399999999999999E-01,  9.8724095104128573E-01,  2.0782204900000001E-01,  5.8920200000000004E-04,0
198,  5.0000000000000003E-02,25,  6.2500000000000000E-01,  1.0000000000000000E+00,3,  1.2157812539303119E-01,84,3,498,497,1,  9.7863461718126221E-01,  9.9600000000000000E-01,  9.9399999999999999E-01,  9.8724095104128573E-01,  2.1030749900000001E-01,  7.1721600000000001E-04,0
199,  5.0000000000000003E-02,25,  6.2500000000000000E-01,  1.0000000000000000E+00,4,  1.2157812539303119E-01,84,4,501,497,4,  9.6012848571524589E-01,  1.0020000000000000E+00,  9.9399999999999999E-01,  9.8061747708227687E-01,  2.4625953600000000E-01,  5.8345100000000002E-04,0
200,  5.0000000000000003E-02,25,  6.2500000000000000E-01,  1.0000000000000000E+00,5,  1.2157812539303119E-01,84,4,501,497,4,  9.6012848571524589E-01,  1.0020000000000000E+00,  9.9399999999999999E-01,  9.8061747708227687E-01,  2.2594148600000000E-01,  5.6296000000000004E-04,0
201,  5.0000000000000003E-02,25,  8.1250000000000000E-01,  2.5000000000000000E-01,1,  1.2157812539303119E-01,84,1,497,497,0,  9.9944714517788846E-01,  9.9399999999999999E-01,  9.9399999999999999E-01,  9.9671613035736539E-01,  2.3414630000000000E-01,  5.2475500000000001E-04,0
202,  5.0000000000000003E-02,25,  8.1250000000000000E-01,  2.5000000000000000E-01,2,  1.2157812539303119E-01,84,3,499,497,2,  9.7599154517928699E-01,  9.9800000000000000E-01,  9.9399999999999999E-01,  9.8687308409972108E-01,  2.3928614300000001E-01,  5.4532300000000001E-04,0
203,  5.0000000000000003E-02,25,  8.1250000000000000E-01,  2.5000000000000000E-01,3,  1.2157812539303119E-01,84,3,499,497,2,  9.7599154517928699E-01,  9.9800000000000000E-01,  9.9399999999999999E-01,  9.8687308409972108E-01,  2.3234247699999999E-01,  5.4516700000000005E-04,0
204,  5.0000000000000003E-02,25,  8.1250000000000000E-01,  2.5000000000000000E-01,4,  1.2157812539303119E-01,84,3,499,497,2,  9.7599154517928699E-01,  9.9800000000000000E-01,  9.9399999999999999E-01,  9.8687308409972108E-01,  2.2963840899999999E-01,  5.6490499999999999E-04,0
205,  5.0000000000000003E-02,25,  8.1250000000000000E-01,  2.5000000000000000E-01,5,  1.2157812539303119E-01,84,3,499,497,2,  9.7599154517928699E-01,  9.9800000000000000E-01,  9.9399999999999999E-01,  9.8687308409972108E-01,  2.3218629299999999E-01,  5.4510400000000003E-04,0
206,  5.0000000000000003E-02,25,  8.1250000000000000E-01,  4.3750000000000000E-01,1,  1.2157812539303119E-01,84,1,497,497,0,  9.9944714517788846E-01,  9.9399999999999999E-01,  9.9399999999999999E-01,  9.9671613035736539E-01,  2.3899695100000001E-01,  6.0786599999999998E-04,0
207,  5.0000000000000003E-02,25,  8.1250000000000000E-01,  4.3750000000000000E-01,2,  1.2157812539303119E-01,84,3,499,497,2,  9.7599154517928699E-01,  9.9800000000000000E-01,  9.9399999999999999E-01,  9.8687308409972108E-01,  2.3800532999999999E-01,  5.2334699999999996E-04,0
208,  5.0000000000000003E-02,25,  8.1250000000000000E-01,  4.3750000000000000E-01,3,  1.2157812539303119E-01,84,3,499,497,2,  9.7599154517928699E-01,  9.9800000000000000E-01,  9.9399999999999999E-01,  9.8687308409972108E-01,  2.3576247900000000E-01,  5.9879499999999995E-04,0
209,  5.0000000000000003E-02,25,  8.1250000000000000E-01,  4.3750000000000000E-01,4,  1.2157812539303119E-01,84,3,499,497,2,  9.7599154517928699E-01,  9.9800000000000000E-01,  9.9399999999999999E-01,  9.8687308409972108E-01,  2.3211461100000000E-01,  5.5217799999999996E-04,0
210,  5.0000000000000003E-02,25,  8.1250000000000000E-01,  4.3750000000000000E-01,5,  1.2157812539303119E-01,84,3,499,497,2,  9.7599154517928699E-01,  9.9800000000000000E-01,  9.9399999999999999E-01,  9.8687308409972108E-01,  2.3213267700000001E-01,  5.2786399999999996E-04,0
211,  5.0000000000000003E-02,25,  8.1250000000000000E-01,  6.2500000000000000E-01,1,  1.2157812539303119E-01,84,1,497,497,0,  9.9944714517788846E-01,  9.9399999999999999E-01,  9.9399999999999999E-01,  9.9671613035736539E-01,  2.3067614400000000E-01,  6.4868100000000002E-04,0
212,  5.0000000000000003E-02,25,  8.1250000000000000E-01,  6.2500000000000000E-01,2,  1.2157812539303119E-01,84,3,499,497,2,  9.7599154517928699E-01,  9.9800000000000000E-01,  9.9399999999999999E-01,  9.8687308409972108E-01,  2.3430162199999999E-01,  5.1718399999999996E-04,0
213,  5.0000000000000003E-02,25,  8.1250000000000000E-01,  6.2500000000000000E-01,3,  1.2157812539303119E-01,84,3,499,497,2,  9.7599154517928699E-01,  9.9800000000000000E-01,  9.9399999999999999E-01,  9.8687308409972108E-01,  2.3113057100000001E-01,  5.2854599999999996E-04,0
214,  5.0000000000000003E-02,25,  8.1250000000000000E-01,  6.2500000000000000E-01,4,  1.2157812539303119E-01,84,3,499,497,2,  9.7599154517928699E-01,  9.9800000000000000E-01,  9.9399999999999999E-01,  9.8687308409972108E-01,  2.3291369400000000E-01,  6.1721900000000001E-04,0
215,  5.0000000000000003E-02,25,  8.1250000000000000E-01,  6.2500000000000000E-01,5,  1.2157812539303119E-01,84,3,499,497,2,  9.7599154517928699E-01,  9.9800000000000000E-01,  9.9399999999999999E-01,  9.8687308409972108E-01,  2.3257499900000000E-01,  5.1848400000000005E-04,0
216,  5.0000000000000003E-02,25,  8.1250000000000000E-01,  8.1250000000000000E-01,1,  1.2157812539303119E-01,84,1,498,498,0,  9.9969904474209648E-01,  9.9600000000000000E-01,  9.9600000000000000E-01,  9.9784609426598403E-01,  2.3734733899999999E-01,  5.5462700000000003E-04,0
217,  5.0000000000000003E-02,25,  8.1250000000000000E-01,  8.1250000000000000E-01,2,  1.2157812539303119E-01,84,2,499,498,1,  9.9175211867073443E-01,  9.9800000000000000E-01,  9.9600000000000000E-01,  9.9486625006798712E-01,  2.3364051799999999E-01,  5.5517900000000005E-04,0
218,  5.0000000000000003E-02,25,  8.1250000000000000E-01,  8.1250000000000000E-01,3,  1.2157812539303119E-01,84,2,499,498,1,  9.9175211867073443E-01,  9.9800000000000000E-01,  9.9600000000000000E-01,  9.9486625006798712E-01,  2.4213441999999999E-01,  5.9272800000000005E-04,0
219,  5.0000000000000003E-02,25,  8.1250000000000000E-01,  8.1250000000000000E-01,4,  1.2157812539303119E-01,84,2,499,498,1,  9.9175211867073443E-01,  9.9800000000000000E-01,  9.9600000000000000E-01,  9.9486625006798712E-01,  2.5097146399999998E-01,  6.7193699999999995E-04,0
220,  5.0000000000000003E-02,25,  8.1250000000000000E-01,  8.1250000000000000E-01,5,  1.2157812539303119E-01,84,2,499,498,1,  9.9175211867073443E-01,  9.9800000000000000E-01,  9.9600000000000000E-01,  9.9486625006798712E-01,  3.0097333500000001E-01,  6.8691900000000003E-04,0
221,  5.0000000000000003E-02,25,  8.1250000000000000E-01,  1.0000000000000000E+00,1,  1.2157812539303119E-01,84,1,498,498,0,  9.9969904474209648E-01,  9.9600000000000000E-01,  9.9600000000000000E-01,  9.9784609426598403E-01,  2.5200700700000001E-01,  5.5988600000000000E-04,0
222,  5.0000000000000003E-02,25,  8.1250000000000000E-01,  1.0000000000000000E+00,2,  1.2157812539303119E-01,84,2,499,498,1,  9.9175211867073443E-01,  9.9800000000000000E-01,  9.9600000000000000E-01,  9.9486625006798712E-01,  2.3440898700000001E-01,  5.1485799999999998E-04,0
223,  5.0000000000000003E-02,25,  8.1250000000000000E-01,  1.0000000000000000E+00,3,  1.2157812539303119E-01,84,2,499,498,1,  9.9175211867073443E-01,  9.9800000000000000E-01,  9.9600000000000000E-01,  9.9486625006798712E-01,  2.3331852500000000E-01,  5.2000199999999999E-04,0
224,  5.0000000000000003E-02,25,  8.1250000000000000E-01,  1.0000000000000000E+00,4,  1.2157812539303119E-01,84,2,499,498,1,  9.9175211867073443E-01,  9.9800000000000000E-01,  9.9600000000000000E-01,  9.9486625006798712E-01,  2.3461166300000000E-01,  5.1872900000000000E-04,0
225,  5.0000000000000003E-02,25,  8.1250000000000000E-01,  1.0000000000000000E+00,5,  1.2157812539303119E-01,84,2,499,498,1,  9.9175211867073443E-01,  9.9800000000000000E-01,  9.9600000000000000E-01,  9.9486625006798712E-01,  2.3297771500000000E-01,  5.7661099999999999E-04,0
226,  5.0000000000000003E-02,25,  1.0000000000000000E+00,  2.5000000000000000E-01,1,  1.2157812539303119E-01,84,2,496,496,0,  9.9064376151697087E-01,  9.9199999999999999E-01,  9.9199999999999999E-01,  9.9132141688724984E-01,  2.5007725900000000E-01,  5.4649400000000002E-04,0
227,  5.0000000000000003E-02,25,  1.0000000000000000E+00,  2.5000000000000000E-01,2,  1.2157812539303119E-01,84,5,499,496,3,  9.5104768171350118E-01,  9.9800000000000000E-01,  9.9199999999999999E-01,  9.7395830307818310E-01,  2.6198487500000001E-01,  5.4537599999999998E-04,0
228,  5.0000000000000003E-02,25,  1.0000000000000000E+00,  2.5000000000000000E-01,3,  1.2157812539303119E-01,84,5,499,496,3,  9.5104768171350118E-01,  9.9800000000000000E-01,  9.9199999999999999E-01,  9.7395830307818310E-01,  2.6789505600000002E-01,  5.4689500000000004E-04,0
229,  5.0000000000000003E-02,25,  1.0000000000000000E+00,  2.5000000000000000E-01,4,  1.2157812539303119E-01,84,5,499,496,3,  9.5104768171350118E-01,  9.9800000000000000E-01,  9.9199999999999999E-01,  9.7395830307818310E-01,  2.5089198800000001E-01,  5.4640400000000001E-04,0
230,  5.0000000000000003E-02,25,  1.0000000000000000E+00,  2.5000000000000000E-01,5,  1.2157812539303119E-01,84,5,499,496,3,  9.5104768171350118E-01,  9.9800000000000000E-01,  9.9199999999999999E-01,  9.7395830307818310E-01,  2.5444441000000001E-01,  5.5235799999999997E-04,0
231,  5.0000000000000003E-02,25,  1.0000000000000000E+00,  4.3750000000000000E-01,1,  1.2157812539303119E-01,84,1,498,498,0,  9.9974905897114175E-01,  9.9600000000000000E-01,  9.9600000000000000E-01,  9.9787100814026297E-01,  2.6084989100000000E-01,  5.8683800000000001E-04,0
232,  5.0000000000000003E-02,25,  1.0000000000000000E+00,  4.3750000000000000E-01,2,  1.2157812539303119E-01,84,2,499,498,1,  9.8397830909539064E-01,  9.9800000000000000E-01,  9.9600000000000000E-01,  9.9093955566588054E-01,  2.6122451800000002E-01,  8.0861099999999999E-04,0
233,  5.0000000000000003E-02,25,  1.0000000000000000E+00,  4.3750000000000000E-01,3,  1.2157812539303119E-01,84,2,499,498,1,  9.8397830909539064E-01,  9.9800000000000000E-01,  9.9600000000000000E-01,  9.9093955566588054E-01,  2.6466389299999998E-01,  5.6050399999999997E-04,0
234,  5.0000000000000003E-02,25,  1.0000000000000000E+00,  4.3750000000000000E-01,4,  1.2157812539303119E-01,84,2,499,498,1,  9.8397830909539064E-01,  9.9800000000000000E-01,  9.9600000000000000E-01,  9.9093955566588054E-01,  2.6360051099999998E-01,  5.5866599999999998E-04,0
235,  5.0000000000000003E-02,25,  1.0000000000000000E+00,  4.3750000000000000E-01,5,  1.2157812539303119E-01,84,2,499,498,1,  9.8397830909539064E-01,  9.9800000000000000E-01,  9.9600000000000000E-01,  9.9093955566588054E-01,  2.6887348300000002E-01,  5.2480199999999999E-04,0
236,  5.0000000000000003E-02,25,  1.0000000000000000E+00,  6.2500000000000000E-01,1,  1.2157812539303119E-01,84,1,498,498,0,  9.9974905897114175E-01,  9.9600000000000000E-01,  9.9600000000000000E-01,  9.9787100814026297E-01,  2.7336147399999999E-01,  5.8951299999999995E-04,0
237,  5.0000000000000003E-02,25,  1.0000000000000000E+00,  6.2500000000000000E-01,2,  1.2157812539303119E-01,84,2,499,498,1,  9.8397830909539064E-01,  9.9800000000000000E-01,  9.9600000000000000E-01,  9.9093955566588054E-01,  2.6413453900000000E-01,  5.2116200000000004E-04,0
238,  5.0000000000000003E-02,25,  1.0000000000000000E+00,  6.2500000000000000E-01,3,  1.2157812539303119E-01,84,2,499,498,1,  9.8397830909539064E-01,  9.9800000000000000E-01,  9.9600000000000000E-01,  9.9093955566588054E-01,  2.6719426099999999E-01,  5.4908599999999995E-04,0
239,  5.0000000000000003E-02,25,  1.0000000000000000E+00,  6.2500000000000000E-01,4,  1.2157812539303119E-01,84,2,499,498,1,  9.8397830909539064E-01,  9.9800000000000000E-01,  9.9600000000000000E-01,  9.9093955566588054E-01,  2.6283540900000002E-01,  5.4107099999999996E-04,0
240,  5.0000000000000003E-02,25,  1.0000000000000000E+00,  6.2500000000000000E-01,5,  1.2157812539303119E-01,84,2,499,498,1,  9.8397830909539064E-01,  9.9800000000000000E-01,  9.9600000000000000E-01,  9.9093955566588054E-01,  2.6249983799999999E-01,  5.6003599999999998E-04,0
241,  5.0000000000000003E-02,25,  1.0000000000000000E+00,  8.1250000000000000E-01,1,  1.2157812539303119E-01,84,1,498,498,0,  9.9974905897114175E-01,  9.9600000000000000E-01,  9.9600000000000000E-01,  9.9787100814026297E-01,  2.6336458000000001E-01,  5.4267599999999997E-04,0
242,  5.0000000000000003E-02,25,  1.0000000000000000E+00,  8.1250000000000000E-01,2,  1.2157812539303119E-01,84,2,499,498,1,  9.8397830909539064E-01,  9.9800000000000000E-01,  9.9600000000000000E-01,  9.9093955566588054E-01,  2.9902697600000000E-01,  5.9765299999999996E-04,0
243,  5.0000000000000003E-02,25,  1.0000000000000000E+00,  8.1250000000000000E-01,3,  1.2157812539303119E-01,84,2,499,498,1,  9.8397830909539064E-01,  9.9800000000000000E-01,  9.9600000000000000E-01,  9.9093955566588054E-01,  3.0140032400000000E-01,  5.6806800000000002E-04,0
244,  5.0000000000000003E-02,25,  1.0000000000000000E+00,  8.1250000000000000E-01,4,  1.2157812539303119E-01,84,2,499,498,1,  9.8397830909539064E-01,  9.9800000000000000E-01,  9.9600000000000000E-01,  9.9093955566588054E-01,  2.9210359800000002E-01,  5.5477900000000004E-04,0
245,  5.0000000000000003E-02,25,  1.0000000000000000E+00,  8.1250000000000000E-01,5,  1.2157812539303119E-01,84,2,499,498,1,  9.8397830909539064E-01,  9.9800000000000000E-01,  9.9600000000000000E-01,  9.9093955566588054E-01,  2.8901395899999999E-01,  5.9562400000000000E-04,0
246,  5.0000000000000003E-02,25,  1.0000000000000000E+00,  1.0000000000000000E+00,1,  1.2157812539303119E-01,84,1,499,499,0,  1.0000000000000000E+00,  9.9800000000000000E-01,  9.9800000000000000E-01,  9.9899899899899902E-01,  2.9156781900000001E-01,  5.3999300000000001E-04,0
247,  5.0000000000000003E-02,25,  1.0000000000000000E+00,  1.0000000000000000E+00,2,  1.2157812539303119E-01,84,1,499,499,0,  1.0000000000000000E+00,  9.9800000000000000E-01,  9.9800000000000000E-01,  9.9899899899899902E-01,  2.6115973300000001E-01,  5.2251600000000000E-04,0
248,  5.0000000000000003E-02,25,  1.0000000000000000E+00,  1.0000000000000000E+00,3,  1.2157812539303119E-01,84,1,499,499,0,  1.0000000000000000E+00,  9.9800000000000000E-01,  9.9800000000000000E-01,  9.9899899899899902E-01,  2.6875298800000003E-01,  6.1819700000000002E-04,0
249,  5.0000000000000003E-02,25,  1.0000000000000000E+00,  1.0000000000000000E+00,4,  1.2157812539303119E-01,84,1,499,499,0,  1.0000000000000000E+00,  9.9800000000000000E-01,  9.9800000000000000E-01,  9.9899899899899902E-01,  2.6637273200000000E-01,  5.2327099999999996E-04,0
250,  5.0000000000000003E-02,25,  1.0000000000000000E+00,  1.0000000000000000E+00,5,  1.2157812539303119E-01,84,1,499,499,0,  1.0000000000000000E+00,  9.9800000000000000E-01,  9.9800000000000000E-01,  9.9899899899899902E-01,  2.6816371700000002E-01,  5.8468599999999995E-04,0
251,  5.0000000000000003E-02,35,  2.5000000000000000E-01,  2.5000000000000000E-01,1,  1.2157812539303119E-01,61,20,443,443,0,  4.9482087439381867E-01,  8.8600000000000001E-01,  8.8600000000000001E-01,  6.3500096622653712E-01,  6.6711285999999995E-02,  5.0594200000000000E-04,0
252,  5.0000000000000003E-02,35,  2.5000000000000000E-01,  2.5000000000000000E-01,2,  1.2157812539303119E-01,61,23,446,443,3,  4.6595828571300907E-01,  8.9200000000000002E-01,  8.8600000000000001E-01,  6.1214662516348362E-01,  6.6667605000000005E-02,  6.0319699999999998E-04,0
253,  5.0000000000000003E-02,35,  2.5000000000000000E-01,  2.5000000000000000E-01,3,  1.2157812539303119E-01,61,24,448,443,5,  4.6155932900302299E-01,  8.9600000000000002E-01,  8.8600000000000001E-01,  6.0926568725422936E-01,  6.8291449000000004E-02,  5.2733200000000004E-04,0
254,  5.0000000000000003E-02,35,  2.5000000000000000E-01,  2.5000000000000000E-01,4,  1.2157812539303119E-01,61,25,451,443,8,  4.4862031149194759E-01,  9.0200000000000002E-01,  8.8600000000000001E-01,  5.9921432770211869E-01,  6.5620308000000002E-02,  5.6634500000000000E-04,0
255,  5.0000000000000003E-02,35,  2.5000000000000000E-01,  2.5000000000000000E-01,5,  1.2157812539303119E-01,61,25,451,443,8,  4.4862031149194759E-01,  9.0200000000000002E-01,  8.8600000000000001E-01,  5.9921432770211869E-01,  6.5852648000000000E-02,  5.3715200000000005E-04,0
256,  5.0000000000000003E-02,35,  2.5000000000000000E-01,  4.3750000000000000E-01,1,  1.2157812539303119E-01,61,20,443,443,0,  4.9482087439381867E-01,  8.8600000000000001E-01,  8.8600000000000001E-01,  6.3500096622653712E-01,  6.5527030000000000E-02,  5.2544199999999999E-04,0
257,  5.0000000000000003E-02,35,  2.5000000000000000E-01,  4.3750000000000000E-01,2,  1.2157812539303119E-01,61,23,446,443,3,  4.6595828571300907E-01,  8.9200000000000002E-01,  8.8600000000000001E-01,  6.1214662516348362E-01,  6.7289302999999995E-02,  5.1922800000000005E-04,0
258,  5.0000000000000003E-02,35,  2.5000000000000000E-01,  4.3750000000000000E-01,3,  1.2157812539303119E-01,61,24,448,443,5,  4.6155932900302299E-01,  8.9600000000000002E-01,  8.8600000000000001E-01,  6.0926568725422936E-01,  6.5687382000000002E-02,  5.1009600000000003E-04,0
259,  5.0000000000000003E-02,35,  2.5000000000000000E-01,  4.3750000000000000E-01,4,  1.2157812539303119E-01,61,25,451,443,8,  4.4862031149194759E-01,  9.0200000000000002E-01,  8.8600000000000001E-01,  5.9921432770211869E-01,  6.7716158999999998E-02,  5.6516599999999998E-04,0
260,  5.0000000000000003E-02,35,  2.5000000000000000E-01,  4.3750000000000000E-01,5,  1.2157812539303119E-01,61,25,451,443,8,  4.4862031149194759E-01,  9.0200000000000002E-01,  8.8600000000000001E-01,  5.9921432770211869E-01,  6.5808334999999996E-02,  5.1821600000000005E-04,0
261,  5.0000000000000003E-02,35,  2.5000000000000000E-01,  6.2500000000000000E-01,1,  1.2157812539303119E-01,61,20,443,443,0,  4.9482087439381867E-01,  8.8600000000000001E-01,  8.8600000000000001E-01,  6.3500096622653712E-01,  6.9307609000000006E-02,  6.9094200000000005E-04,0
262,  5.0000000000000003E-02,35,  2.5000000000000000E-01,  6.2500000000000000E-01,2,  1.2157812539303119E-01,61,23,446,443,3,  4.6595828571300907E-01,  8.9200000000000002E-01,  8.8600000000000001E-01,  6.1214662516348362E-01,  6.9025854999999997E-02,  6.2330600000000001E-04,0
263,  5.0000000000000003E-02,35,  2.5000000000000000E-01,  6.2500000000000000E-01,3,  1.2157812539303119E-01,61,24,448,443,5,  4.6155932900302299E-01,  8.9600000000000002E-01,  8.8600000000000001E-01,  6.0926568725422936E-01,  6.9223281999999997E-02,  5.2940699999999997E-04,0
264,  5.0000000000000003E-02,35,  2.5000000000000000E-01,  6.2500000000000000E-01,4,  1.2157812539303119E-01,61,25,451,443,8,  4.4862031149194759E-01,  9.0200000000000002E-01,  8.8600000000000001E-01,  5.9921432770211869E-01,  6.7460304999999998E-02,  5.2502099999999997E-04,0
265,  5.0000000000000003E-02,35,  2.5000000000000000E-01,  6.2500000000000000E-01,5,  1.2157812539303119E-01,61,25,451,443,8,  4.4862031149194759E-01,  9.0200000000000002E-01,  8.8600000000000001E-01,  5.9921432770211869E-01,  7.1813028000000001E-02,  5.4311200000000000E-04,0
266,  5.0000000000000003E-02,35,  2.5000000000000000E-01,  8.1250000000000000E-01,1,  1.2157812539303119E-01,61,20,443,443,0,  4.9482087439381867E-01,  8.8600000000000001E-01,  8.8600000000000001E-01,  6.3500096622653712E-01,  6.7711900000000005E-02,  5.3274400000000003E-04,0
267,  5.0000000000000003E-02,35,  2.5000000000000000E-01,  8.1250000000000000E-01,2,  1.2157812539303119E-01,61,23,446,443,3,  4.6595828571300907E-01,  8.9200000000000002E-01,  8.8600000000000001E-01,  6.1214662516348362E-01,  6.6864675999999998E-02,  5.1507799999999998E-04,0
268,  5.0000000000000003E-02,35,  2.5000000000000000E-01,  8.1250000000000000E-01,3,  1.2157812539303119E-01,61,24,448,443,5,  4.6155932900302299E-01,  8.9600000000000002E-01,  8.8600000000000001E-01,  6.0926568725422936E-01,  6.5274153000000001E-02,  5.6636800000000004E-04,0
269,  5.0000000000000003E-02,35,  2.5000000000000000E-01,  8.1250000000000000E-01,4,  1.2157812539303119E-01,61,25,451,443,8,  4.4862031149194759E-01,  9.0200000000000002E-01,  8.8600000000000001E-01,  5.9921432770211869E-01,  6.6053597000000006E-02,  5.2183799999999995E-04,0
270,  5.0000000000000003E-02,35,  2.5000000000000000E-01,  8.1250000000000000E-01,5,  1.2157812539303119E-01,61,25,451,443,8,  4.4862031149194759E-01,  9.0200000000000002E-01,  8.8600000000000001E-01,  5.9921432770211869E-01,  6.5615992999999997E-02,  5.1763199999999997E-04,0
271,  5.0000000000000003E-02,35,  2.5000000000000000E-01,  1.0000000000000000E+00,1,  1.2157812539303119E-01,61,20,443,443,0,  4.9482087439381867E-01,  8.8600000000000001E-01,  8.8600000000000001E-01,  6.3500096622653712E-01,  6.6365647000000000E-02,  5.0449700000000002E-04,0
272,  5.0000000000000003E-02,35,  2.5000000000000000E-01,  1.0000000000000000E+00,2,  1.2157812539303119E-01,61,23,446,443,3,  4.6595828571300907E-01,  8.9200000000000002E-01,  8.8600000000000001E-01,  6.1214662516348362E-01,  6.5351743000000004E-02,  5.1101599999999999E-04,0
273,  5.0000000000000003E-02,35,  2.5000000000000000E-01,  1.0000000000000000E+00,3,  1.2157812539303119E-01,61,24,448,443,5,  4.6155932900302299E-01,  8.9600000000000002E-01,  8.8600000000000001E-01,  6.0926568725422936E-01,  6.8204265000000000E-02,  5.4467399999999998E-04,0
274,  5.0000000000000003E-02,35,  2.5000000000000000E-01,  1.0000000000000000E+00,4,  1.2157812539303119E-01,61,25,451,443,8,  4.4862031149194759E-01,  9.0200000000000002E-01,  8.8600000000000001E-01,  5.9921432770211869E-01,  6.6518199000000000E-02,  5.7096800000000004E-04,0
275,  5.0000000000000003E-02,35,  2.5000000000000000E-01,  1.0000000000000000E+00,5,  1.2157812539303119E-01,61,25,451,443,8,  4.4862031149194759E-01,  9.0200000000000002E-01,  8.8600000000000001E-01,  5.9921432770211869E-01,  6.4571229999999993E-02,  5.2246900000000002E-04,0
276,  5.0000000000000003E-02,35,  4.3750000000000000E-01,  2.5000000000000000E-01,1,  1.2157812539303119E-01,61,7,474,474,0,  8.8734951081990654E-01,  9.4799999999999995E-01,  9.4799999999999995E-01,  9.1667263515544617E-01,  8.3315259000000003E-02,  5.3585199999999996E-04,0
277,  5.0000000000000003E-02,35,  4.3750000000000000E-01,  2.5000000000000000E-01,2,  1.2157812539303119E-01,61,8,475,474,1,  8.2536367037616731E-01,  9.4999999999999996E-01,  9.4799999999999995E-01,  8.8330689643009686E-01,  8.4098307999999997E-02,  5.2746100000000001E-04,0
278,  5.0000000000000003E-02,35,  4.3750000000000000E-01,  2.5000000000000000E-01,3,  1.2157812539303119E-01,61,9,477,474,3,  7.8482817838045504E-01,  9.5399999999999996E-01,  9.4799999999999995E-01,  8.6118466618400180E-01,  8.2882372999999995E-02,  5.7277800000000002E-04,0
279,  5.0000000000000003E-02,35,  4.3750000000000000E-01,  2.5000000000000000E-01,4,  1.2157812539303119E-01,61,9,477,474,3,  7.8482817838045504E-01,  9.5399999999999996E-01,  9.4799999999999995E-01,  8.6118466618400180E-01,  8.5194703999999996E-02,  5.7320199999999998E-04,0
280,  5.0000000000000003E-02,35,  4.3750000000000000E-01,  2.5000000000000000E-01,5,  1.2157812539303119E-01,61,11,485,474,11,  7.2949419075291999E-01,  9.6999999999999997E-01,  9.4799999999999995E-01,  8.3272937192782404E-01,  8.1438253000000002E-02,  5.8508400000000004E-04,0
281,  5.0000000000000003E-02,35,  4.3750000000000000E-01,  4.3750000000000000E-01,1,  1.2157812539303119E-01,61,7,474,474,0,  8.8734951081990654E-01,  9.4799999999999995E-01,  9.4799999999999995E-01,  9.1667263515544617E-01,  8.4557785999999996E-02,  5.3046400000000002E-04,0
282,  5.0000000000000003E-02,35,  4.3750000000000000E-01,  4.3750000000000000E-01,2,  1.2157812539303119E-01,61,8,475,474,1,  8.2536367037616731E-01,  9.4999999999999996E-01,  9.4799999999999995E-01,  8.8330689643009686E-01,  8.1876502000000004E-02,  5.3189199999999996E-04,0
283,  5.0000000000000003E-02,35,  4.3750000000000000E-01,  4.3750000000000000E-01,3,  1.2157812539303119E-01,61,9,477,474,3,  7.8482817838045504E-01,  9.5399999999999996E-01,  9.4799999999999995E-01,  8.6118466618400180E-01,  8.3914936999999995E-02,  5.2440400000000002E-04,0
284,  5.0000000000000003E-02,35,  4.3750000000000000E-01,  4.3750000000000000E-01,4,  1.2157812539303119E-01,61,9,477,474,3,  7.8482817838045504E-01,  9.5399999999999996E-01,  9.4799999999999995E-01,  8.6118466618400180E-01,  8.4318925000000003E-02,  5.5113299999999998E-04,0
285,  5.0000000000000003E-02,35,  4.3750000000000000E-01,  4.3750000000000000E-01,5,  1.2157812539303119E-01,61,11,485,474,11,  7.2949419075291999E-01,  9.6999999999999997E-01,  9.4799999999999995E-01,  8.3272937192782404E-01,  8.2991228000000000E-02,  5.3197499999999996E-04,0
286,  5.0000000000000003E-02,35,  4.3750000000000000E-01,  6.2500000000000000E-01,1,  1.2157812539303119E-01,61,7,474,474,0,  8.8734951081990654E-01,  9.4799999999999995E-01,  9.4799999999999995E-01,  9.1667263515544617E-01,  8.1186405000000003E-02,  5.6131699999999998E-04,0
287,  5.0000000000000003E-02,35,  4.3750000000000000E-01,  6.2500000000000000E-01,2,  1.2157812539303119E-01,61,8,475,474,1,  8.2536367037616731E-01,  9.4999999999999996E-01,  9.4799999999999995E-01,  8.8330689643009686E-01,  8.1200565000000002E-02,  5.3572099999999996E-04,0
288,  5.0000000000000003E-02,35,  4.3750000000000000E-01,  6.2500000000000000E-01,3,  1.2157812539303119E-01,61,9,477,474,3,  7.8482817838045504E-01,  9.5399999999999996E-01,  9.4799999999999995E-01,  8.6118466618400180E-01,  8.4156622000000000E-02,  5.3077099999999998E-04,0
289,  5.0000000000000003E-02,35,  4.3750000000000000E-01,  6.2500000000000000E-01,4,  1.2157812539303119E-01,61,9,477,474,3,  7.8482817838045504E-01,  9.5399999999999996E-01,  9.4799999999999995E-01,  8.6118466618400180E-01,  8.4044597999999998E-02,  5.3148799999999999E-04,0
290,  5.0000000000000003E-02,35,  4.3750000000000000E-01,  6.2500000000000000E-01,5,  1.2157812539303119E-01,61,11,485,474,11,  7.2949419075291999E-01,  9.6999999999999997E-01,  9.4799999999999995E-01,  8.3272937192782404E-01,  8.2094757000000004E-02,  5.4676200000000001E-04,0
291,  5.0000000000000003E-02,35,  4.3750000000000000E-01,  8.1250000000000000E-01,1,  1.2157812539303119E-01,61,7,474,474,0,  8.8734951081990654E-01,  9.4799999999999995E-01,  9.4799999999999995E-01,  9.1667263515544617E-01,  8.2336425000000005E-02,  5.4506900000000002E-04,0
292,  5.0000000000000003E-02,35,  4.3750000000000000E-01,  8.1250000000000000E-01,2,  1.2157812539303119E-01,61,8,475,474,1,  8.2536367037616731E-01,  9.4999999999999996E-01,  9.4799999999999995E-01,  8.8330689643009686E-01,  8.5991493000000002E-02,  5.7541400000000000E-04,0
293,  5.0000000000000003E-02,35,  4.3750000000000000E-01,  8.1250000000000000E-01,3,  1.2157812539303119E-01,61,9,477,474,3,  7.8482817838045504E-01,  9.5399999999999996E-01,  9.4799999999999995E-01,  8.6118466618400180E-01,  8.3165032000000000E-02,  5.6922799999999996E-04,0
294,  5.0000000000000003E-02,35,  4.3750000000000000E-01,  8.1250000000000000E-01,4,  1.2157812539303119E-01,61,9,477,474,3,  7.8482817838045504E-01,  9.5399999999999996E-01,  9.4799999999999995E-01,  8.6118466618400180E-01,  8.4433212999999993E-02,  5.6279200000000000E-04,0
295,  5.0000000000000003E-02,35,  4.3750000000000000E-01,  8.1250000000000000E-01,5,  1.2157812539303119E-01,61,11,485,474,11,  7.2949419075291999E-01,  9.6999999999999997E-01,  9.4799999999999995E-01,  8.3272937192782404E-01,  8.1869442000000001E-02,  5.5701000000000004E-04,0
296,  5.0000000000000003E-02,35,  4.3750000000000000E-01,  1.0000000000000000E+00,1,  1.2157812539303119E-01,61,7,474,474,0,  8.8734951081990654E-01,  9.4799999999999995E-01,  9.4799999999999995E-01,  9.1667263515544617E-01,  8.2576832000000003E-02,  5.3536199999999995E-04,0
297,  5.0000000000000003E-02,35,  4.3750000000000000E-01,  1.0000000000000000E+00,2,  1.2157812539303119E-01,61,8,475,474,1,  8.2536367037616731E-01,  9.4999999999999996E-01,  9.4799999999999995E-01,  8.8330689643009686E-01,  9.0905374999999997E-02,  5.3444899999999999E-04,0
298,  5.0000000000000003E-02,35,  4.3750000000000000E-01,  1.0000000000000000E+00,3,  1.2157812539303119E-01,61,9,477,474,3,  7.8482817838045504E-01,  9.5399999999999996E-01,  9.4799999999999995E-01,  8.6118466618400180E-01,  8.4434401000000006E-02,  5.4179200000000003E-04,0
299,  5.0000000000000003E-02,35,  4.3750000000000000E-01,  1.0000000000000000E+00,4,  1.2157812539303119E-01,61,9,477,474,3,  7.8482817838045504E-01,  9.5399999999999996E-01,  9.4799999999999995E-01,  8.6118466618400180E-01,  8.6320851000000004E-02,  5.7600399999999997E-04,0
300,  5.0000000000000003E-02,35,  4.3750000000000000E-01,  1.0000000000000000E+00,5,  1.2157812539303119E-01,61,11,485,474,11,  7.2949419075291999E-01,  9.6999999999999997E-01,  9.4799999999999995E-01,  8.3272937192782404E-01,  8.2258144000000005E-02,  5.9648899999999996E-04,0
301,  5.0000000000000003E-02,35,  6.2500000000000000E-01,  2.5000000000000000E-01,1,  1.2157812539303119E-01,61,3,492,492,0,  9.8894585076571673E-01,  9.8399999999999999E-01,  9.8399999999999999E-01,  9.8646672616563524E-01,  1.4162100599999999E-01,  5.4715500000000002E-04,0
302,  5.0000000000000003E-02,35,  6.2500000000000000E-01,  2.5000000000000000E-01,2,  1.2157812539303119E-01,61,3,492,492,0,  9.8894585076571673E-01,  9.8399999999999999E-01,  9.8399999999999999E-01,  9.8646672616563524E-01,  1.4178629100000001E-01,  5.6873700000000004E-04,0
303,  5.0000000000000003E-02,35,  6.2500000000000000E-01,  2.5000000000000000E-01,3,  1.2157812539303119E-01,61,3,492,492,0,  9.8894585076571673E-01,  9.8399999999999999E-01,  9.8399999999999999E-01,  9.8646672616563524E-01,  1.4124106100000000E-01,  5.4840900000000003E-04,0
304,  5.0000000000000003E-02,35,  6.2500000000000000E-01,  2.5000000000000000E-01,4,  1.2157812539303119E-01,61,3,492,492,0,  9.8894585076571673E-01,  9.8399999999999999E-01,  9.8399999999999999E-01,  9.8646672616563524E-01,  1.4472579499999999E-01,  5.3221099999999999E-04,0
305,  5.0000000000000003E-02,35,  6.2500000000000000E-01,  2.5000000000000000E-01,5,  1.2157812539303119E-01,61,3,492,492,0,  9.8894585076571673E-01,  9.8399999999999999E-01,  9.8399999999999999E-01,  9.8646672616563524E-01,  1.4766613200000001E-01,  5.6328200000000002E-04,0
306,  5.0000000000000003E-02,35,  6.2500000000000000E-01,  4.3750000000000000E-01,1,  1.2157812539303119E-01,61,3,492,492,0,  9.8894585076571673E-01,  9.8399999999999999E-01,  9.8399999999999999E-01,  9.8646672616563524E-01,  1.4813455700000000E-01,  7.8888500000000002E-04,0
307,  5.0000000000000003E-02,35,  6.2500000000000000E-01,  4.3750000000000000E-01,2,  1.2157812539303119E-01,61,3,492,492,0,  9.8894585076571673E-01,  9.8399999999999999E-01,  9.8399999999999999E-01,  9.8646672616563524E-01,  1.4458443700000001E-01,  5.2657200000000000E-04,0
308,  5.0000000000000003E-02,35,  6.2500000000000000E-01,  4.3750000000000000E-01,3,  1.2157812539303119E-01,61,3,492,492,0,  9.8894585076571673E-01,  9.8399999999999999E-01,  9.8399999999999999E-01,  9.8646672616563524E-01,  1.5277794200000000E-01,  6.1432900000000005E-04,0
309,  5.0000000000000003E-02,35,  6.2500000000000000E-01,  4.3750000000000000E-01,4,  1.2157812539303119E-01,61,3,492,492,0,  9.8894585076571673E-01,  9.8399999999999999E-01,  9.8399999999999999E-01,  9.8646672616563524E-01,  1.4262228900000001E-01,  5.4535599999999999E-04,0
310,  5.0000000000000003E-02,35,  6.2500000000000000E-01,  4.3750000000000000E-01,5,  1.2157812539303119E-01,61,3,492,492,0,  9.8894585076571673E-01,  9.8399999999999999E-01,  9.8399999999999999E-01,  9.8646672616563524E-01,  1.4285323300000000E-01,  5.2779900000000002E-04,0
311,  5.0000000000000003E-02,35,  6.2500000000000000E-01,  6.2500000000000000E-01,1,  1.2157812539303119E-01,61,3,492,492,0,  9.8894585076571673E-01,  9.8399999999999999E-01,  9.8399999999999999E-01,  9.8646672616563524E-01,  1.6159200100000001E-01,  5.5801699999999995E-04,0
312,  5.0000000000000003E-02,35,  6.2500000000000000E-01,  6.2500000000000000E-01,2,  1.2157812539303119E-01,61,3,492,492,0,  9.8894585076571673E-01,  9.8399999999999999E-01,  9.8399999999999999E-01,  9.8646672616563524E-01,  1.4798118399999999E-01,  6.0432800000000000E-04,0
313,  5.0000000000000003E-02,35,  6.2500000000000000E-01,  6.2500000000000000E-01,3,  1.2157812539303119E-01,61,3,492,492,0,  9.8894585076571673E-01,  9.8399999999999999E-01,  9.8399999999999999E-01,  9.8646672616563524E-01,  1.6139801700000000E-01,  8.3780400000000004E-04,0
314,  5.0000000000000003E-02,35,  6.2500000000000000E-01,  6.2500000000000000E-01,4,  1.2157812539303119E-01,61,3,492,492,0,  9.8894585076571673E-01,  9.8399999999999999E-01,  9.8399999999999999E-01,  9.8646672616563524E-01,  1.5207008200000000E-01,  5.7913599999999995E-04,0
315,  5.0000000000000003E-02,35,  6.2500000000000000E-01,  6.2500000000000000E-01,5,  1.2157812539303119E-01,61,3,492,492,0,  9.8894585076571673E-01,  9.8399999999999999E-01,  9.8399999999999999E-01,  9.8646672616563524E-01,  1.5099082599999999E-01,  5.5101700000000000E-04,0
316,  5.0000000000000003E-02,35,  6.2500000000000000E-01,  8.1250000000000000E-01,1,  1.2157812539303119E-01,61,3,492,492,0,  9.8894585076571673E-01,  9.8399999999999999E-01,  9.8399999999999999E-01,  9.8646672616563524E-01,  1.4527682800000000E-01,  7.1864400000000005E-04,0
317,  5.0000000000000003E-02,35,  6.2500000000000000E-01,  8.1250000000000000E-01,2,  1.2157812539303119E-01,61,3,492,492,0,  9.8894585076571673E-01,  9.8399999999999999E-01,  9.8399999999999999E-01,  9.8646672616563524E-01,  1.4592568100000000E-01,  7.1194100000000001E-04,0
318,  5.0000000000000003E-02,35,  6.2500000000000000E-01,  8.1250000000000000E-01,3,  1.2157812539303119E-01,61,3,492,492,0,  9.8894585076571673E-01,  9.8399999999999999E-01,  9.8399999999999999E-01,  9.8646672616563524E-01,  1.4550243700000001E-01,  6.1324800000000005E-04,0
319,  5.0000000000000003E-02,35,  6.2500000000000000E-01,  8.1250000000000000E-01,4,  1.2157812539303119E-01,61,3,492,492,0,  9.8894585076571673E-01,  9.8399999999999999E-01,  9.8399999999999999E-01,  9.8646672616563524E-01,  1.4702607400000001E-01,  5.3200299999999997E-04,0
320,  5.0000000000000003E-02,35,  6.2500000000000000E-01,  8.1250000000000000E-01,5,  1.2157812539303119E-01,61,3,492,492,0,  9.8894585076571673E-01,  9.8399999999999999E-01,  9.8399999999999999E-01,  9.8646672616563524E-01,  1.4313287299999999E-01,  5.4130499999999995E-04,0
321,  5.0000000000000003E-02,35,  6.2500000000000000E-01,  1.0000000000000000E+00,1,  1.2157812539303119E-01,61,3,492,492,0,  9.8894585076571673E-01,  9.8399999999999999E-01,  9.8399999999999999E-01,  9.8646672616563524E-01,  1.4785747699999999E-01,  8.0702300000000003E-04,0
322,  5.0000000000000003E-02,35,  6.2500000000000000E-01,  1.0000000000000000E+00,2,  1.2157812539303119E-01,61,3,492,492,0,  9.8894585076571673E-01,  9.8399999999999999E-01,  9.8399999999999999E-01,  9.8646672616563524E-01,  1.5142696999999999E-01,  5.5307299999999995E-04,0
323,  5.0000000000000003E-02,35,  6.2500000000000000E-01,  1.0000000000000000E+00,3,  1.2157812539303119E-01,61,3,492,492,0,  9.8894585076571673E-01,  9.8399999999999999E-01,  9.8399999999999999E-01,  9.8646672616563524E-01,  1.4695630700000001E-01,  6.0419300000000005E-04,0
324,  5.0000000000000003E-02,35,  6.2500000000000000E-01,  1.0000000000000000E+00,4,  1.2157812539303119E-01,61,3,492,492,0,  9.8894585076571673E-01,  9.8399999999999999E-01,  9.8399999999999999E-01,  9.8646672616563524E-01,  1.4624508200000000E-01,  6.0543100000000002E-04,0
325,  5.0000000000000003E-02,35,  6.2500000000000000E-01,  1.0000000000000000E+00,5,  1.2157812539303119E-01,61,3,492,492,0,  9.8894585076571673E-01,  9.8399999999999999E-01,  9.8399999999999999E-01,  9.8646672616563524E-01,  1.4513649000000001E-01,  5.2439999999999995E-04,0
326,  5.0000000000000003E-02,35,  8.1250000000000000E-01,  2.5000000000000000E-01,1,  1.2157812539303119E-01,61,3,496,496,0,  9.9232857061275770E-01,  9.9199999999999999E-01,  9.9199999999999999E-01,  9.9216425810356357E-01,  1.6279582700000000E-01,  6.4562199999999999E-04,0
327,  5.0000000000000003E-02,35,  8.1250000000000000E-01,  2.5000000000000000E-01,2,  1.2157812539303119E-01,61,4,497,496,1,  9.7674205279946336E-01,  9.9399999999999999E-01,  9.9199999999999999E-01,  9.8529546178153271E-01,  1.6317111800000000E-01,  5.9623800000000002E-04,0
328,  5.0000000000000003E-02,35,  8.1250000000000000E-01,  2.5000000000000000E-01,3,  1.2157812539303119E-01,61,4,497,496,1,  9.7674205279946336E-01,  9.9399999999999999E-01,  9.9199999999999999E-01,  9.8529546178153271E-01,  1.6880750100000000E-01,  5.5194700000000001E-04,0
329,  5.0000000000000003E-02,35,  8.1250000000000000E-01,  2.5000000000000000E-01,4,  1.2157812539303119E-01,61,4,497,496,1,  9.7674205279946336E-01,  9.9399999999999999E-01,  9.9199999999999999E-01,  9.8529546178153271E-01,  1.6196458699999999E-01,  5.4450899999999999E-04,0
330,  5.0000000000000003E-02,35,  8.1250000000000000E-01,  2.5000000000000000E-01,5,  1.2157812539303119E-01,61,4,497,496,1,  9.7674205279946336E-01,  9.9399999999999999E-01,  9.9199999999999999E-01,  9.8529546178153271E-01,  1.6249714600000001E-01,  5.3810700000000002E-04,0
331,  5.0000000000000003E-02,35,  8.1250000000000000E-01,  4.3750000000000000E-01,1,  1.2157812539303119E-01,61,3,496,496,0,  9.9232857061275770E-01,  9.9199999999999999E-01,  9.9199999999999999E-01,  9.9216425810356357E-01,  1.6440817199999999E-01,  5.4672000000000000E-04,0
332,  5.0000000000000003E-02,35,  8.1250000000000000E-01,  4.3750000000000000E-01,2,  1.2157812539303119E-01,61,4,497,496,1,  9.7674205279946336E-01,  9.9399999999999999E-01,  9.9199999999999999E-01,  9.8529546178153271E-01,  1.6534857600000000E-01,  6.7262900000000000E-04,0
333,  5.0000000000000003E-02,35,  8.1250000000000000E-01,  4.3750000000000000E-01,3,  1.2157812539303119E-01,61,4,497,496,1,  9.7674205279946336E-01,  9.9399999999999999E-01,  9.9199999999999999E-01,  9.8529546178153271E-01,  1.6231785100000001E-01,  5.4592900000000001E-04,0
334,  5.0000000000000003E-02,35,  8.1250000000000000E-01,  4.3750000000000000E-01,4,  1.2157812539303119E-01,61,4,497,496,1,  9.7674205279946336E-01,  9.9399999999999999E-01,  9.9199999999999999E-01,  9.8529546178153271E-01,  1.6993005799999999E-01,  5.4525299999999999E-04,0
335,  5.0000000000000003E-02,35,  8.1250000000000000E-01,  4.3750000000000000E-01,5,  1.2157812539303119E-01,61,4,497,496,1,  9.7674205279946336E-01,  9.9399999999999999E-01,  9.9199999999999999E-01,  9.8529546178153271E-01,  1.7376829599999999E-01,  5.5778900000000005E-04,0
336,  5.0000000000000003E-02,35,  8.1250000000000000E-01,  6.2500000000000000E-01,1,  1.2157812539303119E-01,61,3,496,496,0,  9.9232857061275770E-01,  9.9199999999999999E-01,  9.9199999999999999E-01,  9.9216425810356357E-01,  1.6363696200000000E-01,  6.0388000000000000E-04,0
337,  5.0000000000000003E-02,35,  8.1250000000000000E-01,  6.2500000000000000E-01,2,  1.2157812539303119E-01,61,4,497,496,1,  9.7674205279946336E-01,  9.9399999999999999E-01,  9.9199999999999999E-01,  9.8529546178153271E-01,  1.6340897900000001E-01,  5.3682899999999995E-04,0
338,  5.0000000000000003E-02,35,  8.1250000000000000E-01,  6.2500000000000000E-01,3,  1.2157812539303119E-01,61,4,497,496,1,  9.7674205279946336E-01,  9.9399999999999999E-01,  9.9199999999999999E-01,  9.8529546178153271E-01,  1.6533420600000001E-01,  6.8262499999999996E-04,0
339,  5.0000000000000003E-02,35,  8.1250000000000000E-01,  6.2500000000000000E-01,4,  1.2157812539303119E-01,61,4,497,496,1,  9.7674205279946336E-01,  9.9399999999999999E-01,  9.9199999999999999E-01,  9.8529546178153271E-01,  1.6453920000000000E-01,  5.4062700000000001E-04,0
340,  5.0000000000000003E-02,35,  8.1250000000000000E-01,  6.2500000000000000E-01,5,  1.2157812539303119E-01,61,4,497,496,1,  9.7674205279946336E-01,  9.9399999999999999E-01,  9.9199999999999999E-01,  9.8529546178153271E-01,  1.6450922400000001E-01,  5.4511399999999997E-04,0
341,  5.0000000000000003E-02,35,  8.1250000000000000E-01,  8.1250000000000000E-01,1,  1.2157812539303119E-01,61,3,497,497,0,  9.9259162237285903E-01,  9.9399999999999999E-01,  9.9399999999999999E-01,  9.9329531195762011E-01,  1.6511018199999999E-01,  5.4960199999999995E-04,0
342,  5.0000000000000003E-02,35,  8.1250000000000000E-01,  8.1250000000000000E-01,2,  1.2157812539303119E-01,61,3,497,497,0,  9.9259162237285903E-01,  9.9399999999999999E-01,  9.9399999999999999E-01,  9.9329531195762011E-01,  1.6601131599999999E-01,  6.3193899999999998E-04,0
343,  5.0000000000000003E-02,35,  8.1250000000000000E-01,  8.1250000000000000E-01,3,  1.2157812539303119E-01,61,3,497,497,0,  9.9259162237285903E-01,  9.9399999999999999E-01,  9.9399999999999999E-01,  9.9329531195762011E-01,  1.6265037700000001E-01,  5.6867300000000001E-04,0
344,  5.0000000000000003E-02,35,  8.1250000000000000E-01,  8.1250000000000000E-01,4,  1.2157812539303119E-01,61,3,497,497,0,  9.9259162237285903E-01,  9.9399999999999999E-01,  9.9399999999999999E-01,  9.9329531195762011E-01,  1.6519933600000000E-01,  6.0303899999999998E-04,0
345,  5.0000000000000003E-02,35,  8.1250000000000000E-01,  8.1250000000000000E-01,5,  1.2157812539303119E-01,61,3,497,497,0,  9.9259162237285903E-01,  9.9399999999999999E-01,  9.9399999999999999E-01,  9.9329531195762011E-01,  1.6560817700000000E-01,  5.4205300000000002E-04,0
346,  5.0000000000000003E-02,35,  8.1250000000000000E-01,  1.0000000000000000E+00,1,  1.2157812539303119E-01,61,3,497,497,0,  9.9259162237285903E-01,  9.9399999999999999E-01,  9.9399999999999999E-01,  9.9329531195762011E-01,  1.6674548300000000E-01,  5.5026399999999996E-04,0
347,  5.0000000000000003E-02,35,  8.1250000000000000E-01,  1.0000000000000000E+00,2,  1.2157812539303119E-01,61,3,497,497,0,  9.9259162237285903E-01,  9.9399999999999999E-01,  9.9399999999999999E-01,  9.9329531195762011E-01,  1.6863887899999999E-01,  1.0141589999999999E-03,0
348,  5.0000000000000003E-02,35,  8.1250000000000000E-01,  1.0000000000000000E+00,3,  1.2157812539303119E-01,61,3,497,497,0,  9.9259162237285903E-01,  9.9399999999999999E-01,  9.9399999999999999E-01,  9.9329531195762011E-01,  1.6348862600000000E-01,  6.0965800000000001E-04,0
349,  5.0000000000000003E-02,35,  8.1250000000000000E-01,  1.0000000000000000E+00,4,  1.2157812539303119E-01,61,3,497,497,0,  9.9259162237285903E-01,  9.9399999999999999E-01,  9.9399999999999999E-01,  9.9329531195762011E-01,  1.6831137500000001E-01,  5.3942900000000002E-04,0
350,  5.0000000000000003E-02,35,  8.1250000000000000E-01,  1.0000000000000000E+00,5,  1.2157812539303119E-01,61,3,497,497,0,  9.9259162237285903E-01,  9.9399999999999999E-01,  9.9399999999999999E-01,  9.9329531195762011E-01,  1.6481407600000000E-01,  5.4175100000000004E-04,0
351,  5.0000000000000003E-02,35,  1.0000000000000000E+00,  2.5000000000000000E-01,1,  1.2157812539303119E-01,61,3,496,496,0,  9.9232857061275770E-01,  9.9199999999999999E-01,  9.9199999999999999E-01,  9.9216425810356357E-01,  1.7921831599999999E-01,  5.2234400000000000E-04,0
352,  5.0000000000000003E-02,35,  1.0000000000000000E+00,  2.5000000000000000E-01,2,  1.2157812539303119E-01,61,4,497,496,1,  9.7674205279946336E-01,  9.9399999999999999E-01,  9.9199999999999999E-01,  9.8529546178153271E-01,  1.7883828600000001E-01,  5.4953999999999995E-04,0
353,  5.0000000000000003E-02,35,  1.0000000000000000E+00,  2.5000000000000000E-01,3,  1.2157812539303119E-01,61,4,497,496,1,  9.7674205279946336E-01,  9.9399999999999999E-01,  9.9199999999999999E-01,  9.8529546178153271E-01,  1.8017392700000001E-01,  5.5676399999999996E-04,0
354,  5.0000000000000003E-02,35,  1.0000000000000000E+00,  2.5000000000000000E-01,4,  1.2157812539303119E-01,61,4,497,496,1,  9.7674205279946336E-01,  9.9399999999999999E-01,  9.9199999999999999E-01,  9.8529546178153271E-01,  1.8083324600000000E-01,  7.0006199999999999E-04,0
355,  5.0000000000000003E-02,35,  1.0000000000000000E+00,  2.5000000000000000E-01,5,  1.2157812539303119E-01,61,4,497,496,1,  9.7674205279946336E-01,  9.9399999999999999E-01,  9.9199999999999999E-01,  9.8529546178153271E-01,  1.8289129400000001E-01,  5.4951200000000005E-04,0
356,  5.0000000000000003E-02,35,  1.0000000000000000E+00,  4.3750000000000000E-01,1,  1.2157812539303119E-01,61,3,496,496,0,  9.9232857061275770E-01,  9.9199999999999999E-01,  9.9199999999999999E-01,  9.9216425810356357E-01,  1.8431760599999999E-01,  5.8381999999999998E-04,0
357,  5.0000000000000003E-02,35,  1.0000000000000000E+00,  4.3750000000000000E-01,2,  1.2157812539303119E-01,61,4,497,496,1,  9.7674205279946336E-01,  9.9399999999999999E-01,  9.9199999999999999E-01,  9.8529546178153271E-01,  1.8146386000000000E-01,  6.0265399999999999E-04,0
358,  5.0000000000000003E-02,35,  1.0000000000000000E+00,  4.3750000000000000E-01,3,  1.2157812539303119E-01,61,4,497,496,1,  9.7674205279946336E-01,  9.9399999999999999E-01,  9.9199999999999999E-01,  9.8529546178153271E-01,  1.8082235799999999E-01,  6.9476499999999997E-04,0
359,  5.0000000000000003E-02,35,  1.0000000000000000E+00,  4.3750000000000000E-01,4,  1.2157812539303119E-01,61,4,497,496,1,  9.7674205279946336E-01,  9.9399999999999999E-01,  9.9199999999999999E-01,  9.8529546178153271E-01,  1.7916064800000001E-01,  5.3019400000000000E-04,0
360,  5.0000000000000003E-02,35,  1.0000000000000000E+00,  4.3750000000000000E-01,5,  1.2157812539303119E-01,61,4,497,496,1,  9.7674205279946336E-01,  9.9399999999999999E-01,  9.9199999999999999E-01,  9.8529546178153271E-01,  1.8455882300000001E-01,  7.0508799999999998E-04,0
361,  5.0000000000000003E-02,35,  1.0000000000000000E+00,  6.2500000000000000E-01,1,  1.2157812539303119E-01,61,3,496,496,0,  9.9232857061275770E-01,  9.9199999999999999E-01,  9.9199999999999999E-01,  9.9216425810356357E-01,  1.8083843299999999E-01,  5.6077500000000001E-04,0
362,  5.0000000000000003E-02,35,  1.0000000000000000E+00,  6.2500000000000000E-01,2,  1.2157812539303119E-01,61,4,497,496,1,  9.7674205279946336E-01,  9.9399999999999999E-01,  9.9199999999999999E-01,  9.8529546178153271E-01,  1.7810571100000000E-01,  5.4740200000000000E-04,0
363,  5.0000000000000003E-02,35,  1.0000000000000000E+00,  6.2500000000000000E-01,3,  1.2157812539303119E-01,61,4,497,496,1,  9.7674205279946336E-01,  9.9399999999999999E-01,  9.9199999999999999E-01,  9.8529546178153271E-01,  1.7988279300000001E-01,  5.4092400000000003E-04,0
364,  5.0000000000000003E-02,35,  1.0000000000000000E+00,  6.2500000000000000E-01,4,  1.2157812539303119E-01,61,4,497,496,1,  9.7674205279946336E-01,  9.9399999999999999E-01,  9.9199999999999999E-01,  9.8529546178153271E-01,  1.8705668800000000E-01,  5.6709700000000002E-04,0
365,  5.0000000000000003E-02,35,  1.0000000000000000E+00,  6.2500000000000000E-01,5,  1.2157812539303119E-01,61,4,497,496,1,  9.7674205279946336E-01,  9.9399999999999999E-01,  9.9199999999999999E-01,  9.8529546178153271E-01,  2.1458814400000001E-01,  5.5733599999999996E-04,0
366,  5.0000000000000003E-02,35,  1.0000000000000000E+00,  8.1250000000000000E-01,1,  1.2157812539303119E-01,61,3,496,496,0,  9.9232857061275770E-01,  9.9199999999999999E-01,  9.9199999999999999E-01,  9.9216425810356357E-01,  2.0131115999999999E-01,  6.0890599999999999E-04,0
367,  5.0000000000000003E-02,35,  1.0000000000000000E+00,  8.1250000000000000E-01,2,  1.2157812539303119E-01,61,4,497,496,1,  9.7674205279946336E-01,  9.9399999999999999E-01,  9.9199999999999999E-01,  9.8529546178153271E-01,  1.7903451900000000E-01,  5.4516099999999995E-04,0
368,  5.0000000000000003E-02,35,  1.0000000000000000E+00,  8.1250000000000000E-01,3,  1.2157812539303119E-01,61,4,497,496,1,  9.7674205279946336E-01,  9.9399999999999999E-01,  9.9199999999999999E-01,  9.8529546178153271E-01,  1.8008831000000000E-01,  6.2095499999999997E-04,0
369,  5.0000000000000003E-02,35,  1.0000000000000000E+00,  8.1250000000000000E-01,4,  1.2157812539303119E-01,61,4,497,496,1,  9.7674205279946336E-01,  9.9399999999999999E-01,  9.9199999999999999E-01,  9.8529546178153271E-01,  1.8582036800000001E-01,  5.5440000000000003E-04,0
370,  5.0000000000000003E-02,35,  1.0000000000000000E+00,  8.1250000000000000E-01,5,  1.2157812539303119E-01,61,4,497,496,1,  9.7674205279946336E-01,  9.9399999999999999E-01,  9.9199999999999999E-01,  9.8529546178153271E-01,  1.7762594500000001E-01,  5.4280300000000001E-04,0
371,  5.0000000000000003E-02,35,  1.0000000000000000E+00,  1.0000000000000000E+00,1,  1.2157812539303119E-01,61,3,497,497,0,  9.9259162237285903E-01,  9.9399999999999999E-01,  9.9399999999999999E-01,  9.9329531195762011E-01,  1.8056853800000000E-01,  5.3976499999999999E-04,0
372,  5.0000000000000003E-02,35,  1.0000000000000000E+00,  1.0000000000000000E+00,2,  1.2157812539303119E-01,61,3,497,497,0,  9.9259162237285903E-01,  9.9399999999999999E-01,  9.9399999999999999E-01,  9.9329531195762011E-01,  1.8066189399999999E-01,  5.4149500000000002E-04,0
373,  5.0000000000000003E-02,35,  1.0000000000000000E+00,  1.0000000000000000E+00,3,  1.2157812539303119E-01,61,3,497,497,0,  9.9259162237285903E-01,  9.9399999999999999E-01,  9.9399999999999999E-01,  9.9329531195762011E-01,  1.8386434900000001E-01,  5.3521000000000005E-04,0
374,  5.0000000000000003E-02,35,  1.0000000000000000E+00,  1.0000000000000000E+00,4,  1.2157812539303119E-01,61,3,497,497,0,  9.9259162237285903E-01,  9.9399999999999999E-01,  9.9399999999999999E-01,  9.9329531195762011E-01,  1.8631461399999999E-01,  5.3931100000000000E-04,0
375,  5.0000000000000003E-02,35,  1.0000000000000000E+00,  1.0000000000000000E+00,5,  1.2157812539303119E-01,61,3,497,497,0,  9.9259162237285903E-01,  9.9399999999999999E-01,  9.9399999999999999E-01,  9.9329531195762011E-01,  2.0336862200000000E-01,  5.3012199999999995E-04,0
376,  5.0000000000000003E-02,45,  2.5000000000000000E-01,  2.5000000000000000E-01,1,  1.2157812539303119E-01,51,18,394,394,0,  5.3667493749087347E-01,  7.8800000000000003E-01,  7.8800000000000003E-01,  6.3849603970592517E-01,  5.5343332000000002E-02,  4.6545799999999997E-04,0
377,  5.0000000000000003E-02,45,  2.5000000000000000E-01,  2.5000000000000000E-01,2,  1.2157812539303119E-01,51,20,396,394,2,  4.8361616854934880E-01,  7.9200000000000004E-01,  7.8800000000000003E-01,  6.0053175074860543E-01,  5.1866286999999997E-02,  4.6973799999999998E-04,0
378,  5.0000000000000003E-02,45,  2.5000000000000000E-01,  2.5000000000000000E-01,3,  1.2157812539303119E-01,51,20,396,394,2,  4.8361616854934880E-01,  7.9200000000000004E-01,  7.8800000000000003E-01,  6.0053175074860543E-01,  5.4293187999999999E-02,  5.2006199999999995E-04,0
379,  5.0000000000000003E-02,45,  2.5000000000000000E-01,  2.5000000000000000E-01,4,  1.2157812539303119E-01,51,20,396,394,2,  4.8361616854934880E-01,  7.9200000000000004E-01,  7.8800000000000003E-01,  6.0053175074860543E-01,  5.3795943999999998E-02,  4.7345200000000002E-04,0
380,  5.0000000000000003E-02,45,  2.5000000000000000E-01,  2.5000000000000000E-01,5,  1.2157812539303119E-01,51,21,400,394,6,  4.6833741879547652E-01,  8.0000000000000004E-01,  7.8800000000000003E-01,  5.9080482761787534E-01,  5.4300787000000003E-02,  5.3386099999999995E-04,0
381,  5.0000000000000003E-02,45,  2.5000000000000000E-01,  4.3750000000000000E-01,1,  1.2157812539303119E-01,51,18,394,394,0,  5.3667493749087347E-01,  7.8800000000000003E-01,  7.8800000000000003E-01,  6.3849603970592517E-01,  5.5669893999999998E-02,  4.6455299999999998E-04,0
382,  5.0000000000000003E-02,45,  2.5000000000000000E-01,  4.3750000000000000E-01,2,  1.2157812539303119E-01,51,20,396,394,2,  4.8361616854934880E-01,  7.9200000000000004E-01,  7.8800000000000003E-01,  6.0053175074860543E-01,  5.6201421000000001E-02,  5.2079999999999997E-04,0
383,  5.0000000000000003E-02,45,  2.5000000000000000E-01,  4.3750000000000000E-01,3,  1.2157812539303119E-01,51,20,396,394,2,  4.8361616854934880E-01,  7.9200000000000004E-01,  7.8800000000000003E-01,  6.0053175074860543E-01,  5.3244236000000000E-02,  4.9391500000000004E-04,0
384,  5.0000000000000003E-02,45,  2.5000000000000000E-01,  4.3750000000000000E-01,4,  1.2157812539303119E-01,51,20,396,394,2,  4.8361616854934880E-01,  7.9200000000000004E-01,  7.8800000000000003E-01,  6.0053175074860543E-01,  5.2779390000000002E-02,  6.4858199999999998E-04,0
385,  5.0000000000000003E-02,45,  2.5000000000000000E-01,  4.3750000000000000E-01,5,  1.2157812539303119E-01,51,21,400,394,6,  4.6833741879547652E-01,  8.0000000000000004E-01,  7.8800000000000003E-01,  5.9080482761787534E-01,  5.3123018000000001E-02,  5.0876199999999995E-04,0
386,  5.0000000000000003E-02,45,  2.5000000000000000E-01,  6.2500000000000000E-01,1,  1.2157812539303119E-01,51,18,394,394,0,  5.3667493749087347E-01,  7.8800000000000003E-01,  7.8800000000000003E-01,  6.3849603970592517E-01,  5.2804697999999997E-02,  4.9821000000000002E-04,0
387,  5.0000000000000003E-02,45,  2.5000000000000000E-01,  6.2500000000000000E-01,2,  1.2157812539303119E-01,51,20,396,394,2,  4.8361616854934880E-01,  7.9200000000000004E-01,  7.8800000000000003E-01,  6.0053175074860543E-01,  5.3966864000000003E-02,  4.6997899999999998E-04,0
388,  5.0000000000000003E-02,45,  2.5000000000000000E-01,  6.2500000000000000E-01,3,  1.2157812539303119E-01,51,20,396,394,2,  4.8361616854934880E-01,  7.9200000000000004E-01,  7.8800000000000003E-01,  6.0053175074860543E-01,  5.3547089999999999E-02,  4.7747900000000000E-04,0
389,  5.0000000000000003E-02,45,  2.5000000000000000E-01,  6.2500000000000000E-01,4,  1.2157812539303119E-01,51,20,396,394,2,  4.8361616854934880E-01,  7.9200000000000004E-01,  7.8800000000000003E-01,  6.0053175074860543E-01,  5.3411805999999999E-02,  4.7853700000000002E-04,0
390,  5.0000000000000003E-02,45,  2.5000000000000000E-01,  6.2500000000000000E-01,5,  1.2157812539303119E-01,51,21,400,394,6,  4.6833741879547652E-01,  8.0000000000000004E-01,  7.8800000000000003E-01,  5.9080482761787534E-01,  5.2790674000000003E-02,  5.1356199999999996E-04,0
391,  5.0000000000000003E-02,45,  2.5000000000000000E-01,  8.1250000000000000E-01,1,  1.2157812539303119E-01,51,18,394,394,0,  5.3667493749087347E-01,  7.8800000000000003E-01,  7.8800000000000003E-01,  6.3849603970592517E-01,  5.4431163999999997E-02,  5.5589200000000000E-04,0
392,  5.0000000000000003E-02,45,  2.5000000000000000E-01,  8.1250000000000000E-01,2,  1.2157812539303119E-01,51,20,396,394,2,  4.8361616854934880E-01,  7.9200000000000004E-01,  7.8800000000000003E-01,  6.0053175074860543E-01,  5.5379442000000001E-02,  4.7887899999999998E-04,0
393,  5.0000000000000003E-02,45,  2.5000000000000000E-01,  8.1250000000000000E-01,3,  1.2157812539303119E-01,51,20,396,394,2,  4.8361616854934880E-01,  7.9200000000000004E-01,  7.8800000000000003E-01,  6.0053175074860543E-01,  5.4976929000000001E-02,  4.6984099999999998E-04,0
394,  5.0000000000000003E-02,45,  2.5000000000000000E-01,  8.1250000000000000E-01,4,  1.2157812539303119E-01,51,20,396,394,2,  4.8361616854934880E-01,  7.9200000000000004E-01,  7.8800000000000003E-01,  6.0053175074860543E-01,  5.4686334000000003E-02,  4.8547000000000000E-04,0
395,  5.0000000000000003E-02,45,  2.5000000000000000E-01,  8.1250000000000000E-01,5,  1.2157812539303119E-01,51,21,400,394,6,  4.6833741879547652E-01,  8.0000000000000004E-01,  7.8800000000000003E-01,  5.9080482761787534E-01,  5.6470790000000000E-02,  4.7441600000000002E-04,0
396,  5.0000000000000003E-02,45,  2.5000000000000000E-01,  1.0000000000000000E+00,1,  1.2157812539303119E-01,51,18,394,394,0,  5.3667493749087347E-01,  7.8800000000000003E-01,  7.8800000000000003E-01,  6.3849603970592517E-01,  5.2784005000000002E-02,  4.7244000000000002E-04,0
397,  5.0000000000000003E-02,45,  2.5000000000000000E-01,  1.0000000000000000E+00,2,  1.2157812539303119E-01,51,20,396,394,2,  4.8361616854934880E-01,  7.9200000000000004E-01,  7.8800000000000003E-01,  6.0053175074860543E-01,  5.4945551000000002E-02,  5.1113799999999996E-04,0
398,  5.0000000000000003E-02,45,  2.5000000000000000E-01,  1.0000000000000000E+00,3,  1.2157812539303119E-01,51,20,396,394,2,  4.8361616854934880E-01,  7.9200000000000004E-01,  7.8800000000000003E-01,  6.0053175074860543E-01,  5.3638693000000001E-02,  4.6693499999999997E-04,0
399,  5.0000000000000003E-02,45,  2.5000000000000000E-01,  1.0000000000000000E+00,4,  1.2157812539303119E-01,51,20,396,394,2,  4.8361616854934880E-01,  7.9200000000000004E-01,  7.8800000000000003E-01,  6.0053175074860543E-01,  5.2317965000000001E-02,  4.7802300000000000E-04,0
400,  5.0000000000000003E-02,45,  2.5000000000000000E-01,  1.0000000000000000E+00,5,  1.2157812539303119E-01,51,21,400,394,6,  4.6833741879547652E-01,  8.0000000000000004E-01,  7.8800000000000003E-01,  5.9080482761787534E-01,  5.2645841999999998E-02,  4.7289300000000000E-04,0
401,  5.0000000000000003E-02,45,  4.3750000000000000E-01,  2.5000000000000000E-01,1,  1.2157812539303119E-01,51,10,473,473,0,  7.8013635396522052E-01,  9.4599999999999995E-01,  9.4599999999999995E-01,  8.5509929636296689E-01,  6.4042623000000007E-02,  6.0870599999999998E-04,0
402,  5.0000000000000003E-02,45,  4.3750000000000000E-01,  2.5000000000000000E-01,2,  1.2157812539303119E-01,51,12,475,473,2,  6.3466933633741285E-01,  9.4999999999999996E-01,  9.4599999999999995E-01,  7.6096111118561216E-01,  6.5670692000000003E-02,  6.2553900000000004E-04,0
403,  5.0000000000000003E-02,45,  4.3750000000000000E-01,  2.5000000000000000E-01,3,  1.2157812539303119E-01,51,13,477,473,4,  6.1531783969092835E-01,  9.5399999999999996E-01,  9.4599999999999995E-01,  7.4811259289674026E-01,  6.4882984000000005E-02,  5.2955299999999999E-04,0
404,  5.0000000000000003E-02,45,  4.3750000000000000E-01,  2.5000000000000000E-01,4,  1.2157812539303119E-01,51,14,480,473,7,  5.8663179524259035E-01,  9.5999999999999996E-01,  9.4599999999999995E-01,  7.2824899263700149E-01,  6.4859376999999996E-02,  5.3598199999999995E-04,0
405,  5.0000000000000003E-02,45,  4.3750000000000000E-01,  2.5000000000000000E-01,5,  1.2157812539303119E-01,51,14,480,473,7,  5.8663179524259035E-01,  9.5999999999999996E-01,  9.4599999999999995E-01,  7.2824899263700149E-01,  6.5529816000000005E-02,  5.2227000000000003E-04,0
406,  5.0000000000000003E-02,45,  4.3750000000000000E-01,  4.3750000000000000E-01,1,  1.2157812539303119E-01,51,10,473,473,0,  7.8013635396522052E-01,  9.4599999999999995E-01,  9.4599999999999995E-01,  8.5509929636296689E-01,  6.7250825000000000E-02,  5.3800699999999996E-04,0
407,  5.0000000000000003E-02,45,  4.3750000000000000E-01,  4.3750000000000000E-01,2,  1.2157812539303119E-01,51,12,475,473,2,  6.3466933633741285E-01,  9.4999999999999996E-01,  9.4599999999999995E-01,  7.6096111118561216E-01,  6.5759619000000005E-02,  5.5642099999999998E-04,0
408,  5.0000000000000003E-02,45,  4.3750000000000000E-01,  4.3750000000000000E-01,3,  1.2157812539303119E-01,51,13,477,473,4,  6.1531783969092835E-01,  9.5399999999999996E-01,  9.4599999999999995E-01,  7.4811259289674026E-01,  6.6131198000000002E-02,  5.7068699999999995E-04,0
409,  5.0000000000000003E-02,45,  4.3750000000000000E-01,  4.3750000000000000E-01,4,  1.2157812539303119E-01,51,14,480,473,7,  5.8663179524259035E-01,  9.5999999999999996E-01,  9.4599999999999995E-01,  7.2824899263700149E-01,  6.3907087000000001E-02,  5.3657900000000003E-04,0
410,  5.0000000000000003E-02,45,  4.3750000000000000E-01,  4.3750000000000000E-01,5,  1.2157812539303119E-01,51,14,480,473,7,  5.8663179524259035E-01,  9.5999999999999996E-01,  9.4599999999999995E-01,  7.2824899263700149E-01,  6.5481651000000002E-02,  5.3637599999999998E-04,0
411,  5.0000000000000003E-02,45,  4.3750000000000000E-01,  6.2500000000000000E-01,1,  1.2157812539303119E-01,51,10,473,473,0,  7.8013635396522052E-01,  9.4599999999999995E-01,  9.4599999999999995E-01,  8.5509929636296689E-01,  6.5851596999999998E-02,  5.1828699999999998E-04,0
412,  5.0000000000000003E-02,45,  4.3750000000000000E-01,  6.2500000000000000E-01,2,  1.2157812539303119E-01,51,12,475,473,2,  6.3466933633741285E-01,  9.4999999999999996E-01,  9.4599999999999995E-01,  7.6096111118561216E-01,  6.5483839000000002E-02,  5.6580699999999999E-04,0
413,  5.0000000000000003E-02,45,  4.3750000000000000E-01,  6.2500000000000000E-01,3,  1.2157812539303119E-01,51,13,477,473,4,  6.1531783969092835E-01,  9.5399999999999996E-01,  9.4599999999999995E-01,  7.4811259289674026E-01,  6.7110415000000007E-02,  5.2846900000000005E-04,0
414,  5.0000000000000003E-02,45,  4.3750000000000000E-01,  6.2500000000000000E-01,4,  1.2157812539303119E-01,51,14,480,473,7,  5.8663179524259035E-01,  9.5999999999999996E-01,  9.4599999999999995E-01,  7.2824899263700149E-01,  6.4872646000000006E-02,  5.8132099999999999E-04,0
415,  5.0000000000000003E-02,45,  4.3750000000000000E-01,  6.2500000000000000E-01,5,  1.2157812539303119E-01,51,14,480,473,7,  5.8663179524259035E-01,  9.5999999999999996E-01,  9.4599999999999995E-01,  7.2824899263700149E-01,  6.4871677000000003E-02,  5.7821100000000002E-04,0
416,  5.0000000000000003E-02,45,  4.3750000000000000E-01,  8.1250000000000000E-01,1,  1.2157812539303119E-01,51,10,473,473,0,  7.8013635396522052E-01,  9.4599999999999995E-01,  9.4599999999999995E-01,  8.5509929636296689E-01,  6.6393254999999998E-02,  5.0999699999999999E-04,0
417,  5.0000000000000003E-02,45,  4.3750000000000000E-01,  8.1250000000000000E-01,2,  1.2157812539303119E-01,51,12,475,473,2,  6.3466933633741285E-01,  9.4999999999999996E-01,  9.4599999999999995E-01,  7.6096111118561216E-01,  6.5566761000000001E-02,  5.2921800000000003E-04,0
418,  5.0000000000000003E-02,45,  4.3750000000000000E-01,  8.1250000000000000E-01,3,  1.2157812539303119E-01,51,13,477,473,4,  6.1531783969092835E-01,  9.5399999999999996E-01,  9.4599999999999995E-01,  7.4811259289674026E-01,  6.6630907000000003E-02,  5.2710599999999995E-04,0
419,  5.0000000000000003E-02,45,  4.3750000000000000E-01,  8.1250000000000000E-01,4,  1.2157812539303119E-01,51,14,480,473,7,  5.8663179524259035E-01,  9.5999999999999996E-01,  9.4599999999999995E-01,  7.2824899263700149E-01,  6.3671951000000004E-02,  5.4626700000000002E-04,0
420,  5.0000000000000003E-02,45,  4.3750000000000000E-01,  8.1250000000000000E-01,5,  1.2157812539303119E-01,51,14,480,473,7,  5.8663179524259035E-01,  9.5999999999999996E-01,  9.4599999999999995E-01,  7.2824899263700149E-01,  6.7758531999999996E-02,  5.7704299999999996E-04,0
421,  5.0000000000000003E-02,45,  4.3750000000000000E-01,  1.0000000000000000E+00,1,  1.2157812539303119E-01,51,10,473,473,0,  7.8013635396522052E-01,  9.4599999999999995E-01,  9.4599999999999995E-01,  8.5509929636296689E-01,  6.6242344999999994E-02,  5.7725300000000001E-04,0
422,  5.0000000000000003E-02,45,  4.3750000000000000E-01,  1.0000000000000000E+00,2,  1.2157812539303119E-01,51,12,475,473,2,  6.3466933633741285E-01,  9.4999999999999996E-01,  9.4599999999999995E-01,  7.6096111118561216E-01,  6.7934183999999995E-02,  5.4208200000000005E-04,0
423,  5.0000000000000003E-02,45,  4.3750000000000000E-01,  1.0000000000000000E+00,3,  1.2157812539303119E-01,51,13,477,473,4,  6.1531783969092835E-01,  9.5399999999999996E-01,  9.4599999999999995E-01,  7.4811259289674026E-01,  6.6241402000000005E-02,  5.3693199999999995E-04,0
424,  5.0000000000000003E-02,45,  4.3750000000000000E-01,  1.0000000000000000E+00,4,  1.2157812539303119E-01,51,14,480,473,7,  5.8663179524259035E-01,  9.5999999999999996E-01,  9.4599999999999995E-01,  7.2824899263700149E-01,  6.4866403000000003E-02,  5.3546300000000002E-04,0
425,  5.0000000000000003E-02,45,  4.3750000000000000E-01,  1.0000000000000000E+00,5,  1.2157812539303119E-01,51,14,480,473,7,  5.8663179524259035E-01,  9.5999999999999996E-01,  9.4599999999999995E-01,  7.2824899263700149E-01,  6.3302869999999997E-02,  5.3671199999999995E-04,0
426,  5.0000000000000003E-02,45,  6.2500000000000000E-01,  2.5000000000000000E-01,1,  1.2157812539303119E-01,51,3,495,495,0,  9.9409585551902058E-01,  9.8999999999999999E-01,  9.8999999999999999E-01,  9.9204370013301091E-01,  1.2162975500000001E-01,  5.5666099999999996E-04,0
427,  5.0000000000000003E-02,45,  6.2500000000000000E-01,  2.5000000000000000E-01,2,  1.2157812539303119E-01,51,3,495,495,0,  9.9409585551902058E-01,  9.8999999999999999E-01,  9.8999999999999999E-01,  9.9204370013301091E-01,  1.1988658400000000E-01,  5.4343800000000004E-04,0
428,  5.0000000000000003E-02,45,  6.2500000000000000E-01,  2.5000000000000000E-01,3,  1.2157812539303119E-01,51,3,495,495,0,  9.9409585551902058E-01,  9.8999999999999999E-01,  9.8999999999999999E-01,  9.9204370013301091E-01,  1.1971246100000001E-01,  5.8578299999999999E-04,0
429,  5.0000000000000003E-02,45,  6.2500000000000000E-01,  2.5000000000000000E-01,4,  1.2157812539303119E-01,51,4,498,495,3,  9.7480229877594282E-01,  9.9600000000000000E-01,  9.8999999999999999E-01,  9.8528714948613871E-01,  1.2600287700000001E-01,  6.0105700000000000E-04,0
430,  5.0000000000000003E-02,45,  6.2500000000000000E-01,  2.5000000000000000E-01,5,  1.2157812539303119E-01,51,4,498,495,3,  9.7480229877594282E-01,  9.9600000000000000E-01,  9.8999999999999999E-01,  9.8528714948613871E-01,  1.2270387900000000E-01,  5.6335499999999998E-04,0
431,  5.0000000000000003E-02,45,  6.2500000000000000E-01,  4.3750000000000000E-01,1,  1.2157812539303119E-01,51,3,495,495,0,  9.9409585551902058E-01,  9.8999999999999999E-01,  9.8999999999999999E-01,  9.9204370013301091E-01,  1.2336827500000000E-01,  5.5472200000000001E-04,0
432,  5.0000000000000003E-02,45,  6.2500000000000000E-01,  4.3750000000000000E-01,2,  1.2157812539303119E-01,51,3,495,495,0,  9.9409585551902058E-01,  9.8999999999999999E-01,  9.8999999999999999E-01,  9.9204370013301091E-01,  1.2037723400000000E-01,  5.8359199999999996E-04,0
433,  5.0000000000000003E-02,45,  6.2500000000000000E-01,  4.3750000000000000E-01,3,  1.2157812539303119E-01,51,3,495,495,0,  9.9409585551902058E-01,  9.8999999999999999E-01,  9.8999999999999999E-01,  9.9204370013301091E-01,  1.1895091800000000E-01,  5.6027200000000001E-04,0
434,  5.0000000000000003E-02,45,  6.2500000000000000E-01,  4.3750000000000000E-01,4,  1.2157812539303119E-01,51,4,498,495,3,  9.7480229877594282E-01,  9.9600000000000000E-01,  9.8999999999999999E-01,  9.8528714948613871E-01,  1.2764080500000000E-01,  5.5906700000000001E-04,0
435,  5.0000000000000003E-02,45,  6.2500000000000000E-01,  4.3750000000000000E-01,5,  1.2157812539303119E-01,51,4,498,495,3,  9.7480229877594282E-01,  9.9600000000000000E-01,  9.8999999999999999E-01,  9.8528714948613871E-01,  1.2873397700000000E-01,  5.4242799999999996E-04,0
436,  5.0000000000000003E-02,45,  6.2500000000000000E-01,  6.2500000000000000E-01,1,  1.2157812539303119E-01,51,3,495,495,0,  9.9409585551902058E-01,  9.8999999999999999E-01,  9.8999999999999999E-01,  9.9204370013301091E-01,  1.2714316400000000E-01,  5.9688600000000003E-04,0
437,  5.0000000000000003E-02,45,  6.2500000000000000E-01,  6.2500000000000000E-01,2,  1.2157812539303119E-01,51,3,495,495,0,  9.9409585551902058E-01,  9.8999999999999999E-01,  9.8999999999999999E-01,  9.9204370013301091E-01,  1.2679019000000000E-01,  5.8798800000000001E-04,0
438,  5.0000000000000003E-02,45,  6.2500000000000000E-01,  6.2500000000000000E-01,3,  1.2157812539303119E-01,51,3,495,495,0,  9.9409585551902058E-01,  9.8999999999999999E-01,  9.8999999999999999E-01,  9.9204370013301091E-01,  1.2722163200000000E-01,  7.1307200000000003E-04,0
439,  5.0000000000000003E-02,45,  6.2500000000000000E-01,  6.2500000000000000E-01,4,  1.2157812539303119E-01,51,4,498,495,3,  9.7480229877594282E-01,  9.9600000000000000E-01,  9.8999999999999999E-01,  9.8528714948613871E-01,  1.2649958600000000E-01,  5.9212499999999999E-04,0
440,  5.0000000000000003E-02,45,  6.2500000000000000E-01,  6.2500000000000000E-01,5,  1.2157812539303119E-01,51,4,498,495,3,  9.7480229877594282E-01,  9.9600000000000000E-01,  9.8999999999999999E-01,  9.8528714948613871E-01,  1.2333017500000000E-01,  5.3976899999999995E-04,0
441,  5.0000000000000003E-02,45,  6.2500000000000000E-01,  8.1250000000000000E-01,1,  1.2157812539303119E-01,51,3,495,495,0,  9.9409585551902058E-01,  9.8999999999999999E-01,  9.8999999999999999E-01,  9.9204370013301091E-01,  1.2717361299999999E-01,  5.5793599999999998E-04,0
442,  5.0000000000000003E-02,45,  6.2500000000000000E-01,  8.1250000000000000E-01,2,  1.2157812539303119E-01,51,3,495,495,0,  9.9409585551902058E-01,  9.8999999999999999E-01,  9.8999999999999999E-01,  9.9204370013301091E-01,  1.2715528500000001E-01,  5.4643200000000002E-04,0
443,  5.0000000000000003E-02,45,  6.2500000000000000E-01,  8.1250000000000000E-01,3,  1.2157812539303119E-01,51,3,495,495,0,  9.9409585551902058E-01,  9.8999999999999999E-01,  9.8999999999999999E-01,  9.9204370013301091E-01,  1.2769036700000000E-01,  5.2431099999999996E-04,0
444,  5.0000000000000003E-02,45,  6.2500000000000000E-01,  8.1250000000000000E-01,4,  1.2157812539303119E-01,51,4,498,495,3,  9.7480229877594282E-01,  9.9600000000000000E-01,  9.8999999999999999E-01,  9.8528714948613871E-01,  1.1653703999999999E-01,  5.7382899999999998E-04,0
445,  5.0000000000000003E-02,45,  6.2500000000000000E-01,  8.1250000000000000E-01,5,  1.2157812539303119E-01,51,4,498,495,3,  9.7480229877594282E-01,  9.9600000000000000E-01,  9.8999999999999999E-01,  9.8528714948613871E-01,  1.1777436700000000E-01,  5.3790499999999998E-04,0
446,  5.0000000000000003E-02,45,  6.2500000000000000E-01,  1.0000000000000000E+00,1,  1.2157812539303119E-01,51,3,495,495,0,  9.9409585551902058E-01,  9.8999999999999999E-01,  9.8999999999999999E-01,  9.9204370013301091E-01,  1.2110414100000000E-01,  6.1090700000000005E-04,0
447,  5.0000000000000003E-02,45,  6.2500000000000000E-01,  1.0000000000000000E+00,2,  1.2157812539303119E-01,51,3,495,495,0,  9.9409585551902058E-01,  9.8999999999999999E-01,  9.8999999999999999E-01,  9.9204370013301091E-01,  1.1777336900000000E-01,  6.5204300000000005E-04,0
448,  5.0000000000000003E-02,45,  6.2500000000000000E-01,  1.0000000000000000E+00,3,  1.2157812539303119E-01,51,3,495,495,0,  9.9409585551902058E-01,  9.8999999999999999E-01,  9.8999999999999999E-01,  9.9204370013301091E-01,  1.2013658700000000E-01,  5.2139000000000005E-04,0
449,  5.0000000000000003E-02,45,  6.2500000000000000E-01,  1.0000000000000000E+00,4,  1.2157812539303119E-01,51,4,498,495,3,  9.7480229877594282E-01,  9.9600000000000000E-01,  9.8999999999999999E-01,  9.8528714948613871E-01,  1.1973702200000000E-01,  6.0508700000000003E-04,0
450,  5.0000000000000003E-02,45,  6.2500000000000000E-01,  1.0000000000000000E+00,5,  1.2157812539303119E-01,51,4,498,495,3,  9.7480229877594282E-01,  9.9600000000000000E-01,  9.8999999999999999E-01,  9.8528714948613871E-01,  1.4373333899999999E-01,  6.0852900000000001E-04,0
451,  5.0000000000000003E-02,45,  8.1250000000000000E-01,  2.5000000000000000E-01,1,  1.2157812539303119E-01,51,3,499,499,0,  9.9745155956295983E-01,  9.9800000000000000E-01,  9.9800000000000000E-01,  9.9772570441334796E-01,  1.3902334899999999E-01,  5.9478999999999999E-04,0
452,  5.0000000000000003E-02,45,  8.1250000000000000E-01,  2.5000000000000000E-01,2,  1.2157812539303119E-01,51,3,499,499,0,  9.9745155956295983E-01,  9.9800000000000000E-01,  9.9800000000000000E-01,  9.9772570441334796E-01,  1.3731260100000001E-01,  5.4360900000000002E-04,0
453,  5.0000000000000003E-02,45,  8.1250000000000000E-01,  2.5000000000000000E-01,3,  1.2157812539303119E-01,51,3,499,499,0,  9.9745155956295983E-01,  9.9800000000000000E-01,  9.9800000000000000E-01,  9.9772570441334796E-01,  1.3646054399999999E-01,  5.2318500000000001E-04,0
454,  5.0000000000000003E-02,45,  8.1250000000000000E-01,  2.5000000000000000E-01,4,  1.2157812539303119E-01,51,3,499,499,0,  9.9745155956295983E-01,  9.9800000000000000E-01,  9.9800000000000000E-01,  9.9772570441334796E-01,  1.3728029400000000E-01,  5.8063400000000001E-04,0
455,  5.0000000000000003E-02,45,  8.1250000000000000E-01,  2.5000000000000000E-01,5,  1.2157812539303119E-01,51,3,499,499,0,  9.9745155956295983E-01,  9.9800000000000000E-01,  9.9800000000000000E-01,  9.9772570441334796E-01,  1.3935543800000000E-01,  5.6007900000000000E-04,0
456,  5.0000000000000003E-02,45,  8.1250000000000000E-01,  4.3750000000000000E-01,1,  1.2157812539303119E-01,51,3,499,499,0,  9.9745155956295983E-01,  9.9800000000000000E-01,  9.9800000000000000E-01,  9.9772570441334796E-01,  1.3662389500000000E-01,  5.2945599999999998E-04,0
457,  5.0000000000000003E-02,45,  8.1250000000000000E-01,  4.3750000000000000E-01,2,  1.2157812539303119E-01,51,3,499,499,0,  9.9745155956295983E-01,  9.9800000000000000E-01,  9.9800000000000000E-01,  9.9772570441334796E-01,  1.4857587300000000E-01,  5.5539700000000001E-04,0
458,  5.0000000000000003E-02,45,  8.1250000000000000E-01,  4.3750000000000000E-01,3,  1.2157812539303119E-01,51,3,499,499,0,  9.9745155956295983E-01,  9.9800000000000000E-01,  9.9800000000000000E-01,  9.9772570441334796E-01,  1.3595013300000000E-01,  5.8421999999999999E-04,0
459,  5.0000000000000003E-02,45,  8.1250000000000000E-01,  4.3750000000000000E-01,4,  1.2157812539303119E-01,51,3,499,499,0,  9.9745155956295983E-01,  9.9800000000000000E-01,  9.9800000000000000E-01,  9.9772570441334796E-01,  1.4603916200000000E-01,  6.4812799999999999E-04,0
460,  5.0000000000000003E-02,45,  8.1250000000000000E-01,  4.3750000000000000E-01,5,  1.2157812539303119E-01,51,3,499,499,0,  9.9745155956295983E-01,  9.9800000000000000E-01,  9.9800000000000000E-01,  9.9772570441334796E-01,  1.4118873100000001E-01,  5.4500600000000001E-04,0
461,  5.0000000000000003E-02,45,  8.1250000000000000E-01,  6.2500000000000000E-01,1,  1.2157812539303119E-01,51,3,499,499,0,  9.9745155956295983E-01,  9.9800000000000000E-01,  9.9800000000000000E-01,  9.9772570441334796E-01,  1.3526094999999999E-01,  5.7868899999999996E-04,0
462,  5.0000000000000003E-02,45,  8.1250000000000000E-01,  6.2500000000000000E-01,2,  1.2157812539303119E-01,51,3,499,499,0,  9.9745155956295983E-01,  9.9800000000000000E-01,  9.9800000000000000E-01,  9.9772570441334796E-01,  1.3697319899999999E-01,  5.8006200000000000E-04,0
463,  5.0000000000000003E-02,45,  8.1250000000000000E-01,  6.2500000000000000E-01,3,  1.2157812539303119E-01,51,3,499,499,0,  9.9745155956295983E-01,  9.9800000000000000E-01,  9.9800000000000000E-01,  9.9772570441334796E-01,  1.3744334899999999E-01,  6.4299900000000000E-04,0
464,  5.0000000000000003E-02,45,  8.1250000000000000E-01,  6.2500000000000000E-01,4,  1.2157812539303119E-01,51,3,499,499,0,  9.9745155956295983E-01,  9.9800000000000000E-01,  9.9800000000000000E-01,  9.9772570441334796E-01,  1.4332992000000000E-01,  5.4602500000000000E-04,0
465,  5.0000000000000003E-02,45,  8.1250000000000000E-01,  6.2500000000000000E-01,5,  1.2157812539303119E-01,51,3,499,499,0,  9.9745155956295983E-01,  9.9800000000000000E-01,  9.9800000000000000E-01,  9.9772570441334796E-01,  1.3807062900000000E-01,  5.4941699999999996E-04,0
466,  5.0000000000000003E-02,45,  8.1250000000000000E-01,  8.1250000000000000E-01,1,  1.2157812539303119E-01,51,2,499,499,0,  9.9969964767769837E-01,  9.9800000000000000E-01,  9.9800000000000000E-01,  9.9884910080667766E-01,  1.3959070700000001E-01,  5.3650699999999998E-04,0
467,  5.0000000000000003E-02,45,  8.1250000000000000E-01,  8.1250000000000000E-01,2,  1.2157812539303119E-01,51,2,499,499,0,  9.9969964767769837E-01,  9.9800000000000000E-01,  9.9800000000000000E-01,  9.9884910080667766E-01,  1.4264037700000001E-01,  5.5665499999999998E-04,0
468,  5.0000000000000003E-02,45,  8.1250000000000000E-01,  8.1250000000000000E-01,3,  1.2157812539303119E-01,51,2,499,499,0,  9.9969964767769837E-01,  9.9800000000000000E-01,  9.9800000000000000E-01,  9.9884910080667766E-01,  1.3890254199999999E-01,  5.1664500000000004E-04,0
469,  5.0000000000000003E-02,45,  8.1250000000000000E-01,  8.1250000000000000E-01,4,  1.2157812539303119E-01,51,2,499,499,0,  9.9969964767769837E-01,  9.9800000000000000E-01,  9.9800000000000000E-01,  9.9884910080667766E-01,  1.3849799600000001E-01,  5.4481600000000005E-04,0
470,  5.0000000000000003E-02,45,  8.1250000000000000E-01,  8.1250000000000000E-01,5,  1.2157812539303119E-01,51,2,499,499,0,  9.9969964767769837E-01,  9.9800000000000000E-01,  9.9800000000000000E-01,  9.9884910080667766E-01,  1.3981488500000000E-01,  5.8352999999999996E-04,0
471,  5.0000000000000003E-02,45,  8.1250000000000000E-01,  1.0000000000000000E+00,1,  1.2157812539303119E-01,51,2,499,499,0,  9.9969964767769837E-01,  9.9800000000000000E-01,  9.9800000000000000E-01,  9.9884910080667766E-01,  1.4743461499999999E-01,  5.7989499999999998E-04,0
472,  5.0000000000000003E-02,45,  8.1250000000000000E-01,  1.0000000000000000E+00,2,  1.2157812539303119E-01,51,2,499,499,0,  9.9969964767769837E-01,  9.9800000000000000E-01,  9.9800000000000000E-01,  9.9884910080667766E-01,  1.4196863200000001E-01,  5.5045199999999999E-04,0
473,  5.0000000000000003E-02,45,  8.1250000000000000E-01,  1.0000000000000000E+00,3,  1.2157812539303119E-01,51,2,499,499,0,  9.9969964767769837E-01,  9.9800000000000000E-01,  9.9800000000000000E-01,  9.9884910080667766E-01,  1.3938654200000000E-01,  5.3564900000000002E-04,0
474,  5.0000000000000003E-02,45,  8.1250000000000000E-01,  1.0000000000000000E+00,4,  1.2157812539303119E-01,51,2,499,499,0,  9.9969964767769837E-01,  9.9800000000000000E-01,  9.9800000000000000E-01,  9.9884910080667766E-01,  1.3839138600000001E-01,  5.4049000000000002E-04,0
475,  5.0000000000000003E-02,45,  8.1250000000000000E-01,  1.0000000000000000E+00,5,  1.2157812539303119E-01,51,2,499,499,0,  9.9969964767769837E-01,  9.9800000000000000E-01,  9.9800000000000000E-01,  9.9884910080667766E-01,  1.3960081499999999E-01,  5.7345100000000000E-04,0
476,  5.0000000000000003E-02,45,  1.0000000000000000E+00,  2.5000000000000000E-01,1,  1.2157812539303119E-01,51,4,498,498,0,  9.8871411857856983E-01,  9.9600000000000000E-01,  9.9600000000000000E-01,  9.9234368606147583E-01,  1.4405108999999999E-01,  5.3782899999999998E-04,0
477,  5.0000000000000003E-02,45,  1.0000000000000000E+00,  2.5000000000000000E-01,2,  1.2157812539303119E-01,51,4,498,498,0,  9.8871411857856983E-01,  9.9600000000000000E-01,  9.9600000000000000E-01,  9.9234368606147583E-01,  1.4196514399999999E-01,  5.4899699999999996E-04,0
478,  5.0000000000000003E-02,45,  1.0000000000000000E+00,  2.5000000000000000E-01,3,  1.2157812539303119E-01,51,4,498,498,0,  9.8871411857856983E-01,  9.9600000000000000E-01,  9.9600000000000000E-01,  9.9234368606147583E-01,  1.4337931400000001E-01,  5.4672800000000001E-04,0
479,  5.0000000000000003E-02,45,  1.0000000000000000E+00,  2.5000000000000000E-01,4,  1.2157812539303119E-01,51,4,498,498,0,  9.8871411857856983E-01,  9.9600000000000000E-01,  9.9600000000000000E-01,  9.9234368606147583E-01,  1.4229394400000001E-01,  5.5296900000000005E-04,0
480,  5.0000000000000003E-02,45,  1.0000000000000000E+00,  2.5000000000000000E-01,5,  1.2157812539303119E-01,51,4,498,498,0,  9.8871411857856983E-01,  9.9600000000000000E-01,  9.9600000000000000E-01,  9.9234368606147583E-01,  1.4403385499999999E-01,  8.0410799999999999E-04,0
481,  5.0000000000000003E-02,45,  1.0000000000000000E+00,  4.3750000000000000E-01,1,  1.2157812539303119E-01,51,3,500,500,0,  9.9775505113494634E-01,  1.0000000000000000E+00,  1.0000000000000000E+00,  9.9887626420277187E-01,  1.4801874600000001E-01,  5.6705099999999995E-04,0
482,  5.0000000000000003E-02,45,  1.0000000000000000E+00,  4.3750000000000000E-01,2,  1.2157812539303119E-01,51,3,500,500,0,  9.9775505113494634E-01,  1.0000000000000000E+00,  1.0000000000000000E+00,  9.9887626420277187E-01,  1.4709941800000001E-01,  5.5409500000000000E-04,0
483,  5.0000000000000003E-02,45,  1.0000000000000000E+00,  4.3750000000000000E-01,3,  1.2157812539303119E-01,51,3,500,500,0,  9.9775505113494634E-01,  1.0000000000000000E+00,  1.0000000000000000E+00,  9.9887626420277187E-01,  1.4644103300000000E-01,  7.9336599999999999E-04,0
484,  5.0000000000000003E-02,45,  1.0000000000000000E+00,  4.3750000000000000E-01,4,  1.2157812539303119E-01,51,3,500,500,0,  9.9775505113494634E-01,  1.0000000000000000E+00,  1.0000000000000000E+00,  9.9887626420277187E-01,  1.4454546900000001E-01,  5.9619800000000004E-04,0
485,  5.0000000000000003E-02,45,  1.0000000000000000E+00,  4.3750000000000000E-01,5,  1.2157812539303119E-01,51,3,500,500,0,  9.9775505113494634E-01,  1.0000000000000000E+00,  1.0000000000000000E+00,  9.9887626420277187E-01,  1.4758140500000000E-01,  5.4283900000000004E-04,0
486,  5.0000000000000003E-02,45,  1.0000000000000000E+00,  6.2500000000000000E-01,1,  1.2157812539303119E-01,51,3,500,500,0,  9.9775505113494634E-01,  1.0000000000000000E+00,  1.0000000000000000E+00,  9.9887626420277187E-01,  1.4689357400000000E-01,  6.1666499999999996E-04,0
487,  5.0000000000000003E-02,45,  1.0000000000000000E+00,  6.2500000000000000E-01,2,  1.2157812539303119E-01,51,3,500,500,0,  9.9775505113494634E-01,  1.0000000000000000E+00,  1.0000000000000000E+00,  9.9887626420277187E-01,  1.4870318499999999E-01,  5.2610400000000000E-04,0
488,  5.0000000000000003E-02,45,  1.0000000000000000E+00,  6.2500000000000000E-01,3,  1.2157812539303119E-01,51,3,500,500,0,  9.9775505113494634E-01,  1.0000000000000000E+00,  1.0000000000000000E+00,  9.9887626420277187E-01,  1.4617251700000000E-01,  5.3332200000000003E-04,0
489,  5.0000000000000003E-02,45,  1.0000000000000000E+00,  6.2500000000000000E-01,4,  1.2157812539303119E-01,51,3,500,500,0,  9.9775505113494634E-01,  1.0000000000000000E+00,  1.0000000000000000E+00,  9.9887626420277187E-01,  1.4818760600000000E-01,  5.3579099999999998E-04,0
490,  5.0000000000000003E-02,45,  1.0000000000000000E+00,  6.2500000000000000E-01,5,  1.2157812539303119E-01,51,3,500,500,0,  9.9775505113494634E-01,  1.0000000000000000E+00,  1.0000000000000000E+00,  9.9887626420277187E-01,  1.4978543599999999E-01,  8.4477100000000002E-04,0
491,  5.0000000000000003E-02,45,  1.0000000000000000E+00,  8.1250000000000000E-01,1,  1.2157812539303119E-01,51,2,500,500,0,  1.0000000000000000E+00,  1.0000000000000000E+00,  1.0000000000000000E+00,  1.0000000000000000E+00,  1.4907882600000000E-01,  5.3121199999999998E-04,0
492,  5.0000000000000003E-02,45,  1.0000000000000000E+00,  8.1250000000000000E-01,2,  1.2157812539303119E-01,51,2,500,500,0,  1.0000000000000000E+00,  1.0000000000000000E+00,  1.0000000000000000E+00,  1.0000000000000000E+00,  1.5144345300000001E-01,  5.4029600000000001E-04,0
493,  5.0000000000000003E-02,45,  1.0000000000000000E+00,  8.1250000000000000E-01,3,  1.2157812539303119E-01,51,2,500,500,0,  1.0000000000000000E+00,  1.0000000000000000E+00,  1.0000000000000000E+00,  1.0000000000000000E+00,  1.5256010300000000E-01,  5.6600300000000004E-04,0
494,  5.0000000000000003E-02,45,  1.0000000000000000E+00,  8.1250000000000000E-01,4,  1.2157812539303119E-01,51,2,500,500,0,  1.0000000000000000E+00,  1.0000000000000000E+00,  1.0000000000000000E+00,  1.0000000000000000E+00,  1.5284171199999999E-01,  7.0137499999999996E-04,0
495,  5.0000000000000003E-02,45,  1.0000000000000000E+00,  8.1250000000000000E-01,5,  1.2157812539303119E-01,51,2,500,500,0,  1.0000000000000000E+00,  1.0000000000000000E+00,  1.0000000000000000E+00,  1.0000000000000000E+00,  1.5136267100000000E-01,  5.3448199999999997E-04,0
496,  5.0000000000000003E-02,45,  1.0000000000000000E+00,  1.0000000000000000E+00,1,  1.2157812539303119E-01,51,2,500,500,0,  1.0000000000000000E+00,  1.0000000000000000E+00,  1.0000000000000000E+00,  1.0000000000000000E+00,  1.4990172500000001E-01,  5.5602899999999999E-04,0
497,  5.0000000000000003E-02,45,  1.0000000000000000E+00,  1.0000000000000000E+00,2,  1.2157812539303119E-01,51,2,500,500,0,  1.0000000000000000E+00,  1.0000000000000000E+00,  1.0000000000000000E+00,  1.0000000000000000E+00,  1.4777058300000001E-01,  5.5045900000000000E-04,0
498,  5.0000000000000003E-02,45,  1.0000000000000000E+00,  1.0000000000000000E+00,3,  1.2157812539303119E-01,51,2,500,500,0,  1.0000000000000000E+00,  1.0000000000000000E+00,  1.0000000000000000E+00,  1.0000000000000000E+00,  1.5018896800000001E-01,  6.8285000000000004E-04,0
499,  5.0000000000000003E-02,45,  1.0000000000000000E+00,  1.0000000000000000E+00,4,  1.2157812539303119E-01,51,2,500,500,0,  1.0000000000000000E+00,  1.0000000000000000E+00,  1.0000000000000000E+00,  1.0000000000000000E+00,  1.4817309700000000E-01,  5.4615299999999996E-04,0
500,  5.0000000000000003E-02,45,  1.0000000000000000E+00,  1.0000000000000000E+00,5,  1.2157812539303119E-01,51,2,500,500,0,  1.0000000000000000E+00,  1.0000000000000000E+00,  1.0000000000000000E+00,  1.0000000000000000E+00,  1.4904379200000001E-01,  5.5277500000000003E-04,0
501,  5.0000000000000003E-02,55,  2.5000000000000000E-01,  2.5000000000000000E-01,1,  1.2157812539303119E-01,43,16,384,384,0,  5.5850641278846302E-01,  7.6800000000000002E-01,  7.6800000000000002E-01,  6.4671066929842458E-01,  4.5612557999999997E-02,  4.5424499999999999E-04,0
502,  5.0000000000000003E-02,55,  2.5000000000000000E-01,  2.5000000000000000E-01,2,  1.2157812539303119E-01,43,19,387,384,3,  4.5959578060346418E-01,  7.7400000000000002E-01,  7.6800000000000002E-01,  5.7673208644255036E-01,  4.5231966999999998E-02,  4.7826400000000000E-04,0
503,  5.0000000000000003E-02,55,  2.5000000000000000E-01,  2.5000000000000000E-01,3,  1.2157812539303119E-01,43,19,387,384,3,  4.5959578060346418E-01,  7.7400000000000002E-01,  7.6800000000000002E-01,  5.7673208644255036E-01,  4.5041724999999998E-02,  4.6341699999999998E-04,0
504,  5.0000000000000003E-02,55,  2.5000000000000000E-01,  2.5000000000000000E-01,4,  1.2157812539303119E-01,43,19,387,384,3,  4.5959578060346418E-01,  7.7400000000000002E-01,  7.6800000000000002E-01,  5.7673208644255036E-01,  4.6021421999999999E-02,  4.6099500000000001E-04,0
505,  5.0000000000000003E-02,55,  2.5000000000000000E-01,  2.5000000000000000E-01,5,  1.2157812539303119E-01,43,19,387,384,3,  4.5959578060346418E-01,  7.7400000000000002E-01,  7.6800000000000002E-01,  5.7673208644255036E-01,  4.2699472000000002E-02,  4.5892099999999999E-04,0
506,  5.0000000000000003E-02,55,  2.5000000000000000E-01,  4.3750000000000000E-01,1,  1.2157812539303119E-01,43,16,384,384,0,  5.5850641278846302E-01,  7.6800000000000002E-01,  7.6800000000000002E-01,  6.4671066929842458E-01,  4.2865027999999999E-02,  4.5891999999999998E-04,0
507,  5.0000000000000003E-02,55,  2.5000000000000000E-01,  4.3750000000000000E-01,2,  1.2157812539303119E-01,43,19,387,384,3,  4.5959578060346418E-01,  7.7400000000000002E-01,  7.6800000000000002E-01,  5.7673208644255036E-01,  4.4216718000000002E-02,  5.1538500000000004E-04,0
508,  5.0000000000000003E-02,55,  2.5000000000000000E-01,  4.3750000000000000E-01,3,  1.2157812539303119E-01,43,19,387,384,3,  4.5959578060346418E-01,  7.7400000000000002E-01,  7.6800000000000002E-01,  5.7673208644255036E-01,  4.5248318000000003E-02,  4.6058900000000002E-04,0
509,  5.0000000000000003E-02,55,  2.5000000000000000E-01,  4.3750000000000000E-01,4,  1.2157812539303119E-01,43,19,387,384,3,  4.5959578060346418E-01,  7.7400000000000002E-01,  7.6800000000000002E-01,  5.7673208644255036E-01,  4.3950673000000003E-02,  4.7664499999999999E-04,0
510,  5.0000000000000003E-02,55,  2.5000000000000000E-01,  4.3750000000000000E-01,5,  1.2157812539303119E-01,43,19,387,384,3,  4.5959578060346418E-01,  7.7400000000000002E-01,  7.6800000000000002E-01,  5.7673208644255036E-01,  4.5659221000000000E-02,  4.7405300000000000E-04,0
511,  5.0000000000000003E-02,55,  2.5000000000000000E-01,  6.2500000000000000E-01,1,  1.2157812539303119E-01,43,16,384,384,0,  5.5850641278846302E-01,  7.6800000000000002E-01,  7.6800000000000002E-01,  6.4671066929842458E-01,  4.5885034999999998E-02,  4.7949400000000001E-04,0
512,  5.0000000000000003E-02,55,  2.5000000000000000E-01,  6.2500000000000000E-01,2,  1.2157812539303119E-01,43,19,387,384,3,  4.5959578060346418E-01,  7.7400000000000002E-01,  7.6800000000000002E-01,  5.7673208644255036E-01,  4.4077577999999999E-02,  4.6443100000000001E-04,0
513,  5.0000000000000003E-02,55,  2.5000000000000000E-01,  6.2500000000000000E-01,3,  1.2157812539303119E-01,43,19,387,384,3,  4.5959578060346418E-01,  7.7400000000000002E-01,  7.6800000000000002E-01,  5.7673208644255036E-01,  4.4330555000000001E-02,  4.8416399999999998E-04,0
514,  5.0000000000000003E-02,55,  2.5000000000000000E-01,  6.2500000000000000E-01,4,  1.2157812539303119E-01,43,19,387,384,3,  4.5959578060346418E-01,  7.7400000000000002E-01,  7.6800000000000002E-01,  5.7673208644255036E-01,  4.5606836999999997E-02,  6.3430599999999995E-04,0
515,  5.0000000000000003E-02,55,  2.5000000000000000E-01,  6.2500000000000000E-01,5,  1.2157812539303119E-01,43,19,387,384,3,  4.5959578060346418E-01,  7.7400000000000002E-01,  7.6800000000000002E-01,  5.7673208644255036E-01,  4.5612521000000003E-02,  5.0748199999999996E-04,0
516,  5.0000000000000003E-02,55,  2.5000000000000000E-01,  8.1250000000000000E-01,1,  1.2157812539303119E-01,43,16,384,384,0,  5.5850641278846302E-01,  7.6800000000000002E-01,  7.6800000000000002E-01,  6.4671066929842458E-01,  4.5528140000000002E-02,  4.7671699999999998E-04,0
517,  5.0000000000000003E-02,55,  2.5000000000000000E-01,  8.1250000000000000E-01,2,  1.2157812539303119E-01,43,19,387,384,3,  4.5959578060346418E-01,  7.7400000000000002E-01,  7.6800000000000002E-01,  5.7673208644255036E-01,  4.5075271000000000E-02,  4.8797800000000002E-04,0
518,  5.0000000000000003E-02,55,  2.5000000000000000E-01,  8.1250000000000000E-01,3,  1.2157812539303119E-01,43,19,387,384,3,  4.5959578060346418E-01,  7.7400000000000002E-01,  7.6800000000000002E-01,  5.7673208644255036E-01,  4.3645503000000002E-02,  4.9850800000000005E-04,0
519,  5.0000000000000003E-02,55,  2.5000000000000000E-01,  8.1250000000000000E-01,4,  1.2157812539303119E-01,43,19,387,384,3,  4.5959578060346418E-01,  7.7400000000000002E-01,  7.6800000000000002E-01,  5.7673208644255036E-01,  4.3125487999999997E-02,  4.9703099999999999E-04,0
520,  5.0000000000000003E-02,55,  2.5000000000000000E-01,  8.1250000000000000E-01,5,  1.2157812539303119E-01,43,19,387,384,3,  4.5959578060346418E-01,  7.7400000000000002E-01,  7.6800000000000002E-01,  5.7673208644255036E-01,  4.3854128999999999E-02,  5.3008600000000003E-04,0
521,  5.0000000000000003E-02,55,  2.5000000000000000E-01,  1.0000000000000000E+00,1,  1.2157812539303119E-01,43,16,384,384,0,  5.5850641278846302E-01,  7.6800000000000002E-01,  7.6800000000000002E-01,  6.4671066929842458E-01,  4.5312473999999998E-02,  5.6452599999999998E-04,0
522,  5.0000000000000003E-02,55,  2.5000000000000000E-01,  1.0000000000000000E+00,2,  1.2157812539303119E-01,43,19,387,384,3,  4.5959578060346418E-01,  7.7400000000000002E-01,  7.6800000000000002E-01,  5.7673208644255036E-01,  4.4556311000000001E-02,  4.9682700000000003E-04,0
523,  5.0000000000000003E-02,55,  2.5000000000000000E-01,  1.0000000000000000E+00,3,  1.2157812539303119E-01,43,19,387,384,3,  4.5959578060346418E-01,  7.7400000000000002E-01,  7.6800000000000002E-01,  5.7673208644255036E-01,  4.3096517000000001E-02,  4.6420899999999999E-04,0
524,  5.0000000000000003E-02,55,  2.5000000000000000E-01,  1.0000000000000000E+00,4,  1.2157812539303119E-01,43,19,387,384,3,  4.5959578060346418E-01,  7.7400000000000002E-01,  7.6800000000000002E-01,  5.7673208644255036E-01,  4.5863110999999998E-02,  1.1132860000000000E-03,0
525,  5.0000000000000003E-02,55,  2.5000000000000000E-01,  1.0000000000000000E+00,5,  1.2157812539303119E-01,43,19,387,384,3,  4.5959578060346418E-01,  7.7400000000000002E-01,  7.6800000000000002E-01,  5.7673208644255036E-01,  4.4324623000000000E-02,  4.6624299999999997E-04,0
526,  5.0000000000000003E-02,55,  4.3750000000000000E-01,  2.5000000000000000E-01,1,  1.2157812539303119E-01,43,8,455,455,0,  8.6125772838360848E-01,  9.1000000000000003E-01,  9.1000000000000003E-01,  8.8495820824934746E-01,  5.5854664999999998E-02,  8.6379600000000001E-04,0
527,  5.0000000000000003E-02,55,  4.3750000000000000E-01,  2.5000000000000000E-01,2,  1.2157812539303119E-01,43,10,457,455,2,  7.6117763253051884E-01,  9.1400000000000003E-01,  9.1000000000000003E-01,  8.3061801043982075E-01,  5.6004705000000002E-02,  5.2335999999999995E-04,0
528,  5.0000000000000003E-02,55,  4.3750000000000000E-01,  2.5000000000000000E-01,3,  1.2157812539303119E-01,43,10,457,455,2,  7.6117763253051884E-01,  9.1400000000000003E-01,  9.1000000000000003E-01,  8.3061801043982075E-01,  5.5340118000000001E-02,  5.3770300000000005E-04,0
529,  5.0000000000000003E-02,55,  4.3750000000000000E-01,  2.5000000000000000E-01,4,  1.2157812539303119E-01,43,10,457,455,2,  7.6117763253051884E-01,  9.1400000000000003E-01,  9.1000000000000003E-01,  8.3061801043982075E-01,  5.5792313000000003E-02,  5.2738100000000005E-04,0
530,  5.0000000000000003E-02,55,  4.3750000000000000E-01,  2.5000000000000000E-01,5,  1.2157812539303119E-01,43,11,461,455,6,  7.4878957802418566E-01,  9.2200000000000004E-01,  9.1000000000000003E-01,  8.2641644407995629E-01,  5.5915991999999998E-02,  5.1406800000000001E-04,0
531,  5.0000000000000003E-02,55,  4.3750000000000000E-01,  4.3750000000000000E-01,1,  1.2157812539303119E-01,43,8,455,455,0,  8.6125772838360848E-01,  9.1000000000000003E-01,  9.1000000000000003E-01,  8.8495820824934746E-01,  5.6269581999999999E-02,  5.1716999999999996E-04,0
532,  5.0000000000000003E-02,55,  4.3750000000000000E-01,  4.3750000000000000E-01,2,  1.2157812539303119E-01,43,10,457,455,2,  7.6117763253051884E-01,  9.1400000000000003E-01,  9.1000000000000003E-01,  8.3061801043982075E-01,  5.5448735999999998E-02,  5.1433100000000003E-04,0
533,  5.0000000000000003E-02,55,  4.3750000000000000E-01,  4.3750000000000000E-01,3,  1.2157812539303119E-01,43,10,457,455,2,  7.6117763253051884E-01,  9.1400000000000003E-01,  9.1000000000000003E-01,  8.3061801043982075E-01,  5.7104660000000002E-02,  5.1624899999999998E-04,0
534,  5.0000000000000003E-02,55,  4.3750000000000000E-01,  4.3750000000000000E-01,4,  1.2157812539303119E-01,43,10,457,455,2,  7.6117763253051884E-01,  9.1400000000000003E-01,  9.1000000000000003E-01,  8.3061801043982075E-01,  5.6790300000000002E-02,  6.0736199999999996E-04,0
535,  5.0000000000000003E-02,55,  4.3750000000000000E-01,  4.3750000000000000E-01,5,  1.2157812539303119E-01,43,11,461,455,6,  7.4878957802418566E-01,  9.2200000000000004E-01,  9.1000000000000003E-01,  8.2641644407995629E-01,  5.8049719999999999E-02,  5.1189699999999998E-04,0
536,  5.0000000000000003E-02,55,  4.3750000000000000E-01,  6.2500000000000000E-01,1,  1.2157812539303119E-01,43,8,455,455,0,  8.6125772838360848E-01,  9.1000000000000003E-01,  9.1000000000000003E-01,  8.8495820824934746E-01,  5.4654962000000001E-02,  5.1206199999999998E-04,0
537,  5.0000000000000003E-02,55,  4.3750000000000000E-01,  6.2500000000000000E-01,2,  1.2157812539303119E-01,43,10,457,455,2,  7.6117763253051884E-01,  9.1400000000000003E-01,  9.1000000000000003E-01,  8.3061801043982075E-01,  5.7512440999999997E-02,  5.5953600000000002E-04,0
538,  5.0000000000000003E-02,55,  4.3750000000000000E-01,  6.2500000000000000E-01,3,  1.2157812539303119E-01,43,10,457,455,2,  7.6117763253051884E-01,  9.1400000000000003E-01,  9.1000000000000003E-01,  8.3061801043982075E-01,  5.6598914000000000E-02,  5.3042599999999997E-04,0
539,  5.0000000000000003E-02,55,  4.3750000000000000E-01,  6.2500000000000000E-01,4,  1.2157812539303119E-01,43,10,457,455,2,  7.6117763253051884E-01,  9.1400000000000003E-01,  9.1000000000000003E-01,  8.3061801043982075E-01,  5.7972188000000001E-02,  5.3995900000000001E-04,0
540,  5.0000000000000003E-02,55,  4.3750000000000000E-01,  6.2500000000000000E-01,5,  1.2157812539303119E-01,43,11,461,455,6,  7.4878957802418566E-01,  9.2200000000000004E-01,  9.1000000000000003E-01,  8.2641644407995629E-01,  5.5820084999999998E-02,  5.6363099999999998E-04,0
541,  5.0000000000000003E-02,55,  4.3750000000000000E-01,  8.1250000000000000E-01,1,  1.2157812539303119E-01,43,8,455,455,0,  8.6125772838360848E-01,  9.1000000000000003E-01,  9.1000000000000003E-01,  8.8495820824934746E-01,  5.8901236000000003E-02,  6.7612100000000001E-04,0
542,  5.0000000000000003E-02,55,  4.3750000000000000E-01,  8.1250000000000000E-01,2,  1.2157812539303119E-01,43,10,457,455,2,  7.6117763253051884E-01,  9.1400000000000003E-01,  9.1000000000000003E-01,  8.3061801043982075E-01,  5.6992236000000002E-02,  5.3105899999999996E-04,0
543,  5.0000000000000003E-02,55,  4.3750000000000000E-01,  8.1250000000000000E-01,3,  1.2157812539303119E-01,43,10,457,455,2,  7.6117763253051884E-01,  9.1400000000000003E-01,  9.1000000000000003E-01,  8.3061801043982075E-01,  5.5343901000000001E-02,  5.3057799999999997E-04,0
544,  5.0000000000000003E-02,55,  4.3750000000000000E-01,  8.1250000000000000E-01,4,  1.2157812539303119E-01,43,10,457,455,2,  7.6117763253051884E-01,  9.1400000000000003E-01,  9.1000000000000003E-01,  8.3061801043982075E-01,  5.5147069000000000E-02,  5.1505200000000000E-04,0
545,  5.0000000000000003E-02,55,  4.3750000000000000E-01,  8.1250000000000000E-01,5,  1.2157812539303119E-01,43,11,461,455,6,  7.4878957802418566E-01,  9.2200000000000004E-01,  9.1000000000000003E-01,  8.2641644407995629E-01,  5.7294690000000002E-02,  6.0148199999999997E-04,0
546,  5.0000000000000003E-02,55,  4.3750000000000000E-01,  1.0000000000000000E+00,1,  1.2157812539303119E-01,43,8,455,455,0,  8.6125772838360848E-01,  9.1000000000000003E-01,  9.1000000000000003E-01,  8.8495820824934746E-01,  5.6210878999999998E-02,  5.1213200000000000E-04,0
547,  5.0000000000000003E-02,55,  4.3750000000000000E-01,  1.0000000000000000E+00,2,  1.2157812539303119E-01,43,10,457,455,2,  7.6117763253051884E-01,  9.1400000000000003E-01,  9.1000000000000003E-01,  8.3061801043982075E-01,  5.7555389999999998E-02,  5.1553899999999997E-04,0
548,  5.0000000000000003E-02,55,  4.3750000000000000E-01,  1.0000000000000000E+00,3,  1.2157812539303119E-01,43,10,457,455,2,  7.6117763253051884E-01,  9.1400000000000003E-01,  9.1000000000000003E-01,  8.3061801043982075E-01,  5.6084483999999997E-02,  6.6892399999999999E-04,0
549,  5.0000000000000003E-02,55,  4.3750000000000000E-01,  1.0000000000000000E+00,4,  1.2157812539303119E-01,43,10,457,455,2,  7.6117763253051884E-01,  9.1400000000000003E-01,  9.1000000000000003E-01,  8.3061801043982075E-01,  5.8696553999999998E-02,  6.1663099999999997E-04,0
550,  5.0000000000000003E-02,55,  4.3750000000000000E-01,  1.0000000000000000E+00,5,  1.2157812539303119E-01,43,11,461,455,6,  7.4878957802418566E-01,  9.2200000000000004E-01,  9.1000000000000003E-01,  8.2641644407995629E-01,  5.5476439000000002E-02,  5.6178100000000002E-04,0
551,  5.0000000000000003E-02,55,  6.2500000000000000E-01,  2.5000000000000000E-01,1,  1.2157812539303119E-01,43,4,495,495,0,  9.5559105551544166E-01,  9.8999999999999999E-01,  9.8999999999999999E-01,  9.7249125634950651E-01,  9.4763345999999998E-02,  5.3755899999999995E-04,0
552,  5.0000000000000003E-02,55,  6.2500000000000000E-01,  2.5000000000000000E-01,2,  1.2157812539303119E-01,43,4,495,495,0,  9.5559105551544166E-01,  9.8999999999999999E-01,  9.8999999999999999E-01,  9.7249125634950651E-01,  9.5550741999999994E-02,  5.2857399999999997E-04,0
553,  5.0000000000000003E-02,55,  6.2500000000000000E-01,  2.5000000000000000E-01,3,  1.2157812539303119E-01,43,4,495,495,0,  9.5559105551544166E-01,  9.8999999999999999E-01,  9.8999999999999999E-01,  9.7249125634950651E-01,  9.7538982999999996E-02,  5.4678300000000001E-04,0
554,  5.0000000000000003E-02,55,  6.2500000000000000E-01,  2.5000000000000000E-01,4,  1.2157812539303119E-01,43,4,495,495,0,  9.5559105551544166E-01,  9.8999999999999999E-01,  9.8999999999999999E-01,  9.7249125634950651E-01,  9.9775061999999998E-02,  5.7272099999999999E-04,0
555,  5.0000000000000003E-02,55,  6.2500000000000000E-01,  2.5000000000000000E-01,5,  1.2157812539303119E-01,43,4,495,495,0,  9.5559105551544166E-01,  9.8999999999999999E-01,  9.8999999999999999E-01,  9.7249125634950651E-01,  9.5228946999999994E-02,  5.4313400000000002E-04,0
556,  5.0000000000000003E-02,55,  6.2500000000000000E-01,  4.3750000000000000E-01,1,  1.2157812539303119E-01,43,4,495,495,0,  9.5559105551544166E-01,  9.8999999999999999E-01,  9.8999999999999999E-01,  9.7249125634950651E-01,  9.6667046000000006E-02,  5.4569299999999998E-04,0
557,  5.0000000000000003E-02,55,  6.2500000000000000E-01,  4.3750000000000000E-01,2,  1.2157812539303119E-01,43,4,495,495,0,  9.5559105551544166E-01,  9.8999999999999999E-01,  9.8999999999999999E-01,  9.7249125634950651E-01,  1.0556360400000001E-01,  5.6345799999999997E-04,0
558,  5.0000000000000003E-02,55,  6.2500000000000000E-01,  4.3750000000000000E-01,3,  1.2157812539303119E-01,43,4,495,495,0,  9.5559105551544166E-01,  9.8999999999999999E-01,  9.8999999999999999E-01,  9.7249125634950651E-01,  9.4939060000000006E-02,  5.4443600000000003E-04,0
559,  5.0000000000000003E-02,55,  6.2500000000000000E-01,  4.3750000000000000E-01,4,  1.2157812539303119E-01,43,4,495,495,0,  9.5559105551544166E-01,  9.8999999999999999E-01,  9.8999999999999999E-01,  9.7249125634950651E-01,  9.7179492000000006E-02,  5.6743199999999998E-04,0
560,  5.0000000000000003E-02,55,  6.2500000000000000E-01,  4.3750000000000000E-01,5,  1.2157812539303119E-01,43,4,495,495,0,  9.5559105551544166E-01,  9.8999999999999999E-01,  9.8999999999999999E-01,  9.7249125634950651E-01,  9.4509480000000007E-02,  5.3939000000000005E-04,0
561,  5.0000000000000003E-02,55,  6.2500000000000000E-01,  6.2500000000000000E-01,1,  1.2157812539303119E-01,43,4,495,495,0,  9.5559105551544166E-01,  9.8999999999999999E-01,  9.8999999999999999E-01,  9.7249125634950651E-01,  9.2078300000000002E-02,  5.5630100000000004E-04,0
562,  5.0000000000000003E-02,55,  6.2500000000000000E-01,  6.2500000000000000E-01,2,  1.2157812539303119E-01,43,4,495,495,0,  9.5559105551544166E-01,  9.8999999999999999E-01,  9.8999999999999999E-01,  9.7249125634950651E-01,  9.7734813000000004E-02,  5.5388900000000001E-04,0
563,  5.0000000000000003E-02,55,  6.2500000000000000E-01,  6.2500000000000000E-01,3,  1.2157812539303119E-01,43,4,495,495,0,  9.5559105551544166E-01,  9.8999999999999999E-01,  9.8999999999999999E-01,  9.7249125634950651E-01,  9.4650428999999994E-02,  5.2631900000000003E-04,0
564,  5.0000000000000003E-02,55,  6.2500000000000000E-01,  6.2500000000000000E-01,4,  1.2157812539303119E-01,43,4,495,495,0,  9.5559105551544166E-01,  9.8999999999999999E-01,  9.8999999999999999E-01,  9.7249125634950651E-01,  1.0100433400000000E-01,  5.4632499999999996E-04,0
565,  5.0000000000000003E-02,55,  6.2500000000000000E-01,  6.2500000000000000E-01,5,  1.2157812539303119E-01,43,4,495,495,0,  9.5559105551544166E-01,  9.8999999999999999E-01,  9.8999999999999999E-01,  9.7249125634950651E-01,  9.3717558000000006E-02,  5.6218800000000003E-04,0
566,  5.0000000000000003E-02,55,  6.2500000000000000E-01,  8.1250000000000000E-01,1,  1.2157812539303119E-01,43,4,495,495,0,  9.5559105551544166E-01,  9.8999999999999999E-01,  9.8999999999999999E-01,  9.7249125634950651E-01,  9.5029348000000000E-02,  5.4018000000000002E-04,0
567,  5.0000000000000003E-02,55,  6.2500000000000000E-01,  8.1250000000000000E-01,2,  1.2157812539303119E-01,43,4,495,495,0,  9.5559105551544166E-01,  9.8999999999999999E-01,  9.8999999999999999E-01,  9.7249125634950651E-01,  9.6675470999999999E-02,  5.4113900000000005E-04,0
568,  5.0000000000000003E-02,55,  6.2500000000000000E-01,  8.1250000000000000E-01,3,  1.2157812539303119E-01,43,4,495,495,0,  9.5559105551544166E-01,  9.8999999999999999E-01,  9.8999999999999999E-01,  9.7249125634950651E-01,  9.6555319000000001E-02,  5.4275500000000002E-04,0
569,  5.0000000000000003E-02,55,  6.2500000000000000E-01,  8.1250000000000000E-01,4,  1.2157812539303119E-01,43,4,495,495,0,  9.5559105551544166E-01,  9.8999999999999999E-01,  9.8999999999999999E-01,  9.7249125634950651E-01,  9.6026902999999997E-02,  5.4173600000000002E-04,0
570,  5.0000000000000003E-02,55,  6.2500000000000000E-01,  8.1250000000000000E-01,5,  1.2157812539303119E-01,43,4,495,495,0,  9.5559105551544166E-01,  9.8999999999999999E-01,  9.8999999999999999E-01,  9.7249125634950651E-01,  9.9268479000000007E-02,  5.3488699999999995E-04,0
571,  5.0000000000000003E-02,55,  6.2500000000000000E-01,  1.0000000000000000E+00,1,  1.2157812539303119E-01,43,4,495,495,0,  9.5559105551544166E-01,  9.8999999999999999E-01,  9.8999999999999999E-01,  9.7249125634950651E-01,  9.3376569000000006E-02,  5.5029500000000002E-04,0
572,  5.0000000000000003E-02,55,  6.2500000000000000E-01,  1.0000000000000000E+00,2,  1.2157812539303119E-01,43,4,495,495,0,  9.5559105551544166E-01,  9.8999999999999999E-01,  9.8999999999999999E-01,  9.7249125634950651E-01,  9.8419039999999999E-02,  5.5800200000000004E-04,0
573,  5.0000000000000003E-02,55,  6.2500000000000000E-01,  1.0000000000000000E+00,3,  1.2157812539303119E-01,43,4,495,495,0,  9.5559105551544166E-01,  9.8999999999999999E-01,  9.8999999999999999E-01,  9.7249125634950651E-01,  9.7857160999999998E-02,  5.4112500000000005E-04,0
574,  5.0000000000000003E-02,55,  6.2500000000000000E-01,  1.0000000000000000E+00,4,  1.2157812539303119E-01,43,4,495,495,0,  9.5559105551544166E-01,  9.8999999999999999E-01,  9.8999999999999999E-01,  9.7249125634950651E-01,  9.9580804999999994E-02,  6.2592799999999999E-04,0
575,  5.0000000000000003E-02,55,  6.2500000000000000E-01,  1.0000000000000000E+00,5,  1.2157812539303119E-01,43,4,495,495,0,  9.5559105551544166E-01,  9.8999999999999999E-01,  9.8999999999999999E-01,  9.7249125634950651E-01,  9.7258981999999994E-02,  5.5330600000000005E-04,0
576,  5.0000000000000003E-02,55,  8.1250000000000000E-01,  2.5000000000000000E-01,1,  1.2157812539303119E-01,43,1,497,497,0,  9.9944714517788846E-01,  9.9399999999999999E-01,  9.9399999999999999E-01,  9.9671613035736539E-01,  1.2060813099999999E-01,  5.3201099999999999E-04,0
577,  5.0000000000000003E-02,55,  8.1250000000000000E-01,  2.5000000000000000E-01,2,  1.2157812539303119E-01,43,2,498,497,1,  9.9148888256103074E-01,  9.9600000000000000E-01,  9.9399999999999999E-01,  9.9373932170960178E-01,  1.1917162100000001E-01,  5.9022700000000003E-04,0
578,  5.0000000000000003E-02,55,  8.1250000000000000E-01,  2.5000000000000000E-01,3,  1.2157812539303119E-01,43,2,498,497,1,  9.9148888256103074E-01,  9.9600000000000000E-01,  9.9399999999999999E-01,  9.9373932170960178E-01,  1.2174979000000000E-01,  5.4459199999999999E-04,0
579,  5.0000000000000003E-02,55,  8.1250000000000000E-01,  2.5000000000000000E-01,4,  1.2157812539303119E-01,43,2,498,497,1,  9.9148888256103074E-01,  9.9600000000000000E-01,  9.9399999999999999E-01,  9.9373932170960178E-01,  1.2280013800000000E-01,  6.3175099999999995E-04,0
580,  5.0000000000000003E-02,55,  8.1250000000000000E-01,  2.5000000000000000E-01,5,  1.2157812539303119E-01,43,2,498,497,1,  9.9148888256103074E-01,  9.9600000000000000E-01,  9.9399999999999999E-01,  9.9373932170960178E-01,  1.2336924100000000E-01,  5.3644399999999996E-04,0
581,  5.0000000000000003E-02,55,  8.1250000000000000E-01,  4.3750000000000000E-01,1,  1.2157812539303119E-01,43,1,497,497,0,  9.9944714517788846E-01,  9.9399999999999999E-01,  9.9399999999999999E-01,  9.9671613035736539E-01,  1.2322188700000000E-01,  5.4224700000000004E-04,0
582,  5.0000000000000003E-02,55,  8.1250000000000000E-01,  4.3750000000000000E-01,2,  1.2157812539303119E-01,43,2,498,497,1,  9.9148888256103074E-01,  9.9600000000000000E-01,  9.9399999999999999E-01,  9.9373932170960178E-01,  1.2405177700000000E-01,  5.5760000000000000E-04,0
583,  5.0000000000000003E-02,55,  8.1250000000000000E-01,  4.3750000000000000E-01,3,  1.2157812539303119E-01,43,2,498,497,1,  9.9148888256103074E-01,  9.9600000000000000E-01,  9.9399999999999999E-01,  9.9373932170960178E-01,  1.2416715600000000E-01,  5.2584500000000005E-04,0
584,  5.0000000000000003E-02,55,  8.1250000000000000E-01,  4.3750000000000000E-01,4,  1.2157812539303119E-01,43,2,498,497,1,  9.9148888256103074E-01,  9.9600000000000000E-01,  9.9399999999999999E-01,  9.9373932170960178E-01,  1.2334237400000000E-01,  5.3698199999999998E-04,0
585,  5.0000000000000003E-02,55,  8.1250000000000000E-01,  4.3750000000000000E-01,5,  1.2157812539303119E-01,43,2,498,497,1,  9.9148888256103074E-01,  9.9600000000000000E-01,  9.9399999999999999E-01,  9.9373932170960178E-01,  1.2165548000000000E-01,  5.1576900000000001E-04,0
586,  5.0000000000000003E-02,55,  8.1250000000000000E-01,  6.2500000000000000E-01,1,  1.2157812539303119E-01,43,1,497,497,0,  9.9944714517788846E-01,  9.9399999999999999E-01,  9.9399999999999999E-01,  9.9671613035736539E-01,  1.2028639200000001E-01,  5.7390399999999997E-04,0
587,  5.0000000000000003E-02,55,  8.1250000000000000E-01,  6.2500000000000000E-01,2,  1.2157812539303119E-01,43,2,498,497,1,  9.9148888256103074E-01,  9.9600000000000000E-01,  9.9399999999999999E-01,  9.9373932170960178E-01,  1.2075303799999999E-01,  5.5405999999999999E-04,0
588,  5.0000000000000003E-02,55,  8.1250000000000000E-01,  6.2500000000000000E-01,3,  1.2157812539303119E-01,43,2,498,497,1,  9.9148888256103074E-01,  9.9600000000000000E-01,  9.9399999999999999E-01,  9.9373932170960178E-01,  1.2537306300000001E-01,  5.3275000000000002E-04,0
589,  5.0000000000000003E-02,55,  8.1250000000000000E-01,  6.2500000000000000E-01,4,  1.2157812539303119E-01,43,2,498,497,1,  9.9148888256103074E-01,  9.9600000000000000E-01,  9.9399999999999999E-01,  9.9373932170960178E-01,  1.2085809600000000E-01,  5.6651399999999995E-04,0
590,  5.0000000000000003E-02,55,  8.1250000000000000E-01,  6.2500000000000000E-01,5,  1.2157812539303119E-01,43,2,498,497,1,  9.9148888256103074E-01,  9.9600000000000000E-01,  9.9399999999999999E-01,  9.9373932170960178E-01,  1.2897019900000001E-01,  5.4841099999999995E-04,0
591,  5.0000000000000003E-02,55,  8.1250000000000000E-01,  8.1250000000000000E-01,1,  1.2157812539303119E-01,43,1,497,497,0,  9.9944714517788846E-01,  9.9399999999999999E-01,  9.9399999999999999E-01,  9.9671613035736539E-01,  1.2084523000000000E-01,  5.7207899999999997E-04,0
592,  5.0000000000000003E-02,55,  8.1250000000000000E-01,  8.1250000000000000E-01,2,  1.2157812539303119E-01,43,2,498,497,1,  9.9148888256103074E-01,  9.9600000000000000E-01,  9.9399999999999999E-01,  9.9373932170960178E-01,  1.2039587900000000E-01,  5.4045700000000005E-04,0
593,  5.0000000000000003E-02,55,  8.1250000000000000E-01,  8.1250000000000000E-01,3,  1.2157812539303119E-01,43,2,498,497,1,  9.9148888256103074E-01,  9.9600000000000000E-01,  9.9399999999999999E-01,  9.9373932170960178E-01,  1.2285421900000000E-01,  5.7041000000000004E-04,0
594,  5.0000000000000003E-02,55,  8.1250000000000000E-01,  8.1250000000000000E-01,4,  1.2157812539303119E-01,43,2,498,497,1,  9.9148888256103074E-01,  9.9600000000000000E-01,  9.9399999999999999E-01,  9.9373932170960178E-01,  1.2161313400000000E-01,  5.3284600000000001E-04,0
595,  5.0000000000000003E-02,55,  8.1250000000000000E-01,  8.1250000000000000E-01,5,  1.2157812539303119E-01,43,2,498,497,1,  9.9148888256103074E-01,  9.9600000000000000E-01,  9.9399999999999999E-01,  9.9373932170960178E-01,  1.2199018900000000E-01,  5.5546399999999998E-04,0
596,  5.0000000000000003E-02,55,  8.1250000000000000E-01,  1.0000000000000000E+00,1,  1.2157812539303119E-01,43,1,497,497,0,  9.9944714517788846E-01,  9.9399999999999999E-01,  9.9399999999999999E-01,  9.9671613035736539E-01,  1.2169199400000000E-01,  5.3005200000000004E-04,0
597,  5.0000000000000003E-02,55,  8.1250000000000000E-01,  1.0000000000000000E+00,2,  1.2157812539303119E-01,43,2,498,497,1,  9.9148888256103074E-01,  9.9600000000000000E-01,  9.9399999999999999E-01,  9.9373932170960178E-01,  1.2079069500000000E-01,  5.6496300000000003E-04,0
598,  5.0000000000000003E-02,55,  8.1250000000000000E-01,  1.0000000000000000E+00,3,  1.2157812539303119E-01,43,2,498,497,1,  9.9148888256103074E-01,  9.9600000000000000E-01,  9.9399999999999999E-01,  9.9373932170960178E-01,  1.2187604300000000E-01,  5.1829600000000001E-04,0
599,  5.0000000000000003E-02,55,  8.1250000000000000E-01,  1.0000000000000000E+00,4,  1.2157812539303119E-01,43,2,498,497,1,  9.9148888256103074E-01,  9.9600000000000000E-01,  9.9399999999999999E-01,  9.9373932170960178E-01,  1.2364046099999999E-01,  5.4463600000000004E-04,0
600,  5.0000000000000003E-02,55,  8.1250000000000000E-01,  1.0000000000000000E+00,5,  1.2157812539303119E-01,43,2,498,497,1,  9.9148888256103074E-01,  9.9600000000000000E-01,  9.9399999999999999E-01,  9.9373932170960178E-01,  1.2094404800000000E-01,  5.3687699999999995E-04,0
601,  5.0000000000000003E-02,55,  1.0000000000000000E+00,  2.5000000000000000E-01,1,  1.2157812539303119E-01,43,2,496,496,0,  9.9064376151697087E-01,  9.9199999999999999E-01,  9.9199999999999999E-01,  9.9132141688724984E-01,  1.2584718400000000E-01,  5.5865000000000005E-04,0
602,  5.0000000000000003E-02,55,  1.0000000000000000E+00,  2.5000000000000000E-01,2,  1.2157812539303119E-01,43,3,497,496,1,  9.8282620210699789E-01,  9.9399999999999999E-01,  9.9199999999999999E-01,  9.8838152170696358E-01,  1.4016284800000001E-01,  6.2115100000000002E-04,0
603,  5.0000000000000003E-02,55,  1.0000000000000000E+00,  2.5000000000000000E-01,3,  1.2157812539303119E-01,43,3,497,496,1,  9.8282620210699789E-01,  9.9399999999999999E-01,  9.9199999999999999E-01,  9.8838152170696358E-01,  1.2781655900000000E-01,  5.6318399999999999E-04,0
604,  5.0000000000000003E-02,55,  1.0000000000000000E+00,  2.5000000000000000E-01,4,  1.2157812539303119E-01,43,3,497,496,1,  9.8282620210699789E-01,  9.9399999999999999E-01,  9.9199999999999999E-01,  9.8838152170696358E-01,  1.2777931300000001E-01,  5.3813799999999996E-04,0
605,  5.0000000000000003E-02,55,  1.0000000000000000E+00,  2.5000000000000000E-01,5,  1.2157812539303119E-01,43,3,497,496,1,  9.8282620210699789E-01,  9.9399999999999999E-01,  9.9199999999999999E-01,  9.8838152170696358E-01,  1.2917254400000000E-01,  5.6850200000000003E-04,0
606,  5.0000000000000003E-02,55,  1.0000000000000000E+00,  4.3750000000000000E-01,1,  1.2157812539303119E-01,43,1,498,498,0,  9.9974905897114175E-01,  9.9600000000000000E-01,  9.9600000000000000E-01,  9.9787100814026297E-01,  1.3998973600000000E-01,  5.7813600000000004E-04,0
607,  5.0000000000000003E-02,55,  1.0000000000000000E+00,  4.3750000000000000E-01,2,  1.2157812539303119E-01,43,1,498,498,0,  9.9974905897114175E-01,  9.9600000000000000E-01,  9.9600000000000000E-01,  9.9787100814026297E-01,  1.3644273800000001E-01,  5.4812700000000003E-04,0
608,  5.0000000000000003E-02,55,  1.0000000000000000E+00,  4.3750000000000000E-01,3,  1.2157812539303119E-01,43,1,498,498,0,  9.9974905897114175E-01,  9.9600000000000000E-01,  9.9600000000000000E-01,  9.9787100814026297E-01,  1.3775569500000001E-01,  5.2807400000000001E-04,0
609,  5.0000000000000003E-02,55,  1.0000000000000000E+00,  4.3750000000000000E-01,4,  1.2157812539303119E-01,43,1,498,498,0,  9.9974905897114175E-01,  9.9600000000000000E-01,  9.9600000000000000E-01,  9.9787100814026297E-01,  1.3612364399999999E-01,  5.4676499999999995E-04,0
610,  5.0000000000000003E-02,55,  1.0000000000000000E+00,  4.3750000000000000E-01,5,  1.2157812539303119E-01,43,1,498,498,0,  9.9974905897114175E-01,  9.9600000000000000E-01,  9.9600000000000000E-01,  9.9787100814026297E-01,  1.3763979400000001E-01,  5.8112799999999998E-04,0
611,  5.0000000000000003E-02,55,  1.0000000000000000E+00,  6.2500000000000000E-01,1,  1.2157812539303119E-01,43,1,498,498,0,  9.9974905897114175E-01,  9.9600000000000000E-01,  9.9600000000000000E-01,  9.9787100814026297E-01,  1.3357151400000000E-01,  5.5076400000000003E-04,0
612,  5.0000000000000003E-02,55,  1.0000000000000000E+00,  6.2500000000000000E-01,2,  1.2157812539303119E-01,43,1,498,498,0,  9.9974905897114175E-01,  9.9600000000000000E-01,  9.9600000000000000E-01,  9.9787100814026297E-01,  1.3600098599999999E-01,  5.7254599999999995E-04,0
613,  5.0000000000000003E-02,55,  1.0000000000000000E+00,  6.2500000000000000E-01,3,  1.2157812539303119E-01,43,1,498,498,0,  9.9974905897114175E-01,  9.9600000000000000E-01,  9.9600000000000000E-01,  9.9787100814026297E-01,  1.3220825800000000E-01,  5.9646999999999999E-04,0
614,  5.0000000000000003E-02,55,  1.0000000000000000E+00,  6.2500000000000000E-01,4,  1.2157812539303119E-01,43,1,498,498,0,  9.9974905897114175E-01,  9.9600000000000000E-01,  9.9600000000000000E-01,  9.9787100814026297E-01,  1.3571003600000001E-01,  5.4371200000000001E-04,0
615,  5.0000000000000003E-02,55,  1.0000000000000000E+00,  6.2500000000000000E-01,5,  1.2157812539303119E-01,43,1,498,498,0,  9.9974905897114175E-01,  9.9600000000000000E-01,  9.9600000000000000E-01,  9.9787100814026297E-01,  1.3416173600000000E-01,  5.3072000000000004E-04,0
616,  5.0000000000000003E-02,55,  1.0000000000000000E+00,  8.1250000000000000E-01,1,  1.2157812539303119E-01,43,1,498,498,0,  9.9974905897114175E-01,  9.9600000000000000E-01,  9.9600000000000000E-01,  9.9787100814026297E-01,  1.3801481500000001E-01,  5.2755800000000002E-04,0
617,  5.0000000000000003E-02,55,  1.0000000000000000E+00,  8.1250000000000000E-01,2,  1.2157812539303119E-01,43,1,498,498,0,  9.9974905897114175E-01,  9.9600000000000000E-01,  9.9600000000000000E-01,  9.9787100814026297E-01,  1.3616422800000000E-01,  5.7778699999999996E-04,0
618,  5.0000000000000003E-02,55,  1.0000000000000000E+00,  8.1250000000000000E-01,3,  1.2157812539303119E-01,43,1,498,498,0,  9.9974905897114175E-01,  9.9600000000000000E-01,  9.9600000000000000E-01,  9.9787100814026297E-01,  1.3411798999999999E-01,  5.4323999999999996E-04,0
619,  5.0000000000000003E-02,55,  1.0000000000000000E+00,  8.1250000000000000E-01,4,  1.2157812539303119E-01,43,1,498,498,0,  9.9974905897114175E-01,  9.9600000000000000E-01,  9.9600000000000000E-01,  9.9787100814026297E-01,  1.3215187900000000E-01,  5.2619600000000004E-04,0
620,  5.0000000000000003E-02,55,  1.0000000000000000E+00,  8.1250000000000000E-01,5,  1.2157812539303119E-01,43,1,498,498,0,  9.9974905897114175E-01,  9.9600000000000000E-01,  9.9600000000000000E-01,  9.9787100814026297E-01,  1.3335261700000001E-01,  5.5400999999999996E-04,0
621,  5.0000000000000003E-02,55,  1.0000000000000000E+00,  1.0000000000000000E+00,1,  1.2157812539303119E-01,43,1,498,498,0,  9.9974905897114175E-01,  9.9600000000000000E-01,  9.9600000000000000E-01,  9.9787100814026297E-01,  1.3449424300000001E-01,  5.3560000000000001E-04,0
622,  5.0000000000000003E-02,55,  1.0000000000000000E+00,  1.0000000000000000E+00,2,  1.2157812539303119E-01,43,1,498,498,0,  9.9974905897114175E-01,  9.9600000000000000E-01,  9.9600000000000000E-01,  9.9787100814026297E-01,  1.3363487199999999E-01,  5.1326799999999999E-04,0
623,  5.0000000000000003E-02,55,  1.0000000000000000E+00,  1.0000000000000000E+00,3,  1.2157812539303119E-01,43,1,498,498,0,  9.9974905897114175E-01,  9.9600000000000000E-01,  9.9600000000000000E-01,  9.9787100814026297E-01,  1.3511243300000000E-01,  6.0632600000000002E-04,0
624,  5.0000000000000003E-02,55,  1.0000000000000000E+00,  1.0000000000000000E+00,4,  1.2157812539303119E-01,43,1,498,498,0,  9.9974905897114175E-01,  9.9600000000000000E-01,  9.9600000000000000E-01,  9.9787100814026297E-01,  1.3566944100000000E-01,  5.3085399999999998E-04,0
625,  5.0000000000000003E-02,55,  1.0000000000000000E+00,  1.0000000000000000E+00,5,  1.2157812539303119E-01,43,1,498,498,0,  9.9974905897114175E-01,  9.9600000000000000E-01,  9.9600000000000000E-01,  9.9787100814026297E-01,  1.3454049100000001E-01,  5.3726000000000002E-04,0
626,  1.6250000000000001E-01,15,  2.5000000000000000E-01,  2.5000000000000000E-01,1,  2.0286033778480334E-01,117,16,484,484,0,  4.6404441314525863E-01,  9.6799999999999997E-01,  9.6799999999999997E-01,  6.2734785011035343E-01,  1.3879377100000001E-01,  8.3872799999999996E-04,0
627,  1.6250000000000001E-01,15,  2.5000000000000000E-01,  2.5000000000000000E-01,2,  2.0286033778480334E-01,117,17,485,484,1,  4.3806031705825044E-01,  9.6999999999999997E-01,  9.6799999999999997E-01,  6.0355157005525406E-01,  1.3578230999999999E-01,  8.4390699999999997E-04,0
628,  1.6250000000000001E-01,15,  2.5000000000000000E-01,  2.5000000000000000E-01,3,  2.0286033778480334E-01,117,18,487,484,3,  4.2710384530976708E-01,  9.7399999999999998E-01,  9.6799999999999997E-01,  5.9381629238158395E-01,  1.3696655199999999E-01,  8.3576099999999997E-04,0
629,  1.6250000000000001E-01,15,  2.5000000000000000E-01,  2.5000000000000000E-01,4,  2.0286033778480334E-01,117,19,490,484,6,  4.1168239724103955E-01,  9.7999999999999998E-01,  9.6799999999999997E-01,  5.7980003209933739E-01,  1.4250943899999999E-01,  8.5745500000000002E-04,0
630,  1.6250000000000001E-01,15,  2.5000000000000000E-01,  2.5000000000000000E-01,5,  2.0286033778480334E-01,117,20,494,484,10,  3.9173426581356829E-01,  9.8799999999999999E-01,  9.6799999999999997E-01,  5.6102608192540460E-01,  1.4441483799999999E-01,  8.3197299999999996E-04,0
631,  1.6250000000000001E-01,15,  2.5000000000000000E-01,  4.3750000000000000E-01,1,  2.0286033778480334E-01,117,16,484,484,0,  4.6404441314525863E-01,  9.6799999999999997E-01,  9.6799999999999997E-01,  6.2734785011035343E-01,  1.3678985499999999E-01,  7.7415600000000002E-04,0
632,  1.6250000000000001E-01,15,  2.5000000000000000E-01,  4.3750000000000000E-01,2,  2.0286033778480334E-01,117,17,485,484,1,  4.3806031705825044E-01,  9.6999999999999997E-01,  9.6799999999999997E-01,  6.0355157005525406E-01,  1.4791895999999999E-01,  8.1431699999999995E-04,0
633,  1.6250000000000001E-01,15,  2.5000000000000000E-01,  4.3750000000000000E-01,3,  2.0286033778480334E-01,117,18,487,484,3,  4.2710384530976708E-01,  9.7399999999999998E-01,  9.6799999999999997E-01,  5.9381629238158395E-01,  1.3483685200000001E-01,  8.5021999999999995E-04,0
634,  1.6250000000000001E-01,15,  2.5000000000000000E-01,  4.3750000000000000E-01,4,  2.0286033778480334E-01,117,19,490,484,6,  4.1168239724103955E-01,  9.7999999999999998E-01,  9.6799999999999997E-01,  5.7980003209933739E-01,  1.3857137800000000E-01,  9.1944499999999996E-04,0
635,  1.6250000000000001E-01,15,  2.5000000000000000E-01,  4.3750000000000000E-01,5,  2.0286033778480334E-01,117,20,494,484,10,  3.9173426581356829E-01,  9.8799999999999999E-01,  9.6799999999999997E-01,  5.6102608192540460E-01,  1.3651273700000000E-01,  8.2409099999999999E-04,0
636,  1.6250000000000001E-01,15,  2.5000000000000000E-01,  6.2500000000000000E-01,1,  2.0286033778480334E-01,117,16,484,484,0,  4.6404441314525863E-01,  9.6799999999999997E-01,  9.6799999999999997E-01,  6.2734785011035343E-01,  1.3578314200000000E-01,  7.6586899999999997E-04,0
637,  1.6250000000000001E-01,15,  2.5000000000000000E-01,  6.2500000000000000E-01,2,  2.0286033778480334E-01,117,17,485,484,1,  4.3806031705825044E-01,  9.6999999999999997E-01,  9.6799999999999997E-01,  6.0355157005525406E-01,  1.4311846800000000E-01,  8.1924000000000005E-04,0
638,  1.6250000000000001E-01,15,  2.5000000000000000E-01,  6.2500000000000000E-01,3,  2.0286033778480334E-01,117,18,487,484,3,  4.2710384530976708E-01,  9.7399999999999998E-01,  9.6799999999999997E-01,  5.9381629238158395E-01,  1.3523995599999999E-01,  8.8057299999999995E-04,0
639,  1.6250000000000001E-01,15,  2.5000000000000000E-01,  6.2500000000000000E-01,4,  2.0286033778480334E-01,117,19,490,484,6,  4.1168239724103955E-01,  9.7999999999999998E-01,  9.6799999999999997E-01,  5.7980003209933739E-01,  1.3821378300000001E-01,  9.4284999999999996E-04,0
640,  1.6250000000000001E-01,15,  2.5000000000000000E-01,  6.2500000000000000E-01,5,  2.0286033778480334E-01,117,20,494,484,10,  3.9173426581356829E-01,  9.8799999999999999E-01,  9.6799999999999997E-01,  5.6102608192540460E-01,  1.3806765600000001E-01,  8.2933400000000004E-04,0
641,  1.6250000000000001E-01,15,  2.5000000000000000E-01,  8.1250000000000000E-01,1,  2.0286033778480334E-01,117,16,484,484,0,  4.6404441314525863E-01,  9.6799999999999997E-01,  9.6799999999999997E-01,  6.2734785011035343E-01,  1.3487507300000001E-01,  7.8529100000000003E-04,0
642,  1.6250000000000001E-01,15,  2.5000000000000000E-01,  8.1250000000000000E-01,2,  2.0286033778480334E-01,117,17,485,484,1,  4.3806031705825044E-01,  9.6999999999999997E-01,  9.6799999999999997E-01,  6.0355157005525406E-01,  1.3580302399999999E-01,  1.2859220000000001E-03,0
643,  1.6250000000000001E-01,15,  2.5000000000000000E-01,  8.1250000000000000E-01,3,  2.0286033778480334E-01,117,18,487,484,3,  4.2710384530976708E-01,  9.7399999999999998E-01,  9.6799999999999997E-01,  5.9381629238158395E-01,  1.3579355100000001E-01,  8.3565300000000000E-04,0
644,  1.6250000000000001E-01,15,  2.5000000000000000E-01,  8.1250000000000000E-01,4,  2.0286033778480334E-01,117,19,490,484,6,  4.1168239724103955E-01,  9.7999999999999998E-01,  9.6799999999999997E-01,  5.7980003209933739E-01,  1.4451453700000000E-01,  8.7091999999999996E-04,0
645,  1.6250000000000001E-01,15,  2.5000000000000000E-01,  8.1250000000000000E-01,5,  2.0286033778480334E-01,117,20,494,484,10,  3.9173426581356829E-01,  9.8799999999999999E-01,  9.6799999999999997E-01,  5.6102608192540460E-01,  1.3989433700000001E-01,  8.5995699999999995E-04,0
646,  1.6250000000000001E-01,15,  2.5000000000000000E-01,  1.0000000000000000E+00,1,  2.0286033778480334E-01,117,16,484,484,0,  4.6404441314525863E-01,  9.6799999999999997E-01,  9.6799999999999997E-01,  6.2734785011035343E-01,  1.3370506500000001E-01,  8.2174799999999997E-04,0
647,  1.6250000000000001E-01,15,  2.5000000000000000E-01,  1.0000000000000000E+00,2,  2.0286033778480334E-01,117,17,485,484,1,  4.3806031705825044E-01,  9.6999999999999997E-01,  9.6799999999999997E-01,  6.0355157005525406E-01,  1.4015248299999999E-01,  8.2277999999999995E-04,0
648,  1.6250000000000001E-01,15,  2.5000000000000000E-01,  1.0000000000000000E+00,3,  2.0286033778480334E-01,117,18,487,484,3,  4.2710384530976708E-01,  9.7399999999999998E-01,  9.6799999999999997E-01,  5.9381629238158395E-01,  1.3484139100000000E-01,  9.5205200000000000E-04,0
649,  1.6250000000000001E-01,15,  2.5000000000000000E-01,  1.0000000000000000E+00,4,  2.0286033778480334E-01,117,19,490,484,6,  4.1168239724103955E-01,  9.7999999999999998E-01,  9.6799999999999997E-01,  5.7980003209933739E-01,  1.3739165400000000E-01,  7.7964199999999999E-04,0
650,  1.6250000000000001E-01,15,  2.5000000000000000E-01,  1.0000000000000000E+00,5,  2.0286033778480334E-01,117,20,494,484,10,  3.9173426581356829E-01,  9.8799999999999999E-01,  9.6799999999999997E-01,  5.6102608192540460E-01,  1.3442616800000001E-01,  8.3345200000000004E-04,0
651,  1.6250000000000001E-01,15,  4.3750000000000000E-01,  2.5000000000000000E-01,1,  2.0286033778480334E-01,117,6,496,496,0,  8.2070051754067841E-01,  9.9199999999999999E-01,  9.9199999999999999E-01,  8.9825639207617558E-01,  1.6736256999999999E-01,  8.5180399999999995E-04,0
652,  1.6250000000000001E-01,15,  4.3750000000000000E-01,  2.5000000000000000E-01,2,  2.0286033778480334E-01,117,7,497,496,1,  7.9628343348583941E-01,  9.9399999999999999E-01,  9.9199999999999999E-01,  8.8422393692577839E-01,  1.6492742299999999E-01,  8.4812199999999998E-04,0
653,  1.6250000000000001E-01,15,  4.3750000000000000E-01,  2.5000000000000000E-01,3,  2.0286033778480334E-01,117,11,505,496,9,  6.5172682896726952E-01,  1.0100000000000000E+00,  9.9199999999999999E-01,  7.9224104200812351E-01,  1.6591102599999999E-01,  8.8469799999999995E-04,0
654,  1.6250000000000001E-01,15,  4.3750000000000000E-01,  2.5000000000000000E-01,4,  2.0286033778480334E-01,117,12,508,496,12,  6.2662102840770906E-01,  1.0160000000000000E+00,  9.9199999999999999E-01,  7.7515988636693922E-01,  1.6739523800000000E-01,  8.3894700000000004E-04,0
655,  1.6250000000000001E-01,15,  4.3750000000000000E-01,  2.5000000000000000E-01,5,  2.0286033778480334E-01,117,12,508,496,12,  6.2662102840770906E-01,  1.0160000000000000E+00,  9.9199999999999999E-01,  7.7515988636693922E-01,  1.6526357500000000E-01,  1.1441480000000000E-03,0
656,  1.6250000000000001E-01,15,  4.3750000000000000E-01,  4.3750000000000000E-01,1,  2.0286033778480334E-01,117,6,496,496,0,  8.2070051754067841E-01,  9.9199999999999999E-01,  9.9199999999999999E-01,  8.9825639207617558E-01,  1.6693056900000000E-01,  7.8362699999999996E-04,0
657,  1.6250000000000001E-01,15,  4.3750000000000000E-01,  4.3750000000000000E-01,2,  2.0286033778480334E-01,117,7,497,496,1,  7.9628343348583941E-01,  9.9399999999999999E-01,  9.9199999999999999E-01,  8.8422393692577839E-01,  1.6357672600000001E-01,  8.6989599999999999E-04,0
658,  1.6250000000000001E-01,15,  4.3750000000000000E-01,  4.3750000000000000E-01,3,  2.0286033778480334E-01,117,11,505,496,9,  6.5172682896726952E-01,  1.0100000000000000E+00,  9.9199999999999999E-01,  7.9224104200812351E-01,  1.6863535499999999E-01,  8.6239599999999997E-04,0
659,  1.6250000000000001E-01,15,  4.3750000000000000E-01,  4.3750000000000000E-01,4,  2.0286033778480334E-01,117,12,508,496,12,  6.2662102840770906E-01,  1.0160000000000000E+00,  9.9199999999999999E-01,  7.7515988636693922E-01,  1.6893285999999999E-01,  8.1078400000000005E-04,0
660,  1.6250000000000001E-01,15,  4.3750000000000000E-01,  4.3750000000000000E-01,5,  2.0286033778480334E-01,117,12,508,496,12,  6.2662102840770906E-01,  1.0160000000000000E+00,  9.9199999999999999E-01,  7.7515988636693922E-01,  1.6491820800000001E-01,  8.1155699999999997E-04,0
661,  1.6250000000000001E-01,15,  4.3750000000000000E-01,  6.2500000000000000E-01,1,  2.0286033778480334E-01,117,6,496,496,0,  8.2070051754067841E-01,  9.9199999999999999E-01,  9.9199999999999999E-01,  8.9825639207617558E-01,  1.6917716099999999E-01,  8.2413099999999997E-04,0
662,  1.6250000000000001E-01,15,  4.3750000000000000E-01,  6.2500000000000000E-01,2,  2.0286033778480334E-01,117,7,497,496,1,  7.9628343348583941E-01,  9.9399999999999999E-01,  9.9199999999999999E-01,  8.8422393692577839E-01,  1.7284277600000000E-01,  8.2538700000000002E-04,0
663,  1.6250000000000001E-01,15,  4.3750000000000000E-01,  6.2500000000000000E-01,3,  2.0286033778480334E-01,117,11,505,496,9,  6.5172682896726952E-01,  1.0100000000000000E+00,  9.9199999999999999E-01,  7.9224104200812351E-01,  1.6690411599999999E-01,  7.9799500000000002E-04,0
664,  1.6250000000000001E-01,15,  4.3750000000000000E-01,  6.2500000000000000E-01,4,  2.0286033778480334E-01,117,12,508,496,12,  6.2662102840770906E-01,  1.0160000000000000E+00,  9.9199999999999999E-01,  7.7515988636693922E-01,  1.6627490700000000E-01,  8.8895399999999996E-04,0
665,  1.6250000000000001E-01,15,  4.3750000000000000E-01,  6.2500000000000000E-01,5,  2.0286033778480334E-01,117,12,508,496,12,  6.2662102840770906E-01,  1.0160000000000000E+00,  9.9199999999999999E-01,  7.7515988636693922E-01,  1.6921182900000001E-01,  8.9747799999999995E-04,0
666,  1.6250000000000001E-01,15,  4.3750000000000000E-01,  8.1250000000000000E-01,1,  2.0286033778480334E-01,117,6,496,496,0,  8.2070051754067841E-01,  9.9199999999999999E-01,  9.9199999999999999E-01,  8.9825639207617558E-01,  1.6594572099999999E-01,  8.1086799999999996E-04,0
667,  1.6250000000000001E-01,15,  4.3750000000000000E-01,  8.1250000000000000E-01,2,  2.0286033778480334E-01,117,7,497,496,1,  7.9628343348583941E-01,  9.9399999999999999E-01,  9.9199999999999999E-01,  8.8422393692577839E-01,  1.6366688600000001E-01,  8.4500600000000003E-04,0
668,  1.6250000000000001E-01,15,  4.3750000000000000E-01,  8.1250000000000000E-01,3,  2.0286033778480334E-01,117,11,505,496,9,  6.5172682896726952E-01,  1.0100000000000000E+00,  9.9199999999999999E-01,  7.9224104200812351E-01,  1.6315758399999999E-01,  8.4527500000000004E-04,0
669,  1.6250000000000001E-01,15,  4.3750000000000000E-01,  8.1250000000000000E-01,4,  2.0286033778480334E-01,117,12,508,496,12,  6.2662102840770906E-01,  1.0160000000000000E+00,  9.9199999999999999E-01,  7.7515988636693922E-01,  1.6794825799999999E-01,  1.0275610000000000E-03,0
670,  1.6250000000000001E-01,15,  4.3750000000000000E-01,  8.1250000000000000E-01,5,  2.0286033778480334E-01,117,12,508,496,12,  6.2662102840770906E-01,  1.0160000000000000E+00,  9.9199999999999999E-01,  7.7515988636693922E-01,  1.6730424099999999E-01,  8.4674200000000005E-04,0
671,  1.6250000000000001E-01,15,  4.3750000000000000E-01,  1.0000000000000000E+00,1,  2.0286033778480334E-01,117,6,496,496,0,  8.2070051754067841E-01,  9.9199999999999999E-01,  9.9199999999999999E-01,  8.9825639207617558E-01,  1.6441670799999999E-01,  8.4669300000000003E-04,0
672,  1.6250000000000001E-01,15,  4.3750000000000000E-01,  1.0000000000000000E+00,2,  2.0286033778480334E-01,117,7,497,496,1,  7.9628343348583941E-01,  9.9399999999999999E-01,  9.9199999999999999E-01,  8.8422393692577839E-01,  1.6645190600000001E-01,  8.0912499999999995E-04,0
673,  1.6250000000000001E-01,15,  4.3750000000000000E-01,  1.0000000000000000E+00,3,  2.0286033778480334E-01,117,11,505,496,9,  6.5172682896726952E-01,  1.0100000000000000E+00,  9.9199999999999999E-01,  7.9224104200812351E-01,  1.6853280900000001E-01,  8.4344100000000000E-04,0
674,  1.6250000000000001E-01,15,  4.3750000000000000E-01,  1.0000000000000000E+00,4,  2.0286033778480334E-01,117,12,508,496,12,  6.2662102840770906E-01,  1.0160000000000000E+00,  9.9199999999999999E-01,  7.7515988636693922E-01,  1.6514308599999999E-01,  8.7307599999999997E-04,0
675,  1.6250000000000001E-01,15,  4.3750000000000000E-01,  1.0000000000000000E+00,5,  2.0286033778480334E-01,117,12,508,496,12,  6.2662102840770906E-01,  1.0160000000000000E+00,  9.9199999999999999E-01,  7.7515988636693922E-01,  1.6917857700000000E-01,  8.2705799999999998E-04,0
676,  1.6250000000000001E-01,15,  6.2500000000000000E-01,  2.5000000000000000E-01,1,  2.0286033778480334E-01,117,1,498,498,0,  9.9941794629666236E-01,  9.9600000000000000E-01,  9.9600000000000000E-01,  9.9770604585259637E-01,  1.9926159800000001E-01,  8.5645999999999997E-04,0
677,  1.6250000000000001E-01,15,  6.2500000000000000E-01,  2.5000000000000000E-01,2,  2.0286033778480334E-01,117,2,499,498,1,  9.4814640232229719E-01,  9.9800000000000000E-01,  9.9600000000000000E-01,  9.7243466204650519E-01,  1.9765863600000000E-01,  8.5801100000000000E-04,0
678,  1.6250000000000001E-01,15,  6.2500000000000000E-01,  2.5000000000000000E-01,3,  2.0286033778480334E-01,117,2,499,498,1,  9.4814640232229719E-01,  9.9800000000000000E-01,  9.9600000000000000E-01,  9.7243466204650519E-01,  1.9828551999999999E-01,  1.1858540000000001E-03,0
679,  1.6250000000000001E-01,15,  6.2500000000000000E-01,  2.5000000000000000E-01,4,  2.0286033778480334E-01,117,2,499,498,1,  9.4814640232229719E-01,  9.9800000000000000E-01,  9.9600000000000000E-01,  9.7243466204650519E-01,  1.9723339800000000E-01,  8.4774099999999995E-04,0
680,  1.6250000000000001E-01,15,  6.2500000000000000E-01,  2.5000000000000000E-01,5,  2.0286033778480334E-01,117,2,499,498,1,  9.4814640232229719E-01,  9.9800000000000000E-01,  9.9600000000000000E-01,  9.7243466204650519E-01,  1.9736277099999999E-01,  8.5325600000000004E-04,0
681,  1.6250000000000001E-01,15,  6.2500000000000000E-01,  4.3750000000000000E-01,1,  2.0286033778480334E-01,117,1,498,498,0,  9.9941794629666236E-01,  9.9600000000000000E-01,  9.9600000000000000E-01,  9.9770604585259637E-01,  1.9617814300000000E-01,  9.5362500000000005E-04,0
682,  1.6250000000000001E-01,15,  6.2500000000000000E-01,  4.3750000000000000E-01,2,  2.0286033778480334E-01,117,2,499,498,1,  9.4814640232229719E-01,  9.9800000000000000E-01,  9.9600000000000000E-01,  9.7243466204650519E-01,  2.0081250400000000E-01,  8.1606900000000000E-04,0
683,  1.6250000000000001E-01,15,  6.2500000000000000E-01,  4.3750000000000000E-01,3,  2.0286033778480334E-01,117,2,499,498,1,  9.4814640232229719E-01,  9.9800000000000000E-01,  9.9600000000000000E-01,  9.7243466204650519E-01,  1.9683286200000000E-01,  8.4734600000000001E-04,0
684,  1.6250000000000001E-01,15,  6.2500000000000000E-01,  4.3750000000000000E-01,4,  2.0286033778480334E-01,117,2,499,498,1,  9.4814640232229719E-01,  9.9800000000000000E-01,  9.9600000000000000E-01,  9.7243466204650519E-01,  1.9809350000000001E-01,  1.2507429999999999E-03,0
685,  1.6250000000000001E-01,15,  6.2500000000000000E-01,  4.3750000000000000E-01,5,  2.0286033778480334E-01,117,2,499,498,1,  9.4814640232229719E-01,  9.9800000000000000E-01,  9.9600000000000000E-01,  9.7243466204650519E-01,  1.9598028500000000E-01,  8.2852999999999996E-04,0
686,  1.6250000000000001E-01,15,  6.2500000000000000E-01,  6.2500000000000000E-01,1,  2.0286033778480334E-01,117,1,498,498,0,  9.9941794629666236E-01,  9.9600000000000000E-01,  9.9600000000000000E-01,  9.9770604585259637E-01,  2.0715039800000001E-01,  8.0625700000000000E-04,0
687,  1.6250000000000001E-01,15,  6.2500000000000000E-01,  6.2500000000000000E-01,2,  2.0286033778480334E-01,117,2,499,498,1,  9.4814640232229719E-01,  9.9800000000000000E-01,  9.9600000000000000E-01,  9.7243466204650519E-01,  1.9748925500000000E-01,  8.1767099999999996E-04,0
688,  1.6250000000000001E-01,15,  6.2500000000000000E-01,  6.2500000000000000E-01,3,  2.0286033778480334E-01,117,2,499,498,1,  9.4814640232229719E-01,  9.9800000000000000E-01,  9.9600000000000000E-01,  9.7243466204650519E-01,  2.1304216800000000E-01,  7.8125400000000000E-04,0
689,  1.6250000000000001E-01,15,  6.2500000000000000E-01,  6.2500000000000000E-01,4,  2.0286033778480334E-01,117,2,499,498,1,  9.4814640232229719E-01,  9.9800000000000000E-01,  9.9600000000000000E-01,  9.7243466204650519E-01,  1.9813122399999999E-01,  9.0863200000000004E-04,0
690,  1.6250000000000001E-01,15,  6.2500000000000000E-01,  6.2500000000000000E-01,5,  2.0286033778480334E-01,117,2,499,498,1,  9.4814640232229719E-01,  9.9800000000000000E-01,  9.9600000000000000E-01,  9.7243466204650519E-01,  1.9890399500000000E-01,  7.9544200000000005E-04,0
691,  1.6250000000000001E-01,15,  6.2500000000000000E-01,  8.1250000000000000E-01,1,  2.0286033778480334E-01,117,1,498,498,0,  9.9941794629666236E-01,  9.9600000000000000E-01,  9.9600000000000000E-01,  9.9770604585259637E-01,  2.0118585100000000E-01,  8.3122600000000001E-04,0
692,  1.6250000000000001E-01,15,  6.2500000000000000E-01,  8.1250000000000000E-01,2,  2.0286033778480334E-01,117,2,499,498,1,  9.4814640232229719E-01,  9.9800000000000000E-01,  9.9600000000000000E-01,  9.7243466204650519E-01,  1.9635075699999999E-01,  8.2251799999999995E-04,0
693,  1.6250000000000001E-01,15,  6.2500000000000000E-01,  8.1250000000000000E-01,3,  2.0286033778480334E-01,117,2,499,498,1,  9.4814640232229719E-01,  9.9800000000000000E-01,  9.9600000000000000E-01,  9.7243466204650519E-01,  1.9739188399999999E-01,  8.4289499999999997E-04,0
694,  1.6250000000000001E-01,15,  6.2500000000000000E-01,  8.1250000000000000E-01,4,  2.0286033778480334E-01,117,2,499,498,1,  9.4814640232229719E-01,  9.9800000000000000E-01,  9.9600000000000000E-01,  9.7243466204650519E-01,  1.9744942300000001E-01,  8.1714199999999998E-04,0
695,  1.6250000000000001E-01,15,  6.2500000000000000E-01,  8.1250000000000000E-01,5,  2.0286033778480334E-01,117,2,499,498,1,  9.4814640232229719E-01,  9.9800000000000000E-01,  9.9600000000000000E-01,  9.7243466204650519E-01,  1.9452448300000000E-01,  7.8329699999999996E-04,0
696,  1.6250000000000001E-01,15,  6.2500000000000000E-01,  1.0000000000000000E+00,1,  2.0286033778480334E-01,117,1,498,498,0,  9.9941794629666236E-01,  9.9600000000000000E-01,  9.9600000000000000E-01,  9.9770604585259637E-01,  2.0754229900000001E-01,  8.2028699999999995E-04,0
697,  1.6250000000000001E-01,15,  6.2500000000000000E-01,  1.0000000000000000E+00,2,  2.0286033778480334E-01,117,2,499,498,1,  9.4814640232229719E-01,  9.9800000000000000E-01,  9.9600000000000000E-01,  9.7243466204650519E-01,  1.9706293999999999E-01,  7.8707899999999999E-04,0
698,  1.6250000000000001E-01,15,  6.2500000000000000E-01,  1.0000000000000000E+00,3,  2.0286033778480334E-01,117,2,499,498,1,  9.4814640232229719E-01,  9.9800000000000000E-01,  9.9600000000000000E-01,  9.7243466204650519E-01,  1.9990505700000000E-01,  8.8550900000000004E-04,0
699,  1.6250000000000001E-01,15,  6.2500000000000000E-01,  1.0000000000000000E+00,4,  2.0286033778480334E-01,117,2,499,498,1,  9.4814640232229719E-01,  9.9800000000000000E-01,  9.9600000000000000E-01,  9.7243466204650519E-01,  1.9878013800000000E-01,  7.9777899999999998E-04,0
700,  1.6250000000000001E-01,15,  6.2500000000000000E-01,  1.0000000000000000E+00,5,  2.0286033778480334E-01,117,2,499,498,1,  9.4814640232229719E-01,  9.9800000000000000E-01,  9.9600000000000000E-01,  9.7243466204650519E-01,  1.9633428300000000E-01,  8.3769499999999995E-04,0
701,  1.6250000000000001E-01,15,  8.1250000000000000E-01,  2.5000000000000000E-01,1,  2.0286033778480334E-01,117,1,498,498,0,  9.9941794629666236E-01,  9.9600000000000000E-01,  9.9600000000000000E-01,  9.9770604585259637E-01,  2.6442226699999999E-01,  9.0835600000000003E-04,0
702,  1.6250000000000001E-01,15,  8.1250000000000000E-01,  2.5000000000000000E-01,2,  2.0286033778480334E-01,117,1,498,498,0,  9.9941794629666236E-01,  9.9600000000000000E-01,  9.9600000000000000E-01,  9.9770604585259637E-01,  2.6892965899999999E-01,  8.6140100000000003E-04,0
703,  1.6250000000000001E-01,15,  8.1250000000000000E-01,  2.5000000000000000E-01,3,  2.0286033778480334E-01,117,1,498,498,0,  9.9941794629666236E-01,  9.9600000000000000E-01,  9.9600000000000000E-01,  9.9770604585259637E-01,  2.6501985099999997E-01,  7.8214199999999999E-04,0
704,  1.6250000000000001E-01,15,  8.1250000000000000E-01,  2.5000000000000000E-01,4,  2.0286033778480334E-01,117,1,498,498,0,  9.9941794629666236E-01,  9.9600000000000000E-01,  9.9600000000000000E-01,  9.9770604585259637E-01,  2.6767672100000001E-01,  1.2125759999999999E-03,0
705,  1.6250000000000001E-01,15,  8.1250000000000000E-01,  2.5000000000000000E-01,5,  2.0286033778480334E-01,117,1,498,498,0,  9.9941794629666236E-01,  9.9600000000000000E-01,  9.9600000000000000E-01,  9.9770604585259637E-01,  2.6514631300000002E-01,  8.7063799999999997E-04,0
706,  1.6250000000000001E-01,15,  8.1250000000000000E-01,  4.3750000000000000E-01,1,  2.0286033778480334E-01,117,1,498,498,0,  9.9941794629666236E-01,  9.9600000000000000E-01,  9.9600000000000000E-01,  9.9770604585259637E-01,  2.6465499199999998E-01,  8.1949699999999998E-04,0
707,  1.6250000000000001E-01,15,  8.1250000000000000E-01,  4.3750000000000000E-01,2,  2.0286033778480334E-01,117,1,498,498,0,  9.9941794629666236E-01,  9.9600000000000000E-01,  9.9600000000000000E-01,  9.9770604585259637E-01,  2.6881008000000001E-01,  8.7475100000000000E-04,0
708,  1.6250000000000001E-01,15,  8.1250000000000000E-01,  4.3750000000000000E-01,3,  2.0286033778480334E-01,117,1,498,498,0,  9.9941794629666236E-01,  9.9600000000000000E-01,  9.9600000000000000E-01,  9.9770604585259637E-01,  2.7312386700000002E-01,  8.3147600000000005E-04,0
709,  1.6250000000000001E-01,15,  8.1250000000000000E-01,  4.3750000000000000E-01,4,  2.0286033778480334E-01,117,1,498,498,0,  9.9941794629666236E-01,  9.9600000000000000E-01,  9.9600000000000000E-01,  9.9770604585259637E-01,  2.7529666800000002E-01,  1.0257960000000000E-03,0
710,  1.6250000000000001E-01,15,  8.1250000000000000E-01,  4.3750000000000000E-01,5,  2.0286033778480334E-01,117,1,498,498,0,  9.9941794629666236E-01,  9.9600000000000000E-01,  9.9600000000000000E-01,  9.9770604585259637E-01,  2.6938261899999999E-01,  9.4323200000000001E-04,0
711,  1.6250000000000001E-01,15,  8.1250000000000000E-01,  6.2500000000000000E-01,1,  2.0286033778480334E-01,117,1,498,498,0,  9.9941794629666236E-01,  9.9600000000000000E-01,  9.9600000000000000E-01,  9.9770604585259637E-01,  2.6575535600000000E-01,  8.4016899999999999E-04,0
712,  1.6250000000000001E-01,15,  8.1250000000000000E-01,  6.2500000000000000E-01,2,  2.0286033778480334E-01,117,1,498,498,0,  9.9941794629666236E-01,  9.9600000000000000E-01,  9.9600000000000000E-01,  9.9770604585259637E-01,  2.6761610899999999E-01,  8.2941099999999995E-04,0
713,  1.6250000000000001E-01,15,  8.1250000000000000E-01,  6.2500000000000000E-01,3,  2.0286033778480334E-01,117,1,498,498,0,  9.9941794629666236E-01,  9.9600000000000000E-01,  9.9600000000000000E-01,  9.9770604585259637E-01,  2.6596856000000002E-01,  8.0352699999999995E-04,0
714,  1.6250000000000001E-01,15,  8.1250000000000000E-01,  6.2500000000000000E-01,4,  2.0286033778480334E-01,117,1,498,498,0,  9.9941794629666236E-01,  9.9600000000000000E-01,  9.9600000000000000E-01,  9.9770604585259637E-01,  2.6357580200000003E-01,  7.8450199999999996E-04,0
715,  1.6250000000000001E-01,15,  8.1250000000000000E-01,  6.2500000000000000E-01,5,  2.0286033778480334E-01,117,1,498,498,0,  9.9941794629666236E-01,  9.9600000000000000E-01,  9.9600000000000000E-01,  9.9770604585259637E-01,  2.6666783700000002E-01,  8.6947299999999995E-04,0
716,  1.6250000000000001E-01,15,  8.1250000000000000E-01,  8.1250000000000000E-01,1,  2.0286033778480334E-01,117,1,498,498,0,  9.9941794629666236E-01,  9.9600000000000000E-01,  9.9600000000000000E-01,  9.9770604585259637E-01,  2.6767581000000001E-01,  1.0272949999999999E-03,0
717,  1.6250000000000001E-01,15,  8.1250000000000000E-01,  8.1250000000000000E-01,2,  2.0286033778480334E-01,117,1,498,498,0,  9.9941794629666236E-01,  9.9600000000000000E-01,  9.9600000000000000E-01,  9.9770604585259637E-01,  2.6959841400000001E-01,  8.8696800000000002E-04,0
718,  1.6250000000000001E-01,15,  8.1250000000000000E-01,  8.1250000000000000E-01,3,  2.0286033778480334E-01,117,1,498,498,0,  9.9941794629666236E-01,  9.9600000000000000E-01,  9.9600000000000000E-01,  9.9770604585259637E-01,  2.6475262100000002E-01,  8.1218900000000005E-04,0
719,  1.6250000000000001E-01,15,  8.1250000000000000E-01,  8.1250000000000000E-01,4,  2.0286033778480334E-01,117,1,498,498,0,  9.9941794629666236E-01,  9.9600000000000000E-01,  9.9600000000000000E-01,  9.9770604585259637E-01,  2.7006838900000002E-01,  8.4717500000000003E-04,0
720,  1.6250000000000001E-01,15,  8.1250000000000000E-01,  8.1250000000000000E-01,5,  2.0286033778480334E-01,117,1,498,498,0,  9.9941794629666236E-01,  9.9600000000000000E-01,  9.9600000000000000E-01,  9.9770604585259637E-01,  2.6371187800000001E-01,  8.0874300000000001E-04,0
721,  1.6250000000000001E-01,15,  8.1250000000000000E-01,  1.0000000000000000E+00,1,  2.0286033778480334E-01,117,1,498,498,0,  9.9941794629666236E-01,  9.9600000000000000E-01,  9.9600000000000000E-01,  9.9770604585259637E-01,  2.6843229699999999E-01,  8.2548599999999995E-04,0
722,  1.6250000000000001E-01,15,  8.1250000000000000E-01,  1.0000000000000000E+00,2,  2.0286033778480334E-01,117,1,498,498,0,  9.9941794629666236E-01,  9.9600000000000000E-01,  9.9600000000000000E-01,  9.9770604585259637E-01,  2.6737803500000001E-01,  8.2528899999999999E-04,0
723,  1.6250000000000001E-01,15,  8.1250000000000000E-01,  1.0000000000000000E+00,3,  2.0286033778480334E-01,117,1,498,498,0,  9.9941794629666236E-01,  9.9600000000000000E-01,  9.9600000000000000E-01,  9.9770604585259637E-01,  2.6782793799999999E-01,  8.6550300000000000E-04,0
724,  1.6250000000000001E-01,15,  8.1250000000000000E-01,  1.0000000000000000E+00,4,  2.0286033778480334E-01,117,1,498,498,0,  9.9941794629666236E-01,  9.9600000000000000E-01,  9.9600000000000000E-01,  9.9770604585259637E-01,  2.7694032600000001E-01,  8.0514699999999998E-04,0
725,  1.6250000000000001E-01,15,  8.1250000000000000E-01,  1.0000000000000000E+00,5,  2.0286033778480334E-01,117,1,498,498,0,  9.9941794629666236E-01,  9.9600000000000000E-01,  9.9600000000000000E-01,  9.9770604585259637E-01,  2.8603731799999998E-01,  8.0471399999999999E-04,0
726,  1.6250000000000001E-01,15,  1.0000000000000000E+00,  2.5000000000000000E-01,1,  2.0286033778480334E-01,117,1,498,498,0,  9.9941794629666236E-01,  9.9600000000000000E-01,  9.9600000000000000E-01,  9.9770604585259637E-01,  3.5016988999999998E-01,  9.6262799999999999E-04,0
727,  1.6250000000000001E-01,15,  1.0000000000000000E+00,  2.5000000000000000E-01,2,  2.0286033778480334E-01,117,2,499,498,1,  9.6838667437647763E-01,  9.9800000000000000E-01,  9.9600000000000000E-01,  9.8297035229266549E-01,  3.5455120499999998E-01,  8.2961799999999996E-04,0
728,  1.6250000000000001E-01,15,  1.0000000000000000E+00,  2.5000000000000000E-01,3,  2.0286033778480334E-01,117,2,499,498,1,  9.6838667437647763E-01,  9.9800000000000000E-01,  9.9600000000000000E-01,  9.8297035229266549E-01,  3.4912978500000003E-01,  9.6140400000000001E-04,0
729,  1.6250000000000001E-01,15,  1.0000000000000000E+00,  2.5000000000000000E-01,4,  2.0286033778480334E-01,117,2,499,498,1,  9.6838667437647763E-01,  9.9800000000000000E-01,  9.9600000000000000E-01,  9.8297035229266549E-01,  3.4912229200000000E-01,  8.1826800000000003E-04,0
730,  1.6250000000000001E-01,15,  1.0000000000000000E+00,  2.5000000000000000E-01,5,  2.0286033778480334E-01,117,2,499,498,1,  9.6838667437647763E-01,  9.9800000000000000E-01,  9.9600000000000000E-01,  9.8297035229266549E-01,  3.5604791000000002E-01,  7.8246200000000004E-04,0
731,  1.6250000000000001E-01,15,  1.0000000000000000E+00,  4.3750000000000000E-01,1,  2.0286033778480334E-01,117,1,498,498,0,  9.9941794629666236E-01,  9.9600000000000000E-01,  9.9600000000000000E-01,  9.9770604585259637E-01,  3.4998129100000003E-01,  8.3638699999999996E-04,0
732,  1.6250000000000001E-01,15,  1.0000000000000000E+00,  4.3750000000000000E-01,2,  2.0286033778480334E-01,117,2,499,498,1,  9.6838667437647763E-01,  9.9800000000000000E-01,  9.9600000000000000E-01,  9.8297035229266549E-01,  3.5121345100000001E-01,  8.4328799999999998E-04,0
733,  1.6250000000000001E-01,15,  1.0000000000000000E+00,  4.3750000000000000E-01,3,  2.0286033778480334E-01,117,2,499,498,1,  9.6838667437647763E-01,  9.9800000000000000E-01,  9.9600000000000000E-01,  9.8297035229266549E-01,  3.4628551099999999E-01,  7.9714100000000002E-04,0
734,  1.6250000000000001E-01,15,  1.0000000000000000E+00,  4.3750000000000000E-01,4,  2.0286033778480334E-01,117,2,499,498,1,  9.6838667437647763E-01,  9.9800000000000000E-01,  9.9600000000000000E-01,  9.8297035229266549E-01,  3.5807681499999999E-01,  8.3045500000000002E-04,0
735,  1.6250000000000001E-01,15,  1.0000000000000000E+00,  4.3750000000000000E-01,5,  2.0286033778480334E-01,117,2,499,498,1,  9.6838667437647763E-01,  9.9800000000000000E-01,  9.9600000000000000E-01,  9.8297035229266549E-01,  3.4671361000000001E-01,  8.5120499999999995E-04,0
736,  1.6250000000000001E-01,15,  1.0000000000000000E+00,  6.2500000000000000E-01,1,  2.0286033778480334E-01,117,1,498,498,0,  9.9941794629666236E-01,  9.9600000000000000E-01,  9.9600000000000000E-01,  9.9770604585259637E-01,  3.5380584500000001E-01,  7.8950199999999998E-04,0
737,  1.6250000000000001E-01,15,  1.0000000000000000E+00,  6.2500000000000000E-01,2,  2.0286033778480334E-01,117,2,499,498,1,  9.6838667437647763E-01,  9.9800000000000000E-01,  9.9600000000000000E-01,  9.8297035229266549E-01,  3.4352288500000000E-01,  8.5947400000000005E-04,0
738,  1.6250000000000001E-01,15,  1.0000000000000000E+00,  6.2500000000000000E-01,3,  2.0286033778480334E-01,117,2,499,498,1,  9.6838667437647763E-01,  9.9800000000000000E-01,  9.9600000000000000E-01,  9.8297035229266549E-01,  3.5706876599999998E-01,  8.3856299999999996E-04,0
739,  1.6250000000000001E-01,15,  1.0000000000000000E+00,  6.2500000000000000E-01,4,  2.0286033778480334E-01,117,2,499,498,1,  9.6838667437647763E-01,  9.9800000000000000E-01,  9.9600000000000000E-01,  9.8297035229266549E-01,  3.5113989400000001E-01,  1.1899980000000001E-03,0
740,  1.6250000000000001E-01,15,  1.0000000000000000E+00,  6.2500000000000000E-01,5,  2.0286033778480334E-01,117,2,499,498,1,  9.6838667437647763E-01,  9.9800000000000000E-01,  9.9600000000000000E-01,  9.8297035229266549E-01,  3.4613707900000001E-01,  8.5581399999999999E-04,0
741,  1.6250000000000001E-01,15,  1.0000000000000000E+00,  8.1250000000000000E-01,1,  2.0286033778480334E-01,117,1,498,498,0,  9.9941794629666236E-01,  9.9600000000000000E-01,  9.9600000000000000E-01,  9.9770604585259637E-01,  3.5206860699999998E-01,  9.7017100000000003E-04,0
742,  1.6250000000000001E-01,15,  1.0000000000000000E+00,  8.1250000000000000E-01,2,  2.0286033778480334E-01,117,2,499,498,1,  9.6838667437647763E-01,  9.9800000000000000E-01,  9.9600000000000000E-01,  9.8297035229266549E-01,  3.4827517000000002E-01,  8.2449400000000005E-04,0
743,  1.6250000000000001E-01,15,  1.0000000000000000E+00,  8.1250000000000000E-01,3,  2.0286033778480334E-01,117,2,499,498,1,  9.6838667437647763E-01,  9.9800000000000000E-01,  9.9600000000000000E-01,  9.8297035229266549E-01,  3.4724280499999999E-01,  8.3529500000000000E-04,0
744,  1.6250000000000001E-01,15,  1.0000000000000000E+00,  8.1250000000000000E-01,4,  2.0286033778480334E-01,117,2,499,498,1,  9.6838667437647763E-01,  9.9800000000000000E-01,  9.9600000000000000E-01,  9.8297035229266549E-01,  3.4974250600000001E-01,  7.7800899999999997E-04,0
745,  1.6250000000000001E-01,15,  1.0000000000000000E+00,  8.1250000000000000E-01,5,  2.0286033778480334E-01,117,2,499,498,1,  9.6838667437647763E-01,  9.9800000000000000E-01,  9.9600000000000000E-01,  9.8297035229266549E-01,  3.5085269699999999E-01,  9.0350000000000001E-04,0
746,  1.6250000000000001E-01,15,  1.0000000000000000E+00,  1.0000000000000000E+00,1,  2.0286033778480334E-01,117,1,498,498,0,  9.9941794629666236E-01,  9.9600000000000000E-01,  9.9600000000000000E-01,  9.9770604585259637E-01,  3.4922464399999997E-01,  8.4965099999999999E-04,0
747,  1.6250000000000001E-01,15,  1.0000000000000000E+00,  1.0000000000000000E+00,2,  2.0286033778480334E-01,117,2,499,498,1,  9.6838667437647763E-01,  9.9800000000000000E-01,  9.9600000000000000E-01,  9.8297035229266549E-01,  3.5255907199999997E-01,  8.0637899999999997E-04,0
748,  1.6250000000000001E-01,15,  1.0000000000000000E+00,  1.0000000000000000E+00,3,  2.0286033778480334E-01,117,2,499,498,1,  9.6838667437647763E-01,  9.9800000000000000E-01,  9.9600000000000000E-01,  9.8297035229266549E-01,  3.4661025800000000E-01,  7.8178199999999996E-04,0
749,  1.6250000000000001E-01,15,  1.0000000000000000E+00,  1.0000000000000000E+00,4,  2.0286033778480334E-01,117,2,499,498,1,  9.6838667437647763E-01,  9.9800000000000000E-01,  9.9600000000000000E-01,  9.8297035229266549E-01,  3.4509283899999998E-01,  8.4833100000000002E-04,0
750,  1.6250000000000001E-01,15,  1.0000000000000000E+00,  1.0000000000000000E+00,5,  2.0286033778480334E-01,117,2,499,498,1,  9.6838667437647763E-01,  9.9800000000000000E-01,  9.9600000000000000E-01,  9.8297035229266549E-01,  3.5633175900000003E-01,  8.1273200000000004E-04,0
751,  1.6250000000000001E-01,25,  2.5000000000000000E-01,  2.5000000000000000E-01,1,  2.0286033778480334E-01,81,13,474,474,0,  4.8627899031594679E-01,  9.4799999999999995E-01,  9.4799999999999995E-01,  6.4282121669783210E-01,  9.0705669000000003E-02,  7.7945800000000002E-04,0
752,  1.6250000000000001E-01,25,  2.5000000000000000E-01,  2.5000000000000000E-01,2,  2.0286033778480334E-01,81,14,475,474,1,  4.6747646900666034E-01,  9.4999999999999996E-01,  9.4799999999999995E-01,  6.2661025458510178E-01,  9.3678529999999996E-02,  8.0559700000000002E-04,0
753,  1.6250000000000001E-01,25,  2.5000000000000000E-01,  2.5000000000000000E-01,3,  2.0286033778480334E-01,81,14,475,474,1,  4.6747646900666034E-01,  9.4999999999999996E-01,  9.4799999999999995E-01,  6.2661025458510178E-01,  1.0486059700000000E-01,  8.0226500000000003E-04,0
754,  1.6250000000000001E-01,25,  2.5000000000000000E-01,  2.5000000000000000E-01,4,  2.0286033778480334E-01,81,14,475,474,1,  4.6747646900666034E-01,  9.4999999999999996E-01,  9.4799999999999995E-01,  6.2661025458510178E-01,  9.1444811000000001E-02,  7.6917399999999996E-04,0
755,  1.6250000000000001E-01,25,  2.5000000000000000E-01,  2.5000000000000000E-01,5,  2.0286033778480334E-01,81,17,487,474,13,  3.9692991100615743E-01,  9.7399999999999998E-01,  9.4799999999999995E-01,  5.6401093916793366E-01,  8.9724139999999994E-02,  8.1214500000000001E-04,0
756,  1.6250000000000001E-01,25,  2.5000000000000000E-01,  4.3750000000000000E-01,1,  2.0286033778480334E-01,81,13,474,474,0,  4.8627899031594679E-01,  9.4799999999999995E-01,  9.4799999999999995E-01,  6.4282121669783210E-01,  9.3313608000000006E-02,  9.5525799999999995E-04,0
757,  1.6250000000000001E-01,25,  2.5000000000000000E-01,  4.3750000000000000E-01,2,  2.0286033778480334E-01,81,14,475,474,1,  4.6747646900666034E-01,  9.4999999999999996E-01,  9.4799999999999995E-01,  6.2661025458510178E-01,  8.8852483999999995E-02,  8.1058499999999995E-04,0
758,  1.6250000000000001E-01,25,  2.5000000000000000E-01,  4.3750000000000000E-01,3,  2.0286033778480334E-01,81,14,475,474,1,  4.6747646900666034E-01,  9.4999999999999996E-01,  9.4799999999999995E-01,  6.2661025458510178E-01,  8.8456761999999994E-02,  7.7860199999999998E-04,0
759,  1.6250000000000001E-01,25,  2.5000000000000000E-01,  4.3750000000000000E-01,4,  2.0286033778480334E-01,81,14,475,474,1,  4.6747646900666034E-01,  9.4999999999999996E-01,  9.4799999999999995E-01,  6.2661025458510178E-01,  9.0667206000000000E-02,  1.2862230000000000E-03,0
760,  1.6250000000000001E-01,25,  2.5000000000000000E-01,  4.3750000000000000E-01,5,  2.0286033778480334E-01,81,17,487,474,13,  3.9692991100615743E-01,  9.7399999999999998E-01,  9.4799999999999995E-01,  5.6401093916793366E-01,  9.3239876999999999E-02,  8.4498500000000003E-04,0
761,  1.6250000000000001E-01,25,  2.5000000000000000E-01,  6.2500000000000000E-01,1,  2.0286033778480334E-01,81,13,474,474,0,  4.8627899031594679E-01,  9.4799999999999995E-01,  9.4799999999999995E-01,  6.4282121669783210E-01,  9.2868283999999995E-02,  9.5312299999999995E-04,0
762,  1.6250000000000001E-01,25,  2.5000000000000000E-01,  6.2500000000000000E-01,2,  2.0286033778480334E-01,81,14,475,474,1,  4.6747646900666034E-01,  9.4999999999999996E-01,  9.4799999999999995E-01,  6.2661025458510178E-01,  9.0563954000000002E-02,  7.7091400000000004E-04,0
763,  1.6250000000000001E-01,25,  2.5000000000000000E-01,  6.2500000000000000E-01,3,  2.0286033778480334E-01,81,14,475,474,1,  4.6747646900666034E-01,  9.4999999999999996E-01,  9.4799999999999995E-01,  6.2661025458510178E-01,  8.9081636000000006E-02,  8.1148899999999998E-04,0
764,  1.6250000000000001E-01,25,  2.5000000000000000E-01,  6.2500000000000000E-01,4,  2.0286033778480334E-01,81,14,475,474,1,  4.6747646900666034E-01,  9.4999999999999996E-01,  9.4799999999999995E-01,  6.2661025458510178E-01,  9.2904401999999997E-02,  8.3799600000000003E-04,0
765,  1.6250000000000001E-01,25,  2.5000000000000000E-01,  6.2500000000000000E-01,5,  2.0286033778480334E-01,81,17,487,474,13,  3.9692991100615743E-01,  9.7399999999999998E-01,  9.4799999999999995E-01,  5.6401093916793366E-01,  9.0745660000000006E-02,  8.4671300000000002E-04,0
766,  1.6250000000000001E-01,25,  2.5000000000000000E-01,  8.1250000000000000E-01,1,  2.0286033778480334E-01,81,13,474,474,0,  4.8627899031594679E-01,  9.4799999999999995E-01,  9.4799999999999995E-01,  6.4282121669783210E-01,  9.1113875999999996E-02,  8.3244700000000005E-04,0
767,  1.6250000000000001E-01,25,  2.5000000000000000E-01,  8.1250000000000000E-01,2,  2.0286033778480334E-01,81,14,475,474,1,  4.6747646900666034E-01,  9.4999999999999996E-01,  9.4799999999999995E-01,  6.2661025458510178E-01,  9.2559428999999999E-02,  7.6150399999999998E-04,0
768,  1.6250000000000001E-01,25,  2.5000000000000000E-01,  8.1250000000000000E-01,3,  2.0286033778480334E-01,81,14,475,474,1,  4.6747646900666034E-01,  9.4999999999999996E-01,  9.4799999999999995E-01,  6.2661025458510178E-01,  9.1048385999999995E-02,  7.6521300000000005E-04,0
769,  1.6250000000000001E-01,25,  2.5000000000000000E-01,  8.1250000000000000E-01,4,  2.0286033778480334E-01,81,14,475,474,1,  4.6747646900666034E-01,  9.4999999999999996E-01,  9.4799999999999995E-01,  6.2661025458510178E-01,  8.9465409999999995E-02,  8.3452400000000001E-04,0
770,  1.6250000000000001E-01,25,  2.5000000000000000E-01,  8.1250000000000000E-01,5,  2.0286033778480334E-01,81,17,487,474,13,  3.9692991100615743E-01,  9.7399999999999998E-01,  9.4799999999999995E-01,  5.6401093916793366E-01,  9.1722132999999997E-02,  7.8098499999999999E-04,0
771,  1.6250000000000001E-01,25,  2.5000000000000000E-01,  1.0000000000000000E+00,1,  2.0286033778480334E-01,81,13,474,474,0,  4.8627899031594679E-01,  9.4799999999999995E-01,  9.4799999999999995E-01,  6.4282121669783210E-01,  9.7561171000000002E-02,  8.5635900000000000E-04,0
772,  1.6250000000000001E-01,25,  2.5000000000000000E-01,  1.0000000000000000E+00,2,  2.0286033778480334E-01,81,14,475,474,1,  4.6747646900666034E-01,  9.4999999999999996E-01,  9.4799999999999995E-01,  6.2661025458510178E-01,  9.3490361999999994E-02,  7.7422899999999998E-04,0
773,  1.6250000000000001E-01,25,  2.5000000000000000E-01,  1.0000000000000000E+00,3,  2.0286033778480334E-01,81,14,475,474,1,  4.6747646900666034E-01,  9.4999999999999996E-01,  9.4799999999999995E-01,  6.2661025458510178E-01,  9.0360008000000006E-02,  7.7195900000000001E-04,0
774,  1.6250000000000001E-01,25,  2.5000000000000000E-01,  1.0000000000000000E+00,4,  2.0286033778480334E-01,81,14,475,474,1,  4.6747646900666034E-01,  9.4999999999999996E-01,  9.4799999999999995E-01,  6.2661025458510178E-01,  9.0957397999999995E-02,  8.3089399999999999E-04,0
775,  1.6250000000000001E-01,25,  2.5000000000000000E-01,  1.0000000000000000E+00,5,  2.0286033778480334E-01,81,17,487,474,13,  3.9692991100615743E-01,  9.7399999999999998E-01,  9.4799999999999995E-01,  5.6401093916793366E-01,  9.0664429000000005E-02,  8.6828500000000000E-04,0
776,  1.6250000000000001E-01,25,  4.3750000000000000E-01,  2.5000000000000000E-01,1,  2.0286033778480334E-01,81,4,491,491,0,  9.1115524502075951E-01,  9.8199999999999998E-01,  9.8199999999999998E-01,  9.4525206315087429E-01,  1.1319005800000000E-01,  7.7732699999999997E-04,0
777,  1.6250000000000001E-01,25,  4.3750000000000000E-01,  2.5000000000000000E-01,2,  2.0286033778480334E-01,81,5,492,491,1,  8.7511657187629865E-01,  9.8399999999999999E-01,  9.8199999999999998E-01,  9.2636978202739029E-01,  1.0881483300000000E-01,  8.4329499999999998E-04,0
778,  1.6250000000000001E-01,25,  4.3750000000000000E-01,  2.5000000000000000E-01,3,  2.0286033778480334E-01,81,6,494,491,3,  8.2089958945058450E-01,  9.8799999999999999E-01,  9.8199999999999998E-01,  8.9673169158440302E-01,  1.1105916000000000E-01,  7.8308299999999996E-04,0
779,  1.6250000000000001E-01,25,  4.3750000000000000E-01,  2.5000000000000000E-01,4,  2.0286033778480334E-01,81,8,500,491,9,  7.0071749250543847E-01,  1.0000000000000000E+00,  9.8199999999999998E-01,  8.2402573689433345E-01,  1.1258349700000000E-01,  7.8365700000000000E-04,0
780,  1.6250000000000001E-01,25,  4.3750000000000000E-01,  2.5000000000000000E-01,5,  2.0286033778480334E-01,81,10,508,491,17,  6.2455514745930085E-01,  1.0160000000000000E+00,  9.8199999999999998E-01,  7.7357720135328967E-01,  1.0907784199999999E-01,  8.3843500000000000E-04,0
781,  1.6250000000000001E-01,25,  4.3750000000000000E-01,  4.3750000000000000E-01,1,  2.0286033778480334E-01,81,4,491,491,0,  9.1115524502075951E-01,  9.8199999999999998E-01,  9.8199999999999998E-01,  9.4525206315087429E-01,  1.1176433000000000E-01,  7.7432599999999999E-04,0
782,  1.6250000000000001E-01,25,  4.3750000000000000E-01,  4.3750000000000000E-01,2,  2.0286033778480334E-01,81,5,492,491,1,  8.7511657187629865E-01,  9.8399999999999999E-01,  9.8199999999999998E-01,  9.2636978202739029E-01,  1.0965602600000000E-01,  1.0387899999999999E-03,0
783,  1.6250000000000001E-01,25,  4.3750000000000000E-01,  4.3750000000000000E-01,3,  2.0286033778480334E-01,81,6,494,491,3,  8.2089958945058450E-01,  9.8799999999999999E-01,  9.8199999999999998E-01,  8.9673169158440302E-01,  1.1101494800000000E-01,  8.3172800000000000E-04,0
784,  1.6250000000000001E-01,25,  4.3750000000000000E-01,  4.3750000000000000E-01,4,  2.0286033778480334E-01,81,8,500,491,9,  7.0071749250543847E-01,  1.0000000000000000E+00,  9.8199999999999998E-01,  8.2402573689433345E-01,  1.1301557499999999E-01,  9.4903800000000003E-04,0
785,  1.6250000000000001E-01,25,  4.3750000000000000E-01,  4.3750000000000000E-01,5,  2.0286033778480334E-01,81,10,508,491,17,  6.2455514745930085E-01,  1.0160000000000000E+00,  9.8199999999999998E-01,  7.7357720135328967E-01,  1.1016533400000000E-01,  8.2576800000000005E-04,0
786,  1.6250000000000001E-01,25,  4.3750000000000000E-01,  6.2500000000000000E-01,1,  2.0286033778480334E-01,81,4,491,491,0,  9.1115524502075951E-01,  9.8199999999999998E-01,  9.8199999999999998E-01,  9.4525206315087429E-01,  1.1048091000000000E-01,  9.1441400000000000E-04,0
787,  1.6250000000000001E-01,25,  4.3750000000000000E-01,  6.2500000000000000E-01,2,  2.0286033778480334E-01,81,5,492,491,1,  8.7511657187629865E-01,  9.8399999999999999E-01,  9.8199999999999998E-01,  9.2636978202739029E-01,  1.1073107900000000E-01,  8.5402999999999998E-04,0
788,  1.6250000000000001E-01,25,  4.3750000000000000E-01,  6.2500000000000000E-01,3,  2.0286033778480334E-01,81,6,494,491,3,  8.2089958945058450E-01,  9.8799999999999999E-01,  9.8199999999999998E-01,  8.9673169158440302E-01,  1.0963839700000000E-01,  8.5918099999999999E-04,0
789,  1.6250000000000001E-01,25,  4.3750000000000000E-01,  6.2500000000000000E-01,4,  2.0286033778480334E-01,81,8,500,491,9,  7.0071749250543847E-01,  1.0000000000000000E+00,  9.8199999999999998E-01,  8.2402573689433345E-01,  1.0951493900000001E-01,  8.3954199999999998E-04,0
790,  1.6250000000000001E-01,25,  4.3750000000000000E-01,  6.2500000000000000E-01,5,  2.0286033778480334E-01,81,10,508,491,17,  6.2455514745930085E-01,  1.0160000000000000E+00,  9.8199999999999998E-01,  7.7357720135328967E-01,  1.1306870400000001E-01,  8.8632000000000001E-04,0
791,  1.6250000000000001E-01,25,  4.3750000000000000E-01,  8.1250000000000000E-01,1,  2.0286033778480334E-01,81,4,491,491,0,  9.1115524502075951E-01,  9.8199999999999998E-01,  9.8199999999999998E-01,  9.4525206315087429E-01,  1.1268535200000000E-01,  9.8641099999999997E-04,0
792,  1.6250000000000001E-01,25,  4.3750000000000000E-01,  8.1250000000000000E-01,2,  2.0286033778480334E-01,81,5,492,491,1,  8.7511657187629865E-01,  9.8399999999999999E-01,  9.8199999999999998E-01,  9.2636978202739029E-01,  1.0973613800000000E-01,  1.0724619999999999E-03,0
793,  1.6250000000000001E-01,25,  4.3750000000000000E-01,  8.1250000000000000E-01,3,  2.0286033778480334E-01,81,6,494,491,3,  8.2089958945058450E-01,  9.8799999999999999E-01,  9.8199999999999998E-01,  8.9673169158440302E-01,  1.1080164800000000E-01,  9.1862900000000002E-04,0
794,  1.6250000000000001E-01,25,  4.3750000000000000E-01,  8.1250000000000000E-01,4,  2.0286033778480334E-01,81,8,500,491,9,  7.0071749250543847E-01,  1.0000000000000000E+00,  9.8199999999999998E-01,  8.2402573689433345E-01,  1.1227748200000000E-01,  8.3047800000000005E-04,0
795,  1.6250000000000001E-01,25,  4.3750000000000000E-01,  8.1250000000000000E-01,5,  2.0286033778480334E-01,81,10,508,491,17,  6.2455514745930085E-01,  1.0160000000000000E+00,  9.8199999999999998E-01,  7.7357720135328967E-01,  1.0957698200000000E-01,  7.9395500000000005E-04,0
796,  1.6250000000000001E-01,25,  4.3750000000000000E-01,  1.0000000000000000E+00,1,  2.0286033778480334E-01,81,4,491,491,0,  9.1115524502075951E-01,  9.8199999999999998E-01,  9.8199999999999998E-01,  9.4525206315087429E-01,  1.1075396500000000E-01,  8.0738499999999998E-04,0
797,  1.6250000000000001E-01,25,  4.3750000000000000E-01,  1.0000000000000000E+00,2,  2.0286033778480334E-01,81,5,492,491,1,  8.7511657187629865E-01,  9.8399999999999999E-01,  9.8199999999999998E-01,  9.2636978202739029E-01,  1.1164591100000000E-01,  7.8693199999999995E-04,0
798,  1.6250000000000001E-01,25,  4.3750000000000000E-01,  1.0000000000000000E+00,3,  2.0286033778480334E-01,81,6,494,491,3,  8.2089958945058450E-01,  9.8799999999999999E-01,  9.8199999999999998E-01,  8.9673169158440302E-01,  1.1154811700000000E-01,  8.7395200000000000E-04,0
799,  1.6250000000000001E-01,25,  4.3750000000000000E-01,  1.0000000000000000E+00,4,  2.0286033778480334E-01,81,8,500,491,9,  7.0071749250543847E-01,  1.0000000000000000E+00,  9.8199999999999998E-01,  8.2402573689433345E-01,  1.1135095000000000E-01,  7.8455400000000002E-04,0
800,  1.6250000000000001E-01,25,  4.3750000000000000E-01,  1.0000000000000000E+00,5,  2.0286033778480334E-01,81,10,508,491,17,  6.2455514745930085E-01,  1.0160000000000000E+00,  9.8199999999999998E-01,  7.7357720135328967E-01,  1.1265021600000000E-01,  1.0595080000000000E-03,0
801,  1.6250000000000001E-01,25,  6.2500000000000000E-01,  2.5000000000000000E-01,1,  2.0286033778480334E-01,81,2,495,495,0,  9.7441814956086925E-01,  9.8999999999999999E-01,  9.8999999999999999E-01,  9.8214727682179692E-01,  1.4121598499999999E-01,  8.0968000000000001E-04,0
802,  1.6250000000000001E-01,25,  6.2500000000000000E-01,  2.5000000000000000E-01,2,  2.0286033778480334E-01,81,2,495,495,0,  9.7441814956086925E-01,  9.8999999999999999E-01,  9.8999999999999999E-01,  9.8214727682179692E-01,  1.4368708799999999E-01,  8.5309199999999996E-04,0
803,  1.6250000000000001E-01,25,  6.2500000000000000E-01,  2.5000000000000000E-01,3,  2.0286033778480334E-01,81,2,495,495,0,  9.7441814956086925E-01,  9.8999999999999999E-01,  9.8999999999999999E-01,  9.8214727682179692E-01,  1.4377450600000000E-01,  8.4273499999999995E-04,0
804,  1.6250000000000001E-01,25,  6.2500000000000000E-01,  2.5000000000000000E-01,4,  2.0286033778480334E-01,81,2,495,495,0,  9.7441814956086925E-01,  9.8999999999999999E-01,  9.8999999999999999E-01,  9.8214727682179692E-01,  1.4271772799999999E-01,  7.9218400000000003E-04,0
805,  1.6250000000000001E-01,25,  6.2500000000000000E-01,  2.5000000000000000E-01,5,  2.0286033778480334E-01,81,2,495,495,0,  9.7441814956086925E-01,  9.8999999999999999E-01,  9.8999999999999999E-01,  9.8214727682179692E-01,  1.4064065900000000E-01,  7.8000400000000005E-04,0
806,  1.6250000000000001E-01,25,  6.2500000000000000E-01,  4.3750000000000000E-01,1,  2.0286033778480334E-01,81,2,495,495,0,  9.7441814956086925E-01,  9.8999999999999999E-01,  9.8999999999999999E-01,  9.8214727682179692E-01,  1.3959804200000001E-01,  7.8472199999999996E-04,0
807,  1.6250000000000001E-01,25,  6.2500000000000000E-01,  4.3750000000000000E-01,2,  2.0286033778480334E-01,81,2,495,495,0,  9.7441814956086925E-01,  9.8999999999999999E-01,  9.8999999999999999E-01,  9.8214727682179692E-01,  1.4042769199999999E-01,  7.9119599999999998E-04,0
808,  1.6250000000000001E-01,25,  6.2500000000000000E-01,  4.3750000000000000E-01,3,  2.0286033778480334E-01,81,2,495,495,0,  9.7441814956086925E-01,  9.8999999999999999E-01,  9.8999999999999999E-01,  9.8214727682179692E-01,  1.4070861400000001E-01,  8.4737699999999996E-04,0
809,  1.6250000000000001E-01,25,  6.2500000000000000E-01,  4.3750000000000000E-01,4,  2.0286033778480334E-01,81,2,495,495,0,  9.7441814956086925E-01,  9.8999999999999999E-01,  9.8999999999999999E-01,  9.8214727682179692E-01,  1.4004467400000001E-01,  7.8974999999999998E-04,0
810,  1.6250000000000001E-01,25,  6.2500000000000000E-01,  4.3750000000000000E-01,5,  2.0286033778480334E-01,81,2,495,495,0,  9.7441814956086925E-01,  9.8999999999999999E-01,  9.8999999999999999E-01,  9.8214727682179692E-01,  1.4134390699999999E-01,  8.5269100000000004E-04,0
811,  1.6250000000000001E-01,25,  6.2500000000000000E-01,  6.2500000000000000E-01,1,  2.0286033778480334E-01,81,2,495,495,0,  9.7441814956086925E-01,  9.8999999999999999E-01,  9.8999999999999999E-01,  9.8214727682179692E-01,  1.4035120500000001E-01,  7.8932700000000004E-04,0
812,  1.6250000000000001E-01,25,  6.2500000000000000E-01,  6.2500000000000000E-01,2,  2.0286033778480334E-01,81,2,495,495,0,  9.7441814956086925E-01,  9.8999999999999999E-01,  9.8999999999999999E-01,  9.8214727682179692E-01,  1.3916716800000001E-01,  7.8637200000000003E-04,0
813,  1.6250000000000001E-01,25,  6.2500000000000000E-01,  6.2500000000000000E-01,3,  2.0286033778480334E-01,81,2,495,495,0,  9.7441814956086925E-01,  9.8999999999999999E-01,  9.8999999999999999E-01,  9.8214727682179692E-01,  1.4256008600000000E-01,  8.8407799999999995E-04,0
814,  1.6250000000000001E-01,25,  6.2500000000000000E-01,  6.2500000000000000E-01,4,  2.0286033778480334E-01,81,2,495,495,0,  9.7441814956086925E-01,  9.8999999999999999E-01,  9.8999999999999999E-01,  9.8214727682179692E-01,  1.3892875900000001E-01,  1.1205370000000000E-03,0
815,  1.6250000000000001E-01,25,  6.2500000000000000E-01,  6.2500000000000000E-01,5,  2.0286033778480334E-01,81,2,495,495,0,  9.7441814956086925E-01,  9.8999999999999999E-01,  9.8999999999999999E-01,  9.8214727682179692E-01,  1.4460393599999999E-01,  7.8156099999999995E-04,0
816,  1.6250000000000001E-01,25,  6.2500000000000000E-01,  8.1250000000000000E-01,1,  2.0286033778480334E-01,81,2,495,495,0,  9.7441814956086925E-01,  9.8999999999999999E-01,  9.8999999999999999E-01,  9.8214727682179692E-01,  1.4917618199999999E-01,  8.5659600000000005E-04,0
817,  1.6250000000000001E-01,25,  6.2500000000000000E-01,  8.1250000000000000E-01,2,  2.0286033778480334E-01,81,2,495,495,0,  9.7441814956086925E-01,  9.8999999999999999E-01,  9.8999999999999999E-01,  9.8214727682179692E-01,  1.5179055699999999E-01,  7.8611000000000002E-04,0
818,  1.6250000000000001E-01,25,  6.2500000000000000E-01,  8.1250000000000000E-01,3,  2.0286033778480334E-01,81,2,495,495,0,  9.7441814956086925E-01,  9.8999999999999999E-01,  9.8999999999999999E-01,  9.8214727682179692E-01,  1.4969405399999999E-01,  8.4146899999999996E-04,0
819,  1.6250000000000001E-01,25,  6.2500000000000000E-01,  8.1250000000000000E-01,4,  2.0286033778480334E-01,81,2,495,495,0,  9.7441814956086925E-01,  9.8999999999999999E-01,  9.8999999999999999E-01,  9.8214727682179692E-01,  1.4797224100000000E-01,  7.7277900000000002E-04,0
820,  1.6250000000000001E-01,25,  6.2500000000000000E-01,  8.1250000000000000E-01,5,  2.0286033778480334E-01,81,2,495,495,0,  9.7441814956086925E-01,  9.8999999999999999E-01,  9.8999999999999999E-01,  9.8214727682179692E-01,  1.4874692100000000E-01,  8.3591700000000004E-04,0
821,  1.6250000000000001E-01,25,  6.2500000000000000E-01,  1.0000000000000000E+00,1,  2.0286033778480334E-01,81,2,495,495,0,  9.7441814956086925E-01,  9.8999999999999999E-01,  9.8999999999999999E-01,  9.8214727682179692E-01,  1.4944105599999999E-01,  8.6575400000000005E-04,0
822,  1.6250000000000001E-01,25,  6.2500000000000000E-01,  1.0000000000000000E+00,2,  2.0286033778480334E-01,81,2,495,495,0,  9.7441814956086925E-01,  9.8999999999999999E-01,  9.8999999999999999E-01,  9.8214727682179692E-01,  1.4784254999999999E-01,  7.8360200000000000E-04,0
823,  1.6250000000000001E-01,25,  6.2500000000000000E-01,  1.0000000000000000E+00,3,  2.0286033778480334E-01,81,2,495,495,0,  9.7441814956086925E-01,  9.8999999999999999E-01,  9.8999999999999999E-01,  9.8214727682179692E-01,  1.5189491599999999E-01,  1.0043890000000001E-03,0
824,  1.6250000000000001E-01,25,  6.2500000000000000E-01,  1.0000000000000000E+00,4,  2.0286033778480334E-01,81,2,495,495,0,  9.7441814956086925E-01,  9.8999999999999999E-01,  9.8999999999999999E-01,  9.8214727682179692E-01,  1.4226360599999999E-01,  8.1434100000000000E-04,0
825,  1.6250000000000001E-01,25,  6.2500000000000000E-01,  1.0000000000000000E+00,5,  2.0286033778480334E-01,81,2,495,495,0,  9.7441814956086925E-01,  9.8999999999999999E-01,  9.8999999999999999E-01,  9.8214727682179692E-01,  1.3733777400000000E-01,  8.0922899999999996E-04,0
826,  1.6250000000000001E-01,25,  8.1250000000000000E-01,  2.5000000000000000E-01,1,  2.0286033778480334E-01,81,2,499,499,0,  9.7787526531974411E-01,  9.9800000000000000E-01,  9.9800000000000000E-01,  9.8783514518177584E-01,  1.7371330200000001E-01,  8.3547799999999996E-04,0
827,  1.6250000000000001E-01,25,  8.1250000000000000E-01,  2.5000000000000000E-01,2,  2.0286033778480334E-01,81,2,499,499,0,  9.7787526531974411E-01,  9.9800000000000000E-01,  9.9800000000000000E-01,  9.8783514518177584E-01,  1.8175734499999999E-01,  8.3293500000000003E-04,0
828,  1.6250000000000001E-01,25,  8.1250000000000000E-01,  2.5000000000000000E-01,3,  2.0286033778480334E-01,81,2,499,499,0,  9.7787526531974411E-01,  9.9800000000000000E-01,  9.9800000000000000E-01,  9.8783514518177584E-01,  1.7600626300000000E-01,  1.0366770000000000E-03,0
829,  1.6250000000000001E-01,25,  8.1250000000000000E-01,  2.5000000000000000E-01,4,  2.0286033778480334E-01,81,2,499,499,0,  9.7787526531974411E-01,  9.9800000000000000E-01,  9.9800000000000000E-01,  9.8783514518177584E-01,  1.8690669200000001E-01,  8.5676899999999996E-04,0
830,  1.6250000000000001E-01,25,  8.1250000000000000E-01,  2.5000000000000000E-01,5,  2.0286033778480334E-01,81,2,499,499,0,  9.7787526531974411E-01,  9.9800000000000000E-01,  9.9800000000000000E-01,  9.8783514518177584E-01,  1.7560421300000001E-01,  8.5048299999999997E-04,0
831,  1.6250000000000001E-01,25,  8.1250000000000000E-01,  4.3750000000000000E-01,1,  2.0286033778480334E-01,81,2,499,499,0,  9.7787526531974411E-01,  9.9800000000000000E-01,  9.9800000000000000E-01,  9.8783514518177584E-01,  1.7430268500000001E-01,  7.9112900000000001E-04,0
832,  1.6250000000000001E-01,25,  8.1250000000000000E-01,  4.3750000000000000E-01,2,  2.0286033778480334E-01,81,2,499,499,0,  9.7787526531974411E-01,  9.9800000000000000E-01,  9.9800000000000000E-01,  9.8783514518177584E-01,  1.7503361400000000E-01,  8.6027399999999996E-04,0
833,  1.6250000000000001E-01,25,  8.1250000000000000E-01,  4.3750000000000000E-01,3,  2.0286033778480334E-01,81,2,499,499,0,  9.7787526531974411E-01,  9.9800000000000000E-01,  9.9800000000000000E-01,  9.8783514518177584E-01,  1.7724919300000000E-01,  8.5609399999999995E-04,0
834,  1.6250000000000001E-01,25,  8.1250000000000000E-01,  4.3750000000000000E-01,4,  2.0286033778480334E-01,81,2,499,499,0,  9.7787526531974411E-01,  9.9800000000000000E-01,  9.9800000000000000E-01,  9.8783514518177584E-01,  1.7524174700000000E-01,  8.7507600000000002E-04,0
835,  1.6250000000000001E-01,25,  8.1250000000000000E-01,  4.3750000000000000E-01,5,  2.0286033778480334E-01,81,2,499,499,0,  9.7787526531974411E-01,  9.9800000000000000E-01,  9.9800000000000000E-01,  9.8783514518177584E-01,  1.7111580600000001E-01,  8.5820999999999998E-04,0
836,  1.6250000000000001E-01,25,  8.1250000000000000E-01,  6.2500000000000000E-01,1,  2.0286033778480334E-01,81,2,499,499,0,  9.7787526531974411E-01,  9.9800000000000000E-01,  9.9800000000000000E-01,  9.8783514518177584E-01,  1.7287999400000001E-01,  8.3547899999999997E-04,0
837,  1.6250000000000001E-01,25,  8.1250000000000000E-01,  6.2500000000000000E-01,2,  2.0286033778480334E-01,81,2,499,499,0,  9.7787526531974411E-01,  9.9800000000000000E-01,  9.9800000000000000E-01,  9.8783514518177584E-01,  1.7384933899999999E-01,  8.0300200000000003E-04,0
838,  1.6250000000000001E-01,25,  8.1250000000000000E-01,  6.2500000000000000E-01,3,  2.0286033778480334E-01,81,2,499,499,0,  9.7787526531974411E-01,  9.9800000000000000E-01,  9.9800000000000000E-01,  9.8783514518177584E-01,  1.7491355400000000E-01,  1.0444280000000000E-03,0
839,  1.6250000000000001E-01,25,  8.1250000000000000E-01,  6.2500000000000000E-01,4,  2.0286033778480334E-01,81,2,499,499,0,  9.7787526531974411E-01,  9.9800000000000000E-01,  9.9800000000000000E-01,  9.8783514518177584E-01,  1.8408495899999999E-01,  8.5266100000000000E-04,0
840,  1.6250000000000001E-01,25,  8.1250000000000000E-01,  6.2500000000000000E-01,5,  2.0286033778480334E-01,81,2,499,499,0,  9.7787526531974411E-01,  9.9800000000000000E-01,  9.9800000000000000E-01,  9.8783514518177584E-01,  1.7211717700000001E-01,  8.4025300000000001E-04,0
841,  1.6250000000000001E-01,25,  8.1250000000000000E-01,  8.1250000000000000E-01,1,  2.0286033778480334E-01,81,2,499,499,0,  9.7787526531974411E-01,  9.9800000000000000E-01,  9.9800000000000000E-01,  9.8783514518177584E-01,  1.7308655500000000E-01,  8.5736199999999997E-04,0
842,  1.6250000000000001E-01,25,  8.1250000000000000E-01,  8.1250000000000000E-01,2,  2.0286033778480334E-01,81,2,499,499,0,  9.7787526531974411E-01,  9.9800000000000000E-01,  9.9800000000000000E-01,  9.8783514518177584E-01,  1.7312920300000001E-01,  8.1751100000000004E-04,0
843,  1.6250000000000001E-01,25,  8.1250000000000000E-01,  8.1250000000000000E-01,3,  2.0286033778480334E-01,81,2,499,499,0,  9.7787526531974411E-01,  9.9800000000000000E-01,  9.9800000000000000E-01,  9.8783514518177584E-01,  1.7308150100000000E-01,  8.9251900000000004E-04,0
844,  1.6250000000000001E-01,25,  8.1250000000000000E-01,  8.1250000000000000E-01,4,  2.0286033778480334E-01,81,2,499,499,0,  9.7787526531974411E-01,  9.9800000000000000E-01,  9.9800000000000000E-01,  9.8783514518177584E-01,  1.7659045000000001E-01,  1.2758480000000000E-03,0
845,  1.6250000000000001E-01,25,  8.1250000000000000E-01,  8.1250000000000000E-01,5,  2.0286033778480334E-01,81,2,499,499,0,  9.7787526531974411E-01,  9.9800000000000000E-01,  9.9800000000000000E-01,  9.8783514518177584E-01,  1.7284756900000001E-01,  8.0907600000000004E-04,0
846,  1.6250000000000001E-01,25,  8.1250000000000000E-01,  1.0000000000000000E+00,1,  2.0286033778480334E-01,81,2,499,499,0,  9.7787526531974411E-01,  9.9800000000000000E-01,  9.9800000000000000E-01,  9.8783514518177584E-01,  1.7535922400000001E-01,  8.7673799999999995E-04,0
847,  1.6250000000000001E-01,25,  8.1250000000000000E-01,  1.0000000000000000E+00,2,  2.0286033778480334E-01,81,2,499,499,0,  9.7787526531974411E-01,  9.9800000000000000E-01,  9.9800000000000000E-01,  9.8783514518177584E-01,  1.7242290399999999E-01,  8.5745700000000005E-04,0
848,  1.6250000000000001E-01,25,  8.1250000000000000E-01,  1.0000000000000000E+00,3,  2.0286033778480334E-01,81,2,499,499,0,  9.7787526531974411E-01,  9.9800000000000000E-01,  9.9800000000000000E-01,  9.8783514518177584E-01,  1.7063042200000000E-01,  8.7809599999999998E-04,0
849,  1.6250000000000001E-01,25,  8.1250000000000000E-01,  1.0000000000000000E+00,4,  2.0286033778480334E-01,81,2,499,499,0,  9.7787526531974411E-01,  9.9800000000000000E-01,  9.9800000000000000E-01,  9.8783514518177584E-01,  1.7187899800000001E-01,  7.8188499999999996E-04,0
850,  1.6250000000000001E-01,25,  8.1250000000000000E-01,  1.0000000000000000E+00,5,  2.0286033778480334E-01,81,2,499,499,0,  9.7787526531974411E-01,  9.9800000000000000E-01,  9.9800000000000000E-01,  9.8783514518177584E-01,  1.7302918700000000E-01,  8.2303599999999997E-04,0
851,  1.6250000000000001E-01,25,  1.0000000000000000E+00,  2.5000000000000000E-01,1,  2.0286033778480334E-01,81,2,499,499,0,  9.7787526531974411E-01,  9.9800000000000000E-01,  9.9800000000000000E-01,  9.8783514518177584E-01,  2.3082390200000000E-01,  7.9934600000000004E-04,0
852,  1.6250000000000001E-01,25,  1.0000000000000000E+00,  2.5000000000000000E-01,2,  2.0286033778480334E-01,81,3,500,499,1,  9.4824474212501353E-01,  1.0000000000000000E+00,  9.9800000000000000E-01,  9.7343493003936699E-01,  2.2889141800000001E-01,  8.2983899999999997E-04,0
853,  1.6250000000000001E-01,25,  1.0000000000000000E+00,  2.5000000000000000E-01,3,  2.0286033778480334E-01,81,3,500,499,1,  9.4824474212501353E-01,  1.0000000000000000E+00,  9.9800000000000000E-01,  9.7343493003936699E-01,  2.3498279200000000E-01,  8.3167799999999997E-04,0
854,  1.6250000000000001E-01,25,  1.0000000000000000E+00,  2.5000000000000000E-01,4,  2.0286033778480334E-01,81,3,500,499,1,  9.4824474212501353E-01,  1.0000000000000000E+00,  9.9800000000000000E-01,  9.7343493003936699E-01,  2.3375930900000000E-01,  8.5365099999999998E-04,0
855,  1.6250000000000001E-01,25,  1.0000000000000000E+00,  2.5000000000000000E-01,5,  2.0286033778480334E-01,81,3,500,499,1,  9.4824474212501353E-01,  1.0000000000000000E+00,  9.9800000000000000E-01,  9.7343493003936699E-01,  2.2912864999999999E-01,  8.3967099999999995E-04,0
856,  1.6250000000000001E-01,25,  1.0000000000000000E+00,  4.3750000000000000E-01,1,  2.0286033778480334E-01,81,2,499,499,0,  9.7787526531974411E-01,  9.9800000000000000E-01,  9.9800000000000000E-01,  9.8783514518177584E-01,  2.2655136500000000E-01,  8.2697300000000005E-04,0
857,  1.6250000000000001E-01,25,  1.0000000000000000E+00,  4.3750000000000000E-01,2,  2.0286033778480334E-01,81,3,500,499,1,  9.4824474212501353E-01,  1.0000000000000000E+00,  9.9800000000000000E-01,  9.7343493003936699E-01,  2.3380306300000001E-01,  8.3956099999999995E-04,0
858,  1.6250000000000001E-01,25,  1.0000000000000000E+00,  4.3750000000000000E-01,3,  2.0286033778480334E-01,81,3,500,499,1,  9.4824474212501353E-01,  1.0000000000000000E+00,  9.9800000000000000E-01,  9.7343493003936699E-01,  2.2860260800000001E-01,  8.2529000000000001E-04,0
859,  1.6250000000000001E-01,25,  1.0000000000000000E+00,  4.3750000000000000E-01,4,  2.0286033778480334E-01,81,3,500,499,1,  9.4824474212501353E-01,  1.0000000000000000E+00,  9.9800000000000000E-01,  9.7343493003936699E-01,  2.3019892800000000E-01,  8.7407000000000001E-04,0
860,  1.6250000000000001E-01,25,  1.0000000000000000E+00,  4.3750000000000000E-01,5,  2.0286033778480334E-01,81,3,500,499,1,  9.4824474212501353E-01,  1.0000000000000000E+00,  9.9800000000000000E-01,  9.7343493003936699E-01,  2.3308054600000000E-01,  8.2419600000000002E-04,0
861,  1.6250000000000001E-01,25,  1.0000000000000000E+00,  6.2500000000000000E-01,1,  2.0286033778480334E-01,81,2,499,499,0,  9.7787526531974411E-01,  9.9800000000000000E-01,  9.9800000000000000E-01,  9.8783514518177584E-01,  2.3411822700000001E-01,  8.5509500000000005E-04,0
862,  1.6250000000000001E-01,25,  1.0000000000000000E+00,  6.2500000000000000E-01,2,  2.0286033778480334E-01,81,3,500,499,1,  9.4824474212501353E-01,  1.0000000000000000E+00,  9.9800000000000000E-01,  9.7343493003936699E-01,  2.2661909699999999E-01,  1.2619540000000000E-03,0
863,  1.6250000000000001E-01,25,  1.0000000000000000E+00,  6.2500000000000000E-01,3,  2.0286033778480334E-01,81,3,500,499,1,  9.4824474212501353E-01,  1.0000000000000000E+00,  9.9800000000000000E-01,  9.7343493003936699E-01,  2.3115560499999999E-01,  1.0117100000000001E-03,0
864,  1.6250000000000001E-01,25,  1.0000000000000000E+00,  6.2500000000000000E-01,4,  2.0286033778480334E-01,81,3,500,499,1,  9.4824474212501353E-01,  1.0000000000000000E+00,  9.9800000000000000E-01,  9.7343493003936699E-01,  2.2775012800000000E-01,  8.2972299999999998E-04,0
865,  1.6250000000000001E-01,25,  1.0000000000000000E+00,  6.2500000000000000E-01,5,  2.0286033778480334E-01,81,3,500,499,1,  9.4824474212501353E-01,  1.0000000000000000E+00,  9.9800000000000000E-01,  9.7343493003936699E-01,  2.2865939900000001E-01,  8.4816600000000002E-04,0
866,  1.6250000000000001E-01,25,  1.0000000000000000E+00,  8.1250000000000000E-01,1,  2.0286033778480334E-01,81,2,499,499,0,  9.7787526531974411E-01,  9.9800000000000000E-01,  9.9800000000000000E-01,  9.8783514518177584E-01,  2.2983587799999999E-01,  8.3223599999999998E-04,0
867,  1.6250000000000001E-01,25,  1.0000000000000000E+00,  8.1250000000000000E-01,2,  2.0286033778480334E-01,81,3,500,499,1,  9.4824474212501353E-01,  1.0000000000000000E+00,  9.9800000000000000E-01,  9.7343493003936699E-01,  2.3030291800000000E-01,  8.2271600000000003E-04,0
868,  1.6250000000000001E-01,25,  1.0000000000000000E+00,  8.1250000000000000E-01,3,  2.0286033778480334E-01,81,3,500,499,1,  9.4824474212501353E-01,  1.0000000000000000E+00,  9.9800000000000000E-01,  9.7343493003936699E-01,  2.2915041500000000E-01,  1.3264679999999999E-03,0
869,  1.6250000000000001E-01,25,  1.0000000000000000E+00,  8.1250000000000000E-01,4,  2.0286033778480334E-01,81,3,500,499,1,  9.4824474212501353E-01,  1.0000000000000000E+00,  9.9800000000000000E-01,  9.7343493003936699E-01,  2.2775061699999999E-01,  8.1743400000000002E-04,0
870,  1.6250000000000001E-01,25,  1.0000000000000000E+00,  8.1250000000000000E-01,5,  2.0286033778480334E-01,81,3,500,499,1,  9.4824474212501353E-01,  1.0000000000000000E+00,  9.9800000000000000E-01,  9.7343493003936699E-01,  2.3023794200000000E-01,  8.0573400000000001E-04,0
871,  1.6250000000000001E-01,25,  1.0000000000000000E+00,  1.0000000000000000E+00,1,  2.0286033778480334E-01,81,2,499,499,0,  9.7787526531974411E-01,  9.9800000000000000E-01,  9.9800000000000000E-01,  9.8783514518177584E-01,  2.3355306900000000E-01,  9.0524400000000004E-04,0
872,  1.6250000000000001E-01,25,  1.0000000000000000E+00,  1.0000000000000000E+00,2,  2.0286033778480334E-01,81,3,500,499,1,  9.4824474212501353E-01,  1.0000000000000000E+00,  9.9800000000000000E-01,  9.7343493003936699E-01,  2.3485073600000000E-01,  8.3534799999999997E-04,0
873,  1.6250000000000001E-01,25,  1.0000000000000000E+00,  1.0000000000000000E+00,3,  2.0286033778480334E-01,81,3,500,499,1,  9.4824474212501353E-01,  1.0000000000000000E+00,  9.9800000000000000E-01,  9.7343493003936699E-01,  2.3991713700000000E-01,  8.4056500000000004E-04,0
874,  1.6250000000000001E-01,25,  1.0000000000000000E+00,  1.0000000000000000E+00,4,  2.0286033778480334E-01,81,3,500,499,1,  9.4824474212501353E-01,  1.0000000000000000E+00,  9.9800000000000000E-01,  9.7343493003936699E-01,  2.4755627999999999E-01,  8.1786499999999998E-04,0
875,  1.6250000000000001E-01,25,  1.0000000000000000E+00,  1.0000000000000000E+00,5,  2.0286033778480334E-01,81,3,500,499,1,  9.4824474212501353E-01,  1.0000000000000000E+00,  9.9800000000000000E-01,  9.7343493003936699E-01,  2.2699393800000001E-01,  8.3768299999999998E-04,0
876,  1.6250000000000001E-01,35,  2.5000000000000000E-01,  2.5000000000000000E-01,1,  2.0286033778480334E-01,65,14,457,457,0,  4.8765616781241394E-01,  9.1400000000000003E-01,  9.1400000000000003E-01,  6.3598726651513227E-01,  7.0125595999999998E-02,  7.6175899999999998E-04,0
877,  1.6250000000000001E-01,35,  2.5000000000000000E-01,  2.5000000000000000E-01,2,  2.0286033778480334E-01,65,17,460,457,3,  4.1915508894924408E-01,  9.2000000000000004E-01,  9.1400000000000003E-01,  5.7591937635226387E-01,  7.2704522999999993E-02,  8.0468900000000003E-04,0
878,  1.6250000000000001E-01,35,  2.5000000000000000E-01,  2.5000000000000000E-01,3,  2.0286033778480334E-01,65,17,460,457,3,  4.1915508894924408E-01,  9.2000000000000004E-01,  9.1400000000000003E-01,  5.7591937635226387E-01,  7.0170330000000003E-02,  1.1062780000000000E-03,0
879,  1.6250000000000001E-01,35,  2.5000000000000000E-01,  2.5000000000000000E-01,4,  2.0286033778480334E-01,65,17,460,457,3,  4.1915508894924408E-01,  9.2000000000000004E-01,  9.1400000000000003E-01,  5.7591937635226387E-01,  7.4610710999999996E-02,  7.8597599999999997E-04,0
880,  1.6250000000000001E-01,35,  2.5000000000000000E-01,  2.5000000000000000E-01,5,  2.0286033778480334E-01,65,18,464,457,7,  4.0573455641150247E-01,  9.2800000000000005E-01,  9.1400000000000003E-01,  5.6461260082055575E-01,  7.6182831000000006E-02,  7.9501599999999995E-04,0
881,  1.6250000000000001E-01,35,  2.5000000000000000E-01,  4.3750000000000000E-01,1,  2.0286033778480334E-01,65,14,457,457,0,  4.8765616781241394E-01,  9.1400000000000003E-01,  9.1400000000000003E-01,  6.3598726651513227E-01,  7.0247792000000003E-02,  7.5159300000000005E-04,0
882,  1.6250000000000001E-01,35,  2.5000000000000000E-01,  4.3750000000000000E-01,2,  2.0286033778480334E-01,65,17,460,457,3,  4.1915508894924408E-01,  9.2000000000000004E-01,  9.1400000000000003E-01,  5.7591937635226387E-01,  7.2140928000000007E-02,  7.6728300000000001E-04,0
883,  1.6250000000000001E-01,35,  2.5000000000000000E-01,  4.3750000000000000E-01,3,  2.0286033778480334E-01,65,17,460,457,3,  4.1915508894924408E-01,  9.2000000000000004E-01,  9.1400000000000003E-01,  5.7591937635226387E-01,  7.2499571999999998E-02,  8.1096800000000002E-04,0
884,  1.6250000000000001E-01,35,  2.5000000000000000E-01,  4.3750000000000000E-01,4,  2.0286033778480334E-01,65,17,460,457,3,  4.1915508894924408E-01,  9.2000000000000004E-01,  9.1400000000000003E-01,  5.7591937635226387E-01,  7.2511663000000004E-02,  7.6007899999999998E-04,0
885,  1.6250000000000001E-01,35,  2.5000000000000000E-01,  4.3750000000000000E-01,5,  2.0286033778480334E-01,65,18,464,457,7,  4.0573455641150247E-01,  9.2800000000000005E-01,  9.1400000000000003E-01,  5.6461260082055575E-01,  7.0898577000000004E-02,  8.2578999999999997E-04,0
886,  1.6250000000000001E-01,35,  2.5000000000000000E-01,  6.2500000000000000E-01,1,  2.0286033778480334E-01,65,14,457,457,0,  4.8765616781241394E-01,  9.1400000000000003E-01,  9.1400000000000003E-01,  6.3598726651513227E-01,  7.0091071000000005E-02,  8.3640099999999996E-04,0
887,  1.6250000000000001E-01,35,  2.5000000000000000E-01,  6.2500000000000000E-01,2,  2.0286033778480334E-01,65,17,460,457,3,  4.1915508894924408E-01,  9.2000000000000004E-01,  9.1400000000000003E-01,  5.7591937635226387E-01,  7.3394517000000006E-02,  7.9166800000000004E-04,0
888,  1.6250000000000001E-01,35,  2.5000000000000000E-01,  6.2500000000000000E-01,3,  2.0286033778480334E-01,65,17,460,457,3,  4.1915508894924408E-01,  9.2000000000000004E-01,  9.1400000000000003E-01,  5.7591937635226387E-01,  7.0520280000000005E-02,  7.4733199999999997E-04,0
889,  1.6250000000000001E-01,35,  2.5000000000000000E-01,  6.2500000000000000E-01,4,  2.0286033778480334E-01,65,17,460,457,3,  4.1915508894924408E-01,  9.2000000000000004E-01,  9.1400000000000003E-01,  5.7591937635226387E-01,  7.0175001000000001E-02,  8.1199600000000005E-04,0
890,  1.6250000000000001E-01,35,  2.5000000000000000E-01,  6.2500000000000000E-01,5,  2.0286033778480334E-01,65,18,464,457,7,  4.0573455641150247E-01,  9.2800000000000005E-01,  9.1400000000000003E-01,  5.6461260082055575E-01,  7.3272339000000006E-02,  7.7861700000000000E-04,0
891,  1.6250000000000001E-01,35,  2.5000000000000000E-01,  8.1250000000000000E-01,1,  2.0286033778480334E-01,65,14,457,457,0,  4.8765616781241394E-01,  9.1400000000000003E-01,  9.1400000000000003E-01,  6.3598726651513227E-01,  7.2552493999999995E-02,  7.7760899999999996E-04,0
892,  1.6250000000000001E-01,35,  2.5000000000000000E-01,  8.1250000000000000E-01,2,  2.0286033778480334E-01,65,17,460,457,3,  4.1915508894924408E-01,  9.2000000000000004E-01,  9.1400000000000003E-01,  5.7591937635226387E-01,  7.2253376999999994E-02,  7.4222199999999996E-04,0
893,  1.6250000000000001E-01,35,  2.5000000000000000E-01,  8.1250000000000000E-01,3,  2.0286033778480334E-01,65,17,460,457,3,  4.1915508894924408E-01,  9.2000000000000004E-01,  9.1400000000000003E-01,  5.7591937635226387E-01,  7.2412794000000003E-02,  8.4373300000000005E-04,0
894,  1.6250000000000001E-01,35,  2.5000000000000000E-01,  8.1250000000000000E-01,4,  2.0286033778480334E-01,65,17,460,457,3,  4.1915508894924408E-01,  9.2000000000000004E-01,  9.1400000000000003E-01,  5.7591937635226387E-01,  7.9357215999999994E-02,  7.8206399999999996E-04,0
895,  1.6250000000000001E-01,35,  2.5000000000000000E-01,  8.1250000000000000E-01,5,  2.0286033778480334E-01,65,18,464,457,7,  4.0573455641150247E-01,  9.2800000000000005E-01,  9.1400000000000003E-01,  5.6461260082055575E-01,  7.2064442000000006E-02,  8.0386100000000001E-04,0
896,  1.6250000000000001E-01,35,  2.5000000000000000E-01,  1.0000000000000000E+00,1,  2.0286033778480334E-01,65,14,457,457,0,  4.8765616781241394E-01,  9.1400000000000003E-01,  9.1400000000000003E-01,  6.3598726651513227E-01,  7.0492410000000005E-02,  9.4426700000000004E-04,0
897,  1.6250000000000001E-01,35,  2.5000000000000000E-01,  1.0000000000000000E+00,2,  2.0286033778480334E-01,65,17,460,457,3,  4.1915508894924408E-01,  9.2000000000000004E-01,  9.1400000000000003E-01,  5.7591937635226387E-01,  7.0450049000000001E-02,  7.6287200000000005E-04,0
898,  1.6250000000000001E-01,35,  2.5000000000000000E-01,  1.0000000000000000E+00,3,  2.0286033778480334E-01,65,17,460,457,3,  4.1915508894924408E-01,  9.2000000000000004E-01,  9.1400000000000003E-01,  5.7591937635226387E-01,  6.9364469999999998E-02,  7.7145499999999999E-04,0
899,  1.6250000000000001E-01,35,  2.5000000000000000E-01,  1.0000000000000000E+00,4,  2.0286033778480334E-01,65,17,460,457,3,  4.1915508894924408E-01,  9.2000000000000004E-01,  9.1400000000000003E-01,  5.7591937635226387E-01,  7.2962436000000006E-02,  7.7624100000000000E-04,0
900,  1.6250000000000001E-01,35,  2.5000000000000000E-01,  1.0000000000000000E+00,5,  2.0286033778480334E-01,65,18,464,457,7,  4.0573455641150247E-01,  9.2800000000000005E-01,  9.1400000000000003E-01,  5.6461260082055575E-01,  7.1779739999999995E-02,  7.6115400000000000E-04,0
901,  1.6250000000000001E-01,35,  4.3750000000000000E-01,  2.5000000000000000E-01,1,  2.0286033778480334E-01,65,6,490,490,0,  8.2691911937343832E-01,  9.7999999999999998E-01,  9.7999999999999998E-01,  8.9697510895448895E-01,  9.0618189000000002E-02,  8.2768299999999996E-04,0
902,  1.6250000000000001E-01,35,  4.3750000000000000E-01,  2.5000000000000000E-01,2,  2.0286033778480334E-01,65,6,490,490,0,  8.2691911937343832E-01,  9.7999999999999998E-01,  9.7999999999999998E-01,  8.9697510895448895E-01,  8.8763877000000005E-02,  8.1792400000000004E-04,0
903,  1.6250000000000001E-01,35,  4.3750000000000000E-01,  2.5000000000000000E-01,3,  2.0286033778480334E-01,65,9,496,490,6,  7.2316095791914148E-01,  9.9199999999999999E-01,  9.7999999999999998E-01,  8.3651119382535277E-01,  8.9382182000000004E-02,  8.2268000000000000E-04,0
904,  1.6250000000000001E-01,35,  4.3750000000000000E-01,  2.5000000000000000E-01,4,  2.0286033778480334E-01,65,10,499,490,9,  7.0159740276019689E-01,  9.9800000000000000E-01,  9.7999999999999998E-01,  8.2395302183627739E-01,  9.1210794999999997E-02,  8.2751999999999999E-04,0
905,  1.6250000000000001E-01,35,  4.3750000000000000E-01,  2.5000000000000000E-01,5,  2.0286033778480334E-01,65,11,503,490,13,  6.6069790815150919E-01,  1.0060000000000000E+00,  9.7999999999999998E-01,  7.9757956417858289E-01,  8.8374598999999998E-02,  8.0555600000000002E-04,0
906,  1.6250000000000001E-01,35,  4.3750000000000000E-01,  4.3750000000000000E-01,1,  2.0286033778480334E-01,65,6,490,490,0,  8.2691911937343832E-01,  9.7999999999999998E-01,  9.7999999999999998E-01,  8.9697510895448895E-01,  9.0273650999999996E-02,  7.9894500000000002E-04,0
907,  1.6250000000000001E-01,35,  4.3750000000000000E-01,  4.3750000000000000E-01,2,  2.0286033778480334E-01,65,6,490,490,0,  8.2691911937343832E-01,  9.7999999999999998E-01,  9.7999999999999998E-01,  8.9697510895448895E-01,  8.8827138000000000E-02,  8.1883900000000003E-04,0
908,  1.6250000000000001E-01,35,  4.3750000000000000E-01,  4.3750000000000000E-01,3,  2.0286033778480334E-01,65,9,496,490,6,  7.2316095791914148E-01,  9.9199999999999999E-01,  9.7999999999999998E-01,  8.3651119382535277E-01,  9.2440364999999997E-02,  8.0372099999999997E-04,0
909,  1.6250000000000001E-01,35,  4.3750000000000000E-01,  4.3750000000000000E-01,4,  2.0286033778480334E-01,65,10,499,490,9,  7.0159740276019689E-01,  9.9800000000000000E-01,  9.7999999999999998E-01,  8.2395302183627739E-01,  9.0316331000000000E-02,  1.2121940000000000E-03,0
910,  1.6250000000000001E-01,35,  4.3750000000000000E-01,  4.3750000000000000E-01,5,  2.0286033778480334E-01,65,11,503,490,13,  6.6069790815150919E-01,  1.0060000000000000E+00,  9.7999999999999998E-01,  7.9757956417858289E-01,  9.0839698999999996E-02,  8.4295300000000002E-04,0
911,  1.6250000000000001E-01,35,  4.3750000000000000E-01,  6.2500000000000000E-01,1,  2.0286033778480334E-01,65,6,490,490,0,  8.2691911937343832E-01,  9.7999999999999998E-01,  9.7999999999999998E-01,  8.9697510895448895E-01,  8.9343465999999996E-02,  7.8825900000000003E-04,0
912,  1.6250000000000001E-01,35,  4.3750000000000000E-01,  6.2500000000000000E-01,2,  2.0286033778480334E-01,65,6,490,490,0,  8.2691911937343832E-01,  9.7999999999999998E-01,  9.7999999999999998E-01,  8.9697510895448895E-01,  8.9180846999999994E-02,  8.3742199999999999E-04,0
913,  1.6250000000000001E-01,35,  4.3750000000000000E-01,  6.2500000000000000E-01,3,  2.0286033778480334E-01,65,9,496,490,6,  7.2316095791914148E-01,  9.9199999999999999E-01,  9.7999999999999998E-01,  8.3651119382535277E-01,  8.8472712999999994E-02,  8.5045900000000002E-04,0
914,  1.6250000000000001E-01,35,  4.3750000000000000E-01,  6.2500000000000000E-01,4,  2.0286033778480334E-01,65,10,499,490,9,  7.0159740276019689E-01,  9.9800000000000000E-01,  9.7999999999999998E-01,  8.2395302183627739E-01,  9.1187329999999997E-02,  8.0319300000000001E-04,0
915,  1.6250000000000001E-01,35,  4.3750000000000000E-01,  6.2500000000000000E-01,5,  2.0286033778480334E-01,65,11,503,490,13,  6.6069790815150919E-01,  1.0060000000000000E+00,  9.7999999999999998E-01,  7.9757956417858289E-01,  8.8467254999999995E-02,  8.1367799999999997E-04,0
916,  1.6250000000000001E-01,35,  4.3750000000000000E-01,  8.1250000000000000E-01,1,  2.0286033778480334E-01,65,6,490,490,0,  8.2691911937343832E-01,  9.7999999999999998E-01,  9.7999999999999998E-01,  8.9697510895448895E-01,  9.3372030999999994E-02,  7.9770500000000001E-04,0
917,  1.6250000000000001E-01,35,  4.3750000000000000E-01,  8.1250000000000000E-01,2,  2.0286033778480334E-01,65,6,490,490,0,  8.2691911937343832E-01,  9.7999999999999998E-01,  9.7999999999999998E-01,  8.9697510895448895E-01,  9.0223301000000006E-02,  8.4286400000000003E-04,0
918,  1.6250000000000001E-01,35,  4.3750000000000000E-01,  8.1250000000000000E-01,3,  2.0286033778480334E-01,65,9,496,490,6,  7.2316095791914148E-01,  9.9199999999999999E-01,  9.7999999999999998E-01,  8.3651119382535277E-01,  9.0518679000000005E-02,  8.1181000000000005E-04,0
919,  1.6250000000000001E-01,35,  4.3750000000000000E-01,  8.1250000000000000E-01,4,  2.0286033778480334E-01,65,10,499,490,9,  7.0159740276019689E-01,  9.9800000000000000E-01,  9.7999999999999998E-01,  8.2395302183627739E-01,  9.0343278999999999E-02,  1.0483650000000001E-03,0
920,  1.6250000000000001E-01,35,  4.3750000000000000E-01,  8.1250000000000000E-01,5,  2.0286033778480334E-01,65,11,503,490,13,  6.6069790815150919E-01,  1.0060000000000000E+00,  9.7999999999999998E-01,  7.9757956417858289E-01,  9.2762097000000002E-02,  8.0483900000000001E-04,0
921,  1.6250000000000001E-01,35,  4.3750000000000000E-01,  1.0000000000000000E+00,1,  2.0286033778480334E-01,65,6,490,490,0,  8.2691911937343832E-01,  9.7999999999999998E-01,  9.7999999999999998E-01,  8.9697510895448895E-01,  8.9182358000000003E-02,  9.5348600000000003E-04,0
922,  1.6250000000000001E-01,35,  4.3750000000000000E-01,  1.0000000000000000E+00,2,  2.0286033778480334E-01,65,6,490,490,0,  8.2691911937343832E-01,  9.7999999999999998E-01,  9.7999999999999998E-01,  8.9697510895448895E-01,  8.8706133000000006E-02,  8.1327899999999998E-04,0
923,  1.6250000000000001E-01,35,  4.3750000000000000E-01,  1.0000000000000000E+00,3,  2.0286033778480334E-01,65,9,496,490,6,  7.2316095791914148E-01,  9.9199999999999999E-01,  9.7999999999999998E-01,  8.3651119382535277E-01,  8.8533140999999996E-02,  8.1091699999999997E-04,0
924,  1.6250000000000001E-01,35,  4.3750000000000000E-01,  1.0000000000000000E+00,4,  2.0286033778480334E-01,65,10,499,490,9,  7.0159740276019689E-01,  9.9800000000000000E-01,  9.7999999999999998E-01,  8.2395302183627739E-01,  8.8612451999999994E-02,  8.1644300000000003E-04,0
925,  1.6250000000000001E-01,35,  4.3750000000000000E-01,  1.0000000000000000E+00,5,  2.0286033778480334E-01,65,11,503,490,13,  6.6069790815150919E-01,  1.0060000000000000E+00,  9.7999999999999998E-01,  7.9757956417858289E-01,  9.0563629000000007E-02,  8.0533199999999997E-04,0
926,  1.6250000000000001E-01,35,  6.2500000000000000E-01,  2.5000000000000000E-01,1,  2.0286033778480334E-01,65,2,499,499,0,  9.7787526531974411E-01,  9.9800000000000000E-01,  9.9800000000000000E-01,  9.8783514518177584E-01,  1.0531375500000000E-01,  8.8951500000000001E-04,0
927,  1.6250000000000001E-01,35,  6.2500000000000000E-01,  2.5000000000000000E-01,2,  2.0286033778480334E-01,65,2,499,499,0,  9.7787526531974411E-01,  9.9800000000000000E-01,  9.9800000000000000E-01,  9.8783514518177584E-01,  1.0537430300000000E-01,  9.4338799999999997E-04,0
928,  1.6250000000000001E-01,35,  6.2500000000000000E-01,  2.5000000000000000E-01,3,  2.0286033778480334E-01,65,2,499,499,0,  9.7787526531974411E-01,  9.9800000000000000E-01,  9.9800000000000000E-01,  9.8783514518177584E-01,  1.0689868299999999E-01,  8.2458000000000000E-04,0
929,  1.6250000000000001E-01,35,  6.2500000000000000E-01,  2.5000000000000000E-01,4,  2.0286033778480334E-01,65,2,499,499,0,  9.7787526531974411E-01,  9.9800000000000000E-01,  9.9800000000000000E-01,  9.8783514518177584E-01,  1.0419651700000000E-01,  8.1797399999999996E-04,0
930,  1.6250000000000001E-01,35,  6.2500000000000000E-01,  2.5000000000000000E-01,5,  2.0286033778480334E-01,65,3,503,499,4,  8.9135129572091043E-01,  1.0060000000000000E+00,  9.9800000000000000E-01,  9.4521178604885547E-01,  1.0570488400000000E-01,  8.2240099999999995E-04,0
931,  1.6250000000000001E-01,35,  6.2500000000000000E-01,  4.3750000000000000E-01,1,  2.0286033778480334E-01,65,2,499,499,0,  9.7787526531974411E-01,  9.9800000000000000E-01,  9.9800000000000000E-01,  9.8783514518177584E-01,  1.0770170499999999E-01,  8.5280000000000002E-04,0
932,  1.6250000000000001E-01,35,  6.2500000000000000E-01,  4.3750000000000000E-01,2,  2.0286033778480334E-01,65,2,499,499,0,  9.7787526531974411E-01,  9.9800000000000000E-01,  9.9800000000000000E-01,  9.8783514518177584E-01,  1.0659853499999999E-01,  1.1473690000000001E-03,0
933,  1.6250000000000001E-01,35,  6.2500000000000000E-01,  4.3750000000000000E-01,3,  2.0286033778480334E-01,65,2,499,499,0,  9.7787526531974411E-01,  9.9800000000000000E-01,  9.9800000000000000E-01,  9.8783514518177584E-01,  1.0847630200000000E-01,  1.0498459999999999E-03,0
934,  1.6250000000000001E-01,35,  6.2500000000000000E-01,  4.3750000000000000E-01,4,  2.0286033778480334E-01,65,2,499,499,0,  9.7787526531974411E-01,  9.9800000000000000E-01,  9.9800000000000000E-01,  9.8783514518177584E-01,  1.0523541900000000E-01,  1.0931170000000000E-03,0
935,  1.6250000000000001E-01,35,  6.2500000000000000E-01,  4.3750000000000000E-01,5,  2.0286033778480334E-01,65,3,503,499,4,  8.9135129572091043E-01,  1.0060000000000000E+00,  9.9800000000000000E-01,  9.4521178604885547E-01,  1.0825998200000000E-01,  9.1435599999999996E-04,0
936,  1.6250000000000001E-01,35,  6.2500000000000000E-01,  6.2500000000000000E-01,1,  2.0286033778480334E-01,65,2,499,499,0,  9.7787526531974411E-01,  9.9800000000000000E-01,  9.9800000000000000E-01,  9.8783514518177584E-01,  1.0630022300000000E-01,  7.9732800000000003E-04,0
937,  1.6250000000000001E-01,35,  6.2500000000000000E-01,  6.2500000000000000E-01,2,  2.0286033778480334E-01,65,2,499,499,0,  9.7787526531974411E-01,  9.9800000000000000E-01,  9.9800000000000000E-01,  9.8783514518177584E-01,  1.0546240799999999E-01,  8.3411200000000003E-04,0
938,  1.6250000000000001E-01,35,  6.2500000000000000E-01,  6.2500000000000000E-01,3,  2.0286033778480334E-01,65,2,499,499,0,  9.7787526531974411E-01,  9.9800000000000000E-01,  9.9800000000000000E-01,  9.8783514518177584E-01,  1.0550590500000000E-01,  8.1149599999999998E-04,0
939,  1.6250000000000001E-01,35,  6.2500000000000000E-01,  6.2500000000000000E-01,4,  2.0286033778480334E-01,65,2,499,499,0,  9.7787526531974411E-01,  9.9800000000000000E-01,  9.9800000000000000E-01,  9.8783514518177584E-01,  1.0757454499999999E-01,  8.9663399999999999E-04,0
940,  1.6250000000000001E-01,35,  6.2500000000000000E-01,  6.2500000000000000E-01,5,  2.0286033778480334E-01,65,3,503,499,4,  8.9135129572091043E-01,  1.0060000000000000E+00,  9.9800000000000000E-01,  9.4521178604885547E-01,  1.0539651100000000E-01,  8.1077099999999995E-04,0
941,  1.6250000000000001E-01,35,  6.2500000000000000E-01,  8.1250000000000000E-01,1,  2.0286033778480334E-01,65,2,499,499,0,  9.7787526531974411E-01,  9.9800000000000000E-01,  9.9800000000000000E-01,  9.8783514518177584E-01,  1.0579446000000001E-01,  1.1039660000000001E-03,0
942,  1.6250000000000001E-01,35,  6.2500000000000000E-01,  8.1250000000000000E-01,2,  2.0286033778480334E-01,65,2,499,499,0,  9.7787526531974411E-01,  9.9800000000000000E-01,  9.9800000000000000E-01,  9.8783514518177584E-01,  1.0529909699999999E-01,  8.7465500000000001E-04,0
943,  1.6250000000000001E-01,35,  6.2500000000000000E-01,  8.1250000000000000E-01,3,  2.0286033778480334E-01,65,2,499,499,0,  9.7787526531974411E-01,  9.9800000000000000E-01,  9.9800000000000000E-01,  9.8783514518177584E-01,  1.0584087600000000E-01,  7.8711000000000004E-04,0
944,  1.6250000000000001E-01,35,  6.2500000000000000E-01,  8.1250000000000000E-01,4,  2.0286033778480334E-01,65,2,499,499,0,  9.7787526531974411E-01,  9.9800000000000000E-01,  9.9800000000000000E-01,  9.8783514518177584E-01,  1.0525894900000000E-01,  8.5979800000000005E-04,0
945,  1.6250000000000001E-01,35,  6.2500000000000000E-01,  8.1250000000000000E-01,5,  2.0286033778480334E-01,65,3,503,499,4,  8.9135129572091043E-01,  1.0060000000000000E+00,  9.9800000000000000E-01,  9.4521178604885547E-01,  1.0582194600000000E-01,  8.6982400000000005E-04,0
946,  1.6250000000000001E-01,35,  6.2500000000000000E-01,  1.0000000000000000E+00,1,  2.0286033778480334E-01,65,2,499,499,0,  9.7787526531974411E-01,  9.9800000000000000E-01,  9.9800000000000000E-01,  9.8783514518177584E-01,  1.0829465500000000E-01,  8.7661100000000001E-04,0
947,  1.6250000000000001E-01,35,  6.2500000000000000E-01,  1.0000000000000000E+00,2,  2.0286033778480334E-01,65,2,499,499,0,  9.7787526531974411E-01,  9.9800000000000000E-01,  9.9800000000000000E-01,  9.8783514518177584E-01,  1.0539495800000000E-01,  8.1934800000000002E-04,0
948,  1.6250000000000001E-01,35,  6.2500000000000000E-01,  1.0000000000000000E+00,3,  2.0286033778480334E-01,65,2,499,499,0,  9.7787526531974411E-01,  9.9800000000000000E-01,  9.9800000000000000E-01,  9.8783514518177584E-01,  1.0475186200000000E-01,  8.5798899999999997E-04,0
949,  1.6250000000000001E-01,35,  6.2500000000000000E-01,  1.0000000000000000E+00,4,  2.0286033778480334E-01,65,2,499,499,0,  9.7787526531974411E-01,  9.9800000000000000E-01,  9.9800000000000000E-01,  9.8783514518177584E-01,  1.0526298400000000E-01,  8.0887999999999999E-04,0
950,  1.6250000000000001E-01,35,  6.2500000000000000E-01,  1.0000000000000000E+00,5,  2.0286033778480334E-01,65,3,503,499,4,  8.9135129572091043E-01,  1.0060000000000000E+00,  9.9800000000000000E-01,  9.4521178604885547E-01,  1.0701292900000001E-01,  8.3453399999999995E-04,0
951,  1.6250000000000001E-01,35,  8.1250000000000000E-01,  2.5000000000000000E-01,1,  2.0286033778480334E-01,65,2,499,499,0,  9.7787526531974411E-01,  9.9800000000000000E-01,  9.9800000000000000E-01,  9.8783514518177584E-01,  1.3796388600000001E-01,  9.9035799999999999E-04,0
952,  1.6250000000000001E-01,35,  8.1250000000000000E-01,  2.5000000000000000E-01,2,  2.0286033778480334E-01,65,2,499,499,0,  9.7787526531974411E-01,  9.9800000000000000E-01,  9.9800000000000000E-01,  9.8783514518177584E-01,  1.3868347200000000E-01,  8.2169899999999995E-04,0
953,  1.6250000000000001E-01,35,  8.1250000000000000E-01,  2.5000000000000000E-01,3,  2.0286033778480334E-01,65,2,499,499,0,  9.7787526531974411E-01,  9.9800000000000000E-01,  9.9800000000000000E-01,  9.8783514518177584E-01,  1.4016950800000000E-01,  1.1952400000000000E-03,0
954,  1.6250000000000001E-01,35,  8.1250000000000000E-01,  2.5000000000000000E-01,4,  2.0286033778480334E-01,65,2,499,499,0,  9.7787526531974411E-01,  9.9800000000000000E-01,  9.9800000000000000E-01,  9.8783514518177584E-01,  1.3599467000000001E-01,  8.6297200000000004E-04,0
955,  1.6250000000000001E-01,35,  8.1250000000000000E-01,  2.5000000000000000E-01,5,  2.0286033778480334E-01,65,2,499,499,0,  9.7787526531974411E-01,  9.9800000000000000E-01,  9.9800000000000000E-01,  9.8783514518177584E-01,  1.3858223000000000E-01,  8.1676100000000005E-04,0
956,  1.6250000000000001E-01,35,  8.1250000000000000E-01,  4.3750000000000000E-01,1,  2.0286033778480334E-01,65,2,499,499,0,  9.7787526531974411E-01,  9.9800000000000000E-01,  9.9800000000000000E-01,  9.8783514518177584E-01,  1.3795984500000000E-01,  8.0266500000000004E-04,0
957,  1.6250000000000001E-01,35,  8.1250000000000000E-01,  4.3750000000000000E-01,2,  2.0286033778480334E-01,65,2,499,499,0,  9.7787526531974411E-01,  9.9800000000000000E-01,  9.9800000000000000E-01,  9.8783514518177584E-01,  1.3770233800000001E-01,  8.2499899999999998E-04,0
958,  1.6250000000000001E-01,35,  8.1250000000000000E-01,  4.3750000000000000E-01,3,  2.0286033778480334E-01,65,2,499,499,0,  9.7787526531974411E-01,  9.9800000000000000E-01,  9.9800000000000000E-01,  9.8783514518177584E-01,  1.3959364599999999E-01,  9.3358400000000000E-04,0
959,  1.6250000000000001E-01,35,  8.1250000000000000E-01,  4.3750000000000000E-01,4,  2.0286033778480334E-01,65,2,499,499,0,  9.7787526531974411E-01,  9.9800000000000000E-01,  9.9800000000000000E-01,  9.8783514518177584E-01,  1.3649163900000000E-01,  8.1922799999999997E-04,0
960,  1.6250000000000001E-01,35,  8.1250000000000000E-01,  4.3750000000000000E-01,5,  2.0286033778480334E-01,65,2,499,499,0,  9.7787526531974411E-01,  9.9800000000000000E-01,  9.9800000000000000E-01,  9.8783514518177584E-01,  1.4103870199999999E-01,  8.4634800000000002E-04,0
961,  1.6250000000000001E-01,35,  8.1250000000000000E-01,  6.2500000000000000E-01,1,  2.0286033778480334E-01,65,2,499,499,0,  9.7787526531974411E-01,  9.9800000000000000E-01,  9.9800000000000000E-01,  9.8783514518177584E-01,  1.4084129600000000E-01,  8.6418400000000005E-04,0
962,  1.6250000000000001E-01,35,  8.1250000000000000E-01,  6.2500000000000000E-01,2,  2.0286033778480334E-01,65,2,499,499,0,  9.7787526531974411E-01,  9.9800000000000000E-01,  9.9800000000000000E-01,  9.8783514518177584E-01,  1.4147596700000001E-01,  1.0267370000000000E-03,0
963,  1.6250000000000001E-01,35,  8.1250000000000000E-01,  6.2500000000000000E-01,3,  2.0286033778480334E-01,65,2,499,499,0,  9.7787526531974411E-01,  9.9800000000000000E-01,  9.9800000000000000E-01,  9.8783514518177584E-01,  1.4600309000000000E-01,  7.9966300000000004E-04,0
964,  1.6250000000000001E-01,35,  8.1250000000000000E-01,  6.2500000000000000E-01,4,  2.0286033778480334E-01,65,2,499,499,0,  9.7787526531974411E-01,  9.9800000000000000E-01,  9.9800000000000000E-01,  9.8783514518177584E-01,  1.3951305899999999E-01,  7.9881099999999997E-04,0
965,  1.6250000000000001E-01,35,  8.1250000000000000E-01,  6.2500000000000000E-01,5,  2.0286033778480334E-01,65,2,499,499,0,  9.7787526531974411E-01,  9.9800000000000000E-01,  9.9800000000000000E-01,  9.8783514518177584E-01,  1.5329917300000001E-01,  8.1571200000000001E-04,0
966,  1.6250000000000001E-01,35,  8.1250000000000000E-01,  8.1250000000000000E-01,1,  2.0286033778480334E-01,65,2,499,499,0,  9.7787526531974411E-01,  9.9800000000000000E-01,  9.9800000000000000E-01,  9.8783514518177584E-01,  1.3963454300000000E-01,  8.1252099999999997E-04,0
967,  1.6250000000000001E-01,35,  8.1250000000000000E-01,  8.1250000000000000E-01,2,  2.0286033778480334E-01,65,2,499,499,0,  9.7787526531974411E-01,  9.9800000000000000E-01,  9.9800000000000000E-01,  9.8783514518177584E-01,  1.3921530900000001E-01,  9.7069200000000000E-04,0
968,  1.6250000000000001E-01,35,  8.1250000000000000E-01,  8.1250000000000000E-01,3,  2.0286033778480334E-01,65,2,499,499,0,  9.7787526531974411E-01,  9.9800000000000000E-01,  9.9800000000000000E-01,  9.8783514518177584E-01,  1.3521080599999999E-01,  8.0749900000000004E-04,0
969,  1.6250000000000001E-01,35,  8.1250000000000000E-01,  8.1250000000000000E-01,4,  2.0286033778480334E-01,65,2,499,499,0,  9.7787526531974411E-01,  9.9800000000000000E-01,  9.9800000000000000E-01,  9.8783514518177584E-01,  1.3950652199999999E-01,  8.4394600000000004E-04,0
970,  1.6250000000000001E-01,35,  8.1250000000000000E-01,  8.1250000000000000E-01,5,  2.0286033778480334E-01,65,2,499,499,0,  9.7787526531974411E-01,  9.9800000000000000E-01,  9.9800000000000000E-01,  9.8783514518177584E-01,  1.4652687000000000E-01,  8.1461999999999995E-04,0
971,  1.6250000000000001E-01,35,  8.1250000000000000E-01,  1.0000000000000000E+00,1,  2.0286033778480334E-01,65,2,499,499,0,  9.7787526531974411E-01,  9.9800000000000000E-01,  9.9800000000000000E-01,  9.8783514518177584E-01,  1.4157095300000000E-01,  8.5046899999999996E-04,0
972,  1.6250000000000001E-01,35,  8.1250000000000000E-01,  1.0000000000000000E+00,2,  2.0286033778480334E-01,65,2,499,499,0,  9.7787526531974411E-01,  9.9800000000000000E-01,  9.9800000000000000E-01,  9.8783514518177584E-01,  1.4834736100000001E-01,  7.9185200000000001E-04,0
973,  1.6250000000000001E-01,35,  8.1250000000000000E-01,  1.0000000000000000E+00,3,  2.0286033778480334E-01,65,2,499,499,0,  9.7787526531974411E-01,  9.9800000000000000E-01,  9.9800000000000000E-01,  9.8783514518177584E-01,  1.3761569600000001E-01,  8.0778000000000002E-04,0
974,  1.6250000000000001E-01,35,  8.1250000000000000E-01,  1.0000000000000000E+00,4,  2.0286033778480334E-01,65,2,499,499,0,  9.7787526531974411E-01,  9.9800000000000000E-01,  9.9800000000000000E-01,  9.8783514518177584E-01,  1.3924736400000001E-01,  7.8768399999999998E-04,0
975,  1.6250000000000001E-01,35,  8.1250000000000000E-01,  1.0000000000000000E+00,5,  2.0286033778480334E-01,65,2,499,499,0,  9.7787526531974411E-01,  9.9800000000000000E-01,  9.9800000000000000E-01,  9.8783514518177584E-01,  1.3750904600000000E-01,  9.0155599999999997E-04,0
976,  1.6250000000000001E-01,35,  1.0000000000000000E+00,  2.5000000000000000E-01,1,  2.0286033778480334E-01,65,2,499,499,0,  9.7787526531974411E-01,  9.9800000000000000E-01,  9.9800000000000000E-01,  9.8783514518177584E-01,  1.9642517800000001E-01,  9.1352899999999995E-04,0
977,  1.6250000000000001E-01,35,  1.0000000000000000E+00,  2.5000000000000000E-01,2,  2.0286033778480334E-01,65,3,500,499,1,  9.4824474212501353E-01,  1.0000000000000000E+00,  9.9800000000000000E-01,  9.7343493003936699E-01,  1.9463101899999999E-01,  7.8687500000000003E-04,0
978,  1.6250000000000001E-01,35,  1.0000000000000000E+00,  2.5000000000000000E-01,3,  2.0286033778480334E-01,65,3,500,499,1,  9.4824474212501353E-01,  1.0000000000000000E+00,  9.9800000000000000E-01,  9.7343493003936699E-01,  1.9625466400000000E-01,  8.1497799999999995E-04,0
979,  1.6250000000000001E-01,35,  1.0000000000000000E+00,  2.5000000000000000E-01,4,  2.0286033778480334E-01,65,3,500,499,1,  9.4824474212501353E-01,  1.0000000000000000E+00,  9.9800000000000000E-01,  9.7343493003936699E-01,  1.9836771900000000E-01,  8.1016800000000000E-04,0
980,  1.6250000000000001E-01,35,  1.0000000000000000E+00,  2.5000000000000000E-01,5,  2.0286033778480334E-01,65,3,500,499,1,  9.4824474212501353E-01,  1.0000000000000000E+00,  9.9800000000000000E-01,  9.7343493003936699E-01,  1.9450278400000001E-01,  7.8170500000000005E-04,0
981,  1.6250000000000001E-01,35,  1.0000000000000000E+00,  4.3750000000000000E-01,1,  2.0286033778480334E-01,65,2,499,499,0,  9.7787526531974411E-01,  9.9800000000000000E-01,  9.9800000000000000E-01,  9.8783514518177584E-01,  1.9637085900000001E-01,  8.1718600000000002E-04,0
982,  1.6250000000000001E-01,35,  1.0000000000000000E+00,  4.3750000000000000E-01,2,  2.0286033778480334E-01,65,3,500,499,1,  9.4824474212501353E-01,  1.0000000000000000E+00,  9.9800000000000000E-01,  9.7343493003936699E-01,  1.9128884800000001E-01,  7.8283699999999999E-04,0
983,  1.6250000000000001E-01,35,  1.0000000000000000E+00,  4.3750000000000000E-01,3,  2.0286033778480334E-01,65,3,500,499,1,  9.4824474212501353E-01,  1.0000000000000000E+00,  9.9800000000000000E-01,  9.7343493003936699E-01,  1.9499851500000001E-01,  7.7925200000000003E-04,0
984,  1.6250000000000001E-01,35,  1.0000000000000000E+00,  4.3750000000000000E-01,4,  2.0286033778480334E-01,65,3,500,499,1,  9.4824474212501353E-01,  1.0000000000000000E+00,  9.9800000000000000E-01,  9.7343493003936699E-01,  1.9773047399999999E-01,  7.9069700000000004E-04,0
985,  1.6250000000000001E-01,35,  1.0000000000000000E+00,  4.3750000000000000E-01,5,  2.0286033778480334E-01,65,3,500,499,1,  9.4824474212501353E-01,  1.0000000000000000E+00,  9.9800000000000000E-01,  9.7343493003936699E-01,  1.9271718099999999E-01,  8.7771300000000002E-04,0
986,  1.6250000000000001E-01,35,  1.0000000000000000E+00,  6.2500000000000000E-01,1,  2.0286033778480334E-01,65,2,499,499,0,  9.7787526531974411E-01,  9.9800000000000000E-01,  9.9800000000000000E-01,  9.8783514518177584E-01,  1.9348074300000001E-01,  7.9957499999999996E-04,0
987,  1.6250000000000001E-01,35,  1.0000000000000000E+00,  6.2500000000000000E-01,2,  2.0286033778480334E-01,65,3,500,499,1,  9.4824474212501353E-01,  1.0000000000000000E+00,  9.9800000000000000E-01,  9.7343493003936699E-01,  1.9169543400000000E-01,  8.7263000000000000E-04,0
988,  1.6250000000000001E-01,35,  1.0000000000000000E+00,  6.2500000000000000E-01,3,  2.0286033778480334E-01,65,3,500,499,1,  9.4824474212501353E-01,  1.0000000000000000E+00,  9.9800000000000000E-01,  9.7343493003936699E-01,  1.9080385699999999E-01,  8.0203000000000002E-04,0
989,  1.6250000000000001E-01,35,  1.0000000000000000E+00,  6.2500000000000000E-01,4,  2.0286033778480334E-01,65,3,500,499,1,  9.4824474212501353E-01,  1.0000000000000000E+00,  9.9800000000000000E-01,  9.7343493003936699E-01,  1.9101376100000000E-01,  9.1789200000000001E-04,0
990,  1.6250000000000001E-01,35,  1.0000000000000000E+00,  6.2500000000000000E-01,5,  2.0286033778480334E-01,65,3,500,499,1,  9.4824474212501353E-01,  1.0000000000000000E+00,  9.9800000000000000E-01,  9.7343493003936699E-01,  1.9370095400000001E-01,  8.2406400000000000E-04,0
991,  1.6250000000000001E-01,35,  1.0000000000000000E+00,  8.1250000000000000E-01,1,  2.0286033778480334E-01,65,2,499,499,0,  9.7787526531974411E-01,  9.9800000000000000E-01,  9.9800000000000000E-01,  9.8783514518177584E-01,  2.0098985799999999E-01,  8.1558900000000003E-04,0
992,  1.6250000000000001E-01,35,  1.0000000000000000E+00,  8.1250000000000000E-01,2,  2.0286033778480334E-01,65,3,500,499,1,  9.4824474212501353E-01,  1.0000000000000000E+00,  9.9800000000000000E-01,  9.7343493003936699E-01,  1.8947578500000001E-01,  7.9509199999999996E-04,0
993,  1.6250000000000001E-01,35,  1.0000000000000000E+00,  8.1250000000000000E-01,3,  2.0286033778480334E-01,65,3,500,499,1,  9.4824474212501353E-01,  1.0000000000000000E+00,  9.9800000000000000E-01,  9.7343493003936699E-01,  1.9362573299999999E-01,  8.0842000000000002E-04,0
994,  1.6250000000000001E-01,35,  1.0000000000000000E+00,  8.1250000000000000E-01,4,  2.0286033778480334E-01,65,3,500,499,1,  9.4824474212501353E-01,  1.0000000000000000E+00,  9.9800000000000000E-01,  9.7343493003936699E-01,  1.9304255300000001E-01,  1.1398510000000001E-03,0
995,  1.6250000000000001E-01,35,  1.0000000000000000E+00,  8.1250000000000000E-01,5,  2.0286033778480334E-01,65,3,500,499,1,  9.4824474212501353E-01,  1.0000000000000000E+00,  9.9800000000000000E-01,  9.7343493003936699E-01,  1.9219213700000001E-01,  7.9433800000000001E-04,0
996,  1.6250000000000001E-01,35,  1.0000000000000000E+00,  1.0000000000000000E+00,1,  2.0286033778480334E-01,65,2,499,499,0,  9.7787526531974411E-01,  9.9800000000000000E-01,  9.9800000000000000E-01,  9.8783514518177584E-01,  1.9150730199999999E-01,  7.8401800000000004E-04,0
997,  1.6250000000000001E-01,35,  1.0000000000000000E+00,  1.0000000000000000E+00,2,  2.0286033778480334E-01,65,3,500,499,1,  9.4824474212501353E-01,  1.0000000000000000E+00,  9.9800000000000000E-01,  9.7343493003936699E-01,  1.9059682200000000E-01,  7.8494899999999995E-04,0
998,  1.6250000000000001E-01,35,  1.0000000000000000E+00,  1.0000000000000000E+00,3,  2.0286033778480334E-01,65,3,500,499,1,  9.4824474212501353E-01,  1.0000000000000000E+00,  9.9800000000000000E-01,  9.7343493003936699E-01,  1.9319239699999999E-01,  9.1624700000000002E-04,0
999,  1.6250000000000001E-01,35,  1.0000000000000000E+00,  1.0000000000000000E+00,4,  2.0286033778480334E-01,65,3,500,499,1,  9.4824474212501353E-01,  1.0000000000000000E+00,  9.9800000000000000E-01,  9.7343493003936699E-01,  1.9458741800000001E-01,  8.9647900000000005E-04,0
1000,  1.6250000000000001E-01,35,  1.0000000000000000E+00,  1.0000000000000000E+00,5,  2.0286033778480334E-01,65,3,500,499,1,  9.4824474212501353E-01,  1.0000000000000000E+00,  9.9800000000000000E-01,  9.7343493003936699E-01,  1.9081740899999999E-01,  7.9153999999999997E-04,0
1001,  1.6250000000000001E-01,45,  2.5000000000000000E-01,  2.5000000000000000E-01,1,  2.0286033778480334E-01,51,10,455,455,0,  5.0998041886281731E-01,  9.1000000000000003E-01,  9.1000000000000003E-01,  6.5364588835220860E-01,  5.8333682999999997E-02,  7.8589999999999997E-04,0
1002,  1.6250000000000001E-01,45,  2.5000000000000000E-01,  2.5000000000000000E-01,2,  2.0286033778480334E-01,51,10,455,455,0,  5.0998041886281731E-01,  9.1000000000000003E-01,  9.1000000000000003E-01,  6.5364588835220860E-01,  5.7025799000000002E-02,  8.9668500000000004E-04,0
1003,  1.6250000000000001E-01,45,  2.5000000000000000E-01,  2.5000000000000000E-01,3,  2.0286033778480334E-01,51,10,455,455,0,  5.0998041886281731E-01,  9.1000000000000003E-01,  9.1000000000000003E-01,  6.5364588835220860E-01,  5.7830215999999997E-02,  7.6122199999999998E-04,0
1004,  1.6250000000000001E-01,45,  2.5000000000000000E-01,  2.5000000000000000E-01,4,  2.0286033778480334E-01,51,10,455,455,0,  5.0998041886281731E-01,  9.1000000000000003E-01,  9.1000000000000003E-01,  6.5364588835220860E-01,  6.0737533000000003E-02,  7.6659299999999998E-04,0
1005,  1.6250000000000001E-01,45,  2.5000000000000000E-01,  2.5000000000000000E-01,5,  2.0286033778480334E-01,51,13,467,455,12,  3.9127376363011401E-01,  9.3400000000000005E-01,  9.1000000000000003E-01,  5.5150823212482170E-01,  5.5675690000000000E-02,  7.9105699999999996E-04,0
1006,  1.6250000000000001E-01,45,  2.5000000000000000E-01,  4.3750000000000000E-01,1,  2.0286033778480334E-01,51,10,455,455,0,  5.0998041886281731E-01,  9.1000000000000003E-01,  9.1000000000000003E-01,  6.5364588835220860E-01,  5.8762439999999999E-02,  7.6548999999999996E-04,0
1007,  1.6250000000000001E-01,45,  2.5000000000000000E-01,  4.3750000000000000E-01,2,  2.0286033778480334E-01,51,10,455,455,0,  5.0998041886281731E-01,  9.1000000000000003E-01,  9.1000000000000003E-01,  6.5364588835220860E-01,  5.8715377999999999E-02,  7.9658799999999998E-04,0
1008,  1.6250000000000001E-01,45,  2.5000000000000000E-01,  4.3750000000000000E-01,3,  2.0286033778480334E-01,51,10,455,455,0,  5.0998041886281731E-01,  9.1000000000000003E-01,  9.1000000000000003E-01,  6.5364588835220860E-01,  5.6433457999999999E-02,  7.5138300000000000E-04,0
1009,  1.6250000000000001E-01,45,  2.5000000000000000E-01,  4.3750000000000000E-01,4,  2.0286033778480334E-01,51,10,455,455,0,  5.0998041886281731E-01,  9.1000000000000003E-01,  9.1000000000000003E-01,  6.5364588835220860E-01,  5.8518882000000001E-02,  7.7442400000000001E-04,0
1010,  1.6250000000000001E-01,45,  2.5000000000000000E-01,  4.3750000000000000E-01,5,  2.0286033778480334E-01,51,13,467,455,12,  3.9127376363011401E-01,  9.3400000000000005E-01,  9.1000000000000003E-01,  5.5150823212482170E-01,  5.7676344999999997E-02,  7.8830899999999995E-04,0
1011,  1.6250000000000001E-01,45,  2.5000000000000000E-01,  6.2500000000000000E-01,1,  2.0286033778480334E-01,51,10,455,455,0,  5.0998041886281731E-01,  9.1000000000000003E-01,  9.1000000000000003E-01,  6.5364588835220860E-01,  5.6392944000000000E-02,  8.0450800000000000E-04,0
1012,  1.6250000000000001E-01,45,  2.5000000000000000E-01,  6.2500000000000000E-01,2,  2.0286033778480334E-01,51,10,455,455,0,  5.0998041886281731E-01,  9.1000000000000003E-01,  9.1000000000000003E-01,  6.5364588835220860E-01,  5.6483283000000002E-02,  9.3962199999999998E-04,0
1013,  1.6250000000000001E-01,45,  2.5000000000000000E-01,  6.2500000000000000E-01,3,  2.0286033778480334E-01,51,10,455,455,0,  5.0998041886281731E-01,  9.1000000000000003E-01,  9.1000000000000003E-01,  6.5364588835220860E-01,  5.6991449999999999E-02,  7.6821200000000000E-04,0
1014,  1.6250000000000001E-01,45,  2.5000000000000000E-01,  6.2500000000000000E-01,4,  2.0286033778480334E-01,51,10,455,455,0,  5.0998041886281731E-01,  9.1000000000000003E-01,  9.1000000000000003E-01,  6.5364588835220860E-01,  5.9093635999999998E-02,  7.7094900000000005E-04,0
1015,  1.6250000000000001E-01,45,  2.5000000000000000E-01,  6.2500000000000000E-01,5,  2.0286033778480334E-01,51,13,467,455,12,  3.9127376363011401E-01,  9.3400000000000005E-01,  9.1000000000000003E-01,  5.5150823212482170E-01,  5.8662341000000000E-02,  7.9239700000000002E-04,0
1016,  1.6250000000000001E-01,45,  2.5000000000000000E-01,  8.1250000000000000E-01,1,  2.0286033778480334E-01,51,10,455,455,0,  5.0998041886281731E-01,  9.1000000000000003E-01,  9.1000000000000003E-01,  6.5364588835220860E-01,  5.7998472000000002E-02,  7.6514599999999997E-04,0
1017,  1.6250000000000001E-01,45,  2.5000000000000000E-01,  8.1250000000000000E-01,2,  2.0286033778480334E-01,51,10,455,455,0,  5.0998041886281731E-01,  9.1000000000000003E-01,  9.1000000000000003E-01,  6.5364588835220860E-01,  5.7502111000000002E-02,  8.1141099999999995E-04,0
1018,  1.6250000000000001E-01,45,  2.5000000000000000E-01,  8.1250000000000000E-01,3,  2.0286033778480334E-01,51,10,455,455,0,  5.0998041886281731E-01,  9.1000000000000003E-01,  9.1000000000000003E-01,  6.5364588835220860E-01,  5.7917306000000002E-02,  8.1249700000000002E-04,0
1019,  1.6250000000000001E-01,45,  2.5000000000000000E-01,  8.1250000000000000E-01,4,  2.0286033778480334E-01,51,10,455,455,0,  5.0998041886281731E-01,  9.1000000000000003E-01,  9.1000000000000003E-01,  6.5364588835220860E-01,  6.0155748000000002E-02,  7.7402799999999996E-04,0
1020,  1.6250000000000001E-01,45,  2.5000000000000000E-01,  8.1250000000000000E-01,5,  2.0286033778480334E-01,51,13,467,455,12,  3.9127376363011401E-01,  9.3400000000000005E-01,  9.1000000000000003E-01,  5.5150823212482170E-01,  5.8427768999999997E-02,  8.1447300000000002E-04,0
1021,  1.6250000000000001E-01,45,  2.5000000000000000E-01,  1.0000000000000000E+00,1,  2.0286033778480334E-01,51,10,455,455,0,  5.0998041886281731E-01,  9.1000000000000003E-01,  9.1000000000000003E-01,  6.5364588835220860E-01,  5.8811704999999999E-02,  7.9010899999999999E-04,0
1022,  1.6250000000000001E-01,45,  2.5000000000000000E-01,  1.0000000000000000E+00,2,  2.0286033778480334E-01,51,10,455,455,0,  5.0998041886281731E-01,  9.1000000000000003E-01,  9.1000000000000003E-01,  6.5364588835220860E-01,  5.9272182999999999E-02,  8.2150400000000003E-04,0
1023,  1.6250000000000001E-01,45,  2.5000000000000000E-01,  1.0000000000000000E+00,3,  2.0286033778480334E-01,51,10,455,455,0,  5.0998041886281731E-01,  9.1000000000000003E-01,  9.1000000000000003E-01,  6.5364588835220860E-01,  5.8633530000000003E-02,  7.7674199999999997E-04,0
1024,  1.6250000000000001E-01,45,  2.5000000000000000E-01,  1.0000000000000000E+00,4,  2.0286033778480334E-01,51,10,455,455,0,  5.0998041886281731E-01,  9.1000000000000003E-01,  9.1000000000000003E-01,  6.5364588835220860E-01,  6.2077594000000000E-02,  7.8606100000000001E-04,0
1025,  1.6250000000000001E-01,45,  2.5000000000000000E-01,  1.0000000000000000E+00,5,  2.0286033778480334E-01,51,13,467,455,12,  3.9127376363011401E-01,  9.3400000000000005E-01,  9.1000000000000003E-01,  5.5150823212482170E-01,  6.5110100000000004E-02,  7.9978400000000000E-04,0
1026,  1.6250000000000001E-01,45,  4.3750000000000000E-01,  2.5000000000000000E-01,1,  2.0286033778480334E-01,51,5,480,480,0,  8.6826353135909884E-01,  9.5999999999999996E-01,  9.5999999999999996E-01,  9.1183024307781402E-01,  7.1123685000000006E-02,  8.4967899999999999E-04,0
1027,  1.6250000000000001E-01,45,  4.3750000000000000E-01,  2.5000000000000000E-01,2,  2.0286033778480334E-01,51,6,481,480,1,  7.9656324069156237E-01,  9.6199999999999997E-01,  9.5999999999999996E-01,  8.7149989242801951E-01,  7.6033390000000006E-02,  8.6864400000000001E-04,0
1028,  1.6250000000000001E-01,45,  4.3750000000000000E-01,  2.5000000000000000E-01,3,  2.0286033778480334E-01,51,6,481,480,1,  7.9656324069156237E-01,  9.6199999999999997E-01,  9.5999999999999996E-01,  8.7149989242801951E-01,  7.1763763999999994E-02,  8.3444900000000002E-04,0
1029,  1.6250000000000001E-01,45,  4.3750000000000000E-01,  2.5000000000000000E-01,4,  2.0286033778480334E-01,51,6,481,480,1,  7.9656324069156237E-01,  9.6199999999999997E-01,  9.5999999999999996E-01,  8.7149989242801951E-01,  7.3136698999999999E-02,  8.0397599999999997E-04,0
1030,  1.6250000000000001E-01,45,  4.3750000000000000E-01,  2.5000000000000000E-01,5,  2.0286033778480334E-01,51,7,485,480,5,  7.3879323595173485E-01,  9.6999999999999997E-01,  9.5999999999999996E-01,  8.3875500417000026E-01,  6.9489456000000005E-02,  1.0224900000000000E-03,0
1031,  1.6250000000000001E-01,45,  4.3750000000000000E-01,  4.3750000000000000E-01,1,  2.0286033778480334E-01,51,5,480,480,0,  8.6826353135909884E-01,  9.5999999999999996E-01,  9.5999999999999996E-01,  9.1183024307781402E-01,  7.1319255999999998E-02,  1.0700140000000000E-03,0
1032,  1.6250000000000001E-01,45,  4.3750000000000000E-01,  4.3750000000000000E-01,2,  2.0286033778480334E-01,51,6,481,480,1,  7.9656324069156237E-01,  9.6199999999999997E-01,  9.5999999999999996E-01,  8.7149989242801951E-01,  6.9284129999999999E-02,  8.3938700000000003E-04,0
1033,  1.6250000000000001E-01,45,  4.3750000000000000E-01,  4.3750000000000000E-01,3,  2.0286033778480334E-01,51,6,481,480,1,  7.9656324069156237E-01,  9.6199999999999997E-01,  9.5999999999999996E-01,  8.7149989242801951E-01,  6.9592093999999993E-02,  8.3048200000000001E-04,0
1034,  1.6250000000000001E-01,45,  4.3750000000000000E-01,  4.3750000000000000E-01,4,  2.0286033778480334E-01,51,6,481,480,1,  7.9656324069156237E-01,  9.6199999999999997E-01,  9.5999999999999996E-01,  8.7149989242801951E-01,  7.1323537000000006E-02,  8.3984499999999998E-04,0
1035,  1.6250000000000001E-01,45,  4.3750000000000000E-01,  4.3750000000000000E-01,5,  2.0286033778480334E-01,51,7,485,480,5,  7.3879323595173485E-01,  9.6999999999999997E-01,  9.5999999999999996E-01,  8.3875500417000026E-01,  7.2715560999999998E-02,  8.6648699999999999E-04,0
1036,  1.6250000000000001E-01,45,  4.3750000000000000E-01,  6.2500000000000000E-01,1,  2.0286033778480334E-01,51,5,480,480,0,  8.6826353135909884E-01,  9.5999999999999996E-01,  9.5999999999999996E-01,  9.1183024307781402E-01,  7.0292675999999998E-02,  7.8451100000000000E-04,0
1037,  1.6250000000000001E-01,45,  4.3750000000000000E-01,  6.2500000000000000E-01,2,  2.0286033778480334E-01,51,6,481,480,1,  7.9656324069156237E-01,  9.6199999999999997E-01,  9.5999999999999996E-01,  8.7149989242801951E-01,  7.1703895000000004E-02,  8.0374600000000004E-04,0
1038,  1.6250000000000001E-01,45,  4.3750000000000000E-01,  6.2500000000000000E-01,3,  2.0286033778480334E-01,51,6,481,480,1,  7.9656324069156237E-01,  9.6199999999999997E-01,  9.5999999999999996E-01,  8.7149989242801951E-01,  6.9183245000000004E-02,  7.7797200000000004E-04,0
1039,  1.6250000000000001E-01,45,  4.3750000000000000E-01,  6.2500000000000000E-01,4,  2.0286033778480334E-01,51,6,481,480,1,  7.9656324069156237E-01,  9.6199999999999997E-01,  9.5999999999999996E-01,  8.7149989242801951E-01,  8.1440871999999997E-02,  8.7882800000000001E-04,0
1040,  1.6250000000000001E-01,45,  4.3750000000000000E-01,  6.2500000000000000E-01,5,  2.0286033778480334E-01,51,7,485,480,5,  7.3879323595173485E-01,  9.6999999999999997E-01,  9.5999999999999996E-01,  8.3875500417000026E-01,  7.0874303999999999E-02,  8.4140500000000004E-04,0
1041,  1.6250000000000001E-01,45,  4.3750000000000000E-01,  8.1250000000000000E-01,1,  2.0286033778480334E-01,51,5,480,480,0,  8.6826353135909884E-01,  9.5999999999999996E-01,  9.5999999999999996E-01,  9.1183024307781402E-01,  7.1400457000000001E-02,  1.1506880000000000E-03,0
1042,  1.6250000000000001E-01,45,  4.3750000000000000E-01,  8.1250000000000000E-01,2,  2.0286033778480334E-01,51,6,481,480,1,  7.9656324069156237E-01,  9.6199999999999997E-01,  9.5999999999999996E-01,  8.7149989242801951E-01,  7.2464573000000004E-02,  8.0038500000000003E-04,0
1043,  1.6250000000000001E-01,45,  4.3750000000000000E-01,  8.1250000000000000E-01,3,  2.0286033778480334E-01,51,6,481,480,1,  7.9656324069156237E-01,  9.6199999999999997E-01,  9.5999999999999996E-01,  8.7149989242801951E-01,  6.9876540000000001E-02,  1.0620600000000001E-03,0
1044,  1.6250000000000001E-01,45,  4.3750000000000000E-01,  8.1250000000000000E-01,4,  2.0286033778480334E-01,51,6,481,480,1,  7.9656324069156237E-01,  9.6199999999999997E-01,  9.5999999999999996E-01,  8.7149989242801951E-01,  8.4239885000000000E-02,  8.5401200000000002E-04,0
1045,  1.6250000000000001E-01,45,  4.3750000000000000E-01,  8.1250000000000000E-01,5,  2.0286033778480334E-01,51,7,485,480,5,  7.3879323595173485E-01,  9.6999999999999997E-01,  9.5999999999999996E-01,  8.3875500417000026E-01,  6.9715689999999997E-02,  8.2989800000000003E-04,0
1046,  1.6250000000000001E-01,45,  4.3750000000000000E-01,  1.0000000000000000E+00,1,  2.0286033778480334E-01,51,5,480,480,0,  8.6826353135909884E-01,  9.5999999999999996E-01,  9.5999999999999996E-01,  9.1183024307781402E-01,  7.0104075000000002E-02,  7.9318800000000001E-04,0
1047,  1.6250000000000001E-01,45,  4.3750000000000000E-01,  1.0000000000000000E+00,2,  2.0286033778480334E-01,51,6,481,480,1,  7.9656324069156237E-01,  9.6199999999999997E-01,  9.5999999999999996E-01,  8.7149989242801951E-01,  7.0167881000000001E-02,  8.6933599999999996E-04,0
1048,  1.6250000000000001E-01,45,  4.3750000000000000E-01,  1.0000000000000000E+00,3,  2.0286033778480334E-01,51,6,481,480,1,  7.9656324069156237E-01,  9.6199999999999997E-01,  9.5999999999999996E-01,  8.7149989242801951E-01,  7.3452257000000007E-02,  8.2959199999999998E-04,0
1049,  1.6250000000000001E-01,45,  4.3750000000000000E-01,  1.0000000000000000E+00,4,  2.0286033778480334E-01,51,6,481,480,1,  7.9656324069156237E-01,  9.6199999999999997E-01,  9.5999999999999996E-01,  8.7149989242801951E-01,  7.1337324999999993E-02,  8.3243000000000000E-04,0
1050,  1.6250000000000001E-01,45,  4.3750000000000000E-01,  1.0000000000000000E+00,5,  2.0286033778480334E-01,51,7,485,480,5,  7.3879323595173485E-01,  9.6999999999999997E-01,  9.5999999999999996E-01,  8.3875500417000026E-01,  6.9205562999999998E-02,  9.9616000000000006E-04,0
1051,  1.6250000000000001E-01,45,  6.2500000000000000E-01,  2.5000000000000000E-01,1,  2.0286033778480334E-01,51,2,490,490,0,  9.6854758305386512E-01,  9.7999999999999998E-01,  9.7999999999999998E-01,  9.7424013624054162E-01,  8.2979331000000003E-02,  7.8862900000000000E-04,0
1052,  1.6250000000000001E-01,45,  6.2500000000000000E-01,  2.5000000000000000E-01,2,  2.0286033778480334E-01,51,2,490,490,0,  9.6854758305386512E-01,  9.7999999999999998E-01,  9.7999999999999998E-01,  9.7424013624054162E-01,  8.1272757000000001E-02,  8.0830200000000000E-04,0
1053,  1.6250000000000001E-01,45,  6.2500000000000000E-01,  2.5000000000000000E-01,3,  2.0286033778480334E-01,51,3,492,490,2,  9.3441503076332977E-01,  9.8399999999999999E-01,  9.7999999999999998E-01,  9.5856670796127497E-01,  8.5727233000000000E-02,  8.2753999999999998E-04,0
1054,  1.6250000000000001E-01,45,  6.2500000000000000E-01,  2.5000000000000000E-01,4,  2.0286033778480334E-01,51,3,492,490,2,  9.3441503076332977E-01,  9.8399999999999999E-01,  9.7999999999999998E-01,  9.5856670796127497E-01,  8.4050832000000006E-02,  1.0079040000000000E-03,0
1055,  1.6250000000000001E-01,45,  6.2500000000000000E-01,  2.5000000000000000E-01,5,  2.0286033778480334E-01,51,4,496,490,6,  8.5488734873195416E-01,  9.9199999999999999E-01,  9.7999999999999998E-01,  9.1835406260631547E-01,  8.1458058000000000E-02,  7.8954600000000002E-04,0
1056,  1.6250000000000001E-01,45,  6.2500000000000000E-01,  4.3750000000000000E-01,1,  2.0286033778480334E-01,51,2,490,490,0,  9.6854758305386512E-01,  9.7999999999999998E-01,  9.7999999999999998E-01,  9.7424013624054162E-01,  8.2679585999999999E-02,  7.6764300000000004E-04,0
1057,  1.6250000000000001E-01,45,  6.2500000000000000E-01,  4.3750000000000000E-01,2,  2.0286033778480334E-01,51,2,490,490,0,  9.6854758305386512E-01,  9.7999999999999998E-01,  9.7999999999999998E-01,  9.7424013624054162E-01,  8.3313421999999998E-02,  7.7490899999999995E-04,0
1058,  1.6250000000000001E-01,45,  6.2500000000000000E-01,  4.3750000000000000E-01,3,  2.0286033778480334E-01,51,3,492,490,2,  9.3441503076332977E-01,  9.8399999999999999E-01,  9.7999999999999998E-01,  9.5856670796127497E-01,  8.3446298000000002E-02,  7.8322500000000002E-04,0
1059,  1.6250000000000001E-01,45,  6.2500000000000000E-01,  4.3750000000000000E-01,4,  2.0286033778480334E-01,51,3,492,490,2,  9.3441503076332977E-01,  9.8399999999999999E-01,  9.7999999999999998E-01,  9.5856670796127497E-01,  8.1936314999999996E-02,  9.3876799999999998E-04,0
1060,  1.6250000000000001E-01,45,  6.2500000000000000E-01,  4.3750000000000000E-01,5,  2.0286033778480334E-01,51,4,496,490,6,  8.5488734873195416E-01,  9.9199999999999999E-01,  9.7999999999999998E-01,  9.1835406260631547E-01,  8.3576086999999993E-02,  7.9310800000000005E-04,0
1061,  1.6250000000000001E-01,45,  6.2500000000000000E-01,  6.2500000000000000E-01,1,  2.0286033778480334E-01,51,2,490,490,0,  9.6854758305386512E-01,  9.7999999999999998E-01,  9.7999999999999998E-01,  9.7424013624054162E-01,  8.5988805000000001E-02,  8.4350199999999999E-04,0
1062,  1.6250000000000001E-01,45,  6.2500000000000000E-01,  6.2500000000000000E-01,2,  2.0286033778480334E-01,51,2,490,490,0,  9.6854758305386512E-01,  9.7999999999999998E-01,  9.7999999999999998E-01,  9.7424013624054162E-01,  8.2413881999999994E-02,  8.1876300000000002E-04,0
1063,  1.6250000000000001E-01,45,  6.2500000000000000E-01,  6.2500000000000000E-01,3,  2.0286033778480334E-01,51,3,492,490,2,  9.3441503076332977E-01,  9.8399999999999999E-01,  9.7999999999999998E-01,  9.5856670796127497E-01,  8.4748358999999995E-02,  7.9643699999999999E-04,0
1064,  1.6250000000000001E-01,45,  6.2500000000000000E-01,  6.2500000000000000E-01,4,  2.0286033778480334E-01,51,3,492,490,2,  9.3441503076332977E-01,  9.8399999999999999E-01,  9.7999999999999998E-01,  9.5856670796127497E-01,  8.5271481999999996E-02,  1.0589580000000000E-03,0
1065,  1.6250000000000001E-01,45,  6.2500000000000000E-01,  6.2500000000000000E-01,5,  2.0286033778480334E-01,51,4,496,490,6,  8.5488734873195416E-01,  9.9199999999999999E-01,  9.7999999999999998E-01,  9.1835406260631547E-01,  9.0171900999999999E-02,  8.2995100000000000E-04,0
1066,  1.6250000000000001E-01,45,  6.2500000000000000E-01,  8.1250000000000000E-01,1,  2.0286033778480334E-01,51,2,490,490,0,  9.6854758305386512E-01,  9.7999999999999998E-01,  9.7999999999999998E-01,  9.7424013624054162E-01,  8.2264721999999998E-02,  8.4981300000000004E-04,0
1067,  1.6250000000000001E-01,45,  6.2500000000000000E-01,  8.1250000000000000E-01,2,  2.0286033778480334E-01,51,2,490,490,0,  9.6854758305386512E-01,  9.7999999999999998E-01,  9.7999999999999998E-01,  9.7424013624054162E-01,  8.5683908000000003E-02,  8.1957500000000001E-04,0
1068,  1.6250000000000001E-01,45,  6.2500000000000000E-01,  8.1250000000000000E-01,3,  2.0286033778480334E-01,51,3,492,490,2,  9.3441503076332977E-01,  9.8399999999999999E-01,  9.7999999999999998E-01,  9.5856670796127497E-01,  8.1599630000000006E-02,  7.8464799999999999E-04,0
1069,  1.6250000000000001E-01,45,  6.2500000000000000E-01,  8.1250000000000000E-01,4,  2.0286033778480334E-01,51,3,492,490,2,  9.3441503076332977E-01,  9.8399999999999999E-01,  9.7999999999999998E-01,  9.5856670796127497E-01,  8.4519395999999997E-02,  8.3034099999999996E-04,0
1070,  1.6250000000000001E-01,45,  6.2500000000000000E-01,  8.1250000000000000E-01,5,  2.0286033778480334E-01,51,4,496,490,6,  8.5488734873195416E-01,  9.9199999999999999E-01,  9.7999999999999998E-01,  9.1835406260631547E-01,  8.4208292000000004E-02,  8.1380600000000003E-04,0
1071,  1.6250000000000001E-01,45,  6.2500000000000000E-01,  1.0000000000000000E+00,1,  2.0286033778480334E-01,51,2,490,490,0,  9.6854758305386512E-01,  9.7999999999999998E-01,  9.7999999999999998E-01,  9.7424013624054162E-01,  8.4547026999999997E-02,  8.0039599999999999E-04,0
1072,  1.6250000000000001E-01,45,  6.2500000000000000E-01,  1.0000000000000000E+00,2,  2.0286033778480334E-01,51,2,490,490,0,  9.6854758305386512E-01,  9.7999999999999998E-01,  9.7999999999999998E-01,  9.7424013624054162E-01,  8.2932560000000002E-02,  7.9458100000000004E-04,0
1073,  1.6250000000000001E-01,45,  6.2500000000000000E-01,  1.0000000000000000E+00,3,  2.0286033778480334E-01,51,3,492,490,2,  9.3441503076332977E-01,  9.8399999999999999E-01,  9.7999999999999998E-01,  9.5856670796127497E-01,  8.4909898999999997E-02,  8.9111300000000002E-04,0
1074,  1.6250000000000001E-01,45,  6.2500000000000000E-01,  1.0000000000000000E+00,4,  2.0286033778480334E-01,51,3,492,490,2,  9.3441503076332977E-01,  9.8399999999999999E-01,  9.7999999999999998E-01,  9.5856670796127497E-01,  8.4215374999999995E-02,  9.7246400000000003E-04,0
1075,  1.6250000000000001E-01,45,  6.2500000000000000E-01,  1.0000000000000000E+00,5,  2.0286033778480334E-01,51,4,496,490,6,  8.5488734873195416E-01,  9.9199999999999999E-01,  9.7999999999999998E-01,  9.1835406260631547E-01,  8.1617460000000003E-02,  8.3719500000000000E-04,0
1076,  1.6250000000000001E-01,45,  8.1250000000000000E-01,  2.5000000000000000E-01,1,  2.0286033778480334E-01,51,2,495,495,0,  9.7443890635435659E-01,  9.8999999999999999E-01,  9.8999999999999999E-01,  9.8215782040390520E-01,  1.1702806700000000E-01,  7.9416500000000000E-04,0
1077,  1.6250000000000001E-01,45,  8.1250000000000000E-01,  2.5000000000000000E-01,2,  2.0286033778480334E-01,51,2,495,495,0,  9.7443890635435659E-01,  9.8999999999999999E-01,  9.8999999999999999E-01,  9.8215782040390520E-01,  1.1683530700000000E-01,  8.3877200000000000E-04,0
1078,  1.6250000000000001E-01,45,  8.1250000000000000E-01,  2.5000000000000000E-01,3,  2.0286033778480334E-01,51,2,495,495,0,  9.7443890635435659E-01,  9.8999999999999999E-01,  9.8999999999999999E-01,  9.8215782040390520E-01,  1.1530581800000000E-01,  1.1053829999999999E-03,0
1079,  1.6250000000000001E-01,45,  8.1250000000000000E-01,  2.5000000000000000E-01,4,  2.0286033778480334E-01,51,2,495,495,0,  9.7443890635435659E-01,  9.8999999999999999E-01,  9.8999999999999999E-01,  9.8215782040390520E-01,  1.1206143800000000E-01,  9.4035500000000003E-04,0
1080,  1.6250000000000001E-01,45,  8.1250000000000000E-01,  2.5000000000000000E-01,5,  2.0286033778480334E-01,51,2,495,495,0,  9.7443890635435659E-01,  9.8999999999999999E-01,  9.8999999999999999E-01,  9.8215782040390520E-01,  1.1588920300000000E-01,  8.1673800000000001E-04,0
1081,  1.6250000000000001E-01,45,  8.1250000000000000E-01,  4.3750000000000000E-01,1,  2.0286033778480334E-01,51,2,495,495,0,  9.7443890635435659E-01,  9.8999999999999999E-01,  9.8999999999999999E-01,  9.8215782040390520E-01,  1.1822060199999999E-01,  8.1367500000000003E-04,0
1082,  1.6250000000000001E-01,45,  8.1250000000000000E-01,  4.3750000000000000E-01,2,  2.0286033778480334E-01,51,2,495,495,0,  9.7443890635435659E-01,  9.8999999999999999E-01,  9.8999999999999999E-01,  9.8215782040390520E-01,  1.1556616200000000E-01,  8.5452700000000000E-04,0
1083,  1.6250000000000001E-01,45,  8.1250000000000000E-01,  4.3750000000000000E-01,3,  2.0286033778480334E-01,51,2,495,495,0,  9.7443890635435659E-01,  9.8999999999999999E-01,  9.8999999999999999E-01,  9.8215782040390520E-01,  1.1636811200000000E-01,  9.7771500000000009E-04,0
1084,  1.6250000000000001E-01,45,  8.1250000000000000E-01,  4.3750000000000000E-01,4,  2.0286033778480334E-01,51,2,495,495,0,  9.7443890635435659E-01,  9.8999999999999999E-01,  9.8999999999999999E-01,  9.8215782040390520E-01,  1.1347415900000000E-01,  8.3461199999999998E-04,0
1085,  1.6250000000000001E-01,45,  8.1250000000000000E-01,  4.3750000000000000E-01,5,  2.0286033778480334E-01,51,2,495,495,0,  9.7443890635435659E-01,  9.8999999999999999E-01,  9.8999999999999999E-01,  9.8215782040390520E-01,  1.1356673600000000E-01,  8.8339899999999999E-04,0
1086,  1.6250000000000001E-01,45,  8.1250000000000000E-01,  6.2500000000000000E-01,1,  2.0286033778480334E-01,51,2,495,495,0,  9.7443890635435659E-01,  9.8999999999999999E-01,  9.8999999999999999E-01,  9.8215782040390520E-01,  1.1633354999999999E-01,  8.4145100000000000E-04,0
1087,  1.6250000000000001E-01,45,  8.1250000000000000E-01,  6.2500000000000000E-01,2,  2.0286033778480334E-01,51,2,495,495,0,  9.7443890635435659E-01,  9.8999999999999999E-01,  9.8999999999999999E-01,  9.8215782040390520E-01,  1.1648228300000001E-01,  7.9715299999999999E-04,0
1088,  1.6250000000000001E-01,45,  8.1250000000000000E-01,  6.2500000000000000E-01,3,  2.0286033778480334E-01,51,2,495,495,0,  9.7443890635435659E-01,  9.8999999999999999E-01,  9.8999999999999999E-01,  9.8215782040390520E-01,  1.1569495400000000E-01,  8.0814400000000001E-04,0
1089,  1.6250000000000001E-01,45,  8.1250000000000000E-01,  6.2500000000000000E-01,4,  2.0286033778480334E-01,51,2,495,495,0,  9.7443890635435659E-01,  9.8999999999999999E-01,  9.8999999999999999E-01,  9.8215782040390520E-01,  1.1346386300000000E-01,  8.0617199999999997E-04,0
1090,  1.6250000000000001E-01,45,  8.1250000000000000E-01,  6.2500000000000000E-01,5,  2.0286033778480334E-01,51,2,495,495,0,  9.7443890635435659E-01,  9.8999999999999999E-01,  9.8999999999999999E-01,  9.8215782040390520E-01,  1.1531676700000000E-01,  8.1219799999999998E-04,0
1091,  1.6250000000000001E-01,45,  8.1250000000000000E-01,  8.1250000000000000E-01,1,  2.0286033778480334E-01,51,2,495,495,0,  9.7443890635435659E-01,  9.8999999999999999E-01,  9.8999999999999999E-01,  9.8215782040390520E-01,  1.1449161099999999E-01,  8.3566900000000004E-04,0
1092,  1.6250000000000001E-01,45,  8.1250000000000000E-01,  8.1250000000000000E-01,2,  2.0286033778480334E-01,51,2,495,495,0,  9.7443890635435659E-01,  9.8999999999999999E-01,  9.8999999999999999E-01,  9.8215782040390520E-01,  1.1855648300000000E-01,  8.1817499999999998E-04,0
1093,  1.6250000000000001E-01,45,  8.1250000000000000E-01,  8.1250000000000000E-01,3,  2.0286033778480334E-01,51,2,495,495,0,  9.7443890635435659E-01,  9.8999999999999999E-01,  9.8999999999999999E-01,  9.8215782040390520E-01,  1.2042645800000000E-01,  8.4971299999999999E-04,0
1094,  1.6250000000000001E-01,45,  8.1250000000000000E-01,  8.1250000000000000E-01,4,  2.0286033778480334E-01,51,2,495,495,0,  9.7443890635435659E-01,  9.8999999999999999E-01,  9.8999999999999999E-01,  9.8215782040390520E-01,  1.1821537300000000E-01,  1.1809080000000000E-03,0
1095,  1.6250000000000001E-01,45,  8.1250000000000000E-01,  8.1250000000000000E-01,5,  2.0286033778480334E-01,51,2,495,495,0,  9.7443890635435659E-01,  9.8999999999999999E-01,  9.8999999999999999E-01,  9.8215782040390520E-01,  1.1944398300000000E-01,  8.0063900000000002E-04,0
1096,  1.6250000000000001E-01,45,  8.1250000000000000E-01,  1.0000000000000000E+00,1,  2.0286033778480334E-01,51,2,495,495,0,  9.7443890635435659E-01,  9.8999999999999999E-01,  9.8999999999999999E-01,  9.8215782040390520E-01,  1.1501968600000000E-01,  8.3247099999999999E-04,0
1097,  1.6250000000000001E-01,45,  8.1250000000000000E-01,  1.0000000000000000E+00,2,  2.0286033778480334E-01,51,2,495,495,0,  9.7443890635435659E-01,  9.8999999999999999E-01,  9.8999999999999999E-01,  9.8215782040390520E-01,  1.1417232700000000E-01,  8.0784699999999999E-04,0
1098,  1.6250000000000001E-01,45,  8.1250000000000000E-01,  1.0000000000000000E+00,3,  2.0286033778480334E-01,51,2,495,495,0,  9.7443890635435659E-01,  9.8999999999999999E-01,  9.8999999999999999E-01,  9.8215782040390520E-01,  1.1728343700000000E-01,  1.0741780000000001E-03,0
1099,  1.6250000000000001E-01,45,  8.1250000000000000E-01,  1.0000000000000000E+00,4,  2.0286033778480334E-01,51,2,495,495,0,  9.7443890635435659E-01,  9.8999999999999999E-01,  9.8999999999999999E-01,  9.8215782040390520E-01,  1.1871252300000000E-01,  7.9046900000000002E-04,0
1100,  1.6250000000000001E-01,45,  8.1250000000000000E-01,  1.0000000000000000E+00,5,  2.0286033778480334E-01,51,2,495,495,0,  9.7443890635435659E-01,  9.8999999999999999E-01,  9.8999999999999999E-01,  9.8215782040390520E-01,  1.1542735400000000E-01,  8.4709800000000001E-04,0
1101,  1.6250000000000001E-01,45,  1.0000000000000000E+00,  2.5000000000000000E-01,1,  2.0286033778480334E-01,51,2,496,496,0,  9.7531068377347008E-01,  9.9199999999999999E-01,  9.9199999999999999E-01,  9.8358455152342161E-01,  1.4049782199999999E-01,  8.0755800000000000E-04,0
1102,  1.6250000000000001E-01,45,  1.0000000000000000E+00,  2.5000000000000000E-01,2,  2.0286033778480334E-01,51,3,497,496,1,  9.4566534689846682E-01,  9.9399999999999999E-01,  9.9199999999999999E-01,  9.6923044619024223E-01,  1.4368557300000001E-01,  8.0607599999999997E-04,0
1103,  1.6250000000000001E-01,45,  1.0000000000000000E+00,  2.5000000000000000E-01,3,  2.0286033778480334E-01,51,3,497,496,1,  9.4566534689846682E-01,  9.9399999999999999E-01,  9.9199999999999999E-01,  9.6923044619024223E-01,  1.4092536400000000E-01,  1.1237269999999999E-03,0
1104,  1.6250000000000001E-01,45,  1.0000000000000000E+00,  2.5000000000000000E-01,4,  2.0286033778480334E-01,51,3,497,496,1,  9.4566534689846682E-01,  9.9399999999999999E-01,  9.9199999999999999E-01,  9.6923044619024223E-01,  1.4432306000000000E-01,  8.6350399999999996E-04,0
1105,  1.6250000000000001E-01,45,  1.0000000000000000E+00,  2.5000000000000000E-01,5,  2.0286033778480334E-01,51,3,497,496,1,  9.4566534689846682E-01,  9.9399999999999999E-01,  9.9199999999999999E-01,  9.6923044619024223E-01,  1.4353103400000000E-01,  1.0710120000000001E-03,0
1106,  1.6250000000000001E-01,45,  1.0000000000000000E+00,  4.3750000000000000E-01,1,  2.0286033778480334E-01,51,2,496,496,0,  9.7531068377347008E-01,  9.9199999999999999E-01,  9.9199999999999999E-01,  9.8358455152342161E-01,  1.4520317499999999E-01,  9.0863300000000005E-04,0
1107,  1.6250000000000001E-01,45,  1.0000000000000000E+00,  4.3750000000000000E-01,2,  2.0286033778480334E-01,51,3,497,496,1,  9.4566534689846682E-01,  9.9399999999999999E-01,  9.9199999999999999E-01,  9.6923044619024223E-01,  1.4451937100000001E-01,  8.0358000000000003E-04,0
1108,  1.6250000000000001E-01,45,  1.0000000000000000E+00,  4.3750000000000000E-01,3,  2.0286033778480334E-01,51,3,497,496,1,  9.4566534689846682E-01,  9.9399999999999999E-01,  9.9199999999999999E-01,  9.6923044619024223E-01,  1.4145097600000001E-01,  7.8717200000000005E-04,0
1109,  1.6250000000000001E-01,45,  1.0000000000000000E+00,  4.3750000000000000E-01,4,  2.0286033778480334E-01,51,3,497,496,1,  9.4566534689846682E-01,  9.9399999999999999E-01,  9.9199999999999999E-01,  9.6923044619024223E-01,  1.4161795599999999E-01,  7.9865399999999999E-04,0
1110,  1.6250000000000001E-01,45,  1.0000000000000000E+00,  4.3750000000000000E-01,5,  2.0286033778480334E-01,51,3,497,496,1,  9.4566534689846682E-01,  9.9399999999999999E-01,  9.9199999999999999E-01,  9.6923044619024223E-01,  1.3911761900000000E-01,  8.0228500000000002E-04,0
1111,  1.6250000000000001E-01,45,  1.0000000000000000E+00,  6.2500000000000000E-01,1,  2.0286033778480334E-01,51,2,496,496,0,  9.7531068377347008E-01,  9.9199999999999999E-01,  9.9199999999999999E-01,  9.8358455152342161E-01,  1.4120408100000001E-01,  1.0800240000000000E-03,0
1112,  1.6250000000000001E-01,45,  1.0000000000000000E+00,  6.2500000000000000E-01,2,  2.0286033778480334E-01,51,3,497,496,1,  9.4566534689846682E-01,  9.9399999999999999E-01,  9.9199999999999999E-01,  9.6923044619024223E-01,  1.4182946299999999E-01,  8.3918899999999995E-04,0
1113,  1.6250000000000001E-01,45,  1.0000000000000000E+00,  6.2500000000000000E-01,3,  2.0286033778480334E-01,51,3,497,496,1,  9.4566534689846682E-01,  9.9399999999999999E-01,  9.9199999999999999E-01,  9.6923044619024223E-01,  1.4296022300000000E-01,  8.2786999999999997E-04,0
1114,  1.6250000000000001E-01,45,  1.0000000000000000E+00,  6.2500000000000000E-01,4,  2.0286033778480334E-01,51,3,497,496,1,  9.4566534689846682E-01,  9.9399999999999999E-01,  9.9199999999999999E-01,  9.6923044619024223E-01,  1.4345337499999999E-01,  8.3147600000000005E-04,0
1115,  1.6250000000000001E-01,45,  1.0000000000000000E+00,  6.2500000000000000E-01,5,  2.0286033778480334E-01,51,3,497,496,1,  9.4566534689846682E-01,  9.9399999999999999E-01,  9.9199999999999999E-01,  9.6923044619024223E-01,  1.4121820400000001E-01,  7.9656499999999995E-04,0
1116,  1.6250000000000001E-01,45,  1.0000000000000000E+00,  8.1250000000000000E-01,1,  2.0286033778480334E-01,51,2,496,496,0,  9.7531068377347008E-01,  9.9199999999999999E-01,  9.9199999999999999E-01,  9.8358455152342161E-01,  1.4357569400000000E-01,  8.1833399999999999E-04,0
1117,  1.6250000000000001E-01,45,  1.0000000000000000E+00,  8.1250000000000000E-01,2,  2.0286033778480334E-01,51,3,497,496,1,  9.4566534689846682E-01,  9.9399999999999999E-01,  9.9199999999999999E-01,  9.6923044619024223E-01,  1.4014029300000000E-01,  8.1280999999999996E-04,0
1118,  1.6250000000000001E-01,45,  1.0000000000000000E+00,  8.1250000000000000E-01,3,  2.0286033778480334E-01,51,3,497,496,1,  9.4566534689846682E-01,  9.9399999999999999E-01,  9.9199999999999999E-01,  9.6923044619024223E-01,  1.4343253000000000E-01,  8.7991899999999995E-04,0
1119,  1.6250000000000001E-01,45,  1.0000000000000000E+00,  8.1250000000000000E-01,4,  2.0286033778480334E-01,51,3,497,496,1,  9.4566534689846682E-01,  9.9399999999999999E-01,  9.9199999999999999E-01,  9.6923044619024223E-01,  1.4329321300000000E-01,  8.4252299999999997E-04,0
1120,  1.6250000000000001E-01,45,  1.0000000000000000E+00,  8.1250000000000000E-01,5,  2.0286033778480334E-01,51,3,497,496,1,  9.4566534689846682E-01,  9.9399999999999999E-01,  9.9199999999999999E-01,  9.6923044619024223E-01,  1.4186270500000001E-01,  9.4543399999999999E-04,0
1121,  1.6250000000000001E-01,45,  1.0000000000000000E+00,  1.0000000000000000E+00,1,  2.0286033778480334E-01,51,2,496,496,0,  9.7531068377347008E-01,  9.9199999999999999E-01,  9.9199999999999999E-01,  9.8358455152342161E-01,  1.4671171999999999E-01,  8.4316800000000004E-04,0
1122,  1.6250000000000001E-01,45,  1.0000000000000000E+00,  1.0000000000000000E+00,2,  2.0286033778480334E-01,51,3,497,496,1,  9.4566534689846682E-01,  9.9399999999999999E-01,  9.9199999999999999E-01,  9.6923044619024223E-01,  1.4257549600000000E-01,  8.7927000000000003E-04,0
1123,  1.6250000000000001E-01,45,  1.0000000000000000E+00,  1.0000000000000000E+00,3,  2.0286033778480334E-01,51,3,497,496,1,  9.4566534689846682E-01,  9.9399999999999999E-01,  9.9199999999999999E-01,  9.6923044619024223E-01,  1.5417829899999999E-01,  8.2470899999999997E-04,0
1124,  1.6250000000000001E-01,45,  1.0000000000000000E+00,  1.0000000000000000E+00,4,  2.0286033778480334E-01,51,3,497,496,1,  9.4566534689846682E-01,  9.9399999999999999E-01,  9.9199999999999999E-01,  9.6923044619024223E-01,  1.4347067099999999E-01,  7.9284500000000003E-04,0
1125,  1.6250000000000001E-01,45,  1.0000000000000000E+00,  1.0000000000000000E+00,5,  2.0286033778480334E-01,51,3,497,496,1,  9.4566534689846682E-01,  9.9399999999999999E-01,  9.9199999999999999E-01,  9.6923044619024223E-01,  1.4167342299999999E-01,  8.2733199999999996E-04,0
1126,  1.6250000000000001E-01,55,  2.5000000000000000E-01,  2.5000000000000000E-01,1,  2.0286033778480334E-01,47,11,446,446,0,  4.9352649821435396E-01,  8.9200000000000002E-01,  8.9200000000000002E-01,  6.3546332311155362E-01,  6.4152206000000003E-02,  9.5532600000000005E-04,0
1127,  1.6250000000000001E-01,55,  2.5000000000000000E-01,  2.5000000000000000E-01,2,  2.0286033778480334E-01,47,12,447,446,1,  4.6824345343994245E-01,  8.9400000000000002E-01,  8.9200000000000002E-01,  6.1458859841570002E-01,  6.3052697000000005E-02,  8.0039800000000002E-04,0
1128,  1.6250000000000001E-01,55,  2.5000000000000000E-01,  2.5000000000000000E-01,3,  2.0286033778480334E-01,47,13,449,446,3,  4.4605589973985471E-01,  8.9800000000000002E-01,  8.9200000000000002E-01,  5.9604395627282847E-01,  5.6095628000000002E-02,  7.4620700000000003E-04,0
1129,  1.6250000000000001E-01,55,  2.5000000000000000E-01,  2.5000000000000000E-01,4,  2.0286033778480334E-01,47,13,449,446,3,  4.4605589973985471E-01,  8.9800000000000002E-01,  8.9200000000000002E-01,  5.9604395627282847E-01,  5.6018862000000003E-02,  8.7296800000000001E-04,0
1130,  1.6250000000000001E-01,55,  2.5000000000000000E-01,  2.5000000000000000E-01,5,  2.0286033778480334E-01,47,15,457,446,11,  3.4424466230377776E-01,  9.1400000000000003E-01,  8.9200000000000002E-01,  5.0012470669983178E-01,  5.4698706999999999E-02,  7.7877199999999995E-04,0
1131,  1.6250000000000001E-01,55,  2.5000000000000000E-01,  4.3750000000000000E-01,1,  2.0286033778480334E-01,47,11,446,446,0,  4.9352649821435396E-01,  8.9200000000000002E-01,  8.9200000000000002E-01,  6.3546332311155362E-01,  5.4265368000000001E-02,  7.4854999999999995E-04,0
1132,  1.6250000000000001E-01,55,  2.5000000000000000E-01,  4.3750000000000000E-01,2,  2.0286033778480334E-01,47,12,447,446,1,  4.6824345343994245E-01,  8.9400000000000002E-01,  8.9200000000000002E-01,  6.1458859841570002E-01,  5.2243645999999998E-02,  7.4291799999999996E-04,0
1133,  1.6250000000000001E-01,55,  2.5000000000000000E-01,  4.3750000000000000E-01,3,  2.0286033778480334E-01,47,13,449,446,3,  4.4605589973985471E-01,  8.9800000000000002E-01,  8.9200000000000002E-01,  5.9604395627282847E-01,  5.2819501999999997E-02,  8.7021699999999995E-04,0
1134,  1.6250000000000001E-01,55,  2.5000000000000000E-01,  4.3750000000000000E-01,4,  2.0286033778480334E-01,47,13,449,446,3,  4.4605589973985471E-01,  8.9800000000000002E-01,  8.9200000000000002E-01,  5.9604395627282847E-01,  5.3650294000000001E-02,  9.0350200000000004E-04,0
1135,  1.6250000000000001E-01,55,  2.5000000000000000E-01,  4.3750000000000000E-01,5,  2.0286033778480334E-01,47,15,457,446,11,  3.4424466230377776E-01,  9.1400000000000003E-01,  8.9200000000000002E-01,  5.0012470669983178E-01,  5.5393877000000001E-02,  7.8136199999999996E-04,0
1136,  1.6250000000000001E-01,55,  2.5000000000000000E-01,  6.2500000000000000E-01,1,  2.0286033778480334E-01,47,11,446,446,0,  4.9352649821435396E-01,  8.9200000000000002E-01,  8.9200000000000002E-01,  6.3546332311155362E-01,  5.2785351000000001E-02,  7.5386599999999995E-04,0
1137,  1.6250000000000001E-01,55,  2.5000000000000000E-01,  6.2500000000000000E-01,2,  2.0286033778480334E-01,47,12,447,446,1,  4.6824345343994245E-01,  8.9400000000000002E-01,  8.9200000000000002E-01,  6.1458859841570002E-01,  5.3868886999999997E-02,  9.0435600000000004E-04,0
1138,  1.6250000000000001E-01,55,  2.5000000000000000E-01,  6.2500000000000000E-01,3,  2.0286033778480334E-01,47,13,449,446,3,  4.4605589973985471E-01,  8.9800000000000002E-01,  8.9200000000000002E-01,  5.9604395627282847E-01,  5.5950287000000001E-02,  7.7195900000000001E-04,0
1139,  1.6250000000000001E-01,55,  2.5000000000000000E-01,  6.2500000000000000E-01,4,  2.0286033778480334E-01,47,13,449,446,3,  4.4605589973985471E-01,  8.9800000000000002E-01,  8.9200000000000002E-01,  5.9604395627282847E-01,  5.3956693999999999E-02,  7.7255800000000001E-04,0
1140,  1.6250000000000001E-01,55,  2.5000000000000000E-01,  6.2500000000000000E-01,5,  2.0286033778480334E-01,47,15,457,446,11,  3.4424466230377776E-01,  9.1400000000000003E-01,  8.9200000000000002E-01,  5.0012470669983178E-01,  5.2302158000000001E-02,  8.0904100000000004E-04,0
1141,  1.6250000000000001E-01,55,  2.5000000000000000E-01,  8.1250000000000000E-01,1,  2.0286033778480334E-01,47,11,446,446,0,  4.9352649821435396E-01,  8.9200000000000002E-01,  8.9200000000000002E-01,  6.3546332311155362E-01,  5.2896064000000000E-02,  7.6612600000000000E-04,0
1142,  1.6250000000000001E-01,55,  2.5000000000000000E-01,  8.1250000000000000E-01,2,  2.0286033778480334E-01,47,12,447,446,1,  4.6824345343994245E-01,  8.9400000000000002E-01,  8.9200000000000002E-01,  6.1458859841570002E-01,  5.5466487000000002E-02,  7.4209099999999995E-04,0
1143,  1.6250000000000001E-01,55,  2.5000000000000000E-01,  8.1250000000000000E-01,3,  2.0286033778480334E-01,47,13,449,446,3,  4.4605589973985471E-01,  8.9800000000000002E-01,  8.9200000000000002E-01,  5.9604395627282847E-01,  5.2664000000000002E-02,  7.7663899999999998E-04,0
1144,  1.6250000000000001E-01,55,  2.5000000000000000E-01,  8.1250000000000000E-01,4,  2.0286033778480334E-01,47,13,449,446,3,  4.4605589973985471E-01,  8.9800000000000002E-01,  8.9200000000000002E-01,  5.9604395627282847E-01,  5.1739966999999998E-02,  7.7461999999999995E-04,0
1145,  1.6250000000000001E-01,55,  2.5000000000000000E-01,  8.1250000000000000E-01,5,  2.0286033778480334E-01,47,15,457,446,11,  3.4424466230377776E-01,  9.1400000000000003E-01,  8.9200000000000002E-01,  5.0012470669983178E-01,  5.6065398000000002E-02,  1.0456010000000000E-03,0
1146,  1.6250000000000001E-01,55,  2.5000000000000000E-01,  1.0000000000000000E+00,1,  2.0286033778480334E-01,47,11,446,446,0,  4.9352649821435396E-01,  8.9200000000000002E-01,  8.9200000000000002E-01,  6.3546332311155362E-01,  5.4278486000000001E-02,  7.9253600000000004E-04,0
1147,  1.6250000000000001E-01,55,  2.5000000000000000E-01,  1.0000000000000000E+00,2,  2.0286033778480334E-01,47,12,447,446,1,  4.6824345343994245E-01,  8.9400000000000002E-01,  8.9200000000000002E-01,  6.1458859841570002E-01,  5.4502162999999999E-02,  7.8695999999999996E-04,0
1148,  1.6250000000000001E-01,55,  2.5000000000000000E-01,  1.0000000000000000E+00,3,  2.0286033778480334E-01,47,13,449,446,3,  4.4605589973985471E-01,  8.9800000000000002E-01,  8.9200000000000002E-01,  5.9604395627282847E-01,  5.5194274000000002E-02,  7.6089899999999999E-04,0
1149,  1.6250000000000001E-01,55,  2.5000000000000000E-01,  1.0000000000000000E+00,4,  2.0286033778480334E-01,47,13,449,446,3,  4.4605589973985471E-01,  8.9800000000000002E-01,  8.9200000000000002E-01,  5.9604395627282847E-01,  5.3422951000000003E-02,  7.4305400000000005E-04,0
1150,  1.6250000000000001E-01,55,  2.5000000000000000E-01,  1.0000000000000000E+00,5,  2.0286033778480334E-01,47,15,457,446,11,  3.4424466230377776E-01,  9.1400000000000003E-01,  8.9200000000000002E-01,  5.0012470669983178E-01,  5.4474766000000001E-02,  7.9440600000000000E-04,0
1151,  1.6250000000000001E-01,55,  4.3750000000000000E-01,  2.5000000000000000E-01,1,  2.0286033778480334E-01,47,6,484,484,0,  8.1628224018694417E-01,  9.6799999999999997E-01,  9.6799999999999997E-01,  8.8569082929186649E-01,  6.0325186000000003E-02,  7.8356400000000005E-04,0
1152,  1.6250000000000001E-01,55,  4.3750000000000000E-01,  2.5000000000000000E-01,2,  2.0286033778480334E-01,47,6,484,484,0,  8.1628224018694417E-01,  9.6799999999999997E-01,  9.6799999999999997E-01,  8.8569082929186649E-01,  6.1484022999999999E-02,  8.9492000000000000E-04,0
1153,  1.6250000000000001E-01,55,  4.3750000000000000E-01,  2.5000000000000000E-01,3,  2.0286033778480334E-01,47,8,488,484,4,  6.8819853119702090E-01,  9.7599999999999998E-01,  9.6799999999999997E-01,  8.0721350711103756E-01,  6.1593727000000001E-02,  8.1124200000000000E-04,0
1154,  1.6250000000000001E-01,55,  4.3750000000000000E-01,  2.5000000000000000E-01,4,  2.0286033778480334E-01,47,8,488,484,4,  6.8819853119702090E-01,  9.7599999999999998E-01,  9.6799999999999997E-01,  8.0721350711103756E-01,  6.0265367000000000E-02,  8.1824800000000004E-04,0
1155,  1.6250000000000001E-01,55,  4.3750000000000000E-01,  2.5000000000000000E-01,5,  2.0286033778480334E-01,47,9,492,484,8,  6.3016044372799296E-01,  9.8399999999999999E-01,  9.6799999999999997E-01,  7.6829769808537840E-01,  6.3078653999999998E-02,  9.9071699999999990E-04,0
1156,  1.6250000000000001E-01,55,  4.3750000000000000E-01,  4.3750000000000000E-01,1,  2.0286033778480334E-01,47,6,484,484,0,  8.1628224018694417E-01,  9.6799999999999997E-01,  9.6799999999999997E-01,  8.8569082929186649E-01,  7.0438766999999999E-02,  8.6807699999999998E-04,0
1157,  1.6250000000000001E-01,55,  4.3750000000000000E-01,  4.3750000000000000E-01,2,  2.0286033778480334E-01,47,6,484,484,0,  8.1628224018694417E-01,  9.6799999999999997E-01,  9.6799999999999997E-01,  8.8569082929186649E-01,  6.3896218000000005E-02,  8.5382500000000000E-04,0
1158,  1.6250000000000001E-01,55,  4.3750000000000000E-01,  4.3750000000000000E-01,3,  2.0286033778480334E-01,47,8,488,484,4,  6.8819853119702090E-01,  9.7599999999999998E-01,  9.6799999999999997E-01,  8.0721350711103756E-01,  6.2655422000000002E-02,  8.1181000000000005E-04,0
1159,  1.6250000000000001E-01,55,  4.3750000000000000E-01,  4.3750000000000000E-01,4,  2.0286033778480334E-01,47,8,488,484,4,  6.8819853119702090E-01,  9.7599999999999998E-01,  9.6799999999999997E-01,  8.0721350711103756E-01,  6.0548188000000003E-02,  8.0099100000000003E-04,0
1160,  1.6250000000000001E-01,55,  4.3750000000000000E-01,  4.3750000000000000E-01,5,  2.0286033778480334E-01,47,9,492,484,8,  6.3016044372799296E-01,  9.8399999999999999E-01,  9.6799999999999997E-01,  7.6829769808537840E-01,  5.9161579999999998E-02,  7.9092500000000005E-04,0
1161,  1.6250000000000001E-01,55,  4.3750000000000000E-01,  6.2500000000000000E-01,1,  2.0286033778480334E-01,47,6,484,484,0,  8.1628224018694417E-01,  9.6799999999999997E-01,  9.6799999999999997E-01,  8.8569082929186649E-01,  6.0231432000000001E-02,  8.0638100000000000E-04,0
1162,  1.6250000000000001E-01,55,  4.3750000000000000E-01,  6.2500000000000000E-01,2,  2.0286033778480334E-01,47,6,484,484,0,  8.1628224018694417E-01,  9.6799999999999997E-01,  9.6799999999999997E-01,  8.8569082929186649E-01,  6.2419440999999999E-02,  8.0355599999999998E-04,0
1163,  1.6250000000000001E-01,55,  4.3750000000000000E-01,  6.2500000000000000E-01,3,  2.0286033778480334E-01,47,8,488,484,4,  6.8819853119702090E-01,  9.7599999999999998E-01,  9.6799999999999997E-01,  8.0721350711103756E-01,  6.0010576000000003E-02,  8.6767400000000003E-04,0
1164,  1.6250000000000001E-01,55,  4.3750000000000000E-01,  6.2500000000000000E-01,4,  2.0286033778480334E-01,47,8,488,484,4,  6.8819853119702090E-01,  9.7599999999999998E-01,  9.6799999999999997E-01,  8.0721350711103756E-01,  6.0462900000000000E-02,  8.0182500000000004E-04,0
1165,  1.6250000000000001E-01,55,  4.3750000000000000E-01,  6.2500000000000000E-01,5,  2.0286033778480334E-01,47,9,492,484,8,  6.3016044372799296E-01,  9.8399999999999999E-01,  9.6799999999999997E-01,  7.6829769808537840E-01,  6.2769324000000001E-02,  8.1640499999999997E-04,0
1166,  1.6250000000000001E-01,55,  4.3750000000000000E-01,  8.1250000000000000E-01,1,  2.0286033778480334E-01,47,6,484,484,0,  8.1628224018694417E-01,  9.6799999999999997E-01,  9.6799999999999997E-01,  8.8569082929186649E-01,  5.9398378000000002E-02,  8.0092599999999998E-04,0
1167,  1.6250000000000001E-01,55,  4.3750000000000000E-01,  8.1250000000000000E-01,2,  2.0286033778480334E-01,47,6,484,484,0,  8.1628224018694417E-01,  9.6799999999999997E-01,  9.6799999999999997E-01,  8.8569082929186649E-01,  6.0748343000000003E-02,  7.8120299999999995E-04,0
1168,  1.6250000000000001E-01,55,  4.3750000000000000E-01,  8.1250000000000000E-01,3,  2.0286033778480334E-01,47,8,488,484,4,  6.8819853119702090E-01,  9.7599999999999998E-01,  9.6799999999999997E-01,  8.0721350711103756E-01,  6.2532198999999997E-02,  8.6235000000000001E-04,0
1169,  1.6250000000000001E-01,55,  4.3750000000000000E-01,  8.1250000000000000E-01,4,  2.0286033778480334E-01,47,8,488,484,4,  6.8819853119702090E-01,  9.7599999999999998E-01,  9.6799999999999997E-01,  8.0721350711103756E-01,  6.3244666000000005E-02,  1.0760620000000000E-03,0
1170,  1.6250000000000001E-01,55,  4.3750000000000000E-01,  8.1250000000000000E-01,5,  2.0286033778480334E-01,47,9,492,484,8,  6.3016044372799296E-01,  9.8399999999999999E-01,  9.6799999999999997E-01,  7.6829769808537840E-01,  6.1892689000000001E-02,  7.9738300000000003E-04,0
1171,  1.6250000000000001E-01,55,  4.3750000000000000E-01,  1.0000000000000000E+00,1,  2.0286033778480334E-01,47,6,484,484,0,  8.1628224018694417E-01,  9.6799999999999997E-01,  9.6799999999999997E-01,  8.8569082929186649E-01,  6.0575338999999999E-02,  7.7338799999999996E-04,0
1172,  1.6250000000000001E-01,55,  4.3750000000000000E-01,  1.0000000000000000E+00,2,  2.0286033778480334E-01,47,6,484,484,0,  8.1628224018694417E-01,  9.6799999999999997E-01,  9.6799999999999997E-01,  8.8569082929186649E-01,  6.1942372000000002E-02,  8.6291799999999995E-04,0
1173,  1.6250000000000001E-01,55,  4.3750000000000000E-01,  1.0000000000000000E+00,3,  2.0286033778480334E-01,47,8,488,484,4,  6.8819853119702090E-01,  9.7599999999999998E-01,  9.6799999999999997E-01,  8.0721350711103756E-01,  5.9158974000000003E-02,  7.9897099999999999E-04,0
1174,  1.6250000000000001E-01,55,  4.3750000000000000E-01,  1.0000000000000000E+00,4,  2.0286033778480334E-01,47,8,488,484,4,  6.8819853119702090E-01,  9.7599999999999998E-01,  9.6799999999999997E-01,  8.0721350711103756E-01,  6.0297295000000001E-02,  8.0164099999999996E-04,0
1175,  1.6250000000000001E-01,55,  4.3750000000000000E-01,  1.0000000000000000E+00,5,  2.0286033778480334E-01,47,9,492,484,8,  6.3016044372799296E-01,  9.8399999999999999E-01,  9.6799999999999997E-01,  7.6829769808537840E-01,  5.9354828999999998E-02,  8.7530400000000003E-04,0
1176,  1.6250000000000001E-01,55,  6.2500000000000000E-01,  2.5000000000000000E-01,1,  2.0286033778480334E-01,47,3,494,494,0,  9.4145087729684773E-01,  9.8799999999999999E-01,  9.8799999999999999E-01,  9.6416392634201342E-01,  7.7188636000000005E-02,  8.0119900000000005E-04,0
1177,  1.6250000000000001E-01,55,  6.2500000000000000E-01,  2.5000000000000000E-01,2,  2.0286033778480334E-01,47,3,494,494,0,  9.4145087729684773E-01,  9.8799999999999999E-01,  9.8799999999999999E-01,  9.6416392634201342E-01,  7.6965950000000005E-02,  9.3847099999999997E-04,0
1178,  1.6250000000000001E-01,55,  6.2500000000000000E-01,  2.5000000000000000E-01,3,  2.0286033778480334E-01,47,3,494,494,0,  9.4145087729684773E-01,  9.8799999999999999E-01,  9.8799999999999999E-01,  9.6416392634201342E-01,  7.7530217999999998E-02,  8.4189800000000000E-04,0
1179,  1.6250000000000001E-01,55,  6.2500000000000000E-01,  2.5000000000000000E-01,4,  2.0286033778480334E-01,47,4,497,494,3,  8.4041851827996461E-01,  9.9399999999999999E-01,  9.8799999999999999E-01,  9.1078017240424713E-01,  7.4628003999999998E-02,  7.9250100000000003E-04,0
1180,  1.6250000000000001E-01,55,  6.2500000000000000E-01,  2.5000000000000000E-01,5,  2.0286033778480334E-01,47,4,497,494,3,  8.4041851827996461E-01,  9.9399999999999999E-01,  9.8799999999999999E-01,  9.1078017240424713E-01,  7.8573534000000000E-02,  7.9804200000000000E-04,0
1181,  1.6250000000000001E-01,55,  6.2500000000000000E-01,  4.3750000000000000E-01,1,  2.0286033778480334E-01,47,3,494,494,0,  9.4145087729684773E-01,  9.8799999999999999E-01,  9.8799999999999999E-01,  9.6416392634201342E-01,  7.7022067000000000E-02,  1.0196599999999999E-03,0
1182,  1.6250000000000001E-01,55,  6.2500000000000000E-01,  4.3750000000000000E-01,2,  2.0286033778480334E-01,47,3,494,494,0,  9.4145087729684773E-01,  9.8799999999999999E-01,  9.8799999999999999E-01,  9.6416392634201342E-01,  7.8299154999999995E-02,  8.1946700000000005E-04,0
1183,  1.6250000000000001E-01,55,  6.2500000000000000E-01,  4.3750000000000000E-01,3,  2.0286033778480334E-01,47,3,494,494,0,  9.4145087729684773E-01,  9.8799999999999999E-01,  9.8799999999999999E-01,  9.6416392634201342E-01,  7.6914821999999994E-02,  8.0641800000000004E-04,0
1184,  1.6250000000000001E-01,55,  6.2500000000000000E-01,  4.3750000000000000E-01,4,  2.0286033778480334E-01,47,4,497,494,3,  8.4041851827996461E-01,  9.9399999999999999E-01,  9.8799999999999999E-01,  9.1078017240424713E-01,  7.7837713000000003E-02,  8.0461100000000000E-04,0
1185,  1.6250000000000001E-01,55,  6.2500000000000000E-01,  4.3750000000000000E-01,5,  2.0286033778480334E-01,47,4,497,494,3,  8.4041851827996461E-01,  9.9399999999999999E-01,  9.8799999999999999E-01,  9.1078017240424713E-01,  7.6740590999999997E-02,  7.9671400000000002E-04,0
1186,  1.6250000000000001E-01,55,  6.2500000000000000E-01,  6.2500000000000000E-01,1,  2.0286033778480334E-01,47,3,494,494,0,  9.4145087729684773E-01,  9.8799999999999999E-01,  9.8799999999999999E-01,  9.6416392634201342E-01,  7.6849283000000004E-02,  7.9536299999999999E-04,0
1187,  1.6250000000000001E-01,55,  6.2500000000000000E-01,  6.2500000000000000E-01,2,  2.0286033778480334E-01,47,3,494,494,0,  9.4145087729684773E-01,  9.8799999999999999E-01,  9.8799999999999999E-01,  9.6416392634201342E-01,  7.4895792000000003E-02,  7.9766899999999998E-04,0
1188,  1.6250000000000001E-01,55,  6.2500000000000000E-01,  6.2500000000000000E-01,3,  2.0286033778480334E-01,47,3,494,494,0,  9.4145087729684773E-01,  9.8799999999999999E-01,  9.8799999999999999E-01,  9.6416392634201342E-01,  7.7348253000000006E-02,  8.0420199999999996E-04,0
1189,  1.6250000000000001E-01,55,  6.2500000000000000E-01,  6.2500000000000000E-01,4,  2.0286033778480334E-01,47,4,497,494,3,  8.4041851827996461E-01,  9.9399999999999999E-01,  9.8799999999999999E-01,  9.1078017240424713E-01,  7.7975823999999999E-02,  1.0621980000000001E-03,0
1190,  1.6250000000000001E-01,55,  6.2500000000000000E-01,  6.2500000000000000E-01,5,  2.0286033778480334E-01,47,4,497,494,3,  8.4041851827996461E-01,  9.9399999999999999E-01,  9.8799999999999999E-01,  9.1078017240424713E-01,  7.6513898999999996E-02,  8.4294399999999998E-04,0
1191,  1.6250000000000001E-01,55,  6.2500000000000000E-01,  8.1250000000000000E-01,1,  2.0286033778480334E-01,47,3,494,494,0,  9.4145087729684773E-01,  9.8799999999999999E-01,  9.8799999999999999E-01,  9.6416392634201342E-01,  7.8070417000000003E-02,  1.0891890000000000E-03,0
1192,  1.6250000000000001E-01,55,  6.2500000000000000E-01,  8.1250000000000000E-01,2,  2.0286033778480334E-01,47,3,494,494,0,  9.4145087729684773E-01,  9.8799999999999999E-01,  9.8799999999999999E-01,  9.6416392634201342E-01,  7.7379321000000001E-02,  9.3557799999999995E-04,0
1193,  1.6250000000000001E-01,55,  6.2500000000000000E-01,  8.1250000000000000E-01,3,  2.0286033778480334E-01,47,3,494,494,0,  9.4145087729684773E-01,  9.8799999999999999E-01,  9.8799999999999999E-01,  9.6416392634201342E-01,  7.7226828999999997E-02,  8.1300199999999995E-04,0
1194,  1.6250000000000001E-01,55,  6.2500000000000000E-01,  8.1250000000000000E-01,4,  2.0286033778480334E-01,47,4,497,494,3,  8.4041851827996461E-01,  9.9399999999999999E-01,  9.8799999999999999E-01,  9.1078017240424713E-01,  7.5545107000000000E-02,  8.0781600000000005E-04,0
1195,  1.6250000000000001E-01,55,  6.2500000000000000E-01,  8.1250000000000000E-01,5,  2.0286033778480334E-01,47,4,497,494,3,  8.4041851827996461E-01,  9.9399999999999999E-01,  9.8799999999999999E-01,  9.1078017240424713E-01,  7.7690526999999995E-02,  8.0233300000000002E-04,0
1196,  1.6250000000000001E-01,55,  6.2500000000000000E-01,  1.0000000000000000E+00,1,  2.0286033778480334E-01,47,3,494,494,0,  9.4145087729684773E-01,  9.8799999999999999E-01,  9.8799999999999999E-01,  9.6416392634201342E-01,  7.7318118000000005E-02,  7.9323399999999997E-04,0
1197,  1.6250000000000001E-01,55,  6.2500000000000000E-01,  1.0000000000000000E+00,2,  2.0286033778480334E-01,47,3,494,494,0,  9.4145087729684773E-01,  9.8799999999999999E-01,  9.8799999999999999E-01,  9.6416392634201342E-01,  7.8072215000000000E-02,  8.5169100000000001E-04,0
1198,  1.6250000000000001E-01,55,  6.2500000000000000E-01,  1.0000000000000000E+00,3,  2.0286033778480334E-01,47,3,494,494,0,  9.4145087729684773E-01,  9.8799999999999999E-01,  9.8799999999999999E-01,  9.6416392634201342E-01,  7.7084637999999997E-02,  8.1395500000000000E-04,0
1199,  1.6250000000000001E-01,55,  6.2500000000000000E-01,  1.0000000000000000E+00,4,  2.0286033778480334E-01,47,4,497,494,3,  8.4041851827996461E-01,  9.9399999999999999E-01,  9.8799999999999999E-01,  9.1078017240424713E-01,  7.8253180000000006E-02,  8.3039599999999996E-04,0
1200,  1.6250000000000001E-01,55,  6.2500000000000000E-01,  1.0000000000000000E+00,5,  2.0286033778480334E-01,47,4,497,494,3,  8.4041851827996461E-01,  9.9399999999999999E-01,  9.8799999999999999E-01,  9.1078017240424713E-01,  7.7335866000000003E-02,  8.3046200000000002E-04,0
1201,  1.6250000000000001E-01,55,  8.1250000000000000E-01,  2.5000000000000000E-01,1,  2.0286033778480334E-01,47,2,498,498,0,  9.9651121193197378E-01,  9.9600000000000000E-01,  9.9600000000000000E-01,  9.9625554038601982E-01,  1.0564605500000000E-01,  7.8874200000000005E-04,0
1202,  1.6250000000000001E-01,55,  8.1250000000000000E-01,  2.5000000000000000E-01,2,  2.0286033778480334E-01,47,2,498,498,0,  9.9651121193197378E-01,  9.9600000000000000E-01,  9.9600000000000000E-01,  9.9625554038601982E-01,  1.0272280200000000E-01,  8.0278900000000004E-04,0
1203,  1.6250000000000001E-01,55,  8.1250000000000000E-01,  2.5000000000000000E-01,3,  2.0286033778480334E-01,47,2,498,498,0,  9.9651121193197378E-01,  9.9600000000000000E-01,  9.9600000000000000E-01,  9.9625554038601982E-01,  1.0569928600000000E-01,  8.8510900000000003E-04,0
1204,  1.6250000000000001E-01,55,  8.1250000000000000E-01,  2.5000000000000000E-01,4,  2.0286033778480334E-01,47,2,498,498,0,  9.9651121193197378E-01,  9.9600000000000000E-01,  9.9600000000000000E-01,  9.9625554038601982E-01,  1.0399441000000000E-01,  7.8577499999999995E-04,0
1205,  1.6250000000000001E-01,55,  8.1250000000000000E-01,  2.5000000000000000E-01,5,  2.0286033778480334E-01,47,2,498,498,0,  9.9651121193197378E-01,  9.9600000000000000E-01,  9.9600000000000000E-01,  9.9625554038601982E-01,  1.0378217200000001E-01,  7.8825399999999995E-04,0
1206,  1.6250000000000001E-01,55,  8.1250000000000000E-01,  4.3750000000000000E-01,1,  2.0286033778480334E-01,47,2,498,498,0,  9.9651121193197378E-01,  9.9600000000000000E-01,  9.9600000000000000E-01,  9.9625554038601982E-01,  1.0230476099999999E-01,  8.1156700000000002E-04,0
1207,  1.6250000000000001E-01,55,  8.1250000000000000E-01,  4.3750000000000000E-01,2,  2.0286033778480334E-01,47,2,498,498,0,  9.9651121193197378E-01,  9.9600000000000000E-01,  9.9600000000000000E-01,  9.9625554038601982E-01,  1.0302289400000000E-01,  8.0522700000000005E-04,0
1208,  1.6250000000000001E-01,55,  8.1250000000000000E-01,  4.3750000000000000E-01,3,  2.0286033778480334E-01,47,2,498,498,0,  9.9651121193197378E-01,  9.9600000000000000E-01,  9.9600000000000000E-01,  9.9625554038601982E-01,  1.0104083799999999E-01,  1.0975970000000001E-03,0
1209,  1.6250000000000001E-01,55,  8.1250000000000000E-01,  4.3750000000000000E-01,4,  2.0286033778480334E-01,47,2,498,498,0,  9.9651121193197378E-01,  9.9600000000000000E-01,  9.9600000000000000E-01,  9.9625554038601982E-01,  1.0295580100000000E-01,  8.3979699999999998E-04,0
1210,  1.6250000000000001E-01,55,  8.1250000000000000E-01,  4.3750000000000000E-01,5,  2.0286033778480334E-01,47,2,498,498,0,  9.9651121193197378E-01,  9.9600000000000000E-01,  9.9600000000000000E-01,  9.9625554038601982E-01,  1.0316454300000000E-01,  9.0421999999999996E-04,0
1211,  1.6250000000000001E-01,55,  8.1250000000000000E-01,  6.2500000000000000E-01,1,  2.0286033778480334E-01,47,2,498,498,0,  9.9651121193197378E-01,  9.9600000000000000E-01,  9.9600000000000000E-01,  9.9625554038601982E-01,  1.0571058000000000E-01,  8.4916199999999999E-04,0
1212,  1.6250000000000001E-01,55,  8.1250000000000000E-01,  6.2500000000000000E-01,2,  2.0286033778480334E-01,47,2,498,498,0,  9.9651121193197378E-01,  9.9600000000000000E-01,  9.9600000000000000E-01,  9.9625554038601982E-01,  1.0394047100000001E-01,  8.6518800000000002E-04,0
1213,  1.6250000000000001E-01,55,  8.1250000000000000E-01,  6.2500000000000000E-01,3,  2.0286033778480334E-01,47,2,498,498,0,  9.9651121193197378E-01,  9.9600000000000000E-01,  9.9600000000000000E-01,  9.9625554038601982E-01,  1.0089683300000001E-01,  8.1916800000000000E-04,0
1214,  1.6250000000000001E-01,55,  8.1250000000000000E-01,  6.2500000000000000E-01,4,  2.0286033778480334E-01,47,2,498,498,0,  9.9651121193197378E-01,  9.9600000000000000E-01,  9.9600000000000000E-01,  9.9625554038601982E-01,  1.0299723500000001E-01,  9.0661900000000000E-04,0
1215,  1.6250000000000001E-01,55,  8.1250000000000000E-01,  6.2500000000000000E-01,5,  2.0286033778480334E-01,47,2,498,498,0,  9.9651121193197378E-01,  9.9600000000000000E-01,  9.9600000000000000E-01,  9.9625554038601982E-01,  1.0381180100000000E-01,  8.4412400000000002E-04,0
1216,  1.6250000000000001E-01,55,  8.1250000000000000E-01,  8.1250000000000000E-01,1,  2.0286033778480334E-01,47,2,498,498,0,  9.9651121193197378E-01,  9.9600000000000000E-01,  9.9600000000000000E-01,  9.9625554038601982E-01,  1.0015261400000000E-01,  8.3594799999999999E-04,0
1217,  1.6250000000000001E-01,55,  8.1250000000000000E-01,  8.1250000000000000E-01,2,  2.0286033778480334E-01,47,2,498,498,0,  9.9651121193197378E-01,  9.9600000000000000E-01,  9.9600000000000000E-01,  9.9625554038601982E-01,  1.0513325200000000E-01,  8.2280999999999999E-04,0
1218,  1.6250000000000001E-01,55,  8.1250000000000000E-01,  8.1250000000000000E-01,3,  2.0286033778480334E-01,47,2,498,498,0,  9.9651121193197378E-01,  9.9600000000000000E-01,  9.9600000000000000E-01,  9.9625554038601982E-01,  1.0159875400000000E-01,  8.3354800000000004E-04,0
1219,  1.6250000000000001E-01,55,  8.1250000000000000E-01,  8.1250000000000000E-01,4,  2.0286033778480334E-01,47,2,498,498,0,  9.9651121193197378E-01,  9.9600000000000000E-01,  9.9600000000000000E-01,  9.9625554038601982E-01,  9.9619167999999994E-02,  8.8663700000000002E-04,0
1220,  1.6250000000000001E-01,55,  8.1250000000000000E-01,  8.1250000000000000E-01,5,  2.0286033778480334E-01,47,2,498,498,0,  9.9651121193197378E-01,  9.9600000000000000E-01,  9.9600000000000000E-01,  9.9625554038601982E-01,  1.0327403200000000E-01,  8.3704799999999996E-04,0
1221,  1.6250000000000001E-01,55,  8.1250000000000000E-01,  1.0000000000000000E+00,1,  2.0286033778480334E-01,47,2,498,498,0,  9.9651121193197378E-01,  9.9600000000000000E-01,  9.9600000000000000E-01,  9.9625554038601982E-01,  1.0308719900000000E-01,  9.8077400000000001E-04,0
1222,  1.6250000000000001E-01,55,  8.1250000000000000E-01,  1.0000000000000000E+00,2,  2.0286033778480334E-01,47,2,498,498,0,  9.9651121193197378E-01,  9.9600000000000000E-01,  9.9600000000000000E-01,  9.9625554038601982E-01,  1.0539812300000000E-01,  8.1364899999999995E-04,0
1223,  1.6250000000000001E-01,55,  8.1250000000000000E-01,  1.0000000000000000E+00,3,  2.0286033778480334E-01,47,2,498,498,0,  9.9651121193197378E-01,  9.9600000000000000E-01,  9.9600000000000000E-01,  9.9625554038601982E-01,  1.0306493100000000E-01,  7.7788200000000003E-04,0
1224,  1.6250000000000001E-01,55,  8.1250000000000000E-01,  1.0000000000000000E+00,4,  2.0286033778480334E-01,47,2,498,498,0,  9.9651121193197378E-01,  9.9600000000000000E-01,  9.9600000000000000E-01,  9.9625554038601982E-01,  1.0205815300000000E-01,  8.1949599999999996E-04,0
1225,  1.6250000000000001E-01,55,  8.1250000000000000E-01,  1.0000000000000000E+00,5,  2.0286033778480334E-01,47,2,498,498,0,  9.9651121193197378E-01,  9.9600000000000000E-01,  9.9600000000000000E-01,  9.9625554038601982E-01,  1.0335862500000000E-01,  8.2277499999999998E-04,0
1226,  1.6250000000000001E-01,55,  1.0000000000000000E+00,  2.5000000000000000E-01,1,  2.0286033778480334E-01,47,2,499,499,0,  9.9742143261542360E-01,  9.9800000000000000E-01,  9.9800000000000000E-01,  9.9771063243063873E-01,  1.3017179600000001E-01,  8.0260699999999999E-04,0
1227,  1.6250000000000001E-01,55,  1.0000000000000000E+00,  2.5000000000000000E-01,2,  2.0286033778480334E-01,47,2,499,499,0,  9.9742143261542360E-01,  9.9800000000000000E-01,  9.9800000000000000E-01,  9.9771063243063873E-01,  1.3380798199999999E-01,  8.2030700000000005E-04,0
1228,  1.6250000000000001E-01,55,  1.0000000000000000E+00,  2.5000000000000000E-01,3,  2.0286033778480334E-01,47,2,499,499,0,  9.9742143261542360E-01,  9.9800000000000000E-01,  9.9800000000000000E-01,  9.9771063243063873E-01,  1.2921555700000001E-01,  8.1926299999999998E-04,0
1229,  1.6250000000000001E-01,55,  1.0000000000000000E+00,  2.5000000000000000E-01,4,  2.0286033778480334E-01,47,2,499,499,0,  9.9742143261542360E-01,  9.9800000000000000E-01,  9.9800000000000000E-01,  9.9771063243063873E-01,  1.3047248700000000E-01,  9.6407700000000003E-04,0
1230,  1.6250000000000001E-01,55,  1.0000000000000000E+00,  2.5000000000000000E-01,5,  2.0286033778480334E-01,47,2,499,499,0,  9.9742143261542360E-01,  9.9800000000000000E-01,  9.9800000000000000E-01,  9.9771063243063873E-01,  1.3295540800000000E-01,  7.9092500000000005E-04,0
1231,  1.6250000000000001E-01,55,  1.0000000000000000E+00,  4.3750000000000000E-01,1,  2.0286033778480334E-01,47,2,499,499,0,  9.9742143261542360E-01,  9.9800000000000000E-01,  9.9800000000000000E-01,  9.9771063243063873E-01,  1.3509123600000000E-01,  7.9868599999999995E-04,0
1232,  1.6250000000000001E-01,55,  1.0000000000000000E+00,  4.3750000000000000E-01,2,  2.0286033778480334E-01,47,2,499,499,0,  9.9742143261542360E-01,  9.9800000000000000E-01,  9.9800000000000000E-01,  9.9771063243063873E-01,  1.3199731300000001E-01,  8.1340299999999998E-04,0
1233,  1.6250000000000001E-01,55,  1.0000000000000000E+00,  4.3750000000000000E-01,3,  2.0286033778480334E-01,47,2,499,499,0,  9.9742143261542360E-01,  9.9800000000000000E-01,  9.9800000000000000E-01,  9.9771063243063873E-01,  1.3214856999999999E-01,  8.4962899999999997E-04,0
1234,  1.6250000000000001E-01,55,  1.0000000000000000E+00,  4.3750000000000000E-01,4,  2.0286033778480334E-01,47,2,499,499,0,  9.9742143261542360E-01,  9.9800000000000000E-01,  9.9800000000000000E-01,  9.9771063243063873E-01,  1.2981343600000000E-01,  7.8472000000000004E-04,0
1235,  1.6250000000000001E-01,55,  1.0000000000000000E+00,  4.3750000000000000E-01,5,  2.0286033778480334E-01,47,2,499,499,0,  9.9742143261542360E-01,  9.9800000000000000E-01,  9.9800000000000000E-01,  9.9771063243063873E-01,  1.3364600900000001E-01,  1.0971600000000000E-03,0
1236,  1.6250000000000001E-01,55,  1.0000000000000000E+00,  6.2500000000000000E-01,1,  2.0286033778480334E-01,47,2,499,499,0,  9.9742143261542360E-01,  9.9800000000000000E-01,  9.9800000000000000E-01,  9.9771063243063873E-01,  1.3978645400000000E-01,  8.2807099999999999E-04,0
1237,  1.6250000000000001E-01,55,  1.0000000000000000E+00,  6.2500000000000000E-01,2,  2.0286033778480334E-01,47,2,499,499,0,  9.9742143261542360E-01,  9.9800000000000000E-01,  9.9800000000000000E-01,  9.9771063243063873E-01,  1.3317326199999999E-01,  8.2761599999999999E-04,0
1238,  1.6250000000000001E-01,55,  1.0000000000000000E+00,  6.2500000000000000E-01,3,  2.0286033778480334E-01,47,2,499,499,0,  9.9742143261542360E-01,  9.9800000000000000E-01,  9.9800000000000000E-01,  9.9771063243063873E-01,  1.4233857400000000E-01,  8.6150500000000004E-04,0
1239,  1.6250000000000001E-01,55,  1.0000000000000000E+00,  6.2500000000000000E-01,4,  2.0286033778480334E-01,47,2,499,499,0,  9.9742143261542360E-01,  9.9800000000000000E-01,  9.9800000000000000E-01,  9.9771063243063873E-01,  1.3198157099999999E-01,  8.0276299999999996E-04,0
1240,  1.6250000000000001E-01,55,  1.0000000000000000E+00,  6.2500000000000000E-01,5,  2.0286033778480334E-01,47,2,499,499,0,  9.9742143261542360E-01,  9.9800000000000000E-01,  9.9800000000000000E-01,  9.9771063243063873E-01,  1.3219832000000001E-01,  8.8359799999999998E-04,0
1241,  1.6250000000000001E-01,55,  1.0000000000000000E+00,  8.1250000000000000E-01,1,  2.0286033778480334E-01,47,2,499,499,0,  9.9742143261542360E-01,  9.9800000000000000E-01,  9.9800000000000000E-01,  9.9771063243063873E-01,  1.3027084400000000E-01,  8.0440799999999995E-04,0
1242,  1.6250000000000001E-01,55,  1.0000000000000000E+00,  8.1250000000000000E-01,2,  2.0286033778480334E-01,47,2,499,499,0,  9.9742143261542360E-01,  9.9800000000000000E-01,  9.9800000000000000E-01,  9.9771063243063873E-01,  1.3217152300000001E-01,  8.4004700000000002E-04,0
1243,  1.6250000000000001E-01,55,  1.0000000000000000E+00,  8.1250000000000000E-01,3,  2.0286033778480334E-01,47,2,499,499,0,  9.9742143261542360E-01,  9.9800000000000000E-01,  9.9800000000000000E-01,  9.9771063243063873E-01,  1.3266022799999999E-01,  8.2456599999999999E-04,0
1244,  1.6250000000000001E-01,55,  1.0000000000000000E+00,  8.1250000000000000E-01,4,  2.0286033778480334E-01,47,2,499,499,0,  9.9742143261542360E-01,  9.9800000000000000E-01,  9.9800000000000000E-01,  9.9771063243063873E-01,  1.3081224999999999E-01,  7.9260200000000000E-04,0
1245,  1.6250000000000001E-01,55,  1.0000000000000000E+00,  8.1250000000000000E-01,5,  2.0286033778480334E-01,47,2,499,499,0,  9.9742143261542360E-01,  9.9800000000000000E-01,  9.9800000000000000E-01,  9.9771063243063873E-01,  1.2826548199999999E-01,  8.0955800000000004E-04,0
1246,  1.6250000000000001E-01,55,  1.0000000000000000E+00,  1.0000000000000000E+00,1,  2.0286033778480334E-01,47,2,499,499,0,  9.9742143261542360E-01,  9.9800000000000000E-01,  9.9800000000000000E-01,  9.9771063243063873E-01,  1.2866885100000000E-01,  9.3146899999999998E-04,0
1247,  1.6250000000000001E-01,55,  1.0000000000000000E+00,  1.0000000000000000E+00,2,  2.0286033778480334E-01,47,2,499,499,0,  9.9742143261542360E-01,  9.9800000000000000E-01,  9.9800000000000000E-01,  9.9771063243063873E-01,  1.2803419899999999E-01,  9.1472600000000004E-04,0
1248,  1.6250000000000001E-01,55,  1.0000000000000000E+00,  1.0000000000000000E+00,3,  2.0286033778480334E-01,47,2,499,499,0,  9.9742143261542360E-01,  9.9800000000000000E-01,  9.9800000000000000E-01,  9.9771063243063873E-01,  1.3079309100000000E-01,  8.2790600000000000E-04,0
1249,  1.6250000000000001E-01,55,  1.0000000000000000E+00,  1.0000000000000000E+00,4,  2.0286033778480334E-01,47,2,499,499,0,  9.9742143261542360E-01,  9.9800000000000000E-01,  9.9800000000000000E-01,  9.9771063243063873E-01,  1.3286113699999999E-01,  9.5160399999999999E-04,0
1250,  1.6250000000000001E-01,55,  1.0000000000000000E+00,  1.0000000000000000E+00,5,  2.0286033778480334E-01,47,2,499,499,0,  9.9742143261542360E-01,  9.9800000000000000E-01,  9.9800000000000000E-01,  9.9771063243063873E-01,  1.3041122499999999E-01,  8.1373199999999995E-04,0
1251,  2.7500000000000002E-01,15,  2.5000000000000000E-01,  2.5000000000000000E-01,1,  2.6275377975549868E-01,112,9,492,492,0,  5.7293141362663935E-01,  9.8399999999999999E-01,  9.8399999999999999E-01,  7.2419954543200837E-01,  1.4973932600000001E-01,  9.9240999999999999E-04,0
1252,  2.7500000000000002E-01,15,  2.5000000000000000E-01,  2.5000000000000000E-01,2,  2.6275377975549868E-01,112,10,493,492,1,  5.5353914928867898E-01,  9.8599999999999999E-01,  9.8399999999999999E-01,  7.0902984370460653E-01,  1.3798057000000000E-01,  9.8875999999999999E-04,0
1253,  2.7500000000000002E-01,15,  2.5000000000000000E-01,  2.5000000000000000E-01,3,  2.6275377975549868E-01,112,12,497,492,5,  4.3141341000086603E-01,  9.9399999999999999E-01,  9.8399999999999999E-01,  6.0168499402654041E-01,  1.3307811200000000E-01,  9.1987000000000004E-04,0
1254,  2.7500000000000002E-01,15,  2.5000000000000000E-01,  2.5000000000000000E-01,4,  2.6275377975549868E-01,112,12,497,492,5,  4.3141341000086603E-01,  9.9399999999999999E-01,  9.8399999999999999E-01,  6.0168499402654041E-01,  1.3382467600000000E-01,  9.5169700000000005E-04,0
1255,  2.7500000000000002E-01,15,  2.5000000000000000E-01,  2.5000000000000000E-01,5,  2.6275377975549868E-01,112,14,505,492,13,  3.9810244159391478E-01,  1.0100000000000000E+00,  9.8399999999999999E-01,  5.7109973554866056E-01,  1.4548047600000000E-01,  9.8964999999999990E-04,0
1256,  2.7500000000000002E-01,15,  2.5000000000000000E-01,  4.3750000000000000E-01,1,  2.6275377975549868E-01,112,9,492,492,0,  5.7293141362663935E-01,  9.8399999999999999E-01,  9.8399999999999999E-01,  7.2419954543200837E-01,  1.5265125500000001E-01,  9.5052600000000004E-04,0
1257,  2.7500000000000002E-01,15,  2.5000000000000000E-01,  4.3750000000000000E-01,2,  2.6275377975549868E-01,112,10,493,492,1,  5.5353914928867898E-01,  9.8599999999999999E-01,  9.8399999999999999E-01,  7.0902984370460653E-01,  1.3959101800000001E-01,  1.3968909999999999E-03,0
1258,  2.7500000000000002E-01,15,  2.5000000000000000E-01,  4.3750000000000000E-01,3,  2.6275377975549868E-01,112,12,497,492,5,  4.3141341000086603E-01,  9.9399999999999999E-01,  9.8399999999999999E-01,  6.0168499402654041E-01,  1.3557174699999999E-01,  1.0109139999999999E-03,0
1259,  2.7500000000000002E-01,15,  2.5000000000000000E-01,  4.3750000000000000E-01,4,  2.6275377975549868E-01,112,12,497,492,5,  4.3141341000086603E-01,  9.9399999999999999E-01,  9.8399999999999999E-01,  6.0168499402654041E-01,  1.3575697600000000E-01,  9.2617600000000002E-04,0
1260,  2.7500000000000002E-01,15,  2.5000000000000000E-01,  4.3750000000000000E-01,5,  2.6275377975549868E-01,112,14,505,492,13,  3.9810244159391478E-01,  1.0100000000000000E+00,  9.8399999999999999E-01,  5.7109973554866056E-01,  1.3880064700000000E-01,  1.0380470000000001E-03,0
1261,  2.7500000000000002E-01,15,  2.5000000000000000E-01,  6.2500000000000000E-01,1,  2.6275377975549868E-01,112,9,492,492,0,  5.7293141362663935E-01,  9.8399999999999999E-01,  9.8399999999999999E-01,  7.2419954543200837E-01,  1.3823758799999999E-01,  9.7448200000000004E-04,0
1262,  2.7500000000000002E-01,15,  2.5000000000000000E-01,  6.2500000000000000E-01,2,  2.6275377975549868E-01,112,10,493,492,1,  5.5353914928867898E-01,  9.8599999999999999E-01,  9.8399999999999999E-01,  7.0902984370460653E-01,  1.3421935900000001E-01,  9.7544199999999998E-04,0
1263,  2.7500000000000002E-01,15,  2.5000000000000000E-01,  6.2500000000000000E-01,3,  2.6275377975549868E-01,112,12,497,492,5,  4.3141341000086603E-01,  9.9399999999999999E-01,  9.8399999999999999E-01,  6.0168499402654041E-01,  1.3757861199999999E-01,  1.0017870000000001E-03,0
1264,  2.7500000000000002E-01,15,  2.5000000000000000E-01,  6.2500000000000000E-01,4,  2.6275377975549868E-01,112,12,497,492,5,  4.3141341000086603E-01,  9.9399999999999999E-01,  9.8399999999999999E-01,  6.0168499402654041E-01,  1.4051959999999999E-01,  9.3466999999999997E-04,0
1265,  2.7500000000000002E-01,15,  2.5000000000000000E-01,  6.2500000000000000E-01,5,  2.6275377975549868E-01,112,14,505,492,13,  3.9810244159391478E-01,  1.0100000000000000E+00,  9.8399999999999999E-01,  5.7109973554866056E-01,  1.3625629300000000E-01,  9.6480100000000005E-04,0
1266,  2.7500000000000002E-01,15,  2.5000000000000000E-01,  8.1250000000000000E-01,1,  2.6275377975549868E-01,112,9,492,492,0,  5.7293141362663935E-01,  9.8399999999999999E-01,  9.8399999999999999E-01,  7.2419954543200837E-01,  1.3424227899999999E-01,  9.5744099999999996E-04,0
1267,  2.7500000000000002E-01,15,  2.5000000000000000E-01,  8.1250000000000000E-01,2,  2.6275377975549868E-01,112,10,493,492,1,  5.5353914928867898E-01,  9.8599999999999999E-01,  9.8399999999999999E-01,  7.0902984370460653E-01,  1.3715409000000001E-01,  9.3541200000000005E-04,0
1268,  2.7500000000000002E-01,15,  2.5000000000000000E-01,  8.1250000000000000E-01,3,  2.6275377975549868E-01,112,12,497,492,5,  4.3141341000086603E-01,  9.9399999999999999E-01,  9.8399999999999999E-01,  6.0168499402654041E-01,  1.3248064800000001E-01,  9.2786400000000003E-04,0
1269,  2.7500000000000002E-01,15,  2.5000000000000000E-01,  8.1250000000000000E-01,4,  2.6275377975549868E-01,112,12,497,492,5,  4.3141341000086603E-01,  9.9399999999999999E-01,  9.8399999999999999E-01,  6.0168499402654041E-01,  1.3645102800000000E-01,  9.6379400000000002E-04,0
1270,  2.7500000000000002E-01,15,  2.5000000000000000E-01,  8.1250000000000000E-01,5,  2.6275377975549868E-01,112,14,505,492,13,  3.9810244159391478E-01,  1.0100000000000000E+00,  9.8399999999999999E-01,  5.7109973554866056E-01,  1.3814559000000001E-01,  9.9642400000000009E-04,0
1271,  2.7500000000000002E-01,15,  2.5000000000000000E-01,  1.0000000000000000E+00,1,  2.6275377975549868E-01,112,9,492,492,0,  5.7293141362663935E-01,  9.8399999999999999E-01,  9.8399999999999999E-01,  7.2419954543200837E-01,  1.3680223699999999E-01,  9.3625700000000002E-04,0
1272,  2.7500000000000002E-01,15,  2.5000000000000000E-01,  1.0000000000000000E+00,2,  2.6275377975549868E-01,112,10,493,492,1,  5.5353914928867898E-01,  9.8599999999999999E-01,  9.8399999999999999E-01,  7.0902984370460653E-01,  1.3500470700000000E-01,  9.1067199999999996E-04,0
1273,  2.7500000000000002E-01,15,  2.5000000000000000E-01,  1.0000000000000000E+00,3,  2.6275377975549868E-01,112,12,497,492,5,  4.3141341000086603E-01,  9.9399999999999999E-01,  9.8399999999999999E-01,  6.0168499402654041E-01,  1.3177109100000001E-01,  9.4515599999999995E-04,0
1274,  2.7500000000000002E-01,15,  2.5000000000000000E-01,  1.0000000000000000E+00,4,  2.6275377975549868E-01,112,12,497,492,5,  4.3141341000086603E-01,  9.9399999999999999E-01,  9.8399999999999999E-01,  6.0168499402654041E-01,  1.3937878800000000E-01,  1.1309549999999999E-03,0
1275,  2.7500000000000002E-01,15,  2.5000000000000000E-01,  1.0000000000000000E+00,5,  2.6275377975549868E-01,112,14,505,492,13,  3.9810244159391478E-01,  1.0100000000000000E+00,  9.8399999999999999E-01,  5.7109973554866056E-01,  1.3988812000000000E-01,  9.8504199999999999E-04,0
1276,  2.7500000000000002E-01,15,  4.3750000000000000E-01,  2.5000000000000000E-01,1,  2.6275377975549868E-01,112,1,497,497,0,  9.9842715352082412E-01,  9.9399999999999999E-01,  9.9399999999999999E-01,  9.9620865821464177E-01,  1.8091644400000001E-01,  9.1513900000000003E-04,0
1277,  2.7500000000000002E-01,15,  4.3750000000000000E-01,  2.5000000000000000E-01,2,  2.6275377975549868E-01,112,3,499,497,2,  8.4862644134199572E-01,  9.9800000000000000E-01,  9.9399999999999999E-01,  9.1727180928247121E-01,  1.7800095699999999E-01,  1.0256040000000001E-03,0
1278,  2.7500000000000002E-01,15,  4.3750000000000000E-01,  2.5000000000000000E-01,3,  2.6275377975549868E-01,112,4,501,497,4,  7.7793941759238250E-01,  1.0020000000000000E+00,  9.9399999999999999E-01,  8.7586722191021971E-01,  1.7920063800000000E-01,  1.0342420000000001E-03,0
1279,  2.7500000000000002E-01,15,  4.3750000000000000E-01,  2.5000000000000000E-01,4,  2.6275377975549868E-01,112,5,504,497,7,  7.1967463646221697E-01,  1.0080000000000000E+00,  9.9399999999999999E-01,  8.3977853033646632E-01,  1.7960855500000000E-01,  1.0348790000000001E-03,0
1280,  2.7500000000000002E-01,15,  4.3750000000000000E-01,  2.5000000000000000E-01,5,  2.6275377975549868E-01,112,5,504,497,7,  7.1967463646221697E-01,  1.0080000000000000E+00,  9.9399999999999999E-01,  8.3977853033646632E-01,  1.7386445100000000E-01,  9.9373999999999990E-04,0
1281,  2.7500000000000002E-01,15,  4.3750000000000000E-01,  4.3750000000000000E-01,1,  2.6275377975549868E-01,112,1,497,497,0,  9.9842715352082412E-01,  9.9399999999999999E-01,  9.9399999999999999E-01,  9.9620865821464177E-01,  1.7365699100000001E-01,  9.5462499999999996E-04,0
1282,  2.7500000000000002E-01,15,  4.3750000000000000E-01,  4.3750000000000000E-01,2,  2.6275377975549868E-01,112,3,499,497,2,  8.4862644134199572E-01,  9.9800000000000000E-01,  9.9399999999999999E-01,  9.1727180928247121E-01,  1.7541490500000001E-01,  9.5807900000000003E-04,0
1283,  2.7500000000000002E-01,15,  4.3750000000000000E-01,  4.3750000000000000E-01,3,  2.6275377975549868E-01,112,4,501,497,4,  7.7793941759238250E-01,  1.0020000000000000E+00,  9.9399999999999999E-01,  8.7586722191021971E-01,  1.7911201800000001E-01,  1.3286710000000000E-03,0
1284,  2.7500000000000002E-01,15,  4.3750000000000000E-01,  4.3750000000000000E-01,4,  2.6275377975549868E-01,112,5,504,497,7,  7.1967463646221697E-01,  1.0080000000000000E+00,  9.9399999999999999E-01,  8.3977853033646632E-01,  1.7752704899999999E-01,  1.0119689999999999E-03,0
1285,  2.7500000000000002E-01,15,  4.3750000000000000E-01,  4.3750000000000000E-01,5,  2.6275377975549868E-01,112,5,504,497,7,  7.1967463646221697E-01,  1.0080000000000000E+00,  9.9399999999999999E-01,  8.3977853033646632E-01,  1.7534592500000001E-01,  1.0395840000000001E-03,0
1286,  2.7500000000000002E-01,15,  4.3750000000000000E-01,  6.2500000000000000E-01,1,  2.6275377975549868E-01,112,1,497,497,0,  9.9842715352082412E-01,  9.9399999999999999E-01,  9.9399999999999999E-01,  9.9620865821464177E-01,  1.7621569700000000E-01,  9.9057300000000002E-04,0
1287,  2.7500000000000002E-01,15,  4.3750000000000000E-01,  6.2500000000000000E-01,2,  2.6275377975549868E-01,112,3,499,497,2,  8.4862644134199572E-01,  9.9800000000000000E-01,  9.9399999999999999E-01,  9.1727180928247121E-01,  1.7653055000000001E-01,  1.0301279999999999E-03,0
1288,  2.7500000000000002E-01,15,  4.3750000000000000E-01,  6.2500000000000000E-01,3,  2.6275377975549868E-01,112,4,501,497,4,  7.7793941759238250E-01,  1.0020000000000000E+00,  9.9399999999999999E-01,  8.7586722191021971E-01,  1.7299639200000000E-01,  9.2947699999999995E-04,0
1289,  2.7500000000000002E-01,15,  4.3750000000000000E-01,  6.2500000000000000E-01,4,  2.6275377975549868E-01,112,5,504,497,7,  7.1967463646221697E-01,  1.0080000000000000E+00,  9.9399999999999999E-01,  8.3977853033646632E-01,  1.7467852100000000E-01,  9.7988599999999991E-04,0
1290,  2.7500000000000002E-01,15,  4.3750000000000000E-01,  6.2500000000000000E-01,5,  2.6275377975549868E-01,112,5,504,497,7,  7.1967463646221697E-01,  1.0080000000000000E+00,  9.9399999999999999E-01,  8.3977853033646632E-01,  1.7863784499999999E-01,  9.9396899999999993E-04,0
1291,  2.7500000000000002E-01,15,  4.3750000000000000E-01,  8.1250000000000000E-01,1,  2.6275377975549868E-01,112,1,497,497,0,  9.9842715352082412E-01,  9.9399999999999999E-01,  9.9399999999999999E-01,  9.9620865821464177E-01,  1.7622820200000000E-01,  9.4962800000000000E-04,0
1292,  2.7500000000000002E-01,15,  4.3750000000000000E-01,  8.1250000000000000E-01,2,  2.6275377975549868E-01,112,3,499,497,2,  8.4862644134199572E-01,  9.9800000000000000E-01,  9.9399999999999999E-01,  9.1727180928247121E-01,  1.7774141099999999E-01,  9.5344899999999998E-04,0
1293,  2.7500000000000002E-01,15,  4.3750000000000000E-01,  8.1250000000000000E-01,3,  2.6275377975549868E-01,112,4,501,497,4,  7.7793941759238250E-01,  1.0020000000000000E+00,  9.9399999999999999E-01,  8.7586722191021971E-01,  1.8453862500000001E-01,  1.0190519999999999E-03,0
1294,  2.7500000000000002E-01,15,  4.3750000000000000E-01,  8.1250000000000000E-01,4,  2.6275377975549868E-01,112,5,504,497,7,  7.1967463646221697E-01,  1.0080000000000000E+00,  9.9399999999999999E-01,  8.3977853033646632E-01,  1.8567501800000000E-01,  1.0381870000000001E-03,0
1295,  2.7500000000000002E-01,15,  4.3750000000000000E-01,  8.1250000000000000E-01,5,  2.6275377975549868E-01,112,5,504,497,7,  7.1967463646221697E-01,  1.0080000000000000E+00,  9.9399999999999999E-01,  8.3977853033646632E-01,  1.8877413200000001E-01,  9.9444099999999999E-04,0
1296,  2.7500000000000002E-01,15,  4.3750000000000000E-01,  1.0000000000000000E+00,1,  2.6275377975549868E-01,112,1,497,497,0,  9.9842715352082412E-01,  9.9399999999999999E-01,  9.9399999999999999E-01,  9.9620865821464177E-01,  1.9428937199999999E-01,  9.8324299999999996E-04,0
1297,  2.7500000000000002E-01,15,  4.3750000000000000E-01,  1.0000000000000000E+00,2,  2.6275377975549868E-01,112,3,499,497,2,  8.4862644134199572E-01,  9.9800000000000000E-01,  9.9399999999999999E-01,  9.1727180928247121E-01,  1.8573707200000000E-01,  1.0242640000000000E-03,0
1298,  2.7500000000000002E-01,15,  4.3750000000000000E-01,  1.0000000000000000E+00,3,  2.6275377975549868E-01,112,4,501,497,4,  7.7793941759238250E-01,  1.0020000000000000E+00,  9.9399999999999999E-01,  8.7586722191021971E-01,  2.0220733799999999E-01,  1.0254229999999999E-03,0
1299,  2.7500000000000002E-01,15,  4.3750000000000000E-01,  1.0000000000000000E+00,4,  2.6275377975549868E-01,112,5,504,497,7,  7.1967463646221697E-01,  1.0080000000000000E+00,  9.9399999999999999E-01,  8.3977853033646632E-01,  1.9385970100000000E-01,  1.0136780000000001E-03,0
1300,  2.7500000000000002E-01,15,  4.3750000000000000E-01,  1.0000000000000000E+00,5,  2.6275377975549868E-01,112,5,504,497,7,  7.1967463646221697E-01,  1.0080000000000000E+00,  9.9399999999999999E-01,  8.3977853033646632E-01,  1.7658610399999999E-01,  1.0010440000000000E-03,0
1301,  2.7500000000000002E-01,15,  6.2500000000000000E-01,  2.5000000000000000E-01,1,  2.6275377975549868E-01,112,1,498,498,0,  9.9921540833105871E-01,  9.9600000000000000E-01,  9.9600000000000000E-01,  9.9760511325462009E-01,  2.0950427299999999E-01,  1.4395700000000000E-03,0
1302,  2.7500000000000002E-01,15,  6.2500000000000000E-01,  2.5000000000000000E-01,2,  2.6275377975549868E-01,112,1,498,498,0,  9.9921540833105871E-01,  9.9600000000000000E-01,  9.9600000000000000E-01,  9.9760511325462009E-01,  2.1268757399999999E-01,  9.9530199999999999E-04,0
1303,  2.7500000000000002E-01,15,  6.2500000000000000E-01,  2.5000000000000000E-01,3,  2.6275377975549868E-01,112,1,498,498,0,  9.9921540833105871E-01,  9.9600000000000000E-01,  9.9600000000000000E-01,  9.9760511325462009E-01,  2.0655926699999999E-01,  1.0053630000000000E-03,0
1304,  2.7500000000000002E-01,15,  6.2500000000000000E-01,  2.5000000000000000E-01,4,  2.6275377975549868E-01,112,1,498,498,0,  9.9921540833105871E-01,  9.9600000000000000E-01,  9.9600000000000000E-01,  9.9760511325462009E-01,  2.1079727600000001E-01,  9.9264100000000005E-04,0
1305,  2.7500000000000002E-01,15,  6.2500000000000000E-01,  2.5000000000000000E-01,5,  2.6275377975549868E-01,112,1,498,498,0,  9.9921540833105871E-01,  9.9600000000000000E-01,  9.9600000000000000E-01,  9.9760511325462009E-01,  2.1208117100000001E-01,  1.0270120000000001E-03,0
1306,  2.7500000000000002E-01,15,  6.2500000000000000E-01,  4.3750000000000000E-01,1,  2.6275377975549868E-01,112,1,498,498,0,  9.9921540833105871E-01,  9.9600000000000000E-01,  9.9600000000000000E-01,  9.9760511325462009E-01,  2.2059314899999999E-01,  1.0019450000000000E-03,0
1307,  2.7500000000000002E-01,15,  6.2500000000000000E-01,  4.3750000000000000E-01,2,  2.6275377975549868E-01,112,1,498,498,0,  9.9921540833105871E-01,  9.9600000000000000E-01,  9.9600000000000000E-01,  9.9760511325462009E-01,  2.1270264600000000E-01,  9.2427399999999999E-04,0
1308,  2.7500000000000002E-01,15,  6.2500000000000000E-01,  4.3750000000000000E-01,3,  2.6275377975549868E-01,112,1,498,498,0,  9.9921540833105871E-01,  9.9600000000000000E-01,  9.9600000000000000E-01,  9.9760511325462009E-01,  2.0907822700000001E-01,  9.8308599999999999E-04,0
1309,  2.7500000000000002E-01,15,  6.2500000000000000E-01,  4.3750000000000000E-01,4,  2.6275377975549868E-01,112,1,498,498,0,  9.9921540833105871E-01,  9.9600000000000000E-01,  9.9600000000000000E-01,  9.9760511325462009E-01,  2.1022671700000001E-01,  9.7708900000000000E-04,0
1310,  2.7500000000000002E-01,15,  6.2500000000000000E-01,  4.3750000000000000E-01,5,  2.6275377975549868E-01,112,1,498,498,0,  9.9921540833105871E-01,  9.9600000000000000E-01,  9.9600000000000000E-01,  9.9760511325462009E-01,  2.0974982200000000E-01,  1.0111800000000000E-03,0
1311,  2.7500000000000002E-01,15,  6.2500000000000000E-01,  6.2500000000000000E-01,1,  2.6275377975549868E-01,112,1,498,498,0,  9.9921540833105871E-01,  9.9600000000000000E-01,  9.9600000000000000E-01,  9.9760511325462009E-01,  2.1077287600000000E-01,  1.0559070000000000E-03,0
1312,  2.7500000000000002E-01,15,  6.2500000000000000E-01,  6.2500000000000000E-01,2,  2.6275377975549868E-01,112,1,498,498,0,  9.9921540833105871E-01,  9.9600000000000000E-01,  9.9600000000000000E-01,  9.9760511325462009E-01,  2.1118727400000001E-01,  9.6837799999999999E-04,0
1313,  2.7500000000000002E-01,15,  6.2500000000000000E-01,  6.2500000000000000E-01,3,  2.6275377975549868E-01,112,1,498,498,0,  9.9921540833105871E-01,  9.9600000000000000E-01,  9.9600000000000000E-01,  9.9760511325462009E-01,  2.0846565000000000E-01,  1.0558290000000001E-03,0
1314,  2.7500000000000002E-01,15,  6.2500000000000000E-01,  6.2500000000000000E-01,4,  2.6275377975549868E-01,112,1,498,498,0,  9.9921540833105871E-01,  9.9600000000000000E-01,  9.9600000000000000E-01,  9.9760511325462009E-01,  2.0790244599999999E-01,  1.0506080000000000E-03,0
1315,  2.7500000000000002E-01,15,  6.2500000000000000E-01,  6.2500000000000000E-01,5,  2.6275377975549868E-01,112,1,498,498,0,  9.9921540833105871E-01,  9.9600000000000000E-01,  9.9600000000000000E-01,  9.9760511325462009E-01,  2.1097181400000001E-01,  9.3156200000000004E-04,0
1316,  2.7500000000000002E-01,15,  6.2500000000000000E-01,  8.1250000000000000E-01,1,  2.6275377975549868E-01,112,1,498,498,0,  9.9921540833105871E-01,  9.9600000000000000E-01,  9.9600000000000000E-01,  9.9760511325462009E-01,  2.0908247399999999E-01,  9.2956899999999999E-04,0
1317,  2.7500000000000002E-01,15,  6.2500000000000000E-01,  8.1250000000000000E-01,2,  2.6275377975549868E-01,112,1,498,498,0,  9.9921540833105871E-01,  9.9600000000000000E-01,  9.9600000000000000E-01,  9.9760511325462009E-01,  2.0789186700000001E-01,  9.6937800000000001E-04,0
1318,  2.7500000000000002E-01,15,  6.2500000000000000E-01,  8.1250000000000000E-01,3,  2.6275377975549868E-01,112,1,498,498,0,  9.9921540833105871E-01,  9.9600000000000000E-01,  9.9600000000000000E-01,  9.9760511325462009E-01,  2.1248951899999999E-01,  1.0363890000000000E-03,0
1319,  2.7500000000000002E-01,15,  6.2500000000000000E-01,  8.1250000000000000E-01,4,  2.6275377975549868E-01,112,1,498,498,0,  9.9921540833105871E-01,  9.9600000000000000E-01,  9.9600000000000000E-01,  9.9760511325462009E-01,  2.1396624600000000E-01,  1.0058240000000000E-03,0
1320,  2.7500000000000002E-01,15,  6.2500000000000000E-01,  8.1250000000000000E-01,5,  2.6275377975549868E-01,112,1,498,498,0,  9.9921540833105871E-01,  9.9600000000000000E-01,  9.9600000000000000E-01,  9.9760511325462009E-01,  2.0752673599999999E-01,  9.6615500000000001E-04,0
1321,  2.7500000000000002E-01,15,  6.2500000000000000E-01,  1.0000000000000000E+00,1,  2.6275377975549868E-01,112,1,498,498,0,  9.9921540833105871E-01,  9.9600000000000000E-01,  9.9600000000000000E-01,  9.9760511325462009E-01,  2.1576357600000001E-01,  9.8265099999999997E-04,0
1322,  2.7500000000000002E-01,15,  6.2500000000000000E-01,  1.0000000000000000E+00,2,  2.6275377975549868E-01,112,1,498,498,0,  9.9921540833105871E-01,  9.9600000000000000E-01,  9.9600000000000000E-01,  9.9760511325462009E-01,  2.1008779299999999E-01,  9.5879699999999995E-04,0
1323,  2.7500000000000002E-01,15,  6.2500000000000000E-01,  1.0000000000000000E+00,3,  2.6275377975549868E-01,112,1,498,498,0,  9.9921540833105871E-01,  9.9600000000000000E-01,  9.9600000000000000E-01,  9.9760511325462009E-01,  2.3803112300000001E-01,  1.1444840000000001E-03,0
1324,  2.7500000000000002E-01,15,  6.2500000000000000E-01,  1.0000000000000000E+00,4,  2.6275377975549868E-01,112,1,498,498,0,  9.9921540833105871E-01,  9.9600000000000000E-01,  9.9600000000000000E-01,  9.9760511325462009E-01,  2.4620844000000000E-01,  1.4551150000000001E-03,0
1325,  2.7500000000000002E-01,15,  6.2500000000000000E-01,  1.0000000000000000E+00,5,  2.6275377975549868E-01,112,1,498,498,0,  9.9921540833105871E-01,  9.9600000000000000E-01,  9.9600000000000000E-01,  9.9760511325462009E-01,  2.3517332099999999E-01,  1.0974629999999999E-03,0
1326,  2.7500000000000002E-01,15,  8.1250000000000000E-01,  2.5000000000000000E-01,1,  2.6275377975549868E-01,112,1,498,498,0,  9.9921540833105871E-01,  9.9600000000000000E-01,  9.9600000000000000E-01,  9.9760511325462009E-01,  3.3034330899999997E-01,  1.0243620000000000E-03,0
1327,  2.7500000000000002E-01,15,  8.1250000000000000E-01,  2.5000000000000000E-01,2,  2.6275377975549868E-01,112,1,498,498,0,  9.9921540833105871E-01,  9.9600000000000000E-01,  9.9600000000000000E-01,  9.9760511325462009E-01,  2.8359266999999999E-01,  1.0832220000000000E-03,0
1328,  2.7500000000000002E-01,15,  8.1250000000000000E-01,  2.5000000000000000E-01,3,  2.6275377975549868E-01,112,1,498,498,0,  9.9921540833105871E-01,  9.9600000000000000E-01,  9.9600000000000000E-01,  9.9760511325462009E-01,  2.8824284400000000E-01,  1.0975729999999999E-03,0
1329,  2.7500000000000002E-01,15,  8.1250000000000000E-01,  2.5000000000000000E-01,4,  2.6275377975549868E-01,112,1,498,498,0,  9.9921540833105871E-01,  9.9600000000000000E-01,  9.9600000000000000E-01,  9.9760511325462009E-01,  2.8269369500000002E-01,  1.0366580000000000E-03,0
1330,  2.7500000000000002E-01,15,  8.1250000000000000E-01,  2.5000000000000000E-01,5,  2.6275377975549868E-01,112,1,498,498,0,  9.9921540833105871E-01,  9.9600000000000000E-01,  9.9600000000000000E-01,  9.9760511325462009E-01,  2.5107024800000000E-01,  9.3150800000000005E-04,0
1331,  2.7500000000000002E-01,15,  8.1250000000000000E-01,  4.3750000000000000E-01,1,  2.6275377975549868E-01,112,1,498,498,0,  9.9921540833105871E-01,  9.9600000000000000E-01,  9.9600000000000000E-01,  9.9760511325462009E-01,  2.5070597700000002E-01,  9.2751699999999999E-04,0
1332,  2.7500000000000002E-01,15,  8.1250000000000000E-01,  4.3750000000000000E-01,2,  2.6275377975549868E-01,112,1,498,498,0,  9.9921540833105871E-01,  9.9600000000000000E-01,  9.9600000000000000E-01,  9.9760511325462009E-01,  2.5804967400000001E-01,  1.1210079999999999E-03,0
1333,  2.7500000000000002E-01,15,  8.1250000000000000E-01,  4.3750000000000000E-01,3,  2.6275377975549868E-01,112,1,498,498,0,  9.9921540833105871E-01,  9.9600000000000000E-01,  9.9600000000000000E-01,  9.9760511325462009E-01,  2.4905105299999999E-01,  9.5181599999999997E-04,0
1334,  2.7500000000000002E-01,15,  8.1250000000000000E-01,  4.3750000000000000E-01,4,  2.6275377975549868E-01,112,1,498,498,0,  9.9921540833105871E-01,  9.9600000000000000E-01,  9.9600000000000000E-01,  9.9760511325462009E-01,  2.4932281700000000E-01,  1.0088969999999999E-03,0
1335,  2.7500000000000002E-01,15,  8.1250000000000000E-01,  4.3750000000000000E-01,5,  2.6275377975549868E-01,112,1,498,498,0,  9.9921540833105871E-01,  9.9600000000000000E-01,  9.9600000000000000E-01,  9.9760511325462009E-01,  2.5150787000000002E-01,  9.5745800000000001E-04,0
1336,  2.7500000000000002E-01,15,  8.1250000000000000E-01,  6.2500000000000000E-01,1,  2.6275377975549868E-01,112,1,498,498,0,  9.9921540833105871E-01,  9.9600000000000000E-01,  9.9600000000000000E-01,  9.9760511325462009E-01,  2.4755228300000001E-01,  1.4844150000000000E-03,0
1337,  2.7500000000000002E-01,15,  8.1250000000000000E-01,  6.2500000000000000E-01,2,  2.6275377975549868E-01,112,1,498,498,0,  9.9921540833105871E-01,  9.9600000000000000E-01,  9.9600000000000000E-01,  9.9760511325462009E-01,  2.6428539499999998E-01,  9.7024800000000005E-04,0
1338,  2.7500000000000002E-01,15,  8.1250000000000000E-01,  6.2500000000000000E-01,3,  2.6275377975549868E-01,112,1,498,498,0,  9.9921540833105871E-01,  9.9600000000000000E-01,  9.9600000000000000E-01,  9.9760511325462009E-01,  2.6522268399999999E-01,  1.0004689999999999E-03,0
1339,  2.7500000000000002E-01,15,  8.1250000000000000E-01,  6.2500000000000000E-01,4,  2.6275377975549868E-01,112,1,498,498,0,  9.9921540833105871E-01,  9.9600000000000000E-01,  9.9600000000000000E-01,  9.9760511325462009E-01,  2.4902318100000001E-01,  1.0320180000000000E-03,0
1340,  2.7500000000000002E-01,15,  8.1250000000000000E-01,  6.2500000000000000E-01,5,  2.6275377975549868E-01,112,1,498,498,0,  9.9921540833105871E-01,  9.9600000000000000E-01,  9.9600000000000000E-01,  9.9760511325462009E-01,  2.5162902500000001E-01,  9.1839500000000002E-04,0
1341,  2.7500000000000002E-01,15,  8.1250000000000000E-01,  8.1250000000000000E-01,1,  2.6275377975549868E-01,112,1,498,498,0,  9.9921540833105871E-01,  9.9600000000000000E-01,  9.9600000000000000E-01,  9.9760511325462009E-01,  2.5485935399999998E-01,  9.5782300000000001E-04,0
1342,  2.7500000000000002E-01,15,  8.1250000000000000E-01,  8.1250000000000000E-01,2,  2.6275377975549868E-01,112,1,498,498,0,  9.9921540833105871E-01,  9.9600000000000000E-01,  9.9600000000000000E-01,  9.9760511325462009E-01,  2.5499713499999999E-01,  9.3982300000000000E-04,0
1343,  2.7500000000000002E-01,15,  8.1250000000000000E-01,  8.1250000000000000E-01,3,  2.6275377975549868E-01,112,1,498,498,0,  9.9921540833105871E-01,  9.9600000000000000E-01,  9.9600000000000000E-01,  9.9760511325462009E-01,  2.4586859300000000E-01,  1.0326669999999999E-03,0
1344,  2.7500000000000002E-01,15,  8.1250000000000000E-01,  8.1250000000000000E-01,4,  2.6275377975549868E-01,112,1,498,498,0,  9.9921540833105871E-01,  9.9600000000000000E-01,  9.9600000000000000E-01,  9.9760511325462009E-01,  2.4539634199999999E-01,  1.2045310000000000E-03,0
1345,  2.7500000000000002E-01,15,  8.1250000000000000E-01,  8.1250000000000000E-01,5,  2.6275377975549868E-01,112,1,498,498,0,  9.9921540833105871E-01,  9.9600000000000000E-01,  9.9600000000000000E-01,  9.9760511325462009E-01,  2.5927170700000002E-01,  9.6440999999999996E-04,0
1346,  2.7500000000000002E-01,15,  8.1250000000000000E-01,  1.0000000000000000E+00,1,  2.6275377975549868E-01,112,1,498,498,0,  9.9921540833105871E-01,  9.9600000000000000E-01,  9.9600000000000000E-01,  9.9760511325462009E-01,  2.5084052099999998E-01,  9.2272399999999998E-04,0
1347,  2.7500000000000002E-01,15,  8.1250000000000000E-01,  1.0000000000000000E+00,2,  2.6275377975549868E-01,112,1,498,498,0,  9.9921540833105871E-01,  9.9600000000000000E-01,  9.9600000000000000E-01,  9.9760511325462009E-01,  2.5216440000000001E-01,  9.7812500000000004E-04,0
1348,  2.7500000000000002E-01,15,  8.1250000000000000E-01,  1.0000000000000000E+00,3,  2.6275377975549868E-01,112,1,498,498,0,  9.9921540833105871E-01,  9.9600000000000000E-01,  9.9600000000000000E-01,  9.9760511325462009E-01,  2.5478328700000002E-01,  9.5745599999999998E-04,0
1349,  2.7500000000000002E-01,15,  8.1250000000000000E-01,  1.0000000000000000E+00,4,  2.6275377975549868E-01,112,1,498,498,0,  9.9921540833105871E-01,  9.9600000000000000E-01,  9.9600000000000000E-01,  9.9760511325462009E-01,  2.5328112500000000E-01,  9.5304700000000005E-04,0
1350,  2.7500000000000002E-01,15,  8.1250000000000000E-01,  1.0000000000000000E+00,5,  2.6275377975549868E-01,112,1,498,498,0,  9.9921540833105871E-01,  9.9600000000000000E-01,  9.9600000000000000E-01,  9.9760511325462009E-01,  2.5057152799999999E-01,  1.0041090000000000E-03,0
1351,  2.7500000000000002E-01,15,  1.0000000000000000E+00,  2.5000000000000000E-01,1,  2.6275377975549868E-01,112,1,499,499,0,  9.9985011005473345E-01,  9.9800000000000000E-01,  9.9800000000000000E-01,  9.9892419837971402E-01,  3.0293407200000000E-01,  9.6260499999999995E-04,0
1352,  2.7500000000000002E-01,15,  1.0000000000000000E+00,  2.5000000000000000E-01,2,  2.6275377975549868E-01,112,2,500,499,1,  9.5224526868407244E-01,  1.0000000000000000E+00,  9.9800000000000000E-01,  9.7553855958472013E-01,  3.0785561800000000E-01,  1.2351980000000001E-03,0
1353,  2.7500000000000002E-01,15,  1.0000000000000000E+00,  2.5000000000000000E-01,3,  2.6275377975549868E-01,112,2,500,499,1,  9.5224526868407244E-01,  1.0000000000000000E+00,  9.9800000000000000E-01,  9.7553855958472013E-01,  3.0070382699999998E-01,  9.3747800000000005E-04,0
1354,  2.7500000000000002E-01,15,  1.0000000000000000E+00,  2.5000000000000000E-01,4,  2.6275377975549868E-01,112,2,500,499,1,  9.5224526868407244E-01,  1.0000000000000000E+00,  9.9800000000000000E-01,  9.7553855958472013E-01,  3.0280054299999998E-01,  9.8130500000000002E-04,0
1355,  2.7500000000000002E-01,15,  1.0000000000000000E+00,  2.5000000000000000E-01,5,  2.6275377975549868E-01,112,2,500,499,1,  9.5224526868407244E-01,  1.0000000000000000E+00,  9.9800000000000000E-01,  9.7553855958472013E-01,  3.0609376700000002E-01,  1.0945359999999999E-03,0
1356,  2.7500000000000002E-01,15,  1.0000000000000000E+00,  4.3750000000000000E-01,1,  2.6275377975549868E-01,112,1,499,499,0,  9.9985011005473345E-01,  9.9800000000000000E-01,  9.9800000000000000E-01,  9.9892419837971402E-01,  3.0013800200000001E-01,  9.5172599999999996E-04,0
1357,  2.7500000000000002E-01,15,  1.0000000000000000E+00,  4.3750000000000000E-01,2,  2.6275377975549868E-01,112,2,500,499,1,  9.5224526868407244E-01,  1.0000000000000000E+00,  9.9800000000000000E-01,  9.7553855958472013E-01,  3.0138190700000000E-01,  9.4694699999999996E-04,0
1358,  2.7500000000000002E-01,15,  1.0000000000000000E+00,  4.3750000000000000E-01,3,  2.6275377975549868E-01,112,2,500,499,1,  9.5224526868407244E-01,  1.0000000000000000E+00,  9.9800000000000000E-01,  9.7553855958472013E-01,  2.9914879100000002E-01,  1.1177159999999999E-03,0
1359,  2.7500000000000002E-01,15,  1.0000000000000000E+00,  4.3750000000000000E-01,4,  2.6275377975549868E-01,112,2,500,499,1,  9.5224526868407244E-01,  1.0000000000000000E+00,  9.9800000000000000E-01,  9.7553855958472013E-01,  2.9972816000000002E-01,  9.1249600000000005E-04,0
1360,  2.7500000000000002E-01,15,  1.0000000000000000E+00,  4.3750000000000000E-01,5,  2.6275377975549868E-01,112,2,500,499,1,  9.5224526868407244E-01,  1.0000000000000000E+00,  9.9800000000000000E-01,  9.7553855958472013E-01,  3.0211003500000000E-01,  9.2718800000000001E-04,0
1361,  2.7500000000000002E-01,15,  1.0000000000000000E+00,  6.2500000000000000E-01,1,  2.6275377975549868E-01,112,1,499,499,0,  9.9985011005473345E-01,  9.9800000000000000E-01,  9.9800000000000000E-01,  9.9892419837971402E-01,  3.0403476600000001E-01,  9.5215199999999995E-04,0
1362,  2.7500000000000002E-01,15,  1.0000000000000000E+00,  6.2500000000000000E-01,2,  2.6275377975549868E-01,112,2,500,499,1,  9.5224526868407244E-01,  1.0000000000000000E+00,  9.9800000000000000E-01,  9.7553855958472013E-01,  2.9931513199999998E-01,  9.3409700000000005E-04,0
1363,  2.7500000000000002E-01,15,  1.0000000000000000E+00,  6.2500000000000000E-01,3,  2.6275377975549868E-01,112,2,500,499,1,  9.5224526868407244E-01,  1.0000000000000000E+00,  9.9800000000000000E-01,  9.7553855958472013E-01,  2.9964120700000002E-01,  1.0585499999999999E-03,0
1364,  2.7500000000000002E-01,15,  1.0000000000000000E+00,  6.2500000000000000E-01,4,  2.6275377975549868E-01,112,2,500,499,1,  9.5224526868407244E-01,  1.0000000000000000E+00,  9.9800000000000000E-01,  9.7553855958472013E-01,  3.0536291999999998E-01,  1.0064670000000000E-03,0
1365,  2.7500000000000002E-01,15,  1.0000000000000000E+00,  6.2500000000000000E-01,5,  2.6275377975549868E-01,112,2,500,499,1,  9.5224526868407244E-01,  1.0000000000000000E+00,  9.9800000000000000E-01,  9.7553855958472013E-01,  2.9948770600000002E-01,  1.0443860000000000E-03,0
1366,  2.7500000000000002E-01,15,  1.0000000000000000E+00,  8.1250000000000000E-01,1,  2.6275377975549868E-01,112,1,499,499,0,  9.9985011005473345E-01,  9.9800000000000000E-01,  9.9800000000000000E-01,  9.9892419837971402E-01,  2.9960552000000001E-01,  9.8347100000000008E-04,0
1367,  2.7500000000000002E-01,15,  1.0000000000000000E+00,  8.1250000000000000E-01,2,  2.6275377975549868E-01,112,2,500,499,1,  9.5224526868407244E-01,  1.0000000000000000E+00,  9.9800000000000000E-01,  9.7553855958472013E-01,  2.9855738500000001E-01,  9.3203399999999999E-04,0
1368,  2.7500000000000002E-01,15,  1.0000000000000000E+00,  8.1250000000000000E-01,3,  2.6275377975549868E-01,112,2,500,499,1,  9.5224526868407244E-01,  1.0000000000000000E+00,  9.9800000000000000E-01,  9.7553855958472013E-01,  3.0120092199999998E-01,  1.0531270000000001E-03,0
1369,  2.7500000000000002E-01,15,  1.0000000000000000E+00,  8.1250000000000000E-01,4,  2.6275377975549868E-01,112,2,500,499,1,  9.5224526868407244E-01,  1.0000000000000000E+00,  9.9800000000000000E-01,  9.7553855958472013E-01,  3.1081936599999999E-01,  9.9803200000000004E-04,0
1370,  2.7500000000000002E-01,15,  1.0000000000000000E+00,  8.1250000000000000E-01,5,  2.6275377975549868E-01,112,2,500,499,1,  9.5224526868407244E-01,  1.0000000000000000E+00,  9.9800000000000000E-01,  9.7553855958472013E-01,  3.1534801800000001E-01,  9.7186400000000002E-04,0
1371,  2.7500000000000002E-01,15,  1.0000000000000000E+00,  1.0000000000000000E+00,1,  2.6275377975549868E-01,112,1,499,499,0,  9.9985011005473345E-01,  9.9800000000000000E-01,  9.9800000000000000E-01,  9.9892419837971402E-01,  3.0304440199999999E-01,  9.9820000000000009E-04,0
1372,  2.7500000000000002E-01,15,  1.0000000000000000E+00,  1.0000000000000000E+00,2,  2.6275377975549868E-01,112,2,500,499,1,  9.5224526868407244E-01,  1.0000000000000000E+00,  9.9800000000000000E-01,  9.7553855958472013E-01,  3.1539515099999998E-01,  9.8760600000000003E-04,0
1373,  2.7500000000000002E-01,15,  1.0000000000000000E+00,  1.0000000000000000E+00,3,  2.6275377975549868E-01,112,2,500,499,1,  9.5224526868407244E-01,  1.0000000000000000E+00,  9.9800000000000000E-01,  9.7553855958472013E-01,  3.4060995599999999E-01,  1.0127770000000001E-03,0
1374,  2.7500000000000002E-01,15,  1.0000000000000000E+00,  1.0000000000000000E+00,4,  2.6275377975549868E-01,112,2,500,499,1,  9.5224526868407244E-01,  1.0000000000000000E+00,  9.9800000000000000E-01,  9.7553855958472013E-01,  2.9870487699999998E-01,  9.2476500000000003E-04,0
1375,  2.7500000000000002E-01,15,  1.0000000000000000E+00,  1.0000000000000000E+00,5,  2.6275377975549868E-01,112,2,500,499,1,  9.5224526868407244E-01,  1.0000000000000000E+00,  9.9800000000000000E-01,  9.7553855958472013E-01,  3.0230891799999998E-01,  9.8395699999999993E-04,0
1376,  2.7500000000000002E-01,25,  2.5000000000000000E-01,  2.5000000000000000E-01,1,  2.6275377975549868E-01,82,7,484,484,0,  5.8537383632424100E-01,  9.6799999999999997E-01,  9.6799999999999997E-01,  7.2956278818589315E-01,  1.0897015500000000E-01,  9.4680600000000001E-04,0
1377,  2.7500000000000002E-01,25,  2.5000000000000000E-01,  2.5000000000000000E-01,2,  2.6275377975549868E-01,82,10,487,484,3,  5.1074504116147934E-01,  9.7399999999999998E-01,  9.6799999999999997E-01,  6.7010248399567074E-01,  9.9185471999999997E-02,  9.2926900000000004E-04,0
1378,  2.7500000000000002E-01,25,  2.5000000000000000E-01,  2.5000000000000000E-01,3,  2.6275377975549868E-01,82,10,487,484,3,  5.1074504116147934E-01,  9.7399999999999998E-01,  9.6799999999999997E-01,  6.7010248399567074E-01,  9.9176552000000001E-02,  9.4466199999999998E-04,0
1379,  2.7500000000000002E-01,25,  2.5000000000000000E-01,  2.5000000000000000E-01,4,  2.6275377975549868E-01,82,10,487,484,3,  5.1074504116147934E-01,  9.7399999999999998E-01,  9.6799999999999997E-01,  6.7010248399567074E-01,  9.9022588999999994E-02,  9.3879000000000000E-04,0
1380,  2.7500000000000002E-01,25,  2.5000000000000000E-01,  2.5000000000000000E-01,5,  2.6275377975549868E-01,82,11,491,484,7,  4.9294742980546852E-01,  9.8199999999999998E-01,  9.6799999999999997E-01,  6.5639542981245758E-01,  1.0218100200000001E-01,  9.2050900000000002E-04,0
1381,  2.7500000000000002E-01,25,  2.5000000000000000E-01,  4.3750000000000000E-01,1,  2.6275377975549868E-01,82,7,484,484,0,  5.8537383632424100E-01,  9.6799999999999997E-01,  9.6799999999999997E-01,  7.2956278818589315E-01,  9.7738745000000002E-02,  9.0577400000000003E-04,0
1382,  2.7500000000000002E-01,25,  2.5000000000000000E-01,  4.3750000000000000E-01,2,  2.6275377975549868E-01,82,10,487,484,3,  5.1074504116147934E-01,  9.7399999999999998E-01,  9.6799999999999997E-01,  6.7010248399567074E-01,  1.0040990399999999E-01,  9.5502900000000003E-04,0
1383,  2.7500000000000002E-01,25,  2.5000000000000000E-01,  4.3750000000000000E-01,3,  2.6275377975549868E-01,82,10,487,484,3,  5.1074504116147934E-01,  9.7399999999999998E-01,  9.6799999999999997E-01,  6.7010248399567074E-01,  1.1317607900000000E-01,  1.3689910000000000E-03,0
1384,  2.7500000000000002E-01,25,  2.5000000000000000E-01,  4.3750000000000000E-01,4,  2.6275377975549868E-01,82,10,487,484,3,  5.1074504116147934E-01,  9.7399999999999998E-01,  9.6799999999999997E-01,  6.7010248399567074E-01,  1.1137833599999999E-01,  1.0184960000000000E-03,0
1385,  2.7500000000000002E-01,25,  2.5000000000000000E-01,  4.3750000000000000E-01,5,  2.6275377975549868E-01,82,11,491,484,7,  4.9294742980546852E-01,  9.8199999999999998E-01,  9.6799999999999997E-01,  6.5639542981245758E-01,  9.8307727999999997E-02,  1.0509390000000001E-03,0
1386,  2.7500000000000002E-01,25,  2.5000000000000000E-01,  6.2500000000000000E-01,1,  2.6275377975549868E-01,82,7,484,484,0,  5.8537383632424100E-01,  9.6799999999999997E-01,  9.6799999999999997E-01,  7.2956278818589315E-01,  9.6724968999999994E-02,  9.5622700000000003E-04,0
1387,  2.7500000000000002E-01,25,  2.5000000000000000E-01,  6.2500000000000000E-01,2,  2.6275377975549868E-01,82,10,487,484,3,  5.1074504116147934E-01,  9.7399999999999998E-01,  9.6799999999999997E-01,  6.7010248399567074E-01,  1.0073709900000000E-01,  9.8313700000000003E-04,0
1388,  2.7500000000000002E-01,25,  2.5000000000000000E-01,  6.2500000000000000E-01,3,  2.6275377975549868E-01,82,10,487,484,3,  5.1074504116147934E-01,  9.7399999999999998E-01,  9.6799999999999997E-01,  6.7010248399567074E-01,  1.0034623800000000E-01,  1.0196350000000001E-03,0
1389,  2.7500000000000002E-01,25,  2.5000000000000000E-01,  6.2500000000000000E-01,4,  2.6275377975549868E-01,82,10,487,484,3,  5.1074504116147934E-01,  9.7399999999999998E-01,  9.6799999999999997E-01,  6.7010248399567074E-01,  1.0258646400000000E-01,  9.7613099999999998E-04,0
1390,  2.7500000000000002E-01,25,  2.5000000000000000E-01,  6.2500000000000000E-01,5,  2.6275377975549868E-01,82,11,491,484,7,  4.9294742980546852E-01,  9.8199999999999998E-01,  9.6799999999999997E-01,  6.5639542981245758E-01,  9.9528956000000002E-02,  9.3589599999999997E-04,0
1391,  2.7500000000000002E-01,25,  2.5000000000000000E-01,  8.1250000000000000E-01,1,  2.6275377975549868E-01,82,7,484,484,0,  5.8537383632424100E-01,  9.6799999999999997E-01,  9.6799999999999997E-01,  7.2956278818589315E-01,  9.7876823000000002E-02,  1.0677260000000000E-03,0
1392,  2.7500000000000002E-01,25,  2.5000000000000000E-01,  8.1250000000000000E-01,2,  2.6275377975549868E-01,82,10,487,484,3,  5.1074504116147934E-01,  9.7399999999999998E-01,  9.6799999999999997E-01,  6.7010248399567074E-01,  1.1388650100000000E-01,  9.9957200000000000E-04,0
1393,  2.7500000000000002E-01,25,  2.5000000000000000E-01,  8.1250000000000000E-01,3,  2.6275377975549868E-01,82,10,487,484,3,  5.1074504116147934E-01,  9.7399999999999998E-01,  9.6799999999999997E-01,  6.7010248399567074E-01,  9.9983961999999996E-02,  9.6931899999999995E-04,0
1394,  2.7500000000000002E-01,25,  2.5000000000000000E-01,  8.1250000000000000E-01,4,  2.6275377975549868E-01,82,10,487,484,3,  5.1074504116147934E-01,  9.7399999999999998E-01,  9.6799999999999997E-01,  6.7010248399567074E-01,  1.0021818500000000E-01,  9.5563400000000002E-04,0
1395,  2.7500000000000002E-01,25,  2.5000000000000000E-01,  8.1250000000000000E-01,5,  2.6275377975549868E-01,82,11,491,484,7,  4.9294742980546852E-01,  9.8199999999999998E-01,  9.6799999999999997E-01,  6.5639542981245758E-01,  9.7121531999999997E-02,  1.0217539999999999E-03,0
1396,  2.7500000000000002E-01,25,  2.5000000000000000E-01,  1.0000000000000000E+00,1,  2.6275377975549868E-01,82,7,484,484,0,  5.8537383632424100E-01,  9.6799999999999997E-01,  9.6799999999999997E-01,  7.2956278818589315E-01,  9.9384283000000004E-02,  9.3123499999999998E-04,0
1397,  2.7500000000000002E-01,25,  2.5000000000000000E-01,  1.0000000000000000E+00,2,  2.6275377975549868E-01,82,10,487,484,3,  5.1074504116147934E-01,  9.7399999999999998E-01,  9.6799999999999997E-01,  6.7010248399567074E-01,  9.9844858999999994E-02,  9.8700400000000009E-04,0
1398,  2.7500000000000002E-01,25,  2.5000000000000000E-01,  1.0000000000000000E+00,3,  2.6275377975549868E-01,82,10,487,484,3,  5.1074504116147934E-01,  9.7399999999999998E-01,  9.6799999999999997E-01,  6.7010248399567074E-01,  1.0071407800000000E-01,  9.7355599999999999E-04,0
1399,  2.7500000000000002E-01,25,  2.5000000000000000E-01,  1.0000000000000000E+00,4,  2.6275377975549868E-01,82,10,487,484,3,  5.1074504116147934E-01,  9.7399999999999998E-01,  9.6799999999999997E-01,  6.7010248399567074E-01,  9.8534628999999999E-02,  1.0450040000000000E-03,0
1400,  2.7500000000000002E-01,25,  2.5000000000000000E-01,  1.0000000000000000E+00,5,  2.6275377975549868E-01,82,11,491,484,7,  4.9294742980546852E-01,  9.8199999999999998E-01,  9.6799999999999997E-01,  6.5639542981245758E-01,  1.0019614800000000E-01,  1.2179510000000001E-03,0
1401,  2.7500000000000002E-01,25,  4.3750000000000000E-01,  2.5000000000000000E-01,1,  2.6275377975549868E-01,82,2,499,499,0,  9.9305786680741881E-01,  9.9800000000000000E-01,  9.9800000000000000E-01,  9.9552279980987957E-01,  1.2219497999999999E-01,  1.0229099999999999E-03,0
1402,  2.7500000000000002E-01,25,  4.3750000000000000E-01,  2.5000000000000000E-01,2,  2.6275377975549868E-01,82,5,502,499,3,  7.5317686159436814E-01,  1.0040000000000000E+00,  9.9800000000000000E-01,  8.6068691839547640E-01,  1.3019740799999999E-01,  9.6756700000000001E-04,0
1403,  2.7500000000000002E-01,25,  4.3750000000000000E-01,  2.5000000000000000E-01,3,  2.6275377975549868E-01,82,5,502,499,3,  7.5317686159436814E-01,  1.0040000000000000E+00,  9.9800000000000000E-01,  8.6068691839547640E-01,  1.2454667899999999E-01,  9.8802599999999992E-04,0
1404,  2.7500000000000002E-01,25,  4.3750000000000000E-01,  2.5000000000000000E-01,4,  2.6275377975549868E-01,82,5,502,499,3,  7.5317686159436814E-01,  1.0040000000000000E+00,  9.9800000000000000E-01,  8.6068691839547640E-01,  1.2597225000000001E-01,  1.0427730000000001E-03,0
1405,  2.7500000000000002E-01,25,  4.3750000000000000E-01,  2.5000000000000000E-01,5,  2.6275377975549868E-01,82,5,502,499,3,  7.5317686159436814E-01,  1.0040000000000000E+00,  9.9800000000000000E-01,  8.6068691839547640E-01,  1.2235316000000000E-01,  9.3733200000000003E-04,0
1406,  2.7500000000000002E-01,25,  4.3750000000000000E-01,  4.3750000000000000E-01,1,  2.6275377975549868E-01,82,2,499,499,0,  9.9305786680741881E-01,  9.9800000000000000E-01,  9.9800000000000000E-01,  9.9552279980987957E-01,  1.2397521200000000E-01,  9.2991700000000005E-04,0
1407,  2.7500000000000002E-01,25,  4.3750000000000000E-01,  4.3750000000000000E-01,2,  2.6275377975549868E-01,82,5,502,499,3,  7.5317686159436814E-01,  1.0040000000000000E+00,  9.9800000000000000E-01,  8.6068691839547640E-01,  1.2145935700000000E-01,  9.8371000000000005E-04,0
1408,  2.7500000000000002E-01,25,  4.3750000000000000E-01,  4.3750000000000000E-01,3,  2.6275377975549868E-01,82,5,502,499,3,  7.5317686159436814E-01,  1.0040000000000000E+00,  9.9800000000000000E-01,  8.6068691839547640E-01,  1.2443800800000000E-01,  9.6983300000000002E-04,0
1409,  2.7500000000000002E-01,25,  4.3750000000000000E-01,  4.3750000000000000E-01,4,  2.6275377975549868E-01,82,5,502,499,3,  7.5317686159436814E-01,  1.0040000000000000E+00,  9.9800000000000000E-01,  8.6068691839547640E-01,  1.2258653100000000E-01,  9.9342200000000010E-04,0
1410,  2.7500000000000002E-01,25,  4.3750000000000000E-01,  4.3750000000000000E-01,5,  2.6275377975549868E-01,82,5,502,499,3,  7.5317686159436814E-01,  1.0040000000000000E+00,  9.9800000000000000E-01,  8.6068691839547640E-01,  1.2778648800000000E-01,  9.8017099999999995E-04,0
1411,  2.7500000000000002E-01,25,  4.3750000000000000E-01,  6.2500000000000000E-01,1,  2.6275377975549868E-01,82,2,499,499,0,  9.9305786680741881E-01,  9.9800000000000000E-01,  9.9800000000000000E-01,  9.9552279980987957E-01,  1.2133971400000000E-01,  9.5770499999999999E-04,0
1412,  2.7500000000000002E-01,25,  4.3750000000000000E-01,  6.2500000000000000E-01,2,  2.6275377975549868E-01,82,5,502,499,3,  7.5317686159436814E-01,  1.0040000000000000E+00,  9.9800000000000000E-01,  8.6068691839547640E-01,  1.2174566400000000E-01,  1.1294440000000001E-03,0
1413,  2.7500000000000002E-01,25,  4.3750000000000000E-01,  6.2500000000000000E-01,3,  2.6275377975549868E-01,82,5,502,499,3,  7.5317686159436814E-01,  1.0040000000000000E+00,  9.9800000000000000E-01,  8.6068691839547640E-01,  1.2239157400000000E-01,  9.5713000000000005E-04,0
1414,  2.7500000000000002E-01,25,  4.3750000000000000E-01,  6.2500000000000000E-01,4,  2.6275377975549868E-01,82,5,502,499,3,  7.5317686159436814E-01,  1.0040000000000000E+00,  9.9800000000000000E-01,  8.6068691839547640E-01,  1.2411388800000001E-01,  9.4707600000000004E-04,0
1415,  2.7500000000000002E-01,25,  4.3750000000000000E-01,  6.2500000000000000E-01,5,  2.6275377975549868E-01,82,5,502,499,3,  7.5317686159436814E-01,  1.0040000000000000E+00,  9.9800000000000000E-01,  8.6068691839547640E-01,  1.2402212000000000E-01,  9.6438000000000003E-04,0
1416,  2.7500000000000002E-01,25,  4.3750000000000000E-01,  8.1250000000000000E-01,1,  2.6275377975549868E-01,82,2,499,499,0,  9.9305786680741881E-01,  9.9800000000000000E-01,  9.9800000000000000E-01,  9.9552279980987957E-01,  1.2549743699999999E-01,  9.5728499999999999E-04,0
1417,  2.7500000000000002E-01,25,  4.3750000000000000E-01,  8.1250000000000000E-01,2,  2.6275377975549868E-01,82,5,502,499,3,  7.5317686159436814E-01,  1.0040000000000000E+00,  9.9800000000000000E-01,  8.6068691839547640E-01,  1.2087894000000000E-01,  9.3161700000000004E-04,0
1418,  2.7500000000000002E-01,25,  4.3750000000000000E-01,  8.1250000000000000E-01,3,  2.6275377975549868E-01,82,5,502,499,3,  7.5317686159436814E-01,  1.0040000000000000E+00,  9.9800000000000000E-01,  8.6068691839547640E-01,  1.2660671200000001E-01,  1.1638510000000000E-03,0
1419,  2.7500000000000002E-01,25,  4.3750000000000000E-01,  8.1250000000000000E-01,4,  2.6275377975549868E-01,82,5,502,499,3,  7.5317686159436814E-01,  1.0040000000000000E+00,  9.9800000000000000E-01,  8.6068691839547640E-01,  1.2555074099999999E-01,  9.5894899999999996E-04,0
1420,  2.7500000000000002E-01,25,  4.3750000000000000E-01,  8.1250000000000000E-01,5,  2.6275377975549868E-01,82,5,502,499,3,  7.5317686159436814E-01,  1.0040000000000000E+00,  9.9800000000000000E-01,  8.6068691839547640E-01,  1.2451908400000000E-01,  9.8908799999999995E-04,0
1421,  2.7500000000000002E-01,25,  4.3750000000000000E-01,  1.0000000000000000E+00,1,  2.6275377975549868E-01,82,2,499,499,0,  9.9305786680741881E-01,  9.9800000000000000E-01,  9.9800000000000000E-01,  9.9552279980987957E-01,  1.2372297300000000E-01,  9.7138300000000003E-04,0
1422,  2.7500000000000002E-01,25,  4.3750000000000000E-01,  1.0000000000000000E+00,2,  2.6275377975549868E-01,82,5,502,499,3,  7.5317686159436814E-01,  1.0040000000000000E+00,  9.9800000000000000E-01,  8.6068691839547640E-01,  1.2209140500000000E-01,  9.9003299999999997E-04,0
1423,  2.7500000000000002E-01,25,  4.3750000000000000E-01,  1.0000000000000000E+00,3,  2.6275377975549868E-01,82,5,502,499,3,  7.5317686159436814E-01,  1.0040000000000000E+00,  9.9800000000000000E-01,  8.6068691839547640E-01,  1.2350060700000000E-01,  9.7877199999999993E-04,0
1424,  2.7500000000000002E-01,25,  4.3750000000000000E-01,  1.0000000000000000E+00,4,  2.6275377975549868E-01,82,5,502,499,3,  7.5317686159436814E-01,  1.0040000000000000E+00,  9.9800000000000000E-01,  8.6068691839547640E-01,  1.2347018100000000E-01,  9.2405999999999999E-04,0
1425,  2.7500000000000002E-01,25,  4.3750000000000000E-01,  1.0000000000000000E+00,5,  2.6275377975549868E-01,82,5,502,499,3,  7.5317686159436814E-01,  1.0040000000000000E+00,  9.9800000000000000E-01,  8.6068691839547640E-01,  1.2235073400000000E-01,  9.1658600000000005E-04,0
1426,  2.7500000000000002E-01,25,  6.2500000000000000E-01,  2.5000000000000000E-01,1,  2.6275377975549868E-01,82,2,500,500,0,  9.9388797400123818E-01,  1.0000000000000000E+00,  1.0000000000000000E+00,  9.9693461915691450E-01,  1.7360524599999999E-01,  1.0316769999999999E-03,0
1427,  2.7500000000000002E-01,25,  6.2500000000000000E-01,  2.5000000000000000E-01,2,  2.6275377975549868E-01,82,2,500,500,0,  9.9388797400123818E-01,  1.0000000000000000E+00,  1.0000000000000000E+00,  9.9693461915691450E-01,  1.4179521400000000E-01,  9.1497699999999998E-04,0
1428,  2.7500000000000002E-01,25,  6.2500000000000000E-01,  2.5000000000000000E-01,3,  2.6275377975549868E-01,82,2,500,500,0,  9.9388797400123818E-01,  1.0000000000000000E+00,  1.0000000000000000E+00,  9.9693461915691450E-01,  1.4394848900000001E-01,  9.6196599999999997E-04,0
1429,  2.7500000000000002E-01,25,  6.2500000000000000E-01,  2.5000000000000000E-01,4,  2.6275377975549868E-01,82,2,500,500,0,  9.9388797400123818E-01,  1.0000000000000000E+00,  1.0000000000000000E+00,  9.9693461915691450E-01,  1.4172873000000000E-01,  9.1277500000000000E-04,0
1430,  2.7500000000000002E-01,25,  6.2500000000000000E-01,  2.5000000000000000E-01,5,  2.6275377975549868E-01,82,3,504,500,4,  9.0108549162476392E-01,  1.0080000000000000E+00,  1.0000000000000000E+00,  9.5154897938566474E-01,  1.4255580200000001E-01,  1.0216920000000000E-03,0
1431,  2.7500000000000002E-01,25,  6.2500000000000000E-01,  4.3750000000000000E-01,1,  2.6275377975549868E-01,82,2,500,500,0,  9.9388797400123818E-01,  1.0000000000000000E+00,  1.0000000000000000E+00,  9.9693461915691450E-01,  1.4325708200000001E-01,  9.7824999999999995E-04,0
1432,  2.7500000000000002E-01,25,  6.2500000000000000E-01,  4.3750000000000000E-01,2,  2.6275377975549868E-01,82,2,500,500,0,  9.9388797400123818E-01,  1.0000000000000000E+00,  1.0000000000000000E+00,  9.9693461915691450E-01,  1.4266698799999999E-01,  1.2698770000000000E-03,0
1433,  2.7500000000000002E-01,25,  6.2500000000000000E-01,  4.3750000000000000E-01,3,  2.6275377975549868E-01,82,2,500,500,0,  9.9388797400123818E-01,  1.0000000000000000E+00,  1.0000000000000000E+00,  9.9693461915691450E-01,  1.4194349000000001E-01,  1.3036759999999999E-03,0
1434,  2.7500000000000002E-01,25,  6.2500000000000000E-01,  4.3750000000000000E-01,4,  2.6275377975549868E-01,82,2,500,500,0,  9.9388797400123818E-01,  1.0000000000000000E+00,  1.0000000000000000E+00,  9.9693461915691450E-01,  1.4169635700000000E-01,  1.0963679999999999E-03,0
1435,  2.7500000000000002E-01,25,  6.2500000000000000E-01,  4.3750000000000000E-01,5,  2.6275377975549868E-01,82,3,504,500,4,  9.0108549162476392E-01,  1.0080000000000000E+00,  1.0000000000000000E+00,  9.5154897938566474E-01,  1.4676228299999999E-01,  1.4493780000000001E-03,0
1436,  2.7500000000000002E-01,25,  6.2500000000000000E-01,  6.2500000000000000E-01,1,  2.6275377975549868E-01,82,2,500,500,0,  9.9388797400123818E-01,  1.0000000000000000E+00,  1.0000000000000000E+00,  9.9693461915691450E-01,  1.4801815700000001E-01,  9.5831099999999999E-04,0
1437,  2.7500000000000002E-01,25,  6.2500000000000000E-01,  6.2500000000000000E-01,2,  2.6275377975549868E-01,82,2,500,500,0,  9.9388797400123818E-01,  1.0000000000000000E+00,  1.0000000000000000E+00,  9.9693461915691450E-01,  1.4227509099999999E-01,  1.0682680000000000E-03,0
1438,  2.7500000000000002E-01,25,  6.2500000000000000E-01,  6.2500000000000000E-01,3,  2.6275377975549868E-01,82,2,500,500,0,  9.9388797400123818E-01,  1.0000000000000000E+00,  1.0000000000000000E+00,  9.9693461915691450E-01,  1.5896887800000001E-01,  9.6347700000000002E-04,0
1439,  2.7500000000000002E-01,25,  6.2500000000000000E-01,  6.2500000000000000E-01,4,  2.6275377975549868E-01,82,2,500,500,0,  9.9388797400123818E-01,  1.0000000000000000E+00,  1.0000000000000000E+00,  9.9693461915691450E-01,  1.4334573400000000E-01,  1.0878640000000000E-03,0
1440,  2.7500000000000002E-01,25,  6.2500000000000000E-01,  6.2500000000000000E-01,5,  2.6275377975549868E-01,82,3,504,500,4,  9.0108549162476392E-01,  1.0080000000000000E+00,  1.0000000000000000E+00,  9.5154897938566474E-01,  1.4498430300000001E-01,  9.7896000000000007E-04,0
1441,  2.7500000000000002E-01,25,  6.2500000000000000E-01,  8.1250000000000000E-01,1,  2.6275377975549868E-01,82,2,500,500,0,  9.9388797400123818E-01,  1.0000000000000000E+00,  1.0000000000000000E+00,  9.9693461915691450E-01,  1.4251820800000001E-01,  1.2304470000000000E-03,0
1442,  2.7500000000000002E-01,25,  6.2500000000000000E-01,  8.1250000000000000E-01,2,  2.6275377975549868E-01,82,2,500,500,0,  9.9388797400123818E-01,  1.0000000000000000E+00,  1.0000000000000000E+00,  9.9693461915691450E-01,  1.4861189200000000E-01,  1.0168760000000001E-03,0
1443,  2.7500000000000002E-01,25,  6.2500000000000000E-01,  8.1250000000000000E-01,3,  2.6275377975549868E-01,82,2,500,500,0,  9.9388797400123818E-01,  1.0000000000000000E+00,  1.0000000000000000E+00,  9.9693461915691450E-01,  1.4182797300000000E-01,  1.3966180000000001E-03,0
1444,  2.7500000000000002E-01,25,  6.2500000000000000E-01,  8.1250000000000000E-01,4,  2.6275377975549868E-01,82,2,500,500,0,  9.9388797400123818E-01,  1.0000000000000000E+00,  1.0000000000000000E+00,  9.9693461915691450E-01,  1.4305081900000000E-01,  1.1586109999999999E-03,0
1445,  2.7500000000000002E-01,25,  6.2500000000000000E-01,  8.1250000000000000E-01,5,  2.6275377975549868E-01,82,3,504,500,4,  9.0108549162476392E-01,  1.0080000000000000E+00,  1.0000000000000000E+00,  9.5154897938566474E-01,  1.4129590500000000E-01,  9.3974399999999995E-04,0
1446,  2.7500000000000002E-01,25,  6.2500000000000000E-01,  1.0000000000000000E+00,1,  2.6275377975549868E-01,82,2,500,500,0,  9.9388797400123818E-01,  1.0000000000000000E+00,  1.0000000000000000E+00,  9.9693461915691450E-01,  1.4225478999999999E-01,  9.2856700000000004E-04,0
1447,  2.7500000000000002E-01,25,  6.2500000000000000E-01,  1.0000000000000000E+00,2,  2.6275377975549868E-01,82,2,500,500,0,  9.9388797400123818E-01,  1.0000000000000000E+00,  1.0000000000000000E+00,  9.9693461915691450E-01,  1.4552887700000000E-01,  9.6770899999999997E-04,0
1448,  2.7500000000000002E-01,25,  6.2500000000000000E-01,  1.0000000000000000E+00,3,  2.6275377975549868E-01,82,2,500,500,0,  9.9388797400123818E-01,  1.0000000000000000E+00,  1.0000000000000000E+00,  9.9693461915691450E-01,  1.4254478200000001E-01,  9.7575600000000004E-04,0
1449,  2.7500000000000002E-01,25,  6.2500000000000000E-01,  1.0000000000000000E+00,4,  2.6275377975549868E-01,82,2,500,500,0,  9.9388797400123818E-01,  1.0000000000000000E+00,  1.0000000000000000E+00,  9.9693461915691450E-01,  1.4961093800000000E-01,  1.0340460000000001E-03,0
1450,  2.7500000000000002E-01,25,  6.2500000000000000E-01,  1.0000000000000000E+00,5,  2.6275377975549868E-01,82,3,504,500,4,  9.0108549162476392E-01,  1.0080000000000000E+00,  1.0000000000000000E+00,  9.5154897938566474E-01,  1.4478506799999999E-01,  9.6949899999999997E-04,0
1451,  2.7500000000000002E-01,25,  8.1250000000000000E-01,  2.5000000000000000E-01,1,  2.6275377975549868E-01,82,2,500,500,0,  9.9388797400123818E-01,  1.0000000000000000E+00,  1.0000000000000000E+00,  9.9693461915691450E-01,  1.6589775900000001E-01,  9.2210800000000004E-04,0
1452,  2.7500000000000002E-01,25,  8.1250000000000000E-01,  2.5000000000000000E-01,2,  2.6275377975549868E-01,82,2,500,500,0,  9.9388797400123818E-01,  1.0000000000000000E+00,  1.0000000000000000E+00,  9.9693461915691450E-01,  1.6636140299999999E-01,  9.2654599999999999E-04,0
1453,  2.7500000000000002E-01,25,  8.1250000000000000E-01,  2.5000000000000000E-01,3,  2.6275377975549868E-01,82,2,500,500,0,  9.9388797400123818E-01,  1.0000000000000000E+00,  1.0000000000000000E+00,  9.9693461915691450E-01,  1.6909694100000000E-01,  9.2935800000000003E-04,0
1454,  2.7500000000000002E-01,25,  8.1250000000000000E-01,  2.5000000000000000E-01,4,  2.6275377975549868E-01,82,2,500,500,0,  9.9388797400123818E-01,  1.0000000000000000E+00,  1.0000000000000000E+00,  9.9693461915691450E-01,  1.6901134100000001E-01,  9.3282100000000002E-04,0
1455,  2.7500000000000002E-01,25,  8.1250000000000000E-01,  2.5000000000000000E-01,5,  2.6275377975549868E-01,82,2,500,500,0,  9.9388797400123818E-01,  1.0000000000000000E+00,  1.0000000000000000E+00,  9.9693461915691450E-01,  1.6706401500000001E-01,  9.4720600000000002E-04,0
1456,  2.7500000000000002E-01,25,  8.1250000000000000E-01,  4.3750000000000000E-01,1,  2.6275377975549868E-01,82,2,500,500,0,  9.9388797400123818E-01,  1.0000000000000000E+00,  1.0000000000000000E+00,  9.9693461915691450E-01,  1.6772255699999999E-01,  1.0572610000000001E-03,0
1457,  2.7500000000000002E-01,25,  8.1250000000000000E-01,  4.3750000000000000E-01,2,  2.6275377975549868E-01,82,2,500,500,0,  9.9388797400123818E-01,  1.0000000000000000E+00,  1.0000000000000000E+00,  9.9693461915691450E-01,  1.6907831400000001E-01,  9.2276999999999995E-04,0
1458,  2.7500000000000002E-01,25,  8.1250000000000000E-01,  4.3750000000000000E-01,3,  2.6275377975549868E-01,82,2,500,500,0,  9.9388797400123818E-01,  1.0000000000000000E+00,  1.0000000000000000E+00,  9.9693461915691450E-01,  1.6635875899999999E-01,  9.4356699999999997E-04,0
1459,  2.7500000000000002E-01,25,  8.1250000000000000E-01,  4.3750000000000000E-01,4,  2.6275377975549868E-01,82,2,500,500,0,  9.9388797400123818E-01,  1.0000000000000000E+00,  1.0000000000000000E+00,  9.9693461915691450E-01,  1.6875270200000000E-01,  9.5146399999999996E-04,0
1460,  2.7500000000000002E-01,25,  8.1250000000000000E-01,  4.3750000000000000E-01,5,  2.6275377975549868E-01,82,2,500,500,0,  9.9388797400123818E-01,  1.0000000000000000E+00,  1.0000000000000000E+00,  9.9693461915691450E-01,  1.6313769400000000E-01,  9.3881900000000003E-04,0
1461,  2.7500000000000002E-01,25,  8.1250000000000000E-01,  6.2500000000000000E-01,1,  2.6275377975549868E-01,82,2,500,500,0,  9.9388797400123818E-01,  1.0000000000000000E+00,  1.0000000000000000E+00,  9.9693461915691450E-01,  1.6779003600000000E-01,  9.6589300000000000E-04,0
1462,  2.7500000000000002E-01,25,  8.1250000000000000E-01,  6.2500000000000000E-01,2,  2.6275377975549868E-01,82,2,500,500,0,  9.9388797400123818E-01,  1.0000000000000000E+00,  1.0000000000000000E+00,  9.9693461915691450E-01,  1.6365453899999999E-01,  9.3684900000000002E-04,0
1463,  2.7500000000000002E-01,25,  8.1250000000000000E-01,  6.2500000000000000E-01,3,  2.6275377975549868E-01,82,2,500,500,0,  9.9388797400123818E-01,  1.0000000000000000E+00,  1.0000000000000000E+00,  9.9693461915691450E-01,  1.6855197999999999E-01,  9.6476999999999999E-04,0
1464,  2.7500000000000002E-01,25,  8.1250000000000000E-01,  6.2500000000000000E-01,4,  2.6275377975549868E-01,82,2,500,500,0,  9.9388797400123818E-01,  1.0000000000000000E+00,  1.0000000000000000E+00,  9.9693461915691450E-01,  1.6693832700000000E-01,  1.0701080000000000E-03,0
1465,  2.7500000000000002E-01,25,  8.1250000000000000E-01,  6.2500000000000000E-01,5,  2.6275377975549868E-01,82,2,500,500,0,  9.9388797400123818E-01,  1.0000000000000000E+00,  1.0000000000000000E+00,  9.9693461915691450E-01,  1.7171936099999999E-01,  9.6771499999999996E-04,0
1466,  2.7500000000000002E-01,25,  8.1250000000000000E-01,  8.1250000000000000E-01,1,  2.6275377975549868E-01,82,2,500,500,0,  9.9388797400123818E-01,  1.0000000000000000E+00,  1.0000000000000000E+00,  9.9693461915691450E-01,  1.6728531299999999E-01,  9.5636899999999999E-04,0
1467,  2.7500000000000002E-01,25,  8.1250000000000000E-01,  8.1250000000000000E-01,2,  2.6275377975549868E-01,82,2,500,500,0,  9.9388797400123818E-01,  1.0000000000000000E+00,  1.0000000000000000E+00,  9.9693461915691450E-01,  1.7268534799999999E-01,  9.4862600000000005E-04,0
1468,  2.7500000000000002E-01,25,  8.1250000000000000E-01,  8.1250000000000000E-01,3,  2.6275377975549868E-01,82,2,500,500,0,  9.9388797400123818E-01,  1.0000000000000000E+00,  1.0000000000000000E+00,  9.9693461915691450E-01,  1.7195958200000000E-01,  9.5784500000000003E-04,0
1469,  2.7500000000000002E-01,25,  8.1250000000000000E-01,  8.1250000000000000E-01,4,  2.6275377975549868E-01,82,2,500,500,0,  9.9388797400123818E-01,  1.0000000000000000E+00,  1.0000000000000000E+00,  9.9693461915691450E-01,  1.6591320800000001E-01,  9.4866400000000000E-04,0
1470,  2.7500000000000002E-01,25,  8.1250000000000000E-01,  8.1250000000000000E-01,5,  2.6275377975549868E-01,82,2,500,500,0,  9.9388797400123818E-01,  1.0000000000000000E+00,  1.0000000000000000E+00,  9.9693461915691450E-01,  1.6944824200000000E-01,  9.5616899999999999E-04,0
1471,  2.7500000000000002E-01,25,  8.1250000000000000E-01,  1.0000000000000000E+00,1,  2.6275377975549868E-01,82,2,500,500,0,  9.9388797400123818E-01,  1.0000000000000000E+00,  1.0000000000000000E+00,  9.9693461915691450E-01,  1.6889776100000001E-01,  1.1235040000000000E-03,0
1472,  2.7500000000000002E-01,25,  8.1250000000000000E-01,  1.0000000000000000E+00,2,  2.6275377975549868E-01,82,2,500,500,0,  9.9388797400123818E-01,  1.0000000000000000E+00,  1.0000000000000000E+00,  9.9693461915691450E-01,  1.7193758400000000E-01,  1.0286970000000001E-03,0
1473,  2.7500000000000002E-01,25,  8.1250000000000000E-01,  1.0000000000000000E+00,3,  2.6275377975549868E-01,82,2,500,500,0,  9.9388797400123818E-01,  1.0000000000000000E+00,  1.0000000000000000E+00,  9.9693461915691450E-01,  1.6880606200000001E-01,  9.8843400000000006E-04,0
1474,  2.7500000000000002E-01,25,  8.1250000000000000E-01,  1.0000000000000000E+00,4,  2.6275377975549868E-01,82,2,500,500,0,  9.9388797400123818E-01,  1.0000000000000000E+00,  1.0000000000000000E+00,  9.9693461915691450E-01,  1.6835280799999999E-01,  9.1507399999999999E-04,0
1475,  2.7500000000000002E-01,25,  8.1250000000000000E-01,  1.0000000000000000E+00,5,  2.6275377975549868E-01,82,2,500,500,0,  9.9388797400123818E-01,  1.0000000000000000E+00,  1.0000000000000000E+00,  9.9693461915691450E-01,  1.6810557000000001E-01,  9.7944700000000004E-04,0
1476,  2.7500000000000002E-01,25,  1.0000000000000000E+00,  2.5000000000000000E-01,1,  2.6275377975549868E-01,82,2,500,500,0,  9.9388797400123818E-01,  1.0000000000000000E+00,  1.0000000000000000E+00,  9.9693461915691450E-01,  2.1008055100000000E-01,  9.9887799999999992E-04,0
1477,  2.7500000000000002E-01,25,  1.0000000000000000E+00,  2.5000000000000000E-01,2,  2.6275377975549868E-01,82,2,500,500,0,  9.9388797400123818E-01,  1.0000000000000000E+00,  1.0000000000000000E+00,  9.9693461915691450E-01,  2.1145268400000000E-01,  9.2278499999999997E-04,0
1478,  2.7500000000000002E-01,25,  1.0000000000000000E+00,  2.5000000000000000E-01,3,  2.6275377975549868E-01,82,2,500,500,0,  9.9388797400123818E-01,  1.0000000000000000E+00,  1.0000000000000000E+00,  9.9693461915691450E-01,  2.0853990500000000E-01,  9.8540400000000005E-04,0
1479,  2.7500000000000002E-01,25,  1.0000000000000000E+00,  2.5000000000000000E-01,4,  2.6275377975549868E-01,82,2,500,500,0,  9.9388797400123818E-01,  1.0000000000000000E+00,  1.0000000000000000E+00,  9.9693461915691450E-01,  2.0378482300000000E-01,  1.0096470000000000E-03,0
1480,  2.7500000000000002E-01,25,  1.0000000000000000E+00,  2.5000000000000000E-01,5,  2.6275377975549868E-01,82,2,500,500,0,  9.9388797400123818E-01,  1.0000000000000000E+00,  1.0000000000000000E+00,  9.9693461915691450E-01,  2.1218925999999999E-01,  1.1060200000000001E-03,0
1481,  2.7500000000000002E-01,25,  1.0000000000000000E+00,  4.3750000000000000E-01,1,  2.6275377975549868E-01,82,2,500,500,0,  9.9388797400123818E-01,  1.0000000000000000E+00,  1.0000000000000000E+00,  9.9693461915691450E-01,  2.1169083100000000E-01,  9.1442200000000002E-04,0
1482,  2.7500000000000002E-01,25,  1.0000000000000000E+00,  4.3750000000000000E-01,2,  2.6275377975549868E-01,82,2,500,500,0,  9.9388797400123818E-01,  1.0000000000000000E+00,  1.0000000000000000E+00,  9.9693461915691450E-01,  2.1301045900000001E-01,  9.7648099999999996E-04,0
1483,  2.7500000000000002E-01,25,  1.0000000000000000E+00,  4.3750000000000000E-01,3,  2.6275377975549868E-01,82,2,500,500,0,  9.9388797400123818E-01,  1.0000000000000000E+00,  1.0000000000000000E+00,  9.9693461915691450E-01,  2.1220229900000001E-01,  9.2013200000000005E-04,0
1484,  2.7500000000000002E-01,25,  1.0000000000000000E+00,  4.3750000000000000E-01,4,  2.6275377975549868E-01,82,2,500,500,0,  9.9388797400123818E-01,  1.0000000000000000E+00,  1.0000000000000000E+00,  9.9693461915691450E-01,  2.1061949099999999E-01,  9.9820500000000006E-04,0
1485,  2.7500000000000002E-01,25,  1.0000000000000000E+00,  4.3750000000000000E-01,5,  2.6275377975549868E-01,82,2,500,500,0,  9.9388797400123818E-01,  1.0000000000000000E+00,  1.0000000000000000E+00,  9.9693461915691450E-01,  2.1129028799999999E-01,  1.0342820000000001E-03,0
1486,  2.7500000000000002E-01,25,  1.0000000000000000E+00,  6.2500000000000000E-01,1,  2.6275377975549868E-01,82,2,500,500,0,  9.9388797400123818E-01,  1.0000000000000000E+00,  1.0000000000000000E+00,  9.9693461915691450E-01,  2.0598908299999999E-01,  9.5140800000000005E-04,0
1487,  2.7500000000000002E-01,25,  1.0000000000000000E+00,  6.2500000000000000E-01,2,  2.6275377975549868E-01,82,2,500,500,0,  9.9388797400123818E-01,  1.0000000000000000E+00,  1.0000000000000000E+00,  9.9693461915691450E-01,  2.0803258799999999E-01,  9.6868500000000005E-04,0
1488,  2.7500000000000002E-01,25,  1.0000000000000000E+00,  6.2500000000000000E-01,3,  2.6275377975549868E-01,82,2,500,500,0,  9.9388797400123818E-01,  1.0000000000000000E+00,  1.0000000000000000E+00,  9.9693461915691450E-01,  2.1936330300000001E-01,  1.3006050000000000E-03,0
1489,  2.7500000000000002E-01,25,  1.0000000000000000E+00,  6.2500000000000000E-01,4,  2.6275377975549868E-01,82,2,500,500,0,  9.9388797400123818E-01,  1.0000000000000000E+00,  1.0000000000000000E+00,  9.9693461915691450E-01,  2.1376523300000000E-01,  1.1766299999999999E-03,0
1490,  2.7500000000000002E-01,25,  1.0000000000000000E+00,  6.2500000000000000E-01,5,  2.6275377975549868E-01,82,2,500,500,0,  9.9388797400123818E-01,  1.0000000000000000E+00,  1.0000000000000000E+00,  9.9693461915691450E-01,  2.1885029000000000E-01,  1.0143159999999999E-03,0
1491,  2.7500000000000002E-01,25,  1.0000000000000000E+00,  8.1250000000000000E-01,1,  2.6275377975549868E-01,82,2,500,500,0,  9.9388797400123818E-01,  1.0000000000000000E+00,  1.0000000000000000E+00,  9.9693461915691450E-01,  2.1132371599999999E-01,  1.2045980000000001E-03,0
1492,  2.7500000000000002E-01,25,  1.0000000000000000E+00,  8.1250000000000000E-01,2,  2.6275377975549868E-01,82,2,500,500,0,  9.9388797400123818E-01,  1.0000000000000000E+00,  1.0000000000000000E+00,  9.9693461915691450E-01,  2.1057421300000001E-01,  9.6045199999999999E-04,0
1493,  2.7500000000000002E-01,25,  1.0000000000000000E+00,  8.1250000000000000E-01,3,  2.6275377975549868E-01,82,2,500,500,0,  9.9388797400123818E-01,  1.0000000000000000E+00,  1.0000000000000000E+00,  9.9693461915691450E-01,  2.0995592099999999E-01,  9.8871900000000010E-04,0
1494,  2.7500000000000002E-01,25,  1.0000000000000000E+00,  8.1250000000000000E-01,4,  2.6275377975549868E-01,82,2,500,500,0,  9.9388797400123818E-01,  1.0000000000000000E+00,  1.0000000000000000E+00,  9.9693461915691450E-01,  2.1028449099999999E-01,  1.0898119999999999E-03,0
1495,  2.7500000000000002E-01,25,  1.0000000000000000E+00,  8.1250000000000000E-01,5,  2.6275377975549868E-01,82,2,500,500,0,  9.9388797400123818E-01,  1.0000000000000000E+00,  1.0000000000000000E+00,  9.9693461915691450E-01,  2.1030815400000000E-01,  9.1413400000000004E-04,0
1496,  2.7500000000000002E-01,25,  1.0000000000000000E+00,  1.0000000000000000E+00,1,  2.6275377975549868E-01,82,2,500,500,0,  9.9388797400123818E-01,  1.0000000000000000E+00,  1.0000000000000000E+00,  9.9693461915691450E-01,  2.0914089499999999E-01,  1.0126930000000001E-03,0
1497,  2.7500000000000002E-01,25,  1.0000000000000000E+00,  1.0000000000000000E+00,2,  2.6275377975549868E-01,82,2,500,500,0,  9.9388797400123818E-01,  1.0000000000000000E+00,  1.0000000000000000E+00,  9.9693461915691450E-01,  2.0643782299999999E-01,  9.9482400000000006E-04,0
1498,  2.7500000000000002E-01,25,  1.0000000000000000E+00,  1.0000000000000000E+00,3,  2.6275377975549868E-01,82,2,500,500,0,  9.9388797400123818E-01,  1.0000000000000000E+00,  1.0000000000000000E+00,  9.9693461915691450E-01,  2.1628172500000001E-01,  9.7489600000000005E-04,0
1499,  2.7500000000000002E-01,25,  1.0000000000000000E+00,  1.0000000000000000E+00,4,  2.6275377975549868E-01,82,2,500,500,0,  9.9388797400123818E-01,  1.0000000000000000E+00,  1.0000000000000000E+00,  9.9693461915691450E-01,  2.1024449500000000E-01,  1.0085400000000000E-03,0
1500,  2.7500000000000002E-01,25,  1.0000000000000000E+00,  1.0000000000000000E+00,5,  2.6275377975549868E-01,82,2,500,500,0,  9.9388797400123818E-01,  1.0000000000000000E+00,  1.0000000000000000E+00,  9.9693461915691450E-01,  2.0599684600000001E-01,  9.0813099999999996E-04,0
1501,  2.7500000000000002E-01,35,  2.5000000000000000E-01,  2.5000000000000000E-01,1,  2.6275377975549868E-01,63,8,465,465,0,  5.4582563672705664E-01,  9.3000000000000005E-01,  9.3000000000000005E-01,  6.8791031883943743E-01,  7.4298383999999995E-02,  9.2261700000000003E-04,0
1502,  2.7500000000000002E-01,35,  2.5000000000000000E-01,  2.5000000000000000E-01,2,  2.6275377975549868E-01,63,8,465,465,0,  5.4582563672705664E-01,  9.3000000000000005E-01,  9.3000000000000005E-01,  6.8791031883943743E-01,  7.3257030000000001E-02,  8.7263599999999998E-04,0
1503,  2.7500000000000002E-01,35,  2.5000000000000000E-01,  2.5000000000000000E-01,3,  2.6275377975549868E-01,63,8,465,465,0,  5.4582563672705664E-01,  9.3000000000000005E-01,  9.3000000000000005E-01,  6.8791031883943743E-01,  7.3598959000000005E-02,  9.2829999999999996E-04,0
1504,  2.7500000000000002E-01,35,  2.5000000000000000E-01,  2.5000000000000000E-01,4,  2.6275377975549868E-01,63,8,465,465,0,  5.4582563672705664E-01,  9.3000000000000005E-01,  9.3000000000000005E-01,  6.8791031883943743E-01,  7.1749317000000007E-02,  9.1511600000000000E-04,0
1505,  2.7500000000000002E-01,35,  2.5000000000000000E-01,  2.5000000000000000E-01,5,  2.6275377975549868E-01,63,8,465,465,0,  5.4582563672705664E-01,  9.3000000000000005E-01,  9.3000000000000005E-01,  6.8791031883943743E-01,  7.2492950000000000E-02,  9.2066700000000001E-04,0
1506,  2.7500000000000002E-01,35,  2.5000000000000000E-01,  4.3750000000000000E-01,1,  2.6275377975549868E-01,63,8,465,465,0,  5.4582563672705664E-01,  9.3000000000000005E-01,  9.3000000000000005E-01,  6.8791031883943743E-01,  7.3960072000000002E-02,  9.3869899999999998E-04,0
1507,  2.7500000000000002E-01,35,  2.5000000000000000E-01,  4.3750000000000000E-01,2,  2.6275377975549868E-01,63,8,465,465,0,  5.4582563672705664E-01,  9.3000000000000005E-01,  9.3000000000000005E-01,  6.8791031883943743E-01,  7.2369933999999997E-02,  9.4995300000000002E-04,0
1508,  2.7500000000000002E-01,35,  2.5000000000000000E-01,  4.3750000000000000E-01,3,  2.6275377975549868E-01,63,8,465,465,0,  5.4582563672705664E-01,  9.3000000000000005E-01,  9.3000000000000005E-01,  6.8791031883943743E-01,  7.2744758000000007E-02,  8.8147699999999998E-04,0
1509,  2.7500000000000002E-01,35,  2.5000000000000000E-01,  4.3750000000000000E-01,4,  2.6275377975549868E-01,63,8,465,465,0,  5.4582563672705664E-01,  9.3000000000000005E-01,  9.3000000000000005E-01,  6.8791031883943743E-01,  7.3912979000000004E-02,  9.3440400000000001E-04,0
1510,  2.7500000000000002E-01,35,  2.5000000000000000E-01,  4.3750000000000000E-01,5,  2.6275377975549868E-01,63,8,465,465,0,  5.4582563672705664E-01,  9.3000000000000005E-01,  9.3000000000000005E-01,  6.8791031883943743E-01,  7.6253394000000002E-02,  9.9378800000000001E-04,0
1511,  2.7500000000000002E-01,35,  2.5000000000000000E-01,  6.2500000000000000E-01,1,  2.6275377975549868E-01,63,8,465,465,0,  5.4582563672705664E-01,  9.3000000000000005E-01,  9.3000000000000005E-01,  6.8791031883943743E-01,  7.5517246999999996E-02,  9.7897499999999998E-04,0
1512,  2.7500000000000002E-01,35,  2.5000000000000000E-01,  6.2500000000000000E-01,2,  2.6275377975549868E-01,63,8,465,465,0,  5.4582563672705664E-01,  9.3000000000000005E-01,  9.3000000000000005E-01,  6.8791031883943743E-01,  7.2458755999999999E-02,  9.0361399999999996E-04,0
1513,  2.7500000000000002E-01,35,  2.5000000000000000E-01,  6.2500000000000000E-01,3,  2.6275377975549868E-01,63,8,465,465,0,  5.4582563672705664E-01,  9.3000000000000005E-01,  9.3000000000000005E-01,  6.8791031883943743E-01,  7.1930250000000001E-02,  9.6913299999999995E-04,0
1514,  2.7500000000000002E-01,35,  2.5000000000000000E-01,  6.2500000000000000E-01,4,  2.6275377975549868E-01,63,8,465,465,0,  5.4582563672705664E-01,  9.3000000000000005E-01,  9.3000000000000005E-01,  6.8791031883943743E-01,  7.3375173000000002E-02,  9.2109500000000003E-04,0
1515,  2.7500000000000002E-01,35,  2.5000000000000000E-01,  6.2500000000000000E-01,5,  2.6275377975549868E-01,63,8,465,465,0,  5.4582563672705664E-01,  9.3000000000000005E-01,  9.3000000000000005E-01,  6.8791031883943743E-01,  7.1419751000000004E-02,  9.6557000000000001E-04,0
1516,  2.7500000000000002E-01,35,  2.5000000000000000E-01,  8.1250000000000000E-01,1,  2.6275377975549868E-01,63,8,465,465,0,  5.4582563672705664E-01,  9.3000000000000005E-01,  9.3000000000000005E-01,  6.8791031883943743E-01,  7.2268729000000004E-02,  8.9570000000000003E-04,0
1517,  2.7500000000000002E-01,35,  2.5000000000000000E-01,  8.1250000000000000E-01,2,  2.6275377975549868E-01,63,8,465,465,0,  5.4582563672705664E-01,  9.3000000000000005E-01,  9.3000000000000005E-01,  6.8791031883943743E-01,  7.3078942999999993E-02,  9.4443100000000002E-04,0
1518,  2.7500000000000002E-01,35,  2.5000000000000000E-01,  8.1250000000000000E-01,3,  2.6275377975549868E-01,63,8,465,465,0,  5.4582563672705664E-01,  9.3000000000000005E-01,  9.3000000000000005E-01,  6.8791031883943743E-01,  7.4201543999999994E-02,  1.3028890000000000E-03,0
1519,  2.7500000000000002E-01,35,  2.5000000000000000E-01,  8.1250000000000000E-01,4,  2.6275377975549868E-01,63,8,465,465,0,  5.4582563672705664E-01,  9.3000000000000005E-01,  9.3000000000000005E-01,  6.8791031883943743E-01,  7.6632759999999994E-02,  8.9466100000000005E-04,0
1520,  2.7500000000000002E-01,35,  2.5000000000000000E-01,  8.1250000000000000E-01,5,  2.6275377975549868E-01,63,8,465,465,0,  5.4582563672705664E-01,  9.3000000000000005E-01,  9.3000000000000005E-01,  6.8791031883943743E-01,  7.1181826000000004E-02,  9.4762999999999998E-04,0
1521,  2.7500000000000002E-01,35,  2.5000000000000000E-01,  1.0000000000000000E+00,1,  2.6275377975549868E-01,63,8,465,465,0,  5.4582563672705664E-01,  9.3000000000000005E-01,  9.3000000000000005E-01,  6.8791031883943743E-01,  7.2971546999999998E-02,  9.4290499999999996E-04,0
1522,  2.7500000000000002E-01,35,  2.5000000000000000E-01,  1.0000000000000000E+00,2,  2.6275377975549868E-01,63,8,465,465,0,  5.4582563672705664E-01,  9.3000000000000005E-01,  9.3000000000000005E-01,  6.8791031883943743E-01,  7.5660687000000004E-02,  9.5300900000000000E-04,0
1523,  2.7500000000000002E-01,35,  2.5000000000000000E-01,  1.0000000000000000E+00,3,  2.6275377975549868E-01,63,8,465,465,0,  5.4582563672705664E-01,  9.3000000000000005E-01,  9.3000000000000005E-01,  6.8791031883943743E-01,  7.4541283000000000E-02,  9.2534699999999998E-04,0
1524,  2.7500000000000002E-01,35,  2.5000000000000000E-01,  1.0000000000000000E+00,4,  2.6275377975549868E-01,63,8,465,465,0,  5.4582563672705664E-01,  9.3000000000000005E-01,  9.3000000000000005E-01,  6.8791031883943743E-01,  7.3650529000000006E-02,  9.1683499999999996E-04,0
1525,  2.7500000000000002E-01,35,  2.5000000000000000E-01,  1.0000000000000000E+00,5,  2.6275377975549868E-01,63,8,465,465,0,  5.4582563672705664E-01,  9.3000000000000005E-01,  9.3000000000000005E-01,  6.8791031883943743E-01,  7.5858249000000003E-02,  9.0324999999999997E-04,0
1526,  2.7500000000000002E-01,35,  4.3750000000000000E-01,  2.5000000000000000E-01,1,  2.6275377975549868E-01,63,2,494,494,0,  9.8942501039894670E-01,  9.8799999999999999E-01,  9.8799999999999999E-01,  9.8871199174014446E-01,  9.5627853999999998E-02,  1.1263619999999999E-03,0
1527,  2.7500000000000002E-01,35,  4.3750000000000000E-01,  2.5000000000000000E-01,2,  2.6275377975549868E-01,63,2,494,494,0,  9.8942501039894670E-01,  9.8799999999999999E-01,  9.8799999999999999E-01,  9.8871199174014446E-01,  9.5116378000000001E-02,  1.0257930000000001E-03,0
1528,  2.7500000000000002E-01,35,  4.3750000000000000E-01,  2.5000000000000000E-01,3,  2.6275377975549868E-01,63,2,494,494,0,  9.8942501039894670E-01,  9.8799999999999999E-01,  9.8799999999999999E-01,  9.8871199174014446E-01,  9.5019065000000000E-02,  9.6082899999999996E-04,0
1529,  2.7500000000000002E-01,35,  4.3750000000000000E-01,  2.5000000000000000E-01,4,  2.6275377975549868E-01,63,3,497,494,3,  8.9454883604073432E-01,  9.9399999999999999E-01,  9.8799999999999999E-01,  9.4165586407457991E-01,  9.4397640000000005E-02,  9.2560299999999999E-04,0
1530,  2.7500000000000002E-01,35,  4.3750000000000000E-01,  2.5000000000000000E-01,5,  2.6275377975549868E-01,63,4,501,494,7,  8.3365700938364273E-01,  1.0020000000000000E+00,  9.8799999999999999E-01,  9.1010937133935099E-01,  9.5199639000000003E-02,  1.0457310000000000E-03,0
1531,  2.7500000000000002E-01,35,  4.3750000000000000E-01,  4.3750000000000000E-01,1,  2.6275377975549868E-01,63,2,494,494,0,  9.8942501039894670E-01,  9.8799999999999999E-01,  9.8799999999999999E-01,  9.8871199174014446E-01,  9.5439772000000006E-02,  1.0631670000000001E-03,0
1532,  2.7500000000000002E-01,35,  4.3750000000000000E-01,  4.3750000000000000E-01,2,  2.6275377975549868E-01,63,2,494,494,0,  9.8942501039894670E-01,  9.8799999999999999E-01,  9.8799999999999999E-01,  9.8871199174014446E-01,  9.4759325000000005E-02,  9.4357600000000001E-04,0
1533,  2.7500000000000002E-01,35,  4.3750000000000000E-01,  4.3750000000000000E-01,3,  2.6275377975549868E-01,63,2,494,494,0,  9.8942501039894670E-01,  9.8799999999999999E-01,  9.8799999999999999E-01,  9.8871199174014446E-01,  9.5617169000000002E-02,  1.0215920000000000E-03,0
1534,  2.7500000000000002E-01,35,  4.3750000000000000E-01,  4.3750000000000000E-01,4,  2.6275377975549868E-01,63,3,497,494,3,  8.9454883604073432E-01,  9.9399999999999999E-01,  9.8799999999999999E-01,  9.4165586407457991E-01,  9.4517488999999996E-02,  1.1737020000000000E-03,0
1535,  2.7500000000000002E-01,35,  4.3750000000000000E-01,  4.3750000000000000E-01,5,  2.6275377975549868E-01,63,4,501,494,7,  8.3365700938364273E-01,  1.0020000000000000E+00,  9.8799999999999999E-01,  9.1010937133935099E-01,  9.4485155000000001E-02,  9.4890800000000004E-04,0
1536,  2.7500000000000002E-01,35,  4.3750000000000000E-01,  6.2500000000000000E-01,1,  2.6275377975549868E-01,63,2,494,494,0,  9.8942501039894670E-01,  9.8799999999999999E-01,  9.8799999999999999E-01,  9.8871199174014446E-01,  9.4674568000000001E-02,  9.6946700000000001E-04,0
1537,  2.7500000000000002E-01,35,  4.3750000000000000E-01,  6.2500000000000000E-01,2,  2.6275377975549868E-01,63,2,494,494,0,  9.8942501039894670E-01,  9.8799999999999999E-01,  9.8799999999999999E-01,  9.8871199174014446E-01,  9.6482627000000001E-02,  1.0173599999999999E-03,0
1538,  2.7500000000000002E-01,35,  4.3750000000000000E-01,  6.2500000000000000E-01,3,  2.6275377975549868E-01,63,2,494,494,0,  9.8942501039894670E-01,  9.8799999999999999E-01,  9.8799999999999999E-01,  9.8871199174014446E-01,  9.2811710000000006E-02,  9.1796100000000002E-04,0
1539,  2.7500000000000002E-01,35,  4.3750000000000000E-01,  6.2500000000000000E-01,4,  2.6275377975549868E-01,63,3,497,494,3,  8.9454883604073432E-01,  9.9399999999999999E-01,  9.8799999999999999E-01,  9.4165586407457991E-01,  9.3406921000000004E-02,  9.2534400000000004E-04,0
1540,  2.7500000000000002E-01,35,  4.3750000000000000E-01,  6.2500000000000000E-01,5,  2.6275377975549868E-01,63,4,501,494,7,  8.3365700938364273E-01,  1.0020000000000000E+00,  9.8799999999999999E-01,  9.1010937133935099E-01,  9.3956821999999995E-02,  9.5139200000000001E-04,0
1541,  2.7500000000000002E-01,35,  4.3750000000000000E-01,  8.1250000000000000E-01,1,  2.6275377975549868E-01,63,2,494,494,0,  9.8942501039894670E-01,  9.8799999999999999E-01,  9.8799999999999999E-01,  9.8871199174014446E-01,  9.4666622000000006E-02,  9.3480500000000003E-04,0
1542,  2.7500000000000002E-01,35,  4.3750000000000000E-01,  8.1250000000000000E-01,2,  2.6275377975549868E-01,63,2,494,494,0,  9.8942501039894670E-01,  9.8799999999999999E-01,  9.8799999999999999E-01,  9.8871199174014446E-01,  9.6990206999999995E-02,  1.0448590000000000E-03,0
1543,  2.7500000000000002E-01,35,  4.3750000000000000E-01,  8.1250000000000000E-01,3,  2.6275377975549868E-01,63,2,494,494,0,  9.8942501039894670E-01,  9.8799999999999999E-01,  9.8799999999999999E-01,  9.8871199174014446E-01,  9.4691288999999998E-02,  9.2768600000000005E-04,0
1544,  2.7500000000000002E-01,35,  4.3750000000000000E-01,  8.1250000000000000E-01,4,  2.6275377975549868E-01,63,3,497,494,3,  8.9454883604073432E-01,  9.9399999999999999E-01,  9.8799999999999999E-01,  9.4165586407457991E-01,  9.3994551999999995E-02,  1.0252840000000000E-03,0
1545,  2.7500000000000002E-01,35,  4.3750000000000000E-01,  8.1250000000000000E-01,5,  2.6275377975549868E-01,63,4,501,494,7,  8.3365700938364273E-01,  1.0020000000000000E+00,  9.8799999999999999E-01,  9.1010937133935099E-01,  9.6596472000000003E-02,  9.8396199999999990E-04,0
1546,  2.7500000000000002E-01,35,  4.3750000000000000E-01,  1.0000000000000000E+00,1,  2.6275377975549868E-01,63,2,494,494,0,  9.8942501039894670E-01,  9.8799999999999999E-01,  9.8799999999999999E-01,  9.8871199174014446E-01,  9.2503915000000006E-02,  9.2283299999999996E-04,0
1547,  2.7500000000000002E-01,35,  4.3750000000000000E-01,  1.0000000000000000E+00,2,  2.6275377975549868E-01,63,2,494,494,0,  9.8942501039894670E-01,  9.8799999999999999E-01,  9.8799999999999999E-01,  9.8871199174014446E-01,  9.7708085000000000E-02,  9.5393900000000000E-04,0
1548,  2.7500000000000002E-01,35,  4.3750000000000000E-01,  1.0000000000000000E+00,3,  2.6275377975549868E-01,63,2,494,494,0,  9.8942501039894670E-01,  9.8799999999999999E-01,  9.8799999999999999E-01,  9.8871199174014446E-01,  9.4837696999999999E-02,  9.6223800000000003E-04,0
1549,  2.7500000000000002E-01,35,  4.3750000000000000E-01,  1.0000000000000000E+00,4,  2.6275377975549868E-01,63,3,497,494,3,  8.9454883604073432E-01,  9.9399999999999999E-01,  9.8799999999999999E-01,  9.4165586407457991E-01,  9.5648329000000004E-02,  9.3872300000000003E-04,0
1550,  2.7500000000000002E-01,35,  4.3750000000000000E-01,  1.0000000000000000E+00,5,  2.6275377975549868E-01,63,4,501,494,7,  8.3365700938364273E-01,  1.0020000000000000E+00,  9.8799999999999999E-01,  9.1010937133935099E-01,  9.5450596999999998E-02,  9.7754599999999993E-04,0
1551,  2.7500000000000002E-01,35,  6.2500000000000000E-01,  2.5000000000000000E-01,1,  2.6275377975549868E-01,63,2,497,497,0,  9.9184423304867564E-01,  9.9399999999999999E-01,  9.9399999999999999E-01,  9.9292094640961504E-01,  1.0870588000000000E-01,  1.0008920000000000E-03,0
1552,  2.7500000000000002E-01,35,  6.2500000000000000E-01,  2.5000000000000000E-01,2,  2.6275377975549868E-01,63,2,497,497,0,  9.9184423304867564E-01,  9.9399999999999999E-01,  9.9399999999999999E-01,  9.9292094640961504E-01,  1.1191835100000000E-01,  9.5696400000000004E-04,0
1553,  2.7500000000000002E-01,35,  6.2500000000000000E-01,  2.5000000000000000E-01,3,  2.6275377975549868E-01,63,2,497,497,0,  9.9184423304867564E-01,  9.9399999999999999E-01,  9.9399999999999999E-01,  9.9292094640961504E-01,  1.0723961799999999E-01,  9.6260800000000000E-04,0
1554,  2.7500000000000002E-01,35,  6.2500000000000000E-01,  2.5000000000000000E-01,4,  2.6275377975549868E-01,63,2,497,497,0,  9.9184423304867564E-01,  9.9399999999999999E-01,  9.9399999999999999E-01,  9.9292094640961504E-01,  1.0972081800000000E-01,  9.5957200000000001E-04,0
1555,  2.7500000000000002E-01,35,  6.2500000000000000E-01,  2.5000000000000000E-01,5,  2.6275377975549868E-01,63,2,497,497,0,  9.9184423304867564E-01,  9.9399999999999999E-01,  9.9399999999999999E-01,  9.9292094640961504E-01,  1.1014331300000001E-01,  1.0047960000000001E-03,0
1556,  2.7500000000000002E-01,35,  6.2500000000000000E-01,  4.3750000000000000E-01,1,  2.6275377975549868E-01,63,2,497,497,0,  9.9184423304867564E-01,  9.9399999999999999E-01,  9.9399999999999999E-01,  9.9292094640961504E-01,  1.0731700199999999E-01,  9.6303299999999997E-04,0
1557,  2.7500000000000002E-01,35,  6.2500000000000000E-01,  4.3750000000000000E-01,2,  2.6275377975549868E-01,63,2,497,497,0,  9.9184423304867564E-01,  9.9399999999999999E-01,  9.9399999999999999E-01,  9.9292094640961504E-01,  1.0862596500000000E-01,  1.0226540000000000E-03,0
1558,  2.7500000000000002E-01,35,  6.2500000000000000E-01,  4.3750000000000000E-01,3,  2.6275377975549868E-01,63,2,497,497,0,  9.9184423304867564E-01,  9.9399999999999999E-01,  9.9399999999999999E-01,  9.9292094640961504E-01,  1.0991437000000000E-01,  9.6592300000000004E-04,0
1559,  2.7500000000000002E-01,35,  6.2500000000000000E-01,  4.3750000000000000E-01,4,  2.6275377975549868E-01,63,2,497,497,0,  9.9184423304867564E-01,  9.9399999999999999E-01,  9.9399999999999999E-01,  9.9292094640961504E-01,  1.1101839199999999E-01,  1.0236200000000000E-03,0
1560,  2.7500000000000002E-01,35,  6.2500000000000000E-01,  4.3750000000000000E-01,5,  2.6275377975549868E-01,63,2,497,497,0,  9.9184423304867564E-01,  9.9399999999999999E-01,  9.9399999999999999E-01,  9.9292094640961504E-01,  1.0852414900000000E-01,  9.7503700000000000E-04,0
1561,  2.7500000000000002E-01,35,  6.2500000000000000E-01,  6.2500000000000000E-01,1,  2.6275377975549868E-01,63,2,497,497,0,  9.9184423304867564E-01,  9.9399999999999999E-01,  9.9399999999999999E-01,  9.9292094640961504E-01,  1.0783235400000001E-01,  9.5118199999999996E-04,0
1562,  2.7500000000000002E-01,35,  6.2500000000000000E-01,  6.2500000000000000E-01,2,  2.6275377975549868E-01,63,2,497,497,0,  9.9184423304867564E-01,  9.9399999999999999E-01,  9.9399999999999999E-01,  9.9292094640961504E-01,  1.1311760799999999E-01,  9.6392699999999995E-04,0
1563,  2.7500000000000002E-01,35,  6.2500000000000000E-01,  6.2500000000000000E-01,3,  2.6275377975549868E-01,63,2,497,497,0,  9.9184423304867564E-01,  9.9399999999999999E-01,  9.9399999999999999E-01,  9.9292094640961504E-01,  1.0716276100000000E-01,  1.0055579999999999E-03,0
1564,  2.7500000000000002E-01,35,  6.2500000000000000E-01,  6.2500000000000000E-01,4,  2.6275377975549868E-01,63,2,497,497,0,  9.9184423304867564E-01,  9.9399999999999999E-01,  9.9399999999999999E-01,  9.9292094640961504E-01,  1.0926476300000000E-01,  9.7555999999999999E-04,0
1565,  2.7500000000000002E-01,35,  6.2500000000000000E-01,  6.2500000000000000E-01,5,  2.6275377975549868E-01,63,2,497,497,0,  9.9184423304867564E-01,  9.9399999999999999E-01,  9.9399999999999999E-01,  9.9292094640961504E-01,  1.1032767400000000E-01,  1.2977600000000000E-03,0
1566,  2.7500000000000002E-01,35,  6.2500000000000000E-01,  8.1250000000000000E-01,1,  2.6275377975549868E-01,63,2,497,497,0,  9.9184423304867564E-01,  9.9399999999999999E-01,  9.9399999999999999E-01,  9.9292094640961504E-01,  1.1261477700000000E-01,  9.2770000000000005E-04,0
1567,  2.7500000000000002E-01,35,  6.2500000000000000E-01,  8.1250000000000000E-01,2,  2.6275377975549868E-01,63,2,497,497,0,  9.9184423304867564E-01,  9.9399999999999999E-01,  9.9399999999999999E-01,  9.9292094640961504E-01,  1.0748535800000000E-01,  9.8359100000000002E-04,0
1568,  2.7500000000000002E-01,35,  6.2500000000000000E-01,  8.1250000000000000E-01,3,  2.6275377975549868E-01,63,2,497,497,0,  9.9184423304867564E-01,  9.9399999999999999E-01,  9.9399999999999999E-01,  9.9292094640961504E-01,  1.1081838600000000E-01,  9.6186100000000005E-04,0
1569,  2.7500000000000002E-01,35,  6.2500000000000000E-01,  8.1250000000000000E-01,4,  2.6275377975549868E-01,63,2,497,497,0,  9.9184423304867564E-01,  9.9399999999999999E-01,  9.9399999999999999E-01,  9.9292094640961504E-01,  1.0927947400000000E-01,  9.1105199999999998E-04,0
1570,  2.7500000000000002E-01,35,  6.2500000000000000E-01,  8.1250000000000000E-01,5,  2.6275377975549868E-01,63,2,497,497,0,  9.9184423304867564E-01,  9.9399999999999999E-01,  9.9399999999999999E-01,  9.9292094640961504E-01,  1.0821281200000001E-01,  9.4359499999999998E-04,0
1571,  2.7500000000000002E-01,35,  6.2500000000000000E-01,  1.0000000000000000E+00,1,  2.6275377975549868E-01,63,2,497,497,0,  9.9184423304867564E-01,  9.9399999999999999E-01,  9.9399999999999999E-01,  9.9292094640961504E-01,  1.0867234700000000E-01,  9.4969000000000000E-04,0
1572,  2.7500000000000002E-01,35,  6.2500000000000000E-01,  1.0000000000000000E+00,2,  2.6275377975549868E-01,63,2,497,497,0,  9.9184423304867564E-01,  9.9399999999999999E-01,  9.9399999999999999E-01,  9.9292094640961504E-01,  1.1830613900000000E-01,  9.2914400000000002E-04,0
1573,  2.7500000000000002E-01,35,  6.2500000000000000E-01,  1.0000000000000000E+00,3,  2.6275377975549868E-01,63,2,497,497,0,  9.9184423304867564E-01,  9.9399999999999999E-01,  9.9399999999999999E-01,  9.9292094640961504E-01,  1.0922074800000001E-01,  9.7082099999999997E-04,0
1574,  2.7500000000000002E-01,35,  6.2500000000000000E-01,  1.0000000000000000E+00,4,  2.6275377975549868E-01,63,2,497,497,0,  9.9184423304867564E-01,  9.9399999999999999E-01,  9.9399999999999999E-01,  9.9292094640961504E-01,  1.0897725900000001E-01,  9.5379500000000001E-04,0
1575,  2.7500000000000002E-01,35,  6.2500000000000000E-01,  1.0000000000000000E+00,5,  2.6275377975549868E-01,63,2,497,497,0,  9.9184423304867564E-01,  9.9399999999999999E-01,  9.9399999999999999E-01,  9.9292094640961504E-01,  1.2776222100000001E-01,  9.5878700000000001E-04,0
1576,  2.7500000000000002E-01,35,  8.1250000000000000E-01,  2.5000000000000000E-01,1,  2.6275377975549868E-01,63,2,497,497,0,  9.9184423304867564E-01,  9.9399999999999999E-01,  9.9399999999999999E-01,  9.9292094640961504E-01,  1.3291797699999999E-01,  1.1643249999999999E-03,0
1577,  2.7500000000000002E-01,35,  8.1250000000000000E-01,  2.5000000000000000E-01,2,  2.6275377975549868E-01,63,2,497,497,0,  9.9184423304867564E-01,  9.9399999999999999E-01,  9.9399999999999999E-01,  9.9292094640961504E-01,  1.3685562900000001E-01,  9.9732599999999999E-04,0
1578,  2.7500000000000002E-01,35,  8.1250000000000000E-01,  2.5000000000000000E-01,3,  2.6275377975549868E-01,63,2,497,497,0,  9.9184423304867564E-01,  9.9399999999999999E-01,  9.9399999999999999E-01,  9.9292094640961504E-01,  1.3503152299999999E-01,  9.4179500000000005E-04,0
1579,  2.7500000000000002E-01,35,  8.1250000000000000E-01,  2.5000000000000000E-01,4,  2.6275377975549868E-01,63,2,497,497,0,  9.9184423304867564E-01,  9.9399999999999999E-01,  9.9399999999999999E-01,  9.9292094640961504E-01,  1.3072960200000000E-01,  9.3678299999999995E-04,0
1580,  2.7500000000000002E-01,35,  8.1250000000000000E-01,  2.5000000000000000E-01,5,  2.6275377975549868E-01,63,2,497,497,0,  9.9184423304867564E-01,  9.9399999999999999E-01,  9.9399999999999999E-01,  9.9292094640961504E-01,  1.3626476000000001E-01,  9.9426200000000010E-04,0
1581,  2.7500000000000002E-01,35,  8.1250000000000000E-01,  4.3750000000000000E-01,1,  2.6275377975549868E-01,63,2,497,497,0,  9.9184423304867564E-01,  9.9399999999999999E-01,  9.9399999999999999E-01,  9.9292094640961504E-01,  1.3284990499999999E-01,  9.6953100000000004E-04,0
1582,  2.7500000000000002E-01,35,  8.1250000000000000E-01,  4.3750000000000000E-01,2,  2.6275377975549868E-01,63,2,497,497,0,  9.9184423304867564E-01,  9.9399999999999999E-01,  9.9399999999999999E-01,  9.9292094640961504E-01,  1.3037538100000001E-01,  9.5195700000000002E-04,0
1583,  2.7500000000000002E-01,35,  8.1250000000000000E-01,  4.3750000000000000E-01,3,  2.6275377975549868E-01,63,2,497,497,0,  9.9184423304867564E-01,  9.9399999999999999E-01,  9.9399999999999999E-01,  9.9292094640961504E-01,  1.3414098599999999E-01,  1.0808510000000001E-03,0
1584,  2.7500000000000002E-01,35,  8.1250000000000000E-01,  4.3750000000000000E-01,4,  2.6275377975549868E-01,63,2,497,497,0,  9.9184423304867564E-01,  9.9399999999999999E-01,  9.9399999999999999E-01,  9.9292094640961504E-01,  1.3140313400000000E-01,  1.0495240000000000E-03,0
1585,  2.7500000000000002E-01,35,  8.1250000000000000E-01,  4.3750000000000000E-01,5,  2.6275377975549868E-01,63,2,497,497,0,  9.9184423304867564E-01,  9.9399999999999999E-01,  9.9399999999999999E-01,  9.9292094640961504E-01,  1.3212319300000000E-01,  9.1058299999999997E-04,0
1586,  2.7500000000000002E-01,35,  8.1250000000000000E-01,  6.2500000000000000E-01,1,  2.6275377975549868E-01,63,2,497,497,0,  9.9184423304867564E-01,  9.9399999999999999E-01,  9.9399999999999999E-01,  9.9292094640961504E-01,  1.2970076999999999E-01,  1.0187289999999999E-03,0
1587,  2.7500000000000002E-01,35,  8.1250000000000000E-01,  6.2500000000000000E-01,2,  2.6275377975549868E-01,63,2,497,497,0,  9.9184423304867564E-01,  9.9399999999999999E-01,  9.9399999999999999E-01,  9.9292094640961504E-01,  1.3613506000000000E-01,  1.0067469999999999E-03,0
1588,  2.7500000000000002E-01,35,  8.1250000000000000E-01,  6.2500000000000000E-01,3,  2.6275377975549868E-01,63,2,497,497,0,  9.9184423304867564E-01,  9.9399999999999999E-01,  9.9399999999999999E-01,  9.9292094640961504E-01,  1.3552702100000000E-01,  9.7168299999999999E-04,0
1589,  2.7500000000000002E-01,35,  8.1250000000000000E-01,  6.2500000000000000E-01,4,  2.6275377975549868E-01,63,2,497,497,0,  9.9184423304867564E-01,  9.9399999999999999E-01,  9.9399999999999999E-01,  9.9292094640961504E-01,  1.3391830399999999E-01,  9.6153600000000003E-04,0
1590,  2.7500000000000002E-01,35,  8.1250000000000000E-01,  6.2500000000000000E-01,5,  2.6275377975549868E-01,63,2,497,497,0,  9.9184423304867564E-01,  9.9399999999999999E-01,  9.9399999999999999E-01,  9.9292094640961504E-01,  1.3143848200000000E-01,  1.0159520000000001E-03,0
1591,  2.7500000000000002E-01,35,  8.1250000000000000E-01,  8.1250000000000000E-01,1,  2.6275377975549868E-01,63,2,497,497,0,  9.9184423304867564E-01,  9.9399999999999999E-01,  9.9399999999999999E-01,  9.9292094640961504E-01,  1.3105414000000001E-01,  1.0614140000000001E-03,0
1592,  2.7500000000000002E-01,35,  8.1250000000000000E-01,  8.1250000000000000E-01,2,  2.6275377975549868E-01,63,2,497,497,0,  9.9184423304867564E-01,  9.9399999999999999E-01,  9.9399999999999999E-01,  9.9292094640961504E-01,  1.3279155200000001E-01,  9.8959599999999992E-04,0
1593,  2.7500000000000002E-01,35,  8.1250000000000000E-01,  8.1250000000000000E-01,3,  2.6275377975549868E-01,63,2,497,497,0,  9.9184423304867564E-01,  9.9399999999999999E-01,  9.9399999999999999E-01,  9.9292094640961504E-01,  1.2933934399999999E-01,  9.2510400000000005E-04,0
1594,  2.7500000000000002E-01,35,  8.1250000000000000E-01,  8.1250000000000000E-01,4,  2.6275377975549868E-01,63,2,497,497,0,  9.9184423304867564E-01,  9.9399999999999999E-01,  9.9399999999999999E-01,  9.9292094640961504E-01,  1.3489420699999999E-01,  1.3602000000000000E-03,0
1595,  2.7500000000000002E-01,35,  8.1250000000000000E-01,  8.1250000000000000E-01,5,  2.6275377975549868E-01,63,2,497,497,0,  9.9184423304867564E-01,  9.9399999999999999E-01,  9.9399999999999999E-01,  9.9292094640961504E-01,  1.3899604199999999E-01,  9.3165499999999998E-04,0
1596,  2.7500000000000002E-01,35,  8.1250000000000000E-01,  1.0000000000000000E+00,1,  2.6275377975549868E-01,63,2,497,497,0,  9.9184423304867564E-01,  9.9399999999999999E-01,  9.9399999999999999E-01,  9.9292094640961504E-01,  1.3125992500000000E-01,  1.3127270000000001E-03,0
1597,  2.7500000000000002E-01,35,  8.1250000000000000E-01,  1.0000000000000000E+00,2,  2.6275377975549868E-01,63,2,497,497,0,  9.9184423304867564E-01,  9.9399999999999999E-01,  9.9399999999999999E-01,  9.9292094640961504E-01,  1.3451777400000001E-01,  9.2046999999999995E-04,0
1598,  2.7500000000000002E-01,35,  8.1250000000000000E-01,  1.0000000000000000E+00,3,  2.6275377975549868E-01,63,2,497,497,0,  9.9184423304867564E-01,  9.9399999999999999E-01,  9.9399999999999999E-01,  9.9292094640961504E-01,  1.3095382600000000E-01,  9.7194700000000002E-04,0
1599,  2.7500000000000002E-01,35,  8.1250000000000000E-01,  1.0000000000000000E+00,4,  2.6275377975549868E-01,63,2,497,497,0,  9.9184423304867564E-01,  9.9399999999999999E-01,  9.9399999999999999E-01,  9.9292094640961504E-01,  1.3516566999999999E-01,  1.0175659999999999E-03,0
1600,  2.7500000000000002E-01,35,  8.1250000000000000E-01,  1.0000000000000000E+00,5,  2.6275377975549868E-01,63,2,497,497,0,  9.9184423304867564E-01,  9.9399999999999999E-01,  9.9399999999999999E-01,  9.9292094640961504E-01,  1.3270468999999999E-01,  9.5813400000000003E-04,0
1601,  2.7500000000000002E-01,35,  1.0000000000000000E+00,  2.5000000000000000E-01,1,  2.6275377975549868E-01,63,2,500,500,0,  9.9388797400123818E-01,  1.0000000000000000E+00,  1.0000000000000000E+00,  9.9693461915691450E-01,  1.6283486100000000E-01,  9.5119699999999998E-04,0
1602,  2.7500000000000002E-01,35,  1.0000000000000000E+00,  2.5000000000000000E-01,2,  2.6275377975549868E-01,63,2,500,500,0,  9.9388797400123818E-01,  1.0000000000000000E+00,  1.0000000000000000E+00,  9.9693461915691450E-01,  1.5968571300000001E-01,  9.6422800000000003E-04,0
1603,  2.7500000000000002E-01,35,  1.0000000000000000E+00,  2.5000000000000000E-01,3,  2.6275377975549868E-01,63,2,500,500,0,  9.9388797400123818E-01,  1.0000000000000000E+00,  1.0000000000000000E+00,  9.9693461915691450E-01,  1.6489769100000001E-01,  9.4886700000000005E-04,0
1604,  2.7500000000000002E-01,35,  1.0000000000000000E+00,  2.5000000000000000E-01,4,  2.6275377975549868E-01,63,2,500,500,0,  9.9388797400123818E-01,  1.0000000000000000E+00,  1.0000000000000000E+00,  9.9693461915691450E-01,  1.6645461400000000E-01,  9.5773199999999998E-04,0
1605,  2.7500000000000002E-01,35,  1.0000000000000000E+00,  2.5000000000000000E-01,5,  2.6275377975549868E-01,63,2,500,500,0,  9.9388797400123818E-01,  1.0000000000000000E+00,  1.0000000000000000E+00,  9.9693461915691450E-01,  1.6017817800000000E-01,  9.1440300000000005E-04,0
1606,  2.7500000000000002E-01,35,  1.0000000000000000E+00,  4.3750000000000000E-01,1,  2.6275377975549868E-01,63,2,500,500,0,  9.9388797400123818E-01,  1.0000000000000000E+00,  1.0000000000000000E+00,  9.9693461915691450E-01,  1.6287430899999999E-01,  9.2442700000000002E-04,0
1607,  2.7500000000000002E-01,35,  1.0000000000000000E+00,  4.3750000000000000E-01,2,  2.6275377975549868E-01,63,2,500,500,0,  9.9388797400123818E-01,  1.0000000000000000E+00,  1.0000000000000000E+00,  9.9693461915691450E-01,  1.6021038500000001E-01,  9.1870099999999996E-04,0
1608,  2.7500000000000002E-01,35,  1.0000000000000000E+00,  4.3750000000000000E-01,3,  2.6275377975549868E-01,63,2,500,500,0,  9.9388797400123818E-01,  1.0000000000000000E+00,  1.0000000000000000E+00,  9.9693461915691450E-01,  1.6362144800000000E-01,  1.0892350000000000E-03,0
1609,  2.7500000000000002E-01,35,  1.0000000000000000E+00,  4.3750000000000000E-01,4,  2.6275377975549868E-01,63,2,500,500,0,  9.9388797400123818E-01,  1.0000000000000000E+00,  1.0000000000000000E+00,  9.9693461915691450E-01,  1.6199651600000001E-01,  9.5005600000000001E-04,0
1610,  2.7500000000000002E-01,35,  1.0000000000000000E+00,  4.3750000000000000E-01,5,  2.6275377975549868E-01,63,2,500,500,0,  9.9388797400123818E-01,  1.0000000000000000E+00,  1.0000000000000000E+00,  9.9693461915691450E-01,  1.6428476200000000E-01,  9.7048299999999996E-04,0
1611,  2.7500000000000002E-01,35,  1.0000000000000000E+00,  6.2500000000000000E-01,1,  2.6275377975549868E-01,63,2,500,500,0,  9.9388797400123818E-01,  1.0000000000000000E+00,  1.0000000000000000E+00,  9.9693461915691450E-01,  1.6344100200000000E-01,  9.5536999999999998E-04,0
1612,  2.7500000000000002E-01,35,  1.0000000000000000E+00,  6.2500000000000000E-01,2,  2.6275377975549868E-01,63,2,500,500,0,  9.9388797400123818E-01,  1.0000000000000000E+00,  1.0000000000000000E+00,  9.9693461915691450E-01,  1.6136976000000000E-01,  9.5042200000000003E-04,0
1613,  2.7500000000000002E-01,35,  1.0000000000000000E+00,  6.2500000000000000E-01,3,  2.6275377975549868E-01,63,2,500,500,0,  9.9388797400123818E-01,  1.0000000000000000E+00,  1.0000000000000000E+00,  9.9693461915691450E-01,  1.6388607799999999E-01,  9.2701700000000003E-04,0
1614,  2.7500000000000002E-01,35,  1.0000000000000000E+00,  6.2500000000000000E-01,4,  2.6275377975549868E-01,63,2,500,500,0,  9.9388797400123818E-01,  1.0000000000000000E+00,  1.0000000000000000E+00,  9.9693461915691450E-01,  1.6254418100000001E-01,  9.8172300000000010E-04,0
1615,  2.7500000000000002E-01,35,  1.0000000000000000E+00,  6.2500000000000000E-01,5,  2.6275377975549868E-01,63,2,500,500,0,  9.9388797400123818E-01,  1.0000000000000000E+00,  1.0000000000000000E+00,  9.9693461915691450E-01,  1.6523417900000001E-01,  9.3313800000000002E-04,0
1616,  2.7500000000000002E-01,35,  1.0000000000000000E+00,  8.1250000000000000E-01,1,  2.6275377975549868E-01,63,2,500,500,0,  9.9388797400123818E-01,  1.0000000000000000E+00,  1.0000000000000000E+00,  9.9693461915691450E-01,  1.6034378699999999E-01,  9.9099600000000006E-04,0
1617,  2.7500000000000002E-01,35,  1.0000000000000000E+00,  8.1250000000000000E-01,2,  2.6275377975549868E-01,63,2,500,500,0,  9.9388797400123818E-01,  1.0000000000000000E+00,  1.0000000000000000E+00,  9.9693461915691450E-01,  1.6410637100000000E-01,  1.0357480000000000E-03,0
1618,  2.7500000000000002E-01,35,  1.0000000000000000E+00,  8.1250000000000000E-01,3,  2.6275377975549868E-01,63,2,500,500,0,  9.9388797400123818E-01,  1.0000000000000000E+00,  1.0000000000000000E+00,  9.9693461915691450E-01,  1.6414790000000001E-01,  1.1384240000000001E-03,0
1619,  2.7500000000000002E-01,35,  1.0000000000000000E+00,  8.1250000000000000E-01,4,  2.6275377975549868E-01,63,2,500,500,0,  9.9388797400123818E-01,  1.0000000000000000E+00,  1.0000000000000000E+00,  9.9693461915691450E-01,  1.6380478500000001E-01,  9.2047500000000003E-04,0
1620,  2.7500000000000002E-01,35,  1.0000000000000000E+00,  8.1250000000000000E-01,5,  2.6275377975549868E-01,63,2,500,500,0,  9.9388797400123818E-01,  1.0000000000000000E+00,  1.0000000000000000E+00,  9.9693461915691450E-01,  1.6334240799999999E-01,  9.3855200000000005E-04,0
1621,  2.7500000000000002E-01,35,  1.0000000000000000E+00,  1.0000000000000000E+00,1,  2.6275377975549868E-01,63,2,500,500,0,  9.9388797400123818E-01,  1.0000000000000000E+00,  1.0000000000000000E+00,  9.9693461915691450E-01,  1.5840451999999999E-01,  9.2910099999999999E-04,0
1622,  2.7500000000000002E-01,35,  1.0000000000000000E+00,  1.0000000000000000E+00,2,  2.6275377975549868E-01,63,2,500,500,0,  9.9388797400123818E-01,  1.0000000000000000E+00,  1.0000000000000000E+00,  9.9693461915691450E-01,  1.6093099699999999E-01,  9.8706199999999992E-04,0
1623,  2.7500000000000002E-01,35,  1.0000000000000000E+00,  1.0000000000000000E+00,3,  2.6275377975549868E-01,63,2,500,500,0,  9.9388797400123818E-01,  1.0000000000000000E+00,  1.0000000000000000E+00,  9.9693461915691450E-01,  1.6203019900000001E-01,  9.7621500000000000E-04,0
1624,  2.7500000000000002E-01,35,  1.0000000000000000E+00,  1.0000000000000000E+00,4,  2.6275377975549868E-01,63,2,500,500,0,  9.9388797400123818E-01,  1.0000000000000000E+00,  1.0000000000000000E+00,  9.9693461915691450E-01,  1.5996556200000001E-01,  9.5856399999999997E-04,0
1625,  2.7500000000000002E-01,35,  1.0000000000000000E+00,  1.0000000000000000E+00,5,  2.6275377975549868E-01,63,2,500,500,0,  9.9388797400123818E-01,  1.0000000000000000E+00,  1.0000000000000000E+00,  9.9693461915691450E-01,  1.6414598899999999E-01,  1.2142500000000001E-03,0
1626,  2.7500000000000002E-01,45,  2.5000000000000000E-01,  2.5000000000000000E-01,1,  2.6275377975549868E-01,54,8,469,469,0,  5.4939368273746059E-01,  9.3799999999999994E-01,  9.3799999999999994E-01,  6.9293191222824224E-01,  6.4953386000000002E-02,  9.7293499999999997E-04,0
1627,  2.7500000000000002E-01,45,  2.5000000000000000E-01,  2.5000000000000000E-01,2,  2.6275377975549868E-01,54,8,469,469,0,  5.4939368273746059E-01,  9.3799999999999994E-01,  9.3799999999999994E-01,  6.9293191222824224E-01,  6.2170534000000000E-02,  9.2224199999999998E-04,0
1628,  2.7500000000000002E-01,45,  2.5000000000000000E-01,  2.5000000000000000E-01,3,  2.6275377975549868E-01,54,8,469,469,0,  5.4939368273746059E-01,  9.3799999999999994E-01,  9.3799999999999994E-01,  6.9293191222824224E-01,  6.1995864999999997E-02,  8.9523599999999999E-04,0
1629,  2.7500000000000002E-01,45,  2.5000000000000000E-01,  2.5000000000000000E-01,4,  2.6275377975549868E-01,54,9,472,469,3,  4.7151173677187386E-01,  9.4399999999999995E-01,  9.3799999999999994E-01,  6.2889917186802258E-01,  6.1142306000000000E-02,  9.5705699999999998E-04,0
1630,  2.7500000000000002E-01,45,  2.5000000000000000E-01,  2.5000000000000000E-01,5,  2.6275377975549868E-01,54,9,472,469,3,  4.7151173677187386E-01,  9.4399999999999995E-01,  9.3799999999999994E-01,  6.2889917186802258E-01,  6.1122929999999999E-02,  9.0999400000000002E-04,0
1631,  2.7500000000000002E-01,45,  2.5000000000000000E-01,  4.3750000000000000E-01,1,  2.6275377975549868E-01,54,8,469,469,0,  5.4939368273746059E-01,  9.3799999999999994E-01,  9.3799999999999994E-01,  6.9293191222824224E-01,  5.9791731000000001E-02,  8.9510399999999997E-04,0
1632,  2.7500000000000002E-01,45,  2.5000000000000000E-01,  4.3750000000000000E-01,2,  2.6275377975549868E-01,54,8,469,469,0,  5.4939368273746059E-01,  9.3799999999999994E-01,  9.3799999999999994E-01,  6.9293191222824224E-01,  6.0140175999999997E-02,  9.1005199999999995E-04,0
1633,  2.7500000000000002E-01,45,  2.5000000000000000E-01,  4.3750000000000000E-01,3,  2.6275377975549868E-01,54,8,469,469,0,  5.4939368273746059E-01,  9.3799999999999994E-01,  9.3799999999999994E-01,  6.9293191222824224E-01,  6.1204919000000003E-02,  8.9749199999999995E-04,0
1634,  2.7500000000000002E-01,45,  2.5000000000000000E-01,  4.3750000000000000E-01,4,  2.6275377975549868E-01,54,9,472,469,3,  4.7151173677187386E-01,  9.4399999999999995E-01,  9.3799999999999994E-01,  6.2889917186802258E-01,  6.1962336999999999E-02,  9.7821800000000010E-04,0
1635,  2.7500000000000002E-01,45,  2.5000000000000000E-01,  4.3750000000000000E-01,5,  2.6275377975549868E-01,54,9,472,469,3,  4.7151173677187386E-01,  9.4399999999999995E-01,  9.3799999999999994E-01,  6.2889917186802258E-01,  6.0367809000000001E-02,  9.2544399999999998E-04,0
1636,  2.7500000000000002E-01,45,  2.5000000000000000E-01,  6.2500000000000000E-01,1,  2.6275377975549868E-01,54,8,469,469,0,  5.4939368273746059E-01,  9.3799999999999994E-01,  9.3799999999999994E-01,  6.9293191222824224E-01,  6.3172979000000004E-02,  9.2348400000000002E-04,0
1637,  2.7500000000000002E-01,45,  2.5000000000000000E-01,  6.2500000000000000E-01,2,  2.6275377975549868E-01,54,8,469,469,0,  5.4939368273746059E-01,  9.3799999999999994E-01,  9.3799999999999994E-01,  6.9293191222824224E-01,  6.0927739000000002E-02,  9.1156099999999997E-04,0
1638,  2.7500000000000002E-01,45,  2.5000000000000000E-01,  6.2500000000000000E-01,3,  2.6275377975549868E-01,54,8,469,469,0,  5.4939368273746059E-01,  9.3799999999999994E-01,  9.3799999999999994E-01,  6.9293191222824224E-01,  6.1233888000000000E-02,  9.0991800000000001E-04,0
1639,  2.7500000000000002E-01,45,  2.5000000000000000E-01,  6.2500000000000000E-01,4,  2.6275377975549868E-01,54,9,472,469,3,  4.7151173677187386E-01,  9.4399999999999995E-01,  9.3799999999999994E-01,  6.2889917186802258E-01,  6.1336961000000002E-02,  9.0466199999999998E-04,0
1640,  2.7500000000000002E-01,45,  2.5000000000000000E-01,  6.2500000000000000E-01,5,  2.6275377975549868E-01,54,9,472,469,3,  4.7151173677187386E-01,  9.4399999999999995E-01,  9.3799999999999994E-01,  6.2889917186802258E-01,  6.2357865999999998E-02,  9.6438999999999997E-04,0
1641,  2.7500000000000002E-01,45,  2.5000000000000000E-01,  8.1250000000000000E-01,1,  2.6275377975549868E-01,54,8,469,469,0,  5.4939368273746059E-01,  9.3799999999999994E-01,  9.3799999999999994E-01,  6.9293191222824224E-01,  6.3432765000000002E-02,  8.8206000000000005E-04,0
1642,  2.7500000000000002E-01,45,  2.5000000000000000E-01,  8.1250000000000000E-01,2,  2.6275377975549868E-01,54,8,469,469,0,  5.4939368273746059E-01,  9.3799999999999994E-01,  9.3799999999999994E-01,  6.9293191222824224E-01,  5.9978172000000003E-02,  1.0212960000000001E-03,0
1643,  2.7500000000000002E-01,45,  2.5000000000000000E-01,  8.1250000000000000E-01,3,  2.6275377975549868E-01,54,8,469,469,0,  5.4939368273746059E-01,  9.3799999999999994E-01,  9.3799999999999994E-01,  6.9293191222824224E-01,  6.1897878000000003E-02,  8.8898199999999997E-04,0
1644,  2.7500000000000002E-01,45,  2.5000000000000000E-01,  8.1250000000000000E-01,4,  2.6275377975549868E-01,54,9,472,469,3,  4.7151173677187386E-01,  9.4399999999999995E-01,  9.3799999999999994E-01,  6.2889917186802258E-01,  6.3161055999999993E-02,  1.0474750000000000E-03,0
1645,  2.7500000000000002E-01,45,  2.5000000000000000E-01,  8.1250000000000000E-01,5,  2.6275377975549868E-01,54,9,472,469,3,  4.7151173677187386E-01,  9.4399999999999995E-01,  9.3799999999999994E-01,  6.2889917186802258E-01,  5.9326371000000003E-02,  9.1516399999999999E-04,0
1646,  2.7500000000000002E-01,45,  2.5000000000000000E-01,  1.0000000000000000E+00,1,  2.6275377975549868E-01,54,8,469,469,0,  5.4939368273746059E-01,  9.3799999999999994E-01,  9.3799999999999994E-01,  6.9293191222824224E-01,  6.8981609999999999E-02,  9.3690600000000005E-04,0
1647,  2.7500000000000002E-01,45,  2.5000000000000000E-01,  1.0000000000000000E+00,2,  2.6275377975549868E-01,54,8,469,469,0,  5.4939368273746059E-01,  9.3799999999999994E-01,  9.3799999999999994E-01,  6.9293191222824224E-01,  6.1782279000000002E-02,  1.0020070000000001E-03,0
1648,  2.7500000000000002E-01,45,  2.5000000000000000E-01,  1.0000000000000000E+00,3,  2.6275377975549868E-01,54,8,469,469,0,  5.4939368273746059E-01,  9.3799999999999994E-01,  9.3799999999999994E-01,  6.9293191222824224E-01,  6.0930458000000000E-02,  8.9606099999999997E-04,0
1649,  2.7500000000000002E-01,45,  2.5000000000000000E-01,  1.0000000000000000E+00,4,  2.6275377975549868E-01,54,9,472,469,3,  4.7151173677187386E-01,  9.4399999999999995E-01,  9.3799999999999994E-01,  6.2889917186802258E-01,  6.1645853000000000E-02,  9.5759600000000001E-04,0
1650,  2.7500000000000002E-01,45,  2.5000000000000000E-01,  1.0000000000000000E+00,5,  2.6275377975549868E-01,54,9,472,469,3,  4.7151173677187386E-01,  9.4399999999999995E-01,  9.3799999999999994E-01,  6.2889917186802258E-01,  6.0821345999999998E-02,  1.0707930000000000E-03,0
1651,  2.7500000000000002E-01,45,  4.3750000000000000E-01,  2.5000000000000000E-01,1,  2.6275377975549868E-01,54,3,497,497,0,  8.7275190341996511E-01,  9.9399999999999999E-01,  9.9399999999999999E-01,  9.2943833662108166E-01,  8.4163768000000000E-02,  1.0624199999999999E-03,0
1652,  2.7500000000000002E-01,45,  4.3750000000000000E-01,  2.5000000000000000E-01,2,  2.6275377975549868E-01,54,5,499,497,2,  7.3243478241535476E-01,  9.9800000000000000E-01,  9.9399999999999999E-01,  8.4483959786133100E-01,  8.0584062999999997E-02,  9.4791899999999998E-04,0
1653,  2.7500000000000002E-01,45,  4.3750000000000000E-01,  2.5000000000000000E-01,3,  2.6275377975549868E-01,54,5,499,497,2,  7.3243478241535476E-01,  9.9800000000000000E-01,  9.9399999999999999E-01,  8.4483959786133100E-01,  7.6813532000000004E-02,  9.2256900000000004E-04,0
1654,  2.7500000000000002E-01,45,  4.3750000000000000E-01,  2.5000000000000000E-01,4,  2.6275377975549868E-01,54,5,499,497,2,  7.3243478241535476E-01,  9.9800000000000000E-01,  9.9399999999999999E-01,  8.4483959786133100E-01,  7.4282980999999998E-02,  1.4006369999999999E-03,0
1655,  2.7500000000000002E-01,45,  4.3750000000000000E-01,  2.5000000000000000E-01,5,  2.6275377975549868E-01,54,6,503,497,6,  7.0751794161443715E-01,  1.0060000000000000E+00,  9.9399999999999999E-01,  8.3076229548377778E-01,  8.9151931000000004E-02,  1.2717360000000001E-03,0
1656,  2.7500000000000002E-01,45,  4.3750000000000000E-01,  4.3750000000000000E-01,1,  2.6275377975549868E-01,54,3,497,497,0,  8.7275190341996511E-01,  9.9399999999999999E-01,  9.9399999999999999E-01,  9.2943833662108166E-01,  9.4203325000000004E-02,  1.0367770000000000E-03,0
1657,  2.7500000000000002E-01,45,  4.3750000000000000E-01,  4.3750000000000000E-01,2,  2.6275377975549868E-01,54,5,499,497,2,  7.3243478241535476E-01,  9.9800000000000000E-01,  9.9399999999999999E-01,  8.4483959786133100E-01,  8.7164773000000001E-02,  9.9956799999999994E-04,0
1658,  2.7500000000000002E-01,45,  4.3750000000000000E-01,  4.3750000000000000E-01,3,  2.6275377975549868E-01,54,5,499,497,2,  7.3243478241535476E-01,  9.9800000000000000E-01,  9.9399999999999999E-01,  8.4483959786133100E-01,  8.7551694999999999E-02,  9.8296100000000008E-04,0
1659,  2.7500000000000002E-01,45,  4.3750000000000000E-01,  4.3750000000000000E-01,4,  2.6275377975549868E-01,54,5,499,497,2,  7.3243478241535476E-01,  9.9800000000000000E-01,  9.9399999999999999E-01,  8.4483959786133100E-01,  8.4054220999999998E-02,  1.1137800000000000E-03,0
1660,  2.7500000000000002E-01,45,  4.3750000000000000E-01,  4.3750000000000000E-01,5,  2.6275377975549868E-01,54,6,503,497,6,  7.0751794161443715E-01,  1.0060000000000000E+00,  9.9399999999999999E-01,  8.3076229548377778E-01,  8.6016991000000001E-02,  1.0442620000000000E-03,0
1661,  2.7500000000000002E-01,45,  4.3750000000000000E-01,  6.2500000000000000E-01,1,  2.6275377975549868E-01,54,3,497,497,0,  8.7275190341996511E-01,  9.9399999999999999E-01,  9.9399999999999999E-01,  9.2943833662108166E-01,  8.0890367000000005E-02,  1.0087580000000000E-03,0
1662,  2.7500000000000002E-01,45,  4.3750000000000000E-01,  6.2500000000000000E-01,2,  2.6275377975549868E-01,54,5,499,497,2,  7.3243478241535476E-01,  9.9800000000000000E-01,  9.9399999999999999E-01,  8.4483959786133100E-01,  9.1309255000000006E-02,  1.1196830000000000E-03,0
1663,  2.7500000000000002E-01,45,  4.3750000000000000E-01,  6.2500000000000000E-01,3,  2.6275377975549868E-01,54,5,499,497,2,  7.3243478241535476E-01,  9.9800000000000000E-01,  9.9399999999999999E-01,  8.4483959786133100E-01,  8.0559039999999998E-02,  1.0040089999999999E-03,0
1664,  2.7500000000000002E-01,45,  4.3750000000000000E-01,  6.2500000000000000E-01,4,  2.6275377975549868E-01,54,5,499,497,2,  7.3243478241535476E-01,  9.9800000000000000E-01,  9.9399999999999999E-01,  8.4483959786133100E-01,  8.2929667999999998E-02,  1.0186660000000001E-03,0
1665,  2.7500000000000002E-01,45,  4.3750000000000000E-01,  6.2500000000000000E-01,5,  2.6275377975549868E-01,54,6,503,497,6,  7.0751794161443715E-01,  1.0060000000000000E+00,  9.9399999999999999E-01,  8.3076229548377778E-01,  8.6490688999999996E-02,  1.0753210000000000E-03,0
1666,  2.7500000000000002E-01,45,  4.3750000000000000E-01,  8.1250000000000000E-01,1,  2.6275377975549868E-01,54,3,497,497,0,  8.7275190341996511E-01,  9.9399999999999999E-01,  9.9399999999999999E-01,  9.2943833662108166E-01,  9.8974038000000000E-02,  1.2275520000000000E-03,0
1667,  2.7500000000000002E-01,45,  4.3750000000000000E-01,  8.1250000000000000E-01,2,  2.6275377975549868E-01,54,5,499,497,2,  7.3243478241535476E-01,  9.9800000000000000E-01,  9.9399999999999999E-01,  8.4483959786133100E-01,  9.1390970000000002E-02,  1.1366720000000000E-03,0
1668,  2.7500000000000002E-01,45,  4.3750000000000000E-01,  8.1250000000000000E-01,3,  2.6275377975549868E-01,54,5,499,497,2,  7.3243478241535476E-01,  9.9800000000000000E-01,  9.9399999999999999E-01,  8.4483959786133100E-01,  1.3333337200000001E-01,  2.1495450000000001E-03,0
1669,  2.7500000000000002E-01,45,  4.3750000000000000E-01,  8.1250000000000000E-01,4,  2.6275377975549868E-01,54,5,499,497,2,  7.3243478241535476E-01,  9.9800000000000000E-01,  9.9399999999999999E-01,  8.4483959786133100E-01,  9.6575712999999994E-02,  1.0058610000000000E-03,0
1670,  2.7500000000000002E-01,45,  4.3750000000000000E-01,  8.1250000000000000E-01,5,  2.6275377975549868E-01,54,6,503,497,6,  7.0751794161443715E-01,  1.0060000000000000E+00,  9.9399999999999999E-01,  8.3076229548377778E-01,  9.4098484999999996E-02,  1.0600239999999999E-03,0
1671,  2.7500000000000002E-01,45,  4.3750000000000000E-01,  1.0000000000000000E+00,1,  2.6275377975549868E-01,54,3,497,497,0,  8.7275190341996511E-01,  9.9399999999999999E-01,  9.9399999999999999E-01,  9.2943833662108166E-01,  7.9497282000000002E-02,  9.8417800000000005E-04,0
1672,  2.7500000000000002E-01,45,  4.3750000000000000E-01,  1.0000000000000000E+00,2,  2.6275377975549868E-01,54,5,499,497,2,  7.3243478241535476E-01,  9.9800000000000000E-01,  9.9399999999999999E-01,  8.4483959786133100E-01,  7.6236560999999994E-02,  9.6804300000000003E-04,0
1673,  2.7500000000000002E-01,45,  4.3750000000000000E-01,  1.0000000000000000E+00,3,  2.6275377975549868E-01,54,5,499,497,2,  7.3243478241535476E-01,  9.9800000000000000E-01,  9.9399999999999999E-01,  8.4483959786133100E-01,  7.3157006999999996E-02,  9.8174299999999998E-04,0
1674,  2.7500000000000002E-01,45,  4.3750000000000000E-01,  1.0000000000000000E+00,4,  2.6275377975549868E-01,54,5,499,497,2,  7.3243478241535476E-01,  9.9800000000000000E-01,  9.9399999999999999E-01,  8.4483959786133100E-01,  7.5165150000000000E-02,  9.4463200000000005E-04,0
1675,  2.7500000000000002E-01,45,  4.3750000000000000E-01,  1.0000000000000000E+00,5,  2.6275377975549868E-01,54,6,503,497,6,  7.0751794161443715E-01,  1.0060000000000000E+00,  9.9399999999999999E-01,  8.3076229548377778E-01,  7.6510011000000003E-02,  1.0025600000000000E-03,0
1676,  2.7500000000000002E-01,45,  6.2500000000000000E-01,  2.5000000000000000E-01,1,  2.6275377975549868E-01,54,2,499,499,0,  9.9325021103697464E-01,  9.9800000000000000E-01,  9.9800000000000000E-01,  9.9561944061131791E-01,  9.3747051999999997E-02,  9.8098299999999994E-04,0
1677,  2.7500000000000002E-01,45,  6.2500000000000000E-01,  2.5000000000000000E-01,2,  2.6275377975549868E-01,54,3,500,499,1,  9.0247902772061894E-01,  1.0000000000000000E+00,  9.9800000000000000E-01,  9.4874005397251504E-01,  9.4800849000000006E-02,  9.4468700000000004E-04,0
1678,  2.7500000000000002E-01,45,  6.2500000000000000E-01,  2.5000000000000000E-01,3,  2.6275377975549868E-01,54,3,500,499,1,  9.0247902772061894E-01,  1.0000000000000000E+00,  9.9800000000000000E-01,  9.4874005397251504E-01,  9.5639311000000005E-02,  9.4657499999999996E-04,0
1679,  2.7500000000000002E-01,45,  6.2500000000000000E-01,  2.5000000000000000E-01,4,  2.6275377975549868E-01,54,3,500,499,1,  9.0247902772061894E-01,  1.0000000000000000E+00,  9.9800000000000000E-01,  9.4874005397251504E-01,  9.3203853000000003E-02,  9.3526999999999998E-04,0
1680,  2.7500000000000002E-01,45,  6.2500000000000000E-01,  2.5000000000000000E-01,5,  2.6275377975549868E-01,54,3,500,499,1,  9.0247902772061894E-01,  1.0000000000000000E+00,  9.9800000000000000E-01,  9.4874005397251504E-01,  9.5893172999999998E-02,  9.5626200000000004E-04,0
1681,  2.7500000000000002E-01,45,  6.2500000000000000E-01,  4.3750000000000000E-01,1,  2.6275377975549868E-01,54,2,499,499,0,  9.9325021103697464E-01,  9.9800000000000000E-01,  9.9800000000000000E-01,  9.9561944061131791E-01,  9.3278533999999996E-02,  9.9754700000000010E-04,0
1682,  2.7500000000000002E-01,45,  6.2500000000000000E-01,  4.3750000000000000E-01,2,  2.6275377975549868E-01,54,3,500,499,1,  9.0247902772061894E-01,  1.0000000000000000E+00,  9.9800000000000000E-01,  9.4874005397251504E-01,  9.4142012999999997E-02,  9.4238000000000004E-04,0
1683,  2.7500000000000002E-01,45,  6.2500000000000000E-01,  4.3750000000000000E-01,3,  2.6275377975549868E-01,54,3,500,499,1,  9.0247902772061894E-01,  1.0000000000000000E+00,  9.9800000000000000E-01,  9.4874005397251504E-01,  9.5698150999999995E-02,  9.7470900000000004E-04,0
1684,  2.7500000000000002E-01,45,  6.2500000000000000E-01,  4.3750000000000000E-01,4,  2.6275377975549868E-01,54,3,500,499,1,  9.0247902772061894E-01,  1.0000000000000000E+00,  9.9800000000000000E-01,  9.4874005397251504E-01,  9.5000594999999993E-02,  1.2454880000000001E-03,0
1685,  2.7500000000000002E-01,45,  6.2500000000000000E-01,  4.3750000000000000E-01,5,  2.6275377975549868E-01,54,3,500,499,1,  9.0247902772061894E-01,  1.0000000000000000E+00,  9.9800000000000000E-01,  9.4874005397251504E-01,  1.1033844900000001E-01,  1.0408930000000000E-03,0
1686,  2.7500000000000002E-01,45,  6.2500000000000000E-01,  6.2500000000000000E-01,1,  2.6275377975549868E-01,54,2,499,499,0,  9.9325021103697464E-01,  9.9800000000000000E-01,  9.9800000000000000E-01,  9.9561944061131791E-01,  1.0584193900000000E-01,  1.2838229999999999E-03,0
1687,  2.7500000000000002E-01,45,  6.2500000000000000E-01,  6.2500000000000000E-01,2,  2.6275377975549868E-01,54,3,500,499,1,  9.0247902772061894E-01,  1.0000000000000000E+00,  9.9800000000000000E-01,  9.4874005397251504E-01,  1.0331591699999999E-01,  1.3974429999999999E-03,0
1688,  2.7500000000000002E-01,45,  6.2500000000000000E-01,  6.2500000000000000E-01,3,  2.6275377975549868E-01,54,3,500,499,1,  9.0247902772061894E-01,  1.0000000000000000E+00,  9.9800000000000000E-01,  9.4874005397251504E-01,  1.0643355900000000E-01,  9.6208100000000005E-04,0
1689,  2.7500000000000002E-01,45,  6.2500000000000000E-01,  6.2500000000000000E-01,4,  2.6275377975549868E-01,54,3,500,499,1,  9.0247902772061894E-01,  1.0000000000000000E+00,  9.9800000000000000E-01,  9.4874005397251504E-01,  9.8448926000000006E-02,  9.5913599999999997E-04,0
1690,  2.7500000000000002E-01,45,  6.2500000000000000E-01,  6.2500000000000000E-01,5,  2.6275377975549868E-01,54,3,500,499,1,  9.0247902772061894E-01,  1.0000000000000000E+00,  9.9800000000000000E-01,  9.4874005397251504E-01,  9.4525217999999994E-02,  1.3789659999999999E-03,0
1691,  2.7500000000000002E-01,45,  6.2500000000000000E-01,  8.1250000000000000E-01,1,  2.6275377975549868E-01,54,2,499,499,0,  9.9325021103697464E-01,  9.9800000000000000E-01,  9.9800000000000000E-01,  9.9561944061131791E-01,  9.2992637000000003E-02,  9.6397200000000001E-04,0
1692,  2.7500000000000002E-01,45,  6.2500000000000000E-01,  8.1250000000000000E-01,2,  2.6275377975549868E-01,54,3,500,499,1,  9.0247902772061894E-01,  1.0000000000000000E+00,  9.9800000000000000E-01,  9.4874005397251504E-01,  9.2701044999999996E-02,  9.3445799999999999E-04,0
1693,  2.7500000000000002E-01,45,  6.2500000000000000E-01,  8.1250000000000000E-01,3,  2.6275377975549868E-01,54,3,500,499,1,  9.0247902772061894E-01,  1.0000000000000000E+00,  9.9800000000000000E-01,  9.4874005397251504E-01,  9.2748283000000001E-02,  9.6988900000000004E-04,0
1694,  2.7500000000000002E-01,45,  6.2500000000000000E-01,  8.1250000000000000E-01,4,  2.6275377975549868E-01,54,3,500,499,1,  9.0247902772061894E-01,  1.0000000000000000E+00,  9.9800000000000000E-01,  9.4874005397251504E-01,  9.4647077999999996E-02,  9.4619799999999998E-04,0
1695,  2.7500000000000002E-01,45,  6.2500000000000000E-01,  8.1250000000000000E-01,5,  2.6275377975549868E-01,54,3,500,499,1,  9.0247902772061894E-01,  1.0000000000000000E+00,  9.9800000000000000E-01,  9.4874005397251504E-01,  9.4867818000000007E-02,  9.7744099999999990E-04,0
1696,  2.7500000000000002E-01,45,  6.2500000000000000E-01,  1.0000000000000000E+00,1,  2.6275377975549868E-01,54,2,499,499,0,  9.9325021103697464E-01,  9.9800000000000000E-01,  9.9800000000000000E-01,  9.9561944061131791E-01,  9.1257767000000004E-02,  9.4180600000000000E-04,0
1697,  2.7500000000000002E-01,45,  6.2500000000000000E-01,  1.0000000000000000E+00,2,  2.6275377975549868E-01,54,3,500,499,1,  9.0247902772061894E-01,  1.0000000000000000E+00,  9.9800000000000000E-01,  9.4874005397251504E-01,  9.2907274999999998E-02,  1.0028229999999999E-03,0
1698,  2.7500000000000002E-01,45,  6.2500000000000000E-01,  1.0000000000000000E+00,3,  2.6275377975549868E-01,54,3,500,499,1,  9.0247902772061894E-01,  1.0000000000000000E+00,  9.9800000000000000E-01,  9.4874005397251504E-01,  9.6275925999999998E-02,  9.3622800000000000E-04,0
1699,  2.7500000000000002E-01,45,  6.2500000000000000E-01,  1.0000000000000000E+00,4,  2.6275377975549868E-01,54,3,500,499,1,  9.0247902772061894E-01,  1.0000000000000000E+00,  9.9800000000000000E-01,  9.4874005397251504E-01,  9.6130288999999994E-02,  9.8739300000000004E-04,0
1700,  2.7500000000000002E-01,45,  6.2500000000000000E-01,  1.0000000000000000E+00,5,  2.6275377975549868E-01,54,3,500,499,1,  9.0247902772061894E-01,  1.0000000000000000E+00,  9.9800000000000000E-01,  9.4874005397251504E-01,  9.7227579999999994E-02,  9.6641800000000003E-04,0
1701,  2.7500000000000002E-01,45,  8.1250000000000000E-01,  2.5000000000000000E-01,1,  2.6275377975549868E-01,54,2,498,498,0,  9.9268118266085892E-01,  9.9600000000000000E-01,  9.9600000000000000E-01,  9.9433782202064092E-01,  1.1339753200000000E-01,  9.6637500000000000E-04,0
1702,  2.7500000000000002E-01,45,  8.1250000000000000E-01,  2.5000000000000000E-01,2,  2.6275377975549868E-01,54,2,498,498,0,  9.9268118266085892E-01,  9.9600000000000000E-01,  9.9600000000000000E-01,  9.9433782202064092E-01,  1.1340646200000000E-01,  9.2372199999999998E-04,0
1703,  2.7500000000000002E-01,45,  8.1250000000000000E-01,  2.5000000000000000E-01,3,  2.6275377975549868E-01,54,2,498,498,0,  9.9268118266085892E-01,  9.9600000000000000E-01,  9.9600000000000000E-01,  9.9433782202064092E-01,  1.1352933900000001E-01,  9.3336999999999999E-04,0
1704,  2.7500000000000002E-01,45,  8.1250000000000000E-01,  2.5000000000000000E-01,4,  2.6275377975549868E-01,54,2,498,498,0,  9.9268118266085892E-01,  9.9600000000000000E-01,  9.9600000000000000E-01,  9.9433782202064092E-01,  1.1664295299999999E-01,  9.2620699999999996E-04,0
1705,  2.7500000000000002E-01,45,  8.1250000000000000E-01,  2.5000000000000000E-01,5,  2.6275377975549868E-01,54,2,498,498,0,  9.9268118266085892E-01,  9.9600000000000000E-01,  9.9600000000000000E-01,  9.9433782202064092E-01,  1.1290138900000000E-01,  9.4758699999999995E-04,0
1706,  2.7500000000000002E-01,45,  8.1250000000000000E-01,  4.3750000000000000E-01,1,  2.6275377975549868E-01,54,2,498,498,0,  9.9268118266085892E-01,  9.9600000000000000E-01,  9.9600000000000000E-01,  9.9433782202064092E-01,  1.1587095200000000E-01,  9.2506499999999998E-04,0
1707,  2.7500000000000002E-01,45,  8.1250000000000000E-01,  4.3750000000000000E-01,2,  2.6275377975549868E-01,54,2,498,498,0,  9.9268118266085892E-01,  9.9600000000000000E-01,  9.9600000000000000E-01,  9.9433782202064092E-01,  1.1364465100000000E-01,  1.1875150000000001E-03,0
1708,  2.7500000000000002E-01,45,  8.1250000000000000E-01,  4.3750000000000000E-01,3,  2.6275377975549868E-01,54,2,498,498,0,  9.9268118266085892E-01,  9.9600000000000000E-01,  9.9600000000000000E-01,  9.9433782202064092E-01,  1.1688683499999999E-01,  9.7042299999999999E-04,0
1709,  2.7500000000000002E-01,45,  8.1250000000000000E-01,  4.3750000000000000E-01,4,  2.6275377975549868E-01,54,2,498,498,0,  9.9268118266085892E-01,  9.9600000000000000E-01,  9.9600000000000000E-01,  9.9433782202064092E-01,  1.1440903299999999E-01,  9.2866900000000002E-04,0
1710,  2.7500000000000002E-01,45,  8.1250000000000000E-01,  4.3750000000000000E-01,5,  2.6275377975549868E-01,54,2,498,498,0,  9.9268118266085892E-01,  9.9600000000000000E-01,  9.9600000000000000E-01,  9.9433782202064092E-01,  1.1374888800000001E-01,  9.5924699999999999E-04,0
1711,  2.7500000000000002E-01,45,  8.1250000000000000E-01,  6.2500000000000000E-01,1,  2.6275377975549868E-01,54,2,498,498,0,  9.9268118266085892E-01,  9.9600000000000000E-01,  9.9600000000000000E-01,  9.9433782202064092E-01,  1.1251783600000000E-01,  9.2348899999999999E-04,0
1712,  2.7500000000000002E-01,45,  8.1250000000000000E-01,  6.2500000000000000E-01,2,  2.6275377975549868E-01,54,2,498,498,0,  9.9268118266085892E-01,  9.9600000000000000E-01,  9.9600000000000000E-01,  9.9433782202064092E-01,  1.1396792200000000E-01,  9.7683600000000002E-04,0
1713,  2.7500000000000002E-01,45,  8.1250000000000000E-01,  6.2500000000000000E-01,3,  2.6275377975549868E-01,54,2,498,498,0,  9.9268118266085892E-01,  9.9600000000000000E-01,  9.9600000000000000E-01,  9.9433782202064092E-01,  1.1493570600000000E-01,  9.1946499999999995E-04,0
1714,  2.7500000000000002E-01,45,  8.1250000000000000E-01,  6.2500000000000000E-01,4,  2.6275377975549868E-01,54,2,498,498,0,  9.9268118266085892E-01,  9.9600000000000000E-01,  9.9600000000000000E-01,  9.9433782202064092E-01,  1.1367461800000001E-01,  9.7070100000000003E-04,0
1715,  2.7500000000000002E-01,45,  8.1250000000000000E-01,  6.2500000000000000E-01,5,  2.6275377975549868E-01,54,2,498,498,0,  9.9268118266085892E-01,  9.9600000000000000E-01,  9.9600000000000000E-01,  9.9433782202064092E-01,  1.1130684900000000E-01,  9.9025200000000006E-04,0
1716,  2.7500000000000002E-01,45,  8.1250000000000000E-01,  8.1250000000000000E-01,1,  2.6275377975549868E-01,54,2,498,498,0,  9.9268118266085892E-01,  9.9600000000000000E-01,  9.9600000000000000E-01,  9.9433782202064092E-01,  1.1457228200000000E-01,  9.4515500000000004E-04,0
1717,  2.7500000000000002E-01,45,  8.1250000000000000E-01,  8.1250000000000000E-01,2,  2.6275377975549868E-01,54,2,498,498,0,  9.9268118266085892E-01,  9.9600000000000000E-01,  9.9600000000000000E-01,  9.9433782202064092E-01,  1.1508596300000000E-01,  9.6307100000000002E-04,0
1718,  2.7500000000000002E-01,45,  8.1250000000000000E-01,  8.1250000000000000E-01,3,  2.6275377975549868E-01,54,2,498,498,0,  9.9268118266085892E-01,  9.9600000000000000E-01,  9.9600000000000000E-01,  9.9433782202064092E-01,  1.1245493300000001E-01,  9.3888200000000004E-04,0
1719,  2.7500000000000002E-01,45,  8.1250000000000000E-01,  8.1250000000000000E-01,4,  2.6275377975549868E-01,54,2,498,498,0,  9.9268118266085892E-01,  9.9600000000000000E-01,  9.9600000000000000E-01,  9.9433782202064092E-01,  1.1201711700000000E-01,  9.2714900000000005E-04,0
1720,  2.7500000000000002E-01,45,  8.1250000000000000E-01,  8.1250000000000000E-01,5,  2.6275377975549868E-01,54,2,498,498,0,  9.9268118266085892E-01,  9.9600000000000000E-01,  9.9600000000000000E-01,  9.9433782202064092E-01,  1.1536587000000000E-01,  9.5727699999999998E-04,0
1721,  2.7500000000000002E-01,45,  8.1250000000000000E-01,  1.0000000000000000E+00,1,  2.6275377975549868E-01,54,2,498,498,0,  9.9268118266085892E-01,  9.9600000000000000E-01,  9.9600000000000000E-01,  9.9433782202064092E-01,  1.1310609600000000E-01,  9.6766599999999995E-04,0
1722,  2.7500000000000002E-01,45,  8.1250000000000000E-01,  1.0000000000000000E+00,2,  2.6275377975549868E-01,54,2,498,498,0,  9.9268118266085892E-01,  9.9600000000000000E-01,  9.9600000000000000E-01,  9.9433782202064092E-01,  1.1566287800000000E-01,  9.9504799999999990E-04,0
1723,  2.7500000000000002E-01,45,  8.1250000000000000E-01,  1.0000000000000000E+00,3,  2.6275377975549868E-01,54,2,498,498,0,  9.9268118266085892E-01,  9.9600000000000000E-01,  9.9600000000000000E-01,  9.9433782202064092E-01,  1.1323102200000000E-01,  9.5514899999999997E-04,0
1724,  2.7500000000000002E-01,45,  8.1250000000000000E-01,  1.0000000000000000E+00,4,  2.6275377975549868E-01,54,2,498,498,0,  9.9268118266085892E-01,  9.9600000000000000E-01,  9.9600000000000000E-01,  9.9433782202064092E-01,  1.1346956499999999E-01,  9.4697900000000003E-04,0
1725,  2.7500000000000002E-01,45,  8.1250000000000000E-01,  1.0000000000000000E+00,5,  2.6275377975549868E-01,54,2,498,498,0,  9.9268118266085892E-01,  9.9600000000000000E-01,  9.9600000000000000E-01,  9.9433782202064092E-01,  1.1333310900000000E-01,  9.9890099999999996E-04,0
1726,  2.7500000000000002E-01,45,  1.0000000000000000E+00,  2.5000000000000000E-01,1,  2.6275377975549868E-01,54,2,500,500,0,  9.9388797400123818E-01,  1.0000000000000000E+00,  1.0000000000000000E+00,  9.9693461915691450E-01,  1.4033437300000001E-01,  9.5172500000000005E-04,0
1727,  2.7500000000000002E-01,45,  1.0000000000000000E+00,  2.5000000000000000E-01,2,  2.6275377975549868E-01,54,2,500,500,0,  9.9388797400123818E-01,  1.0000000000000000E+00,  1.0000000000000000E+00,  9.9693461915691450E-01,  1.4153737499999999E-01,  9.6598599999999995E-04,0
1728,  2.7500000000000002E-01,45,  1.0000000000000000E+00,  2.5000000000000000E-01,3,  2.6275377975549868E-01,54,2,500,500,0,  9.9388797400123818E-01,  1.0000000000000000E+00,  1.0000000000000000E+00,  9.9693461915691450E-01,  1.3874450599999999E-01,  1.0522150000000000E-03,0
1729,  2.7500000000000002E-01,45,  1.0000000000000000E+00,  2.5000000000000000E-01,4,  2.6275377975549868E-01,54,2,500,500,0,  9.9388797400123818E-01,  1.0000000000000000E+00,  1.0000000000000000E+00,  9.9693461915691450E-01,  1.4166530699999999E-01,  9.7894400000000004E-04,0
1730,  2.7500000000000002E-01,45,  1.0000000000000000E+00,  2.5000000000000000E-01,5,  2.6275377975549868E-01,54,2,500,500,0,  9.9388797400123818E-01,  1.0000000000000000E+00,  1.0000000000000000E+00,  9.9693461915691450E-01,  1.4884222499999999E-01,  1.7841220000000000E-03,0
1731,  2.7500000000000002E-01,45,  1.0000000000000000E+00,  4.3750000000000000E-01,1,  2.6275377975549868E-01,54,2,500,500,0,  9.9388797400123818E-01,  1.0000000000000000E+00,  1.0000000000000000E+00,  9.9693461915691450E-01,  1.5977505000000000E-01,  1.2397160000000001E-03,0
1732,  2.7500000000000002E-01,45,  1.0000000000000000E+00,  4.3750000000000000E-01,2,  2.6275377975549868E-01,54,2,500,500,0,  9.9388797400123818E-01,  1.0000000000000000E+00,  1.0000000000000000E+00,  9.9693461915691450E-01,  1.6776233400000001E-01,  1.2515070000000000E-03,0
1733,  2.7500000000000002E-01,45,  1.0000000000000000E+00,  4.3750000000000000E-01,3,  2.6275377975549868E-01,54,2,500,500,0,  9.9388797400123818E-01,  1.0000000000000000E+00,  1.0000000000000000E+00,  9.9693461915691450E-01,  1.6156515599999999E-01,  1.0265859999999999E-03,0
1734,  2.7500000000000002E-01,45,  1.0000000000000000E+00,  4.3750000000000000E-01,4,  2.6275377975549868E-01,54,2,500,500,0,  9.9388797400123818E-01,  1.0000000000000000E+00,  1.0000000000000000E+00,  9.9693461915691450E-01,  1.4921649400000001E-01,  1.2228330000000000E-03,0
1735,  2.7500000000000002E-01,45,  1.0000000000000000E+00,  4.3750000000000000E-01,5,  2.6275377975549868E-01,54,2,500,500,0,  9.9388797400123818E-01,  1.0000000000000000E+00,  1.0000000000000000E+00,  9.9693461915691450E-01,  1.4910103799999999E-01,  9.5590699999999998E-04,0
1736,  2.7500000000000002E-01,45,  1.0000000000000000E+00,  6.2500000000000000E-01,1,  2.6275377975549868E-01,54,2,500,500,0,  9.9388797400123818E-01,  1.0000000000000000E+00,  1.0000000000000000E+00,  9.9693461915691450E-01,  1.4279194900000000E-01,  1.0140780000000001E-03,0
1737,  2.7500000000000002E-01,45,  1.0000000000000000E+00,  6.2500000000000000E-01,2,  2.6275377975549868E-01,54,2,500,500,0,  9.9388797400123818E-01,  1.0000000000000000E+00,  1.0000000000000000E+00,  9.9693461915691450E-01,  1.5208024800000000E-01,  9.7711600000000010E-04,0
1738,  2.7500000000000002E-01,45,  1.0000000000000000E+00,  6.2500000000000000E-01,3,  2.6275377975549868E-01,54,2,500,500,0,  9.9388797400123818E-01,  1.0000000000000000E+00,  1.0000000000000000E+00,  9.9693461915691450E-01,  1.4205839000000001E-01,  9.5645500000000004E-04,0
1739,  2.7500000000000002E-01,45,  1.0000000000000000E+00,  6.2500000000000000E-01,4,  2.6275377975549868E-01,54,2,500,500,0,  9.9388797400123818E-01,  1.0000000000000000E+00,  1.0000000000000000E+00,  9.9693461915691450E-01,  1.3995819800000001E-01,  9.3229900000000004E-04,0
1740,  2.7500000000000002E-01,45,  1.0000000000000000E+00,  6.2500000000000000E-01,5,  2.6275377975549868E-01,54,2,500,500,0,  9.9388797400123818E-01,  1.0000000000000000E+00,  1.0000000000000000E+00,  9.9693461915691450E-01,  1.4019286100000000E-01,  9.7596399999999995E-04,0
1741,  2.7500000000000002E-01,45,  1.0000000000000000E+00,  8.1250000000000000E-01,1,  2.6275377975549868E-01,54,2,500,500,0,  9.9388797400123818E-01,  1.0000000000000000E+00,  1.0000000000000000E+00,  9.9693461915691450E-01,  1.4047308300000000E-01,  9.4537099999999997E-04,0
1742,  2.7500000000000002E-01,45,  1.0000000000000000E+00,  8.1250000000000000E-01,2,  2.6275377975549868E-01,54,2,500,500,0,  9.9388797400123818E-01,  1.0000000000000000E+00,  1.0000000000000000E+00,  9.9693461915691450E-01,  1.4347791300000001E-01,  1.1948250000000001E-03,0
1743,  2.7500000000000002E-01,45,  1.0000000000000000E+00,  8.1250000000000000E-01,3,  2.6275377975549868E-01,54,2,500,500,0,  9.9388797400123818E-01,  1.0000000000000000E+00,  1.0000000000000000E+00,  9.9693461915691450E-01,  1.4291756700000000E-01,  9.8167200000000006E-04,0
1744,  2.7500000000000002E-01,45,  1.0000000000000000E+00,  8.1250000000000000E-01,4,  2.6275377975549868E-01,54,2,500,500,0,  9.9388797400123818E-01,  1.0000000000000000E+00,  1.0000000000000000E+00,  9.9693461915691450E-01,  1.4336344400000001E-01,  9.8162199999999992E-04,0
1745,  2.7500000000000002E-01,45,  1.0000000000000000E+00,  8.1250000000000000E-01,5,  2.6275377975549868E-01,54,2,500,500,0,  9.9388797400123818E-01,  1.0000000000000000E+00,  1.0000000000000000E+00,  9.9693461915691450E-01,  1.4047841000000000E-01,  1.0540770000000001E-03,0
1746,  2.7500000000000002E-01,45,  1.0000000000000000E+00,  1.0000000000000000E+00,1,  2.6275377975549868E-01,54,2,500,500,0,  9.9388797400123818E-01,  1.0000000000000000E+00,  1.0000000000000000E+00,  9.9693461915691450E-01,  1.4165542200000000E-01,  9.4370599999999999E-04,0
1747,  2.7500000000000002E-01,45,  1.0000000000000000E+00,  1.0000000000000000E+00,2,  2.6275377975549868E-01,54,2,500,500,0,  9.9388797400123818E-01,  1.0000000000000000E+00,  1.0000000000000000E+00,  9.9693461915691450E-01,  1.3844955300000000E-01,  9.9380600000000007E-04,0
1748,  2.7500000000000002E-01,45,  1.0000000000000000E+00,  1.0000000000000000E+00,3,  2.6275377975549868E-01,54,2,500,500,0,  9.9388797400123818E-01,  1.0000000000000000E+00,  1.0000000000000000E+00,  9.9693461915691450E-01,  1.3863650599999999E-01,  9.2454400000000002E-04,0
1749,  2.7500000000000002E-01,45,  1.0000000000000000E+00,  1.0000000000000000E+00,4,  2.6275377975549868E-01,54,2,500,500,0,  9.9388797400123818E-01,  1.0000000000000000E+00,  1.0000000000000000E+00,  9.9693461915691450E-01,  1.4698126500000000E-01,  1.0055920000000000E-03,0
1750,  2.7500000000000002E-01,45,  1.0000000000000000E+00,  1.0000000000000000E+00,5,  2.6275377975549868E-01,54,2,500,500,0,  9.9388797400123818E-01,  1.0000000000000000E+00,  1.0000000000000000E+00,  9.9693461915691450E-01,  1.3903647799999999E-01,  1.0663500000000000E-03,0
1751,  2.7500000000000002E-01,55,  2.5000000000000000E-01,  2.5000000000000000E-01,1,  2.6275377975549868E-01,48,7,468,468,0,  6.8878841417454439E-01,  9.3600000000000005E-01,  9.3600000000000005E-01,  7.9358758351918590E-01,  5.6166079000000001E-02,  1.0208260000000001E-03,0
1752,  2.7500000000000002E-01,55,  2.5000000000000000E-01,  2.5000000000000000E-01,2,  2.6275377975549868E-01,48,7,468,468,0,  6.8878841417454439E-01,  9.3600000000000005E-01,  9.3600000000000005E-01,  7.9358758351918590E-01,  5.6853901999999998E-02,  1.0944410000000000E-03,0
1753,  2.7500000000000002E-01,55,  2.5000000000000000E-01,  2.5000000000000000E-01,3,  2.6275377975549868E-01,48,10,474,468,6,  4.1727408876627126E-01,  9.4799999999999995E-01,  9.3600000000000005E-01,  5.7948193612593490E-01,  5.8912507000000003E-02,  9.5854200000000005E-04,0
1754,  2.7500000000000002E-01,55,  2.5000000000000000E-01,  2.5000000000000000E-01,4,  2.6275377975549868E-01,48,10,474,468,6,  4.1727408876627126E-01,  9.4799999999999995E-01,  9.3600000000000005E-01,  5.7948193612593490E-01,  5.5342387000000000E-02,  9.2513600000000001E-04,0
1755,  2.7500000000000002E-01,55,  2.5000000000000000E-01,  2.5000000000000000E-01,5,  2.6275377975549868E-01,48,12,482,468,14,  3.7785644700014998E-01,  9.6399999999999997E-01,  9.3600000000000005E-01,  5.4290995988798774E-01,  5.6601103999999999E-02,  1.0055590000000001E-03,0
1756,  2.7500000000000002E-01,55,  2.5000000000000000E-01,  4.3750000000000000E-01,1,  2.6275377975549868E-01,48,7,468,468,0,  6.8878841417454439E-01,  9.3600000000000005E-01,  9.3600000000000005E-01,  7.9358758351918590E-01,  5.6587341999999999E-02,  9.2901400000000003E-04,0
1757,  2.7500000000000002E-01,55,  2.5000000000000000E-01,  4.3750000000000000E-01,2,  2.6275377975549868E-01,48,7,468,468,0,  6.8878841417454439E-01,  9.3600000000000005E-01,  9.3600000000000005E-01,  7.9358758351918590E-01,  5.7123309999999997E-02,  9.4548799999999997E-04,0
1758,  2.7500000000000002E-01,55,  2.5000000000000000E-01,  4.3750000000000000E-01,3,  2.6275377975549868E-01,48,10,474,468,6,  4.1727408876627126E-01,  9.4799999999999995E-01,  9.3600000000000005E-01,  5.7948193612593490E-01,  5.5544557000000001E-02,  9.7819100000000000E-04,0
1759,  2.7500000000000002E-01,55,  2.5000000000000000E-01,  4.3750000000000000E-01,4,  2.6275377975549868E-01,48,10,474,468,6,  4.1727408876627126E-01,  9.4799999999999995E-01,  9.3600000000000005E-01,  5.7948193612593490E-01,  5.5153699000000000E-02,  9.2759199999999998E-04,0
1760,  2.7500000000000002E-01,55,  2.5000000000000000E-01,  4.3750000000000000E-01,5,  2.6275377975549868E-01,48,12,482,468,14,  3.7785644700014998E-01,  9.6399999999999997E-01,  9.3600000000000005E-01,  5.4290995988798774E-01,  5.9091080999999997E-02,  9.2437400000000005E-04,0
1761,  2.7500000000000002E-01,55,  2.5000000000000000E-01,  6.2500000000000000E-01,1,  2.6275377975549868E-01,48,7,468,468,0,  6.8878841417454439E-01,  9.3600000000000005E-01,  9.3600000000000005E-01,  7.9358758351918590E-01,  5.6824003999999997E-02,  9.0529399999999996E-04,0
1762,  2.7500000000000002E-01,55,  2.5000000000000000E-01,  6.2500000000000000E-01,2,  2.6275377975549868E-01,48,7,468,468,0,  6.8878841417454439E-01,  9.3600000000000005E-01,  9.3600000000000005E-01,  7.9358758351918590E-01,  5.8901304000000002E-02,  9.5120399999999998E-04,0
1763,  2.7500000000000002E-01,55,  2.5000000000000000E-01,  6.2500000000000000E-01,3,  2.6275377975549868E-01,48,10,474,468,6,  4.1727408876627126E-01,  9.4799999999999995E-01,  9.3600000000000005E-01,  5.7948193612593490E-01,  6.3225444000000006E-02,  1.0686100000000000E-03,0
1764,  2.7500000000000002E-01,55,  2.5000000000000000E-01,  6.2500000000000000E-01,4,  2.6275377975549868E-01,48,10,474,468,6,  4.1727408876627126E-01,  9.4799999999999995E-01,  9.3600000000000005E-01,  5.7948193612593490E-01,  6.3251951000000001E-02,  9.4582399999999995E-04,0
1765,  2.7500000000000002E-01,55,  2.5000000000000000E-01,  6.2500000000000000E-01,5,  2.6275377975549868E-01,48,12,482,468,14,  3.7785644700014998E-01,  9.6399999999999997E-01,  9.3600000000000005E-01,  5.4290995988798774E-01,  6.9378854000000004E-02,  9.8078700000000011E-04,0
1766,  2.7500000000000002E-01,55,  2.5000000000000000E-01,  8.1250000000000000E-01,1,  2.6275377975549868E-01,48,7,468,468,0,  6.8878841417454439E-01,  9.3600000000000005E-01,  9.3600000000000005E-01,  7.9358758351918590E-01,  6.7639436999999997E-02,  1.3219390000000001E-03,0
1767,  2.7500000000000002E-01,55,  2.5000000000000000E-01,  8.1250000000000000E-01,2,  2.6275377975549868E-01,48,7,468,468,0,  6.8878841417454439E-01,  9.3600000000000005E-01,  9.3600000000000005E-01,  7.9358758351918590E-01,  6.2250946000000001E-02,  1.2609909999999999E-03,0
1768,  2.7500000000000002E-01,55,  2.5000000000000000E-01,  8.1250000000000000E-01,3,  2.6275377975549868E-01,48,10,474,468,6,  4.1727408876627126E-01,  9.4799999999999995E-01,  9.3600000000000005E-01,  5.7948193612593490E-01,  6.4316374999999995E-02,  1.1868339999999999E-03,0
1769,  2.7500000000000002E-01,55,  2.5000000000000000E-01,  8.1250000000000000E-01,4,  2.6275377975549868E-01,48,10,474,468,6,  4.1727408876627126E-01,  9.4799999999999995E-01,  9.3600000000000005E-01,  5.7948193612593490E-01,  6.2081378000000000E-02,  9.4103600000000002E-04,0
1770,  2.7500000000000002E-01,55,  2.5000000000000000E-01,  8.1250000000000000E-01,5,  2.6275377975549868E-01,48,12,482,468,14,  3.7785644700014998E-01,  9.6399999999999997E-01,  9.3600000000000005E-01,  5.4290995988798774E-01,  6.4182678000000007E-02,  1.0575809999999999E-03,0
1771,  2.7500000000000002E-01,55,  2.5000000000000000E-01,  1.0000000000000000E+00,1,  2.6275377975549868E-01,48,7,468,468,0,  6.8878841417454439E-01,  9.3600000000000005E-01,  9.3600000000000005E-01,  7.9358758351918590E-01,  6.6461902000000003E-02,  1.0506529999999999E-03,0
1772,  2.7500000000000002E-01,55,  2.5000000000000000E-01,  1.0000000000000000E+00,2,  2.6275377975549868E-01,48,7,468,468,0,  6.8878841417454439E-01,  9.3600000000000005E-01,  9.3600000000000005E-01,  7.9358758351918590E-01,  7.0946278000000002E-02,  9.5060600000000000E-04,0
1773,  2.7500000000000002E-01,55,  2.5000000000000000E-01,  1.0000000000000000E+00,3,  2.6275377975549868E-01,48,10,474,468,6,  4.1727408876627126E-01,  9.4799999999999995E-01,  9.3600000000000005E-01,  5.7948193612593490E-01,  5.6266398000000002E-02,  9.3909099999999997E-04,0
1774,  2.7500000000000002E-01,55,  2.5000000000000000E-01,  1.0000000000000000E+00,4,  2.6275377975549868E-01,48,10,474,468,6,  4.1727408876627126E-01,  9.4799999999999995E-01,  9.3600000000000005E-01,  5.7948193612593490E-01,  5.8964712000000002E-02,  9.3190899999999997E-04,0
1775,  2.7500000000000002E-01,55,  2.5000000000000000E-01,  1.0000000000000000E+00,5,  2.6275377975549868E-01,48,12,482,468,14,  3.7785644700014998E-01,  9.6399999999999997E-01,  9.3600000000000005E-01,  5.4290995988798774E-01,  5.6308700000000003E-02,  9.5347699999999999E-04,0
1776,  2.7500000000000002E-01,55,  4.3750000000000000E-01,  2.5000000000000000E-01,1,  2.6275377975549868E-01,48,3,499,499,0,  8.9900172170166759E-01,  9.9800000000000000E-01,  9.9800000000000000E-01,  9.4591766364180785E-01,  7.6628927999999999E-02,  1.0585449999999999E-03,0
1777,  2.7500000000000002E-01,55,  4.3750000000000000E-01,  2.5000000000000000E-01,2,  2.6275377975549868E-01,48,5,501,499,2,  7.7179677708684369E-01,  1.0020000000000000E+00,  9.9800000000000000E-01,  8.7196050937818925E-01,  7.3147462999999996E-02,  9.7417700000000001E-04,0
1778,  2.7500000000000002E-01,55,  4.3750000000000000E-01,  2.5000000000000000E-01,3,  2.6275377975549868E-01,48,6,503,499,4,  7.1333897495343457E-01,  1.0060000000000000E+00,  9.9800000000000000E-01,  8.3476152086017918E-01,  6.9736230999999996E-02,  1.0057309999999999E-03,0
1779,  2.7500000000000002E-01,55,  4.3750000000000000E-01,  2.5000000000000000E-01,4,  2.6275377975549868E-01,48,7,506,499,7,  5.6372818203529984E-01,  1.0120000000000000E+00,  9.9800000000000000E-01,  7.2410067513401000E-01,  6.9727670000000005E-02,  9.5012999999999998E-04,0
1780,  2.7500000000000002E-01,55,  4.3750000000000000E-01,  2.5000000000000000E-01,5,  2.6275377975549868E-01,48,7,506,499,7,  5.6372818203529984E-01,  1.0120000000000000E+00,  9.9800000000000000E-01,  7.2410067513401000E-01,  7.0590467000000004E-02,  1.0067800000000001E-03,0
1781,  2.7500000000000002E-01,55,  4.3750000000000000E-01,  4.3750000000000000E-01,1,  2.6275377975549868E-01,48,3,499,499,0,  8.9900172170166759E-01,  9.9800000000000000E-01,  9.9800000000000000E-01,  9.4591766364180785E-01,  7.0820097999999998E-02,  9.4415799999999995E-04,0
1782,  2.7500000000000002E-01,55,  4.3750000000000000E-01,  4.3750000000000000E-01,2,  2.6275377975549868E-01,48,5,501,499,2,  7.7179677708684369E-01,  1.0020000000000000E+00,  9.9800000000000000E-01,  8.7196050937818925E-01,  7.2935617999999994E-02,  9.4452499999999999E-04,0
1783,  2.7500000000000002E-01,55,  4.3750000000000000E-01,  4.3750000000000000E-01,3,  2.6275377975549868E-01,48,6,503,499,4,  7.1333897495343457E-01,  1.0060000000000000E+00,  9.9800000000000000E-01,  8.3476152086017918E-01,  7.0803500000000005E-02,  9.4861200000000004E-04,0
1784,  2.7500000000000002E-01,55,  4.3750000000000000E-01,  4.3750000000000000E-01,4,  2.6275377975549868E-01,48,7,506,499,7,  5.6372818203529984E-01,  1.0120000000000000E+00,  9.9800000000000000E-01,  7.2410067513401000E-01,  7.2506244999999997E-02,  1.0355670000000000E-03,0
1785,  2.7500000000000002E-01,55,  4.3750000000000000E-01,  4.3750000000000000E-01,5,  2.6275377975549868E-01,48,7,506,499,7,  5.6372818203529984E-01,  1.0120000000000000E+00,  9.9800000000000000E-01,  7.2410067513401000E-01,  7.4010564000000001E-02,  9.9015200000000000E-04,0
1786,  2.7500000000000002E-01,55,  4.3750000000000000E-01,  6.2500000000000000E-01,1,  2.6275377975549868E-01,48,3,499,499,0,  8.9900172170166759E-01,  9.9800000000000000E-01,  9.9800000000000000E-01,  9.4591766364180785E-01,  7.3092839000000007E-02,  9.4736899999999999E-04,0
1787,  2.7500000000000002E-01,55,  4.3750000000000000E-01,  6.2500000000000000E-01,2,  2.6275377975549868E-01,48,5,501,499,2,  7.7179677708684369E-01,  1.0020000000000000E+00,  9.9800000000000000E-01,  8.7196050937818925E-01,  7.2939395000000004E-02,  1.0018900000000001E-03,0
1788,  2.7500000000000002E-01,55,  4.3750000000000000E-01,  6.2500000000000000E-01,3,  2.6275377975549868E-01,48,6,503,499,4,  7.1333897495343457E-01,  1.0060000000000000E+00,  9.9800000000000000E-01,  8.3476152086017918E-01,  7.0504717999999994E-02,  9.2683000000000001E-04,0
1789,  2.7500000000000002E-01,55,  4.3750000000000000E-01,  6.2500000000000000E-01,4,  2.6275377975549868E-01,48,7,506,499,7,  5.6372818203529984E-01,  1.0120000000000000E+00,  9.9800000000000000E-01,  7.2410067513401000E-01,  7.2531810000000002E-02,  9.7910899999999993E-04,0
1790,  2.7500000000000002E-01,55,  4.3750000000000000E-01,  6.2500000000000000E-01,5,  2.6275377975549868E-01,48,7,506,499,7,  5.6372818203529984E-01,  1.0120000000000000E+00,  9.9800000000000000E-01,  7.2410067513401000E-01,  7.0525251999999997E-02,  9.6733699999999997E-04,0
1791,  2.7500000000000002E-01,55,  4.3750000000000000E-01,  8.1250000000000000E-01,1,  2.6275377975549868E-01,48,3,499,499,0,  8.9900172170166759E-01,  9.9800000000000000E-01,  9.9800000000000000E-01,  9.4591766364180785E-01,  7.3733538000000001E-02,  9.4301900000000002E-04,0
1792,  2.7500000000000002E-01,55,  4.3750000000000000E-01,  8.1250000000000000E-01,2,  2.6275377975549868E-01,48,5,501,499,2,  7.7179677708684369E-01,  1.0020000000000000E+00,  9.9800000000000000E-01,  8.7196050937818925E-01,  7.2021440000000006E-02,  9.1978399999999999E-04,0
1793,  2.7500000000000002E-01,55,  4.3750000000000000E-01,  8.1250000000000000E-01,3,  2.6275377975549868E-01,48,6,503,499,4,  7.1333897495343457E-01,  1.0060000000000000E+00,  9.9800000000000000E-01,  8.3476152086017918E-01,  7.4006630000000004E-02,  1.1053899999999999E-03,0
1794,  2.7500000000000002E-01,55,  4.3750000000000000E-01,  8.1250000000000000E-01,4,  2.6275377975549868E-01,48,7,506,499,7,  5.6372818203529984E-01,  1.0120000000000000E+00,  9.9800000000000000E-01,  7.2410067513401000E-01,  7.3359198000000000E-02,  1.0120439999999999E-03,0
1795,  2.7500000000000002E-01,55,  4.3750000000000000E-01,  8.1250000000000000E-01,5,  2.6275377975549868E-01,48,7,506,499,7,  5.6372818203529984E-01,  1.0120000000000000E+00,  9.9800000000000000E-01,  7.2410067513401000E-01,  7.1150636000000003E-02,  1.1631110000000001E-03,0
1796,  2.7500000000000002E-01,55,  4.3750000000000000E-01,  1.0000000000000000E+00,1,  2.6275377975549868E-01,48,3,499,499,0,  8.9900172170166759E-01,  9.9800000000000000E-01,  9.9800000000000000E-01,  9.4591766364180785E-01,  7.1630834000000004E-02,  9.3819699999999999E-04,0
1797,  2.7500000000000002E-01,55,  4.3750000000000000E-01,  1.0000000000000000E+00,2,  2.6275377975549868E-01,48,5,501,499,2,  7.7179677708684369E-01,  1.0020000000000000E+00,  9.9800000000000000E-01,  8.7196050937818925E-01,  7.1969544999999996E-02,  1.0920420000000001E-03,0
1798,  2.7500000000000002E-01,55,  4.3750000000000000E-01,  1.0000000000000000E+00,3,  2.6275377975549868E-01,48,6,503,499,4,  7.1333897495343457E-01,  1.0060000000000000E+00,  9.9800000000000000E-01,  8.3476152086017918E-01,  7.6259467999999997E-02,  1.0744830000000000E-03,0
1799,  2.7500000000000002E-01,55,  4.3750000000000000E-01,  1.0000000000000000E+00,4,  2.6275377975549868E-01,48,7,506,499,7,  5.6372818203529984E-01,  1.0120000000000000E+00,  9.9800000000000000E-01,  7.2410067513401000E-01,  7.1279226000000001E-02,  1.0220380000000001E-03,0
1800,  2.7500000000000002E-01,55,  4.3750000000000000E-01,  1.0000000000000000E+00,5,  2.6275377975549868E-01,48,7,506,499,7,  5.6372818203529984E-01,  1.0120000000000000E+00,  9.9800000000000000E-01,  7.2410067513401000E-01,  6.9625031000000004E-02,  9.6204099999999996E-04,0
1801,  2.7500000000000002E-01,55,  6.2500000000000000E-01,  2.5000000000000000E-01,1,  2.6275377975549868E-01,48,3,498,498,0,  8.9836856306700885E-01,  9.9600000000000000E-01,  9.9600000000000000E-01,  9.4466843069448703E-01,  8.4177753999999994E-02,  1.0752019999999999E-03,0
1802,  2.7500000000000002E-01,55,  6.2500000000000000E-01,  2.5000000000000000E-01,2,  2.6275377975549868E-01,48,3,498,498,0,  8.9836856306700885E-01,  9.9600000000000000E-01,  9.9600000000000000E-01,  9.4466843069448703E-01,  8.5762063999999999E-02,  9.3837399999999996E-04,0
1803,  2.7500000000000002E-01,55,  6.2500000000000000E-01,  2.5000000000000000E-01,3,  2.6275377975549868E-01,48,3,498,498,0,  8.9836856306700885E-01,  9.9600000000000000E-01,  9.9600000000000000E-01,  9.4466843069448703E-01,  8.3797198000000003E-02,  1.2878060000000001E-03,0
1804,  2.7500000000000002E-01,55,  6.2500000000000000E-01,  2.5000000000000000E-01,4,  2.6275377975549868E-01,48,3,498,498,0,  8.9836856306700885E-01,  9.9600000000000000E-01,  9.9600000000000000E-01,  9.4466843069448703E-01,  8.4637083000000002E-02,  9.4513500000000005E-04,0
1805,  2.7500000000000002E-01,55,  6.2500000000000000E-01,  2.5000000000000000E-01,5,  2.6275377975549868E-01,48,3,498,498,0,  8.9836856306700885E-01,  9.9600000000000000E-01,  9.9600000000000000E-01,  9.4466843069448703E-01,  8.3966008999999994E-02,  9.4343499999999996E-04,0
1806,  2.7500000000000002E-01,55,  6.2500000000000000E-01,  4.3750000000000000E-01,1,  2.6275377975549868E-01,48,3,498,498,0,  8.9836856306700885E-01,  9.9600000000000000E-01,  9.9600000000000000E-01,  9.4466843069448703E-01,  8.7300853999999997E-02,  1.0262369999999999E-03,0
1807,  2.7500000000000002E-01,55,  6.2500000000000000E-01,  4.3750000000000000E-01,2,  2.6275377975549868E-01,48,3,498,498,0,  8.9836856306700885E-01,  9.9600000000000000E-01,  9.9600000000000000E-01,  9.4466843069448703E-01,  8.2946012999999999E-02,  9.6009700000000003E-04,0
1808,  2.7500000000000002E-01,55,  6.2500000000000000E-01,  4.3750000000000000E-01,3,  2.6275377975549868E-01,48,3,498,498,0,  8.9836856306700885E-01,  9.9600000000000000E-01,  9.9600000000000000E-01,  9.4466843069448703E-01,  8.5230286000000002E-02,  9.1069600000000001E-04,0
1809,  2.7500000000000002E-01,55,  6.2500000000000000E-01,  4.3750000000000000E-01,4,  2.6275377975549868E-01,48,3,498,498,0,  8.9836856306700885E-01,  9.9600000000000000E-01,  9.9600000000000000E-01,  9.4466843069448703E-01,  8.5094231000000006E-02,  9.4288700000000000E-04,0
1810,  2.7500000000000002E-01,55,  6.2500000000000000E-01,  4.3750000000000000E-01,5,  2.6275377975549868E-01,48,3,498,498,0,  8.9836856306700885E-01,  9.9600000000000000E-01,  9.9600000000000000E-01,  9.4466843069448703E-01,  8.2668740000000004E-02,  9.5191899999999996E-04,0
1811,  2.7500000000000002E-01,55,  6.2500000000000000E-01,  6.2500000000000000E-01,1,  2.6275377975549868E-01,48,3,498,498,0,  8.9836856306700885E-01,  9.9600000000000000E-01,  9.9600000000000000E-01,  9.4466843069448703E-01,  8.4604813000000001E-02,  9.5265200000000001E-04,0
1812,  2.7500000000000002E-01,55,  6.2500000000000000E-01,  6.2500000000000000E-01,2,  2.6275377975549868E-01,48,3,498,498,0,  8.9836856306700885E-01,  9.9600000000000000E-01,  9.9600000000000000E-01,  9.4466843069448703E-01,  8.2722691000000001E-02,  9.6653600000000004E-04,0
1813,  2.7500000000000002E-01,55,  6.2500000000000000E-01,  6.2500000000000000E-01,3,  2.6275377975549868E-01,48,3,498,498,0,  8.9836856306700885E-01,  9.9600000000000000E-01,  9.9600000000000000E-01,  9.4466843069448703E-01,  8.2812035000000006E-02,  9.8844899999999997E-04,0
1814,  2.7500000000000002E-01,55,  6.2500000000000000E-01,  6.2500000000000000E-01,4,  2.6275377975549868E-01,48,3,498,498,0,  8.9836856306700885E-01,  9.9600000000000000E-01,  9.9600000000000000E-01,  9.4466843069448703E-01,  8.4575698000000005E-02,  9.7053400000000000E-04,0
1815,  2.7500000000000002E-01,55,  6.2500000000000000E-01,  6.2500000000000000E-01,5,  2.6275377975549868E-01,48,3,498,498,0,  8.9836856306700885E-01,  9.9600000000000000E-01,  9.9600000000000000E-01,  9.4466843069448703E-01,  8.6008161999999999E-02,  9.6735699999999996E-04,0
1816,  2.7500000000000002E-01,55,  6.2500000000000000E-01,  8.1250000000000000E-01,1,  2.6275377975549868E-01,48,3,498,498,0,  8.9836856306700885E-01,  9.9600000000000000E-01,  9.9600000000000000E-01,  9.4466843069448703E-01,  8.4647818000000000E-02,  9.4175499999999996E-04,0
1817,  2.7500000000000002E-01,55,  6.2500000000000000E-01,  8.1250000000000000E-01,2,  2.6275377975549868E-01,48,3,498,498,0,  8.9836856306700885E-01,  9.9600000000000000E-01,  9.9600000000000000E-01,  9.4466843069448703E-01,  8.4396869999999999E-02,  1.0176020000000000E-03,0
1818,  2.7500000000000002E-01,55,  6.2500000000000000E-01,  8.1250000000000000E-01,3,  2.6275377975549868E-01,48,3,498,498,0,  8.9836856306700885E-01,  9.9600000000000000E-01,  9.9600000000000000E-01,  9.4466843069448703E-01,  8.2955873999999999E-02,  9.7861600000000008E-04,0
1819,  2.7500000000000002E-01,55,  6.2500000000000000E-01,  8.1250000000000000E-01,4,  2.6275377975549868E-01,48,3,498,498,0,  8.9836856306700885E-01,  9.9600000000000000E-01,  9.9600000000000000E-01,  9.4466843069448703E-01,  8.3607056999999999E-02,  9.7695199999999990E-04,0
1820,  2.7500000000000002E-01,55,  6.2500000000000000E-01,  8.1250000000000000E-01,5,  2.6275377975549868E-01,48,3,498,498,0,  8.9836856306700885E-01,  9.9600000000000000E-01,  9.9600000000000000E-01,  9.4466843069448703E-01,  8.3762953000000001E-02,  9.6171300000000000E-04,0
1821,  2.7500000000000002E-01,55,  6.2500000000000000E-01,  1.0000000000000000E+00,1,  2.6275377975549868E-01,48,3,498,498,0,  8.9836856306700885E-01,  9.9600000000000000E-01,  9.9600000000000000E-01,  9.4466843069448703E-01,  8.6202632000000001E-02,  9.9354400000000007E-04,0
1822,  2.7500000000000002E-01,55,  6.2500000000000000E-01,  1.0000000000000000E+00,2,  2.6275377975549868E-01,48,3,498,498,0,  8.9836856306700885E-01,  9.9600000000000000E-01,  9.9600000000000000E-01,  9.4466843069448703E-01,  8.4443531000000002E-02,  1.1905959999999999E-03,0
1823,  2.7500000000000002E-01,55,  6.2500000000000000E-01,  1.0000000000000000E+00,3,  2.6275377975549868E-01,48,3,498,498,0,  8.9836856306700885E-01,  9.9600000000000000E-01,  9.9600000000000000E-01,  9.4466843069448703E-01,  8.4654440999999997E-02,  9.3964400000000000E-04,0
1824,  2.7500000000000002E-01,55,  6.2500000000000000E-01,  1.0000000000000000E+00,4,  2.6275377975549868E-01,48,3,498,498,0,  8.9836856306700885E-01,  9.9600000000000000E-01,  9.9600000000000000E-01,  9.4466843069448703E-01,  8.6998065999999999E-02,  9.4076800000000003E-04,0
1825,  2.7500000000000002E-01,55,  6.2500000000000000E-01,  1.0000000000000000E+00,5,  2.6275377975549868E-01,48,3,498,498,0,  8.9836856306700885E-01,  9.9600000000000000E-01,  9.9600000000000000E-01,  9.4466843069448703E-01,  8.4089142000000006E-02,  9.6054500000000004E-04,0
1826,  2.7500000000000002E-01,55,  8.1250000000000000E-01,  2.5000000000000000E-01,1,  2.6275377975549868E-01,48,2,500,500,0,  9.9388797400123818E-01,  1.0000000000000000E+00,  1.0000000000000000E+00,  9.9693461915691450E-01,  9.6000546000000006E-02,  9.3673499999999995E-04,0
1827,  2.7500000000000002E-01,55,  8.1250000000000000E-01,  2.5000000000000000E-01,2,  2.6275377975549868E-01,48,2,500,500,0,  9.9388797400123818E-01,  1.0000000000000000E+00,  1.0000000000000000E+00,  9.9693461915691450E-01,  9.6765385999999995E-02,  9.1627899999999999E-04,0
1828,  2.7500000000000002E-01,55,  8.1250000000000000E-01,  2.5000000000000000E-01,3,  2.6275377975549868E-01,48,2,500,500,0,  9.9388797400123818E-01,  1.0000000000000000E+00,  1.0000000000000000E+00,  9.9693461915691450E-01,  9.9195224999999998E-02,  9.6752500000000000E-04,0
1829,  2.7500000000000002E-01,55,  8.1250000000000000E-01,  2.5000000000000000E-01,4,  2.6275377975549868E-01,48,2,500,500,0,  9.9388797400123818E-01,  1.0000000000000000E+00,  1.0000000000000000E+00,  9.9693461915691450E-01,  1.0033076200000000E-01,  9.6597600000000001E-04,0
1830,  2.7500000000000002E-01,55,  8.1250000000000000E-01,  2.5000000000000000E-01,5,  2.6275377975549868E-01,48,2,500,500,0,  9.9388797400123818E-01,  1.0000000000000000E+00,  1.0000000000000000E+00,  9.9693461915691450E-01,  9.5582887000000005E-02,  9.4125800000000005E-04,0
1831,  2.7500000000000002E-01,55,  8.1250000000000000E-01,  4.3750000000000000E-01,1,  2.6275377975549868E-01,48,2,500,500,0,  9.9388797400123818E-01,  1.0000000000000000E+00,  1.0000000000000000E+00,  9.9693461915691450E-01,  9.7392144999999999E-02,  9.1621100000000000E-04,0
1832,  2.7500000000000002E-01,55,  8.1250000000000000E-01,  4.3750000000000000E-01,2,  2.6275377975549868E-01,48,2,500,500,0,  9.9388797400123818E-01,  1.0000000000000000E+00,  1.0000000000000000E+00,  9.9693461915691450E-01,  1.0013734700000000E-01,  1.0340930000000000E-03,0
1833,  2.7500000000000002E-01,55,  8.1250000000000000E-01,  4.3750000000000000E-01,3,  2.6275377975549868E-01,48,2,500,500,0,  9.9388797400123818E-01,  1.0000000000000000E+00,  1.0000000000000000E+00,  9.9693461915691450E-01,  9.9863940999999998E-02,  9.5754499999999997E-04,0
1834,  2.7500000000000002E-01,55,  8.1250000000000000E-01,  4.3750000000000000E-01,4,  2.6275377975549868E-01,48,2,500,500,0,  9.9388797400123818E-01,  1.0000000000000000E+00,  1.0000000000000000E+00,  9.9693461915691450E-01,  9.6881531000000007E-02,  9.4106799999999998E-04,0
1835,  2.7500000000000002E-01,55,  8.1250000000000000E-01,  4.3750000000000000E-01,5,  2.6275377975549868E-01,48,2,500,500,0,  9.9388797400123818E-01,  1.0000000000000000E+00,  1.0000000000000000E+00,  9.9693461915691450E-01,  9.9781209999999995E-02,  9.7514499999999996E-04,0
1836,  2.7500000000000002E-01,55,  8.1250000000000000E-01,  6.2500000000000000E-01,1,  2.6275377975549868E-01,48,2,500,500,0,  9.9388797400123818E-01,  1.0000000000000000E+00,  1.0000000000000000E+00,  9.9693461915691450E-01,  9.8773392000000002E-02,  1.0972630000000000E-03,0
1837,  2.7500000000000002E-01,55,  8.1250000000000000E-01,  6.2500000000000000E-01,2,  2.6275377975549868E-01,48,2,500,500,0,  9.9388797400123818E-01,  1.0000000000000000E+00,  1.0000000000000000E+00,  9.9693461915691450E-01,  9.5715406000000003E-02,  1.0316279999999999E-03,0
1838,  2.7500000000000002E-01,55,  8.1250000000000000E-01,  6.2500000000000000E-01,3,  2.6275377975549868E-01,48,2,500,500,0,  9.9388797400123818E-01,  1.0000000000000000E+00,  1.0000000000000000E+00,  9.9693461915691450E-01,  9.6553453999999997E-02,  1.1057560000000001E-03,0
1839,  2.7500000000000002E-01,55,  8.1250000000000000E-01,  6.2500000000000000E-01,4,  2.6275377975549868E-01,48,2,500,500,0,  9.9388797400123818E-01,  1.0000000000000000E+00,  1.0000000000000000E+00,  9.9693461915691450E-01,  1.0117449700000000E-01,  1.2887510000000001E-03,0
1840,  2.7500000000000002E-01,55,  8.1250000000000000E-01,  6.2500000000000000E-01,5,  2.6275377975549868E-01,48,2,500,500,0,  9.9388797400123818E-01,  1.0000000000000000E+00,  1.0000000000000000E+00,  9.9693461915691450E-01,  1.0622714900000001E-01,  9.9502700000000011E-04,0
1841,  2.7500000000000002E-01,55,  8.1250000000000000E-01,  8.1250000000000000E-01,1,  2.6275377975549868E-01,48,2,500,500,0,  9.9388797400123818E-01,  1.0000000000000000E+00,  1.0000000000000000E+00,  9.9693461915691450E-01,  9.4837019999999994E-02,  9.9739399999999997E-04,0
1842,  2.7500000000000002E-01,55,  8.1250000000000000E-01,  8.1250000000000000E-01,2,  2.6275377975549868E-01,48,2,500,500,0,  9.9388797400123818E-01,  1.0000000000000000E+00,  1.0000000000000000E+00,  9.9693461915691450E-01,  1.0335850300000000E-01,  9.9255599999999991E-04,0
1843,  2.7500000000000002E-01,55,  8.1250000000000000E-01,  8.1250000000000000E-01,3,  2.6275377975549868E-01,48,2,500,500,0,  9.9388797400123818E-01,  1.0000000000000000E+00,  1.0000000000000000E+00,  9.9693461915691450E-01,  1.2195605800000001E-01,  1.3279380000000001E-03,0
1844,  2.7500000000000002E-01,55,  8.1250000000000000E-01,  8.1250000000000000E-01,4,  2.6275377975549868E-01,48,2,500,500,0,  9.9388797400123818E-01,  1.0000000000000000E+00,  1.0000000000000000E+00,  9.9693461915691450E-01,  1.0683862299999999E-01,  1.1417100000000000E-03,0
1845,  2.7500000000000002E-01,55,  8.1250000000000000E-01,  8.1250000000000000E-01,5,  2.6275377975549868E-01,48,2,500,500,0,  9.9388797400123818E-01,  1.0000000000000000E+00,  1.0000000000000000E+00,  9.9693461915691450E-01,  1.0979025600000000E-01,  1.1733939999999999E-03,0
1846,  2.7500000000000002E-01,55,  8.1250000000000000E-01,  1.0000000000000000E+00,1,  2.6275377975549868E-01,48,2,500,500,0,  9.9388797400123818E-01,  1.0000000000000000E+00,  1.0000000000000000E+00,  9.9693461915691450E-01,  1.4591331499999999E-01,  1.2640419999999999E-03,0
1847,  2.7500000000000002E-01,55,  8.1250000000000000E-01,  1.0000000000000000E+00,2,  2.6275377975549868E-01,48,2,500,500,0,  9.9388797400123818E-01,  1.0000000000000000E+00,  1.0000000000000000E+00,  9.9693461915691450E-01,  1.0918980900000000E-01,  1.1224989999999999E-03,0
1848,  2.7500000000000002E-01,55,  8.1250000000000000E-01,  1.0000000000000000E+00,3,  2.6275377975549868E-01,48,2,500,500,0,  9.9388797400123818E-01,  1.0000000000000000E+00,  1.0000000000000000E+00,  9.9693461915691450E-01,  1.1231548700000001E-01,  1.0956670000000000E-03,0
1849,  2.7500000000000002E-01,55,  8.1250000000000000E-01,  1.0000000000000000E+00,4,  2.6275377975549868E-01,48,2,500,500,0,  9.9388797400123818E-01,  1.0000000000000000E+00,  1.0000000000000000E+00,  9.9693461915691450E-01,  1.0336264800000000E-01,  1.0758180000000001E-03,0
1850,  2.7500000000000002E-01,55,  8.1250000000000000E-01,  1.0000000000000000E+00,5,  2.6275377975549868E-01,48,2,500,500,0,  9.9388797400123818E-01,  1.0000000000000000E+00,  1.0000000000000000E+00,  9.9693461915691450E-01,  9.8959298000000001E-02,  9.5979200000000000E-04,0
1851,  2.7500000000000002E-01,55,  1.0000000000000000E+00,  2.5000000000000000E-01,1,  2.6275377975549868E-01,48,2,500,500,0,  9.9388797400123818E-01,  1.0000000000000000E+00,  1.0000000000000000E+00,  9.9693461915691450E-01,  1.2236599300000001E-01,  9.9079500000000004E-04,0
1852,  2.7500000000000002E-01,55,  1.0000000000000000E+00,  2.5000000000000000E-01,2,  2.6275377975549868E-01,48,2,500,500,0,  9.9388797400123818E-01,  1.0000000000000000E+00,  1.0000000000000000E+00,  9.9693461915691450E-01,  1.2709427100000001E-01,  9.9941799999999996E-04,0
1853,  2.7500000000000002E-01,55,  1.0000000000000000E+00,  2.5000000000000000E-01,3,  2.6275377975549868E-01,48,2,500,500,0,  9.9388797400123818E-01,  1.0000000000000000E+00,  1.0000000000000000E+00,  9.9693461915691450E-01,  1.2076824899999999E-01,  9.4581199999999998E-04,0
1854,  2.7500000000000002E-01,55,  1.0000000000000000E+00,  2.5000000000000000E-01,4,  2.6275377975549868E-01,48,2,500,500,0,  9.9388797400123818E-01,  1.0000000000000000E+00,  1.0000000000000000E+00,  9.9693461915691450E-01,  1.2063420499999999E-01,  9.7925099999999999E-04,0
1855,  2.7500000000000002E-01,55,  1.0000000000000000E+00,  2.5000000000000000E-01,5,  2.6275377975549868E-01,48,2,500,500,0,  9.9388797400123818E-01,  1.0000000000000000E+00,  1.0000000000000000E+00,  9.9693461915691450E-01,  1.2160494700000000E-01,  9.2535600000000001E-04,0
1856,  2.7500000000000002E-01,55,  1.0000000000000000E+00,  4.3750000000000000E-01,1,  2.6275377975549868E-01,48,2,500,500,0,  9.9388797400123818E-01,  1.0000000000000000E+00,  1.0000000000000000E+00,  9.9693461915691450E-01,  1.2347737300000000E-01,  9.9111300000000006E-04,0
1857,  2.7500000000000002E-01,55,  1.0000000000000000E+00,  4.3750000000000000E-01,2,  2.6275377975549868E-01,48,2,500,500,0,  9.9388797400123818E-01,  1.0000000000000000E+00,  1.0000000000000000E+00,  9.9693461915691450E-01,  1.2887676800000000E-01,  1.0187239999999999E-03,0
1858,  2.7500000000000002E-01,55,  1.0000000000000000E+00,  4.3750000000000000E-01,3,  2.6275377975549868E-01,48,2,500,500,0,  9.9388797400123818E-01,  1.0000000000000000E+00,  1.0000000000000000E+00,  9.9693461915691450E-01,  1.2345758000000000E-01,  9.5992600000000005E-04,0
1859,  2.7500000000000002E-01,55,  1.0000000000000000E+00,  4.3750000000000000E-01,4,  2.6275377975549868E-01,48,2,500,500,0,  9.9388797400123818E-01,  1.0000000000000000E+00,  1.0000000000000000E+00,  9.9693461915691450E-01,  1.2196070300000000E-01,  9.6666600000000003E-04,0
1860,  2.7500000000000002E-01,55,  1.0000000000000000E+00,  4.3750000000000000E-01,5,  2.6275377975549868E-01,48,2,500,500,0,  9.9388797400123818E-01,  1.0000000000000000E+00,  1.0000000000000000E+00,  9.9693461915691450E-01,  1.2448906600000000E-01,  9.5715700000000004E-04,0
1861,  2.7500000000000002E-01,55,  1.0000000000000000E+00,  6.2500000000000000E-01,1,  2.6275377975549868E-01,48,2,500,500,0,  9.9388797400123818E-01,  1.0000000000000000E+00,  1.0000000000000000E+00,  9.9693461915691450E-01,  1.2166465500000000E-01,  1.0962789999999999E-03,0
1862,  2.7500000000000002E-01,55,  1.0000000000000000E+00,  6.2500000000000000E-01,2,  2.6275377975549868E-01,48,2,500,500,0,  9.9388797400123818E-01,  1.0000000000000000E+00,  1.0000000000000000E+00,  9.9693461915691450E-01,  1.2325810399999999E-01,  9.2838999999999997E-04,0
1863,  2.7500000000000002E-01,55,  1.0000000000000000E+00,  6.2500000000000000E-01,3,  2.6275377975549868E-01,48,2,500,500,0,  9.9388797400123818E-01,  1.0000000000000000E+00,  1.0000000000000000E+00,  9.9693461915691450E-01,  1.2394323300000000E-01,  9.3540400000000003E-04,0
1864,  2.7500000000000002E-01,55,  1.0000000000000000E+00,  6.2500000000000000E-01,4,  2.6275377975549868E-01,48,2,500,500,0,  9.9388797400123818E-01,  1.0000000000000000E+00,  1.0000000000000000E+00,  9.9693461915691450E-01,  1.2564966599999999E-01,  9.6192999999999995E-04,0
1865,  2.7500000000000002E-01,55,  1.0000000000000000E+00,  6.2500000000000000E-01,5,  2.6275377975549868E-01,48,2,500,500,0,  9.9388797400123818E-01,  1.0000000000000000E+00,  1.0000000000000000E+00,  9.9693461915691450E-01,  1.2111909700000000E-01,  9.3708599999999995E-04,0
1866,  2.7500000000000002E-01,55,  1.0000000000000000E+00,  8.1250000000000000E-01,1,  2.6275377975549868E-01,48,2,500,500,0,  9.9388797400123818E-01,  1.0000000000000000E+00,  1.0000000000000000E+00,  9.9693461915691450E-01,  1.2057240299999999E-01,  9.5666499999999999E-04,0
1867,  2.7500000000000002E-01,55,  1.0000000000000000E+00,  8.1250000000000000E-01,2,  2.6275377975549868E-01,48,2,500,500,0,  9.9388797400123818E-01,  1.0000000000000000E+00,  1.0000000000000000E+00,  9.9693461915691450E-01,  1.3656552699999999E-01,  9.3703099999999995E-04,0
1868,  2.7500000000000002E-01,55,  1.0000000000000000E+00,  8.1250000000000000E-01,3,  2.6275377975549868E-01,48,2,500,500,0,  9.9388797400123818E-01,  1.0000000000000000E+00,  1.0000000000000000E+00,  9.9693461915691450E-01,  1.2383663600000000E-01,  1.1023669999999999E-03,0
1869,  2.7500000000000002E-01,55,  1.0000000000000000E+00,  8.1250000000000000E-01,4,  2.6275377975549868E-01,48,2,500,500,0,  9.9388797400123818E-01,  1.0000000000000000E+00,  1.0000000000000000E+00,  9.9693461915691450E-01,  1.2215807700000000E-01,  9.4411600000000005E-04,0
1870,  2.7500000000000002E-01,55,  1.0000000000000000E+00,  8.1250000000000000E-01,5,  2.6275377975549868E-01,48,2,500,500,0,  9.9388797400123818E-01,  1.0000000000000000E+00,  1.0000000000000000E+00,  9.9693461915691450E-01,  1.1922190000000001E-01,  1.0091440000000000E-03,0
1871,  2.7500000000000002E-01,55,  1.0000000000000000E+00,  1.0000000000000000E+00,1,  2.6275377975549868E-01,48,2,500,500,0,  9.9388797400123818E-01,  1.0000000000000000E+00,  1.0000000000000000E+00,  9.9693461915691450E-01,  1.2200867899999999E-01,  9.6591099999999996E-04,0
1872,  2.7500000000000002E-01,55,  1.0000000000000000E+00,  1.0000000000000000E+00,2,  2.6275377975549868E-01,48,2,500,500,0,  9.9388797400123818E-01,  1.0000000000000000E+00,  1.0000000000000000E+00,  9.9693461915691450E-01,  1.2248667500000000E-01,  9.4474999999999995E-04,0
1873,  2.7500000000000002E-01,55,  1.0000000000000000E+00,  1.0000000000000000E+00,3,  2.6275377975549868E-01,48,2,500,500,0,  9.9388797400123818E-01,  1.0000000000000000E+00,  1.0000000000000000E+00,  9.9693461915691450E-01,  1.2076310699999999E-01,  9.2667499999999996E-04,0
1874,  2.7500000000000002E-01,55,  1.0000000000000000E+00,  1.0000000000000000E+00,4,  2.6275377975549868E-01,48,2,500,500,0,  9.9388797400123818E-01,  1.0000000000000000E+00,  1.0000000000000000E+00,  9.9693461915691450E-01,  1.2121985300000000E-01,  1.0589900000000001E-03,0
1875,  2.7500000000000002E-01,55,  1.0000000000000000E+00,  1.0000000000000000E+00,5,  2.6275377975549868E-01,48,2,500,500,0,  9.9388797400123818E-01,  1.0000000000000000E+00,  1.0000000000000000E+00,  9.9693461915691450E-01,  1.2216355900000000E-01,  1.0060609999999999E-03,0
1876,  3.8750000000000001E-01,15,  2.5000000000000000E-01,  2.5000000000000000E-01,1,  3.3255787461293101E-01,113,5,491,491,0,  7.0267801748850933E-01,  9.8199999999999998E-01,  9.8199999999999998E-01,  8.1918302015052280E-01,  1.3524107899999999E-01,  1.0490020000000001E-03,0
1877,  3.8750000000000001E-01,15,  2.5000000000000000E-01,  2.5000000000000000E-01,2,  3.3255787461293101E-01,113,7,493,491,2,  5.9517571914138057E-01,  9.8599999999999999E-01,  9.8199999999999998E-01,  7.4228721320369406E-01,  1.3674094900000000E-01,  1.0851800000000000E-03,0
1878,  3.8750000000000001E-01,15,  2.5000000000000000E-01,  2.5000000000000000E-01,3,  3.3255787461293101E-01,113,8,495,491,4,  5.1120701206607055E-01,  9.8999999999999999E-01,  9.8199999999999998E-01,  6.7425070343747606E-01,  1.3290738999999999E-01,  1.2569339999999999E-03,0
1879,  3.8750000000000001E-01,15,  2.5000000000000000E-01,  2.5000000000000000E-01,4,  3.3255787461293101E-01,113,9,498,491,7,  4.7607995109930545E-01,  9.9600000000000000E-01,  9.8199999999999998E-01,  6.4422537775996203E-01,  1.4184072800000000E-01,  1.5243920000000001E-03,0
1880,  3.8750000000000001E-01,15,  2.5000000000000000E-01,  2.5000000000000000E-01,5,  3.3255787461293101E-01,113,10,502,491,11,  4.3774255006079915E-01,  1.0040000000000000E+00,  9.8199999999999998E-01,  6.0966990291367706E-01,  1.3105289300000000E-01,  1.1026499999999999E-03,0
1881,  3.8750000000000001E-01,15,  2.5000000000000000E-01,  4.3750000000000000E-01,1,  3.3255787461293101E-01,113,5,491,491,0,  7.0267801748850933E-01,  9.8199999999999998E-01,  9.8199999999999998E-01,  8.1918302015052280E-01,  1.3616310100000001E-01,  1.1218940000000000E-03,0
1882,  3.8750000000000001E-01,15,  2.5000000000000000E-01,  4.3750000000000000E-01,2,  3.3255787461293101E-01,113,7,493,491,2,  5.9517571914138057E-01,  9.8599999999999999E-01,  9.8199999999999998E-01,  7.4228721320369406E-01,  1.3410218600000001E-01,  1.0529430000000000E-03,0
1883,  3.8750000000000001E-01,15,  2.5000000000000000E-01,  4.3750000000000000E-01,3,  3.3255787461293101E-01,113,8,495,491,4,  5.1120701206607055E-01,  9.8999999999999999E-01,  9.8199999999999998E-01,  6.7425070343747606E-01,  1.3392592000000000E-01,  1.1036690000000000E-03,0
1884,  3.8750000000000001E-01,15,  2.5000000000000000E-01,  4.3750000000000000E-01,4,  3.3255787461293101E-01,113,9,498,491,7,  4.7607995109930545E-01,  9.9600000000000000E-01,  9.8199999999999998E-01,  6.4422537775996203E-01,  1.3655197099999999E-01,  1.1180059999999999E-03,0
1885,  3.8750000000000001E-01,15,  2.5000000000000000E-01,  4.3750000000000000E-01,5,  3.3255787461293101E-01,113,10,502,491,11,  4.3774255006079915E-01,  1.0040000000000000E+00,  9.8199999999999998E-01,  6.0966990291367706E-01,  1.3390009400000000E-01,  1.0616759999999999E-03,0
1886,  3.8750000000000001E-01,15,  2.5000000000000000E-01,  6.2500000000000000E-01,1,  3.3255787461293101E-01,113,5,491,491,0,  7.0267801748850933E-01,  9.8199999999999998E-01,  9.8199999999999998E-01,  8.1918302015052280E-01,  1.3078092299999999E-01,  1.2611829999999999E-03,0
1887,  3.8750000000000001E-01,15,  2.5000000000000000E-01,  6.2500000000000000E-01,2,  3.3255787461293101E-01,113,7,493,491,2,  5.9517571914138057E-01,  9.8599999999999999E-01,  9.8199999999999998E-01,  7.4228721320369406E-01,  1.3534132600000001E-01,  1.0415769999999999E-03,0
1888,  3.8750000000000001E-01,15,  2.5000000000000000E-01,  6.2500000000000000E-01,3,  3.3255787461293101E-01,113,8,495,491,4,  5.1120701206607055E-01,  9.8999999999999999E-01,  9.8199999999999998E-01,  6.7425070343747606E-01,  1.3371775399999999E-01,  1.2035660000000001E-03,0
1889,  3.8750000000000001E-01,15,  2.5000000000000000E-01,  6.2500000000000000E-01,4,  3.3255787461293101E-01,113,9,498,491,7,  4.7607995109930545E-01,  9.9600000000000000E-01,  9.8199999999999998E-01,  6.4422537775996203E-01,  1.3256302100000000E-01,  1.1102250000000001E-03,0
1890,  3.8750000000000001E-01,15,  2.5000000000000000E-01,  6.2500000000000000E-01,5,  3.3255787461293101E-01,113,10,502,491,11,  4.3774255006079915E-01,  1.0040000000000000E+00,  9.8199999999999998E-01,  6.0966990291367706E-01,  1.3568802499999999E-01,  1.1045000000000000E-03,0
1891,  3.8750000000000001E-01,15,  2.5000000000000000E-01,  8.1250000000000000E-01,1,  3.3255787461293101E-01,113,5,491,491,0,  7.0267801748850933E-01,  9.8199999999999998E-01,  9.8199999999999998E-01,  8.1918302015052280E-01,  1.3421631500000000E-01,  1.1167130000000001E-03,0
1892,  3.8750000000000001E-01,15,  2.5000000000000000E-01,  8.1250000000000000E-01,2,  3.3255787461293101E-01,113,7,493,491,2,  5.9517571914138057E-01,  9.8599999999999999E-01,  9.8199999999999998E-01,  7.4228721320369406E-01,  1.3215011500000001E-01,  1.1121210000000000E-03,0
1893,  3.8750000000000001E-01,15,  2.5000000000000000E-01,  8.1250000000000000E-01,3,  3.3255787461293101E-01,113,8,495,491,4,  5.1120701206607055E-01,  9.8999999999999999E-01,  9.8199999999999998E-01,  6.7425070343747606E-01,  1.3536117900000000E-01,  1.0591550000000000E-03,0
1894,  3.8750000000000001E-01,15,  2.5000000000000000E-01,  8.1250000000000000E-01,4,  3.3255787461293101E-01,113,9,498,491,7,  4.7607995109930545E-01,  9.9600000000000000E-01,  9.8199999999999998E-01,  6.4422537775996203E-01,  1.4148134200000001E-01,  1.1990120000000000E-03,0
1895,  3.8750000000000001E-01,15,  2.5000000000000000E-01,  8.1250000000000000E-01,5,  3.3255787461293101E-01,113,10,502,491,11,  4.3774255006079915E-01,  1.0040000000000000E+00,  9.8199999999999998E-01,  6.0966990291367706E-01,  1.3423986299999999E-01,  1.0612239999999999E-03,0
1896,  3.8750000000000001E-01,15,  2.5000000000000000E-01,  1.0000000000000000E+00,1,  3.3255787461293101E-01,113,5,491,491,0,  7.0267801748850933E-01,  9.8199999999999998E-01,  9.8199999999999998E-01,  8.1918302015052280E-01,  1.3167581500000000E-01,  1.4566640000000001E-03,0
1897,  3.8750000000000001E-01,15,  2.5000000000000000E-01,  1.0000000000000000E+00,2,  3.3255787461293101E-01,113,7,493,491,2,  5.9517571914138057E-01,  9.8599999999999999E-01,  9.8199999999999998E-01,  7.4228721320369406E-01,  1.3060797499999999E-01,  1.1592530000000001E-03,0
1898,  3.8750000000000001E-01,15,  2.5000000000000000E-01,  1.0000000000000000E+00,3,  3.3255787461293101E-01,113,8,495,491,4,  5.1120701206607055E-01,  9.8999999999999999E-01,  9.8199999999999998E-01,  6.7425070343747606E-01,  1.3545112500000001E-01,  1.1031030000000000E-03,0
1899,  3.8750000000000001E-01,15,  2.5000000000000000E-01,  1.0000000000000000E+00,4,  3.3255787461293101E-01,113,9,498,491,7,  4.7607995109930545E-01,  9.9600000000000000E-01,  9.8199999999999998E-01,  6.4422537775996203E-01,  1.3342042800000001E-01,  1.4630600000000000E-03,0
1900,  3.8750000000000001E-01,15,  2.5000000000000000E-01,  1.0000000000000000E+00,5,  3.3255787461293101E-01,113,10,502,491,11,  4.3774255006079915E-01,  1.0040000000000000E+00,  9.8199999999999998E-01,  6.0966990291367706E-01,  1.3481655100000001E-01,  1.1350119999999999E-03,0
1901,  3.8750000000000001E-01,15,  4.3750000000000000E-01,  2.5000000000000000E-01,1,  3.3255787461293101E-01,113,2,497,497,0,  9.3385812023925230E-01,  9.9399999999999999E-01,  9.9399999999999999E-01,  9.6299096056157685E-01,  1.8330323600000001E-01,  1.6736889999999999E-03,0
1902,  3.8750000000000001E-01,15,  4.3750000000000000E-01,  2.5000000000000000E-01,2,  3.3255787461293101E-01,113,2,497,497,0,  9.3385812023925230E-01,  9.9399999999999999E-01,  9.9399999999999999E-01,  9.6299096056157685E-01,  1.7736830900000000E-01,  1.0626600000000000E-03,0
1903,  3.8750000000000001E-01,15,  4.3750000000000000E-01,  2.5000000000000000E-01,3,  3.3255787461293101E-01,113,3,499,497,2,  8.7009012407562558E-01,  9.9800000000000000E-01,  9.9399999999999999E-01,  9.2966600769023822E-01,  2.0829942900000001E-01,  1.1053660000000000E-03,0
1904,  3.8750000000000001E-01,15,  4.3750000000000000E-01,  2.5000000000000000E-01,4,  3.3255787461293101E-01,113,4,502,497,5,  7.5831818875170376E-01,  1.0040000000000000E+00,  9.9399999999999999E-01,  8.6403405056608518E-01,  1.8009865100000000E-01,  1.0880639999999999E-03,0
1905,  3.8750000000000001E-01,15,  4.3750000000000000E-01,  2.5000000000000000E-01,5,  3.3255787461293101E-01,113,4,502,497,5,  7.5831818875170376E-01,  1.0040000000000000E+00,  9.9399999999999999E-01,  8.6403405056608518E-01,  1.7937438700000000E-01,  1.0555580000000001E-03,0
1906,  3.8750000000000001E-01,15,  4.3750000000000000E-01,  4.3750000000000000E-01,1,  3.3255787461293101E-01,113,2,497,497,0,  9.3385812023925230E-01,  9.9399999999999999E-01,  9.9399999999999999E-01,  9.6299096056157685E-01,  2.0047369800000001E-01,  2.1855139999999999E-03,0
1907,  3.8750000000000001E-01,15,  4.3750000000000000E-01,  4.3750000000000000E-01,2,  3.3255787461293101E-01,113,2,497,497,0,  9.3385812023925230E-01,  9.9399999999999999E-01,  9.9399999999999999E-01,  9.6299096056157685E-01,  1.9319773900000001E-01,  1.0915180000000001E-03,0
1908,  3.8750000000000001E-01,15,  4.3750000000000000E-01,  4.3750000000000000E-01,3,  3.3255787461293101E-01,113,3,499,497,2,  8.7009012407562558E-01,  9.9800000000000000E-01,  9.9399999999999999E-01,  9.2966600769023822E-01,  1.8999526600000000E-01,  1.1125000000000000E-03,0
1909,  3.8750000000000001E-01,15,  4.3750000000000000E-01,  4.3750000000000000E-01,4,  3.3255787461293101E-01,113,4,502,497,5,  7.5831818875170376E-01,  1.0040000000000000E+00,  9.9399999999999999E-01,  8.6403405056608518E-01,  1.8049382200000000E-01,  1.0736249999999999E-03,0
1910,  3.8750000000000001E-01,15,  4.3750000000000000E-01,  4.3750000000000000E-01,5,  3.3255787461293101E-01,113,4,502,497,5,  7.5831818875170376E-01,  1.0040000000000000E+00,  9.9399999999999999E-01,  8.6403405056608518E-01,  1.9716758600000001E-01,  1.1654149999999999E-03,0
1911,  3.8750000000000001E-01,15,  4.3750000000000000E-01,  6.2500000000000000E-01,1,  3.3255787461293101E-01,113,2,497,497,0,  9.3385812023925230E-01,  9.9399999999999999E-01,  9.9399999999999999E-01,  9.6299096056157685E-01,  1.8113772400000000E-01,  1.1278709999999999E-03,0
1912,  3.8750000000000001E-01,15,  4.3750000000000000E-01,  6.2500000000000000E-01,2,  3.3255787461293101E-01,113,2,497,497,0,  9.3385812023925230E-01,  9.9399999999999999E-01,  9.9399999999999999E-01,  9.6299096056157685E-01,  1.7922243800000001E-01,  1.1949190000000000E-03,0
1913,  3.8750000000000001E-01,15,  4.3750000000000000E-01,  6.2500000000000000E-01,3,  3.3255787461293101E-01,113,3,499,497,2,  8.7009012407562558E-01,  9.9800000000000000E-01,  9.9399999999999999E-01,  9.2966600769023822E-01,  1.8003239700000001E-01,  1.0758479999999999E-03,0
1914,  3.8750000000000001E-01,15,  4.3750000000000000E-01,  6.2500000000000000E-01,4,  3.3255787461293101E-01,113,4,502,497,5,  7.5831818875170376E-01,  1.0040000000000000E+00,  9.9399999999999999E-01,  8.6403405056608518E-01,  1.8637877999999999E-01,  1.0744570000000000E-03,0
1915,  3.8750000000000001E-01,15,  4.3750000000000000E-01,  6.2500000000000000E-01,5,  3.3255787461293101E-01,113,4,502,497,5,  7.5831818875170376E-01,  1.0040000000000000E+00,  9.9399999999999999E-01,  8.6403405056608518E-01,  1.7899180200000001E-01,  1.1547549999999999E-03,0
1916,  3.8750000000000001E-01,15,  4.3750000000000000E-01,  8.1250000000000000E-01,1,  3.3255787461293101E-01,113,2,497,497,0,  9.3385812023925230E-01,  9.9399999999999999E-01,  9.9399999999999999E-01,  9.6299096056157685E-01,  1.8145467500000001E-01,  1.1254349999999999E-03,0
1917,  3.8750000000000001E-01,15,  4.3750000000000000E-01,  8.1250000000000000E-01,2,  3.3255787461293101E-01,113,2,497,497,0,  9.3385812023925230E-01,  9.9399999999999999E-01,  9.9399999999999999E-01,  9.6299096056157685E-01,  1.8271007300000000E-01,  1.0562340000000001E-03,0
1918,  3.8750000000000001E-01,15,  4.3750000000000000E-01,  8.1250000000000000E-01,3,  3.3255787461293101E-01,113,3,499,497,2,  8.7009012407562558E-01,  9.9800000000000000E-01,  9.9399999999999999E-01,  9.2966600769023822E-01,  1.8072509000000000E-01,  1.1108320000000000E-03,0
1919,  3.8750000000000001E-01,15,  4.3750000000000000E-01,  8.1250000000000000E-01,4,  3.3255787461293101E-01,113,4,502,497,5,  7.5831818875170376E-01,  1.0040000000000000E+00,  9.9399999999999999E-01,  8.6403405056608518E-01,  1.8976227000000001E-01,  1.2645370000000000E-03,0
1920,  3.8750000000000001E-01,15,  4.3750000000000000E-01,  8.1250000000000000E-01,5,  3.3255787461293101E-01,113,4,502,497,5,  7.5831818875170376E-01,  1.0040000000000000E+00,  9.9399999999999999E-01,  8.6403405056608518E-01,  1.8043733900000000E-01,  1.1061580000000001E-03,0
1921,  3.8750000000000001E-01,15,  4.3750000000000000E-01,  1.0000000000000000E+00,1,  3.3255787461293101E-01,113,2,497,497,0,  9.3385812023925230E-01,  9.9399999999999999E-01,  9.9399999999999999E-01,  9.6299096056157685E-01,  1.8206195800000000E-01,  1.0980919999999999E-03,0
1922,  3.8750000000000001E-01,15,  4.3750000000000000E-01,  1.0000000000000000E+00,2,  3.3255787461293101E-01,113,2,497,497,0,  9.3385812023925230E-01,  9.9399999999999999E-01,  9.9399999999999999E-01,  9.6299096056157685E-01,  1.7842844299999999E-01,  1.0512390000000000E-03,0
1923,  3.8750000000000001E-01,15,  4.3750000000000000E-01,  1.0000000000000000E+00,3,  3.3255787461293101E-01,113,3,499,497,2,  8.7009012407562558E-01,  9.9800000000000000E-01,  9.9399999999999999E-01,  9.2966600769023822E-01,  1.8047909500000001E-01,  1.1618270000000000E-03,0
1924,  3.8750000000000001E-01,15,  4.3750000000000000E-01,  1.0000000000000000E+00,4,  3.3255787461293101E-01,113,4,502,497,5,  7.5831818875170376E-01,  1.0040000000000000E+00,  9.9399999999999999E-01,  8.6403405056608518E-01,  1.7899133600000000E-01,  1.0433680000000000E-03,0
1925,  3.8750000000000001E-01,15,  4.3750000000000000E-01,  1.0000000000000000E+00,5,  3.3255787461293101E-01,113,4,502,497,5,  7.5831818875170376E-01,  1.0040000000000000E+00,  9.9399999999999999E-01,  8.6403405056608518E-01,  1.8056011000000000E-01,  1.1217270000000001E-03,0
1926,  3.8750000000000001E-01,15,  6.2500000000000000E-01,  2.5000000000000000E-01,1,  3.3255787461293101E-01,113,2,497,497,0,  9.3385812023925230E-01,  9.9399999999999999E-01,  9.9399999999999999E-01,  9.6299096056157685E-01,  2.2246744800000001E-01,  1.3887500000000000E-03,0
1927,  3.8750000000000001E-01,15,  6.2500000000000000E-01,  2.5000000000000000E-01,2,  3.3255787461293101E-01,113,2,497,497,0,  9.3385812023925230E-01,  9.9399999999999999E-01,  9.9399999999999999E-01,  9.6299096056157685E-01,  2.1973232800000000E-01,  1.0729480000000000E-03,0
1928,  3.8750000000000001E-01,15,  6.2500000000000000E-01,  2.5000000000000000E-01,3,  3.3255787461293101E-01,113,2,497,497,0,  9.3385812023925230E-01,  9.9399999999999999E-01,  9.9399999999999999E-01,  9.6299096056157685E-01,  2.2204710300000000E-01,  1.1070650000000000E-03,0
1929,  3.8750000000000001E-01,15,  6.2500000000000000E-01,  2.5000000000000000E-01,4,  3.3255787461293101E-01,113,2,497,497,0,  9.3385812023925230E-01,  9.9399999999999999E-01,  9.9399999999999999E-01,  9.6299096056157685E-01,  2.1877714600000001E-01,  1.0467530000000001E-03,0
1930,  3.8750000000000001E-01,15,  6.2500000000000000E-01,  2.5000000000000000E-01,5,  3.3255787461293101E-01,113,2,497,497,0,  9.3385812023925230E-01,  9.9399999999999999E-01,  9.9399999999999999E-01,  9.6299096056157685E-01,  2.2033026200000000E-01,  1.2305110000000001E-03,0
1931,  3.8750000000000001E-01,15,  6.2500000000000000E-01,  4.3750000000000000E-01,1,  3.3255787461293101E-01,113,2,497,497,0,  9.3385812023925230E-01,  9.9399999999999999E-01,  9.9399999999999999E-01,  9.6299096056157685E-01,  2.1642731200000001E-01,  1.2270759999999999E-03,0
1932,  3.8750000000000001E-01,15,  6.2500000000000000E-01,  4.3750000000000000E-01,2,  3.3255787461293101E-01,113,2,497,497,0,  9.3385812023925230E-01,  9.9399999999999999E-01,  9.9399999999999999E-01,  9.6299096056157685E-01,  2.1974664799999999E-01,  1.0392530000000000E-03,0
1933,  3.8750000000000001E-01,15,  6.2500000000000000E-01,  4.3750000000000000E-01,3,  3.3255787461293101E-01,113,2,497,497,0,  9.3385812023925230E-01,  9.9399999999999999E-01,  9.9399999999999999E-01,  9.6299096056157685E-01,  2.1826887900000000E-01,  1.2468420000000000E-03,0
1934,  3.8750000000000001E-01,15,  6.2500000000000000E-01,  4.3750000000000000E-01,4,  3.3255787461293101E-01,113,2,497,497,0,  9.3385812023925230E-01,  9.9399999999999999E-01,  9.9399999999999999E-01,  9.6299096056157685E-01,  2.2552827500000000E-01,  1.1075379999999999E-03,0
1935,  3.8750000000000001E-01,15,  6.2500000000000000E-01,  4.3750000000000000E-01,5,  3.3255787461293101E-01,113,2,497,497,0,  9.3385812023925230E-01,  9.9399999999999999E-01,  9.9399999999999999E-01,  9.6299096056157685E-01,  2.2157695399999999E-01,  2.0718149999999999E-03,0
1936,  3.8750000000000001E-01,15,  6.2500000000000000E-01,  6.2500000000000000E-01,1,  3.3255787461293101E-01,113,2,497,497,0,  9.3385812023925230E-01,  9.9399999999999999E-01,  9.9399999999999999E-01,  9.6299096056157685E-01,  2.1396443800000001E-01,  1.1835450000000000E-03,0
1937,  3.8750000000000001E-01,15,  6.2500000000000000E-01,  6.2500000000000000E-01,2,  3.3255787461293101E-01,113,2,497,497,0,  9.3385812023925230E-01,  9.9399999999999999E-01,  9.9399999999999999E-01,  9.6299096056157685E-01,  2.1605037699999999E-01,  1.1015960000000000E-03,0
1938,  3.8750000000000001E-01,15,  6.2500000000000000E-01,  6.2500000000000000E-01,3,  3.3255787461293101E-01,113,2,497,497,0,  9.3385812023925230E-01,  9.9399999999999999E-01,  9.9399999999999999E-01,  9.6299096056157685E-01,  2.2283054399999999E-01,  1.0902279999999999E-03,0
1939,  3.8750000000000001E-01,15,  6.2500000000000000E-01,  6.2500000000000000E-01,4,  3.3255787461293101E-01,113,2,497,497,0,  9.3385812023925230E-01,  9.9399999999999999E-01,  9.9399999999999999E-01,  9.6299096056157685E-01,  2.1808021999999999E-01,  1.0819890000000000E-03,0
1940,  3.8750000000000001E-01,15,  6.2500000000000000E-01,  6.2500000000000000E-01,5,  3.3255787461293101E-01,113,2,497,497,0,  9.3385812023925230E-01,  9.9399999999999999E-01,  9.9399999999999999E-01,  9.6299096056157685E-01,  2.1633254800000001E-01,  1.1430769999999999E-03,0
1941,  3.8750000000000001E-01,15,  6.2500000000000000E-01,  8.1250000000000000E-01,1,  3.3255787461293101E-01,113,2,497,497,0,  9.3385812023925230E-01,  9.9399999999999999E-01,  9.9399999999999999E-01,  9.6299096056157685E-01,  2.1501683399999999E-01,  1.1063570000000001E-03,0
1942,  3.8750000000000001E-01,15,  6.2500000000000000E-01,  8.1250000000000000E-01,2,  3.3255787461293101E-01,113,2,497,497,0,  9.3385812023925230E-01,  9.9399999999999999E-01,  9.9399999999999999E-01,  9.6299096056157685E-01,  2.1865125299999999E-01,  1.1094750000000000E-03,0
1943,  3.8750000000000001E-01,15,  6.2500000000000000E-01,  8.1250000000000000E-01,3,  3.3255787461293101E-01,113,2,497,497,0,  9.3385812023925230E-01,  9.9399999999999999E-01,  9.9399999999999999E-01,  9.6299096056157685E-01,  2.1797229600000001E-01,  1.0546380000000001E-03,0
1944,  3.8750000000000001E-01,15,  6.2500000000000000E-01,  8.1250000000000000E-01,4,  3.3255787461293101E-01,113,2,497,497,0,  9.3385812023925230E-01,  9.9399999999999999E-01,  9.9399999999999999E-01,  9.6299096056157685E-01,  2.1835598500000000E-01,  1.1422150000000000E-03,0
1945,  3.8750000000000001E-01,15,  6.2500000000000000E-01,  8.1250000000000000E-01,5,  3.3255787461293101E-01,113,2,497,497,0,  9.3385812023925230E-01,  9.9399999999999999E-01,  9.9399999999999999E-01,  9.6299096056157685E-01,  2.2022476399999999E-01,  1.1119529999999999E-03,0
1946,  3.8750000000000001E-01,15,  6.2500000000000000E-01,  1.0000000000000000E+00,1,  3.3255787461293101E-01,113,2,497,497,0,  9.3385812023925230E-01,  9.9399999999999999E-01,  9.9399999999999999E-01,  9.6299096056157685E-01,  2.2362041499999999E-01,  1.1278410000000001E-03,0
1947,  3.8750000000000001E-01,15,  6.2500000000000000E-01,  1.0000000000000000E+00,2,  3.3255787461293101E-01,113,2,497,497,0,  9.3385812023925230E-01,  9.9399999999999999E-01,  9.9399999999999999E-01,  9.6299096056157685E-01,  2.2087165200000000E-01,  1.0721470000000001E-03,0
1948,  3.8750000000000001E-01,15,  6.2500000000000000E-01,  1.0000000000000000E+00,3,  3.3255787461293101E-01,113,2,497,497,0,  9.3385812023925230E-01,  9.9399999999999999E-01,  9.9399999999999999E-01,  9.6299096056157685E-01,  2.1644846700000001E-01,  1.1163110000000000E-03,0
1949,  3.8750000000000001E-01,15,  6.2500000000000000E-01,  1.0000000000000000E+00,4,  3.3255787461293101E-01,113,2,497,497,0,  9.3385812023925230E-01,  9.9399999999999999E-01,  9.9399999999999999E-01,  9.6299096056157685E-01,  2.1556981100000000E-01,  1.1476090000000000E-03,0
1950,  3.8750000000000001E-01,15,  6.2500000000000000E-01,  1.0000000000000000E+00,5,  3.3255787461293101E-01,113,2,497,497,0,  9.3385812023925230E-01,  9.9399999999999999E-01,  9.9399999999999999E-01,  9.6299096056157685E-01,  2.2134576400000000E-01,  1.0720120000000000E-03,0
1951,  3.8750000000000001E-01,15,  8.1250000000000000E-01,  2.5000000000000000E-01,1,  3.3255787461293101E-01,113,1,498,498,0,  9.9896071830098809E-01,  9.9600000000000000E-01,  9.9600000000000000E-01,  9.9747816215163154E-01,  2.6190217700000001E-01,  1.1783040000000000E-03,0
1952,  3.8750000000000001E-01,15,  8.1250000000000000E-01,  2.5000000000000000E-01,2,  3.3255787461293101E-01,113,1,498,498,0,  9.9896071830098809E-01,  9.9600000000000000E-01,  9.9600000000000000E-01,  9.9747816215163154E-01,  2.7647729799999998E-01,  1.1217169999999999E-03,0
1953,  3.8750000000000001E-01,15,  8.1250000000000000E-01,  2.5000000000000000E-01,3,  3.3255787461293101E-01,113,1,498,498,0,  9.9896071830098809E-01,  9.9600000000000000E-01,  9.9600000000000000E-01,  9.9747816215163154E-01,  2.6432784599999998E-01,  1.0597860000000001E-03,0
1954,  3.8750000000000001E-01,15,  8.1250000000000000E-01,  2.5000000000000000E-01,4,  3.3255787461293101E-01,113,1,498,498,0,  9.9896071830098809E-01,  9.9600000000000000E-01,  9.9600000000000000E-01,  9.9747816215163154E-01,  2.7917919600000002E-01,  1.1517700000000001E-03,0
1955,  3.8750000000000001E-01,15,  8.1250000000000000E-01,  2.5000000000000000E-01,5,  3.3255787461293101E-01,113,1,498,498,0,  9.9896071830098809E-01,  9.9600000000000000E-01,  9.9600000000000000E-01,  9.9747816215163154E-01,  2.6011560099999997E-01,  1.1139900000000000E-03,0
1956,  3.8750000000000001E-01,15,  8.1250000000000000E-01,  4.3750000000000000E-01,1,  3.3255787461293101E-01,113,1,498,498,0,  9.9896071830098809E-01,  9.9600000000000000E-01,  9.9600000000000000E-01,  9.9747816215163154E-01,  2.7336396200000002E-01,  1.0667389999999999E-03,0
1957,  3.8750000000000001E-01,15,  8.1250000000000000E-01,  4.3750000000000000E-01,2,  3.3255787461293101E-01,113,1,498,498,0,  9.9896071830098809E-01,  9.9600000000000000E-01,  9.9600000000000000E-01,  9.9747816215163154E-01,  2.6570925000000001E-01,  1.0972029999999999E-03,0
1958,  3.8750000000000001E-01,15,  8.1250000000000000E-01,  4.3750000000000000E-01,3,  3.3255787461293101E-01,113,1,498,498,0,  9.9896071830098809E-01,  9.9600000000000000E-01,  9.9600000000000000E-01,  9.9747816215163154E-01,  2.6128048199999998E-01,  1.2480530000000001E-03,0
1959,  3.8750000000000001E-01,15,  8.1250000000000000E-01,  4.3750000000000000E-01,4,  3.3255787461293101E-01,113,1,498,498,0,  9.9896071830098809E-01,  9.9600000000000000E-01,  9.9600000000000000E-01,  9.9747816215163154E-01,  2.6160525899999998E-01,  1.0470169999999999E-03,0
1960,  3.8750000000000001E-01,15,  8.1250000000000000E-01,  4.3750000000000000E-01,5,  3.3255787461293101E-01,113,1,498,498,0,  9.9896071830098809E-01,  9.9600000000000000E-01,  9.9600000000000000E-01,  9.9747816215163154E-01,  2.6973970000000003E-01,  1.1272089999999999E-03,0
1961,  3.8750000000000001E-01,15,  8.1250000000000000E-01,  6.2500000000000000E-01,1,  3.3255787461293101E-01,113,1,498,498,0,  9.9896071830098809E-01,  9.9600000000000000E-01,  9.9600000000000000E-01,  9.9747816215163154E-01,  2.6523569200000002E-01,  1.1416270000000001E-03,0
1962,  3.8750000000000001E-01,15,  8.1250000000000000E-01,  6.2500000000000000E-01,2,  3.3255787461293101E-01,113,1,498,498,0,  9.9896071830098809E-01,  9.9600000000000000E-01,  9.9600000000000000E-01,  9.9747816215163154E-01,  2.6058056800000001E-01,  1.3935260000000000E-03,0
1963,  3.8750000000000001E-01,15,  8.1250000000000000E-01,  6.2500000000000000E-01,3,  3.3255787461293101E-01,113,1,498,498,0,  9.9896071830098809E-01,  9.9600000000000000E-01,  9.9600000000000000E-01,  9.9747816215163154E-01,  2.6839110399999999E-01,  1.1431320000000000E-03,0
1964,  3.8750000000000001E-01,15,  8.1250000000000000E-01,  6.2500000000000000E-01,4,  3.3255787461293101E-01,113,1,498,498,0,  9.9896071830098809E-01,  9.9600000000000000E-01,  9.9600000000000000E-01,  9.9747816215163154E-01,  2.6208090499999998E-01,  1.8077070000000000E-03,0
1965,  3.8750000000000001E-01,15,  8.1250000000000000E-01,  6.2500000000000000E-01,5,  3.3255787461293101E-01,113,1,498,498,0,  9.9896071830098809E-01,  9.9600000000000000E-01,  9.9600000000000000E-01,  9.9747816215163154E-01,  2.5991699800000001E-01,  1.4090870000000001E-03,0
1966,  3.8750000000000001E-01,15,  8.1250000000000000E-01,  8.1250000000000000E-01,1,  3.3255787461293101E-01,113,1,498,498,0,  9.9896071830098809E-01,  9.9600000000000000E-01,  9.9600000000000000E-01,  9.9747816215163154E-01,  2.6424460900000002E-01,  1.0513549999999999E-03,0
1967,  3.8750000000000001E-01,15,  8.1250000000000000E-01,  8.1250000000000000E-01,2,  3.3255787461293101E-01,113,1,498,498,0,  9.9896071830098809E-01,  9.9600000000000000E-01,  9.9600000000000000E-01,  9.9747816215163154E-01,  2.6709016400000002E-01,  1.0685079999999999E-03,0
1968,  3.8750000000000001E-01,15,  8.1250000000000000E-01,  8.1250000000000000E-01,3,  3.3255787461293101E-01,113,1,498,498,0,  9.9896071830098809E-01,  9.9600000000000000E-01,  9.9600000000000000E-01,  9.9747816215163154E-01,  2.6223211699999999E-01,  1.2021569999999999E-03,0
1969,  3.8750000000000001E-01,15,  8.1250000000000000E-01,  8.1250000000000000E-01,4,  3.3255787461293101E-01,113,1,498,498,0,  9.9896071830098809E-01,  9.9600000000000000E-01,  9.9600000000000000E-01,  9.9747816215163154E-01,  2.6449583500000001E-01,  1.2670860000000000E-03,0
1970,  3.8750000000000001E-01,15,  8.1250000000000000E-01,  8.1250000000000000E-01,5,  3.3255787461293101E-01,113,1,498,498,0,  9.9896071830098809E-01,  9.9600000000000000E-01,  9.9600000000000000E-01,  9.9747816215163154E-01,  2.6504831699999998E-01,  1.1100699999999999E-03,0
1971,  3.8750000000000001E-01,15,  8.1250000000000000E-01,  1.0000000000000000E+00,1,  3.3255787461293101E-01,113,1,498,498,0,  9.9896071830098809E-01,  9.9600000000000000E-01,  9.9600000000000000E-01,  9.9747816215163154E-01,  2.6018792000000002E-01,  1.0862669999999999E-03,0
1972,  3.8750000000000001E-01,15,  8.1250000000000000E-01,  1.0000000000000000E+00,2,  3.3255787461293101E-01,113,1,498,498,0,  9.9896071830098809E-01,  9.9600000000000000E-01,  9.9600000000000000E-01,  9.9747816215163154E-01,  2.6456098400000000E-01,  1.0647280000000000E-03,0
1973,  3.8750000000000001E-01,15,  8.1250000000000000E-01,  1.0000000000000000E+00,3,  3.3255787461293101E-01,113,1,498,498,0,  9.9896071830098809E-01,  9.9600000000000000E-01,  9.9600000000000000E-01,  9.9747816215163154E-01,  2.6003082900000002E-01,  1.0730360000000001E-03,0
1974,  3.8750000000000001E-01,15,  8.1250000000000000E-01,  1.0000000000000000E+00,4,  3.3255787461293101E-01,113,1,498,498,0,  9.9896071830098809E-01,  9.9600000000000000E-01,  9.9600000000000000E-01,  9.9747816215163154E-01,  2.5943411199999999E-01,  1.2290940000000000E-03,0
1975,  3.8750000000000001E-01,15,  8.1250000000000000E-01,  1.0000000000000000E+00,5,  3.3255787461293101E-01,113,1,498,498,0,  9.9896071830098809E-01,  9.9600000000000000E-01,  9.9600000000000000E-01,  9.9747816215163154E-01,  2.6688305299999998E-01,  1.0836170000000000E-03,0
1976,  3.8750000000000001E-01,15,  1.0000000000000000E+00,  2.5000000000000000E-01,1,  3.3255787461293101E-01,113,1,499,499,0,  9.9972842554220231E-01,  9.9800000000000000E-01,  9.9800000000000000E-01,  9.9886346505814461E-01,  3.2841997699999997E-01,  1.1021609999999999E-03,0
1977,  3.8750000000000001E-01,15,  1.0000000000000000E+00,  2.5000000000000000E-01,2,  3.3255787461293101E-01,113,1,499,499,0,  9.9972842554220231E-01,  9.9800000000000000E-01,  9.9800000000000000E-01,  9.9886346505814461E-01,  3.2930862700000002E-01,  1.1208590000000001E-03,0
1978,  3.8750000000000001E-01,15,  1.0000000000000000E+00,  2.5000000000000000E-01,3,  3.3255787461293101E-01,113,1,499,499,0,  9.9972842554220231E-01,  9.9800000000000000E-01,  9.9800000000000000E-01,  9.9886346505814461E-01,  3.3565140399999999E-01,  1.2333400000000001E-03,0
1979,  3.8750000000000001E-01,15,  1.0000000000000000E+00,  2.5000000000000000E-01,4,  3.3255787461293101E-01,113,1,499,499,0,  9.9972842554220231E-01,  9.9800000000000000E-01,  9.9800000000000000E-01,  9.9886346505814461E-01,  3.3055870999999998E-01,  1.1348140000000000E-03,0
1980,  3.8750000000000001E-01,15,  1.0000000000000000E+00,  2.5000000000000000E-01,5,  3.3255787461293101E-01,113,1,499,499,0,  9.9972842554220231E-01,  9.9800000000000000E-01,  9.9800000000000000E-01,  9.9886346505814461E-01,  3.3093328200000000E-01,  1.1217779999999999E-03,0
1981,  3.8750000000000001E-01,15,  1.0000000000000000E+00,  4.3750000000000000E-01,1,  3.3255787461293101E-01,113,1,499,499,0,  9.9972842554220231E-01,  9.9800000000000000E-01,  9.9800000000000000E-01,  9.9886346505814461E-01,  3.2502728900000000E-01,  1.1043620000000000E-03,0
1982,  3.8750000000000001E-01,15,  1.0000000000000000E+00,  4.3750000000000000E-01,2,  3.3255787461293101E-01,113,1,499,499,0,  9.9972842554220231E-01,  9.9800000000000000E-01,  9.9800000000000000E-01,  9.9886346505814461E-01,  3.2828925799999997E-01,  1.1280050000000001E-03,0
1983,  3.8750000000000001E-01,15,  1.0000000000000000E+00,  4.3750000000000000E-01,3,  3.3255787461293101E-01,113,1,499,499,0,  9.9972842554220231E-01,  9.9800000000000000E-01,  9.9800000000000000E-01,  9.9886346505814461E-01,  3.3166275299999998E-01,  1.1762280000000001E-03,0
1984,  3.8750000000000001E-01,15,  1.0000000000000000E+00,  4.3750000000000000E-01,4,  3.3255787461293101E-01,113,1,499,499,0,  9.9972842554220231E-01,  9.9800000000000000E-01,  9.9800000000000000E-01,  9.9886346505814461E-01,  3.3334003699999998E-01,  1.4576810000000000E-03,0
1985,  3.8750000000000001E-01,15,  1.0000000000000000E+00,  4.3750000000000000E-01,5,  3.3255787461293101E-01,113,1,499,499,0,  9.9972842554220231E-01,  9.9800000000000000E-01,  9.9800000000000000E-01,  9.9886346505814461E-01,  3.3154860600000002E-01,  1.0554440000000000E-03,0
1986,  3.8750000000000001E-01,15,  1.0000000000000000E+00,  6.2500000000000000E-01,1,  3.3255787461293101E-01,113,1,499,499,0,  9.9972842554220231E-01,  9.9800000000000000E-01,  9.9800000000000000E-01,  9.9886346505814461E-01,  3.4338985999999999E-01,  1.1102510000000000E-03,0
1987,  3.8750000000000001E-01,15,  1.0000000000000000E+00,  6.2500000000000000E-01,2,  3.3255787461293101E-01,113,1,499,499,0,  9.9972842554220231E-01,  9.9800000000000000E-01,  9.9800000000000000E-01,  9.9886346505814461E-01,  3.2742757300000003E-01,  1.0828640000000000E-03,0
1988,  3.8750000000000001E-01,15,  1.0000000000000000E+00,  6.2500000000000000E-01,3,  3.3255787461293101E-01,113,1,499,499,0,  9.9972842554220231E-01,  9.9800000000000000E-01,  9.9800000000000000E-01,  9.9886346505814461E-01,  3.3351095800000002E-01,  1.3886230000000001E-03,0
1989,  3.8750000000000001E-01,15,  1.0000000000000000E+00,  6.2500000000000000E-01,4,  3.3255787461293101E-01,113,1,499,499,0,  9.9972842554220231E-01,  9.9800000000000000E-01,  9.9800000000000000E-01,  9.9886346505814461E-01,  3.2637881400000002E-01,  1.1256680000000000E-03,0
1990,  3.8750000000000001E-01,15,  1.0000000000000000E+00,  6.2500000000000000E-01,5,  3.3255787461293101E-01,113,1,499,499,0,  9.9972842554220231E-01,  9.9800000000000000E-01,  9.9800000000000000E-01,  9.9886346505814461E-01,  3.2935783400000002E-01,  1.1344199999999999E-03,0
1991,  3.8750000000000001E-01,15,  1.0000000000000000E+00,  8.1250000000000000E-01,1,  3.3255787461293101E-01,113,1,499,499,0,  9.9972842554220231E-01,  9.9800000000000000E-01,  9.9800000000000000E-01,  9.9886346505814461E-01,  3.3211675400000001E-01,  1.2645359999999999E-03,0
1992,  3.8750000000000001E-01,15,  1.0000000000000000E+00,  8.1250000000000000E-01,2,  3.3255787461293101E-01,113,1,499,499,0,  9.9972842554220231E-01,  9.9800000000000000E-01,  9.9800000000000000E-01,  9.9886346505814461E-01,  3.3031914099999998E-01,  1.0943170000000000E-03,0
1993,  3.8750000000000001E-01,15,  1.0000000000000000E+00,  8.1250000000000000E-01,3,  3.3255787461293101E-01,113,1,499,499,0,  9.9972842554220231E-01,  9.9800000000000000E-01,  9.9800000000000000E-01,  9.9886346505814461E-01,  3.3112383499999998E-01,  1.0982710000000001E-03,0
1994,  3.8750000000000001E-01,15,  1.0000000000000000E+00,  8.1250000000000000E-01,4,  3.3255787461293101E-01,113,1,499,499,0,  9.9972842554220231E-01,  9.9800000000000000E-01,  9.9800000000000000E-01,  9.9886346505814461E-01,  3.3078937899999999E-01,  1.1090099999999999E-03,0
1995,  3.8750000000000001E-01,15,  1.0000000000000000E+00,  8.1250000000000000E-01,5,  3.3255787461293101E-01,113,1,499,499,0,  9.9972842554220231E-01,  9.9800000000000000E-01,  9.9800000000000000E-01,  9.9886346505814461E-01,  3.3475198000000000E-01,  1.0906290000000001E-03,0
1996,  3.8750000000000001E-01,15,  1.0000000000000000E+00,  1.0000000000000000E+00,1,  3.3255787461293101E-01,113,1,499,499,0,  9.9972842554220231E-01,  9.9800000000000000E-01,  9.9800000000000000E-01,  9.9886346505814461E-01,  3.3117805400000000E-01,  1.0333460000000001E-03,0
1997,  3.8750000000000001E-01,15,  1.0000000000000000E+00,  1.0000000000000000E+00,2,  3.3255787461293101E-01,113,1,499,499,0,  9.9972842554220231E-01,  9.9800000000000000E-01,  9.9800000000000000E-01,  9.9886346505814461E-01,  3.2370995499999999E-01,  1.0719300000000000E-03,0
1998,  3.8750000000000001E-01,15,  1.0000000000000000E+00,  1.0000000000000000E+00,3,  3.3255787461293101E-01,113,1,499,499,0,  9.9972842554220231E-01,  9.9800000000000000E-01,  9.9800000000000000E-01,  9.9886346505814461E-01,  3.2863510000000001E-01,  1.1742090000000001E-03,0
1999,  3.8750000000000001E-01,15,  1.0000000000000000E+00,  1.0000000000000000E+00,4,  3.3255787461293101E-01,113,1,499,499,0,  9.9972842554220231E-01,  9.9800000000000000E-01,  9.9800000000000000E-01,  9.9886346505814461E-01,  3.3106225000000000E-01,  1.1431740000000001E-03,0
2000,  3.8750000000000001E-01,15,  1.0000000000000000E+00,  1.0000000000000000E+00,5,  3.3255787461293101E-01,113,1,499,499,0,  9.9972842554220231E-01,  9.9800000000000000E-01,  9.9800000000000000E-01,  9.9886346505814461E-01,  3.2925968700000002E-01,  1.0824929999999999E-03,0
2001,  3.8750000000000001E-01,25,  2.5000000000000000E-01,  2.5000000000000000E-01,1,  3.3255787461293101E-01,80,5,485,485,0,  6.2530910112117277E-01,  9.6999999999999997E-01,  9.6999999999999997E-01,  7.6041668371509741E-01,  9.1095944999999998E-02,  1.0867810000000000E-03,0
2002,  3.8750000000000001E-01,25,  2.5000000000000000E-01,  2.5000000000000000E-01,2,  3.3255787461293101E-01,80,7,487,485,2,  5.5435241084345210E-01,  9.7399999999999998E-01,  9.6999999999999997E-01,  7.0656380600537805E-01,  8.9986709999999998E-02,  1.0550030000000001E-03,0
2003,  3.8750000000000001E-01,25,  2.5000000000000000E-01,  2.5000000000000000E-01,3,  3.3255787461293101E-01,80,7,487,485,2,  5.5435241084345210E-01,  9.7399999999999998E-01,  9.6999999999999997E-01,  7.0656380600537805E-01,  9.5333193999999996E-02,  1.1252100000000000E-03,0
2004,  3.8750000000000001E-01,25,  2.5000000000000000E-01,  2.5000000000000000E-01,4,  3.3255787461293101E-01,80,8,490,485,5,  5.1666266564169916E-01,  9.7999999999999998E-01,  9.6999999999999997E-01,  6.7661126846078534E-01,  9.2860234999999999E-02,  1.0484209999999999E-03,0
2005,  3.8750000000000001E-01,25,  2.5000000000000000E-01,  2.5000000000000000E-01,5,  3.3255787461293101E-01,80,8,490,485,5,  5.1666266564169916E-01,  9.7999999999999998E-01,  9.6999999999999997E-01,  6.7661126846078534E-01,  9.1508249999999999E-02,  1.1304189999999999E-03,0
2006,  3.8750000000000001E-01,25,  2.5000000000000000E-01,  4.3750000000000000E-01,1,  3.3255787461293101E-01,80,5,485,485,0,  6.2530910112117277E-01,  9.6999999999999997E-01,  9.6999999999999997E-01,  7.6041668371509741E-01,  9.1454623999999998E-02,  1.0302910000000000E-03,0
2007,  3.8750000000000001E-01,25,  2.5000000000000000E-01,  4.3750000000000000E-01,2,  3.3255787461293101E-01,80,7,487,485,2,  5.5435241084345210E-01,  9.7399999999999998E-01,  9.6999999999999997E-01,  7.0656380600537805E-01,  9.3384901000000006E-02,  1.0933020000000000E-03,0
2008,  3.8750000000000001E-01,25,  2.5000000000000000E-01,  4.3750000000000000E-01,3,  3.3255787461293101E-01,80,7,487,485,2,  5.5435241084345210E-01,  9.7399999999999998E-01,  9.6999999999999997E-01,  7.0656380600537805E-01,  9.3980311999999996E-02,  1.1024480000000000E-03,0
2009,  3.8750000000000001E-01,25,  2.5000000000000000E-01,  4.3750000000000000E-01,4,  3.3255787461293101E-01,80,8,490,485,5,  5.1666266564169916E-01,  9.7999999999999998E-01,  9.6999999999999997E-01,  6.7661126846078534E-01,  9.1832857000000004E-02,  1.0846030000000000E-03,0
2010,  3.8750000000000001E-01,25,  2.5000000000000000E-01,  4.3750000000000000E-01,5,  3.3255787461293101E-01,80,8,490,485,5,  5.1666266564169916E-01,  9.7999999999999998E-01,  9.6999999999999997E-01,  6.7661126846078534E-01,  8.7890332000000002E-02,  1.1533959999999999E-03,0
2011,  3.8750000000000001E-01,25,  2.5000000000000000E-01,  6.2500000000000000E-01,1,  3.3255787461293101E-01,80,5,485,485,0,  6.2530910112117277E-01,  9.6999999999999997E-01,  9.6999999999999997E-01,  7.6041668371509741E-01,  9.1813122999999996E-02,  1.0638600000000000E-03,0
2012,  3.8750000000000001E-01,25,  2.5000000000000000E-01,  6.2500000000000000E-01,2,  3.3255787461293101E-01,80,7,487,485,2,  5.5435241084345210E-01,  9.7399999999999998E-01,  9.6999999999999997E-01,  7.0656380600537805E-01,  8.9764405000000005E-02,  1.0305049999999999E-03,0
2013,  3.8750000000000001E-01,25,  2.5000000000000000E-01,  6.2500000000000000E-01,3,  3.3255787461293101E-01,80,7,487,485,2,  5.5435241084345210E-01,  9.7399999999999998E-01,  9.6999999999999997E-01,  7.0656380600537805E-01,  9.2779164999999997E-02,  1.0491770000000001E-03,0
2014,  3.8750000000000001E-01,25,  2.5000000000000000E-01,  6.2500000000000000E-01,4,  3.3255787461293101E-01,80,8,490,485,5,  5.1666266564169916E-01,  9.7999999999999998E-01,  9.6999999999999997E-01,  6.7661126846078534E-01,  9.1428097999999999E-02,  1.3209999999999999E-03,0
2015,  3.8750000000000001E-01,25,  2.5000000000000000E-01,  6.2500000000000000E-01,5,  3.3255787461293101E-01,80,8,490,485,5,  5.1666266564169916E-01,  9.7999999999999998E-01,  9.6999999999999997E-01,  6.7661126846078534E-01,  9.0875106999999997E-02,  1.1954330000000001E-03,0
2016,  3.8750000000000001E-01,25,  2.5000000000000000E-01,  8.1250000000000000E-01,1,  3.3255787461293101E-01,80,5,485,485,0,  6.2530910112117277E-01,  9.6999999999999997E-01,  9.6999999999999997E-01,  7.6041668371509741E-01,  9.0556927999999995E-02,  1.1371050000000000E-03,0
2017,  3.8750000000000001E-01,25,  2.5000000000000000E-01,  8.1250000000000000E-01,2,  3.3255787461293101E-01,80,7,487,485,2,  5.5435241084345210E-01,  9.7399999999999998E-01,  9.6999999999999997E-01,  7.0656380600537805E-01,  9.1827821000000004E-02,  1.0296730000000000E-03,0
2018,  3.8750000000000001E-01,25,  2.5000000000000000E-01,  8.1250000000000000E-01,3,  3.3255787461293101E-01,80,7,487,485,2,  5.5435241084345210E-01,  9.7399999999999998E-01,  9.6999999999999997E-01,  7.0656380600537805E-01,  8.9756905999999997E-02,  1.0988540000000000E-03,0
2019,  3.8750000000000001E-01,25,  2.5000000000000000E-01,  8.1250000000000000E-01,4,  3.3255787461293101E-01,80,8,490,485,5,  5.1666266564169916E-01,  9.7999999999999998E-01,  9.6999999999999997E-01,  6.7661126846078534E-01,  8.9725671000000007E-02,  1.0891989999999999E-03,0
2020,  3.8750000000000001E-01,25,  2.5000000000000000E-01,  8.1250000000000000E-01,5,  3.3255787461293101E-01,80,8,490,485,5,  5.1666266564169916E-01,  9.7999999999999998E-01,  9.6999999999999997E-01,  6.7661126846078534E-01,  9.0894314000000004E-02,  1.1045040000000001E-03,0
2021,  3.8750000000000001E-01,25,  2.5000000000000000E-01,  1.0000000000000000E+00,1,  3.3255787461293101E-01,80,5,485,485,0,  6.2530910112117277E-01,  9.6999999999999997E-01,  9.6999999999999997E-01,  7.6041668371509741E-01,  9.1396191000000002E-02,  1.0478280000000000E-03,0
2022,  3.8750000000000001E-01,25,  2.5000000000000000E-01,  1.0000000000000000E+00,2,  3.3255787461293101E-01,80,7,487,485,2,  5.5435241084345210E-01,  9.7399999999999998E-01,  9.6999999999999997E-01,  7.0656380600537805E-01,  9.1777674000000004E-02,  1.2012320000000000E-03,0
2023,  3.8750000000000001E-01,25,  2.5000000000000000E-01,  1.0000000000000000E+00,3,  3.3255787461293101E-01,80,7,487,485,2,  5.5435241084345210E-01,  9.7399999999999998E-01,  9.6999999999999997E-01,  7.0656380600537805E-01,  9.2248302000000004E-02,  1.0841539999999999E-03,0
2024,  3.8750000000000001E-01,25,  2.5000000000000000E-01,  1.0000000000000000E+00,4,  3.3255787461293101E-01,80,8,490,485,5,  5.1666266564169916E-01,  9.7999999999999998E-01,  9.6999999999999997E-01,  6.7661126846078534E-01,  9.3959954999999998E-02,  1.3421040000000000E-03,0
2025,  3.8750000000000001E-01,25,  2.5000000000000000E-01,  1.0000000000000000E+00,5,  3.3255787461293101E-01,80,8,490,485,5,  5.1666266564169916E-01,  9.7999999999999998E-01,  9.6999999999999997E-01,  6.7661126846078534E-01,  9.1238332000000005E-02,  1.1383050000000000E-03,0
2026,  3.8750000000000001E-01,25,  4.3750000000000000E-01,  2.5000000000000000E-01,1,  3.3255787461293101E-01,80,1,496,496,0,  9.9758496228730176E-01,  9.9199999999999999E-01,  9.9199999999999999E-01,  9.9478464237216291E-01,  1.2444162100000000E-01,  1.0911199999999999E-03,0
2027,  3.8750000000000001E-01,25,  4.3750000000000000E-01,  2.5000000000000000E-01,2,  3.3255787461293101E-01,80,1,496,496,0,  9.9758496228730176E-01,  9.9199999999999999E-01,  9.9199999999999999E-01,  9.9478464237216291E-01,  1.2330191700000000E-01,  1.0323789999999999E-03,0
2028,  3.8750000000000001E-01,25,  4.3750000000000000E-01,  2.5000000000000000E-01,3,  3.3255787461293101E-01,80,2,498,496,2,  8.4591764471252551E-01,  9.9600000000000000E-01,  9.9199999999999999E-01,  9.1484434882556598E-01,  1.2540846999999999E-01,  1.0906790000000000E-03,0
2029,  3.8750000000000001E-01,25,  4.3750000000000000E-01,  2.5000000000000000E-01,4,  3.3255787461293101E-01,80,2,498,496,2,  8.4591764471252551E-01,  9.9600000000000000E-01,  9.9199999999999999E-01,  9.1484434882556598E-01,  1.2224388000000000E-01,  1.0845040000000000E-03,0
2030,  3.8750000000000001E-01,25,  4.3750000000000000E-01,  2.5000000000000000E-01,5,  3.3255787461293101E-01,80,2,498,496,2,  8.4591764471252551E-01,  9.9600000000000000E-01,  9.9199999999999999E-01,  9.1484434882556598E-01,  1.2272002600000000E-01,  1.1166620000000000E-03,0
2031,  3.8750000000000001E-01,25,  4.3750000000000000E-01,  4.3750000000000000E-01,1,  3.3255787461293101E-01,80,1,496,496,0,  9.9758496228730176E-01,  9.9199999999999999E-01,  9.9199999999999999E-01,  9.9478464237216291E-01,  1.2620462499999999E-01,  1.3499190000000000E-03,0
2032,  3.8750000000000001E-01,25,  4.3750000000000000E-01,  4.3750000000000000E-01,2,  3.3255787461293101E-01,80,1,496,496,0,  9.9758496228730176E-01,  9.9199999999999999E-01,  9.9199999999999999E-01,  9.9478464237216291E-01,  1.2503335600000001E-01,  1.4344329999999999E-03,0
2033,  3.8750000000000001E-01,25,  4.3750000000000000E-01,  4.3750000000000000E-01,3,  3.3255787461293101E-01,80,2,498,496,2,  8.4591764471252551E-01,  9.9600000000000000E-01,  9.9199999999999999E-01,  9.1484434882556598E-01,  1.2400494099999999E-01,  1.0917590000000001E-03,0
2034,  3.8750000000000001E-01,25,  4.3750000000000000E-01,  4.3750000000000000E-01,4,  3.3255787461293101E-01,80,2,498,496,2,  8.4591764471252551E-01,  9.9600000000000000E-01,  9.9199999999999999E-01,  9.1484434882556598E-01,  1.2261770100000000E-01,  1.0820370000000001E-03,0
2035,  3.8750000000000001E-01,25,  4.3750000000000000E-01,  4.3750000000000000E-01,5,  3.3255787461293101E-01,80,2,498,496,2,  8.4591764471252551E-01,  9.9600000000000000E-01,  9.9199999999999999E-01,  9.1484434882556598E-01,  1.2196345900000000E-01,  1.0565600000000000E-03,0
2036,  3.8750000000000001E-01,25,  4.3750000000000000E-01,  6.2500000000000000E-01,1,  3.3255787461293101E-01,80,1,496,496,0,  9.9758496228730176E-01,  9.9199999999999999E-01,  9.9199999999999999E-01,  9.9478464237216291E-01,  1.2404421400000000E-01,  1.1432780000000000E-03,0
2037,  3.8750000000000001E-01,25,  4.3750000000000000E-01,  6.2500000000000000E-01,2,  3.3255787461293101E-01,80,1,496,496,0,  9.9758496228730176E-01,  9.9199999999999999E-01,  9.9199999999999999E-01,  9.9478464237216291E-01,  1.2510679299999999E-01,  1.2046660000000001E-03,0
2038,  3.8750000000000001E-01,25,  4.3750000000000000E-01,  6.2500000000000000E-01,3,  3.3255787461293101E-01,80,2,498,496,2,  8.4591764471252551E-01,  9.9600000000000000E-01,  9.9199999999999999E-01,  9.1484434882556598E-01,  1.3344392899999999E-01,  1.0810360000000001E-03,0
2039,  3.8750000000000001E-01,25,  4.3750000000000000E-01,  6.2500000000000000E-01,4,  3.3255787461293101E-01,80,2,498,496,2,  8.4591764471252551E-01,  9.9600000000000000E-01,  9.9199999999999999E-01,  9.1484434882556598E-01,  1.3634584299999999E-01,  1.0533220000000000E-03,0
2040,  3.8750000000000001E-01,25,  4.3750000000000000E-01,  6.2500000000000000E-01,5,  3.3255787461293101E-01,80,2,498,496,2,  8.4591764471252551E-01,  9.9600000000000000E-01,  9.9199999999999999E-01,  9.1484434882556598E-01,  1.2662184700000001E-01,  1.0969920000000000E-03,0
2041,  3.8750000000000001E-01,25,  4.3750000000000000E-01,  8.1250000000000000E-01,1,  3.3255787461293101E-01,80,1,496,496,0,  9.9758496228730176E-01,  9.9199999999999999E-01,  9.9199999999999999E-01,  9.9478464237216291E-01,  1.4388778199999999E-01,  1.1386390000000001E-03,0
2042,  3.8750000000000001E-01,25,  4.3750000000000000E-01,  8.1250000000000000E-01,2,  3.3255787461293101E-01,80,1,496,496,0,  9.9758496228730176E-01,  9.9199999999999999E-01,  9.9199999999999999E-01,  9.9478464237216291E-01,  1.2137157300000000E-01,  1.0409470000000000E-03,0
2043,  3.8750000000000001E-01,25,  4.3750000000000000E-01,  8.1250000000000000E-01,3,  3.3255787461293101E-01,80,2,498,496,2,  8.4591764471252551E-01,  9.9600000000000000E-01,  9.9199999999999999E-01,  9.1484434882556598E-01,  1.2162040300000000E-01,  1.3961069999999999E-03,0
2044,  3.8750000000000001E-01,25,  4.3750000000000000E-01,  8.1250000000000000E-01,4,  3.3255787461293101E-01,80,2,498,496,2,  8.4591764471252551E-01,  9.9600000000000000E-01,  9.9199999999999999E-01,  9.1484434882556598E-01,  1.2480517600000000E-01,  1.0669890000000000E-03,0
2045,  3.8750000000000001E-01,25,  4.3750000000000000E-01,  8.1250000000000000E-01,5,  3.3255787461293101E-01,80,2,498,496,2,  8.4591764471252551E-01,  9.9600000000000000E-01,  9.9199999999999999E-01,  9.1484434882556598E-01,  1.2770045999999999E-01,  1.1490280000000001E-03,0
2046,  3.8750000000000001E-01,25,  4.3750000000000000E-01,  1.0000000000000000E+00,1,  3.3255787461293101E-01,80,1,496,496,0,  9.9758496228730176E-01,  9.9199999999999999E-01,  9.9199999999999999E-01,  9.9478464237216291E-01,  1.2669323299999999E-01,  1.1096950000000000E-03,0
2047,  3.8750000000000001E-01,25,  4.3750000000000000E-01,  1.0000000000000000E+00,2,  3.3255787461293101E-01,80,1,496,496,0,  9.9758496228730176E-01,  9.9199999999999999E-01,  9.9199999999999999E-01,  9.9478464237216291E-01,  1.2366552800000000E-01,  1.1584110000000000E-03,0
2048,  3.8750000000000001E-01,25,  4.3750000000000000E-01,  1.0000000000000000E+00,3,  3.3255787461293101E-01,80,2,498,496,2,  8.4591764471252551E-01,  9.9600000000000000E-01,  9.9199999999999999E-01,  9.1484434882556598E-01,  1.2485958200000000E-01,  1.0844950000000000E-03,0
2049,  3.8750000000000001E-01,25,  4.3750000000000000E-01,  1.0000000000000000E+00,4,  3.3255787461293101E-01,80,2,498,496,2,  8.4591764471252551E-01,  9.9600000000000000E-01,  9.9199999999999999E-01,  9.1484434882556598E-01,  1.2614354300000000E-01,  1.0822700000000000E-03,0
2050,  3.8750000000000001E-01,25,  4.3750000000000000E-01,  1.0000000000000000E+00,5,  3.3255787461293101E-01,80,2,498,496,2,  8.4591764471252551E-01,  9.9600000000000000E-01,  9.9199999999999999E-01,  9.1484434882556598E-01,  1.2344878500000001E-01,  1.0914130000000001E-03,0
2051,  3.8750000000000001E-01,25,  6.2500000000000000E-01,  2.5000000000000000E-01,1,  3.3255787461293101E-01,80,1,496,496,0,  9.9758496228730176E-01,  9.9199999999999999E-01,  9.9199999999999999E-01,  9.9478464237216291E-01,  1.4043548800000000E-01,  1.5351329999999999E-03,0
2052,  3.8750000000000001E-01,25,  6.2500000000000000E-01,  2.5000000000000000E-01,2,  3.3255787461293101E-01,80,1,496,496,0,  9.9758496228730176E-01,  9.9199999999999999E-01,  9.9199999999999999E-01,  9.9478464237216291E-01,  1.4520165099999999E-01,  1.1357830000000000E-03,0
2053,  3.8750000000000001E-01,25,  6.2500000000000000E-01,  2.5000000000000000E-01,3,  3.3255787461293101E-01,80,1,496,496,0,  9.9758496228730176E-01,  9.9199999999999999E-01,  9.9199999999999999E-01,  9.9478464237216291E-01,  1.5008589100000000E-01,  1.1048700000000000E-03,0
2054,  3.8750000000000001E-01,25,  6.2500000000000000E-01,  2.5000000000000000E-01,4,  3.3255787461293101E-01,80,1,496,496,0,  9.9758496228730176E-01,  9.9199999999999999E-01,  9.9199999999999999E-01,  9.9478464237216291E-01,  1.5452587800000001E-01,  1.1733180000000000E-03,0
2055,  3.8750000000000001E-01,25,  6.2500000000000000E-01,  2.5000000000000000E-01,5,  3.3255787461293101E-01,80,1,496,496,0,  9.9758496228730176E-01,  9.9199999999999999E-01,  9.9199999999999999E-01,  9.9478464237216291E-01,  1.5788922799999999E-01,  1.5147400000000001E-03,0
2056,  3.8750000000000001E-01,25,  6.2500000000000000E-01,  4.3750000000000000E-01,1,  3.3255787461293101E-01,80,1,496,496,0,  9.9758496228730176E-01,  9.9199999999999999E-01,  9.9199999999999999E-01,  9.9478464237216291E-01,  1.5391160400000001E-01,  1.5040500000000000E-03,0
2057,  3.8750000000000001E-01,25,  6.2500000000000000E-01,  4.3750000000000000E-01,2,  3.3255787461293101E-01,80,1,496,496,0,  9.9758496228730176E-01,  9.9199999999999999E-01,  9.9199999999999999E-01,  9.9478464237216291E-01,  1.5583664100000000E-01,  1.0757130000000001E-03,0
2058,  3.8750000000000001E-01,25,  6.2500000000000000E-01,  4.3750000000000000E-01,3,  3.3255787461293101E-01,80,1,496,496,0,  9.9758496228730176E-01,  9.9199999999999999E-01,  9.9199999999999999E-01,  9.9478464237216291E-01,  1.5466607099999999E-01,  1.4231820000000000E-03,0
2059,  3.8750000000000001E-01,25,  6.2500000000000000E-01,  4.3750000000000000E-01,4,  3.3255787461293101E-01,80,1,496,496,0,  9.9758496228730176E-01,  9.9199999999999999E-01,  9.9199999999999999E-01,  9.9478464237216291E-01,  1.4929903600000000E-01,  1.0752979999999999E-03,0
2060,  3.8750000000000001E-01,25,  6.2500000000000000E-01,  4.3750000000000000E-01,5,  3.3255787461293101E-01,80,1,496,496,0,  9.9758496228730176E-01,  9.9199999999999999E-01,  9.9199999999999999E-01,  9.9478464237216291E-01,  1.5872609300000001E-01,  1.2033530000000001E-03,0
2061,  3.8750000000000001E-01,25,  6.2500000000000000E-01,  6.2500000000000000E-01,1,  3.3255787461293101E-01,80,1,496,496,0,  9.9758496228730176E-01,  9.9199999999999999E-01,  9.9199999999999999E-01,  9.9478464237216291E-01,  1.5416360000000001E-01,  1.1957440000000001E-03,0
2062,  3.8750000000000001E-01,25,  6.2500000000000000E-01,  6.2500000000000000E-01,2,  3.3255787461293101E-01,80,1,496,496,0,  9.9758496228730176E-01,  9.9199999999999999E-01,  9.9199999999999999E-01,  9.9478464237216291E-01,  1.4545448699999999E-01,  1.2780790000000001E-03,0
2063,  3.8750000000000001E-01,25,  6.2500000000000000E-01,  6.2500000000000000E-01,3,  3.3255787461293101E-01,80,1,496,496,0,  9.9758496228730176E-01,  9.9199999999999999E-01,  9.9199999999999999E-01,  9.9478464237216291E-01,  1.4423657600000001E-01,  1.1185979999999999E-03,0
2064,  3.8750000000000001E-01,25,  6.2500000000000000E-01,  6.2500000000000000E-01,4,  3.3255787461293101E-01,80,1,496,496,0,  9.9758496228730176E-01,  9.9199999999999999E-01,  9.9199999999999999E-01,  9.9478464237216291E-01,  1.4470505100000000E-01,  1.0510560000000001E-03,0
2065,  3.8750000000000001E-01,25,  6.2500000000000000E-01,  6.2500000000000000E-01,5,  3.3255787461293101E-01,80,1,496,496,0,  9.9758496228730176E-01,  9.9199999999999999E-01,  9.9199999999999999E-01,  9.9478464237216291E-01,  1.4502592400000000E-01,  1.0483690000000000E-03,0
2066,  3.8750000000000001E-01,25,  6.2500000000000000E-01,  8.1250000000000000E-01,1,  3.3255787461293101E-01,80,1,496,496,0,  9.9758496228730176E-01,  9.9199999999999999E-01,  9.9199999999999999E-01,  9.9478464237216291E-01,  1.4611610899999999E-01,  1.1144029999999999E-03,0
2067,  3.8750000000000001E-01,25,  6.2500000000000000E-01,  8.1250000000000000E-01,2,  3.3255787461293101E-01,80,1,496,496,0,  9.9758496228730176E-01,  9.9199999999999999E-01,  9.9199999999999999E-01,  9.9478464237216291E-01,  1.4347003100000000E-01,  1.1150550000000000E-03,0
2068,  3.8750000000000001E-01,25,  6.2500000000000000E-01,  8.1250000000000000E-01,3,  3.3255787461293101E-01,80,1,496,496,0,  9.9758496228730176E-01,  9.9199999999999999E-01,  9.9199999999999999E-01,  9.9478464237216291E-01,  1.4650031199999999E-01,  1.0353760000000000E-03,0
2069,  3.8750000000000001E-01,25,  6.2500000000000000E-01,  8.1250000000000000E-01,4,  3.3255787461293101E-01,80,1,496,496,0,  9.9758496228730176E-01,  9.9199999999999999E-01,  9.9199999999999999E-01,  9.9478464237216291E-01,  1.4588704299999999E-01,  1.0736420000000001E-03,0
2070,  3.8750000000000001E-01,25,  6.2500000000000000E-01,  8.1250000000000000E-01,5,  3.3255787461293101E-01,80,1,496,496,0,  9.9758496228730176E-01,  9.9199999999999999E-01,  9.9199999999999999E-01,  9.9478464237216291E-01,  1.4394654000000001E-01,  1.1132060000000000E-03,0
2071,  3.8750000000000001E-01,25,  6.2500000000000000E-01,  1.0000000000000000E+00,1,  3.3255787461293101E-01,80,1,496,496,0,  9.9758496228730176E-01,  9.9199999999999999E-01,  9.9199999999999999E-01,  9.9478464237216291E-01,  1.4861151800000000E-01,  1.1300189999999999E-03,0
2072,  3.8750000000000001E-01,25,  6.2500000000000000E-01,  1.0000000000000000E+00,2,  3.3255787461293101E-01,80,1,496,496,0,  9.9758496228730176E-01,  9.9199999999999999E-01,  9.9199999999999999E-01,  9.9478464237216291E-01,  1.4244048200000001E-01,  1.1390120000000000E-03,0
2073,  3.8750000000000001E-01,25,  6.2500000000000000E-01,  1.0000000000000000E+00,3,  3.3255787461293101E-01,80,1,496,496,0,  9.9758496228730176E-01,  9.9199999999999999E-01,  9.9199999999999999E-01,  9.9478464237216291E-01,  1.4310630099999999E-01,  1.1296450000000001E-03,0
2074,  3.8750000000000001E-01,25,  6.2500000000000000E-01,  1.0000000000000000E+00,4,  3.3255787461293101E-01,80,1,496,496,0,  9.9758496228730176E-01,  9.9199999999999999E-01,  9.9199999999999999E-01,  9.9478464237216291E-01,  1.4598815800000001E-01,  1.1462790000000000E-03,0
2075,  3.8750000000000001E-01,25,  6.2500000000000000E-01,  1.0000000000000000E+00,5,  3.3255787461293101E-01,80,1,496,496,0,  9.9758496228730176E-01,  9.9199999999999999E-01,  9.9199999999999999E-01,  9.9478464237216291E-01,  1.4653487800000001E-01,  1.1213799999999999E-03,0
2076,  3.8750000000000001E-01,25,  8.1250000000000000E-01,  2.5000000000000000E-01,1,  3.3255787461293101E-01,80,1,497,497,0,  9.9831140391259088E-01,  9.9399999999999999E-01,  9.9399999999999999E-01,  9.9615103697178020E-01,  1.7932414099999999E-01,  1.1084630000000001E-03,0
2077,  3.8750000000000001E-01,25,  8.1250000000000000E-01,  2.5000000000000000E-01,2,  3.3255787461293101E-01,80,1,497,497,0,  9.9831140391259088E-01,  9.9399999999999999E-01,  9.9399999999999999E-01,  9.9615103697178020E-01,  1.8154341399999999E-01,  1.0846409999999999E-03,0
2078,  3.8750000000000001E-01,25,  8.1250000000000000E-01,  2.5000000000000000E-01,3,  3.3255787461293101E-01,80,1,497,497,0,  9.9831140391259088E-01,  9.9399999999999999E-01,  9.9399999999999999E-01,  9.9615103697178020E-01,  1.8309079400000000E-01,  1.1371109999999999E-03,0
2079,  3.8750000000000001E-01,25,  8.1250000000000000E-01,  2.5000000000000000E-01,4,  3.3255787461293101E-01,80,1,497,497,0,  9.9831140391259088E-01,  9.9399999999999999E-01,  9.9399999999999999E-01,  9.9615103697178020E-01,  1.8328312599999999E-01,  1.1020320000000000E-03,0
2080,  3.8750000000000001E-01,25,  8.1250000000000000E-01,  2.5000000000000000E-01,5,  3.3255787461293101E-01,80,1,497,497,0,  9.9831140391259088E-01,  9.9399999999999999E-01,  9.9399999999999999E-01,  9.9615103697178020E-01,  1.8166847100000000E-01,  1.0489790000000000E-03,0
2081,  3.8750000000000001E-01,25,  8.1250000000000000E-01,  4.3750000000000000E-01,1,  3.3255787461293101E-01,80,1,497,497,0,  9.9831140391259088E-01,  9.9399999999999999E-01,  9.9399999999999999E-01,  9.9615103697178020E-01,  1.7724203999999999E-01,  1.1806620000000001E-03,0
2082,  3.8750000000000001E-01,25,  8.1250000000000000E-01,  4.3750000000000000E-01,2,  3.3255787461293101E-01,80,1,497,497,0,  9.9831140391259088E-01,  9.9399999999999999E-01,  9.9399999999999999E-01,  9.9615103697178020E-01,  1.8023080000000000E-01,  1.1438520000000001E-03,0
2083,  3.8750000000000001E-01,25,  8.1250000000000000E-01,  4.3750000000000000E-01,3,  3.3255787461293101E-01,80,1,497,497,0,  9.9831140391259088E-01,  9.9399999999999999E-01,  9.9399999999999999E-01,  9.9615103697178020E-01,  1.8212297999999999E-01,  1.1080689999999999E-03,0
2084,  3.8750000000000001E-01,25,  8.1250000000000000E-01,  4.3750000000000000E-01,4,  3.3255787461293101E-01,80,1,497,497,0,  9.9831140391259088E-01,  9.9399999999999999E-01,  9.9399999999999999E-01,  9.9615103697178020E-01,  1.8337444899999999E-01,  1.4430739999999999E-03,0
2085,  3.8750000000000001E-01,25,  8.1250000000000000E-01,  4.3750000000000000E-01,5,  3.3255787461293101E-01,80,1,497,497,0,  9.9831140391259088E-01,  9.9399999999999999E-01,  9.9399999999999999E-01,  9.9615103697178020E-01,  1.8686591599999999E-01,  1.1152420000000000E-03,0
2086,  3.8750000000000001E-01,25,  8.1250000000000000E-01,  6.2500000000000000E-01,1,  3.3255787461293101E-01,80,1,497,497,0,  9.9831140391259088E-01,  9.9399999999999999E-01,  9.9399999999999999E-01,  9.9615103697178020E-01,  1.7994221799999999E-01,  1.1062220000000000E-03,0
2087,  3.8750000000000001E-01,25,  8.1250000000000000E-01,  6.2500000000000000E-01,2,  3.3255787461293101E-01,80,1,497,497,0,  9.9831140391259088E-01,  9.9399999999999999E-01,  9.9399999999999999E-01,  9.9615103697178020E-01,  1.8072467100000000E-01,  1.1256899999999999E-03,0
2088,  3.8750000000000001E-01,25,  8.1250000000000000E-01,  6.2500000000000000E-01,3,  3.3255787461293101E-01,80,1,497,497,0,  9.9831140391259088E-01,  9.9399999999999999E-01,  9.9399999999999999E-01,  9.9615103697178020E-01,  1.9212952699999999E-01,  1.4147870000000000E-03,0
2089,  3.8750000000000001E-01,25,  8.1250000000000000E-01,  6.2500000000000000E-01,4,  3.3255787461293101E-01,80,1,497,497,0,  9.9831140391259088E-01,  9.9399999999999999E-01,  9.9399999999999999E-01,  9.9615103697178020E-01,  1.8345800000000001E-01,  1.0564000000000001E-03,0
2090,  3.8750000000000001E-01,25,  8.1250000000000000E-01,  6.2500000000000000E-01,5,  3.3255787461293101E-01,80,1,497,497,0,  9.9831140391259088E-01,  9.9399999999999999E-01,  9.9399999999999999E-01,  9.9615103697178020E-01,  1.8032000200000001E-01,  1.0870990000000000E-03,0
2091,  3.8750000000000001E-01,25,  8.1250000000000000E-01,  8.1250000000000000E-01,1,  3.3255787461293101E-01,80,1,497,497,0,  9.9831140391259088E-01,  9.9399999999999999E-01,  9.9399999999999999E-01,  9.9615103697178020E-01,  1.8084591500000000E-01,  1.0397840000000000E-03,0
2092,  3.8750000000000001E-01,25,  8.1250000000000000E-01,  8.1250000000000000E-01,2,  3.3255787461293101E-01,80,1,497,497,0,  9.9831140391259088E-01,  9.9399999999999999E-01,  9.9399999999999999E-01,  9.9615103697178020E-01,  1.8235219599999999E-01,  1.0414350000000001E-03,0
2093,  3.8750000000000001E-01,25,  8.1250000000000000E-01,  8.1250000000000000E-01,3,  3.3255787461293101E-01,80,1,497,497,0,  9.9831140391259088E-01,  9.9399999999999999E-01,  9.9399999999999999E-01,  9.9615103697178020E-01,  1.8046303499999999E-01,  1.3231520000000000E-03,0
2094,  3.8750000000000001E-01,25,  8.1250000000000000E-01,  8.1250000000000000E-01,4,  3.3255787461293101E-01,80,1,497,497,0,  9.9831140391259088E-01,  9.9399999999999999E-01,  9.9399999999999999E-01,  9.9615103697178020E-01,  1.8179350200000000E-01,  1.1116489999999999E-03,0
2095,  3.8750000000000001E-01,25,  8.1250000000000000E-01,  8.1250000000000000E-01,5,  3.3255787461293101E-01,80,1,497,497,0,  9.9831140391259088E-01,  9.9399999999999999E-01,  9.9399999999999999E-01,  9.9615103697178020E-01,  1.8145934300000000E-01,  1.1465080000000001E-03,0
2096,  3.8750000000000001E-01,25,  8.1250000000000000E-01,  1.0000000000000000E+00,1,  3.3255787461293101E-01,80,1,497,497,0,  9.9831140391259088E-01,  9.9399999999999999E-01,  9.9399999999999999E-01,  9.9615103697178020E-01,  1.9780158900000000E-01,  1.1724940000000001E-03,0
2097,  3.8750000000000001E-01,25,  8.1250000000000000E-01,  1.0000000000000000E+00,2,  3.3255787461293101E-01,80,1,497,497,0,  9.9831140391259088E-01,  9.9399999999999999E-01,  9.9399999999999999E-01,  9.9615103697178020E-01,  1.8143750000000000E-01,  1.1521310000000000E-03,0
2098,  3.8750000000000001E-01,25,  8.1250000000000000E-01,  1.0000000000000000E+00,3,  3.3255787461293101E-01,80,1,497,497,0,  9.9831140391259088E-01,  9.9399999999999999E-01,  9.9399999999999999E-01,  9.9615103697178020E-01,  1.9214796700000000E-01,  1.2210840000000001E-03,0
2099,  3.8750000000000001E-01,25,  8.1250000000000000E-01,  1.0000000000000000E+00,4,  3.3255787461293101E-01,80,1,497,497,0,  9.9831140391259088E-01,  9.9399999999999999E-01,  9.9399999999999999E-01,  9.9615103697178020E-01,  1.8581792200000000E-01,  1.0470670000000000E-03,0
2100,  3.8750000000000001E-01,25,  8.1250000000000000E-01,  1.0000000000000000E+00,5,  3.3255787461293101E-01,80,1,497,497,0,  9.9831140391259088E-01,  9.9399999999999999E-01,  9.9399999999999999E-01,  9.9615103697178020E-01,  1.7931155600000001E-01,  1.3004150000000001E-03,0
2101,  3.8750000000000001E-01,25,  1.0000000000000000E+00,  2.5000000000000000E-01,1,  3.3255787461293101E-01,80,1,499,499,0,  9.9972842554220231E-01,  9.9800000000000000E-01,  9.9800000000000000E-01,  9.9886346505814461E-01,  2.3247691800000000E-01,  1.1018580000000000E-03,0
2102,  3.8750000000000001E-01,25,  1.0000000000000000E+00,  2.5000000000000000E-01,2,  3.3255787461293101E-01,80,1,499,499,0,  9.9972842554220231E-01,  9.9800000000000000E-01,  9.9800000000000000E-01,  9.9886346505814461E-01,  2.3446640399999999E-01,  1.1244190000000000E-03,0
2103,  3.8750000000000001E-01,25,  1.0000000000000000E+00,  2.5000000000000000E-01,3,  3.3255787461293101E-01,80,1,499,499,0,  9.9972842554220231E-01,  9.9800000000000000E-01,  9.9800000000000000E-01,  9.9886346505814461E-01,  2.3257853400000000E-01,  1.1261480000000000E-03,0
2104,  3.8750000000000001E-01,25,  1.0000000000000000E+00,  2.5000000000000000E-01,4,  3.3255787461293101E-01,80,1,499,499,0,  9.9972842554220231E-01,  9.9800000000000000E-01,  9.9800000000000000E-01,  9.9886346505814461E-01,  2.2925946200000000E-01,  1.1229190000000000E-03,0
2105,  3.8750000000000001E-01,25,  1.0000000000000000E+00,  2.5000000000000000E-01,5,  3.3255787461293101E-01,80,1,499,499,0,  9.9972842554220231E-01,  9.9800000000000000E-01,  9.9800000000000000E-01,  9.9886346505814461E-01,  2.3025919800000000E-01,  1.1410599999999999E-03,0
2106,  3.8750000000000001E-01,25,  1.0000000000000000E+00,  4.3750000000000000E-01,1,  3.3255787461293101E-01,80,1,499,499,0,  9.9972842554220231E-01,  9.9800000000000000E-01,  9.9800000000000000E-01,  9.9886346505814461E-01,  2.3946319199999999E-01,  1.1421420000000001E-03,0
2107,  3.8750000000000001E-01,25,  1.0000000000000000E+00,  4.3750000000000000E-01,2,  3.3255787461293101E-01,80,1,499,499,0,  9.9972842554220231E-01,  9.9800000000000000E-01,  9.9800000000000000E-01,  9.9886346505814461E-01,  2.3197923200000001E-01,  1.0861370000000000E-03,0
2108,  3.8750000000000001E-01,25,  1.0000000000000000E+00,  4.3750000000000000E-01,3,  3.3255787461293101E-01,80,1,499,499,0,  9.9972842554220231E-01,  9.9800000000000000E-01,  9.9800000000000000E-01,  9.9886346505814461E-01,  2.3151959699999999E-01,  1.0734490000000000E-03,0
2109,  3.8750000000000001E-01,25,  1.0000000000000000E+00,  4.3750000000000000E-01,4,  3.3255787461293101E-01,80,1,499,499,0,  9.9972842554220231E-01,  9.9800000000000000E-01,  9.9800000000000000E-01,  9.9886346505814461E-01,  2.3579860399999999E-01,  1.0619609999999999E-03,0
2110,  3.8750000000000001E-01,25,  1.0000000000000000E+00,  4.3750000000000000E-01,5,  3.3255787461293101E-01,80,1,499,499,0,  9.9972842554220231E-01,  9.9800000000000000E-01,  9.9800000000000000E-01,  9.9886346505814461E-01,  2.3351363999999999E-01,  1.3210640000000000E-03,0
2111,  3.8750000000000001E-01,25,  1.0000000000000000E+00,  6.2500000000000000E-01,1,  3.3255787461293101E-01,80,1,499,499,0,  9.9972842554220231E-01,  9.9800000000000000E-01,  9.9800000000000000E-01,  9.9886346505814461E-01,  2.3593097599999999E-01,  1.0475199999999999E-03,0
2112,  3.8750000000000001E-01,25,  1.0000000000000000E+00,  6.2500000000000000E-01,2,  3.3255787461293101E-01,80,1,499,499,0,  9.9972842554220231E-01,  9.9800000000000000E-01,  9.9800000000000000E-01,  9.9886346505814461E-01,  2.3502480900000000E-01,  1.0622100000000001E-03,0
2113,  3.8750000000000001E-01,25,  1.0000000000000000E+00,  6.2500000000000000E-01,3,  3.3255787461293101E-01,80,1,499,499,0,  9.9972842554220231E-01,  9.9800000000000000E-01,  9.9800000000000000E-01,  9.9886346505814461E-01,  2.3107721000000001E-01,  1.3412030000000000E-03,0
2114,  3.8750000000000001E-01,25,  1.0000000000000000E+00,  6.2500000000000000E-01,4,  3.3255787461293101E-01,80,1,499,499,0,  9.9972842554220231E-01,  9.9800000000000000E-01,  9.9800000000000000E-01,  9.9886346505814461E-01,  2.2971928699999999E-01,  1.0440940000000000E-03,0
2115,  3.8750000000000001E-01,25,  1.0000000000000000E+00,  6.2500000000000000E-01,5,  3.3255787461293101E-01,80,1,499,499,0,  9.9972842554220231E-01,  9.9800000000000000E-01,  9.9800000000000000E-01,  9.9886346505814461E-01,  2.3074532700000000E-01,  1.1365819999999999E-03,0
2116,  3.8750000000000001E-01,25,  1.0000000000000000E+00,  8.1250000000000000E-01,1,  3.3255787461293101E-01,80,1,499,499,0,  9.9972842554220231E-01,  9.9800000000000000E-01,  9.9800000000000000E-01,  9.9886346505814461E-01,  2.2760454799999999E-01,  1.0703990000000001E-03,0
2117,  3.8750000000000001E-01,25,  1.0000000000000000E+00,  8.1250000000000000E-01,2,  3.3255787461293101E-01,80,1,499,499,0,  9.9972842554220231E-01,  9.9800000000000000E-01,  9.9800000000000000E-01,  9.9886346505814461E-01,  2.3214396800000001E-01,  1.0683400000000001E-03,0
2118,  3.8750000000000001E-01,25,  1.0000000000000000E+00,  8.1250000000000000E-01,3,  3.3255787461293101E-01,80,1,499,499,0,  9.9972842554220231E-01,  9.9800000000000000E-01,  9.9800000000000000E-01,  9.9886346505814461E-01,  2.3095238500000001E-01,  1.1059520000000001E-03,0
2119,  3.8750000000000001E-01,25,  1.0000000000000000E+00,  8.1250000000000000E-01,4,  3.3255787461293101E-01,80,1,499,499,0,  9.9972842554220231E-01,  9.9800000000000000E-01,  9.9800000000000000E-01,  9.9886346505814461E-01,  2.2967416800000001E-01,  1.0376170000000000E-03,0
2120,  3.8750000000000001E-01,25,  1.0000000000000000E+00,  8.1250000000000000E-01,5,  3.3255787461293101E-01,80,1,499,499,0,  9.9972842554220231E-01,  9.9800000000000000E-01,  9.9800000000000000E-01,  9.9886346505814461E-01,  2.3229968900000000E-01,  1.1570780000000000E-03,0
2121,  3.8750000000000001E-01,25,  1.0000000000000000E+00,  1.0000000000000000E+00,1,  3.3255787461293101E-01,80,1,499,499,0,  9.9972842554220231E-01,  9.9800000000000000E-01,  9.9800000000000000E-01,  9.9886346505814461E-01,  2.3178165900000000E-01,  1.0545920000000000E-03,0
2122,  3.8750000000000001E-01,25,  1.0000000000000000E+00,  1.0000000000000000E+00,2,  3.3255787461293101E-01,80,1,499,499,0,  9.9972842554220231E-01,  9.9800000000000000E-01,  9.9800000000000000E-01,  9.9886346505814461E-01,  2.3127668300000001E-01,  1.1736509999999999E-03,0
2123,  3.8750000000000001E-01,25,  1.0000000000000000E+00,  1.0000000000000000E+00,3,  3.3255787461293101E-01,80,1,499,499,0,  9.9972842554220231E-01,  9.9800000000000000E-01,  9.9800000000000000E-01,  9.9886346505814461E-01,  2.3156791600000001E-01,  1.0497980000000000E-03,0
2124,  3.8750000000000001E-01,25,  1.0000000000000000E+00,  1.0000000000000000E+00,4,  3.3255787461293101E-01,80,1,499,499,0,  9.9972842554220231E-01,  9.9800000000000000E-01,  9.9800000000000000E-01,  9.9886346505814461E-01,  2.2994624399999999E-01,  1.2396610000000000E-03,0
2125,  3.8750000000000001E-01,25,  1.0000000000000000E+00,  1.0000000000000000E+00,5,  3.3255787461293101E-01,80,1,499,499,0,  9.9972842554220231E-01,  9.9800000000000000E-01,  9.9800000000000000E-01,  9.9886346505814461E-01,  2.2898739200000001E-01,  1.3342330000000000E-03,0
2126,  3.8750000000000001E-01,35,  2.5000000000000000E-01,  2.5000000000000000E-01,1,  3.3255787461293101E-01,63,5,474,474,0,  6.7166377854366821E-01,  9.4799999999999995E-01,  9.4799999999999995E-01,  7.8625856859245691E-01,  7.0481064999999996E-02,  1.0140740000000000E-03,0
2127,  3.8750000000000001E-01,35,  2.5000000000000000E-01,  2.5000000000000000E-01,2,  3.3255787461293101E-01,63,6,475,474,1,  6.2359671822259199E-01,  9.4999999999999996E-01,  9.4799999999999995E-01,  7.5294626056491631E-01,  7.1182932000000004E-02,  1.0858759999999999E-03,0
2128,  3.8750000000000001E-01,35,  2.5000000000000000E-01,  2.5000000000000000E-01,3,  3.3255787461293101E-01,63,6,475,474,1,  6.2359671822259199E-01,  9.4999999999999996E-01,  9.4799999999999995E-01,  7.5294626056491631E-01,  7.2199441000000003E-02,  1.1050220000000000E-03,0
2129,  3.8750000000000001E-01,35,  2.5000000000000000E-01,  2.5000000000000000E-01,4,  3.3255787461293101E-01,63,6,475,474,1,  6.2359671822259199E-01,  9.4999999999999996E-01,  9.4799999999999995E-01,  7.5294626056491631E-01,  7.1931716000000007E-02,  1.0273249999999999E-03,0
2130,  3.8750000000000001E-01,35,  2.5000000000000000E-01,  2.5000000000000000E-01,5,  3.3255787461293101E-01,63,7,479,474,5,  5.5538792751204813E-01,  9.5799999999999996E-01,  9.4799999999999995E-01,  7.0313978971833224E-01,  7.2061564999999994E-02,  1.0548290000000000E-03,0
2131,  3.8750000000000001E-01,35,  2.5000000000000000E-01,  4.3750000000000000E-01,1,  3.3255787461293101E-01,63,5,474,474,0,  6.7166377854366821E-01,  9.4799999999999995E-01,  9.4799999999999995E-01,  7.8625856859245691E-01,  6.9988618000000002E-02,  1.0232700000000000E-03,0
2132,  3.8750000000000001E-01,35,  2.5000000000000000E-01,  4.3750000000000000E-01,2,  3.3255787461293101E-01,63,6,475,474,1,  6.2359671822259199E-01,  9.4999999999999996E-01,  9.4799999999999995E-01,  7.5294626056491631E-01,  7.1139033000000004E-02,  1.0230980000000001E-03,0
2133,  3.8750000000000001E-01,35,  2.5000000000000000E-01,  4.3750000000000000E-01,3,  3.3255787461293101E-01,63,6,475,474,1,  6.2359671822259199E-01,  9.4999999999999996E-01,  9.4799999999999995E-01,  7.5294626056491631E-01,  7.0250137000000004E-02,  1.0364980000000001E-03,0
2134,  3.8750000000000001E-01,35,  2.5000000000000000E-01,  4.3750000000000000E-01,4,  3.3255787461293101E-01,63,6,475,474,1,  6.2359671822259199E-01,  9.4999999999999996E-01,  9.4799999999999995E-01,  7.5294626056491631E-01,  6.8452781000000004E-02,  1.0413239999999999E-03,0
2135,  3.8750000000000001E-01,35,  2.5000000000000000E-01,  4.3750000000000000E-01,5,  3.3255787461293101E-01,63,7,479,474,5,  5.5538792751204813E-01,  9.5799999999999996E-01,  9.4799999999999995E-01,  7.0313978971833224E-01,  6.9487650999999998E-02,  1.0370670000000000E-03,0
2136,  3.8750000000000001E-01,35,  2.5000000000000000E-01,  6.2500000000000000E-01,1,  3.3255787461293101E-01,63,5,474,474,0,  6.7166377854366821E-01,  9.4799999999999995E-01,  9.4799999999999995E-01,  7.8625856859245691E-01,  7.1863065000000004E-02,  1.0676510000000000E-03,0
2137,  3.8750000000000001E-01,35,  2.5000000000000000E-01,  6.2500000000000000E-01,2,  3.3255787461293101E-01,63,6,475,474,1,  6.2359671822259199E-01,  9.4999999999999996E-01,  9.4799999999999995E-01,  7.5294626056491631E-01,  6.8432837999999996E-02,  1.1797780000000000E-03,0
2138,  3.8750000000000001E-01,35,  2.5000000000000000E-01,  6.2500000000000000E-01,3,  3.3255787461293101E-01,63,6,475,474,1,  6.2359671822259199E-01,  9.4999999999999996E-01,  9.4799999999999995E-01,  7.5294626056491631E-01,  7.0642567000000003E-02,  1.1579240000000001E-03,0
2139,  3.8750000000000001E-01,35,  2.5000000000000000E-01,  6.2500000000000000E-01,4,  3.3255787461293101E-01,63,6,475,474,1,  6.2359671822259199E-01,  9.4999999999999996E-01,  9.4799999999999995E-01,  7.5294626056491631E-01,  7.0820347000000006E-02,  1.1464730000000001E-03,0
2140,  3.8750000000000001E-01,35,  2.5000000000000000E-01,  6.2500000000000000E-01,5,  3.3255787461293101E-01,63,7,479,474,5,  5.5538792751204813E-01,  9.5799999999999996E-01,  9.4799999999999995E-01,  7.0313978971833224E-01,  7.0021656000000002E-02,  1.2252260000000000E-03,0
2141,  3.8750000000000001E-01,35,  2.5000000000000000E-01,  8.1250000000000000E-01,1,  3.3255787461293101E-01,63,5,474,474,0,  6.7166377854366821E-01,  9.4799999999999995E-01,  9.4799999999999995E-01,  7.8625856859245691E-01,  7.0089896999999998E-02,  1.2674520000000001E-03,0
2142,  3.8750000000000001E-01,35,  2.5000000000000000E-01,  8.1250000000000000E-01,2,  3.3255787461293101E-01,63,6,475,474,1,  6.2359671822259199E-01,  9.4999999999999996E-01,  9.4799999999999995E-01,  7.5294626056491631E-01,  6.9279755999999998E-02,  1.0296179999999999E-03,0
2143,  3.8750000000000001E-01,35,  2.5000000000000000E-01,  8.1250000000000000E-01,3,  3.3255787461293101E-01,63,6,475,474,1,  6.2359671822259199E-01,  9.4999999999999996E-01,  9.4799999999999995E-01,  7.5294626056491631E-01,  7.0040518999999996E-02,  1.1965140000000001E-03,0
2144,  3.8750000000000001E-01,35,  2.5000000000000000E-01,  8.1250000000000000E-01,4,  3.3255787461293101E-01,63,6,475,474,1,  6.2359671822259199E-01,  9.4999999999999996E-01,  9.4799999999999995E-01,  7.5294626056491631E-01,  7.0131654000000002E-02,  1.1377570000000001E-03,0
2145,  3.8750000000000001E-01,35,  2.5000000000000000E-01,  8.1250000000000000E-01,5,  3.3255787461293101E-01,63,7,479,474,5,  5.5538792751204813E-01,  9.5799999999999996E-01,  9.4799999999999995E-01,  7.0313978971833224E-01,  7.3268690999999997E-02,  1.1724120000000001E-03,0
2146,  3.8750000000000001E-01,35,  2.5000000000000000E-01,  1.0000000000000000E+00,1,  3.3255787461293101E-01,63,5,474,474,0,  6.7166377854366821E-01,  9.4799999999999995E-01,  9.4799999999999995E-01,  7.8625856859245691E-01,  7.0282715999999995E-02,  1.0212830000000000E-03,0
2147,  3.8750000000000001E-01,35,  2.5000000000000000E-01,  1.0000000000000000E+00,2,  3.3255787461293101E-01,63,6,475,474,1,  6.2359671822259199E-01,  9.4999999999999996E-01,  9.4799999999999995E-01,  7.5294626056491631E-01,  6.8491274000000005E-02,  1.0065380000000000E-03,0
2148,  3.8750000000000001E-01,35,  2.5000000000000000E-01,  1.0000000000000000E+00,3,  3.3255787461293101E-01,63,6,475,474,1,  6.2359671822259199E-01,  9.4999999999999996E-01,  9.4799999999999995E-01,  7.5294626056491631E-01,  6.9998564999999999E-02,  1.0101640000000000E-03,0
2149,  3.8750000000000001E-01,35,  2.5000000000000000E-01,  1.0000000000000000E+00,4,  3.3255787461293101E-01,63,6,475,474,1,  6.2359671822259199E-01,  9.4999999999999996E-01,  9.4799999999999995E-01,  7.5294626056491631E-01,  6.9337961000000004E-02,  1.0704149999999999E-03,0
2150,  3.8750000000000001E-01,35,  2.5000000000000000E-01,  1.0000000000000000E+00,5,  3.3255787461293101E-01,63,7,479,474,5,  5.5538792751204813E-01,  9.5799999999999996E-01,  9.4799999999999995E-01,  7.0313978971833224E-01,  7.0777239000000006E-02,  1.0826449999999999E-03,0
2151,  3.8750000000000001E-01,35,  4.3750000000000000E-01,  2.5000000000000000E-01,1,  3.3255787461293101E-01,63,3,490,490,0,  7.6520653190392929E-01,  9.7999999999999998E-01,  9.7999999999999998E-01,  8.5938527911392393E-01,  9.8947603999999995E-02,  1.1073840000000001E-03,0
2152,  3.8750000000000001E-01,35,  4.3750000000000000E-01,  2.5000000000000000E-01,2,  3.3255787461293101E-01,63,3,490,490,0,  7.6520653190392929E-01,  9.7999999999999998E-01,  9.7999999999999998E-01,  8.5938527911392393E-01,  9.9586084000000005E-02,  1.2158670000000000E-03,0
2153,  3.8750000000000001E-01,35,  4.3750000000000000E-01,  2.5000000000000000E-01,3,  3.3255787461293101E-01,63,3,490,490,0,  7.6520653190392929E-01,  9.7999999999999998E-01,  9.7999999999999998E-01,  8.5938527911392393E-01,  9.8813691999999995E-02,  1.0516820000000000E-03,0
2154,  3.8750000000000001E-01,35,  4.3750000000000000E-01,  2.5000000000000000E-01,4,  3.3255787461293101E-01,63,3,490,490,0,  7.6520653190392929E-01,  9.7999999999999998E-01,  9.7999999999999998E-01,  8.5938527911392393E-01,  9.8803696999999996E-02,  1.0551689999999999E-03,0
2155,  3.8750000000000001E-01,35,  4.3750000000000000E-01,  2.5000000000000000E-01,5,  3.3255787461293101E-01,63,4,494,490,4,  7.2217257191676243E-01,  9.8799999999999999E-01,  9.7999999999999998E-01,  8.3442631787043897E-01,  1.0029498200000000E-01,  1.0945610000000000E-03,0
2156,  3.8750000000000001E-01,35,  4.3750000000000000E-01,  4.3750000000000000E-01,1,  3.3255787461293101E-01,63,3,490,490,0,  7.6520653190392929E-01,  9.7999999999999998E-01,  9.7999999999999998E-01,  8.5938527911392393E-01,  1.0211044100000000E-01,  1.1003380000000000E-03,0
2157,  3.8750000000000001E-01,35,  4.3750000000000000E-01,  4.3750000000000000E-01,2,  3.3255787461293101E-01,63,3,490,490,0,  7.6520653190392929E-01,  9.7999999999999998E-01,  9.7999999999999998E-01,  8.5938527911392393E-01,  9.8075945999999997E-02,  1.0801439999999999E-03,0
2158,  3.8750000000000001E-01,35,  4.3750000000000000E-01,  4.3750000000000000E-01,3,  3.3255787461293101E-01,63,3,490,490,0,  7.6520653190392929E-01,  9.7999999999999998E-01,  9.7999999999999998E-01,  8.5938527911392393E-01,  1.1159158100000000E-01,  1.0778890000000001E-03,0
2159,  3.8750000000000001E-01,35,  4.3750000000000000E-01,  4.3750000000000000E-01,4,  3.3255787461293101E-01,63,3,490,490,0,  7.6520653190392929E-01,  9.7999999999999998E-01,  9.7999999999999998E-01,  8.5938527911392393E-01,  9.8385071000000004E-02,  1.0507320000000000E-03,0
2160,  3.8750000000000001E-01,35,  4.3750000000000000E-01,  4.3750000000000000E-01,5,  3.3255787461293101E-01,63,4,494,490,4,  7.2217257191676243E-01,  9.8799999999999999E-01,  9.7999999999999998E-01,  8.3442631787043897E-01,  1.0053315800000000E-01,  1.1626580000000000E-03,0
2161,  3.8750000000000001E-01,35,  4.3750000000000000E-01,  6.2500000000000000E-01,1,  3.3255787461293101E-01,63,3,490,490,0,  7.6520653190392929E-01,  9.7999999999999998E-01,  9.7999999999999998E-01,  8.5938527911392393E-01,  9.8360605000000004E-02,  1.2424520000000000E-03,0
2162,  3.8750000000000001E-01,35,  4.3750000000000000E-01,  6.2500000000000000E-01,2,  3.3255787461293101E-01,63,3,490,490,0,  7.6520653190392929E-01,  9.7999999999999998E-01,  9.7999999999999998E-01,  8.5938527911392393E-01,  1.1465430500000000E-01,  1.1073770000000001E-03,0
2163,  3.8750000000000001E-01,35,  4.3750000000000000E-01,  6.2500000000000000E-01,3,  3.3255787461293101E-01,63,3,490,490,0,  7.6520653190392929E-01,  9.7999999999999998E-01,  9.7999999999999998E-01,  8.5938527911392393E-01,  1.0311463000000000E-01,  1.1203000000000001E-03,0
2164,  3.8750000000000001E-01,35,  4.3750000000000000E-01,  6.2500000000000000E-01,4,  3.3255787461293101E-01,63,3,490,490,0,  7.6520653190392929E-01,  9.7999999999999998E-01,  9.7999999999999998E-01,  8.5938527911392393E-01,  9.7917456000000000E-02,  1.2103410000000000E-03,0
2165,  3.8750000000000001E-01,35,  4.3750000000000000E-01,  6.2500000000000000E-01,5,  3.3255787461293101E-01,63,4,494,490,4,  7.2217257191676243E-01,  9.8799999999999999E-01,  9.7999999999999998E-01,  8.3442631787043897E-01,  9.9387083000000001E-02,  1.0479420000000001E-03,0
2166,  3.8750000000000001E-01,35,  4.3750000000000000E-01,  8.1250000000000000E-01,1,  3.3255787461293101E-01,63,3,490,490,0,  7.6520653190392929E-01,  9.7999999999999998E-01,  9.7999999999999998E-01,  8.5938527911392393E-01,  1.0057068900000000E-01,  1.2338160000000000E-03,0
2167,  3.8750000000000001E-01,35,  4.3750000000000000E-01,  8.1250000000000000E-01,2,  3.3255787461293101E-01,63,3,490,490,0,  7.6520653190392929E-01,  9.7999999999999998E-01,  9.7999999999999998E-01,  8.5938527911392393E-01,  1.0197575200000000E-01,  1.0880750000000000E-03,0
2168,  3.8750000000000001E-01,35,  4.3750000000000000E-01,  8.1250000000000000E-01,3,  3.3255787461293101E-01,63,3,490,490,0,  7.6520653190392929E-01,  9.7999999999999998E-01,  9.7999999999999998E-01,  8.5938527911392393E-01,  1.0568136800000000E-01,  1.1682150000000000E-03,0
2169,  3.8750000000000001E-01,35,  4.3750000000000000E-01,  8.1250000000000000E-01,4,  3.3255787461293101E-01,63,3,490,490,0,  7.6520653190392929E-01,  9.7999999999999998E-01,  9.7999999999999998E-01,  8.5938527911392393E-01,  9.9093224999999993E-02,  1.0601730000000000E-03,0
2170,  3.8750000000000001E-01,35,  4.3750000000000000E-01,  8.1250000000000000E-01,5,  3.3255787461293101E-01,63,4,494,490,4,  7.2217257191676243E-01,  9.8799999999999999E-01,  9.7999999999999998E-01,  8.3442631787043897E-01,  9.9456731000000007E-02,  1.0667809999999999E-03,0
2171,  3.8750000000000001E-01,35,  4.3750000000000000E-01,  1.0000000000000000E+00,1,  3.3255787461293101E-01,63,3,490,490,0,  7.6520653190392929E-01,  9.7999999999999998E-01,  9.7999999999999998E-01,  8.5938527911392393E-01,  9.8346446000000004E-02,  1.0843540000000000E-03,0
2172,  3.8750000000000001E-01,35,  4.3750000000000000E-01,  1.0000000000000000E+00,2,  3.3255787461293101E-01,63,3,490,490,0,  7.6520653190392929E-01,  9.7999999999999998E-01,  9.7999999999999998E-01,  8.5938527911392393E-01,  1.0033444599999999E-01,  1.0338940000000000E-03,0
2173,  3.8750000000000001E-01,35,  4.3750000000000000E-01,  1.0000000000000000E+00,3,  3.3255787461293101E-01,63,3,490,490,0,  7.6520653190392929E-01,  9.7999999999999998E-01,  9.7999999999999998E-01,  8.5938527911392393E-01,  1.0055864400000000E-01,  1.0387770000000001E-03,0
2174,  3.8750000000000001E-01,35,  4.3750000000000000E-01,  1.0000000000000000E+00,4,  3.3255787461293101E-01,63,3,490,490,0,  7.6520653190392929E-01,  9.7999999999999998E-01,  9.7999999999999998E-01,  8.5938527911392393E-01,  9.9861328999999999E-02,  1.0364500000000000E-03,0
2175,  3.8750000000000001E-01,35,  4.3750000000000000E-01,  1.0000000000000000E+00,5,  3.3255787461293101E-01,63,4,494,490,4,  7.2217257191676243E-01,  9.8799999999999999E-01,  9.7999999999999998E-01,  8.3442631787043897E-01,  9.9736691000000002E-02,  1.0669670000000000E-03,0
2176,  3.8750000000000001E-01,35,  6.2500000000000000E-01,  2.5000000000000000E-01,1,  3.3255787461293101E-01,63,3,498,498,0,  7.3233549408425225E-01,  9.9600000000000000E-01,  9.9600000000000000E-01,  8.4405620853651053E-01,  1.2022589200000000E-01,  1.2160400000000000E-03,0
2177,  3.8750000000000001E-01,35,  6.2500000000000000E-01,  2.5000000000000000E-01,2,  3.3255787461293101E-01,63,3,498,498,0,  7.3233549408425225E-01,  9.9600000000000000E-01,  9.9600000000000000E-01,  8.4405620853651053E-01,  1.1872159700000000E-01,  1.1821230000000000E-03,0
2178,  3.8750000000000001E-01,35,  6.2500000000000000E-01,  2.5000000000000000E-01,3,  3.3255787461293101E-01,63,3,498,498,0,  7.3233549408425225E-01,  9.9600000000000000E-01,  9.9600000000000000E-01,  8.4405620853651053E-01,  1.2130214600000000E-01,  1.0982930000000000E-03,0
2179,  3.8750000000000001E-01,35,  6.2500000000000000E-01,  2.5000000000000000E-01,4,  3.3255787461293101E-01,63,3,498,498,0,  7.3233549408425225E-01,  9.9600000000000000E-01,  9.9600000000000000E-01,  8.4405620853651053E-01,  1.1701770200000000E-01,  1.0838790000000000E-03,0
2180,  3.8750000000000001E-01,35,  6.2500000000000000E-01,  2.5000000000000000E-01,5,  3.3255787461293101E-01,63,3,498,498,0,  7.3233549408425225E-01,  9.9600000000000000E-01,  9.9600000000000000E-01,  8.4405620853651053E-01,  1.1629135500000000E-01,  1.0472920000000000E-03,0
2181,  3.8750000000000001E-01,35,  6.2500000000000000E-01,  4.3750000000000000E-01,1,  3.3255787461293101E-01,63,3,498,498,0,  7.3233549408425225E-01,  9.9600000000000000E-01,  9.9600000000000000E-01,  8.4405620853651053E-01,  1.1649526400000000E-01,  1.6532999999999999E-03,0
2182,  3.8750000000000001E-01,35,  6.2500000000000000E-01,  4.3750000000000000E-01,2,  3.3255787461293101E-01,63,3,498,498,0,  7.3233549408425225E-01,  9.9600000000000000E-01,  9.9600000000000000E-01,  8.4405620853651053E-01,  1.1596725400000001E-01,  1.0888660000000000E-03,0
2183,  3.8750000000000001E-01,35,  6.2500000000000000E-01,  4.3750000000000000E-01,3,  3.3255787461293101E-01,63,3,498,498,0,  7.3233549408425225E-01,  9.9600000000000000E-01,  9.9600000000000000E-01,  8.4405620853651053E-01,  1.1793425800000000E-01,  1.1250320000000000E-03,0
2184,  3.8750000000000001E-01,35,  6.2500000000000000E-01,  4.3750000000000000E-01,4,  3.3255787461293101E-01,63,3,498,498,0,  7.3233549408425225E-01,  9.9600000000000000E-01,  9.9600000000000000E-01,  8.4405620853651053E-01,  1.1459368300000000E-01,  1.0684480000000001E-03,0
2185,  3.8750000000000001E-01,35,  6.2500000000000000E-01,  4.3750000000000000E-01,5,  3.3255787461293101E-01,63,3,498,498,0,  7.3233549408425225E-01,  9.9600000000000000E-01,  9.9600000000000000E-01,  8.4405620853651053E-01,  1.1573926200000000E-01,  1.0547760000000001E-03,0
2186,  3.8750000000000001E-01,35,  6.2500000000000000E-01,  6.2500000000000000E-01,1,  3.3255787461293101E-01,63,3,498,498,0,  7.3233549408425225E-01,  9.9600000000000000E-01,  9.9600000000000000E-01,  8.4405620853651053E-01,  1.1654011400000000E-01,  1.2140320000000001E-03,0
2187,  3.8750000000000001E-01,35,  6.2500000000000000E-01,  6.2500000000000000E-01,2,  3.3255787461293101E-01,63,3,498,498,0,  7.3233549408425225E-01,  9.9600000000000000E-01,  9.9600000000000000E-01,  8.4405620853651053E-01,  1.1799421900000000E-01,  1.1036500000000001E-03,0
2188,  3.8750000000000001E-01,35,  6.2500000000000000E-01,  6.2500000000000000E-01,3,  3.3255787461293101E-01,63,3,498,498,0,  7.3233549408425225E-01,  9.9600000000000000E-01,  9.9600000000000000E-01,  8.4405620853651053E-01,  1.1814164500000000E-01,  1.0895600000000001E-03,0
2189,  3.8750000000000001E-01,35,  6.2500000000000000E-01,  6.2500000000000000E-01,4,  3.3255787461293101E-01,63,3,498,498,0,  7.3233549408425225E-01,  9.9600000000000000E-01,  9.9600000000000000E-01,  8.4405620853651053E-01,  1.1990764700000001E-01,  1.0978610000000001E-03,0
2190,  3.8750000000000001E-01,35,  6.2500000000000000E-01,  6.2500000000000000E-01,5,  3.3255787461293101E-01,63,3,498,498,0,  7.3233549408425225E-01,  9.9600000000000000E-01,  9.9600000000000000E-01,  8.4405620853651053E-01,  1.1368727400000000E-01,  1.1379319999999999E-03,0
2191,  3.8750000000000001E-01,35,  6.2500000000000000E-01,  8.1250000000000000E-01,1,  3.3255787461293101E-01,63,3,498,498,0,  7.3233549408425225E-01,  9.9600000000000000E-01,  9.9600000000000000E-01,  8.4405620853651053E-01,  1.2332761300000000E-01,  1.2183080000000000E-03,0
2192,  3.8750000000000001E-01,35,  6.2500000000000000E-01,  8.1250000000000000E-01,2,  3.3255787461293101E-01,63,3,498,498,0,  7.3233549408425225E-01,  9.9600000000000000E-01,  9.9600000000000000E-01,  8.4405620853651053E-01,  1.1830965700000000E-01,  1.0740220000000000E-03,0
2193,  3.8750000000000001E-01,35,  6.2500000000000000E-01,  8.1250000000000000E-01,3,  3.3255787461293101E-01,63,3,498,498,0,  7.3233549408425225E-01,  9.9600000000000000E-01,  9.9600000000000000E-01,  8.4405620853651053E-01,  1.1983834400000000E-01,  1.0454310000000001E-03,0
2194,  3.8750000000000001E-01,35,  6.2500000000000000E-01,  8.1250000000000000E-01,4,  3.3255787461293101E-01,63,3,498,498,0,  7.3233549408425225E-01,  9.9600000000000000E-01,  9.9600000000000000E-01,  8.4405620853651053E-01,  1.1444539400000001E-01,  1.1160149999999999E-03,0
2195,  3.8750000000000001E-01,35,  6.2500000000000000E-01,  8.1250000000000000E-01,5,  3.3255787461293101E-01,63,3,498,498,0,  7.3233549408425225E-01,  9.9600000000000000E-01,  9.9600000000000000E-01,  8.4405620853651053E-01,  1.1493031400000001E-01,  1.0754450000000000E-03,0
2196,  3.8750000000000001E-01,35,  6.2500000000000000E-01,  1.0000000000000000E+00,1,  3.3255787461293101E-01,63,3,498,498,0,  7.3233549408425225E-01,  9.9600000000000000E-01,  9.9600000000000000E-01,  8.4405620853651053E-01,  1.1593705800000000E-01,  1.1577120000000000E-03,0
2197,  3.8750000000000001E-01,35,  6.2500000000000000E-01,  1.0000000000000000E+00,2,  3.3255787461293101E-01,63,3,498,498,0,  7.3233549408425225E-01,  9.9600000000000000E-01,  9.9600000000000000E-01,  8.4405620853651053E-01,  1.1503112300000000E-01,  1.0660419999999999E-03,0
2198,  3.8750000000000001E-01,35,  6.2500000000000000E-01,  1.0000000000000000E+00,3,  3.3255787461293101E-01,63,3,498,498,0,  7.3233549408425225E-01,  9.9600000000000000E-01,  9.9600000000000000E-01,  8.4405620853651053E-01,  1.1347907000000000E-01,  1.0369839999999999E-03,0
2199,  3.8750000000000001E-01,35,  6.2500000000000000E-01,  1.0000000000000000E+00,4,  3.3255787461293101E-01,63,3,498,498,0,  7.3233549408425225E-01,  9.9600000000000000E-01,  9.9600000000000000E-01,  8.4405620853651053E-01,  1.1328950000000000E-01,  1.0436350000000000E-03,0
2200,  3.8750000000000001E-01,35,  6.2500000000000000E-01,  1.0000000000000000E+00,5,  3.3255787461293101E-01,63,3,498,498,0,  7.3233549408425225E-01,  9.9600000000000000E-01,  9.9600000000000000E-01,  8.4405620853651053E-01,  1.2285529700000000E-01,  1.1245440000000001E-03,0
2201,  3.8750000000000001E-01,35,  8.1250000000000000E-01,  2.5000000000000000E-01,1,  3.3255787461293101E-01,63,1,498,498,0,  9.9908095885727011E-01,  9.9600000000000000E-01,  9.9600000000000000E-01,  9.9753810050074276E-01,  1.5722872800000001E-01,  1.1111620000000000E-03,0
2202,  3.8750000000000001E-01,35,  8.1250000000000000E-01,  2.5000000000000000E-01,2,  3.3255787461293101E-01,63,1,498,498,0,  9.9908095885727011E-01,  9.9600000000000000E-01,  9.9600000000000000E-01,  9.9753810050074276E-01,  1.5139100400000000E-01,  1.0482770000000000E-03,0
2203,  3.8750000000000001E-01,35,  8.1250000000000000E-01,  2.5000000000000000E-01,3,  3.3255787461293101E-01,63,1,498,498,0,  9.9908095885727011E-01,  9.9600000000000000E-01,  9.9600000000000000E-01,  9.9753810050074276E-01,  1.5196008899999999E-01,  1.0497330000000000E-03,0
2204,  3.8750000000000001E-01,35,  8.1250000000000000E-01,  2.5000000000000000E-01,4,  3.3255787461293101E-01,63,1,498,498,0,  9.9908095885727011E-01,  9.9600000000000000E-01,  9.9600000000000000E-01,  9.9753810050074276E-01,  1.4951443300000000E-01,  1.0483960000000001E-03,0
2205,  3.8750000000000001E-01,35,  8.1250000000000000E-01,  2.5000000000000000E-01,5,  3.3255787461293101E-01,63,1,498,498,0,  9.9908095885727011E-01,  9.9600000000000000E-01,  9.9600000000000000E-01,  9.9753810050074276E-01,  1.5236344800000001E-01,  1.1987240000000000E-03,0
2206,  3.8750000000000001E-01,35,  8.1250000000000000E-01,  4.3750000000000000E-01,1,  3.3255787461293101E-01,63,1,498,498,0,  9.9908095885727011E-01,  9.9600000000000000E-01,  9.9600000000000000E-01,  9.9753810050074276E-01,  1.5334225100000001E-01,  1.0950310000000000E-03,0
2207,  3.8750000000000001E-01,35,  8.1250000000000000E-01,  4.3750000000000000E-01,2,  3.3255787461293101E-01,63,1,498,498,0,  9.9908095885727011E-01,  9.9600000000000000E-01,  9.9600000000000000E-01,  9.9753810050074276E-01,  1.5232597800000000E-01,  1.0487509999999999E-03,0
2208,  3.8750000000000001E-01,35,  8.1250000000000000E-01,  4.3750000000000000E-01,3,  3.3255787461293101E-01,63,1,498,498,0,  9.9908095885727011E-01,  9.9600000000000000E-01,  9.9600000000000000E-01,  9.9753810050074276E-01,  1.5255853100000000E-01,  1.0477180000000000E-03,0
2209,  3.8750000000000001E-01,35,  8.1250000000000000E-01,  4.3750000000000000E-01,4,  3.3255787461293101E-01,63,1,498,498,0,  9.9908095885727011E-01,  9.9600000000000000E-01,  9.9600000000000000E-01,  9.9753810050074276E-01,  1.5326161499999999E-01,  1.0488990000000001E-03,0
2210,  3.8750000000000001E-01,35,  8.1250000000000000E-01,  4.3750000000000000E-01,5,  3.3255787461293101E-01,63,1,498,498,0,  9.9908095885727011E-01,  9.9600000000000000E-01,  9.9600000000000000E-01,  9.9753810050074276E-01,  1.5480346500000000E-01,  1.0881510000000001E-03,0
2211,  3.8750000000000001E-01,35,  8.1250000000000000E-01,  6.2500000000000000E-01,1,  3.3255787461293101E-01,63,1,498,498,0,  9.9908095885727011E-01,  9.9600000000000000E-01,  9.9600000000000000E-01,  9.9753810050074276E-01,  1.5458300600000000E-01,  1.1038490000000001E-03,0
2212,  3.8750000000000001E-01,35,  8.1250000000000000E-01,  6.2500000000000000E-01,2,  3.3255787461293101E-01,63,1,498,498,0,  9.9908095885727011E-01,  9.9600000000000000E-01,  9.9600000000000000E-01,  9.9753810050074276E-01,  1.5396310999999999E-01,  1.0713750000000001E-03,0
2213,  3.8750000000000001E-01,35,  8.1250000000000000E-01,  6.2500000000000000E-01,3,  3.3255787461293101E-01,63,1,498,498,0,  9.9908095885727011E-01,  9.9600000000000000E-01,  9.9600000000000000E-01,  9.9753810050074276E-01,  1.5158402800000001E-01,  1.0299800000000000E-03,0
2214,  3.8750000000000001E-01,35,  8.1250000000000000E-01,  6.2500000000000000E-01,4,  3.3255787461293101E-01,63,1,498,498,0,  9.9908095885727011E-01,  9.9600000000000000E-01,  9.9600000000000000E-01,  9.9753810050074276E-01,  1.4809201000000000E-01,  1.0771929999999999E-03,0
2215,  3.8750000000000001E-01,35,  8.1250000000000000E-01,  6.2500000000000000E-01,5,  3.3255787461293101E-01,63,1,498,498,0,  9.9908095885727011E-01,  9.9600000000000000E-01,  9.9600000000000000E-01,  9.9753810050074276E-01,  1.5237476000000000E-01,  1.1604070000000000E-03,0
2216,  3.8750000000000001E-01,35,  8.1250000000000000E-01,  8.1250000000000000E-01,1,  3.3255787461293101E-01,63,1,498,498,0,  9.9908095885727011E-01,  9.9600000000000000E-01,  9.9600000000000000E-01,  9.9753810050074276E-01,  1.5421376300000000E-01,  1.2656049999999999E-03,0
2217,  3.8750000000000001E-01,35,  8.1250000000000000E-01,  8.1250000000000000E-01,2,  3.3255787461293101E-01,63,1,498,498,0,  9.9908095885727011E-01,  9.9600000000000000E-01,  9.9600000000000000E-01,  9.9753810050074276E-01,  1.4869206500000001E-01,  1.0487770000000001E-03,0
2218,  3.8750000000000001E-01,35,  8.1250000000000000E-01,  8.1250000000000000E-01,3,  3.3255787461293101E-01,63,1,498,498,0,  9.9908095885727011E-01,  9.9600000000000000E-01,  9.9600000000000000E-01,  9.9753810050074276E-01,  1.5361558600000000E-01,  1.0583820000000001E-03,0
2219,  3.8750000000000001E-01,35,  8.1250000000000000E-01,  8.1250000000000000E-01,4,  3.3255787461293101E-01,63,1,498,498,0,  9.9908095885727011E-01,  9.9600000000000000E-01,  9.9600000000000000E-01,  9.9753810050074276E-01,  1.4980715500000000E-01,  1.1594280000000001E-03,0
2220,  3.8750000000000001E-01,35,  8.1250000000000000E-01,  8.1250000000000000E-01,5,  3.3255787461293101E-01,63,1,498,498,0,  9.9908095885727011E-01,  9.9600000000000000E-01,  9.9600000000000000E-01,  9.9753810050074276E-01,  1.4966211900000001E-01,  1.0421440000000001E-03,0
2221,  3.8750000000000001E-01,35,  8.1250000000000000E-01,  1.0000000000000000E+00,1,  3.3255787461293101E-01,63,1,498,498,0,  9.9908095885727011E-01,  9.9600000000000000E-01,  9.9600000000000000E-01,  9.9753810050074276E-01,  1.4986084099999999E-01,  1.0804660000000000E-03,0
2222,  3.8750000000000001E-01,35,  8.1250000000000000E-01,  1.0000000000000000E+00,2,  3.3255787461293101E-01,63,1,498,498,0,  9.9908095885727011E-01,  9.9600000000000000E-01,  9.9600000000000000E-01,  9.9753810050074276E-01,  1.5185204899999999E-01,  1.0921660000000001E-03,0
2223,  3.8750000000000001E-01,35,  8.1250000000000000E-01,  1.0000000000000000E+00,3,  3.3255787461293101E-01,63,1,498,498,0,  9.9908095885727011E-01,  9.9600000000000000E-01,  9.9600000000000000E-01,  9.9753810050074276E-01,  1.5136272100000001E-01,  1.1206269999999999E-03,0
2224,  3.8750000000000001E-01,35,  8.1250000000000000E-01,  1.0000000000000000E+00,4,  3.3255787461293101E-01,63,1,498,498,0,  9.9908095885727011E-01,  9.9600000000000000E-01,  9.9600000000000000E-01,  9.9753810050074276E-01,  1.5143270800000000E-01,  1.0764730000000001E-03,0
2225,  3.8750000000000001E-01,35,  8.1250000000000000E-01,  1.0000000000000000E+00,5,  3.3255787461293101E-01,63,1,498,498,0,  9.9908095885727011E-01,  9.9600000000000000E-01,  9.9600000000000000E-01,  9.9753810050074276E-01,  1.5133708300000001E-01,  1.0951500000000000E-03,0
2226,  3.8750000000000001E-01,35,  1.0000000000000000E+00,  2.5000000000000000E-01,1,  3.3255787461293101E-01,63,1,499,499,0,  9.9972842554220231E-01,  9.9800000000000000E-01,  9.9800000000000000E-01,  9.9886346505814461E-01,  1.7609961399999999E-01,  1.1325210000000000E-03,0
2227,  3.8750000000000001E-01,35,  1.0000000000000000E+00,  2.5000000000000000E-01,2,  3.3255787461293101E-01,63,1,499,499,0,  9.9972842554220231E-01,  9.9800000000000000E-01,  9.9800000000000000E-01,  9.9886346505814461E-01,  1.7842437600000000E-01,  1.0538430000000001E-03,0
2228,  3.8750000000000001E-01,35,  1.0000000000000000E+00,  2.5000000000000000E-01,3,  3.3255787461293101E-01,63,1,499,499,0,  9.9972842554220231E-01,  9.9800000000000000E-01,  9.9800000000000000E-01,  9.9886346505814461E-01,  1.7890640599999999E-01,  1.4406490000000000E-03,0
2229,  3.8750000000000001E-01,35,  1.0000000000000000E+00,  2.5000000000000000E-01,4,  3.3255787461293101E-01,63,1,499,499,0,  9.9972842554220231E-01,  9.9800000000000000E-01,  9.9800000000000000E-01,  9.9886346505814461E-01,  1.9122352200000001E-01,  1.2545210000000000E-03,0
2230,  3.8750000000000001E-01,35,  1.0000000000000000E+00,  2.5000000000000000E-01,5,  3.3255787461293101E-01,63,1,499,499,0,  9.9972842554220231E-01,  9.9800000000000000E-01,  9.9800000000000000E-01,  9.9886346505814461E-01,  1.7704492499999999E-01,  1.1962600000000000E-03,0
2231,  3.8750000000000001E-01,35,  1.0000000000000000E+00,  4.3750000000000000E-01,1,  3.3255787461293101E-01,63,1,499,499,0,  9.9972842554220231E-01,  9.9800000000000000E-01,  9.9800000000000000E-01,  9.9886346505814461E-01,  1.9392401900000000E-01,  1.0421160000000000E-03,0
2232,  3.8750000000000001E-01,35,  1.0000000000000000E+00,  4.3750000000000000E-01,2,  3.3255787461293101E-01,63,1,499,499,0,  9.9972842554220231E-01,  9.9800000000000000E-01,  9.9800000000000000E-01,  9.9886346505814461E-01,  1.8096646699999999E-01,  1.0569550000000000E-03,0
2233,  3.8750000000000001E-01,35,  1.0000000000000000E+00,  4.3750000000000000E-01,3,  3.3255787461293101E-01,63,1,499,499,0,  9.9972842554220231E-01,  9.9800000000000000E-01,  9.9800000000000000E-01,  9.9886346505814461E-01,  1.7790744300000000E-01,  1.0825190000000001E-03,0
2234,  3.8750000000000001E-01,35,  1.0000000000000000E+00,  4.3750000000000000E-01,4,  3.3255787461293101E-01,63,1,499,499,0,  9.9972842554220231E-01,  9.9800000000000000E-01,  9.9800000000000000E-01,  9.9886346505814461E-01,  1.8423398499999999E-01,  1.0952430000000001E-03,0
2235,  3.8750000000000001E-01,35,  1.0000000000000000E+00,  4.3750000000000000E-01,5,  3.3255787461293101E-01,63,1,499,499,0,  9.9972842554220231E-01,  9.9800000000000000E-01,  9.9800000000000000E-01,  9.9886346505814461E-01,  1.8071693599999999E-01,  1.0651750000000000E-03,0
2236,  3.8750000000000001E-01,35,  1.0000000000000000E+00,  6.2500000000000000E-01,1,  3.3255787461293101E-01,63,1,499,499,0,  9.9972842554220231E-01,  9.9800000000000000E-01,  9.9800000000000000E-01,  9.9886346505814461E-01,  1.7945090100000000E-01,  1.0889730000000000E-03,0
2237,  3.8750000000000001E-01,35,  1.0000000000000000E+00,  6.2500000000000000E-01,2,  3.3255787461293101E-01,63,1,499,499,0,  9.9972842554220231E-01,  9.9800000000000000E-01,  9.9800000000000000E-01,  9.9886346505814461E-01,  1.7641773099999999E-01,  1.0539580000000000E-03,0
2238,  3.8750000000000001E-01,35,  1.0000000000000000E+00,  6.2500000000000000E-01,3,  3.3255787461293101E-01,63,1,499,499,0,  9.9972842554220231E-01,  9.9800000000000000E-01,  9.9800000000000000E-01,  9.9886346505814461E-01,  1.7752325399999999E-01,  1.0649360000000001E-03,0
2239,  3.8750000000000001E-01,35,  1.0000000000000000E+00,  6.2500000000000000E-01,4,  3.3255787461293101E-01,63,1,499,499,0,  9.9972842554220231E-01,  9.9800000000000000E-01,  9.9800000000000000E-01,  9.9886346505814461E-01,  1.7658455500000000E-01,  1.1103199999999999E-03,0
2240,  3.8750000000000001E-01,35,  1.0000000000000000E+00,  6.2500000000000000E-01,5,  3.3255787461293101E-01,63,1,499,499,0,  9.9972842554220231E-01,  9.9800000000000000E-01,  9.9800000000000000E-01,  9.9886346505814461E-01,  1.8527421099999999E-01,  1.2155540000000000E-03,0
2241,  3.8750000000000001E-01,35,  1.0000000000000000E+00,  8.1250000000000000E-01,1,  3.3255787461293101E-01,63,1,499,499,0,  9.9972842554220231E-01,  9.9800000000000000E-01,  9.9800000000000000E-01,  9.9886346505814461E-01,  1.7785533800000000E-01,  1.1824579999999999E-03,0
2242,  3.8750000000000001E-01,35,  1.0000000000000000E+00,  8.1250000000000000E-01,2,  3.3255787461293101E-01,63,1,499,499,0,  9.9972842554220231E-01,  9.9800000000000000E-01,  9.9800000000000000E-01,  9.9886346505814461E-01,  1.7963163100000001E-01,  1.1017939999999999E-03,0
2243,  3.8750000000000001E-01,35,  1.0000000000000000E+00,  8.1250000000000000E-01,3,  3.3255787461293101E-01,63,1,499,499,0,  9.9972842554220231E-01,  9.9800000000000000E-01,  9.9800000000000000E-01,  9.9886346505814461E-01,  1.7816913000000001E-01,  1.0866570000000000E-03,0
2244,  3.8750000000000001E-01,35,  1.0000000000000000E+00,  8.1250000000000000E-01,4,  3.3255787461293101E-01,63,1,499,499,0,  9.9972842554220231E-01,  9.9800000000000000E-01,  9.9800000000000000E-01,  9.9886346505814461E-01,  1.8321080900000000E-01,  1.1527709999999999E-03,0
2245,  3.8750000000000001E-01,35,  1.0000000000000000E+00,  8.1250000000000000E-01,5,  3.3255787461293101E-01,63,1,499,499,0,  9.9972842554220231E-01,  9.9800000000000000E-01,  9.9800000000000000E-01,  9.9886346505814461E-01,  1.7883731899999999E-01,  1.1420969999999999E-03,0
2246,  3.8750000000000001E-01,35,  1.0000000000000000E+00,  1.0000000000000000E+00,1,  3.3255787461293101E-01,63,1,499,499,0,  9.9972842554220231E-01,  9.9800000000000000E-01,  9.9800000000000000E-01,  9.9886346505814461E-01,  1.8203454499999999E-01,  1.1067790000000000E-03,0
2247,  3.8750000000000001E-01,35,  1.0000000000000000E+00,  1.0000000000000000E+00,2,  3.3255787461293101E-01,63,1,499,499,0,  9.9972842554220231E-01,  9.9800000000000000E-01,  9.9800000000000000E-01,  9.9886346505814461E-01,  1.7910881600000000E-01,  1.4658670000000000E-03,0
2248,  3.8750000000000001E-01,35,  1.0000000000000000E+00,  1.0000000000000000E+00,3,  3.3255787461293101E-01,63,1,499,499,0,  9.9972842554220231E-01,  9.9800000000000000E-01,  9.9800000000000000E-01,  9.9886346505814461E-01,  1.7587586699999999E-01,  1.0663319999999999E-03,0
2249,  3.8750000000000001E-01,35,  1.0000000000000000E+00,  1.0000000000000000E+00,4,  3.3255787461293101E-01,63,1,499,499,0,  9.9972842554220231E-01,  9.9800000000000000E-01,  9.9800000000000000E-01,  9.9886346505814461E-01,  1.8032053700000000E-01,  1.0918049999999999E-03,0
2250,  3.8750000000000001E-01,35,  1.0000000000000000E+00,  1.0000000000000000E+00,5,  3.3255787461293101E-01,63,1,499,499,0,  9.9972842554220231E-01,  9.9800000000000000E-01,  9.9800000000000000E-01,  9.9886346505814461E-01,  1.8217631200000001E-01,  1.0447760000000001E-03,0
2251,  3.8750000000000001E-01,45,  2.5000000000000000E-01,  2.5000000000000000E-01,1,  3.3255787461293101E-01,53,8,481,481,0,  5.1860254822729213E-01,  9.6199999999999997E-01,  9.6199999999999997E-01,  6.7390894604629292E-01,  6.0915543000000003E-02,  1.0582310000000000E-03,0
2252,  3.8750000000000001E-01,45,  2.5000000000000000E-01,  2.5000000000000000E-01,2,  3.3255787461293101E-01,53,9,482,481,1,  4.6944969021306732E-01,  9.6399999999999997E-01,  9.6199999999999997E-01,  6.3141316288279381E-01,  6.0448169000000003E-02,  1.0756010000000000E-03,0
2253,  3.8750000000000001E-01,45,  2.5000000000000000E-01,  2.5000000000000000E-01,3,  3.3255787461293101E-01,53,9,482,481,1,  4.6944969021306732E-01,  9.6399999999999997E-01,  9.6199999999999997E-01,  6.3141316288279381E-01,  6.3456587999999994E-02,  1.0597580000000001E-03,0
2254,  3.8750000000000001E-01,45,  2.5000000000000000E-01,  2.5000000000000000E-01,4,  3.3255787461293101E-01,53,9,482,481,1,  4.6944969021306732E-01,  9.6399999999999997E-01,  9.6199999999999997E-01,  6.3141316288279381E-01,  6.4168223999999996E-02,  1.0710390000000000E-03,0
2255,  3.8750000000000001E-01,45,  2.5000000000000000E-01,  2.5000000000000000E-01,5,  3.3255787461293101E-01,53,9,482,481,1,  4.6944969021306732E-01,  9.6399999999999997E-01,  9.6199999999999997E-01,  6.3141316288279381E-01,  6.4836170999999998E-02,  1.0882439999999999E-03,0
2256,  3.8750000000000001E-01,45,  2.5000000000000000E-01,  4.3750000000000000E-01,1,  3.3255787461293101E-01,53,8,481,481,0,  5.1860254822729213E-01,  9.6199999999999997E-01,  9.6199999999999997E-01,  6.7390894604629292E-01,  6.0158349000000000E-02,  1.0365820000000001E-03,0
2257,  3.8750000000000001E-01,45,  2.5000000000000000E-01,  4.3750000000000000E-01,2,  3.3255787461293101E-01,53,9,482,481,1,  4.6944969021306732E-01,  9.6399999999999997E-01,  9.6199999999999997E-01,  6.3141316288279381E-01,  6.1271214999999997E-02,  1.0718990000000001E-03,0
2258,  3.8750000000000001E-01,45,  2.5000000000000000E-01,  4.3750000000000000E-01,3,  3.3255787461293101E-01,53,9,482,481,1,  4.6944969021306732E-01,  9.6399999999999997E-01,  9.6199999999999997E-01,  6.3141316288279381E-01,  6.0331089999999997E-02,  1.1055520000000001E-03,0
2259,  3.8750000000000001E-01,45,  2.5000000000000000E-01,  4.3750000000000000E-01,4,  3.3255787461293101E-01,53,9,482,481,1,  4.6944969021306732E-01,  9.6399999999999997E-01,  9.6199999999999997E-01,  6.3141316288279381E-01,  6.0559645000000002E-02,  1.0342179999999999E-03,0
2260,  3.8750000000000001E-01,45,  2.5000000000000000E-01,  4.3750000000000000E-01,5,  3.3255787461293101E-01,53,9,482,481,1,  4.6944969021306732E-01,  9.6399999999999997E-01,  9.6199999999999997E-01,  6.3141316288279381E-01,  6.4317983999999995E-02,  1.0687489999999999E-03,0
2261,  3.8750000000000001E-01,45,  2.5000000000000000E-01,  6.2500000000000000E-01,1,  3.3255787461293101E-01,53,8,481,481,0,  5.1860254822729213E-01,  9.6199999999999997E-01,  9.6199999999999997E-01,  6.7390894604629292E-01,  5.9587471000000003E-02,  1.0290220000000001E-03,0
2262,  3.8750000000000001E-01,45,  2.5000000000000000E-01,  6.2500000000000000E-01,2,  3.3255787461293101E-01,53,9,482,481,1,  4.6944969021306732E-01,  9.6399999999999997E-01,  9.6199999999999997E-01,  6.3141316288279381E-01,  6.1325679000000001E-02,  1.3932290000000000E-03,0
2263,  3.8750000000000001E-01,45,  2.5000000000000000E-01,  6.2500000000000000E-01,3,  3.3255787461293101E-01,53,9,482,481,1,  4.6944969021306732E-01,  9.6399999999999997E-01,  9.6199999999999997E-01,  6.3141316288279381E-01,  6.2346298000000001E-02,  1.0345660000000000E-03,0
2264,  3.8750000000000001E-01,45,  2.5000000000000000E-01,  6.2500000000000000E-01,4,  3.3255787461293101E-01,53,9,482,481,1,  4.6944969021306732E-01,  9.6399999999999997E-01,  9.6199999999999997E-01,  6.3141316288279381E-01,  6.2218379999999997E-02,  1.0652290000000000E-03,0
2265,  3.8750000000000001E-01,45,  2.5000000000000000E-01,  6.2500000000000000E-01,5,  3.3255787461293101E-01,53,9,482,481,1,  4.6944969021306732E-01,  9.6399999999999997E-01,  9.6199999999999997E-01,  6.3141316288279381E-01,  6.5773576000000000E-02,  1.1090550000000001E-03,0
2266,  3.8750000000000001E-01,45,  2.5000000000000000E-01,  8.1250000000000000E-01,1,  3.3255787461293101E-01,53,8,481,481,0,  5.1860254822729213E-01,  9.6199999999999997E-01,  9.6199999999999997E-01,  6.7390894604629292E-01,  6.0738640000000003E-02,  1.3506230000000000E-03,0
2267,  3.8750000000000001E-01,45,  2.5000000000000000E-01,  8.1250000000000000E-01,2,  3.3255787461293101E-01,53,9,482,481,1,  4.6944969021306732E-01,  9.6399999999999997E-01,  9.6199999999999997E-01,  6.3141316288279381E-01,  6.2441068000000002E-02,  1.1119830000000000E-03,0
2268,  3.8750000000000001E-01,45,  2.5000000000000000E-01,  8.1250000000000000E-01,3,  3.3255787461293101E-01,53,9,482,481,1,  4.6944969021306732E-01,  9.6399999999999997E-01,  9.6199999999999997E-01,  6.3141316288279381E-01,  6.3018199999999996E-02,  1.1920650000000000E-03,0
2269,  3.8750000000000001E-01,45,  2.5000000000000000E-01,  8.1250000000000000E-01,4,  3.3255787461293101E-01,53,9,482,481,1,  4.6944969021306732E-01,  9.6399999999999997E-01,  9.6199999999999997E-01,  6.3141316288279381E-01,  6.3967694000000005E-02,  1.1023610000000001E-03,0
2270,  3.8750000000000001E-01,45,  2.5000000000000000E-01,  8.1250000000000000E-01,5,  3.3255787461293101E-01,53,9,482,481,1,  4.6944969021306732E-01,  9.6399999999999997E-01,  9.6199999999999997E-01,  6.3141316288279381E-01,  6.1282255000000001E-02,  1.1164170000000000E-03,0
2271,  3.8750000000000001E-01,45,  2.5000000000000000E-01,  1.0000000000000000E+00,1,  3.3255787461293101E-01,53,8,481,481,0,  5.1860254822729213E-01,  9.6199999999999997E-01,  9.6199999999999997E-01,  6.7390894604629292E-01,  6.1999322000000003E-02,  1.0277950000000000E-03,0
2272,  3.8750000000000001E-01,45,  2.5000000000000000E-01,  1.0000000000000000E+00,2,  3.3255787461293101E-01,53,9,482,481,1,  4.6944969021306732E-01,  9.6399999999999997E-01,  9.6199999999999997E-01,  6.3141316288279381E-01,  6.2990363999999993E-02,  1.0414809999999999E-03,0
2273,  3.8750000000000001E-01,45,  2.5000000000000000E-01,  1.0000000000000000E+00,3,  3.3255787461293101E-01,53,9,482,481,1,  4.6944969021306732E-01,  9.6399999999999997E-01,  9.6199999999999997E-01,  6.3141316288279381E-01,  6.0925410999999999E-02,  1.3886780000000000E-03,0
2274,  3.8750000000000001E-01,45,  2.5000000000000000E-01,  1.0000000000000000E+00,4,  3.3255787461293101E-01,53,9,482,481,1,  4.6944969021306732E-01,  9.6399999999999997E-01,  9.6199999999999997E-01,  6.3141316288279381E-01,  6.1189031999999997E-02,  1.0281260000000001E-03,0
2275,  3.8750000000000001E-01,45,  2.5000000000000000E-01,  1.0000000000000000E+00,5,  3.3255787461293101E-01,53,9,482,481,1,  4.6944969021306732E-01,  9.6399999999999997E-01,  9.6199999999999997E-01,  6.3141316288279381E-01,  6.1686889000000002E-02,  1.1103850000000000E-03,0
2276,  3.8750000000000001E-01,45,  4.3750000000000000E-01,  2.5000000000000000E-01,1,  3.3255787461293101E-01,53,3,492,492,0,  8.7019526034385208E-01,  9.8399999999999999E-01,  9.8399999999999999E-01,  9.2360513964377045E-01,  7.9832639999999996E-02,  1.6934299999999999E-03,0
2277,  3.8750000000000001E-01,45,  4.3750000000000000E-01,  2.5000000000000000E-01,2,  3.3255787461293101E-01,53,4,493,492,1,  8.1370428057175970E-01,  9.8599999999999999E-01,  9.8399999999999999E-01,  8.9160472562621584E-01,  7.8646831000000000E-02,  1.0770190000000000E-03,0
2278,  3.8750000000000001E-01,45,  4.3750000000000000E-01,  2.5000000000000000E-01,3,  3.3255787461293101E-01,53,4,493,492,1,  8.1370428057175970E-01,  9.8599999999999999E-01,  9.8399999999999999E-01,  8.9160472562621584E-01,  7.9837178999999994E-02,  1.1861330000000000E-03,0
2279,  3.8750000000000001E-01,45,  4.3750000000000000E-01,  2.5000000000000000E-01,4,  3.3255787461293101E-01,53,5,496,492,4,  7.2555201384359991E-01,  9.9199999999999999E-01,  9.8399999999999999E-01,  8.3810864757705228E-01,  7.7278020000000003E-02,  1.0610960000000001E-03,0
2280,  3.8750000000000001E-01,45,  4.3750000000000000E-01,  2.5000000000000000E-01,5,  3.3255787461293101E-01,53,5,496,492,4,  7.2555201384359991E-01,  9.9199999999999999E-01,  9.8399999999999999E-01,  8.3810864757705228E-01,  7.9848060999999998E-02,  1.0730210000000000E-03,0
2281,  3.8750000000000001E-01,45,  4.3750000000000000E-01,  4.3750000000000000E-01,1,  3.3255787461293101E-01,53,3,492,492,0,  8.7019526034385208E-01,  9.8399999999999999E-01,  9.8399999999999999E-01,  9.2360513964377045E-01,  7.8945151000000005E-02,  1.0534270000000000E-03,0
2282,  3.8750000000000001E-01,45,  4.3750000000000000E-01,  4.3750000000000000E-01,2,  3.3255787461293101E-01,53,4,493,492,1,  8.1370428057175970E-01,  9.8599999999999999E-01,  9.8399999999999999E-01,  8.9160472562621584E-01,  7.9592596000000002E-02,  1.0618730000000001E-03,0
2283,  3.8750000000000001E-01,45,  4.3750000000000000E-01,  4.3750000000000000E-01,3,  3.3255787461293101E-01,53,4,493,492,1,  8.1370428057175970E-01,  9.8599999999999999E-01,  9.8399999999999999E-01,  8.9160472562621584E-01,  7.6673565999999999E-02,  1.1312309999999999E-03,0
2284,  3.8750000000000001E-01,45,  4.3750000000000000E-01,  4.3750000000000000E-01,4,  3.3255787461293101E-01,53,5,496,492,4,  7.2555201384359991E-01,  9.9199999999999999E-01,  9.8399999999999999E-01,  8.3810864757705228E-01,  7.6123358000000002E-02,  1.1127010000000000E-03,0
2285,  3.8750000000000001E-01,45,  4.3750000000000000E-01,  4.3750000000000000E-01,5,  3.3255787461293101E-01,53,5,496,492,4,  7.2555201384359991E-01,  9.9199999999999999E-01,  9.8399999999999999E-01,  8.3810864757705228E-01,  7.7780829999999995E-02,  1.0843480000000000E-03,0
2286,  3.8750000000000001E-01,45,  4.3750000000000000E-01,  6.2500000000000000E-01,1,  3.3255787461293101E-01,53,3,492,492,0,  8.7019526034385208E-01,  9.8399999999999999E-01,  9.8399999999999999E-01,  9.2360513964377045E-01,  7.7587987999999997E-02,  1.0842289999999999E-03,0
2287,  3.8750000000000001E-01,45,  4.3750000000000000E-01,  6.2500000000000000E-01,2,  3.3255787461293101E-01,53,4,493,492,1,  8.1370428057175970E-01,  9.8599999999999999E-01,  9.8399999999999999E-01,  8.9160472562621584E-01,  7.8407967999999995E-02,  1.1186119999999999E-03,0
2288,  3.8750000000000001E-01,45,  4.3750000000000000E-01,  6.2500000000000000E-01,3,  3.3255787461293101E-01,53,4,493,492,1,  8.1370428057175970E-01,  9.8599999999999999E-01,  9.8399999999999999E-01,  8.9160472562621584E-01,  7.8552299000000006E-02,  1.0883620000000001E-03,0
2289,  3.8750000000000001E-01,45,  4.3750000000000000E-01,  6.2500000000000000E-01,4,  3.3255787461293101E-01,53,5,496,492,4,  7.2555201384359991E-01,  9.9199999999999999E-01,  9.8399999999999999E-01,  8.3810864757705228E-01,  8.0320516999999994E-02,  1.1679749999999999E-03,0
2290,  3.8750000000000001E-01,45,  4.3750000000000000E-01,  6.2500000000000000E-01,5,  3.3255787461293101E-01,53,5,496,492,4,  7.2555201384359991E-01,  9.9199999999999999E-01,  9.8399999999999999E-01,  8.3810864757705228E-01,  7.7150832000000003E-02,  1.3248719999999999E-03,0
2291,  3.8750000000000001E-01,45,  4.3750000000000000E-01,  8.1250000000000000E-01,1,  3.3255787461293101E-01,53,3,492,492,0,  8.7019526034385208E-01,  9.8399999999999999E-01,  9.8399999999999999E-01,  9.2360513964377045E-01,  7.9592125999999999E-02,  1.1011549999999999E-03,0
2292,  3.8750000000000001E-01,45,  4.3750000000000000E-01,  8.1250000000000000E-01,2,  3.3255787461293101E-01,53,4,493,492,1,  8.1370428057175970E-01,  9.8599999999999999E-01,  9.8399999999999999E-01,  8.9160472562621584E-01,  7.7334606000000000E-02,  1.0692589999999999E-03,0
2293,  3.8750000000000001E-01,45,  4.3750000000000000E-01,  8.1250000000000000E-01,3,  3.3255787461293101E-01,53,4,493,492,1,  8.1370428057175970E-01,  9.8599999999999999E-01,  9.8399999999999999E-01,  8.9160472562621584E-01,  7.7917191999999996E-02,  1.0954730000000000E-03,0
2294,  3.8750000000000001E-01,45,  4.3750000000000000E-01,  8.1250000000000000E-01,4,  3.3255787461293101E-01,53,5,496,492,4,  7.2555201384359991E-01,  9.9199999999999999E-01,  9.8399999999999999E-01,  8.3810864757705228E-01,  7.7301383000000001E-02,  1.0840590000000001E-03,0
2295,  3.8750000000000001E-01,45,  4.3750000000000000E-01,  8.1250000000000000E-01,5,  3.3255787461293101E-01,53,5,496,492,4,  7.2555201384359991E-01,  9.9199999999999999E-01,  9.8399999999999999E-01,  8.3810864757705228E-01,  7.9635331000000004E-02,  1.0924200000000000E-03,0
2296,  3.8750000000000001E-01,45,  4.3750000000000000E-01,  1.0000000000000000E+00,1,  3.3255787461293101E-01,53,3,492,492,0,  8.7019526034385208E-01,  9.8399999999999999E-01,  9.8399999999999999E-01,  9.2360513964377045E-01,  7.9256847000000005E-02,  1.0811420000000000E-03,0
2297,  3.8750000000000001E-01,45,  4.3750000000000000E-01,  1.0000000000000000E+00,2,  3.3255787461293101E-01,53,4,493,492,1,  8.1370428057175970E-01,  9.8599999999999999E-01,  9.8399999999999999E-01,  8.9160472562621584E-01,  7.7288982000000006E-02,  1.0936909999999999E-03,0
2298,  3.8750000000000001E-01,45,  4.3750000000000000E-01,  1.0000000000000000E+00,3,  3.3255787461293101E-01,53,4,493,492,1,  8.1370428057175970E-01,  9.8599999999999999E-01,  9.8399999999999999E-01,  8.9160472562621584E-01,  7.9564579999999996E-02,  1.1840860000000000E-03,0
2299,  3.8750000000000001E-01,45,  4.3750000000000000E-01,  1.0000000000000000E+00,4,  3.3255787461293101E-01,53,5,496,492,4,  7.2555201384359991E-01,  9.9199999999999999E-01,  9.8399999999999999E-01,  8.3810864757705228E-01,  7.9571423000000002E-02,  1.0597009999999999E-03,0
2300,  3.8750000000000001E-01,45,  4.3750000000000000E-01,  1.0000000000000000E+00,5,  3.3255787461293101E-01,53,5,496,492,4,  7.2555201384359991E-01,  9.9199999999999999E-01,  9.8399999999999999E-01,  8.3810864757705228E-01,  8.1215675000000001E-02,  1.2430420000000000E-03,0
2301,  3.8750000000000001E-01,45,  6.2500000000000000E-01,  2.5000000000000000E-01,1,  3.3255787461293101E-01,53,3,492,492,0,  8.7019526034385208E-01,  9.8399999999999999E-01,  9.8399999999999999E-01,  9.2360513964377045E-01,  9.7586754999999997E-02,  1.0843680000000001E-03,0
2302,  3.8750000000000001E-01,45,  6.2500000000000000E-01,  2.5000000000000000E-01,2,  3.3255787461293101E-01,53,3,492,492,0,  8.7019526034385208E-01,  9.8399999999999999E-01,  9.8399999999999999E-01,  9.2360513964377045E-01,  9.8274542000000006E-02,  1.0648010000000000E-03,0
2303,  3.8750000000000001E-01,45,  6.2500000000000000E-01,  2.5000000000000000E-01,3,  3.3255787461293101E-01,53,3,492,492,0,  8.7019526034385208E-01,  9.8399999999999999E-01,  9.8399999999999999E-01,  9.2360513964377045E-01,  9.7084976000000003E-02,  1.1393670000000001E-03,0
2304,  3.8750000000000001E-01,45,  6.2500000000000000E-01,  2.5000000000000000E-01,4,  3.3255787461293101E-01,53,3,492,492,0,  8.7019526034385208E-01,  9.8399999999999999E-01,  9.8399999999999999E-01,  9.2360513964377045E-01,  9.4105992999999999E-02,  1.0483020000000001E-03,0
2305,  3.8750000000000001E-01,45,  6.2500000000000000E-01,  2.5000000000000000E-01,5,  3.3255787461293101E-01,53,3,492,492,0,  8.7019526034385208E-01,  9.8399999999999999E-01,  9.8399999999999999E-01,  9.2360513964377045E-01,  9.3754062999999999E-02,  1.1220609999999999E-03,0
2306,  3.8750000000000001E-01,45,  6.2500000000000000E-01,  4.3750000000000000E-01,1,  3.3255787461293101E-01,53,3,492,492,0,  8.7019526034385208E-01,  9.8399999999999999E-01,  9.8399999999999999E-01,  9.2360513964377045E-01,  9.3824914999999995E-02,  1.0652640000000000E-03,0
2307,  3.8750000000000001E-01,45,  6.2500000000000000E-01,  4.3750000000000000E-01,2,  3.3255787461293101E-01,53,3,492,492,0,  8.7019526034385208E-01,  9.8399999999999999E-01,  9.8399999999999999E-01,  9.2360513964377045E-01,  9.6117973999999995E-02,  1.0498230000000001E-03,0
2308,  3.8750000000000001E-01,45,  6.2500000000000000E-01,  4.3750000000000000E-01,3,  3.3255787461293101E-01,53,3,492,492,0,  8.7019526034385208E-01,  9.8399999999999999E-01,  9.8399999999999999E-01,  9.2360513964377045E-01,  9.5091499999999995E-02,  1.0531980000000000E-03,0
2309,  3.8750000000000001E-01,45,  6.2500000000000000E-01,  4.3750000000000000E-01,4,  3.3255787461293101E-01,53,3,492,492,0,  8.7019526034385208E-01,  9.8399999999999999E-01,  9.8399999999999999E-01,  9.2360513964377045E-01,  9.3740532000000001E-02,  1.0403960000000001E-03,0
2310,  3.8750000000000001E-01,45,  6.2500000000000000E-01,  4.3750000000000000E-01,5,  3.3255787461293101E-01,53,3,492,492,0,  8.7019526034385208E-01,  9.8399999999999999E-01,  9.8399999999999999E-01,  9.2360513964377045E-01,  9.5346338000000003E-02,  1.1285620000000001E-03,0
2311,  3.8750000000000001E-01,45,  6.2500000000000000E-01,  6.2500000000000000E-01,1,  3.3255787461293101E-01,53,3,492,492,0,  8.7019526034385208E-01,  9.8399999999999999E-01,  9.8399999999999999E-01,  9.2360513964377045E-01,  9.6710867000000006E-02,  1.0554960000000000E-03,0
2312,  3.8750000000000001E-01,45,  6.2500000000000000E-01,  6.2500000000000000E-01,2,  3.3255787461293101E-01,53,3,492,492,0,  8.7019526034385208E-01,  9.8399999999999999E-01,  9.8399999999999999E-01,  9.2360513964377045E-01,  1.0081545700000000E-01,  1.0557299999999999E-03,0
2313,  3.8750000000000001E-01,45,  6.2500000000000000E-01,  6.2500000000000000E-01,3,  3.3255787461293101E-01,53,3,492,492,0,  8.7019526034385208E-01,  9.8399999999999999E-01,  9.8399999999999999E-01,  9.2360513964377045E-01,  9.4423291000000006E-02,  1.1037910000000000E-03,0
2314,  3.8750000000000001E-01,45,  6.2500000000000000E-01,  6.2500000000000000E-01,4,  3.3255787461293101E-01,53,3,492,492,0,  8.7019526034385208E-01,  9.8399999999999999E-01,  9.8399999999999999E-01,  9.2360513964377045E-01,  9.3560643999999998E-02,  1.0596480000000001E-03,0
2315,  3.8750000000000001E-01,45,  6.2500000000000000E-01,  6.2500000000000000E-01,5,  3.3255787461293101E-01,53,3,492,492,0,  8.7019526034385208E-01,  9.8399999999999999E-01,  9.8399999999999999E-01,  9.2360513964377045E-01,  9.3923692000000003E-02,  1.0455530000000001E-03,0
2316,  3.8750000000000001E-01,45,  6.2500000000000000E-01,  8.1250000000000000E-01,1,  3.3255787461293101E-01,53,3,492,492,0,  8.7019526034385208E-01,  9.8399999999999999E-01,  9.8399999999999999E-01,  9.2360513964377045E-01,  9.4732911000000003E-02,  1.3172769999999999E-03,0
2317,  3.8750000000000001E-01,45,  6.2500000000000000E-01,  8.1250000000000000E-01,2,  3.3255787461293101E-01,53,3,492,492,0,  8.7019526034385208E-01,  9.8399999999999999E-01,  9.8399999999999999E-01,  9.2360513964377045E-01,  9.5693323999999996E-02,  1.5626180000000000E-03,0
2318,  3.8750000000000001E-01,45,  6.2500000000000000E-01,  8.1250000000000000E-01,3,  3.3255787461293101E-01,53,3,492,492,0,  8.7019526034385208E-01,  9.8399999999999999E-01,  9.8399999999999999E-01,  9.2360513964377045E-01,  1.0182029200000001E-01,  1.0869969999999999E-03,0
2319,  3.8750000000000001E-01,45,  6.2500000000000000E-01,  8.1250000000000000E-01,4,  3.3255787461293101E-01,53,3,492,492,0,  8.7019526034385208E-01,  9.8399999999999999E-01,  9.8399999999999999E-01,  9.2360513964377045E-01,  9.4633969999999998E-02,  1.0701720000000001E-03,0
2320,  3.8750000000000001E-01,45,  6.2500000000000000E-01,  8.1250000000000000E-01,5,  3.3255787461293101E-01,53,3,492,492,0,  8.7019526034385208E-01,  9.8399999999999999E-01,  9.8399999999999999E-01,  9.2360513964377045E-01,  9.5730994000000000E-02,  1.0359799999999999E-03,0
2321,  3.8750000000000001E-01,45,  6.2500000000000000E-01,  1.0000000000000000E+00,1,  3.3255787461293101E-01,53,3,492,492,0,  8.7019526034385208E-01,  9.8399999999999999E-01,  9.8399999999999999E-01,  9.2360513964377045E-01,  9.9475635000000007E-02,  1.7266770000000000E-03,0
2322,  3.8750000000000001E-01,45,  6.2500000000000000E-01,  1.0000000000000000E+00,2,  3.3255787461293101E-01,53,3,492,492,0,  8.7019526034385208E-01,  9.8399999999999999E-01,  9.8399999999999999E-01,  9.2360513964377045E-01,  1.0620185900000000E-01,  1.1197850000000001E-03,0
2323,  3.8750000000000001E-01,45,  6.2500000000000000E-01,  1.0000000000000000E+00,3,  3.3255787461293101E-01,53,3,492,492,0,  8.7019526034385208E-01,  9.8399999999999999E-01,  9.8399999999999999E-01,  9.2360513964377045E-01,  9.6637873999999999E-02,  1.0648789999999999E-03,0
2324,  3.8750000000000001E-01,45,  6.2500000000000000E-01,  1.0000000000000000E+00,4,  3.3255787461293101E-01,53,3,492,492,0,  8.7019526034385208E-01,  9.8399999999999999E-01,  9.8399999999999999E-01,  9.2360513964377045E-01,  9.4420093999999996E-02,  1.0463240000000000E-03,0
2325,  3.8750000000000001E-01,45,  6.2500000000000000E-01,  1.0000000000000000E+00,5,  3.3255787461293101E-01,53,3,492,492,0,  8.7019526034385208E-01,  9.8399999999999999E-01,  9.8399999999999999E-01,  9.2360513964377045E-01,  9.5694953999999999E-02,  1.1224790000000000E-03,0
2326,  3.8750000000000001E-01,45,  8.1250000000000000E-01,  2.5000000000000000E-01,1,  3.3255787461293101E-01,53,2,496,496,0,  9.6934774176967264E-01,  9.9199999999999999E-01,  9.9199999999999999E-01,  9.8054306164790050E-01,  1.1443504200000000E-01,  1.3934410000000000E-03,0
2327,  3.8750000000000001E-01,45,  8.1250000000000000E-01,  2.5000000000000000E-01,2,  3.3255787461293101E-01,53,2,496,496,0,  9.6934774176967264E-01,  9.9199999999999999E-01,  9.9199999999999999E-01,  9.8054306164790050E-01,  1.1264698400000001E-01,  1.0346039999999999E-03,0
2328,  3.8750000000000001E-01,45,  8.1250000000000000E-01,  2.5000000000000000E-01,3,  3.3255787461293101E-01,53,2,496,496,0,  9.6934774176967264E-01,  9.9199999999999999E-01,  9.9199999999999999E-01,  9.8054306164790050E-01,  1.1647433600000000E-01,  1.0871930000000000E-03,0
2329,  3.8750000000000001E-01,45,  8.1250000000000000E-01,  2.5000000000000000E-01,4,  3.3255787461293101E-01,53,2,496,496,0,  9.6934774176967264E-01,  9.9199999999999999E-01,  9.9199999999999999E-01,  9.8054306164790050E-01,  1.0953858299999999E-01,  1.0622340000000000E-03,0
2330,  3.8750000000000001E-01,45,  8.1250000000000000E-01,  2.5000000000000000E-01,5,  3.3255787461293101E-01,53,2,496,496,0,  9.6934774176967264E-01,  9.9199999999999999E-01,  9.9199999999999999E-01,  9.8054306164790050E-01,  1.1100932500000001E-01,  1.1456740000000000E-03,0
2331,  3.8750000000000001E-01,45,  8.1250000000000000E-01,  4.3750000000000000E-01,1,  3.3255787461293101E-01,53,2,496,496,0,  9.6934774176967264E-01,  9.9199999999999999E-01,  9.9199999999999999E-01,  9.8054306164790050E-01,  1.1204758300000001E-01,  1.0823079999999999E-03,0
2332,  3.8750000000000001E-01,45,  8.1250000000000000E-01,  4.3750000000000000E-01,2,  3.3255787461293101E-01,53,2,496,496,0,  9.6934774176967264E-01,  9.9199999999999999E-01,  9.9199999999999999E-01,  9.8054306164790050E-01,  1.1535824700000000E-01,  1.3437400000000000E-03,0
2333,  3.8750000000000001E-01,45,  8.1250000000000000E-01,  4.3750000000000000E-01,3,  3.3255787461293101E-01,53,2,496,496,0,  9.6934774176967264E-01,  9.9199999999999999E-01,  9.9199999999999999E-01,  9.8054306164790050E-01,  1.0916276400000000E-01,  1.0827899999999999E-03,0
2334,  3.8750000000000001E-01,45,  8.1250000000000000E-01,  4.3750000000000000E-01,4,  3.3255787461293101E-01,53,2,496,496,0,  9.6934774176967264E-01,  9.9199999999999999E-01,  9.9199999999999999E-01,  9.8054306164790050E-01,  1.1298564300000000E-01,  1.0975990000000001E-03,0
2335,  3.8750000000000001E-01,45,  8.1250000000000000E-01,  4.3750000000000000E-01,5,  3.3255787461293101E-01,53,2,496,496,0,  9.6934774176967264E-01,  9.9199999999999999E-01,  9.9199999999999999E-01,  9.8054306164790050E-01,  1.1131725200000001E-01,  1.0505919999999999E-03,0
2336,  3.8750000000000001E-01,45,  8.1250000000000000E-01,  6.2500000000000000E-01,1,  3.3255787461293101E-01,53,2,496,496,0,  9.6934774176967264E-01,  9.9199999999999999E-01,  9.9199999999999999E-01,  9.8054306164790050E-01,  1.1342551400000001E-01,  2.3292220000000001E-03,0
2337,  3.8750000000000001E-01,45,  8.1250000000000000E-01,  6.2500000000000000E-01,2,  3.3255787461293101E-01,53,2,496,496,0,  9.6934774176967264E-01,  9.9199999999999999E-01,  9.9199999999999999E-01,  9.8054306164790050E-01,  1.1823966100000000E-01,  1.0759669999999999E-03,0
2338,  3.8750000000000001E-01,45,  8.1250000000000000E-01,  6.2500000000000000E-01,3,  3.3255787461293101E-01,53,2,496,496,0,  9.6934774176967264E-01,  9.9199999999999999E-01,  9.9199999999999999E-01,  9.8054306164790050E-01,  1.1237777800000000E-01,  1.1577479999999999E-03,0
2339,  3.8750000000000001E-01,45,  8.1250000000000000E-01,  6.2500000000000000E-01,4,  3.3255787461293101E-01,53,2,496,496,0,  9.6934774176967264E-01,  9.9199999999999999E-01,  9.9199999999999999E-01,  9.8054306164790050E-01,  1.0999173499999999E-01,  1.4014110000000000E-03,0
2340,  3.8750000000000001E-01,45,  8.1250000000000000E-01,  6.2500000000000000E-01,5,  3.3255787461293101E-01,53,2,496,496,0,  9.6934774176967264E-01,  9.9199999999999999E-01,  9.9199999999999999E-01,  9.8054306164790050E-01,  1.1029222599999999E-01,  1.1833799999999999E-03,0
2341,  3.8750000000000001E-01,45,  8.1250000000000000E-01,  8.1250000000000000E-01,1,  3.3255787461293101E-01,53,2,496,496,0,  9.6934774176967264E-01,  9.9199999999999999E-01,  9.9199999999999999E-01,  9.8054306164790050E-01,  1.1236292000000001E-01,  1.0440390000000001E-03,0
2342,  3.8750000000000001E-01,45,  8.1250000000000000E-01,  8.1250000000000000E-01,2,  3.3255787461293101E-01,53,2,496,496,0,  9.6934774176967264E-01,  9.9199999999999999E-01,  9.9199999999999999E-01,  9.8054306164790050E-01,  1.1130182299999999E-01,  1.4151210000000001E-03,0
2343,  3.8750000000000001E-01,45,  8.1250000000000000E-01,  8.1250000000000000E-01,3,  3.3255787461293101E-01,53,2,496,496,0,  9.6934774176967264E-01,  9.9199999999999999E-01,  9.9199999999999999E-01,  9.8054306164790050E-01,  1.1398083000000001E-01,  1.1001260000000001E-03,0
2344,  3.8750000000000001E-01,45,  8.1250000000000000E-01,  8.1250000000000000E-01,4,  3.3255787461293101E-01,53,2,496,496,0,  9.6934774176967264E-01,  9.9199999999999999E-01,  9.9199999999999999E-01,  9.8054306164790050E-01,  1.1179793600000000E-01,  1.0728430000000000E-03,0
2345,  3.8750000000000001E-01,45,  8.1250000000000000E-01,  8.1250000000000000E-01,5,  3.3255787461293101E-01,53,2,496,496,0,  9.6934774176967264E-01,  9.9199999999999999E-01,  9.9199999999999999E-01,  9.8054306164790050E-01,  1.1099532099999999E-01,  1.0852349999999999E-03,0
2346,  3.8750000000000001E-01,45,  8.1250000000000000E-01,  1.0000000000000000E+00,1,  3.3255787461293101E-01,53,2,496,496,0,  9.6934774176967264E-01,  9.9199999999999999E-01,  9.9199999999999999E-01,  9.8054306164790050E-01,  1.1047318200000000E-01,  1.1119660000000000E-03,0
2347,  3.8750000000000001E-01,45,  8.1250000000000000E-01,  1.0000000000000000E+00,2,  3.3255787461293101E-01,53,2,496,496,0,  9.6934774176967264E-01,  9.9199999999999999E-01,  9.9199999999999999E-01,  9.8054306164790050E-01,  1.1243758000000000E-01,  1.1309779999999999E-03,0
2348,  3.8750000000000001E-01,45,  8.1250000000000000E-01,  1.0000000000000000E+00,3,  3.3255787461293101E-01,53,2,496,496,0,  9.6934774176967264E-01,  9.9199999999999999E-01,  9.9199999999999999E-01,  9.8054306164790050E-01,  1.1163679999999999E-01,  1.0915289999999999E-03,0
2349,  3.8750000000000001E-01,45,  8.1250000000000000E-01,  1.0000000000000000E+00,4,  3.3255787461293101E-01,53,2,496,496,0,  9.6934774176967264E-01,  9.9199999999999999E-01,  9.9199999999999999E-01,  9.8054306164790050E-01,  1.1111557699999999E-01,  1.1987339999999999E-03,0
2350,  3.8750000000000001E-01,45,  8.1250000000000000E-01,  1.0000000000000000E+00,5,  3.3255787461293101E-01,53,2,496,496,0,  9.6934774176967264E-01,  9.9199999999999999E-01,  9.9199999999999999E-01,  9.8054306164790050E-01,  1.1543985000000000E-01,  1.0736690000000000E-03,0
2351,  3.8750000000000001E-01,45,  1.0000000000000000E+00,  2.5000000000000000E-01,1,  3.3255787461293101E-01,53,2,499,499,0,  9.7184170742198417E-01,  9.9800000000000000E-01,  9.9800000000000000E-01,  9.8474717065107431E-01,  1.4744652599999999E-01,  1.2912350000000000E-03,0
2352,  3.8750000000000001E-01,45,  1.0000000000000000E+00,  2.5000000000000000E-01,2,  3.3255787461293101E-01,53,2,499,499,0,  9.7184170742198417E-01,  9.9800000000000000E-01,  9.9800000000000000E-01,  9.8474717065107431E-01,  1.4319082200000000E-01,  1.1008760000000000E-03,0
2353,  3.8750000000000001E-01,45,  1.0000000000000000E+00,  2.5000000000000000E-01,3,  3.3255787461293101E-01,53,2,499,499,0,  9.7184170742198417E-01,  9.9800000000000000E-01,  9.9800000000000000E-01,  9.8474717065107431E-01,  1.3807939000000000E-01,  1.1653980000000000E-03,0
2354,  3.8750000000000001E-01,45,  1.0000000000000000E+00,  2.5000000000000000E-01,4,  3.3255787461293101E-01,53,2,499,499,0,  9.7184170742198417E-01,  9.9800000000000000E-01,  9.9800000000000000E-01,  9.8474717065107431E-01,  1.4012122499999999E-01,  1.2769400000000001E-03,0
2355,  3.8750000000000001E-01,45,  1.0000000000000000E+00,  2.5000000000000000E-01,5,  3.3255787461293101E-01,53,2,499,499,0,  9.7184170742198417E-01,  9.9800000000000000E-01,  9.9800000000000000E-01,  9.8474717065107431E-01,  1.3970903400000001E-01,  1.3878740000000001E-03,0
2356,  3.8750000000000001E-01,45,  1.0000000000000000E+00,  4.3750000000000000E-01,1,  3.3255787461293101E-01,53,2,499,499,0,  9.7184170742198417E-01,  9.9800000000000000E-01,  9.9800000000000000E-01,  9.8474717065107431E-01,  1.4074726500000001E-01,  1.1509330000000000E-03,0
2357,  3.8750000000000001E-01,45,  1.0000000000000000E+00,  4.3750000000000000E-01,2,  3.3255787461293101E-01,53,2,499,499,0,  9.7184170742198417E-01,  9.9800000000000000E-01,  9.9800000000000000E-01,  9.8474717065107431E-01,  1.3940954899999999E-01,  1.0745100000000001E-03,0
2358,  3.8750000000000001E-01,45,  1.0000000000000000E+00,  4.3750000000000000E-01,3,  3.3255787461293101E-01,53,2,499,499,0,  9.7184170742198417E-01,  9.9800000000000000E-01,  9.9800000000000000E-01,  9.8474717065107431E-01,  1.3887368300000000E-01,  1.0868760000000001E-03,0
2359,  3.8750000000000001E-01,45,  1.0000000000000000E+00,  4.3750000000000000E-01,4,  3.3255787461293101E-01,53,2,499,499,0,  9.7184170742198417E-01,  9.9800000000000000E-01,  9.9800000000000000E-01,  9.8474717065107431E-01,  1.4198061200000001E-01,  1.0672259999999999E-03,0
2360,  3.8750000000000001E-01,45,  1.0000000000000000E+00,  4.3750000000000000E-01,5,  3.3255787461293101E-01,53,2,499,499,0,  9.7184170742198417E-01,  9.9800000000000000E-01,  9.9800000000000000E-01,  9.8474717065107431E-01,  1.4113509699999999E-01,  1.0809490000000001E-03,0
2361,  3.8750000000000001E-01,45,  1.0000000000000000E+00,  6.2500000000000000E-01,1,  3.3255787461293101E-01,53,2,499,499,0,  9.7184170742198417E-01,  9.9800000000000000E-01,  9.9800000000000000E-01,  9.8474717065107431E-01,  1.4563309399999999E-01,  1.1102280000000000E-03,0
2362,  3.8750000000000001E-01,45,  1.0000000000000000E+00,  6.2500000000000000E-01,2,  3.3255787461293101E-01,53,2,499,499,0,  9.7184170742198417E-01,  9.9800000000000000E-01,  9.9800000000000000E-01,  9.8474717065107431E-01,  1.4192381000000001E-01,  1.0652389999999999E-03,0
2363,  3.8750000000000001E-01,45,  1.0000000000000000E+00,  6.2500000000000000E-01,3,  3.3255787461293101E-01,53,2,499,499,0,  9.7184170742198417E-01,  9.9800000000000000E-01,  9.9800000000000000E-01,  9.8474717065107431E-01,  1.4316456200000000E-01,  1.0843470000000000E-03,0
2364,  3.8750000000000001E-01,45,  1.0000000000000000E+00,  6.2500000000000000E-01,4,  3.3255787461293101E-01,53,2,499,499,0,  9.7184170742198417E-01,  9.9800000000000000E-01,  9.9800000000000000E-01,  9.8474717065107431E-01,  1.4163386300000000E-01,  1.1016690000000000E-03,0
2365,  3.8750000000000001E-01,45,  1.0000000000000000E+00,  6.2500000000000000E-01,5,  3.3255787461293101E-01,53,2,499,499,0,  9.7184170742198417E-01,  9.9800000000000000E-01,  9.9800000000000000E-01,  9.8474717065107431E-01,  1.3950338400000001E-01,  1.2036120000000000E-03,0
2366,  3.8750000000000001E-01,45,  1.0000000000000000E+00,  8.1250000000000000E-01,1,  3.3255787461293101E-01,53,2,499,499,0,  9.7184170742198417E-01,  9.9800000000000000E-01,  9.9800000000000000E-01,  9.8474717065107431E-01,  1.4173717999999999E-01,  1.0510830000000000E-03,0
2367,  3.8750000000000001E-01,45,  1.0000000000000000E+00,  8.1250000000000000E-01,2,  3.3255787461293101E-01,53,2,499,499,0,  9.7184170742198417E-01,  9.9800000000000000E-01,  9.9800000000000000E-01,  9.8474717065107431E-01,  1.4149734400000000E-01,  1.2632930000000000E-03,0
2368,  3.8750000000000001E-01,45,  1.0000000000000000E+00,  8.1250000000000000E-01,3,  3.3255787461293101E-01,53,2,499,499,0,  9.7184170742198417E-01,  9.9800000000000000E-01,  9.9800000000000000E-01,  9.8474717065107431E-01,  1.4111261100000000E-01,  1.1103240000000000E-03,0
2369,  3.8750000000000001E-01,45,  1.0000000000000000E+00,  8.1250000000000000E-01,4,  3.3255787461293101E-01,53,2,499,499,0,  9.7184170742198417E-01,  9.9800000000000000E-01,  9.9800000000000000E-01,  9.8474717065107431E-01,  1.4297387200000000E-01,  1.1534830000000001E-03,0
2370,  3.8750000000000001E-01,45,  1.0000000000000000E+00,  8.1250000000000000E-01,5,  3.3255787461293101E-01,53,2,499,499,0,  9.7184170742198417E-01,  9.9800000000000000E-01,  9.9800000000000000E-01,  9.8474717065107431E-01,  1.4420651300000001E-01,  1.0945040000000000E-03,0
2371,  3.8750000000000001E-01,45,  1.0000000000000000E+00,  1.0000000000000000E+00,1,  3.3255787461293101E-01,53,2,499,499,0,  9.7184170742198417E-01,  9.9800000000000000E-01,  9.9800000000000000E-01,  9.8474717065107431E-01,  1.4125527700000001E-01,  1.1667930000000000E-03,0
2372,  3.8750000000000001E-01,45,  1.0000000000000000E+00,  1.0000000000000000E+00,2,  3.3255787461293101E-01,53,2,499,499,0,  9.7184170742198417E-01,  9.9800000000000000E-01,  9.9800000000000000E-01,  9.8474717065107431E-01,  1.4329227300000000E-01,  1.0696340000000001E-03,0
2373,  3.8750000000000001E-01,45,  1.0000000000000000E+00,  1.0000000000000000E+00,3,  3.3255787461293101E-01,53,2,499,499,0,  9.7184170742198417E-01,  9.9800000000000000E-01,  9.9800000000000000E-01,  9.8474717065107431E-01,  1.4138600900000001E-01,  1.0729139999999999E-03,0
2374,  3.8750000000000001E-01,45,  1.0000000000000000E+00,  1.0000000000000000E+00,4,  3.3255787461293101E-01,53,2,499,499,0,  9.7184170742198417E-01,  9.9800000000000000E-01,  9.9800000000000000E-01,  9.8474717065107431E-01,  1.4248570499999999E-01,  1.0653250000000000E-03,0
2375,  3.8750000000000001E-01,45,  1.0000000000000000E+00,  1.0000000000000000E+00,5,  3.3255787461293101E-01,53,2,499,499,0,  9.7184170742198417E-01,  9.9800000000000000E-01,  9.9800000000000000E-01,  9.8474717065107431E-01,  1.4436310099999999E-01,  1.0634250000000000E-03,0
2376,  3.8750000000000001E-01,55,  2.5000000000000000E-01,  2.5000000000000000E-01,1,  3.3255787461293101E-01,46,5,475,475,0,  7.0179615398538342E-01,  9.4999999999999996E-01,  9.4999999999999996E-01,  8.0725014969615172E-01,  5.1489457000000002E-02,  1.0222899999999999E-03,0
2377,  3.8750000000000001E-01,55,  2.5000000000000000E-01,  2.5000000000000000E-01,2,  3.3255787461293101E-01,46,5,475,475,0,  7.0179615398538342E-01,  9.4999999999999996E-01,  9.4999999999999996E-01,  8.0725014969615172E-01,  5.1944472999999998E-02,  1.1663610000000001E-03,0
2378,  3.8750000000000001E-01,55,  2.5000000000000000E-01,  2.5000000000000000E-01,3,  3.3255787461293101E-01,46,5,475,475,0,  7.0179615398538342E-01,  9.4999999999999996E-01,  9.4999999999999996E-01,  8.0725014969615172E-01,  5.3857331000000001E-02,  1.0436449999999999E-03,0
2379,  3.8750000000000001E-01,55,  2.5000000000000000E-01,  2.5000000000000000E-01,4,  3.3255787461293101E-01,46,5,475,475,0,  7.0179615398538342E-01,  9.4999999999999996E-01,  9.4999999999999996E-01,  8.0725014969615172E-01,  5.3357163999999999E-02,  1.0110980000000000E-03,0
2380,  3.8750000000000001E-01,55,  2.5000000000000000E-01,  2.5000000000000000E-01,5,  3.3255787461293101E-01,46,5,475,475,0,  7.0179615398538342E-01,  9.4999999999999996E-01,  9.4999999999999996E-01,  8.0725014969615172E-01,  5.3362482000000003E-02,  1.1365349999999999E-03,0
2381,  3.8750000000000001E-01,55,  2.5000000000000000E-01,  4.3750000000000000E-01,1,  3.3255787461293101E-01,46,5,475,475,0,  7.0179615398538342E-01,  9.4999999999999996E-01,  9.4999999999999996E-01,  8.0725014969615172E-01,  5.2181064999999999E-02,  1.2351319999999999E-03,0
2382,  3.8750000000000001E-01,55,  2.5000000000000000E-01,  4.3750000000000000E-01,2,  3.3255787461293101E-01,46,5,475,475,0,  7.0179615398538342E-01,  9.4999999999999996E-01,  9.4999999999999996E-01,  8.0725014969615172E-01,  5.2495264999999999E-02,  1.2369919999999999E-03,0
2383,  3.8750000000000001E-01,55,  2.5000000000000000E-01,  4.3750000000000000E-01,3,  3.3255787461293101E-01,46,5,475,475,0,  7.0179615398538342E-01,  9.4999999999999996E-01,  9.4999999999999996E-01,  8.0725014969615172E-01,  5.4576253999999998E-02,  1.2215049999999999E-03,0
2384,  3.8750000000000001E-01,55,  2.5000000000000000E-01,  4.3750000000000000E-01,4,  3.3255787461293101E-01,46,5,475,475,0,  7.0179615398538342E-01,  9.4999999999999996E-01,  9.4999999999999996E-01,  8.0725014969615172E-01,  5.3433593000000001E-02,  1.0581600000000000E-03,0
2385,  3.8750000000000001E-01,55,  2.5000000000000000E-01,  4.3750000000000000E-01,5,  3.3255787461293101E-01,46,5,475,475,0,  7.0179615398538342E-01,  9.4999999999999996E-01,  9.4999999999999996E-01,  8.0725014969615172E-01,  5.2084180000000001E-02,  1.0445680000000001E-03,0
2386,  3.8750000000000001E-01,55,  2.5000000000000000E-01,  6.2500000000000000E-01,1,  3.3255787461293101E-01,46,5,475,475,0,  7.0179615398538342E-01,  9.4999999999999996E-01,  9.4999999999999996E-01,  8.0725014969615172E-01,  5.3555742000000003E-02,  1.0447119999999999E-03,0
2387,  3.8750000000000001E-01,55,  2.5000000000000000E-01,  6.2500000000000000E-01,2,  3.3255787461293101E-01,46,5,475,475,0,  7.0179615398538342E-01,  9.4999999999999996E-01,  9.4999999999999996E-01,  8.0725014969615172E-01,  5.2375311000000001E-02,  1.0570600000000001E-03,0
2388,  3.8750000000000001E-01,55,  2.5000000000000000E-01,  6.2500000000000000E-01,3,  3.3255787461293101E-01,46,5,475,475,0,  7.0179615398538342E-01,  9.4999999999999996E-01,  9.4999999999999996E-01,  8.0725014969615172E-01,  5.2789924000000002E-02,  1.0297690000000000E-03,0
2389,  3.8750000000000001E-01,55,  2.5000000000000000E-01,  6.2500000000000000E-01,4,  3.3255787461293101E-01,46,5,475,475,0,  7.0179615398538342E-01,  9.4999999999999996E-01,  9.4999999999999996E-01,  8.0725014969615172E-01,  5.3159888000000002E-02,  1.3416719999999999E-03,0
2390,  3.8750000000000001E-01,55,  2.5000000000000000E-01,  6.2500000000000000E-01,5,  3.3255787461293101E-01,46,5,475,475,0,  7.0179615398538342E-01,  9.4999999999999996E-01,  9.4999999999999996E-01,  8.0725014969615172E-01,  5.4089181000000000E-02,  1.0345840000000001E-03,0
2391,  3.8750000000000001E-01,55,  2.5000000000000000E-01,  8.1250000000000000E-01,1,  3.3255787461293101E-01,46,5,475,475,0,  7.0179615398538342E-01,  9.4999999999999996E-01,  9.4999999999999996E-01,  8.0725014969615172E-01,  5.3030793000000000E-02,  1.1040500000000001E-03,0
2392,  3.8750000000000001E-01,55,  2.5000000000000000E-01,  8.1250000000000000E-01,2,  3.3255787461293101E-01,46,5,475,475,0,  7.0179615398538342E-01,  9.4999999999999996E-01,  9.4999999999999996E-01,  8.0725014969615172E-01,  5.4389226999999998E-02,  1.1083429999999999E-03,0
2393,  3.8750000000000001E-01,55,  2.5000000000000000E-01,  8.1250000000000000E-01,3,  3.3255787461293101E-01,46,5,475,475,0,  7.0179615398538342E-01,  9.4999999999999996E-01,  9.4999999999999996E-01,  8.0725014969615172E-01,  5.3221537999999999E-02,  1.0031949999999999E-03,0
2394,  3.8750000000000001E-01,55,  2.5000000000000000E-01,  8.1250000000000000E-01,4,  3.3255787461293101E-01,46,5,475,475,0,  7.0179615398538342E-01,  9.4999999999999996E-01,  9.4999999999999996E-01,  8.0725014969615172E-01,  5.4163070000000001E-02,  1.0378410000000001E-03,0
2395,  3.8750000000000001E-01,55,  2.5000000000000000E-01,  8.1250000000000000E-01,5,  3.3255787461293101E-01,46,5,475,475,0,  7.0179615398538342E-01,  9.4999999999999996E-01,  9.4999999999999996E-01,  8.0725014969615172E-01,  5.3142592000000002E-02,  1.1396189999999999E-03,0
2396,  3.8750000000000001E-01,55,  2.5000000000000000E-01,  1.0000000000000000E+00,1,  3.3255787461293101E-01,46,5,475,475,0,  7.0179615398538342E-01,  9.4999999999999996E-01,  9.4999999999999996E-01,  8.0725014969615172E-01,  5.3528675999999997E-02,  1.0271779999999999E-03,0
2397,  3.8750000000000001E-01,55,  2.5000000000000000E-01,  1.0000000000000000E+00,2,  3.3255787461293101E-01,46,5,475,475,0,  7.0179615398538342E-01,  9.4999999999999996E-01,  9.4999999999999996E-01,  8.0725014969615172E-01,  5.3385762000000003E-02,  1.1139190000000001E-03,0
2398,  3.8750000000000001E-01,55,  2.5000000000000000E-01,  1.0000000000000000E+00,3,  3.3255787461293101E-01,46,5,475,475,0,  7.0179615398538342E-01,  9.4999999999999996E-01,  9.4999999999999996E-01,  8.0725014969615172E-01,  5.2458958000000000E-02,  1.1020190000000001E-03,0
2399,  3.8750000000000001E-01,55,  2.5000000000000000E-01,  1.0000000000000000E+00,4,  3.3255787461293101E-01,46,5,475,475,0,  7.0179615398538342E-01,  9.4999999999999996E-01,  9.4999999999999996E-01,  8.0725014969615172E-01,  5.1903691000000002E-02,  1.0394969999999999E-03,0
2400,  3.8750000000000001E-01,55,  2.5000000000000000E-01,  1.0000000000000000E+00,5,  3.3255787461293101E-01,46,5,475,475,0,  7.0179615398538342E-01,  9.4999999999999996E-01,  9.4999999999999996E-01,  8.0725014969615172E-01,  5.3255414000000001E-02,  1.0649030000000001E-03,0
2401,  3.8750000000000001E-01,55,  4.3750000000000000E-01,  2.5000000000000000E-01,1,  3.3255787461293101E-01,46,3,483,483,0,  8.6183222541561322E-01,  9.6599999999999997E-01,  9.6599999999999997E-01,  9.1094786291141283E-01,  6.7693745000000000E-02,  1.0786890000000001E-03,0
2402,  3.8750000000000001E-01,55,  4.3750000000000000E-01,  2.5000000000000000E-01,2,  3.3255787461293101E-01,46,4,484,483,1,  7.9867276211498928E-01,  9.6799999999999997E-01,  9.6599999999999997E-01,  8.7522177316162086E-01,  6.8656336999999998E-02,  1.1037880000000001E-03,0
2403,  3.8750000000000001E-01,55,  4.3750000000000000E-01,  2.5000000000000000E-01,3,  3.3255787461293101E-01,46,4,484,483,1,  7.9867276211498928E-01,  9.6799999999999997E-01,  9.6599999999999997E-01,  8.7522177316162086E-01,  6.9350419999999996E-02,  1.2405730000000000E-03,0
2404,  3.8750000000000001E-01,55,  4.3750000000000000E-01,  2.5000000000000000E-01,4,  3.3255787461293101E-01,46,4,484,483,1,  7.9867276211498928E-01,  9.6799999999999997E-01,  9.6599999999999997E-01,  8.7522177316162086E-01,  6.8839817999999997E-02,  1.0742849999999999E-03,0
2405,  3.8750000000000001E-01,55,  4.3750000000000000E-01,  2.5000000000000000E-01,5,  3.3255787461293101E-01,46,5,488,483,5,  7.1298299617873162E-01,  9.7599999999999998E-01,  9.6599999999999997E-01,  8.2401232676093028E-01,  6.8436710999999997E-02,  1.0595550000000000E-03,0
2406,  3.8750000000000001E-01,55,  4.3750000000000000E-01,  4.3750000000000000E-01,1,  3.3255787461293101E-01,46,3,483,483,0,  8.6183222541561322E-01,  9.6599999999999997E-01,  9.6599999999999997E-01,  9.1094786291141283E-01,  6.6315958999999994E-02,  1.0387170000000000E-03,0
2407,  3.8750000000000001E-01,55,  4.3750000000000000E-01,  4.3750000000000000E-01,2,  3.3255787461293101E-01,46,4,484,483,1,  7.9867276211498928E-01,  9.6799999999999997E-01,  9.6599999999999997E-01,  8.7522177316162086E-01,  6.9482479000000000E-02,  1.0575970000000000E-03,0
2408,  3.8750000000000001E-01,55,  4.3750000000000000E-01,  4.3750000000000000E-01,3,  3.3255787461293101E-01,46,4,484,483,1,  7.9867276211498928E-01,  9.6799999999999997E-01,  9.6599999999999997E-01,  8.7522177316162086E-01,  6.7252939999999997E-02,  1.2287030000000000E-03,0
2409,  3.8750000000000001E-01,55,  4.3750000000000000E-01,  4.3750000000000000E-01,4,  3.3255787461293101E-01,46,4,484,483,1,  7.9867276211498928E-01,  9.6799999999999997E-01,  9.6599999999999997E-01,  8.7522177316162086E-01,  7.1439424000000001E-02,  1.0914849999999999E-03,0
2410,  3.8750000000000001E-01,55,  4.3750000000000000E-01,  4.3750000000000000E-01,5,  3.3255787461293101E-01,46,5,488,483,5,  7.1298299617873162E-01,  9.7599999999999998E-01,  9.6599999999999997E-01,  8.2401232676093028E-01,  7.3762954000000006E-02,  1.0748950000000000E-03,0
2411,  3.8750000000000001E-01,55,  4.3750000000000000E-01,  6.2500000000000000E-01,1,  3.3255787461293101E-01,46,3,483,483,0,  8.6183222541561322E-01,  9.6599999999999997E-01,  9.6599999999999997E-01,  9.1094786291141283E-01,  6.6992524999999997E-02,  1.0711770000000000E-03,0
2412,  3.8750000000000001E-01,55,  4.3750000000000000E-01,  6.2500000000000000E-01,2,  3.3255787461293101E-01,46,4,484,483,1,  7.9867276211498928E-01,  9.6799999999999997E-01,  9.6599999999999997E-01,  8.7522177316162086E-01,  6.8904963999999999E-02,  1.0542279999999999E-03,0
2413,  3.8750000000000001E-01,55,  4.3750000000000000E-01,  6.2500000000000000E-01,3,  3.3255787461293101E-01,46,4,484,483,1,  7.9867276211498928E-01,  9.6799999999999997E-01,  9.6599999999999997E-01,  8.7522177316162086E-01,  6.7371821999999998E-02,  1.0613809999999999E-03,0
2414,  3.8750000000000001E-01,55,  4.3750000000000000E-01,  6.2500000000000000E-01,4,  3.3255787461293101E-01,46,4,484,483,1,  7.9867276211498928E-01,  9.6799999999999997E-01,  9.6599999999999997E-01,  8.7522177316162086E-01,  7.0376855000000002E-02,  1.0626419999999999E-03,0
2415,  3.8750000000000001E-01,55,  4.3750000000000000E-01,  6.2500000000000000E-01,5,  3.3255787461293101E-01,46,5,488,483,5,  7.1298299617873162E-01,  9.7599999999999998E-01,  9.6599999999999997E-01,  8.2401232676093028E-01,  8.2617447999999996E-02,  1.1957620000000000E-03,0
2416,  3.8750000000000001E-01,55,  4.3750000000000000E-01,  8.1250000000000000E-01,1,  3.3255787461293101E-01,46,3,483,483,0,  8.6183222541561322E-01,  9.6599999999999997E-01,  9.6599999999999997E-01,  9.1094786291141283E-01,  7.0261749999999998E-02,  1.0914280000000000E-03,0
2417,  3.8750000000000001E-01,55,  4.3750000000000000E-01,  8.1250000000000000E-01,2,  3.3255787461293101E-01,46,4,484,483,1,  7.9867276211498928E-01,  9.6799999999999997E-01,  9.6599999999999997E-01,  8.7522177316162086E-01,  6.8434518999999999E-02,  2.0549280000000001E-03,0
2418,  3.8750000000000001E-01,55,  4.3750000000000000E-01,  8.1250000000000000E-01,3,  3.3255787461293101E-01,46,4,484,483,1,  7.9867276211498928E-01,  9.6799999999999997E-01,  9.6599999999999997E-01,  8.7522177316162086E-01,  6.8164293000000001E-02,  1.1007210000000000E-03,0
2419,  3.8750000000000001E-01,55,  4.3750000000000000E-01,  8.1250000000000000E-01,4,  3.3255787461293101E-01,46,4,484,483,1,  7.9867276211498928E-01,  9.6799999999999997E-01,  9.6599999999999997E-01,  8.7522177316162086E-01,  7.0457757999999995E-02,  1.2986779999999999E-03,0
2420,  3.8750000000000001E-01,55,  4.3750000000000000E-01,  8.1250000000000000E-01,5,  3.3255787461293101E-01,46,5,488,483,5,  7.1298299617873162E-01,  9.7599999999999998E-01,  9.6599999999999997E-01,  8.2401232676093028E-01,  6.6631003999999994E-02,  1.2844730000000000E-03,0
2421,  3.8750000000000001E-01,55,  4.3750000000000000E-01,  1.0000000000000000E+00,1,  3.3255787461293101E-01,46,3,483,483,0,  8.6183222541561322E-01,  9.6599999999999997E-01,  9.6599999999999997E-01,  9.1094786291141283E-01,  6.7983977000000001E-02,  1.0559339999999999E-03,0
2422,  3.8750000000000001E-01,55,  4.3750000000000000E-01,  1.0000000000000000E+00,2,  3.3255787461293101E-01,46,4,484,483,1,  7.9867276211498928E-01,  9.6799999999999997E-01,  9.6599999999999997E-01,  8.7522177316162086E-01,  6.7705251999999994E-02,  1.0429300000000001E-03,0
2423,  3.8750000000000001E-01,55,  4.3750000000000000E-01,  1.0000000000000000E+00,3,  3.3255787461293101E-01,46,4,484,483,1,  7.9867276211498928E-01,  9.6799999999999997E-01,  9.6599999999999997E-01,  8.7522177316162086E-01,  6.9405638000000006E-02,  1.0312819999999999E-03,0
2424,  3.8750000000000001E-01,55,  4.3750000000000000E-01,  1.0000000000000000E+00,4,  3.3255787461293101E-01,46,4,484,483,1,  7.9867276211498928E-01,  9.6799999999999997E-01,  9.6599999999999997E-01,  8.7522177316162086E-01,  7.0365417000000000E-02,  1.0549559999999999E-03,0
2425,  3.8750000000000001E-01,55,  4.3750000000000000E-01,  1.0000000000000000E+00,5,  3.3255787461293101E-01,46,5,488,483,5,  7.1298299617873162E-01,  9.7599999999999998E-01,  9.6599999999999997E-01,  8.2401232676093028E-01,  6.9566102000000005E-02,  1.0814510000000000E-03,0
2426,  3.8750000000000001E-01,55,  6.2500000000000000E-01,  2.5000000000000000E-01,1,  3.3255787461293101E-01,46,3,490,490,0,  8.6826009084359035E-01,  9.7999999999999998E-01,  9.7999999999999998E-01,  9.2075232619273806E-01,  8.0628805999999997E-02,  1.0369950000000000E-03,0
2427,  3.8750000000000001E-01,55,  6.2500000000000000E-01,  2.5000000000000000E-01,2,  3.3255787461293101E-01,46,3,490,490,0,  8.6826009084359035E-01,  9.7999999999999998E-01,  9.7999999999999998E-01,  9.2075232619273806E-01,  7.7919300999999996E-02,  1.1364599999999999E-03,0
2428,  3.8750000000000001E-01,55,  6.2500000000000000E-01,  2.5000000000000000E-01,3,  3.3255787461293101E-01,46,3,490,490,0,  8.6826009084359035E-01,  9.7999999999999998E-01,  9.7999999999999998E-01,  9.2075232619273806E-01,  7.8585420000000003E-02,  1.1407640000000001E-03,0
2429,  3.8750000000000001E-01,55,  6.2500000000000000E-01,  2.5000000000000000E-01,4,  3.3255787461293101E-01,46,3,490,490,0,  8.6826009084359035E-01,  9.7999999999999998E-01,  9.7999999999999998E-01,  9.2075232619273806E-01,  8.0130130999999993E-02,  1.0525199999999999E-03,0
2430,  3.8750000000000001E-01,55,  6.2500000000000000E-01,  2.5000000000000000E-01,5,  3.3255787461293101E-01,46,3,490,490,0,  8.6826009084359035E-01,  9.7999999999999998E-01,  9.7999999999999998E-01,  9.2075232619273806E-01,  7.7780937999999994E-02,  1.0931190000000000E-03,0
2431,  3.8750000000000001E-01,55,  6.2500000000000000E-01,  4.3750000000000000E-01,1,  3.3255787461293101E-01,46,3,490,490,0,  8.6826009084359035E-01,  9.7999999999999998E-01,  9.7999999999999998E-01,  9.2075232619273806E-01,  7.8890852999999997E-02,  1.0912680000000001E-03,0
2432,  3.8750000000000001E-01,55,  6.2500000000000000E-01,  4.3750000000000000E-01,2,  3.3255787461293101E-01,46,3,490,490,0,  8.6826009084359035E-01,  9.7999999999999998E-01,  9.7999999999999998E-01,  9.2075232619273806E-01,  8.0763481999999998E-02,  1.0382930000000000E-03,0
2433,  3.8750000000000001E-01,55,  6.2500000000000000E-01,  4.3750000000000000E-01,3,  3.3255787461293101E-01,46,3,490,490,0,  8.6826009084359035E-01,  9.7999999999999998E-01,  9.7999999999999998E-01,  9.2075232619273806E-01,  7.9198953000000002E-02,  1.0531519999999999E-03,0
2434,  3.8750000000000001E-01,55,  6.2500000000000000E-01,  4.3750000000000000E-01,4,  3.3255787461293101E-01,46,3,490,490,0,  8.6826009084359035E-01,  9.7999999999999998E-01,  9.7999999999999998E-01,  9.2075232619273806E-01,  7.9026382000000006E-02,  1.0830709999999999E-03,0
2435,  3.8750000000000001E-01,55,  6.2500000000000000E-01,  4.3750000000000000E-01,5,  3.3255787461293101E-01,46,3,490,490,0,  8.6826009084359035E-01,  9.7999999999999998E-01,  9.7999999999999998E-01,  9.2075232619273806E-01,  7.7638165999999995E-02,  1.0819090000000000E-03,0
2436,  3.8750000000000001E-01,55,  6.2500000000000000E-01,  6.2500000000000000E-01,1,  3.3255787461293101E-01,46,3,490,490,0,  8.6826009084359035E-01,  9.7999999999999998E-01,  9.7999999999999998E-01,  9.2075232619273806E-01,  7.9119590000000004E-02,  1.0488749999999999E-03,0
2437,  3.8750000000000001E-01,55,  6.2500000000000000E-01,  6.2500000000000000E-01,2,  3.3255787461293101E-01,46,3,490,490,0,  8.6826009084359035E-01,  9.7999999999999998E-01,  9.7999999999999998E-01,  9.2075232619273806E-01,  8.8437338000000004E-02,  1.0791720000000000E-03,0
2438,  3.8750000000000001E-01,55,  6.2500000000000000E-01,  6.2500000000000000E-01,3,  3.3255787461293101E-01,46,3,490,490,0,  8.6826009084359035E-01,  9.7999999999999998E-01,  9.7999999999999998E-01,  9.2075232619273806E-01,  7.8316387000000001E-02,  1.1705130000000000E-03,0
2439,  3.8750000000000001E-01,55,  6.2500000000000000E-01,  6.2500000000000000E-01,4,  3.3255787461293101E-01,46,3,490,490,0,  8.6826009084359035E-01,  9.7999999999999998E-01,  9.7999999999999998E-01,  9.2075232619273806E-01,  8.0743255000000000E-02,  1.1828629999999999E-03,0
2440,  3.8750000000000001E-01,55,  6.2500000000000000E-01,  6.2500000000000000E-01,5,  3.3255787461293101E-01,46,3,490,490,0,  8.6826009084359035E-01,  9.7999999999999998E-01,  9.7999999999999998E-01,  9.2075232619273806E-01,  8.0350868000000006E-02,  1.0813229999999999E-03,0
2441,  3.8750000000000001E-01,55,  6.2500000000000000E-01,  8.1250000000000000E-01,1,  3.3255787461293101E-01,46,3,490,490,0,  8.6826009084359035E-01,  9.7999999999999998E-01,  9.7999999999999998E-01,  9.2075232619273806E-01,  8.0950122999999999E-02,  1.0717840000000001E-03,0
2442,  3.8750000000000001E-01,55,  6.2500000000000000E-01,  8.1250000000000000E-01,2,  3.3255787461293101E-01,46,3,490,490,0,  8.6826009084359035E-01,  9.7999999999999998E-01,  9.7999999999999998E-01,  9.2075232619273806E-01,  7.8974055000000001E-02,  1.0863719999999999E-03,0
2443,  3.8750000000000001E-01,55,  6.2500000000000000E-01,  8.1250000000000000E-01,3,  3.3255787461293101E-01,46,3,490,490,0,  8.6826009084359035E-01,  9.7999999999999998E-01,  9.7999999999999998E-01,  9.2075232619273806E-01,  7.9848206000000005E-02,  1.0456980000000001E-03,0
2444,  3.8750000000000001E-01,55,  6.2500000000000000E-01,  8.1250000000000000E-01,4,  3.3255787461293101E-01,46,3,490,490,0,  8.6826009084359035E-01,  9.7999999999999998E-01,  9.7999999999999998E-01,  9.2075232619273806E-01,  7.8593568000000003E-02,  1.2288799999999999E-03,0
2445,  3.8750000000000001E-01,55,  6.2500000000000000E-01,  8.1250000000000000E-01,5,  3.3255787461293101E-01,46,3,490,490,0,  8.6826009084359035E-01,  9.7999999999999998E-01,  9.7999999999999998E-01,  9.2075232619273806E-01,  8.1778650999999994E-02,  1.1538849999999999E-03,0
2446,  3.8750000000000001E-01,55,  6.2500000000000000E-01,  1.0000000000000000E+00,1,  3.3255787461293101E-01,46,3,490,490,0,  8.6826009084359035E-01,  9.7999999999999998E-01,  9.7999999999999998E-01,  9.2075232619273806E-01,  7.8905938999999994E-02,  1.0680200000000000E-03,0
2447,  3.8750000000000001E-01,55,  6.2500000000000000E-01,  1.0000000000000000E+00,2,  3.3255787461293101E-01,46,3,490,490,0,  8.6826009084359035E-01,  9.7999999999999998E-01,  9.7999999999999998E-01,  9.2075232619273806E-01,  8.1018428000000003E-02,  1.0736520000000000E-03,0
2448,  3.8750000000000001E-01,55,  6.2500000000000000E-01,  1.0000000000000000E+00,3,  3.3255787461293101E-01,46,3,490,490,0,  8.6826009084359035E-01,  9.7999999999999998E-01,  9.7999999999999998E-01,  9.2075232619273806E-01,  7.9539201000000004E-02,  1.1652870000000001E-03,0
2449,  3.8750000000000001E-01,55,  6.2500000000000000E-01,  1.0000000000000000E+00,4,  3.3255787461293101E-01,46,3,490,490,0,  8.6826009084359035E-01,  9.7999999999999998E-01,  9.7999999999999998E-01,  9.2075232619273806E-01,  7.9069607000000000E-02,  1.0464240000000000E-03,0
2450,  3.8750000000000001E-01,55,  6.2500000000000000E-01,  1.0000000000000000E+00,5,  3.3255787461293101E-01,46,3,490,490,0,  8.6826009084359035E-01,  9.7999999999999998E-01,  9.7999999999999998E-01,  9.2075232619273806E-01,  8.0383656999999997E-02,  1.1377000000000000E-03,0
2451,  3.8750000000000001E-01,55,  8.1250000000000000E-01,  2.5000000000000000E-01,1,  3.3255787461293101E-01,46,2,492,492,0,  9.6632079066980570E-01,  9.8399999999999999E-01,  9.8399999999999999E-01,  9.7508026635201039E-01,  9.7408238999999994E-02,  1.1559120000000000E-03,0
2452,  3.8750000000000001E-01,55,  8.1250000000000000E-01,  2.5000000000000000E-01,2,  3.3255787461293101E-01,46,2,492,492,0,  9.6632079066980570E-01,  9.8399999999999999E-01,  9.8399999999999999E-01,  9.7508026635201039E-01,  9.7393743000000005E-02,  1.0952770000000000E-03,0
2453,  3.8750000000000001E-01,55,  8.1250000000000000E-01,  2.5000000000000000E-01,3,  3.3255787461293101E-01,46,2,492,492,0,  9.6632079066980570E-01,  9.8399999999999999E-01,  9.8399999999999999E-01,  9.7508026635201039E-01,  9.7734082999999999E-02,  1.0815639999999999E-03,0
2454,  3.8750000000000001E-01,55,  8.1250000000000000E-01,  2.5000000000000000E-01,4,  3.3255787461293101E-01,46,2,492,492,0,  9.6632079066980570E-01,  9.8399999999999999E-01,  9.8399999999999999E-01,  9.7508026635201039E-01,  9.8344511999999995E-02,  1.1036860000000000E-03,0
2455,  3.8750000000000001E-01,55,  8.1250000000000000E-01,  2.5000000000000000E-01,5,  3.3255787461293101E-01,46,2,492,492,0,  9.6632079066980570E-01,  9.8399999999999999E-01,  9.8399999999999999E-01,  9.7508026635201039E-01,  9.7953180000000001E-02,  1.0809550000000000E-03,0
2456,  3.8750000000000001E-01,55,  8.1250000000000000E-01,  4.3750000000000000E-01,1,  3.3255787461293101E-01,46,2,492,492,0,  9.6632079066980570E-01,  9.8399999999999999E-01,  9.8399999999999999E-01,  9.7508026635201039E-01,  9.6769813999999996E-02,  1.0671220000000000E-03,0
2457,  3.8750000000000001E-01,55,  8.1250000000000000E-01,  4.3750000000000000E-01,2,  3.3255787461293101E-01,46,2,492,492,0,  9.6632079066980570E-01,  9.8399999999999999E-01,  9.8399999999999999E-01,  9.7508026635201039E-01,  9.7262642999999996E-02,  1.0476299999999999E-03,0
2458,  3.8750000000000001E-01,55,  8.1250000000000000E-01,  4.3750000000000000E-01,3,  3.3255787461293101E-01,46,2,492,492,0,  9.6632079066980570E-01,  9.8399999999999999E-01,  9.8399999999999999E-01,  9.7508026635201039E-01,  1.0063089900000000E-01,  1.5934689999999999E-03,0
2459,  3.8750000000000001E-01,55,  8.1250000000000000E-01,  4.3750000000000000E-01,4,  3.3255787461293101E-01,46,2,492,492,0,  9.6632079066980570E-01,  9.8399999999999999E-01,  9.8399999999999999E-01,  9.7508026635201039E-01,  1.0452709600000000E-01,  1.0817250000000000E-03,0
2460,  3.8750000000000001E-01,55,  8.1250000000000000E-01,  4.3750000000000000E-01,5,  3.3255787461293101E-01,46,2,492,492,0,  9.6632079066980570E-01,  9.8399999999999999E-01,  9.8399999999999999E-01,  9.7508026635201039E-01,  9.7373856999999994E-02,  1.2961190000000001E-03,0
2461,  3.8750000000000001E-01,55,  8.1250000000000000E-01,  6.2500000000000000E-01,1,  3.3255787461293101E-01,46,2,492,492,0,  9.6632079066980570E-01,  9.8399999999999999E-01,  9.8399999999999999E-01,  9.7508026635201039E-01,  9.8632407000000005E-02,  1.0823040000000001E-03,0
2462,  3.8750000000000001E-01,55,  8.1250000000000000E-01,  6.2500000000000000E-01,2,  3.3255787461293101E-01,46,2,492,492,0,  9.6632079066980570E-01,  9.8399999999999999E-01,  9.8399999999999999E-01,  9.7508026635201039E-01,  9.8531310999999996E-02,  1.0426800000000000E-03,0
2463,  3.8750000000000001E-01,55,  8.1250000000000000E-01,  6.2500000000000000E-01,3,  3.3255787461293101E-01,46,2,492,492,0,  9.6632079066980570E-01,  9.8399999999999999E-01,  9.8399999999999999E-01,  9.7508026635201039E-01,  9.6533101999999996E-02,  1.1227230000000000E-03,0
2464,  3.8750000000000001E-01,55,  8.1250000000000000E-01,  6.2500000000000000E-01,4,  3.3255787461293101E-01,46,2,492,492,0,  9.6632079066980570E-01,  9.8399999999999999E-01,  9.8399999999999999E-01,  9.7508026635201039E-01,  9.7997397999999999E-02,  1.3189680000000000E-03,0
2465,  3.8750000000000001E-01,55,  8.1250000000000000E-01,  6.2500000000000000E-01,5,  3.3255787461293101E-01,46,2,492,492,0,  9.6632079066980570E-01,  9.8399999999999999E-01,  9.8399999999999999E-01,  9.7508026635201039E-01,  9.8900605000000003E-02,  1.0939680000000001E-03,0
2466,  3.8750000000000001E-01,55,  8.1250000000000000E-01,  8.1250000000000000E-01,1,  3.3255787461293101E-01,46,2,492,492,0,  9.6632079066980570E-01,  9.8399999999999999E-01,  9.8399999999999999E-01,  9.7508026635201039E-01,  1.0029132500000000E-01,  1.0544129999999999E-03,0
2467,  3.8750000000000001E-01,55,  8.1250000000000000E-01,  8.1250000000000000E-01,2,  3.3255787461293101E-01,46,2,492,492,0,  9.6632079066980570E-01,  9.8399999999999999E-01,  9.8399999999999999E-01,  9.7508026635201039E-01,  9.5913448999999998E-02,  1.1022549999999999E-03,0
2468,  3.8750000000000001E-01,55,  8.1250000000000000E-01,  8.1250000000000000E-01,3,  3.3255787461293101E-01,46,2,492,492,0,  9.6632079066980570E-01,  9.8399999999999999E-01,  9.8399999999999999E-01,  9.7508026635201039E-01,  9.8051988000000007E-02,  1.0438340000000000E-03,0
2469,  3.8750000000000001E-01,55,  8.1250000000000000E-01,  8.1250000000000000E-01,4,  3.3255787461293101E-01,46,2,492,492,0,  9.6632079066980570E-01,  9.8399999999999999E-01,  9.8399999999999999E-01,  9.7508026635201039E-01,  9.8931374000000002E-02,  1.1071430000000001E-03,0
2470,  3.8750000000000001E-01,55,  8.1250000000000000E-01,  8.1250000000000000E-01,5,  3.3255787461293101E-01,46,2,492,492,0,  9.6632079066980570E-01,  9.8399999999999999E-01,  9.8399999999999999E-01,  9.7508026635201039E-01,  9.7967226000000004E-02,  1.0912809999999999E-03,0
2471,  3.8750000000000001E-01,55,  8.1250000000000000E-01,  1.0000000000000000E+00,1,  3.3255787461293101E-01,46,2,492,492,0,  9.6632079066980570E-01,  9.8399999999999999E-01,  9.8399999999999999E-01,  9.7508026635201039E-01,  9.7879928000000005E-02,  1.0462589999999999E-03,0
2472,  3.8750000000000001E-01,55,  8.1250000000000000E-01,  1.0000000000000000E+00,2,  3.3255787461293101E-01,46,2,492,492,0,  9.6632079066980570E-01,  9.8399999999999999E-01,  9.8399999999999999E-01,  9.7508026635201039E-01,  9.7540124000000006E-02,  1.0939500000000000E-03,0
2473,  3.8750000000000001E-01,55,  8.1250000000000000E-01,  1.0000000000000000E+00,3,  3.3255787461293101E-01,46,2,492,492,0,  9.6632079066980570E-01,  9.8399999999999999E-01,  9.8399999999999999E-01,  9.7508026635201039E-01,  9.7279261000000006E-02,  1.2218970000000000E-03,0
2474,  3.8750000000000001E-01,55,  8.1250000000000000E-01,  1.0000000000000000E+00,4,  3.3255787461293101E-01,46,2,492,492,0,  9.6632079066980570E-01,  9.8399999999999999E-01,  9.8399999999999999E-01,  9.7508026635201039E-01,  9.8943789000000004E-02,  1.0816269999999999E-03,0
2475,  3.8750000000000001E-01,55,  8.1250000000000000E-01,  1.0000000000000000E+00,5,  3.3255787461293101E-01,46,2,492,492,0,  9.6632079066980570E-01,  9.8399999999999999E-01,  9.8399999999999999E-01,  9.7508026635201039E-01,  1.0053160400000000E-01,  1.1282560000000000E-03,0
2476,  3.8750000000000001E-01,55,  1.0000000000000000E+00,  2.5000000000000000E-01,1,  3.3255787461293101E-01,46,2,492,492,0,  9.6632079066980570E-01,  9.8399999999999999E-01,  9.8399999999999999E-01,  9.7508026635201039E-01,  1.1827577500000000E-01,  1.0908389999999999E-03,0
2477,  3.8750000000000001E-01,55,  1.0000000000000000E+00,  2.5000000000000000E-01,2,  3.3255787461293101E-01,46,2,492,492,0,  9.6632079066980570E-01,  9.8399999999999999E-01,  9.8399999999999999E-01,  9.7508026635201039E-01,  1.2177874599999999E-01,  1.0844810000000000E-03,0
2478,  3.8750000000000001E-01,55,  1.0000000000000000E+00,  2.5000000000000000E-01,3,  3.3255787461293101E-01,46,2,492,492,0,  9.6632079066980570E-01,  9.8399999999999999E-01,  9.8399999999999999E-01,  9.7508026635201039E-01,  1.1990697500000000E-01,  1.0756250000000000E-03,0
2479,  3.8750000000000001E-01,55,  1.0000000000000000E+00,  2.5000000000000000E-01,4,  3.3255787461293101E-01,46,2,492,492,0,  9.6632079066980570E-01,  9.8399999999999999E-01,  9.8399999999999999E-01,  9.7508026635201039E-01,  1.2172610100000000E-01,  1.1121260000000000E-03,0
2480,  3.8750000000000001E-01,55,  1.0000000000000000E+00,  2.5000000000000000E-01,5,  3.3255787461293101E-01,46,2,492,492,0,  9.6632079066980570E-01,  9.8399999999999999E-01,  9.8399999999999999E-01,  9.7508026635201039E-01,  1.2340569500000000E-01,  1.3226720000000000E-03,0
2481,  3.8750000000000001E-01,55,  1.0000000000000000E+00,  4.3750000000000000E-01,1,  3.3255787461293101E-01,46,2,492,492,0,  9.6632079066980570E-01,  9.8399999999999999E-01,  9.8399999999999999E-01,  9.7508026635201039E-01,  1.1906679200000000E-01,  1.0462850000000001E-03,0
2482,  3.8750000000000001E-01,55,  1.0000000000000000E+00,  4.3750000000000000E-01,2,  3.3255787461293101E-01,46,2,492,492,0,  9.6632079066980570E-01,  9.8399999999999999E-01,  9.8399999999999999E-01,  9.7508026635201039E-01,  1.1970405700000000E-01,  1.0879550000000000E-03,0
2483,  3.8750000000000001E-01,55,  1.0000000000000000E+00,  4.3750000000000000E-01,3,  3.3255787461293101E-01,46,2,492,492,0,  9.6632079066980570E-01,  9.8399999999999999E-01,  9.8399999999999999E-01,  9.7508026635201039E-01,  1.1977436499999999E-01,  1.0527889999999999E-03,0
2484,  3.8750000000000001E-01,55,  1.0000000000000000E+00,  4.3750000000000000E-01,4,  3.3255787461293101E-01,46,2,492,492,0,  9.6632079066980570E-01,  9.8399999999999999E-01,  9.8399999999999999E-01,  9.7508026635201039E-01,  1.2117944500000000E-01,  1.0730189999999999E-03,0
2485,  3.8750000000000001E-01,55,  1.0000000000000000E+00,  4.3750000000000000E-01,5,  3.3255787461293101E-01,46,2,492,492,0,  9.6632079066980570E-01,  9.8399999999999999E-01,  9.8399999999999999E-01,  9.7508026635201039E-01,  1.2258753700000000E-01,  1.0627200000000001E-03,0
2486,  3.8750000000000001E-01,55,  1.0000000000000000E+00,  6.2500000000000000E-01,1,  3.3255787461293101E-01,46,2,492,492,0,  9.6632079066980570E-01,  9.8399999999999999E-01,  9.8399999999999999E-01,  9.7508026635201039E-01,  1.2254478300000000E-01,  1.1705179999999999E-03,0
2487,  3.8750000000000001E-01,55,  1.0000000000000000E+00,  6.2500000000000000E-01,2,  3.3255787461293101E-01,46,2,492,492,0,  9.6632079066980570E-01,  9.8399999999999999E-01,  9.8399999999999999E-01,  9.7508026635201039E-01,  1.2106654400000000E-01,  1.0522489999999999E-03,0
2488,  3.8750000000000001E-01,55,  1.0000000000000000E+00,  6.2500000000000000E-01,3,  3.3255787461293101E-01,46,2,492,492,0,  9.6632079066980570E-01,  9.8399999999999999E-01,  9.8399999999999999E-01,  9.7508026635201039E-01,  1.1991982700000001E-01,  1.0634700000000000E-03,0
2489,  3.8750000000000001E-01,55,  1.0000000000000000E+00,  6.2500000000000000E-01,4,  3.3255787461293101E-01,46,2,492,492,0,  9.6632079066980570E-01,  9.8399999999999999E-01,  9.8399999999999999E-01,  9.7508026635201039E-01,  1.1900126200000000E-01,  1.3662080000000000E-03,0
2490,  3.8750000000000001E-01,55,  1.0000000000000000E+00,  6.2500000000000000E-01,5,  3.3255787461293101E-01,46,2,492,492,0,  9.6632079066980570E-01,  9.8399999999999999E-01,  9.8399999999999999E-01,  9.7508026635201039E-01,  1.2460261000000000E-01,  1.1056020000000000E-03,0
2491,  3.8750000000000001E-01,55,  1.0000000000000000E+00,  8.1250000000000000E-01,1,  3.3255787461293101E-01,46,2,492,492,0,  9.6632079066980570E-01,  9.8399999999999999E-01,  9.8399999999999999E-01,  9.7508026635201039E-01,  1.2087549400000000E-01,  1.0750280000000000E-03,0
2492,  3.8750000000000001E-01,55,  1.0000000000000000E+00,  8.1250000000000000E-01,2,  3.3255787461293101E-01,46,2,492,492,0,  9.6632079066980570E-01,  9.8399999999999999E-01,  9.8399999999999999E-01,  9.7508026635201039E-01,  1.2055241700000000E-01,  1.5962260000000001E-03,0
2493,  3.8750000000000001E-01,55,  1.0000000000000000E+00,  8.1250000000000000E-01,3,  3.3255787461293101E-01,46,2,492,492,0,  9.6632079066980570E-01,  9.8399999999999999E-01,  9.8399999999999999E-01,  9.7508026635201039E-01,  1.2195711500000000E-01,  1.0407039999999999E-03,0
2494,  3.8750000000000001E-01,55,  1.0000000000000000E+00,  8.1250000000000000E-01,4,  3.3255787461293101E-01,46,2,492,492,0,  9.6632079066980570E-01,  9.8399999999999999E-01,  9.8399999999999999E-01,  9.7508026635201039E-01,  1.2183225900000000E-01,  1.0435939999999999E-03,0
2495,  3.8750000000000001E-01,55,  1.0000000000000000E+00,  8.1250000000000000E-01,5,  3.3255787461293101E-01,46,2,492,492,0,  9.6632079066980570E-01,  9.8399999999999999E-01,  9.8399999999999999E-01,  9.7508026635201039E-01,  1.2049645700000000E-01,  1.3429099999999999E-03,0
2496,  3.8750000000000001E-01,55,  1.0000000000000000E+00,  1.0000000000000000E+00,1,  3.3255787461293101E-01,46,2,492,492,0,  9.6632079066980570E-01,  9.8399999999999999E-01,  9.8399999999999999E-01,  9.7508026635201039E-01,  1.1924490300000000E-01,  1.1341980000000001E-03,0
2497,  3.8750000000000001E-01,55,  1.0000000000000000E+00,  1.0000000000000000E+00,2,  3.3255787461293101E-01,46,2,492,492,0,  9.6632079066980570E-01,  9.8399999999999999E-01,  9.8399999999999999E-01,  9.7508026635201039E-01,  1.1944244000000000E-01,  1.0487039999999999E-03,0
2498,  3.8750000000000001E-01,55,  1.0000000000000000E+00,  1.0000000000000000E+00,3,  3.3255787461293101E-01,46,2,492,492,0,  9.6632079066980570E-01,  9.8399999999999999E-01,  9.8399999999999999E-01,  9.7508026635201039E-01,  1.2218396800000000E-01,  1.2702880000000001E-03,0
2499,  3.8750000000000001E-01,55,  1.0000000000000000E+00,  1.0000000000000000E+00,4,  3.3255787461293101E-01,46,2,492,492,0,  9.6632079066980570E-01,  9.8399999999999999E-01,  9.8399999999999999E-01,  9.7508026635201039E-01,  1.1858851199999999E-01,  1.2845230000000001E-03,0
2500,  3.8750000000000001E-01,55,  1.0000000000000000E+00,  1.0000000000000000E+00,5,  3.3255787461293101E-01,46,2,492,492,0,  9.6632079066980570E-01,  9.8399999999999999E-01,  9.8399999999999999E-01,  9.7508026635201039E-01,  1.1864478500000000E-01,  1.1185520000000001E-03,0
2501,  5.0000000000000000E-01,15,  2.5000000000000000E-01,  2.5000000000000000E-01,1,  3.9657025580257310E-01,114,3,492,492,0,  7.3093340923965100E-01,  9.8399999999999999E-01,  9.8399999999999999E-01,  8.3879463869177862E-01,  1.3113951099999999E-01,  1.1922500000000000E-03,0
2502,  5.0000000000000000E-01,15,  2.5000000000000000E-01,  2.5000000000000000E-01,2,  3.9657025580257310E-01,114,6,495,492,3,  5.4894544960422242E-01,  9.8999999999999999E-01,  9.8399999999999999E-01,  7.0627064168901277E-01,  1.2781772899999999E-01,  1.1208460000000000E-03,0
2503,  5.0000000000000000E-01,15,  2.5000000000000000E-01,  2.5000000000000000E-01,3,  3.9657025580257310E-01,114,7,497,492,5,  5.0806102558097543E-01,  9.9399999999999999E-01,  9.8399999999999999E-01,  6.7242628738357424E-01,  1.3135615700000000E-01,  1.3571810000000001E-03,0
2504,  5.0000000000000000E-01,15,  2.5000000000000000E-01,  2.5000000000000000E-01,4,  3.9657025580257310E-01,114,7,497,492,5,  5.0806102558097543E-01,  9.9399999999999999E-01,  9.8399999999999999E-01,  6.7242628738357424E-01,  1.3753706199999999E-01,  1.1719460000000001E-03,0
2505,  5.0000000000000000E-01,15,  2.5000000000000000E-01,  2.5000000000000000E-01,5,  3.9657025580257310E-01,114,7,497,492,5,  5.0806102558097543E-01,  9.9399999999999999E-01,  9.8399999999999999E-01,  6.7242628738357424E-01,  1.2787132200000001E-01,  1.1091660000000000E-03,0
2506,  5.0000000000000000E-01,15,  2.5000000000000000E-01,  4.3750000000000000E-01,1,  3.9657025580257310E-01,114,3,492,492,0,  7.3093340923965100E-01,  9.8399999999999999E-01,  9.8399999999999999E-01,  8.3879463869177862E-01,  1.2868818900000001E-01,  1.1710080000000001E-03,0
2507,  5.0000000000000000E-01,15,  2.5000000000000000E-01,  4.3750000000000000E-01,2,  3.9657025580257310E-01,114,6,495,492,3,  5.4894544960422242E-01,  9.8999999999999999E-01,  9.8399999999999999E-01,  7.0627064168901277E-01,  1.4239426199999999E-01,  1.2082779999999999E-03,0
2508,  5.0000000000000000E-01,15,  2.5000000000000000E-01,  4.3750000000000000E-01,3,  3.9657025580257310E-01,114,7,497,492,5,  5.0806102558097543E-01,  9.9399999999999999E-01,  9.8399999999999999E-01,  6.7242628738357424E-01,  1.2800891300000000E-01,  1.1752469999999999E-03,0
2509,  5.0000000000000000E-01,15,  2.5000000000000000E-01,  4.3750000000000000E-01,4,  3.9657025580257310E-01,114,7,497,492,5,  5.0806102558097543E-01,  9.9399999999999999E-01,  9.8399999999999999E-01,  6.7242628738357424E-01,  1.3000338000000000E-01,  1.2407810000000000E-03,0
2510,  5.0000000000000000E-01,15,  2.5000000000000000E-01,  4.3750000000000000E-01,5,  3.9657025580257310E-01,114,7,497,492,5,  5.0806102558097543E-01,  9.9399999999999999E-01,  9.8399999999999999E-01,  6.7242628738357424E-01,  1.2921194699999999E-01,  1.1685540000000000E-03,0
2511,  5.0000000000000000E-01,15,  2.5000000000000000E-01,  6.2500000000000000E-01,1,  3.9657025580257310E-01,114,3,492,492,0,  7.3093340923965100E-01,  9.8399999999999999E-01,  9.8399999999999999E-01,  8.3879463869177862E-01,  1.2740439500000000E-01,  1.1344920000000000E-03,0
2512,  5.0000000000000000E-01,15,  2.5000000000000000E-01,  6.2500000000000000E-01,2,  3.9657025580257310E-01,114,6,495,492,3,  5.4894544960422242E-01,  9.8999999999999999E-01,  9.8399999999999999E-01,  7.0627064168901277E-01,  1.3526874100000000E-01,  1.1698090000000000E-03,0
2513,  5.0000000000000000E-01,15,  2.5000000000000000E-01,  6.2500000000000000E-01,3,  3.9657025580257310E-01,114,7,497,492,5,  5.0806102558097543E-01,  9.9399999999999999E-01,  9.8399999999999999E-01,  6.7242628738357424E-01,  1.2923744900000000E-01,  1.1165700000000001E-03,0
2514,  5.0000000000000000E-01,15,  2.5000000000000000E-01,  6.2500000000000000E-01,4,  3.9657025580257310E-01,114,7,497,492,5,  5.0806102558097543E-01,  9.9399999999999999E-01,  9.8399999999999999E-01,  6.7242628738357424E-01,  1.2577996000000000E-01,  1.1728660000000001E-03,0
2515,  5.0000000000000000E-01,15,  2.5000000000000000E-01,  6.2500000000000000E-01,5,  3.9657025580257310E-01,114,7,497,492,5,  5.0806102558097543E-01,  9.9399999999999999E-01,  9.8399999999999999E-01,  6.7242628738357424E-01,  1.2779488600000000E-01,  1.1252739999999999E-03,0
2516,  5.0000000000000000E-01,15,  2.5000000000000000E-01,  8.1250000000000000E-01,1,  3.9657025580257310E-01,114,3,492,492,0,  7.3093340923965100E-01,  9.8399999999999999E-01,  9.8399999999999999E-01,  8.3879463869177862E-01,  1.2939286100000000E-01,  1.1428170000000000E-03,0
2517,  5.0000000000000000E-01,15,  2.5000000000000000E-01,  8.1250000000000000E-01,2,  3.9657025580257310E-01,114,6,495,492,3,  5.4894544960422242E-01,  9.8999999999999999E-01,  9.8399999999999999E-01,  7.0627064168901277E-01,  1.2999627499999999E-01,  1.1528470000000000E-03,0
2518,  5.0000000000000000E-01,15,  2.5000000000000000E-01,  8.1250000000000000E-01,3,  3.9657025580257310E-01,114,7,497,492,5,  5.0806102558097543E-01,  9.9399999999999999E-01,  9.8399999999999999E-01,  6.7242628738357424E-01,  1.3082750100000001E-01,  1.1806779999999999E-03,0
2519,  5.0000000000000000E-01,15,  2.5000000000000000E-01,  8.1250000000000000E-01,4,  3.9657025580257310E-01,114,7,497,492,5,  5.0806102558097543E-01,  9.9399999999999999E-01,  9.8399999999999999E-01,  6.7242628738357424E-01,  1.2790723200000001E-01,  1.1350700000000000E-03,0
2520,  5.0000000000000000E-01,15,  2.5000000000000000E-01,  8.1250000000000000E-01,5,  3.9657025580257310E-01,114,7,497,492,5,  5.0806102558097543E-01,  9.9399999999999999E-01,  9.8399999999999999E-01,  6.7242628738357424E-01,  1.3545913200000001E-01,  1.1280270000000000E-03,0
2521,  5.0000000000000000E-01,15,  2.5000000000000000E-01,  1.0000000000000000E+00,1,  3.9657025580257310E-01,114,3,492,492,0,  7.3093340923965100E-01,  9.8399999999999999E-01,  9.8399999999999999E-01,  8.3879463869177862E-01,  1.2793726100000000E-01,  1.2407230000000000E-03,0
2522,  5.0000000000000000E-01,15,  2.5000000000000000E-01,  1.0000000000000000E+00,2,  3.9657025580257310E-01,114,6,495,492,3,  5.4894544960422242E-01,  9.8999999999999999E-01,  9.8399999999999999E-01,  7.0627064168901277E-01,  1.2788037999999999E-01,  1.2148470000000000E-03,0
2523,  5.0000000000000000E-01,15,  2.5000000000000000E-01,  1.0000000000000000E+00,3,  3.9657025580257310E-01,114,7,497,492,5,  5.0806102558097543E-01,  9.9399999999999999E-01,  9.8399999999999999E-01,  6.7242628738357424E-01,  1.2905132000000000E-01,  1.1258489999999999E-03,0
2524,  5.0000000000000000E-01,15,  2.5000000000000000E-01,  1.0000000000000000E+00,4,  3.9657025580257310E-01,114,7,497,492,5,  5.0806102558097543E-01,  9.9399999999999999E-01,  9.8399999999999999E-01,  6.7242628738357424E-01,  1.2696487200000001E-01,  1.1254110000000000E-03,0
2525,  5.0000000000000000E-01,15,  2.5000000000000000E-01,  1.0000000000000000E+00,5,  3.9657025580257310E-01,114,7,497,492,5,  5.0806102558097543E-01,  9.9399999999999999E-01,  9.8399999999999999E-01,  6.7242628738357424E-01,  1.2606309600000001E-01,  1.3226869999999999E-03,0
2526,  5.0000000000000000E-01,15,  4.3750000000000000E-01,  2.5000000000000000E-01,1,  3.9657025580257310E-01,114,1,499,499,0,  9.9966974523881247E-01,  9.9800000000000000E-01,  9.9800000000000000E-01,  9.9883417479406011E-01,  1.8782870700000001E-01,  1.2079809999999999E-03,0
2527,  5.0000000000000000E-01,15,  4.3750000000000000E-01,  2.5000000000000000E-01,2,  3.9657025580257310E-01,114,1,499,499,0,  9.9966974523881247E-01,  9.9800000000000000E-01,  9.9800000000000000E-01,  9.9883417479406011E-01,  1.8969988800000001E-01,  1.2235620000000001E-03,0
2528,  5.0000000000000000E-01,15,  4.3750000000000000E-01,  2.5000000000000000E-01,3,  3.9657025580257310E-01,114,2,501,499,2,  8.3004869994506814E-01,  1.0020000000000000E+00,  9.9800000000000000E-01,  9.0795490029265724E-01,  2.0633766900000000E-01,  1.2571040000000000E-03,0
2529,  5.0000000000000000E-01,15,  4.3750000000000000E-01,  2.5000000000000000E-01,4,  3.9657025580257310E-01,114,3,504,499,5,  7.0373070593169607E-01,  1.0080000000000000E+00,  9.9800000000000000E-01,  8.2882260523923279E-01,  2.0089590600000001E-01,  1.2151700000000000E-03,0
2530,  5.0000000000000000E-01,15,  4.3750000000000000E-01,  2.5000000000000000E-01,5,  3.9657025580257310E-01,114,3,504,499,5,  7.0373070593169607E-01,  1.0080000000000000E+00,  9.9800000000000000E-01,  8.2882260523923279E-01,  1.9935955699999999E-01,  1.5381300000000000E-03,0
2531,  5.0000000000000000E-01,15,  4.3750000000000000E-01,  4.3750000000000000E-01,1,  3.9657025580257310E-01,114,1,499,499,0,  9.9966974523881247E-01,  9.9800000000000000E-01,  9.9800000000000000E-01,  9.9883417479406011E-01,  2.0368397699999999E-01,  1.2258810000000001E-03,0
2532,  5.0000000000000000E-01,15,  4.3750000000000000E-01,  4.3750000000000000E-01,2,  3.9657025580257310E-01,114,1,499,499,0,  9.9966974523881247E-01,  9.9800000000000000E-01,  9.9800000000000000E-01,  9.9883417479406011E-01,  1.9951549700000001E-01,  1.2039770000000000E-03,0
2533,  5.0000000000000000E-01,15,  4.3750000000000000E-01,  4.3750000000000000E-01,3,  3.9657025580257310E-01,114,2,501,499,2,  8.3004869994506814E-01,  1.0020000000000000E+00,  9.9800000000000000E-01,  9.0795490029265724E-01,  2.0114255000000000E-01,  1.2302060000000000E-03,0
2534,  5.0000000000000000E-01,15,  4.3750000000000000E-01,  4.3750000000000000E-01,4,  3.9657025580257310E-01,114,3,504,499,5,  7.0373070593169607E-01,  1.0080000000000000E+00,  9.9800000000000000E-01,  8.2882260523923279E-01,  1.8732801800000001E-01,  1.5285030000000001E-03,0
2535,  5.0000000000000000E-01,15,  4.3750000000000000E-01,  4.3750000000000000E-01,5,  3.9657025580257310E-01,114,3,504,499,5,  7.0373070593169607E-01,  1.0080000000000000E+00,  9.9800000000000000E-01,  8.2882260523923279E-01,  1.8748701900000000E-01,  1.3798599999999999E-03,0
2536,  5.0000000000000000E-01,15,  4.3750000000000000E-01,  6.2500000000000000E-01,1,  3.9657025580257310E-01,114,1,499,499,0,  9.9966974523881247E-01,  9.9800000000000000E-01,  9.9800000000000000E-01,  9.9883417479406011E-01,  1.9016685799999999E-01,  1.2970200000000001E-03,0
2537,  5.0000000000000000E-01,15,  4.3750000000000000E-01,  6.2500000000000000E-01,2,  3.9657025580257310E-01,114,1,499,499,0,  9.9966974523881247E-01,  9.9800000000000000E-01,  9.9800000000000000E-01,  9.9883417479406011E-01,  1.9465489399999999E-01,  1.1125569999999999E-03,0
2538,  5.0000000000000000E-01,15,  4.3750000000000000E-01,  6.2500000000000000E-01,3,  3.9657025580257310E-01,114,2,501,499,2,  8.3004869994506814E-01,  1.0020000000000000E+00,  9.9800000000000000E-01,  9.0795490029265724E-01,  1.8501965500000001E-01,  2.1743390000000000E-03,0
2539,  5.0000000000000000E-01,15,  4.3750000000000000E-01,  6.2500000000000000E-01,4,  3.9657025580257310E-01,114,3,504,499,5,  7.0373070593169607E-01,  1.0080000000000000E+00,  9.9800000000000000E-01,  8.2882260523923279E-01,  1.8301135399999999E-01,  1.1533019999999999E-03,0
2540,  5.0000000000000000E-01,15,  4.3750000000000000E-01,  6.2500000000000000E-01,5,  3.9657025580257310E-01,114,3,504,499,5,  7.0373070593169607E-01,  1.0080000000000000E+00,  9.9800000000000000E-01,  8.2882260523923279E-01,  1.8812317500000000E-01,  1.4376560000000000E-03,0
2541,  5.0000000000000000E-01,15,  4.3750000000000000E-01,  8.1250000000000000E-01,1,  3.9657025580257310E-01,114,1,499,499,0,  9.9966974523881247E-01,  9.9800000000000000E-01,  9.9800000000000000E-01,  9.9883417479406011E-01,  1.8644595899999999E-01,  1.4808639999999999E-03,0
2542,  5.0000000000000000E-01,15,  4.3750000000000000E-01,  8.1250000000000000E-01,2,  3.9657025580257310E-01,114,1,499,499,0,  9.9966974523881247E-01,  9.9800000000000000E-01,  9.9800000000000000E-01,  9.9883417479406011E-01,  1.8597601200000000E-01,  1.1695189999999999E-03,0
2543,  5.0000000000000000E-01,15,  4.3750000000000000E-01,  8.1250000000000000E-01,3,  3.9657025580257310E-01,114,2,501,499,2,  8.3004869994506814E-01,  1.0020000000000000E+00,  9.9800000000000000E-01,  9.0795490029265724E-01,  1.8775742600000001E-01,  1.2745330000000000E-03,0
2544,  5.0000000000000000E-01,15,  4.3750000000000000E-01,  8.1250000000000000E-01,4,  3.9657025580257310E-01,114,3,504,499,5,  7.0373070593169607E-01,  1.0080000000000000E+00,  9.9800000000000000E-01,  8.2882260523923279E-01,  1.8499290600000001E-01,  1.1386149999999999E-03,0
2545,  5.0000000000000000E-01,15,  4.3750000000000000E-01,  8.1250000000000000E-01,5,  3.9657025580257310E-01,114,3,504,499,5,  7.0373070593169607E-01,  1.0080000000000000E+00,  9.9800000000000000E-01,  8.2882260523923279E-01,  1.8689730900000001E-01,  1.2169020000000000E-03,0
2546,  5.0000000000000000E-01,15,  4.3750000000000000E-01,  1.0000000000000000E+00,1,  3.9657025580257310E-01,114,1,499,499,0,  9.9966974523881247E-01,  9.9800000000000000E-01,  9.9800000000000000E-01,  9.9883417479406011E-01,  1.9064488399999999E-01,  1.1814000000000000E-03,0
2547,  5.0000000000000000E-01,15,  4.3750000000000000E-01,  1.0000000000000000E+00,2,  3.9657025580257310E-01,114,1,499,499,0,  9.9966974523881247E-01,  9.9800000000000000E-01,  9.9800000000000000E-01,  9.9883417479406011E-01,  1.8820354500000000E-01,  1.4042740000000001E-03,0
2548,  5.0000000000000000E-01,15,  4.3750000000000000E-01,  1.0000000000000000E+00,3,  3.9657025580257310E-01,114,2,501,499,2,  8.3004869994506814E-01,  1.0020000000000000E+00,  9.9800000000000000E-01,  9.0795490029265724E-01,  1.9442832400000001E-01,  1.1156650000000001E-03,0
2549,  5.0000000000000000E-01,15,  4.3750000000000000E-01,  1.0000000000000000E+00,4,  3.9657025580257310E-01,114,3,504,499,5,  7.0373070593169607E-01,  1.0080000000000000E+00,  9.9800000000000000E-01,  8.2882260523923279E-01,  1.8475622600000000E-01,  1.2080369999999999E-03,0
2550,  5.0000000000000000E-01,15,  4.3750000000000000E-01,  1.0000000000000000E+00,5,  3.9657025580257310E-01,114,3,504,499,5,  7.0373070593169607E-01,  1.0080000000000000E+00,  9.9800000000000000E-01,  8.2882260523923279E-01,  1.8409243400000000E-01,  1.1603110000000000E-03,0
2551,  5.0000000000000000E-01,15,  6.2500000000000000E-01,  2.5000000000000000E-01,1,  3.9657025580257310E-01,114,1,499,499,0,  9.9966974523881247E-01,  9.9800000000000000E-01,  9.9800000000000000E-01,  9.9883417479406011E-01,  2.2901560500000001E-01,  1.2157730000000001E-03,0
2552,  5.0000000000000000E-01,15,  6.2500000000000000E-01,  2.5000000000000000E-01,2,  3.9657025580257310E-01,114,1,499,499,0,  9.9966974523881247E-01,  9.9800000000000000E-01,  9.9800000000000000E-01,  9.9883417479406011E-01,  2.2971327499999999E-01,  1.2226010000000000E-03,0
2553,  5.0000000000000000E-01,15,  6.2500000000000000E-01,  2.5000000000000000E-01,3,  3.9657025580257310E-01,114,2,501,499,2,  8.3004869994506814E-01,  1.0020000000000000E+00,  9.9800000000000000E-01,  9.0795490029265724E-01,  2.3115102000000001E-01,  1.1352339999999999E-03,0
2554,  5.0000000000000000E-01,15,  6.2500000000000000E-01,  2.5000000000000000E-01,4,  3.9657025580257310E-01,114,2,501,499,2,  8.3004869994506814E-01,  1.0020000000000000E+00,  9.9800000000000000E-01,  9.0795490029265724E-01,  2.3002543900000000E-01,  1.1753779999999999E-03,0
2555,  5.0000000000000000E-01,15,  6.2500000000000000E-01,  2.5000000000000000E-01,5,  3.9657025580257310E-01,114,2,501,499,2,  8.3004869994506814E-01,  1.0020000000000000E+00,  9.9800000000000000E-01,  9.0795490029265724E-01,  2.2794134099999999E-01,  1.1391990000000000E-03,0
2556,  5.0000000000000000E-01,15,  6.2500000000000000E-01,  4.3750000000000000E-01,1,  3.9657025580257310E-01,114,1,499,499,0,  9.9966974523881247E-01,  9.9800000000000000E-01,  9.9800000000000000E-01,  9.9883417479406011E-01,  2.2657881299999999E-01,  1.2011730000000000E-03,0
2557,  5.0000000000000000E-01,15,  6.2500000000000000E-01,  4.3750000000000000E-01,2,  3.9657025580257310E-01,114,1,499,499,0,  9.9966974523881247E-01,  9.9800000000000000E-01,  9.9800000000000000E-01,  9.9883417479406011E-01,  2.3494856400000000E-01,  1.1798379999999999E-03,0
2558,  5.0000000000000000E-01,15,  6.2500000000000000E-01,  4.3750000000000000E-01,3,  3.9657025580257310E-01,114,2,501,499,2,  8.3004869994506814E-01,  1.0020000000000000E+00,  9.9800000000000000E-01,  9.0795490029265724E-01,  2.2750063200000001E-01,  1.2060199999999999E-03,0
2559,  5.0000000000000000E-01,15,  6.2500000000000000E-01,  4.3750000000000000E-01,4,  3.9657025580257310E-01,114,2,501,499,2,  8.3004869994506814E-01,  1.0020000000000000E+00,  9.9800000000000000E-01,  9.0795490029265724E-01,  2.4563085900000001E-01,  1.1789310000000000E-03,0
2560,  5.0000000000000000E-01,15,  6.2500000000000000E-01,  4.3750000000000000E-01,5,  3.9657025580257310E-01,114,2,501,499,2,  8.3004869994506814E-01,  1.0020000000000000E+00,  9.9800000000000000E-01,  9.0795490029265724E-01,  2.2845559900000001E-01,  1.2037129999999999E-03,0
2561,  5.0000000000000000E-01,15,  6.2500000000000000E-01,  6.2500000000000000E-01,1,  3.9657025580257310E-01,114,1,499,499,0,  9.9966974523881247E-01,  9.9800000000000000E-01,  9.9800000000000000E-01,  9.9883417479406011E-01,  2.2754380399999999E-01,  1.1709240000000001E-03,0
2562,  5.0000000000000000E-01,15,  6.2500000000000000E-01,  6.2500000000000000E-01,2,  3.9657025580257310E-01,114,1,499,499,0,  9.9966974523881247E-01,  9.9800000000000000E-01,  9.9800000000000000E-01,  9.9883417479406011E-01,  2.3040774400000000E-01,  1.1917919999999999E-03,0
2563,  5.0000000000000000E-01,15,  6.2500000000000000E-01,  6.2500000000000000E-01,3,  3.9657025580257310E-01,114,2,501,499,2,  8.3004869994506814E-01,  1.0020000000000000E+00,  9.9800000000000000E-01,  9.0795490029265724E-01,  2.3187557100000000E-01,  1.1804490000000001E-03,0
2564,  5.0000000000000000E-01,15,  6.2500000000000000E-01,  6.2500000000000000E-01,4,  3.9657025580257310E-01,114,2,501,499,2,  8.3004869994506814E-01,  1.0020000000000000E+00,  9.9800000000000000E-01,  9.0795490029265724E-01,  2.2914303999999999E-01,  1.2177589999999999E-03,0
2565,  5.0000000000000000E-01,15,  6.2500000000000000E-01,  6.2500000000000000E-01,5,  3.9657025580257310E-01,114,2,501,499,2,  8.3004869994506814E-01,  1.0020000000000000E+00,  9.9800000000000000E-01,  9.0795490029265724E-01,  2.2669572199999999E-01,  1.1999140000000001E-03,0
2566,  5.0000000000000000E-01,15,  6.2500000000000000E-01,  8.1250000000000000E-01,1,  3.9657025580257310E-01,114,1,499,499,0,  9.9966974523881247E-01,  9.9800000000000000E-01,  9.9800000000000000E-01,  9.9883417479406011E-01,  2.3990857600000001E-01,  1.2801209999999999E-03,0
2567,  5.0000000000000000E-01,15,  6.2500000000000000E-01,  8.1250000000000000E-01,2,  3.9657025580257310E-01,114,1,499,499,0,  9.9966974523881247E-01,  9.9800000000000000E-01,  9.9800000000000000E-01,  9.9883417479406011E-01,  2.2882457300000000E-01,  1.2063899999999999E-03,0
2568,  5.0000000000000000E-01,15,  6.2500000000000000E-01,  8.1250000000000000E-01,3,  3.9657025580257310E-01,114,2,501,499,2,  8.3004869994506814E-01,  1.0020000000000000E+00,  9.9800000000000000E-01,  9.0795490029265724E-01,  2.3085661499999999E-01,  1.2422889999999999E-03,0
2569,  5.0000000000000000E-01,15,  6.2500000000000000E-01,  8.1250000000000000E-01,4,  3.9657025580257310E-01,114,2,501,499,2,  8.3004869994506814E-01,  1.0020000000000000E+00,  9.9800000000000000E-01,  9.0795490029265724E-01,  2.2677279800000000E-01,  1.1938640000000000E-03,0
2570,  5.0000000000000000E-01,15,  6.2500000000000000E-01,  8.1250000000000000E-01,5,  3.9657025580257310E-01,114,2,501,499,2,  8.3004869994506814E-01,  1.0020000000000000E+00,  9.9800000000000000E-01,  9.0795490029265724E-01,  2.2864468700000001E-01,  1.1956040000000001E-03,0
2571,  5.0000000000000000E-01,15,  6.2500000000000000E-01,  1.0000000000000000E+00,1,  3.9657025580257310E-01,114,1,499,499,0,  9.9966974523881247E-01,  9.9800000000000000E-01,  9.9800000000000000E-01,  9.9883417479406011E-01,  2.3000719400000000E-01,  1.1302529999999999E-03,0
2572,  5.0000000000000000E-01,15,  6.2500000000000000E-01,  1.0000000000000000E+00,2,  3.9657025580257310E-01,114,1,499,499,0,  9.9966974523881247E-01,  9.9800000000000000E-01,  9.9800000000000000E-01,  9.9883417479406011E-01,  2.2744931500000001E-01,  1.1539280000000000E-03,0
2573,  5.0000000000000000E-01,15,  6.2500000000000000E-01,  1.0000000000000000E+00,3,  3.9657025580257310E-01,114,2,501,499,2,  8.3004869994506814E-01,  1.0020000000000000E+00,  9.9800000000000000E-01,  9.0795490029265724E-01,  2.2681853900000001E-01,  1.1713139999999999E-03,0
2574,  5.0000000000000000E-01,15,  6.2500000000000000E-01,  1.0000000000000000E+00,4,  3.9657025580257310E-01,114,2,501,499,2,  8.3004869994506814E-01,  1.0020000000000000E+00,  9.9800000000000000E-01,  9.0795490029265724E-01,  2.3071670599999999E-01,  1.6792170000000000E-03,0
2575,  5.0000000000000000E-01,15,  6.2500000000000000E-01,  1.0000000000000000E+00,5,  3.9657025580257310E-01,114,2,501,499,2,  8.3004869994506814E-01,  1.0020000000000000E+00,  9.9800000000000000E-01,  9.0795490029265724E-01,  2.3480156899999999E-01,  1.2222600000000000E-03,0
2576,  5.0000000000000000E-01,15,  8.1250000000000000E-01,  2.5000000000000000E-01,1,  3.9657025580257310E-01,114,1,499,499,0,  9.9966974523881247E-01,  9.9800000000000000E-01,  9.9800000000000000E-01,  9.9883417479406011E-01,  2.9611565000000001E-01,  1.1266799999999999E-03,0
2577,  5.0000000000000000E-01,15,  8.1250000000000000E-01,  2.5000000000000000E-01,2,  3.9657025580257310E-01,114,1,499,499,0,  9.9966974523881247E-01,  9.9800000000000000E-01,  9.9800000000000000E-01,  9.9883417479406011E-01,  2.9930082699999999E-01,  1.2073720000000000E-03,0
2578,  5.0000000000000000E-01,15,  8.1250000000000000E-01,  2.5000000000000000E-01,3,  3.9657025580257310E-01,114,1,499,499,0,  9.9966974523881247E-01,  9.9800000000000000E-01,  9.9800000000000000E-01,  9.9883417479406011E-01,  2.9832466499999999E-01,  1.1499010000000000E-03,0
2579,  5.0000000000000000E-01,15,  8.1250000000000000E-01,  2.5000000000000000E-01,4,  3.9657025580257310E-01,114,1,499,499,0,  9.9966974523881247E-01,  9.9800000000000000E-01,  9.9800000000000000E-01,  9.9883417479406011E-01,  2.9710519400000002E-01,  1.1622090000000000E-03,0
2580,  5.0000000000000000E-01,15,  8.1250000000000000E-01,  2.5000000000000000E-01,5,  3.9657025580257310E-01,114,1,499,499,0,  9.9966974523881247E-01,  9.9800000000000000E-01,  9.9800000000000000E-01,  9.9883417479406011E-01,  2.9711850800000000E-01,  1.1963760000000001E-03,0
2581,  5.0000000000000000E-01,15,  8.1250000000000000E-01,  4.3750000000000000E-01,1,  3.9657025580257310E-01,114,1,499,499,0,  9.9966974523881247E-01,  9.9800000000000000E-01,  9.9800000000000000E-01,  9.9883417479406011E-01,  3.0069735700000000E-01,  1.2497770000000001E-03,0
2582,  5.0000000000000000E-01,15,  8.1250000000000000E-01,  4.3750000000000000E-01,2,  3.9657025580257310E-01,114,1,499,499,0,  9.9966974523881247E-01,  9.9800000000000000E-01,  9.9800000000000000E-01,  9.9883417479406011E-01,  2.9423186899999998E-01,  1.3304710000000000E-03,0
2583,  5.0000000000000000E-01,15,  8.1250000000000000E-01,  4.3750000000000000E-01,3,  3.9657025580257310E-01,114,1,499,499,0,  9.9966974523881247E-01,  9.9800000000000000E-01,  9.9800000000000000E-01,  9.9883417479406011E-01,  2.9702985300000001E-01,  1.1489580000000001E-03,0
2584,  5.0000000000000000E-01,15,  8.1250000000000000E-01,  4.3750000000000000E-01,4,  3.9657025580257310E-01,114,1,499,499,0,  9.9966974523881247E-01,  9.9800000000000000E-01,  9.9800000000000000E-01,  9.9883417479406011E-01,  2.9734867700000001E-01,  1.1899339999999999E-03,0
2585,  5.0000000000000000E-01,15,  8.1250000000000000E-01,  4.3750000000000000E-01,5,  3.9657025580257310E-01,114,1,499,499,0,  9.9966974523881247E-01,  9.9800000000000000E-01,  9.9800000000000000E-01,  9.9883417479406011E-01,  3.0497728600000001E-01,  1.2062630000000000E-03,0
2586,  5.0000000000000000E-01,15,  8.1250000000000000E-01,  6.2500000000000000E-01,1,  3.9657025580257310E-01,114,1,499,499,0,  9.9966974523881247E-01,  9.9800000000000000E-01,  9.9800000000000000E-01,  9.9883417479406011E-01,  2.9593045099999998E-01,  1.1653480000000001E-03,0
2587,  5.0000000000000000E-01,15,  8.1250000000000000E-01,  6.2500000000000000E-01,2,  3.9657025580257310E-01,114,1,499,499,0,  9.9966974523881247E-01,  9.9800000000000000E-01,  9.9800000000000000E-01,  9.9883417479406011E-01,  3.0104859800000000E-01,  1.1829239999999999E-03,0
2588,  5.0000000000000000E-01,15,  8.1250000000000000E-01,  6.2500000000000000E-01,3,  3.9657025580257310E-01,114,1,499,499,0,  9.9966974523881247E-01,  9.9800000000000000E-01,  9.9800000000000000E-01,  9.9883417479406011E-01,  2.9402584100000001E-01,  1.2576060000000001E-03,0
2589,  5.0000000000000000E-01,15,  8.1250000000000000E-01,  6.2500000000000000E-01,4,  3.9657025580257310E-01,114,1,499,499,0,  9.9966974523881247E-01,  9.9800000000000000E-01,  9.9800000000000000E-01,  9.9883417479406011E-01,  2.9874301199999997E-01,  1.5186170000000001E-03,0
2590,  5.0000000000000000E-01,15,  8.1250000000000000E-01,  6.2500000000000000E-01,5,  3.9657025580257310E-01,114,1,499,499,0,  9.9966974523881247E-01,  9.9800000000000000E-01,  9.9800000000000000E-01,  9.9883417479406011E-01,  3.0644211700000001E-01,  1.2151890000000000E-03,0
2591,  5.0000000000000000E-01,15,  8.1250000000000000E-01,  8.1250000000000000E-01,1,  3.9657025580257310E-01,114,1,499,499,0,  9.9966974523881247E-01,  9.9800000000000000E-01,  9.9800000000000000E-01,  9.9883417479406011E-01,  2.9773190300000002E-01,  1.5815989999999999E-03,0
2592,  5.0000000000000000E-01,15,  8.1250000000000000E-01,  8.1250000000000000E-01,2,  3.9657025580257310E-01,114,1,499,499,0,  9.9966974523881247E-01,  9.9800000000000000E-01,  9.9800000000000000E-01,  9.9883417479406011E-01,  3.0800999800000001E-01,  1.1201620000000001E-03,0
2593,  5.0000000000000000E-01,15,  8.1250000000000000E-01,  8.1250000000000000E-01,3,  3.9657025580257310E-01,114,1,499,499,0,  9.9966974523881247E-01,  9.9800000000000000E-01,  9.9800000000000000E-01,  9.9883417479406011E-01,  3.1498872100000003E-01,  1.1686439999999999E-03,0
2594,  5.0000000000000000E-01,15,  8.1250000000000000E-01,  8.1250000000000000E-01,4,  3.9657025580257310E-01,114,1,499,499,0,  9.9966974523881247E-01,  9.9800000000000000E-01,  9.9800000000000000E-01,  9.9883417479406011E-01,  2.9840448200000003E-01,  1.2665150000000000E-03,0
2595,  5.0000000000000000E-01,15,  8.1250000000000000E-01,  8.1250000000000000E-01,5,  3.9657025580257310E-01,114,1,499,499,0,  9.9966974523881247E-01,  9.9800000000000000E-01,  9.9800000000000000E-01,  9.9883417479406011E-01,  3.0219307600000000E-01,  1.1951710000000001E-03,0
2596,  5.0000000000000000E-01,15,  8.1250000000000000E-01,  1.0000000000000000E+00,1,  3.9657025580257310E-01,114,1,499,499,0,  9.9966974523881247E-01,  9.9800000000000000E-01,  9.9800000000000000E-01,  9.9883417479406011E-01,  2.9903480199999999E-01,  1.1180210000000001E-03,0
2597,  5.0000000000000000E-01,15,  8.1250000000000000E-01,  1.0000000000000000E+00,2,  3.9657025580257310E-01,114,1,499,499,0,  9.9966974523881247E-01,  9.9800000000000000E-01,  9.9800000000000000E-01,  9.9883417479406011E-01,  2.9975185900000001E-01,  1.1418000000000001E-03,0
2598,  5.0000000000000000E-01,15,  8.1250000000000000E-01,  1.0000000000000000E+00,3,  3.9657025580257310E-01,114,1,499,499,0,  9.9966974523881247E-01,  9.9800000000000000E-01,  9.9800000000000000E-01,  9.9883417479406011E-01,  2.9760051100000001E-01,  1.3094490000000001E-03,0
2599,  5.0000000000000000E-01,15,  8.1250000000000000E-01,  1.0000000000000000E+00,4,  3.9657025580257310E-01,114,1,499,499,0,  9.9966974523881247E-01,  9.9800000000000000E-01,  9.9800000000000000E-01,  9.9883417479406011E-01,  3.0528447500000000E-01,  1.2112519999999999E-03,0
2600,  5.0000000000000000E-01,15,  8.1250000000000000E-01,  1.0000000000000000E+00,5,  3.9657025580257310E-01,114,1,499,499,0,  9.9966974523881247E-01,  9.9800000000000000E-01,  9.9800000000000000E-01,  9.9883417479406011E-01,  2.9451652699999997E-01,  1.1562040000000001E-03,0
2601,  5.0000000000000000E-01,15,  1.0000000000000000E+00,  2.5000000000000000E-01,1,  3.9657025580257310E-01,114,1,499,499,0,  9.9966974523881247E-01,  9.9800000000000000E-01,  9.9800000000000000E-01,  9.9883417479406011E-01,  3.7625309099999998E-01,  1.1932220000000001E-03,0
2602,  5.0000000000000000E-01,15,  1.0000000000000000E+00,  2.5000000000000000E-01,2,  3.9657025580257310E-01,114,2,500,499,1,  8.6331205812230249E-01,  1.0000000000000000E+00,  9.9800000000000000E-01,  9.2664248520162484E-01,  3.8315111400000001E-01,  1.3786200000000001E-03,0
2603,  5.0000000000000000E-01,15,  1.0000000000000000E+00,  2.5000000000000000E-01,3,  3.9657025580257310E-01,114,2,500,499,1,  8.6331205812230249E-01,  1.0000000000000000E+00,  9.9800000000000000E-01,  9.2664248520162484E-01,  3.7520299200000001E-01,  1.1167140000000000E-03,0
2604,  5.0000000000000000E-01,15,  1.0000000000000000E+00,  2.5000000000000000E-01,4,  3.9657025580257310E-01,114,2,500,499,1,  8.6331205812230249E-01,  1.0000000000000000E+00,  9.9800000000000000E-01,  9.2664248520162484E-01,  3.8084419500000000E-01,  1.5322720000000001E-03,0
2605,  5.0000000000000000E-01,15,  1.0000000000000000E+00,  2.5000000000000000E-01,5,  3.9657025580257310E-01,114,2,500,499,1,  8.6331205812230249E-01,  1.0000000000000000E+00,  9.9800000000000000E-01,  9.2664248520162484E-01,  3.9933198300000000E-01,  1.5190650000000000E-03,0
2606,  5.0000000000000000E-01,15,  1.0000000000000000E+00,  4.3750000000000000E-01,1,  3.9657025580257310E-01,114,1,500,500,0,  1.0000000000000000E+00,  1.0000000000000000E+00,  1.0000000000000000E+00,  1.0000000000000000E+00,  3.8954784599999998E-01,  1.2366740000000001E-03,0
2607,  5.0000000000000000E-01,15,  1.0000000000000000E+00,  4.3750000000000000E-01,2,  3.9657025580257310E-01,114,1,500,500,0,  1.0000000000000000E+00,  1.0000000000000000E+00,  1.0000000000000000E+00,  1.0000000000000000E+00,  3.7615376600000000E-01,  1.1844690000000001E-03,0
2608,  5.0000000000000000E-01,15,  1.0000000000000000E+00,  4.3750000000000000E-01,3,  3.9657025580257310E-01,114,1,500,500,0,  1.0000000000000000E+00,  1.0000000000000000E+00,  1.0000000000000000E+00,  1.0000000000000000E+00,  3.8372799899999999E-01,  1.1558779999999999E-03,0
2609,  5.0000000000000000E-01,15,  1.0000000000000000E+00,  4.3750000000000000E-01,4,  3.9657025580257310E-01,114,1,500,500,0,  1.0000000000000000E+00,  1.0000000000000000E+00,  1.0000000000000000E+00,  1.0000000000000000E+00,  3.7800375200000003E-01,  1.1181050000000001E-03,0
2610,  5.0000000000000000E-01,15,  1.0000000000000000E+00,  4.3750000000000000E-01,5,  3.9657025580257310E-01,114,1,500,500,0,  1.0000000000000000E+00,  1.0000000000000000E+00,  1.0000000000000000E+00,  1.0000000000000000E+00,  3.8573486699999998E-01,  1.3300190000000000E-03,0
2611,  5.0000000000000000E-01,15,  1.0000000000000000E+00,  6.2500000000000000E-01,1,  3.9657025580257310E-01,114,1,500,500,0,  1.0000000000000000E+00,  1.0000000000000000E+00,  1.0000000000000000E+00,  1.0000000000000000E+00,  3.7890018399999997E-01,  1.1592729999999999E-03,0
2612,  5.0000000000000000E-01,15,  1.0000000000000000E+00,  6.2500000000000000E-01,2,  3.9657025580257310E-01,114,1,500,500,0,  1.0000000000000000E+00,  1.0000000000000000E+00,  1.0000000000000000E+00,  1.0000000000000000E+00,  3.7959659600000001E-01,  1.7126859999999999E-03,0
2613,  5.0000000000000000E-01,15,  1.0000000000000000E+00,  6.2500000000000000E-01,3,  3.9657025580257310E-01,114,1,500,500,0,  1.0000000000000000E+00,  1.0000000000000000E+00,  1.0000000000000000E+00,  1.0000000000000000E+00,  3.7977031500000002E-01,  1.1471490000000001E-03,0
2614,  5.0000000000000000E-01,15,  1.0000000000000000E+00,  6.2500000000000000E-01,4,  3.9657025580257310E-01,114,1,500,500,0,  1.0000000000000000E+00,  1.0000000000000000E+00,  1.0000000000000000E+00,  1.0000000000000000E+00,  3.9015624900000001E-01,  1.4913299999999999E-03,0
2615,  5.0000000000000000E-01,15,  1.0000000000000000E+00,  6.2500000000000000E-01,5,  3.9657025580257310E-01,114,1,500,500,0,  1.0000000000000000E+00,  1.0000000000000000E+00,  1.0000000000000000E+00,  1.0000000000000000E+00,  3.8301604099999997E-01,  1.1567089999999999E-03,0
2616,  5.0000000000000000E-01,15,  1.0000000000000000E+00,  8.1250000000000000E-01,1,  3.9657025580257310E-01,114,1,500,500,0,  1.0000000000000000E+00,  1.0000000000000000E+00,  1.0000000000000000E+00,  1.0000000000000000E+00,  3.8688479900000000E-01,  1.2258330000000000E-03,0
2617,  5.0000000000000000E-01,15,  1.0000000000000000E+00,  8.1250000000000000E-01,2,  3.9657025580257310E-01,114,1,500,500,0,  1.0000000000000000E+00,  1.0000000000000000E+00,  1.0000000000000000E+00,  1.0000000000000000E+00,  3.8281310499999999E-01,  1.1569530000000001E-03,0
2618,  5.0000000000000000E-01,15,  1.0000000000000000E+00,  8.1250000000000000E-01,3,  3.9657025580257310E-01,114,1,500,500,0,  1.0000000000000000E+00,  1.0000000000000000E+00,  1.0000000000000000E+00,  1.0000000000000000E+00,  3.9744397999999997E-01,  1.2903599999999999E-03,0
2619,  5.0000000000000000E-01,15,  1.0000000000000000E+00,  8.1250000000000000E-01,4,  3.9657025580257310E-01,114,1,500,500,0,  1.0000000000000000E+00,  1.0000000000000000E+00,  1.0000000000000000E+00,  1.0000000000000000E+00,  3.9517159699999999E-01,  1.1419659999999999E-03,0
2620,  5.0000000000000000E-01,15,  1.0000000000000000E+00,  8.1250000000000000E-01,5,  3.9657025580257310E-01,114,1,500,500,0,  1.0000000000000000E+00,  1.0000000000000000E+00,  1.0000000000000000E+00,  1.0000000000000000E+00,  3.8442394499999999E-01,  1.2019509999999999E-03,0
2621,  5.0000000000000000E-01,15,  1.0000000000000000E+00,  1.0000000000000000E+00,1,  3.9657025580257310E-01,114,1,500,500,0,  1.0000000000000000E+00,  1.0000000000000000E+00,  1.0000000000000000E+00,  1.0000000000000000E+00,  3.8270211999999998E-01,  1.1401490000000000E-03,0
2622,  5.0000000000000000E-01,15,  1.0000000000000000E+00,  1.0000000000000000E+00,2,  3.9657025580257310E-01,114,1,500,500,0,  1.0000000000000000E+00,  1.0000000000000000E+00,  1.0000000000000000E+00,  1.0000000000000000E+00,  3.8367940699999997E-01,  1.2308230000000000E-03,0
2623,  5.0000000000000000E-01,15,  1.0000000000000000E+00,  1.0000000000000000E+00,3,  3.9657025580257310E-01,114,1,500,500,0,  1.0000000000000000E+00,  1.0000000000000000E+00,  1.0000000000000000E+00,  1.0000000000000000E+00,  3.8565779600000000E-01,  1.1782299999999999E-03,0
2624,  5.0000000000000000E-01,15,  1.0000000000000000E+00,  1.0000000000000000E+00,4,  3.9657025580257310E-01,114,1,500,500,0,  1.0000000000000000E+00,  1.0000000000000000E+00,  1.0000000000000000E+00,  1.0000000000000000E+00,  3.7887145100000003E-01,  1.1441810000000000E-03,0
2625,  5.0000000000000000E-01,15,  1.0000000000000000E+00,  1.0000000000000000E+00,5,  3.9657025580257310E-01,114,1,500,500,0,  1.0000000000000000E+00,  1.0000000000000000E+00,  1.0000000000000000E+00,  1.0000000000000000E+00,  3.8391376100000002E-01,  1.1360830000000000E-03,0
2626,  5.0000000000000000E-01,25,  2.5000000000000000E-01,  2.5000000000000000E-01,1,  3.9657025580257310E-01,80,3,493,493,0,  7.2960530244070487E-01,  9.8599999999999999E-01,  9.8599999999999999E-01,  8.3864374536858100E-01,  8.3545801000000003E-02,  1.1174729999999999E-03,0
2627,  5.0000000000000000E-01,25,  2.5000000000000000E-01,  2.5000000000000000E-01,2,  3.9657025580257310E-01,80,5,495,493,2,  5.7195232124957962E-01,  9.8999999999999999E-01,  9.8599999999999999E-01,  7.2503211568467230E-01,  8.2544075999999994E-02,  1.1701509999999999E-03,0
2628,  5.0000000000000000E-01,25,  2.5000000000000000E-01,  2.5000000000000000E-01,3,  3.9657025580257310E-01,80,5,495,493,2,  5.7195232124957962E-01,  9.8999999999999999E-01,  9.8599999999999999E-01,  7.2503211568467230E-01,  8.4092088999999995E-02,  1.1845610000000000E-03,0
2629,  5.0000000000000000E-01,25,  2.5000000000000000E-01,  2.5000000000000000E-01,4,  3.9657025580257310E-01,80,5,495,493,2,  5.7195232124957962E-01,  9.8999999999999999E-01,  9.8599999999999999E-01,  7.2503211568467230E-01,  8.4489836999999998E-02,  1.3205409999999999E-03,0
2630,  5.0000000000000000E-01,25,  2.5000000000000000E-01,  2.5000000000000000E-01,5,  3.9657025580257310E-01,80,5,495,493,2,  5.7195232124957962E-01,  9.8999999999999999E-01,  9.8599999999999999E-01,  7.2503211568467230E-01,  8.2532591000000002E-02,  1.2142019999999999E-03,0
2631,  5.0000000000000000E-01,25,  2.5000000000000000E-01,  4.3750000000000000E-01,1,  3.9657025580257310E-01,80,3,493,493,0,  7.2960530244070487E-01,  9.8599999999999999E-01,  9.8599999999999999E-01,  8.3864374536858100E-01,  8.6755113999999994E-02,  1.1785140000000001E-03,0
2632,  5.0000000000000000E-01,25,  2.5000000000000000E-01,  4.3750000000000000E-01,2,  3.9657025580257310E-01,80,5,495,493,2,  5.7195232124957962E-01,  9.8999999999999999E-01,  9.8599999999999999E-01,  7.2503211568467230E-01,  8.4344637000000000E-02,  1.3083620000000000E-03,0
2633,  5.0000000000000000E-01,25,  2.5000000000000000E-01,  4.3750000000000000E-01,3,  3.9657025580257310E-01,80,5,495,493,2,  5.7195232124957962E-01,  9.8999999999999999E-01,  9.8599999999999999E-01,  7.2503211568467230E-01,  8.4207169999999998E-02,  1.1845020000000000E-03,0
2634,  5.0000000000000000E-01,25,  2.5000000000000000E-01,  4.3750000000000000E-01,4,  3.9657025580257310E-01,80,5,495,493,2,  5.7195232124957962E-01,  9.8999999999999999E-01,  9.8599999999999999E-01,  7.2503211568467230E-01,  8.3162242999999997E-02,  1.2886900000000001E-03,0
2635,  5.0000000000000000E-01,25,  2.5000000000000000E-01,  4.3750000000000000E-01,5,  3.9657025580257310E-01,80,5,495,493,2,  5.7195232124957962E-01,  9.8999999999999999E-01,  9.8599999999999999E-01,  7.2503211568467230E-01,  8.5321091000000002E-02,  1.1949290000000000E-03,0
2636,  5.0000000000000000E-01,25,  2.5000000000000000E-01,  6.2500000000000000E-01,1,  3.9657025580257310E-01,80,3,493,493,0,  7.2960530244070487E-01,  9.8599999999999999E-01,  9.8599999999999999E-01,  8.3864374536858100E-01,  8.5703528000000001E-02,  1.1654720000000001E-03,0
2637,  5.0000000000000000E-01,25,  2.5000000000000000E-01,  6.2500000000000000E-01,2,  3.9657025580257310E-01,80,5,495,493,2,  5.7195232124957962E-01,  9.8999999999999999E-01,  9.8599999999999999E-01,  7.2503211568467230E-01,  8.7172951999999998E-02,  1.1529750000000001E-03,0
2638,  5.0000000000000000E-01,25,  2.5000000000000000E-01,  6.2500000000000000E-01,3,  3.9657025580257310E-01,80,5,495,493,2,  5.7195232124957962E-01,  9.8999999999999999E-01,  9.8599999999999999E-01,  7.2503211568467230E-01,  8.5074295999999994E-02,  1.1945930000000001E-03,0
2639,  5.0000000000000000E-01,25,  2.5000000000000000E-01,  6.2500000000000000E-01,4,  3.9657025580257310E-01,80,5,495,493,2,  5.7195232124957962E-01,  9.8999999999999999E-01,  9.8599999999999999E-01,  7.2503211568467230E-01,  8.3404364999999994E-02,  1.2048269999999999E-03,0
2640,  5.0000000000000000E-01,25,  2.5000000000000000E-01,  6.2500000000000000E-01,5,  3.9657025580257310E-01,80,5,495,493,2,  5.7195232124957962E-01,  9.8999999999999999E-01,  9.8599999999999999E-01,  7.2503211568467230E-01,  8.3571891999999995E-02,  1.1225000000000000E-03,0
2641,  5.0000000000000000E-01,25,  2.5000000000000000E-01,  8.1250000000000000E-01,1,  3.9657025580257310E-01,80,3,493,493,0,  7.2960530244070487E-01,  9.8599999999999999E-01,  9.8599999999999999E-01,  8.3864374536858100E-01,  8.4350101999999996E-02,  1.1610489999999999E-03,0
2642,  5.0000000000000000E-01,25,  2.5000000000000000E-01,  8.1250000000000000E-01,2,  3.9657025580257310E-01,80,5,495,493,2,  5.7195232124957962E-01,  9.8999999999999999E-01,  9.8599999999999999E-01,  7.2503211568467230E-01,  8.4320568999999998E-02,  1.5770560000000001E-03,0
2643,  5.0000000000000000E-01,25,  2.5000000000000000E-01,  8.1250000000000000E-01,3,  3.9657025580257310E-01,80,5,495,493,2,  5.7195232124957962E-01,  9.8999999999999999E-01,  9.8599999999999999E-01,  7.2503211568467230E-01,  8.4285345999999997E-02,  1.1720210000000001E-03,0
2644,  5.0000000000000000E-01,25,  2.5000000000000000E-01,  8.1250000000000000E-01,4,  3.9657025580257310E-01,80,5,495,493,2,  5.7195232124957962E-01,  9.8999999999999999E-01,  9.8599999999999999E-01,  7.2503211568467230E-01,  8.3747869000000003E-02,  1.1152050000000000E-03,0
2645,  5.0000000000000000E-01,25,  2.5000000000000000E-01,  8.1250000000000000E-01,5,  3.9657025580257310E-01,80,5,495,493,2,  5.7195232124957962E-01,  9.8999999999999999E-01,  9.8599999999999999E-01,  7.2503211568467230E-01,  8.5401900000000003E-02,  1.4998600000000000E-03,0
2646,  5.0000000000000000E-01,25,  2.5000000000000000E-01,  1.0000000000000000E+00,1,  3.9657025580257310E-01,80,3,493,493,0,  7.2960530244070487E-01,  9.8599999999999999E-01,  9.8599999999999999E-01,  8.3864374536858100E-01,  8.7489794999999995E-02,  1.1842210000000001E-03,0
2647,  5.0000000000000000E-01,25,  2.5000000000000000E-01,  1.0000000000000000E+00,2,  3.9657025580257310E-01,80,5,495,493,2,  5.7195232124957962E-01,  9.8999999999999999E-01,  9.8599999999999999E-01,  7.2503211568467230E-01,  8.4428253999999994E-02,  1.2065080000000000E-03,0
2648,  5.0000000000000000E-01,25,  2.5000000000000000E-01,  1.0000000000000000E+00,3,  3.9657025580257310E-01,80,5,495,493,2,  5.7195232124957962E-01,  9.8999999999999999E-01,  9.8599999999999999E-01,  7.2503211568467230E-01,  8.5228398999999996E-02,  1.2248970000000000E-03,0
2649,  5.0000000000000000E-01,25,  2.5000000000000000E-01,  1.0000000000000000E+00,4,  3.9657025580257310E-01,80,5,495,493,2,  5.7195232124957962E-01,  9.8999999999999999E-01,  9.8599999999999999E-01,  7.2503211568467230E-01,  8.8778961000000003E-02,  1.2342469999999999E-03,0
2650,  5.0000000000000000E-01,25,  2.5000000000000000E-01,  1.0000000000000000E+00,5,  3.9657025580257310E-01,80,5,495,493,2,  5.7195232124957962E-01,  9.8999999999999999E-01,  9.8599999999999999E-01,  7.2503211568467230E-01,  8.4458942999999995E-02,  1.2040840000000000E-03,0
2651,  5.0000000000000000E-01,25,  4.3750000000000000E-01,  2.5000000000000000E-01,1,  3.9657025580257310E-01,80,1,498,498,0,  9.9883861333365231E-01,  9.9600000000000000E-01,  9.9600000000000000E-01,  9.9741728702333110E-01,  1.3089993200000000E-01,  1.1848220000000001E-03,0
2652,  5.0000000000000000E-01,25,  4.3750000000000000E-01,  2.5000000000000000E-01,2,  3.9657025580257310E-01,80,1,498,498,0,  9.9883861333365231E-01,  9.9600000000000000E-01,  9.9600000000000000E-01,  9.9741728702333110E-01,  1.2569987799999999E-01,  1.3986510000000001E-03,0
2653,  5.0000000000000000E-01,25,  4.3750000000000000E-01,  2.5000000000000000E-01,3,  3.9657025580257310E-01,80,1,498,498,0,  9.9883861333365231E-01,  9.9600000000000000E-01,  9.9600000000000000E-01,  9.9741728702333110E-01,  1.2853766799999999E-01,  1.1068160000000000E-03,0
2654,  5.0000000000000000E-01,25,  4.3750000000000000E-01,  2.5000000000000000E-01,4,  3.9657025580257310E-01,80,1,498,498,0,  9.9883861333365231E-01,  9.9600000000000000E-01,  9.9600000000000000E-01,  9.9741728702333110E-01,  1.2611969300000000E-01,  1.1428390000000001E-03,0
2655,  5.0000000000000000E-01,25,  4.3750000000000000E-01,  2.5000000000000000E-01,5,  3.9657025580257310E-01,80,1,498,498,0,  9.9883861333365231E-01,  9.9600000000000000E-01,  9.9600000000000000E-01,  9.9741728702333110E-01,  1.2695932300000001E-01,  1.1499660000000001E-03,0
2656,  5.0000000000000000E-01,25,  4.3750000000000000E-01,  4.3750000000000000E-01,1,  3.9657025580257310E-01,80,1,498,498,0,  9.9883861333365231E-01,  9.9600000000000000E-01,  9.9600000000000000E-01,  9.9741728702333110E-01,  1.3057172100000000E-01,  1.1934520000000000E-03,0
2657,  5.0000000000000000E-01,25,  4.3750000000000000E-01,  4.3750000000000000E-01,2,  3.9657025580257310E-01,80,1,498,498,0,  9.9883861333365231E-01,  9.9600000000000000E-01,  9.9600000000000000E-01,  9.9741728702333110E-01,  1.3521496199999999E-01,  1.1065470000000000E-03,0
2658,  5.0000000000000000E-01,25,  4.3750000000000000E-01,  4.3750000000000000E-01,3,  3.9657025580257310E-01,80,1,498,498,0,  9.9883861333365231E-01,  9.9600000000000000E-01,  9.9600000000000000E-01,  9.9741728702333110E-01,  1.2696916699999999E-01,  1.1285630000000000E-03,0
2659,  5.0000000000000000E-01,25,  4.3750000000000000E-01,  4.3750000000000000E-01,4,  3.9657025580257310E-01,80,1,498,498,0,  9.9883861333365231E-01,  9.9600000000000000E-01,  9.9600000000000000E-01,  9.9741728702333110E-01,  1.2908271099999999E-01,  1.1946769999999999E-03,0
2660,  5.0000000000000000E-01,25,  4.3750000000000000E-01,  4.3750000000000000E-01,5,  3.9657025580257310E-01,80,1,498,498,0,  9.9883861333365231E-01,  9.9600000000000000E-01,  9.9600000000000000E-01,  9.9741728702333110E-01,  1.2709975400000001E-01,  1.1582920000000000E-03,0
2661,  5.0000000000000000E-01,25,  4.3750000000000000E-01,  6.2500000000000000E-01,1,  3.9657025580257310E-01,80,1,498,498,0,  9.9883861333365231E-01,  9.9600000000000000E-01,  9.9600000000000000E-01,  9.9741728702333110E-01,  1.2532221800000001E-01,  1.1858360000000000E-03,0
2662,  5.0000000000000000E-01,25,  4.3750000000000000E-01,  6.2500000000000000E-01,2,  3.9657025580257310E-01,80,1,498,498,0,  9.9883861333365231E-01,  9.9600000000000000E-01,  9.9600000000000000E-01,  9.9741728702333110E-01,  1.2800069700000000E-01,  1.1324569999999999E-03,0
2663,  5.0000000000000000E-01,25,  4.3750000000000000E-01,  6.2500000000000000E-01,3,  3.9657025580257310E-01,80,1,498,498,0,  9.9883861333365231E-01,  9.9600000000000000E-01,  9.9600000000000000E-01,  9.9741728702333110E-01,  1.2634738800000000E-01,  1.1506620000000000E-03,0
2664,  5.0000000000000000E-01,25,  4.3750000000000000E-01,  6.2500000000000000E-01,4,  3.9657025580257310E-01,80,1,498,498,0,  9.9883861333365231E-01,  9.9600000000000000E-01,  9.9600000000000000E-01,  9.9741728702333110E-01,  1.2780590100000000E-01,  1.1329549999999999E-03,0
2665,  5.0000000000000000E-01,25,  4.3750000000000000E-01,  6.2500000000000000E-01,5,  3.9657025580257310E-01,80,1,498,498,0,  9.9883861333365231E-01,  9.9600000000000000E-01,  9.9600000000000000E-01,  9.9741728702333110E-01,  1.2710248900000001E-01,  1.1312029999999999E-03,0
2666,  5.0000000000000000E-01,25,  4.3750000000000000E-01,  8.1250000000000000E-01,1,  3.9657025580257310E-01,80,1,498,498,0,  9.9883861333365231E-01,  9.9600000000000000E-01,  9.9600000000000000E-01,  9.9741728702333110E-01,  1.3100003099999999E-01,  1.1830700000000000E-03,0
2667,  5.0000000000000000E-01,25,  4.3750000000000000E-01,  8.1250000000000000E-01,2,  3.9657025580257310E-01,80,1,498,498,0,  9.9883861333365231E-01,  9.9600000000000000E-01,  9.9600000000000000E-01,  9.9741728702333110E-01,  1.2719153999999999E-01,  1.1323080000000001E-03,0
2668,  5.0000000000000000E-01,25,  4.3750000000000000E-01,  8.1250000000000000E-01,3,  3.9657025580257310E-01,80,1,498,498,0,  9.9883861333365231E-01,  9.9600000000000000E-01,  9.9600000000000000E-01,  9.9741728702333110E-01,  1.2990261900000000E-01,  1.2191690000000000E-03,0
2669,  5.0000000000000000E-01,25,  4.3750000000000000E-01,  8.1250000000000000E-01,4,  3.9657025580257310E-01,80,1,498,498,0,  9.9883861333365231E-01,  9.9600000000000000E-01,  9.9600000000000000E-01,  9.9741728702333110E-01,  1.2745179300000001E-01,  1.1739640000000000E-03,0
2670,  5.0000000000000000E-01,25,  4.3750000000000000E-01,  8.1250000000000000E-01,5,  3.9657025580257310E-01,80,1,498,498,0,  9.9883861333365231E-01,  9.9600000000000000E-01,  9.9600000000000000E-01,  9.9741728702333110E-01,  1.2763474399999999E-01,  1.1189049999999999E-03,0
2671,  5.0000000000000000E-01,25,  4.3750000000000000E-01,  1.0000000000000000E+00,1,  3.9657025580257310E-01,80,1,498,498,0,  9.9883861333365231E-01,  9.9600000000000000E-01,  9.9600000000000000E-01,  9.9741728702333110E-01,  1.2984944300000001E-01,  1.4060120000000001E-03,0
2672,  5.0000000000000000E-01,25,  4.3750000000000000E-01,  1.0000000000000000E+00,2,  3.9657025580257310E-01,80,1,498,498,0,  9.9883861333365231E-01,  9.9600000000000000E-01,  9.9600000000000000E-01,  9.9741728702333110E-01,  1.2638603800000001E-01,  1.3230449999999999E-03,0
2673,  5.0000000000000000E-01,25,  4.3750000000000000E-01,  1.0000000000000000E+00,3,  3.9657025580257310E-01,80,1,498,498,0,  9.9883861333365231E-01,  9.9600000000000000E-01,  9.9600000000000000E-01,  9.9741728702333110E-01,  1.2972260599999999E-01,  1.2317179999999999E-03,0
2674,  5.0000000000000000E-01,25,  4.3750000000000000E-01,  1.0000000000000000E+00,4,  3.9657025580257310E-01,80,1,498,498,0,  9.9883861333365231E-01,  9.9600000000000000E-01,  9.9600000000000000E-01,  9.9741728702333110E-01,  1.2946363200000000E-01,  1.2304020000000000E-03,0
2675,  5.0000000000000000E-01,25,  4.3750000000000000E-01,  1.0000000000000000E+00,5,  3.9657025580257310E-01,80,1,498,498,0,  9.9883861333365231E-01,  9.9600000000000000E-01,  9.9600000000000000E-01,  9.9741728702333110E-01,  1.3047569500000000E-01,  1.2046769999999999E-03,0
2676,  5.0000000000000000E-01,25,  6.2500000000000000E-01,  2.5000000000000000E-01,1,  3.9657025580257310E-01,80,1,498,498,0,  9.9883861333365231E-01,  9.9600000000000000E-01,  9.9600000000000000E-01,  9.9741728702333110E-01,  1.5453887399999999E-01,  1.1458960000000000E-03,0
2677,  5.0000000000000000E-01,25,  6.2500000000000000E-01,  2.5000000000000000E-01,2,  3.9657025580257310E-01,80,1,498,498,0,  9.9883861333365231E-01,  9.9600000000000000E-01,  9.9600000000000000E-01,  9.9741728702333110E-01,  1.6065666400000000E-01,  1.1615720000000000E-03,0
2678,  5.0000000000000000E-01,25,  6.2500000000000000E-01,  2.5000000000000000E-01,3,  3.9657025580257310E-01,80,1,498,498,0,  9.9883861333365231E-01,  9.9600000000000000E-01,  9.9600000000000000E-01,  9.9741728702333110E-01,  1.5762455300000000E-01,  1.1625060000000000E-03,0
2679,  5.0000000000000000E-01,25,  6.2500000000000000E-01,  2.5000000000000000E-01,4,  3.9657025580257310E-01,80,1,498,498,0,  9.9883861333365231E-01,  9.9600000000000000E-01,  9.9600000000000000E-01,  9.9741728702333110E-01,  1.5729010199999999E-01,  1.1233280000000000E-03,0
2680,  5.0000000000000000E-01,25,  6.2500000000000000E-01,  2.5000000000000000E-01,5,  3.9657025580257310E-01,80,1,498,498,0,  9.9883861333365231E-01,  9.9600000000000000E-01,  9.9600000000000000E-01,  9.9741728702333110E-01,  1.6816459000000000E-01,  1.1885430000000000E-03,0
2681,  5.0000000000000000E-01,25,  6.2500000000000000E-01,  4.3750000000000000E-01,1,  3.9657025580257310E-01,80,1,498,498,0,  9.9883861333365231E-01,  9.9600000000000000E-01,  9.9600000000000000E-01,  9.9741728702333110E-01,  1.5658582800000001E-01,  1.2266870000000000E-03,0
2682,  5.0000000000000000E-01,25,  6.2500000000000000E-01,  4.3750000000000000E-01,2,  3.9657025580257310E-01,80,1,498,498,0,  9.9883861333365231E-01,  9.9600000000000000E-01,  9.9600000000000000E-01,  9.9741728702333110E-01,  1.6593849499999999E-01,  1.3509870000000001E-03,0
2683,  5.0000000000000000E-01,25,  6.2500000000000000E-01,  4.3750000000000000E-01,3,  3.9657025580257310E-01,80,1,498,498,0,  9.9883861333365231E-01,  9.9600000000000000E-01,  9.9600000000000000E-01,  9.9741728702333110E-01,  1.6412800299999999E-01,  1.1801040000000000E-03,0
2684,  5.0000000000000000E-01,25,  6.2500000000000000E-01,  4.3750000000000000E-01,4,  3.9657025580257310E-01,80,1,498,498,0,  9.9883861333365231E-01,  9.9600000000000000E-01,  9.9600000000000000E-01,  9.9741728702333110E-01,  1.5688887400000001E-01,  1.1423640000000001E-03,0
2685,  5.0000000000000000E-01,25,  6.2500000000000000E-01,  4.3750000000000000E-01,5,  3.9657025580257310E-01,80,1,498,498,0,  9.9883861333365231E-01,  9.9600000000000000E-01,  9.9600000000000000E-01,  9.9741728702333110E-01,  1.5753386000000000E-01,  1.1372240000000000E-03,0
2686,  5.0000000000000000E-01,25,  6.2500000000000000E-01,  6.2500000000000000E-01,1,  3.9657025580257310E-01,80,1,498,498,0,  9.9883861333365231E-01,  9.9600000000000000E-01,  9.9600000000000000E-01,  9.9741728702333110E-01,  1.6023240499999999E-01,  1.9152069999999999E-03,0
2687,  5.0000000000000000E-01,25,  6.2500000000000000E-01,  6.2500000000000000E-01,2,  3.9657025580257310E-01,80,1,498,498,0,  9.9883861333365231E-01,  9.9600000000000000E-01,  9.9600000000000000E-01,  9.9741728702333110E-01,  1.6066460799999999E-01,  1.4906510000000000E-03,0
2688,  5.0000000000000000E-01,25,  6.2500000000000000E-01,  6.2500000000000000E-01,3,  3.9657025580257310E-01,80,1,498,498,0,  9.9883861333365231E-01,  9.9600000000000000E-01,  9.9600000000000000E-01,  9.9741728702333110E-01,  1.5462889799999999E-01,  1.1973970000000000E-03,0
2689,  5.0000000000000000E-01,25,  6.2500000000000000E-01,  6.2500000000000000E-01,4,  3.9657025580257310E-01,80,1,498,498,0,  9.9883861333365231E-01,  9.9600000000000000E-01,  9.9600000000000000E-01,  9.9741728702333110E-01,  1.5420147400000001E-01,  1.3752310000000000E-03,0
2690,  5.0000000000000000E-01,25,  6.2500000000000000E-01,  6.2500000000000000E-01,5,  3.9657025580257310E-01,80,1,498,498,0,  9.9883861333365231E-01,  9.9600000000000000E-01,  9.9600000000000000E-01,  9.9741728702333110E-01,  1.5746641500000000E-01,  1.1880079999999999E-03,0
2691,  5.0000000000000000E-01,25,  6.2500000000000000E-01,  8.1250000000000000E-01,1,  3.9657025580257310E-01,80,1,498,498,0,  9.9883861333365231E-01,  9.9600000000000000E-01,  9.9600000000000000E-01,  9.9741728702333110E-01,  1.5825098600000001E-01,  1.3094700000000001E-03,0
2692,  5.0000000000000000E-01,25,  6.2500000000000000E-01,  8.1250000000000000E-01,2,  3.9657025580257310E-01,80,1,498,498,0,  9.9883861333365231E-01,  9.9600000000000000E-01,  9.9600000000000000E-01,  9.9741728702333110E-01,  1.5650449499999999E-01,  1.1129700000000000E-03,0
2693,  5.0000000000000000E-01,25,  6.2500000000000000E-01,  8.1250000000000000E-01,3,  3.9657025580257310E-01,80,1,498,498,0,  9.9883861333365231E-01,  9.9600000000000000E-01,  9.9600000000000000E-01,  9.9741728702333110E-01,  1.6379670499999999E-01,  1.2220320000000001E-03,0
2694,  5.0000000000000000E-01,25,  6.2500000000000000E-01,  8.1250000000000000E-01,4,  3.9657025580257310E-01,80,1,498,498,0,  9.9883861333365231E-01,  9.9600000000000000E-01,  9.9600000000000000E-01,  9.9741728702333110E-01,  1.5752893700000001E-01,  1.1233120000000000E-03,0
2695,  5.0000000000000000E-01,25,  6.2500000000000000E-01,  8.1250000000000000E-01,5,  3.9657025580257310E-01,80,1,498,498,0,  9.9883861333365231E-01,  9.9600000000000000E-01,  9.9600000000000000E-01,  9.9741728702333110E-01,  1.5430880699999999E-01,  1.1907319999999999E-03,0
2696,  5.0000000000000000E-01,25,  6.2500000000000000E-01,  1.0000000000000000E+00,1,  3.9657025580257310E-01,80,1,498,498,0,  9.9883861333365231E-01,  9.9600000000000000E-01,  9.9600000000000000E-01,  9.9741728702333110E-01,  1.5876855400000001E-01,  1.1337190000000000E-03,0
2697,  5.0000000000000000E-01,25,  6.2500000000000000E-01,  1.0000000000000000E+00,2,  3.9657025580257310E-01,80,1,498,498,0,  9.9883861333365231E-01,  9.9600000000000000E-01,  9.9600000000000000E-01,  9.9741728702333110E-01,  1.5575372400000001E-01,  1.1465880000000000E-03,0
2698,  5.0000000000000000E-01,25,  6.2500000000000000E-01,  1.0000000000000000E+00,3,  3.9657025580257310E-01,80,1,498,498,0,  9.9883861333365231E-01,  9.9600000000000000E-01,  9.9600000000000000E-01,  9.9741728702333110E-01,  1.5780193500000000E-01,  1.1992430000000000E-03,0
2699,  5.0000000000000000E-01,25,  6.2500000000000000E-01,  1.0000000000000000E+00,4,  3.9657025580257310E-01,80,1,498,498,0,  9.9883861333365231E-01,  9.9600000000000000E-01,  9.9600000000000000E-01,  9.9741728702333110E-01,  1.5634550799999999E-01,  1.1602690000000000E-03,0
2700,  5.0000000000000000E-01,25,  6.2500000000000000E-01,  1.0000000000000000E+00,5,  3.9657025580257310E-01,80,1,498,498,0,  9.9883861333365231E-01,  9.9600000000000000E-01,  9.9600000000000000E-01,  9.9741728702333110E-01,  1.5885367000000000E-01,  1.1242970000000000E-03,0
2701,  5.0000000000000000E-01,25,  8.1250000000000000E-01,  2.5000000000000000E-01,1,  3.9657025580257310E-01,80,1,499,499,0,  9.9966974523881247E-01,  9.9800000000000000E-01,  9.9800000000000000E-01,  9.9883417479406011E-01,  2.0018333499999999E-01,  1.1509590000000000E-03,0
2702,  5.0000000000000000E-01,25,  8.1250000000000000E-01,  2.5000000000000000E-01,2,  3.9657025580257310E-01,80,1,499,499,0,  9.9966974523881247E-01,  9.9800000000000000E-01,  9.9800000000000000E-01,  9.9883417479406011E-01,  2.0070249700000001E-01,  1.1051150000000000E-03,0
2703,  5.0000000000000000E-01,25,  8.1250000000000000E-01,  2.5000000000000000E-01,3,  3.9657025580257310E-01,80,1,499,499,0,  9.9966974523881247E-01,  9.9800000000000000E-01,  9.9800000000000000E-01,  9.9883417479406011E-01,  2.0268060299999999E-01,  1.2225380000000000E-03,0
2704,  5.0000000000000000E-01,25,  8.1250000000000000E-01,  2.5000000000000000E-01,4,  3.9657025580257310E-01,80,1,499,499,0,  9.9966974523881247E-01,  9.9800000000000000E-01,  9.9800000000000000E-01,  9.9883417479406011E-01,  2.0304250800000001E-01,  1.1893470000000001E-03,0
2705,  5.0000000000000000E-01,25,  8.1250000000000000E-01,  2.5000000000000000E-01,5,  3.9657025580257310E-01,80,1,499,499,0,  9.9966974523881247E-01,  9.9800000000000000E-01,  9.9800000000000000E-01,  9.9883417479406011E-01,  2.0024837000000001E-01,  1.2025160000000000E-03,0
2706,  5.0000000000000000E-01,25,  8.1250000000000000E-01,  4.3750000000000000E-01,1,  3.9657025580257310E-01,80,1,499,499,0,  9.9966974523881247E-01,  9.9800000000000000E-01,  9.9800000000000000E-01,  9.9883417479406011E-01,  2.0297309299999999E-01,  1.1451820000000000E-03,0
2707,  5.0000000000000000E-01,25,  8.1250000000000000E-01,  4.3750000000000000E-01,2,  3.9657025580257310E-01,80,1,499,499,0,  9.9966974523881247E-01,  9.9800000000000000E-01,  9.9800000000000000E-01,  9.9883417479406011E-01,  1.9924896800000000E-01,  1.3803390000000000E-03,0
2708,  5.0000000000000000E-01,25,  8.1250000000000000E-01,  4.3750000000000000E-01,3,  3.9657025580257310E-01,80,1,499,499,0,  9.9966974523881247E-01,  9.9800000000000000E-01,  9.9800000000000000E-01,  9.9883417479406011E-01,  2.0182617400000000E-01,  1.1926580000000001E-03,0
2709,  5.0000000000000000E-01,25,  8.1250000000000000E-01,  4.3750000000000000E-01,4,  3.9657025580257310E-01,80,1,499,499,0,  9.9966974523881247E-01,  9.9800000000000000E-01,  9.9800000000000000E-01,  9.9883417479406011E-01,  2.0109788900000000E-01,  1.8246330000000000E-03,0
2710,  5.0000000000000000E-01,25,  8.1250000000000000E-01,  4.3750000000000000E-01,5,  3.9657025580257310E-01,80,1,499,499,0,  9.9966974523881247E-01,  9.9800000000000000E-01,  9.9800000000000000E-01,  9.9883417479406011E-01,  1.9898206399999999E-01,  1.1714500000000001E-03,0
2711,  5.0000000000000000E-01,25,  8.1250000000000000E-01,  6.2500000000000000E-01,1,  3.9657025580257310E-01,80,1,499,499,0,  9.9966974523881247E-01,  9.9800000000000000E-01,  9.9800000000000000E-01,  9.9883417479406011E-01,  2.0176827700000000E-01,  1.1673860000000001E-03,0
2712,  5.0000000000000000E-01,25,  8.1250000000000000E-01,  6.2500000000000000E-01,2,  3.9657025580257310E-01,80,1,499,499,0,  9.9966974523881247E-01,  9.9800000000000000E-01,  9.9800000000000000E-01,  9.9883417479406011E-01,  2.0173582800000001E-01,  1.1708020000000001E-03,0
2713,  5.0000000000000000E-01,25,  8.1250000000000000E-01,  6.2500000000000000E-01,3,  3.9657025580257310E-01,80,1,499,499,0,  9.9966974523881247E-01,  9.9800000000000000E-01,  9.9800000000000000E-01,  9.9883417479406011E-01,  1.9960721500000000E-01,  1.2316530000000001E-03,0
2714,  5.0000000000000000E-01,25,  8.1250000000000000E-01,  6.2500000000000000E-01,4,  3.9657025580257310E-01,80,1,499,499,0,  9.9966974523881247E-01,  9.9800000000000000E-01,  9.9800000000000000E-01,  9.9883417479406011E-01,  1.9983108399999999E-01,  1.1279739999999999E-03,0
2715,  5.0000000000000000E-01,25,  8.1250000000000000E-01,  6.2500000000000000E-01,5,  3.9657025580257310E-01,80,1,499,499,0,  9.9966974523881247E-01,  9.9800000000000000E-01,  9.9800000000000000E-01,  9.9883417479406011E-01,  1.9872350799999999E-01,  1.6992310000000000E-03,0
2716,  5.0000000000000000E-01,25,  8.1250000000000000E-01,  8.1250000000000000E-01,1,  3.9657025580257310E-01,80,1,499,499,0,  9.9966974523881247E-01,  9.9800000000000000E-01,  9.9800000000000000E-01,  9.9883417479406011E-01,  1.9807707799999999E-01,  1.1733000000000000E-03,0
2717,  5.0000000000000000E-01,25,  8.1250000000000000E-01,  8.1250000000000000E-01,2,  3.9657025580257310E-01,80,1,499,499,0,  9.9966974523881247E-01,  9.9800000000000000E-01,  9.9800000000000000E-01,  9.9883417479406011E-01,  2.0119746199999999E-01,  1.1793280000000001E-03,0
2718,  5.0000000000000000E-01,25,  8.1250000000000000E-01,  8.1250000000000000E-01,3,  3.9657025580257310E-01,80,1,499,499,0,  9.9966974523881247E-01,  9.9800000000000000E-01,  9.9800000000000000E-01,  9.9883417479406011E-01,  1.9633069800000000E-01,  1.3125389999999999E-03,0
2719,  5.0000000000000000E-01,25,  8.1250000000000000E-01,  8.1250000000000000E-01,4,  3.9657025580257310E-01,80,1,499,499,0,  9.9966974523881247E-01,  9.9800000000000000E-01,  9.9800000000000000E-01,  9.9883417479406011E-01,  2.0052180800000000E-01,  1.4849990000000001E-03,0
2720,  5.0000000000000000E-01,25,  8.1250000000000000E-01,  8.1250000000000000E-01,5,  3.9657025580257310E-01,80,1,499,499,0,  9.9966974523881247E-01,  9.9800000000000000E-01,  9.9800000000000000E-01,  9.9883417479406011E-01,  2.0103923000000001E-01,  1.2175770000000001E-03,0
2721,  5.0000000000000000E-01,25,  8.1250000000000000E-01,  1.0000000000000000E+00,1,  3.9657025580257310E-01,80,1,499,499,0,  9.9966974523881247E-01,  9.9800000000000000E-01,  9.9800000000000000E-01,  9.9883417479406011E-01,  2.0112547400000000E-01,  1.3313859999999999E-03,0
2722,  5.0000000000000000E-01,25,  8.1250000000000000E-01,  1.0000000000000000E+00,2,  3.9657025580257310E-01,80,1,499,499,0,  9.9966974523881247E-01,  9.9800000000000000E-01,  9.9800000000000000E-01,  9.9883417479406011E-01,  2.0350075200000001E-01,  1.1508130000000001E-03,0
2723,  5.0000000000000000E-01,25,  8.1250000000000000E-01,  1.0000000000000000E+00,3,  3.9657025580257310E-01,80,1,499,499,0,  9.9966974523881247E-01,  9.9800000000000000E-01,  9.9800000000000000E-01,  9.9883417479406011E-01,  1.9812434900000001E-01,  1.1673160000000001E-03,0
2724,  5.0000000000000000E-01,25,  8.1250000000000000E-01,  1.0000000000000000E+00,4,  3.9657025580257310E-01,80,1,499,499,0,  9.9966974523881247E-01,  9.9800000000000000E-01,  9.9800000000000000E-01,  9.9883417479406011E-01,  2.0118085999999999E-01,  1.4128050000000001E-03,0
2725,  5.0000000000000000E-01,25,  8.1250000000000000E-01,  1.0000000000000000E+00,5,  3.9657025580257310E-01,80,1,499,499,0,  9.9966974523881247E-01,  9.9800000000000000E-01,  9.9800000000000000E-01,  9.9883417479406011E-01,  2.0188766599999999E-01,  1.2326139999999999E-03,0
2726,  5.0000000000000000E-01,25,  1.0000000000000000E+00,  2.5000000000000000E-01,1,  3.9657025580257310E-01,80,1,499,499,0,  9.9966974523881247E-01,  9.9800000000000000E-01,  9.9800000000000000E-01,  9.9883417479406011E-01,  2.6354231400000000E-01,  1.1226710000000000E-03,0
2727,  5.0000000000000000E-01,25,  1.0000000000000000E+00,  2.5000000000000000E-01,2,  3.9657025580257310E-01,80,2,500,499,1,  8.6331205812230249E-01,  1.0000000000000000E+00,  9.9800000000000000E-01,  9.2664248520162484E-01,  2.6447890299999999E-01,  1.4754000000000000E-03,0
2728,  5.0000000000000000E-01,25,  1.0000000000000000E+00,  2.5000000000000000E-01,3,  3.9657025580257310E-01,80,2,500,499,1,  8.6331205812230249E-01,  1.0000000000000000E+00,  9.9800000000000000E-01,  9.2664248520162484E-01,  2.7178203299999998E-01,  1.2470290000000000E-03,0
2729,  5.0000000000000000E-01,25,  1.0000000000000000E+00,  2.5000000000000000E-01,4,  3.9657025580257310E-01,80,2,500,499,1,  8.6331205812230249E-01,  1.0000000000000000E+00,  9.9800000000000000E-01,  9.2664248520162484E-01,  2.9041461899999998E-01,  1.9946080000000001E-03,0
2730,  5.0000000000000000E-01,25,  1.0000000000000000E+00,  2.5000000000000000E-01,5,  3.9657025580257310E-01,80,2,500,499,1,  8.6331205812230249E-01,  1.0000000000000000E+00,  9.9800000000000000E-01,  9.2664248520162484E-01,  3.1729432800000001E-01,  1.1620809999999999E-03,0
2731,  5.0000000000000000E-01,25,  1.0000000000000000E+00,  4.3750000000000000E-01,1,  3.9657025580257310E-01,80,1,500,500,0,  1.0000000000000000E+00,  1.0000000000000000E+00,  1.0000000000000000E+00,  1.0000000000000000E+00,  3.2149279500000000E-01,  1.2419099999999999E-03,0
2732,  5.0000000000000000E-01,25,  1.0000000000000000E+00,  4.3750000000000000E-01,2,  3.9657025580257310E-01,80,1,500,500,0,  1.0000000000000000E+00,  1.0000000000000000E+00,  1.0000000000000000E+00,  1.0000000000000000E+00,  3.0095157000000000E-01,  1.4297590000000001E-03,0
2733,  5.0000000000000000E-01,25,  1.0000000000000000E+00,  4.3750000000000000E-01,3,  3.9657025580257310E-01,80,1,500,500,0,  1.0000000000000000E+00,  1.0000000000000000E+00,  1.0000000000000000E+00,  1.0000000000000000E+00,  2.9745114000000000E-01,  1.1954240000000001E-03,0
2734,  5.0000000000000000E-01,25,  1.0000000000000000E+00,  4.3750000000000000E-01,4,  3.9657025580257310E-01,80,1,500,500,0,  1.0000000000000000E+00,  1.0000000000000000E+00,  1.0000000000000000E+00,  1.0000000000000000E+00,  2.6186583499999999E-01,  1.3704120000000001E-03,0
2735,  5.0000000000000000E-01,25,  1.0000000000000000E+00,  4.3750000000000000E-01,5,  3.9657025580257310E-01,80,1,500,500,0,  1.0000000000000000E+00,  1.0000000000000000E+00,  1.0000000000000000E+00,  1.0000000000000000E+00,  2.5966916600000001E-01,  1.1105010000000001E-03,0
2736,  5.0000000000000000E-01,25,  1.0000000000000000E+00,  6.2500000000000000E-01,1,  3.9657025580257310E-01,80,1,500,500,0,  1.0000000000000000E+00,  1.0000000000000000E+00,  1.0000000000000000E+00,  1.0000000000000000E+00,  2.7316784599999999E-01,  1.1577050000000000E-03,0
2737,  5.0000000000000000E-01,25,  1.0000000000000000E+00,  6.2500000000000000E-01,2,  3.9657025580257310E-01,80,1,500,500,0,  1.0000000000000000E+00,  1.0000000000000000E+00,  1.0000000000000000E+00,  1.0000000000000000E+00,  2.6329353200000000E-01,  1.1706980000000000E-03,0
2738,  5.0000000000000000E-01,25,  1.0000000000000000E+00,  6.2500000000000000E-01,3,  3.9657025580257310E-01,80,1,500,500,0,  1.0000000000000000E+00,  1.0000000000000000E+00,  1.0000000000000000E+00,  1.0000000000000000E+00,  2.6727062200000001E-01,  1.1452439999999999E-03,0
2739,  5.0000000000000000E-01,25,  1.0000000000000000E+00,  6.2500000000000000E-01,4,  3.9657025580257310E-01,80,1,500,500,0,  1.0000000000000000E+00,  1.0000000000000000E+00,  1.0000000000000000E+00,  1.0000000000000000E+00,  2.6443760999999999E-01,  1.2111209999999999E-03,0
2740,  5.0000000000000000E-01,25,  1.0000000000000000E+00,  6.2500000000000000E-01,5,  3.9657025580257310E-01,80,1,500,500,0,  1.0000000000000000E+00,  1.0000000000000000E+00,  1.0000000000000000E+00,  1.0000000000000000E+00,  2.6576063900000002E-01,  1.2698820000000000E-03,0
2741,  5.0000000000000000E-01,25,  1.0000000000000000E+00,  8.1250000000000000E-01,1,  3.9657025580257310E-01,80,1,500,500,0,  1.0000000000000000E+00,  1.0000000000000000E+00,  1.0000000000000000E+00,  1.0000000000000000E+00,  2.6359843599999999E-01,  1.1297639999999999E-03,0
2742,  5.0000000000000000E-01,25,  1.0000000000000000E+00,  8.1250000000000000E-01,2,  3.9657025580257310E-01,80,1,500,500,0,  1.0000000000000000E+00,  1.0000000000000000E+00,  1.0000000000000000E+00,  1.0000000000000000E+00,  2.6798004300000000E-01,  1.2320180000000001E-03,0
2743,  5.0000000000000000E-01,25,  1.0000000000000000E+00,  8.1250000000000000E-01,3,  3.9657025580257310E-01,80,1,500,500,0,  1.0000000000000000E+00,  1.0000000000000000E+00,  1.0000000000000000E+00,  1.0000000000000000E+00,  2.6360914600000002E-01,  1.1679170000000001E-03,0
2744,  5.0000000000000000E-01,25,  1.0000000000000000E+00,  8.1250000000000000E-01,4,  3.9657025580257310E-01,80,1,500,500,0,  1.0000000000000000E+00,  1.0000000000000000E+00,  1.0000000000000000E+00,  1.0000000000000000E+00,  2.6335396700000002E-01,  1.1391100000000000E-03,0
2745,  5.0000000000000000E-01,25,  1.0000000000000000E+00,  8.1250000000000000E-01,5,  3.9657025580257310E-01,80,1,500,500,0,  1.0000000000000000E+00,  1.0000000000000000E+00,  1.0000000000000000E+00,  1.0000000000000000E+00,  3.0055524700000003E-01,  1.4185150000000000E-03,0
2746,  5.0000000000000000E-01,25,  1.0000000000000000E+00,  1.0000000000000000E+00,1,  3.9657025580257310E-01,80,1,500,500,0,  1.0000000000000000E+00,  1.0000000000000000E+00,  1.0000000000000000E+00,  1.0000000000000000E+00,  2.6341430999999998E-01,  1.1282200000000001E-03,0
2747,  5.0000000000000000E-01,25,  1.0000000000000000E+00,  1.0000000000000000E+00,2,  3.9657025580257310E-01,80,1,500,500,0,  1.0000000000000000E+00,  1.0000000000000000E+00,  1.0000000000000000E+00,  1.0000000000000000E+00,  2.6407890000000001E-01,  1.1798770000000000E-03,0
2748,  5.0000000000000000E-01,25,  1.0000000000000000E+00,  1.0000000000000000E+00,3,  3.9657025580257310E-01,80,1,500,500,0,  1.0000000000000000E+00,  1.0000000000000000E+00,  1.0000000000000000E+00,  1.0000000000000000E+00,  2.6382683200000001E-01,  1.1231069999999999E-03,0
2749,  5.0000000000000000E-01,25,  1.0000000000000000E+00,  1.0000000000000000E+00,4,  3.9657025580257310E-01,80,1,500,500,0,  1.0000000000000000E+00,  1.0000000000000000E+00,  1.0000000000000000E+00,  1.0000000000000000E+00,  2.5877959800000000E-01,  1.2505550000000000E-03,0
2750,  5.0000000000000000E-01,25,  1.0000000000000000E+00,  1.0000000000000000E+00,5,  3.9657025580257310E-01,80,1,500,500,0,  1.0000000000000000E+00,  1.0000000000000000E+00,  1.0000000000000000E+00,  1.0000000000000000E+00,  2.6077689799999998E-01,  1.1048740000000000E-03,0
2751,  5.0000000000000000E-01,35,  2.5000000000000000E-01,  2.5000000000000000E-01,1,  3.9657025580257310E-01,65,5,495,495,0,  6.0563716740807783E-01,  9.8999999999999999E-01,  9.8999999999999999E-01,  7.5152523140075067E-01,  7.0418665000000005E-02,  1.1167670000000001E-03,0
2752,  5.0000000000000000E-01,35,  2.5000000000000000E-01,  2.5000000000000000E-01,2,  3.9657025580257310E-01,65,6,496,495,1,  5.7644332262976772E-01,  9.9199999999999999E-01,  9.8999999999999999E-01,  7.2917110589620071E-01,  7.0118148000000005E-02,  1.1685170000000000E-03,0
2753,  5.0000000000000000E-01,35,  2.5000000000000000E-01,  2.5000000000000000E-01,3,  3.9657025580257310E-01,65,6,496,495,1,  5.7644332262976772E-01,  9.9199999999999999E-01,  9.8999999999999999E-01,  7.2917110589620071E-01,  6.9053150999999993E-02,  1.1563900000000000E-03,0
2754,  5.0000000000000000E-01,35,  2.5000000000000000E-01,  2.5000000000000000E-01,4,  3.9657025580257310E-01,65,6,496,495,1,  5.7644332262976772E-01,  9.9199999999999999E-01,  9.8999999999999999E-01,  7.2917110589620071E-01,  7.0472725999999999E-02,  1.1602810000000000E-03,0
2755,  5.0000000000000000E-01,35,  2.5000000000000000E-01,  2.5000000000000000E-01,5,  3.9657025580257310E-01,65,7,500,495,5,  5.2179172794618556E-01,  1.0000000000000000E+00,  9.8999999999999999E-01,  6.8575971121934953E-01,  7.1939200999999994E-02,  1.2041360000000000E-03,0
2756,  5.0000000000000000E-01,35,  2.5000000000000000E-01,  4.3750000000000000E-01,1,  3.9657025580257310E-01,65,5,495,495,0,  6.0563716740807783E-01,  9.8999999999999999E-01,  9.8999999999999999E-01,  7.5152523140075067E-01,  6.9145403999999994E-02,  1.1250940000000001E-03,0
2757,  5.0000000000000000E-01,35,  2.5000000000000000E-01,  4.3750000000000000E-01,2,  3.9657025580257310E-01,65,6,496,495,1,  5.7644332262976772E-01,  9.9199999999999999E-01,  9.8999999999999999E-01,  7.2917110589620071E-01,  6.8954427999999998E-02,  1.1816320000000000E-03,0
2758,  5.0000000000000000E-01,35,  2.5000000000000000E-01,  4.3750000000000000E-01,3,  3.9657025580257310E-01,65,6,496,495,1,  5.7644332262976772E-01,  9.9199999999999999E-01,  9.8999999999999999E-01,  7.2917110589620071E-01,  6.8674836000000003E-02,  1.1417610000000000E-03,0
2759,  5.0000000000000000E-01,35,  2.5000000000000000E-01,  4.3750000000000000E-01,4,  3.9657025580257310E-01,65,6,496,495,1,  5.7644332262976772E-01,  9.9199999999999999E-01,  9.8999999999999999E-01,  7.2917110589620071E-01,  7.0850604999999997E-02,  1.1774349999999999E-03,0
2760,  5.0000000000000000E-01,35,  2.5000000000000000E-01,  4.3750000000000000E-01,5,  3.9657025580257310E-01,65,7,500,495,5,  5.2179172794618556E-01,  1.0000000000000000E+00,  9.8999999999999999E-01,  6.8575971121934953E-01,  7.1660718999999998E-02,  1.2268890000000001E-03,0
2761,  5.0000000000000000E-01,35,  2.5000000000000000E-01,  6.2500000000000000E-01,1,  3.9657025580257310E-01,65,5,495,495,0,  6.0563716740807783E-01,  9.8999999999999999E-01,  9.8999999999999999E-01,  7.5152523140075067E-01,  7.2950868000000002E-02,  1.3633180000000001E-03,0
2762,  5.0000000000000000E-01,35,  2.5000000000000000E-01,  6.2500000000000000E-01,2,  3.9657025580257310E-01,65,6,496,495,1,  5.7644332262976772E-01,  9.9199999999999999E-01,  9.8999999999999999E-01,  7.2917110589620071E-01,  6.9707494999999994E-02,  1.1069590000000000E-03,0
2763,  5.0000000000000000E-01,35,  2.5000000000000000E-01,  6.2500000000000000E-01,3,  3.9657025580257310E-01,65,6,496,495,1,  5.7644332262976772E-01,  9.9199999999999999E-01,  9.8999999999999999E-01,  7.2917110589620071E-01,  7.0500874000000005E-02,  1.2409780000000000E-03,0
2764,  5.0000000000000000E-01,35,  2.5000000000000000E-01,  6.2500000000000000E-01,4,  3.9657025580257310E-01,65,6,496,495,1,  5.7644332262976772E-01,  9.9199999999999999E-01,  9.8999999999999999E-01,  7.2917110589620071E-01,  6.8338296000000007E-02,  1.2001950000000000E-03,0
2765,  5.0000000000000000E-01,35,  2.5000000000000000E-01,  6.2500000000000000E-01,5,  3.9657025580257310E-01,65,7,500,495,5,  5.2179172794618556E-01,  1.0000000000000000E+00,  9.8999999999999999E-01,  6.8575971121934953E-01,  6.8843038999999995E-02,  1.2157970000000000E-03,0
2766,  5.0000000000000000E-01,35,  2.5000000000000000E-01,  8.1250000000000000E-01,1,  3.9657025580257310E-01,65,5,495,495,0,  6.0563716740807783E-01,  9.8999999999999999E-01,  9.8999999999999999E-01,  7.5152523140075067E-01,  7.0161774999999996E-02,  1.4300039999999999E-03,0
2767,  5.0000000000000000E-01,35,  2.5000000000000000E-01,  8.1250000000000000E-01,2,  3.9657025580257310E-01,65,6,496,495,1,  5.7644332262976772E-01,  9.9199999999999999E-01,  9.8999999999999999E-01,  7.2917110589620071E-01,  6.9865736999999997E-02,  1.2351070000000000E-03,0
2768,  5.0000000000000000E-01,35,  2.5000000000000000E-01,  8.1250000000000000E-01,3,  3.9657025580257310E-01,65,6,496,495,1,  5.7644332262976772E-01,  9.9199999999999999E-01,  9.8999999999999999E-01,  7.2917110589620071E-01,  6.9326691999999995E-02,  1.1676860000000000E-03,0
2769,  5.0000000000000000E-01,35,  2.5000000000000000E-01,  8.1250000000000000E-01,4,  3.9657025580257310E-01,65,6,496,495,1,  5.7644332262976772E-01,  9.9199999999999999E-01,  9.8999999999999999E-01,  7.2917110589620071E-01,  6.9832889999999995E-02,  1.1894510000000000E-03,0
2770,  5.0000000000000000E-01,35,  2.5000000000000000E-01,  8.1250000000000000E-01,5,  3.9657025580257310E-01,65,7,500,495,5,  5.2179172794618556E-01,  1.0000000000000000E+00,  9.8999999999999999E-01,  6.8575971121934953E-01,  7.0725584999999994E-02,  1.1274220000000001E-03,0
2771,  5.0000000000000000E-01,35,  2.5000000000000000E-01,  1.0000000000000000E+00,1,  3.9657025580257310E-01,65,5,495,495,0,  6.0563716740807783E-01,  9.8999999999999999E-01,  9.8999999999999999E-01,  7.5152523140075067E-01,  6.9879404000000006E-02,  1.1391280000000001E-03,0
2772,  5.0000000000000000E-01,35,  2.5000000000000000E-01,  1.0000000000000000E+00,2,  3.9657025580257310E-01,65,6,496,495,1,  5.7644332262976772E-01,  9.9199999999999999E-01,  9.8999999999999999E-01,  7.2917110589620071E-01,  6.9329545000000006E-02,  1.1271269999999999E-03,0
2773,  5.0000000000000000E-01,35,  2.5000000000000000E-01,  1.0000000000000000E+00,3,  3.9657025580257310E-01,65,6,496,495,1,  5.7644332262976772E-01,  9.9199999999999999E-01,  9.8999999999999999E-01,  7.2917110589620071E-01,  6.9756375999999995E-02,  1.1904290000000000E-03,0
2774,  5.0000000000000000E-01,35,  2.5000000000000000E-01,  1.0000000000000000E+00,4,  3.9657025580257310E-01,65,6,496,495,1,  5.7644332262976772E-01,  9.9199999999999999E-01,  9.8999999999999999E-01,  7.2917110589620071E-01,  7.2343319000000003E-02,  1.1821230000000000E-03,0
2775,  5.0000000000000000E-01,35,  2.5000000000000000E-01,  1.0000000000000000E+00,5,  3.9657025580257310E-01,65,7,500,495,5,  5.2179172794618556E-01,  1.0000000000000000E+00,  9.8999999999999999E-01,  6.8575971121934953E-01,  7.0791122999999997E-02,  1.2095430000000000E-03,0
2776,  5.0000000000000000E-01,35,  4.3750000000000000E-01,  2.5000000000000000E-01,1,  3.9657025580257310E-01,65,2,499,499,0,  8.4145088820133285E-01,  9.9800000000000000E-01,  9.9800000000000000E-01,  9.1306377551191831E-01,  9.9424708000000001E-02,  1.2786770000000000E-03,0
2777,  5.0000000000000000E-01,35,  4.3750000000000000E-01,  2.5000000000000000E-01,2,  3.9657025580257310E-01,65,2,499,499,0,  8.4145088820133285E-01,  9.9800000000000000E-01,  9.9800000000000000E-01,  9.1306377551191831E-01,  9.8320050000000006E-02,  1.5927140000000001E-03,0
2778,  5.0000000000000000E-01,35,  4.3750000000000000E-01,  2.5000000000000000E-01,3,  3.9657025580257310E-01,65,2,499,499,0,  8.4145088820133285E-01,  9.9800000000000000E-01,  9.9800000000000000E-01,  9.1306377551191831E-01,  1.0005048000000000E-01,  1.1855609999999999E-03,0
2779,  5.0000000000000000E-01,35,  4.3750000000000000E-01,  2.5000000000000000E-01,4,  3.9657025580257310E-01,65,2,499,499,0,  8.4145088820133285E-01,  9.9800000000000000E-01,  9.9800000000000000E-01,  9.1306377551191831E-01,  1.0090865100000000E-01,  1.2085040000000000E-03,0
2780,  5.0000000000000000E-01,35,  4.3750000000000000E-01,  2.5000000000000000E-01,5,  3.9657025580257310E-01,65,2,499,499,0,  8.4145088820133285E-01,  9.9800000000000000E-01,  9.9800000000000000E-01,  9.1306377551191831E-01,  1.0080186300000001E-01,  1.1672140000000000E-03,0
2781,  5.0000000000000000E-01,35,  4.3750000000000000E-01,  4.3750000000000000E-01,1,  3.9657025580257310E-01,65,2,499,499,0,  8.4145088820133285E-01,  9.9800000000000000E-01,  9.9800000000000000E-01,  9.1306377551191831E-01,  1.0283799500000000E-01,  1.2319650000000000E-03,0
2782,  5.0000000000000000E-01,35,  4.3750000000000000E-01,  4.3750000000000000E-01,2,  3.9657025580257310E-01,65,2,499,499,0,  8.4145088820133285E-01,  9.9800000000000000E-01,  9.9800000000000000E-01,  9.1306377551191831E-01,  9.8404174999999997E-02,  1.1447160000000000E-03,0
2783,  5.0000000000000000E-01,35,  4.3750000000000000E-01,  4.3750000000000000E-01,3,  3.9657025580257310E-01,65,2,499,499,0,  8.4145088820133285E-01,  9.9800000000000000E-01,  9.9800000000000000E-01,  9.1306377551191831E-01,  9.8393237999999994E-02,  1.1478040000000001E-03,0
2784,  5.0000000000000000E-01,35,  4.3750000000000000E-01,  4.3750000000000000E-01,4,  3.9657025580257310E-01,65,2,499,499,0,  8.4145088820133285E-01,  9.9800000000000000E-01,  9.9800000000000000E-01,  9.1306377551191831E-01,  9.8201132999999996E-02,  1.2347590000000000E-03,0
2785,  5.0000000000000000E-01,35,  4.3750000000000000E-01,  4.3750000000000000E-01,5,  3.9657025580257310E-01,65,2,499,499,0,  8.4145088820133285E-01,  9.9800000000000000E-01,  9.9800000000000000E-01,  9.1306377551191831E-01,  1.0005227999999999E-01,  1.2366330000000000E-03,0
2786,  5.0000000000000000E-01,35,  4.3750000000000000E-01,  6.2500000000000000E-01,1,  3.9657025580257310E-01,65,2,499,499,0,  8.4145088820133285E-01,  9.9800000000000000E-01,  9.9800000000000000E-01,  9.1306377551191831E-01,  9.7729208999999997E-02,  1.4150020000000001E-03,0
2787,  5.0000000000000000E-01,35,  4.3750000000000000E-01,  6.2500000000000000E-01,2,  3.9657025580257310E-01,65,2,499,499,0,  8.4145088820133285E-01,  9.9800000000000000E-01,  9.9800000000000000E-01,  9.1306377551191831E-01,  9.7037377999999994E-02,  1.1339610000000000E-03,0
2788,  5.0000000000000000E-01,35,  4.3750000000000000E-01,  6.2500000000000000E-01,3,  3.9657025580257310E-01,65,2,499,499,0,  8.4145088820133285E-01,  9.9800000000000000E-01,  9.9800000000000000E-01,  9.1306377551191831E-01,  9.7828987000000006E-02,  1.2521320000000000E-03,0
2789,  5.0000000000000000E-01,35,  4.3750000000000000E-01,  6.2500000000000000E-01,4,  3.9657025580257310E-01,65,2,499,499,0,  8.4145088820133285E-01,  9.9800000000000000E-01,  9.9800000000000000E-01,  9.1306377551191831E-01,  1.1075832300000001E-01,  1.2304659999999999E-03,0
2790,  5.0000000000000000E-01,35,  4.3750000000000000E-01,  6.2500000000000000E-01,5,  3.9657025580257310E-01,65,2,499,499,0,  8.4145088820133285E-01,  9.9800000000000000E-01,  9.9800000000000000E-01,  9.1306377551191831E-01,  9.8167630000000006E-02,  1.1405960000000000E-03,0
2791,  5.0000000000000000E-01,35,  4.3750000000000000E-01,  8.1250000000000000E-01,1,  3.9657025580257310E-01,65,2,499,499,0,  8.4145088820133285E-01,  9.9800000000000000E-01,  9.9800000000000000E-01,  9.1306377551191831E-01,  1.0154230200000000E-01,  1.2249400000000001E-03,0
2792,  5.0000000000000000E-01,35,  4.3750000000000000E-01,  8.1250000000000000E-01,2,  3.9657025580257310E-01,65,2,499,499,0,  8.4145088820133285E-01,  9.9800000000000000E-01,  9.9800000000000000E-01,  9.1306377551191831E-01,  1.0231845100000000E-01,  1.2105939999999999E-03,0
2793,  5.0000000000000000E-01,35,  4.3750000000000000E-01,  8.1250000000000000E-01,3,  3.9657025580257310E-01,65,2,499,499,0,  8.4145088820133285E-01,  9.9800000000000000E-01,  9.9800000000000000E-01,  9.1306377551191831E-01,  1.1706223000000000E-01,  1.2250250000000000E-03,0
2794,  5.0000000000000000E-01,35,  4.3750000000000000E-01,  8.1250000000000000E-01,4,  3.9657025580257310E-01,65,2,499,499,0,  8.4145088820133285E-01,  9.9800000000000000E-01,  9.9800000000000000E-01,  9.1306377551191831E-01,  9.8365444999999996E-02,  1.1177839999999999E-03,0
2795,  5.0000000000000000E-01,35,  4.3750000000000000E-01,  8.1250000000000000E-01,5,  3.9657025580257310E-01,65,2,499,499,0,  8.4145088820133285E-01,  9.9800000000000000E-01,  9.9800000000000000E-01,  9.1306377551191831E-01,  9.9312760999999999E-02,  1.4653780000000000E-03,0
2796,  5.0000000000000000E-01,35,  4.3750000000000000E-01,  1.0000000000000000E+00,1,  3.9657025580257310E-01,65,2,499,499,0,  8.4145088820133285E-01,  9.9800000000000000E-01,  9.9800000000000000E-01,  9.1306377551191831E-01,  9.8283044000000000E-02,  1.1474260000000000E-03,0
2797,  5.0000000000000000E-01,35,  4.3750000000000000E-01,  1.0000000000000000E+00,2,  3.9657025580257310E-01,65,2,499,499,0,  8.4145088820133285E-01,  9.9800000000000000E-01,  9.9800000000000000E-01,  9.1306377551191831E-01,  9.8488755999999997E-02,  1.1808280000000001E-03,0
2798,  5.0000000000000000E-01,35,  4.3750000000000000E-01,  1.0000000000000000E+00,3,  3.9657025580257310E-01,65,2,499,499,0,  8.4145088820133285E-01,  9.9800000000000000E-01,  9.9800000000000000E-01,  9.1306377551191831E-01,  1.0023786699999999E-01,  1.1635100000000000E-03,0
2799,  5.0000000000000000E-01,35,  4.3750000000000000E-01,  1.0000000000000000E+00,4,  3.9657025580257310E-01,65,2,499,499,0,  8.4145088820133285E-01,  9.9800000000000000E-01,  9.9800000000000000E-01,  9.1306377551191831E-01,  1.0314144100000000E-01,  1.1728270000000000E-03,0
2800,  5.0000000000000000E-01,35,  4.3750000000000000E-01,  1.0000000000000000E+00,5,  3.9657025580257310E-01,65,2,499,499,0,  8.4145088820133285E-01,  9.9800000000000000E-01,  9.9800000000000000E-01,  9.1306377551191831E-01,  9.9810260999999997E-02,  1.1471739999999999E-03,0
2801,  5.0000000000000000E-01,35,  6.2500000000000000E-01,  2.5000000000000000E-01,1,  3.9657025580257310E-01,65,1,499,499,0,  9.9966974523881247E-01,  9.9800000000000000E-01,  9.9800000000000000E-01,  9.9883417479406011E-01,  1.2601996400000001E-01,  1.1686830000000000E-03,0
2802,  5.0000000000000000E-01,35,  6.2500000000000000E-01,  2.5000000000000000E-01,2,  3.9657025580257310E-01,65,2,500,499,1,  8.2915532909701584E-01,  1.0000000000000000E+00,  9.9800000000000000E-01,  9.0659914541685005E-01,  1.2366551200000001E-01,  1.2021590000000000E-03,0
2803,  5.0000000000000000E-01,35,  6.2500000000000000E-01,  2.5000000000000000E-01,3,  3.9657025580257310E-01,65,2,500,499,1,  8.2915532909701584E-01,  1.0000000000000000E+00,  9.9800000000000000E-01,  9.0659914541685005E-01,  1.2697580999999999E-01,  1.1648340000000000E-03,0
2804,  5.0000000000000000E-01,35,  6.2500000000000000E-01,  2.5000000000000000E-01,4,  3.9657025580257310E-01,65,2,500,499,1,  8.2915532909701584E-01,  1.0000000000000000E+00,  9.9800000000000000E-01,  9.0659914541685005E-01,  1.2398704500000000E-01,  1.1269819999999999E-03,0
2805,  5.0000000000000000E-01,35,  6.2500000000000000E-01,  2.5000000000000000E-01,5,  3.9657025580257310E-01,65,2,500,499,1,  8.2915532909701584E-01,  1.0000000000000000E+00,  9.9800000000000000E-01,  9.0659914541685005E-01,  1.2890785599999999E-01,  1.1448220000000000E-03,0
2806,  5.0000000000000000E-01,35,  6.2500000000000000E-01,  4.3750000000000000E-01,1,  3.9657025580257310E-01,65,1,499,499,0,  9.9966974523881247E-01,  9.9800000000000000E-01,  9.9800000000000000E-01,  9.9883417479406011E-01,  1.2262060499999999E-01,  1.2869570000000000E-03,0
2807,  5.0000000000000000E-01,35,  6.2500000000000000E-01,  4.3750000000000000E-01,2,  3.9657025580257310E-01,65,2,500,499,1,  8.2915532909701584E-01,  1.0000000000000000E+00,  9.9800000000000000E-01,  9.0659914541685005E-01,  1.3101404300000000E-01,  1.1970650000000000E-03,0
2808,  5.0000000000000000E-01,35,  6.2500000000000000E-01,  4.3750000000000000E-01,3,  3.9657025580257310E-01,65,2,500,499,1,  8.2915532909701584E-01,  1.0000000000000000E+00,  9.9800000000000000E-01,  9.0659914541685005E-01,  1.2982109400000000E-01,  1.2141789999999999E-03,0
2809,  5.0000000000000000E-01,35,  6.2500000000000000E-01,  4.3750000000000000E-01,4,  3.9657025580257310E-01,65,2,500,499,1,  8.2915532909701584E-01,  1.0000000000000000E+00,  9.9800000000000000E-01,  9.0659914541685005E-01,  1.2708195400000000E-01,  1.1152450000000000E-03,0
2810,  5.0000000000000000E-01,35,  6.2500000000000000E-01,  4.3750000000000000E-01,5,  3.9657025580257310E-01,65,2,500,499,1,  8.2915532909701584E-01,  1.0000000000000000E+00,  9.9800000000000000E-01,  9.0659914541685005E-01,  1.2424683900000000E-01,  1.1953170000000000E-03,0
2811,  5.0000000000000000E-01,35,  6.2500000000000000E-01,  6.2500000000000000E-01,1,  3.9657025580257310E-01,65,1,499,499,0,  9.9966974523881247E-01,  9.9800000000000000E-01,  9.9800000000000000E-01,  9.9883417479406011E-01,  1.2462765100000001E-01,  1.2054720000000000E-03,0
2812,  5.0000000000000000E-01,35,  6.2500000000000000E-01,  6.2500000000000000E-01,2,  3.9657025580257310E-01,65,2,500,499,1,  8.2915532909701584E-01,  1.0000000000000000E+00,  9.9800000000000000E-01,  9.0659914541685005E-01,  1.2812410499999999E-01,  1.2094510000000001E-03,0
2813,  5.0000000000000000E-01,35,  6.2500000000000000E-01,  6.2500000000000000E-01,3,  3.9657025580257310E-01,65,2,500,499,1,  8.2915532909701584E-01,  1.0000000000000000E+00,  9.9800000000000000E-01,  9.0659914541685005E-01,  1.2638119700000000E-01,  1.1277950000000000E-03,0
2814,  5.0000000000000000E-01,35,  6.2500000000000000E-01,  6.2500000000000000E-01,4,  3.9657025580257310E-01,65,2,500,499,1,  8.2915532909701584E-01,  1.0000000000000000E+00,  9.9800000000000000E-01,  9.0659914541685005E-01,  1.2576475800000000E-01,  1.2932480000000001E-03,0
2815,  5.0000000000000000E-01,35,  6.2500000000000000E-01,  6.2500000000000000E-01,5,  3.9657025580257310E-01,65,2,500,499,1,  8.2915532909701584E-01,  1.0000000000000000E+00,  9.9800000000000000E-01,  9.0659914541685005E-01,  1.2818105199999999E-01,  1.1856320000000000E-03,0
2816,  5.0000000000000000E-01,35,  6.2500000000000000E-01,  8.1250000000000000E-01,1,  3.9657025580257310E-01,65,1,499,499,0,  9.9966974523881247E-01,  9.9800000000000000E-01,  9.9800000000000000E-01,  9.9883417479406011E-01,  1.2424402100000000E-01,  1.1532010000000000E-03,0
2817,  5.0000000000000000E-01,35,  6.2500000000000000E-01,  8.1250000000000000E-01,2,  3.9657025580257310E-01,65,2,500,499,1,  8.2915532909701584E-01,  1.0000000000000000E+00,  9.9800000000000000E-01,  9.0659914541685005E-01,  1.2547552300000001E-01,  1.2113390000000001E-03,0
2818,  5.0000000000000000E-01,35,  6.2500000000000000E-01,  8.1250000000000000E-01,3,  3.9657025580257310E-01,65,2,500,499,1,  8.2915532909701584E-01,  1.0000000000000000E+00,  9.9800000000000000E-01,  9.0659914541685005E-01,  1.2809216100000001E-01,  1.1107039999999999E-03,0
2819,  5.0000000000000000E-01,35,  6.2500000000000000E-01,  8.1250000000000000E-01,4,  3.9657025580257310E-01,65,2,500,499,1,  8.2915532909701584E-01,  1.0000000000000000E+00,  9.9800000000000000E-01,  9.0659914541685005E-01,  1.2485359300000000E-01,  1.5994500000000001E-03,0
2820,  5.0000000000000000E-01,35,  6.2500000000000000E-01,  8.1250000000000000E-01,5,  3.9657025580257310E-01,65,2,500,499,1,  8.2915532909701584E-01,  1.0000000000000000E+00,  9.9800000000000000E-01,  9.0659914541685005E-01,  1.2601798600000000E-01,  1.1192540000000001E-03,0
2821,  5.0000000000000000E-01,35,  6.2500000000000000E-01,  1.0000000000000000E+00,1,  3.9657025580257310E-01,65,1,499,499,0,  9.9966974523881247E-01,  9.9800000000000000E-01,  9.9800000000000000E-01,  9.9883417479406011E-01,  1.2649802900000001E-01,  1.1951150000000001E-03,0
2822,  5.0000000000000000E-01,35,  6.2500000000000000E-01,  1.0000000000000000E+00,2,  3.9657025580257310E-01,65,2,500,499,1,  8.2915532909701584E-01,  1.0000000000000000E+00,  9.9800000000000000E-01,  9.0659914541685005E-01,  1.2779302200000001E-01,  1.1607350000000000E-03,0
2823,  5.0000000000000000E-01,35,  6.2500000000000000E-01,  1.0000000000000000E+00,3,  3.9657025580257310E-01,65,2,500,499,1,  8.2915532909701584E-01,  1.0000000000000000E+00,  9.9800000000000000E-01,  9.0659914541685005E-01,  1.2582081200000000E-01,  1.2094090000000000E-03,0
2824,  5.0000000000000000E-01,35,  6.2500000000000000E-01,  1.0000000000000000E+00,4,  3.9657025580257310E-01,65,2,500,499,1,  8.2915532909701584E-01,  1.0000000000000000E+00,  9.9800000000000000E-01,  9.0659914541685005E-01,  1.2698950300000000E-01,  1.2079370000000001E-03,0
2825,  5.0000000000000000E-01,35,  6.2500000000000000E-01,  1.0000000000000000E+00,5,  3.9657025580257310E-01,65,2,500,499,1,  8.2915532909701584E-01,  1.0000000000000000E+00,  9.9800000000000000E-01,  9.0659914541685005E-01,  1.2582580900000001E-01,  1.2199719999999999E-03,0
2826,  5.0000000000000000E-01,35,  8.1250000000000000E-01,  2.5000000000000000E-01,1,  3.9657025580257310E-01,65,1,499,499,0,  9.9966974523881247E-01,  9.9800000000000000E-01,  9.9800000000000000E-01,  9.9883417479406011E-01,  1.8030691800000001E-01,  1.3607129999999999E-03,0
2827,  5.0000000000000000E-01,35,  8.1250000000000000E-01,  2.5000000000000000E-01,2,  3.9657025580257310E-01,65,1,499,499,0,  9.9966974523881247E-01,  9.9800000000000000E-01,  9.9800000000000000E-01,  9.9883417479406011E-01,  1.8430084899999999E-01,  1.2244269999999999E-03,0
2828,  5.0000000000000000E-01,35,  8.1250000000000000E-01,  2.5000000000000000E-01,3,  3.9657025580257310E-01,65,1,499,499,0,  9.9966974523881247E-01,  9.9800000000000000E-01,  9.9800000000000000E-01,  9.9883417479406011E-01,  1.7139532499999999E-01,  1.8198850000000000E-03,0
2829,  5.0000000000000000E-01,35,  8.1250000000000000E-01,  2.5000000000000000E-01,4,  3.9657025580257310E-01,65,1,499,499,0,  9.9966974523881247E-01,  9.9800000000000000E-01,  9.9800000000000000E-01,  9.9883417479406011E-01,  1.8585169200000001E-01,  1.2396040000000001E-03,0
2830,  5.0000000000000000E-01,35,  8.1250000000000000E-01,  2.5000000000000000E-01,5,  3.9657025580257310E-01,65,1,499,499,0,  9.9966974523881247E-01,  9.9800000000000000E-01,  9.9800000000000000E-01,  9.9883417479406011E-01,  1.7708551500000000E-01,  1.1891899999999999E-03,0
2831,  5.0000000000000000E-01,35,  8.1250000000000000E-01,  4.3750000000000000E-01,1,  3.9657025580257310E-01,65,1,499,499,0,  9.9966974523881247E-01,  9.9800000000000000E-01,  9.9800000000000000E-01,  9.9883417479406011E-01,  1.9492190900000000E-01,  1.5753970000000001E-03,0
2832,  5.0000000000000000E-01,35,  8.1250000000000000E-01,  4.3750000000000000E-01,2,  3.9657025580257310E-01,65,1,499,499,0,  9.9966974523881247E-01,  9.9800000000000000E-01,  9.9800000000000000E-01,  9.9883417479406011E-01,  1.7597185300000001E-01,  1.1205620000000001E-03,0
2833,  5.0000000000000000E-01,35,  8.1250000000000000E-01,  4.3750000000000000E-01,3,  3.9657025580257310E-01,65,1,499,499,0,  9.9966974523881247E-01,  9.9800000000000000E-01,  9.9800000000000000E-01,  9.9883417479406011E-01,  1.6565672800000000E-01,  1.2838680000000001E-03,0
2834,  5.0000000000000000E-01,35,  8.1250000000000000E-01,  4.3750000000000000E-01,4,  3.9657025580257310E-01,65,1,499,499,0,  9.9966974523881247E-01,  9.9800000000000000E-01,  9.9800000000000000E-01,  9.9883417479406011E-01,  1.6277702199999999E-01,  1.1571789999999999E-03,0
2835,  5.0000000000000000E-01,35,  8.1250000000000000E-01,  4.3750000000000000E-01,5,  3.9657025580257310E-01,65,1,499,499,0,  9.9966974523881247E-01,  9.9800000000000000E-01,  9.9800000000000000E-01,  9.9883417479406011E-01,  1.6163256400000001E-01,  1.1276170000000000E-03,0
2836,  5.0000000000000000E-01,35,  8.1250000000000000E-01,  6.2500000000000000E-01,1,  3.9657025580257310E-01,65,1,499,499,0,  9.9966974523881247E-01,  9.9800000000000000E-01,  9.9800000000000000E-01,  9.9883417479406011E-01,  1.6144312999999999E-01,  1.1757040000000001E-03,0
2837,  5.0000000000000000E-01,35,  8.1250000000000000E-01,  6.2500000000000000E-01,2,  3.9657025580257310E-01,65,1,499,499,0,  9.9966974523881247E-01,  9.9800000000000000E-01,  9.9800000000000000E-01,  9.9883417479406011E-01,  1.6540069399999999E-01,  1.2283070000000001E-03,0
2838,  5.0000000000000000E-01,35,  8.1250000000000000E-01,  6.2500000000000000E-01,3,  3.9657025580257310E-01,65,1,499,499,0,  9.9966974523881247E-01,  9.9800000000000000E-01,  9.9800000000000000E-01,  9.9883417479406011E-01,  1.6331221800000001E-01,  1.1603270000000001E-03,0
2839,  5.0000000000000000E-01,35,  8.1250000000000000E-01,  6.2500000000000000E-01,4,  3.9657025580257310E-01,65,1,499,499,0,  9.9966974523881247E-01,  9.9800000000000000E-01,  9.9800000000000000E-01,  9.9883417479406011E-01,  1.6299314500000001E-01,  1.1766970000000000E-03,0
2840,  5.0000000000000000E-01,35,  8.1250000000000000E-01,  6.2500000000000000E-01,5,  3.9657025580257310E-01,65,1,499,499,0,  9.9966974523881247E-01,  9.9800000000000000E-01,  9.9800000000000000E-01,  9.9883417479406011E-01,  1.5984298599999999E-01,  1.2955610000000000E-03,0
2841,  5.0000000000000000E-01,35,  8.1250000000000000E-01,  8.1250000000000000E-01,1,  3.9657025580257310E-01,65,1,499,499,0,  9.9966974523881247E-01,  9.9800000000000000E-01,  9.9800000000000000E-01,  9.9883417479406011E-01,  1.6237223500000000E-01,  1.1656100000000001E-03,0
2842,  5.0000000000000000E-01,35,  8.1250000000000000E-01,  8.1250000000000000E-01,2,  3.9657025580257310E-01,65,1,499,499,0,  9.9966974523881247E-01,  9.9800000000000000E-01,  9.9800000000000000E-01,  9.9883417479406011E-01,  1.6236356099999999E-01,  1.1801959999999999E-03,0
2843,  5.0000000000000000E-01,35,  8.1250000000000000E-01,  8.1250000000000000E-01,3,  3.9657025580257310E-01,65,1,499,499,0,  9.9966974523881247E-01,  9.9800000000000000E-01,  9.9800000000000000E-01,  9.9883417479406011E-01,  1.6059250100000000E-01,  1.1308690000000001E-03,0
2844,  5.0000000000000000E-01,35,  8.1250000000000000E-01,  8.1250000000000000E-01,4,  3.9657025580257310E-01,65,1,499,499,0,  9.9966974523881247E-01,  9.9800000000000000E-01,  9.9800000000000000E-01,  9.9883417479406011E-01,  1.6188760399999999E-01,  1.1775360000000001E-03,0
2845,  5.0000000000000000E-01,35,  8.1250000000000000E-01,  8.1250000000000000E-01,5,  3.9657025580257310E-01,65,1,499,499,0,  9.9966974523881247E-01,  9.9800000000000000E-01,  9.9800000000000000E-01,  9.9883417479406011E-01,  1.6099155200000001E-01,  1.1836850000000001E-03,0
2846,  5.0000000000000000E-01,35,  8.1250000000000000E-01,  1.0000000000000000E+00,1,  3.9657025580257310E-01,65,1,499,499,0,  9.9966974523881247E-01,  9.9800000000000000E-01,  9.9800000000000000E-01,  9.9883417479406011E-01,  1.6483767499999999E-01,  1.1175470000000000E-03,0
2847,  5.0000000000000000E-01,35,  8.1250000000000000E-01,  1.0000000000000000E+00,2,  3.9657025580257310E-01,65,1,499,499,0,  9.9966974523881247E-01,  9.9800000000000000E-01,  9.9800000000000000E-01,  9.9883417479406011E-01,  1.5991605400000000E-01,  1.1246330000000001E-03,0
2848,  5.0000000000000000E-01,35,  8.1250000000000000E-01,  1.0000000000000000E+00,3,  3.9657025580257310E-01,65,1,499,499,0,  9.9966974523881247E-01,  9.9800000000000000E-01,  9.9800000000000000E-01,  9.9883417479406011E-01,  1.5904775700000001E-01,  1.3458509999999999E-03,0
2849,  5.0000000000000000E-01,35,  8.1250000000000000E-01,  1.0000000000000000E+00,4,  3.9657025580257310E-01,65,1,499,499,0,  9.9966974523881247E-01,  9.9800000000000000E-01,  9.9800000000000000E-01,  9.9883417479406011E-01,  1.6429992199999999E-01,  1.1192750000000001E-03,0
2850,  5.0000000000000000E-01,35,  8.1250000000000000E-01,  1.0000000000000000E+00,5,  3.9657025580257310E-01,65,1,499,499,0,  9.9966974523881247E-01,  9.9800000000000000E-01,  9.9800000000000000E-01,  9.9883417479406011E-01,  1.6321907699999999E-01,  1.4041069999999999E-03,0
2851,  5.0000000000000000E-01,35,  1.0000000000000000E+00,  2.5000000000000000E-01,1,  3.9657025580257310E-01,65,1,499,499,0,  9.9966974523881247E-01,  9.9800000000000000E-01,  9.9800000000000000E-01,  9.9883417479406011E-01,  2.0713236800000001E-01,  1.1790600000000000E-03,0
2852,  5.0000000000000000E-01,35,  1.0000000000000000E+00,  2.5000000000000000E-01,2,  3.9657025580257310E-01,65,2,500,499,1,  8.6331205812230249E-01,  1.0000000000000000E+00,  9.9800000000000000E-01,  9.2664248520162484E-01,  2.1086868600000000E-01,  1.1484690000000001E-03,0
2853,  5.0000000000000000E-01,35,  1.0000000000000000E+00,  2.5000000000000000E-01,3,  3.9657025580257310E-01,65,2,500,499,1,  8.6331205812230249E-01,  1.0000000000000000E+00,  9.9800000000000000E-01,  9.2664248520162484E-01,  2.1890791200000001E-01,  1.1558090000000000E-03,0
2854,  5.0000000000000000E-01,35,  1.0000000000000000E+00,  2.5000000000000000E-01,4,  3.9657025580257310E-01,65,2,500,499,1,  8.6331205812230249E-01,  1.0000000000000000E+00,  9.9800000000000000E-01,  9.2664248520162484E-01,  2.1268353000000001E-01,  1.3228999999999999E-03,0
2855,  5.0000000000000000E-01,35,  1.0000000000000000E+00,  2.5000000000000000E-01,5,  3.9657025580257310E-01,65,2,500,499,1,  8.6331205812230249E-01,  1.0000000000000000E+00,  9.9800000000000000E-01,  9.2664248520162484E-01,  2.2776875399999999E-01,  1.1815310000000000E-03,0
2856,  5.0000000000000000E-01,35,  1.0000000000000000E+00,  4.3750000000000000E-01,1,  3.9657025580257310E-01,65,1,500,500,0,  1.0000000000000000E+00,  1.0000000000000000E+00,  1.0000000000000000E+00,  1.0000000000000000E+00,  2.1137434999999999E-01,  1.1191129999999999E-03,0
2857,  5.0000000000000000E-01,35,  1.0000000000000000E+00,  4.3750000000000000E-01,2,  3.9657025580257310E-01,65,1,500,500,0,  1.0000000000000000E+00,  1.0000000000000000E+00,  1.0000000000000000E+00,  1.0000000000000000E+00,  2.2188473700000000E-01,  1.1926800000000000E-03,0
2858,  5.0000000000000000E-01,35,  1.0000000000000000E+00,  4.3750000000000000E-01,3,  3.9657025580257310E-01,65,1,500,500,0,  1.0000000000000000E+00,  1.0000000000000000E+00,  1.0000000000000000E+00,  1.0000000000000000E+00,  2.1663534800000001E-01,  1.1795969999999999E-03,0
2859,  5.0000000000000000E-01,35,  1.0000000000000000E+00,  4.3750000000000000E-01,4,  3.9657025580257310E-01,65,1,500,500,0,  1.0000000000000000E+00,  1.0000000000000000E+00,  1.0000000000000000E+00,  1.0000000000000000E+00,  2.1437641599999999E-01,  1.5100700000000001E-03,0
2860,  5.0000000000000000E-01,35,  1.0000000000000000E+00,  4.3750000000000000E-01,5,  3.9657025580257310E-01,65,1,500,500,0,  1.0000000000000000E+00,  1.0000000000000000E+00,  1.0000000000000000E+00,  1.0000000000000000E+00,  2.1102306800000001E-01,  1.3259520000000000E-03,0
2861,  5.0000000000000000E-01,35,  1.0000000000000000E+00,  6.2500000000000000E-01,1,  3.9657025580257310E-01,65,1,500,500,0,  1.0000000000000000E+00,  1.0000000000000000E+00,  1.0000000000000000E+00,  1.0000000000000000E+00,  2.1207398299999999E-01,  1.1656550000000000E-03,0
2862,  5.0000000000000000E-01,35,  1.0000000000000000E+00,  6.2500000000000000E-01,2,  3.9657025580257310E-01,65,1,500,500,0,  1.0000000000000000E+00,  1.0000000000000000E+00,  1.0000000000000000E+00,  1.0000000000000000E+00,  2.1492091699999999E-01,  1.7311270000000001E-03,0
2863,  5.0000000000000000E-01,35,  1.0000000000000000E+00,  6.2500000000000000E-01,3,  3.9657025580257310E-01,65,1,500,500,0,  1.0000000000000000E+00,  1.0000000000000000E+00,  1.0000000000000000E+00,  1.0000000000000000E+00,  2.2233509600000001E-01,  1.2455360000000000E-03,0
2864,  5.0000000000000000E-01,35,  1.0000000000000000E+00,  6.2500000000000000E-01,4,  3.9657025580257310E-01,65,1,500,500,0,  1.0000000000000000E+00,  1.0000000000000000E+00,  1.0000000000000000E+00,  1.0000000000000000E+00,  2.1252804100000000E-01,  1.1307159999999999E-03,0
2865,  5.0000000000000000E-01,35,  1.0000000000000000E+00,  6.2500000000000000E-01,5,  3.9657025580257310E-01,65,1,500,500,0,  1.0000000000000000E+00,  1.0000000000000000E+00,  1.0000000000000000E+00,  1.0000000000000000E+00,  2.4238730800000000E-01,  1.2505610000000001E-03,0
2866,  5.0000000000000000E-01,35,  1.0000000000000000E+00,  8.1250000000000000E-01,1,  3.9657025580257310E-01,65,1,500,500,0,  1.0000000000000000E+00,  1.0000000000000000E+00,  1.0000000000000000E+00,  1.0000000000000000E+00,  2.2244796900000000E-01,  1.1333850000000000E-03,0
2867,  5.0000000000000000E-01,35,  1.0000000000000000E+00,  8.1250000000000000E-01,2,  3.9657025580257310E-01,65,1,500,500,0,  1.0000000000000000E+00,  1.0000000000000000E+00,  1.0000000000000000E+00,  1.0000000000000000E+00,  2.1833677400000001E-01,  1.5631969999999999E-03,0
2868,  5.0000000000000000E-01,35,  1.0000000000000000E+00,  8.1250000000000000E-01,3,  3.9657025580257310E-01,65,1,500,500,0,  1.0000000000000000E+00,  1.0000000000000000E+00,  1.0000000000000000E+00,  1.0000000000000000E+00,  2.1249805999999999E-01,  1.2124230000000000E-03,0
2869,  5.0000000000000000E-01,35,  1.0000000000000000E+00,  8.1250000000000000E-01,4,  3.9657025580257310E-01,65,1,500,500,0,  1.0000000000000000E+00,  1.0000000000000000E+00,  1.0000000000000000E+00,  1.0000000000000000E+00,  2.1113550000000000E-01,  1.1486450000000000E-03,0
2870,  5.0000000000000000E-01,35,  1.0000000000000000E+00,  8.1250000000000000E-01,5,  3.9657025580257310E-01,65,1,500,500,0,  1.0000000000000000E+00,  1.0000000000000000E+00,  1.0000000000000000E+00,  1.0000000000000000E+00,  2.1006446900000000E-01,  1.2658470000000001E-03,0
2871,  5.0000000000000000E-01,35,  1.0000000000000000E+00,  1.0000000000000000E+00,1,  3.9657025580257310E-01,65,1,500,500,0,  1.0000000000000000E+00,  1.0000000000000000E+00,  1.0000000000000000E+00,  1.0000000000000000E+00,  2.0963454400000001E-01,  1.1341700000000001E-03,0
2872,  5.0000000000000000E-01,35,  1.0000000000000000E+00,  1.0000000000000000E+00,2,  3.9657025580257310E-01,65,1,500,500,0,  1.0000000000000000E+00,  1.0000000000000000E+00,  1.0000000000000000E+00,  1.0000000000000000E+00,  2.1195885900000000E-01,  1.1236060000000001E-03,0
2873,  5.0000000000000000E-01,35,  1.0000000000000000E+00,  1.0000000000000000E+00,3,  3.9657025580257310E-01,65,1,500,500,0,  1.0000000000000000E+00,  1.0000000000000000E+00,  1.0000000000000000E+00,  1.0000000000000000E+00,  2.1207079400000001E-01,  1.2314030000000001E-03,0
2874,  5.0000000000000000E-01,35,  1.0000000000000000E+00,  1.0000000000000000E+00,4,  3.9657025580257310E-01,65,1,500,500,0,  1.0000000000000000E+00,  1.0000000000000000E+00,  1.0000000000000000E+00,  1.0000000000000000E+00,  2.2058729699999999E-01,  1.1821770000000000E-03,0
2875,  5.0000000000000000E-01,35,  1.0000000000000000E+00,  1.0000000000000000E+00,5,  3.9657025580257310E-01,65,1,500,500,0,  1.0000000000000000E+00,  1.0000000000000000E+00,  1.0000000000000000E+00,  1.0000000000000000E+00,  2.1118601200000001E-01,  1.1143570000000001E-03,0
2876,  5.0000000000000000E-01,45,  2.5000000000000000E-01,  2.5000000000000000E-01,1,  3.9657025580257310E-01,54,4,496,496,0,  6.9519312882663531E-01,  9.9199999999999999E-01,  9.9199999999999999E-01,  8.1748979653044107E-01,  5.7550685999999997E-02,  1.1613530000000000E-03,0
2877,  5.0000000000000000E-01,45,  2.5000000000000000E-01,  2.5000000000000000E-01,2,  3.9657025580257310E-01,54,5,497,496,1,  6.4674261603093408E-01,  9.9399999999999999E-01,  9.9199999999999999E-01,  7.8362340814901843E-01,  5.7657747000000002E-02,  1.1390459999999999E-03,0
2878,  5.0000000000000000E-01,45,  2.5000000000000000E-01,  2.5000000000000000E-01,3,  3.9657025580257310E-01,54,6,499,496,3,  5.5218693104514682E-01,  9.9800000000000000E-01,  9.9199999999999999E-01,  7.1098852163785542E-01,  5.7519216999999997E-02,  1.1266230000000000E-03,0
2879,  5.0000000000000000E-01,45,  2.5000000000000000E-01,  2.5000000000000000E-01,4,  3.9657025580257310E-01,54,6,499,496,3,  5.5218693104514682E-01,  9.9800000000000000E-01,  9.9199999999999999E-01,  7.1098852163785542E-01,  5.7566893000000001E-02,  1.1675370000000000E-03,0
2880,  5.0000000000000000E-01,45,  2.5000000000000000E-01,  2.5000000000000000E-01,5,  3.9657025580257310E-01,54,6,499,496,3,  5.5218693104514682E-01,  9.9800000000000000E-01,  9.9199999999999999E-01,  7.1098852163785542E-01,  5.8120656000000000E-02,  1.2228980000000000E-03,0
2881,  5.0000000000000000E-01,45,  2.5000000000000000E-01,  4.3750000000000000E-01,1,  3.9657025580257310E-01,54,4,496,496,0,  6.9519312882663531E-01,  9.9199999999999999E-01,  9.9199999999999999E-01,  8.1748979653044107E-01,  5.7023011999999998E-02,  1.1323220000000001E-03,0
2882,  5.0000000000000000E-01,45,  2.5000000000000000E-01,  4.3750000000000000E-01,2,  3.9657025580257310E-01,54,5,497,496,1,  6.4674261603093408E-01,  9.9399999999999999E-01,  9.9199999999999999E-01,  7.8362340814901843E-01,  5.9606309000000003E-02,  1.1248639999999999E-03,0
2883,  5.0000000000000000E-01,45,  2.5000000000000000E-01,  4.3750000000000000E-01,3,  3.9657025580257310E-01,54,6,499,496,3,  5.5218693104514682E-01,  9.9800000000000000E-01,  9.9199999999999999E-01,  7.1098852163785542E-01,  5.7277372999999999E-02,  1.1821609999999999E-03,0
2884,  5.0000000000000000E-01,45,  2.5000000000000000E-01,  4.3750000000000000E-01,4,  3.9657025580257310E-01,54,6,499,496,3,  5.5218693104514682E-01,  9.9800000000000000E-01,  9.9199999999999999E-01,  7.1098852163785542E-01,  5.7119359000000001E-02,  1.1619600000000001E-03,0
2885,  5.0000000000000000E-01,45,  2.5000000000000000E-01,  4.3750000000000000E-01,5,  3.9657025580257310E-01,54,6,499,496,3,  5.5218693104514682E-01,  9.9800000000000000E-01,  9.9199999999999999E-01,  7.1098852163785542E-01,  5.7886122999999998E-02,  1.1769860000000001E-03,0
2886,  5.0000000000000000E-01,45,  2.5000000000000000E-01,  6.2500000000000000E-01,1,  3.9657025580257310E-01,54,4,496,496,0,  6.9519312882663531E-01,  9.9199999999999999E-01,  9.9199999999999999E-01,  8.1748979653044107E-01,  5.5653963000000001E-02,  1.1435460000000001E-03,0
2887,  5.0000000000000000E-01,45,  2.5000000000000000E-01,  6.2500000000000000E-01,2,  3.9657025580257310E-01,54,5,497,496,1,  6.4674261603093408E-01,  9.9399999999999999E-01,  9.9199999999999999E-01,  7.8362340814901843E-01,  5.8774119000000000E-02,  1.3418090000000000E-03,0
2888,  5.0000000000000000E-01,45,  2.5000000000000000E-01,  6.2500000000000000E-01,3,  3.9657025580257310E-01,54,6,499,496,3,  5.5218693104514682E-01,  9.9800000000000000E-01,  9.9199999999999999E-01,  7.1098852163785542E-01,  5.7087417000000001E-02,  1.3231720000000001E-03,0
2889,  5.0000000000000000E-01,45,  2.5000000000000000E-01,  6.2500000000000000E-01,4,  3.9657025580257310E-01,54,6,499,496,3,  5.5218693104514682E-01,  9.9800000000000000E-01,  9.9199999999999999E-01,  7.1098852163785542E-01,  5.6447338999999999E-02,  1.2230559999999999E-03,0
2890,  5.0000000000000000E-01,45,  2.5000000000000000E-01,  6.2500000000000000E-01,5,  3.9657025580257310E-01,54,6,499,496,3,  5.5218693104514682E-01,  9.9800000000000000E-01,  9.9199999999999999E-01,  7.1098852163785542E-01,  5.6569511000000003E-02,  1.2828430000000001E-03,0
2891,  5.0000000000000000E-01,45,  2.5000000000000000E-01,  8.1250000000000000E-01,1,  3.9657025580257310E-01,54,4,496,496,0,  6.9519312882663531E-01,  9.9199999999999999E-01,  9.9199999999999999E-01,  8.1748979653044107E-01,  5.6987047999999998E-02,  1.2380090000000000E-03,0
2892,  5.0000000000000000E-01,45,  2.5000000000000000E-01,  8.1250000000000000E-01,2,  3.9657025580257310E-01,54,5,497,496,1,  6.4674261603093408E-01,  9.9399999999999999E-01,  9.9199999999999999E-01,  7.8362340814901843E-01,  5.7828773000000000E-02,  1.1604940000000000E-03,0
2893,  5.0000000000000000E-01,45,  2.5000000000000000E-01,  8.1250000000000000E-01,3,  3.9657025580257310E-01,54,6,499,496,3,  5.5218693104514682E-01,  9.9800000000000000E-01,  9.9199999999999999E-01,  7.1098852163785542E-01,  5.6073825000000001E-02,  1.2116930000000000E-03,0
2894,  5.0000000000000000E-01,45,  2.5000000000000000E-01,  8.1250000000000000E-01,4,  3.9657025580257310E-01,54,6,499,496,3,  5.5218693104514682E-01,  9.9800000000000000E-01,  9.9199999999999999E-01,  7.1098852163785542E-01,  5.6729350999999997E-02,  1.1625130000000000E-03,0
2895,  5.0000000000000000E-01,45,  2.5000000000000000E-01,  8.1250000000000000E-01,5,  3.9657025580257310E-01,54,6,499,496,3,  5.5218693104514682E-01,  9.9800000000000000E-01,  9.9199999999999999E-01,  7.1098852163785542E-01,  5.7801175000000003E-02,  1.1330600000000000E-03,0
2896,  5.0000000000000000E-01,45,  2.5000000000000000E-01,  1.0000000000000000E+00,1,  3.9657025580257310E-01,54,4,496,496,0,  6.9519312882663531E-01,  9.9199999999999999E-01,  9.9199999999999999E-01,  8.1748979653044107E-01,  5.5516391999999998E-02,  1.2258210000000000E-03,0
2897,  5.0000000000000000E-01,45,  2.5000000000000000E-01,  1.0000000000000000E+00,2,  3.9657025580257310E-01,54,5,497,496,1,  6.4674261603093408E-01,  9.9399999999999999E-01,  9.9199999999999999E-01,  7.8362340814901843E-01,  5.8352004999999998E-02,  1.1431890000000000E-03,0
2898,  5.0000000000000000E-01,45,  2.5000000000000000E-01,  1.0000000000000000E+00,3,  3.9657025580257310E-01,54,6,499,496,3,  5.5218693104514682E-01,  9.9800000000000000E-01,  9.9199999999999999E-01,  7.1098852163785542E-01,  5.6960650000000002E-02,  1.1841709999999999E-03,0
2899,  5.0000000000000000E-01,45,  2.5000000000000000E-01,  1.0000000000000000E+00,4,  3.9657025580257310E-01,54,6,499,496,3,  5.5218693104514682E-01,  9.9800000000000000E-01,  9.9199999999999999E-01,  7.1098852163785542E-01,  5.7178939999999998E-02,  1.1684600000000001E-03,0
2900,  5.0000000000000000E-01,45,  2.5000000000000000E-01,  1.0000000000000000E+00,5,  3.9657025580257310E-01,54,6,499,496,3,  5.5218693104514682E-01,  9.9800000000000000E-01,  9.9199999999999999E-01,  7.1098852163785542E-01,  5.7528825999999998E-02,  1.1946260000000001E-03,0
2901,  5.0000000000000000E-01,45,  4.3750000000000000E-01,  2.5000000000000000E-01,1,  3.9657025580257310E-01,54,3,498,498,0,  8.0351697539205980E-01,  9.9600000000000000E-01,  9.9600000000000000E-01,  8.8946413780412392E-01,  8.1166511999999996E-02,  1.1521950000000000E-03,0
2902,  5.0000000000000000E-01,45,  4.3750000000000000E-01,  2.5000000000000000E-01,2,  3.9657025580257310E-01,54,3,498,498,0,  8.0351697539205980E-01,  9.9600000000000000E-01,  9.9600000000000000E-01,  8.8946413780412392E-01,  8.2285016000000002E-02,  1.1616829999999999E-03,0
2903,  5.0000000000000000E-01,45,  4.3750000000000000E-01,  2.5000000000000000E-01,3,  3.9657025580257310E-01,54,3,498,498,0,  8.0351697539205980E-01,  9.9600000000000000E-01,  9.9600000000000000E-01,  8.8946413780412392E-01,  7.9382746000000004E-02,  1.1137390000000001E-03,0
2904,  5.0000000000000000E-01,45,  4.3750000000000000E-01,  2.5000000000000000E-01,4,  3.9657025580257310E-01,54,3,498,498,0,  8.0351697539205980E-01,  9.9600000000000000E-01,  9.9600000000000000E-01,  8.8946413780412392E-01,  8.0006429000000004E-02,  1.2197630000000000E-03,0
2905,  5.0000000000000000E-01,45,  4.3750000000000000E-01,  2.5000000000000000E-01,5,  3.9657025580257310E-01,54,3,498,498,0,  8.0351697539205980E-01,  9.9600000000000000E-01,  9.9600000000000000E-01,  8.8946413780412392E-01,  8.1336930000000002E-02,  1.1226490000000001E-03,0
2906,  5.0000000000000000E-01,45,  4.3750000000000000E-01,  4.3750000000000000E-01,1,  3.9657025580257310E-01,54,3,498,498,0,  8.0351697539205980E-01,  9.9600000000000000E-01,  9.9600000000000000E-01,  8.8946413780412392E-01,  8.0624060999999997E-02,  1.1528199999999999E-03,0
2907,  5.0000000000000000E-01,45,  4.3750000000000000E-01,  4.3750000000000000E-01,2,  3.9657025580257310E-01,54,3,498,498,0,  8.0351697539205980E-01,  9.9600000000000000E-01,  9.9600000000000000E-01,  8.8946413780412392E-01,  8.2928279999999993E-02,  1.1375409999999999E-03,0
2908,  5.0000000000000000E-01,45,  4.3750000000000000E-01,  4.3750000000000000E-01,3,  3.9657025580257310E-01,54,3,498,498,0,  8.0351697539205980E-01,  9.9600000000000000E-01,  9.9600000000000000E-01,  8.8946413780412392E-01,  8.0549487000000003E-02,  1.1255190000000000E-03,0
2909,  5.0000000000000000E-01,45,  4.3750000000000000E-01,  4.3750000000000000E-01,4,  3.9657025580257310E-01,54,3,498,498,0,  8.0351697539205980E-01,  9.9600000000000000E-01,  9.9600000000000000E-01,  8.8946413780412392E-01,  8.0016022000000006E-02,  1.2515560000000000E-03,0
2910,  5.0000000000000000E-01,45,  4.3750000000000000E-01,  4.3750000000000000E-01,5,  3.9657025580257310E-01,54,3,498,498,0,  8.0351697539205980E-01,  9.9600000000000000E-01,  9.9600000000000000E-01,  8.8946413780412392E-01,  8.2820392000000007E-02,  1.1857669999999999E-03,0
2911,  5.0000000000000000E-01,45,  4.3750000000000000E-01,  6.2500000000000000E-01,1,  3.9657025580257310E-01,54,3,498,498,0,  8.0351697539205980E-01,  9.9600000000000000E-01,  9.9600000000000000E-01,  8.8946413780412392E-01,  8.2100117000000000E-02,  1.1571509999999999E-03,0
2912,  5.0000000000000000E-01,45,  4.3750000000000000E-01,  6.2500000000000000E-01,2,  3.9657025580257310E-01,54,3,498,498,0,  8.0351697539205980E-01,  9.9600000000000000E-01,  9.9600000000000000E-01,  8.8946413780412392E-01,  8.1561041000000001E-02,  1.1513360000000000E-03,0
2913,  5.0000000000000000E-01,45,  4.3750000000000000E-01,  6.2500000000000000E-01,3,  3.9657025580257310E-01,54,3,498,498,0,  8.0351697539205980E-01,  9.9600000000000000E-01,  9.9600000000000000E-01,  8.8946413780412392E-01,  8.0993368999999996E-02,  1.1603670000000000E-03,0
2914,  5.0000000000000000E-01,45,  4.3750000000000000E-01,  6.2500000000000000E-01,4,  3.9657025580257310E-01,54,3,498,498,0,  8.0351697539205980E-01,  9.9600000000000000E-01,  9.9600000000000000E-01,  8.8946413780412392E-01,  8.0515400000000001E-02,  1.1384469999999999E-03,0
2915,  5.0000000000000000E-01,45,  4.3750000000000000E-01,  6.2500000000000000E-01,5,  3.9657025580257310E-01,54,3,498,498,0,  8.0351697539205980E-01,  9.9600000000000000E-01,  9.9600000000000000E-01,  8.8946413780412392E-01,  8.1866858000000001E-02,  1.1325249999999999E-03,0
2916,  5.0000000000000000E-01,45,  4.3750000000000000E-01,  8.1250000000000000E-01,1,  3.9657025580257310E-01,54,3,498,498,0,  8.0351697539205980E-01,  9.9600000000000000E-01,  9.9600000000000000E-01,  8.8946413780412392E-01,  8.0123396999999999E-02,  1.2658400000000001E-03,0
2917,  5.0000000000000000E-01,45,  4.3750000000000000E-01,  8.1250000000000000E-01,2,  3.9657025580257310E-01,54,3,498,498,0,  8.0351697539205980E-01,  9.9600000000000000E-01,  9.9600000000000000E-01,  8.8946413780412392E-01,  8.2224825000000001E-02,  1.1211710000000000E-03,0
2918,  5.0000000000000000E-01,45,  4.3750000000000000E-01,  8.1250000000000000E-01,3,  3.9657025580257310E-01,54,3,498,498,0,  8.0351697539205980E-01,  9.9600000000000000E-01,  9.9600000000000000E-01,  8.8946413780412392E-01,  8.2418641000000001E-02,  1.4919350000000000E-03,0
2919,  5.0000000000000000E-01,45,  4.3750000000000000E-01,  8.1250000000000000E-01,4,  3.9657025580257310E-01,54,3,498,498,0,  8.0351697539205980E-01,  9.9600000000000000E-01,  9.9600000000000000E-01,  8.8946413780412392E-01,  8.1277727999999994E-02,  1.1721170000000001E-03,0
2920,  5.0000000000000000E-01,45,  4.3750000000000000E-01,  8.1250000000000000E-01,5,  3.9657025580257310E-01,54,3,498,498,0,  8.0351697539205980E-01,  9.9600000000000000E-01,  9.9600000000000000E-01,  8.8946413780412392E-01,  7.9456094000000005E-02,  1.2433930000000000E-03,0
2921,  5.0000000000000000E-01,45,  4.3750000000000000E-01,  1.0000000000000000E+00,1,  3.9657025580257310E-01,54,3,498,498,0,  8.0351697539205980E-01,  9.9600000000000000E-01,  9.9600000000000000E-01,  8.8946413780412392E-01,  8.2883327000000007E-02,  1.1937149999999999E-03,0
2922,  5.0000000000000000E-01,45,  4.3750000000000000E-01,  1.0000000000000000E+00,2,  3.9657025580257310E-01,54,3,498,498,0,  8.0351697539205980E-01,  9.9600000000000000E-01,  9.9600000000000000E-01,  8.8946413780412392E-01,  8.1469425999999998E-02,  1.1323290000000001E-03,0
2923,  5.0000000000000000E-01,45,  4.3750000000000000E-01,  1.0000000000000000E+00,3,  3.9657025580257310E-01,54,3,498,498,0,  8.0351697539205980E-01,  9.9600000000000000E-01,  9.9600000000000000E-01,  8.8946413780412392E-01,  8.3675230000000003E-02,  1.2667679999999999E-03,0
2924,  5.0000000000000000E-01,45,  4.3750000000000000E-01,  1.0000000000000000E+00,4,  3.9657025580257310E-01,54,3,498,498,0,  8.0351697539205980E-01,  9.9600000000000000E-01,  9.9600000000000000E-01,  8.8946413780412392E-01,  8.1551681000000001E-02,  1.3654889999999999E-03,0
2925,  5.0000000000000000E-01,45,  4.3750000000000000E-01,  1.0000000000000000E+00,5,  3.9657025580257310E-01,54,3,498,498,0,  8.0351697539205980E-01,  9.9600000000000000E-01,  9.9600000000000000E-01,  8.8946413780412392E-01,  8.1104185999999995E-02,  1.3565830000000000E-03,0
2926,  5.0000000000000000E-01,45,  6.2500000000000000E-01,  2.5000000000000000E-01,1,  3.9657025580257310E-01,54,2,500,500,0,  9.4846991128485680E-01,  1.0000000000000000E+00,  1.0000000000000000E+00,  9.7355356199410681E-01,  1.0028259000000000E-01,  1.1619270000000001E-03,0
2927,  5.0000000000000000E-01,45,  6.2500000000000000E-01,  2.5000000000000000E-01,2,  3.9657025580257310E-01,54,3,501,500,1,  7.9394846988455081E-01,  1.0020000000000000E+00,  1.0000000000000000E+00,  8.8592337716177283E-01,  1.0170651200000000E-01,  1.3550830000000000E-03,0
2928,  5.0000000000000000E-01,45,  6.2500000000000000E-01,  2.5000000000000000E-01,3,  3.9657025580257310E-01,54,3,501,500,1,  7.9394846988455081E-01,  1.0020000000000000E+00,  1.0000000000000000E+00,  8.8592337716177283E-01,  1.0307361399999999E-01,  1.1543630000000000E-03,0
2929,  5.0000000000000000E-01,45,  6.2500000000000000E-01,  2.5000000000000000E-01,4,  3.9657025580257310E-01,54,3,501,500,1,  7.9394846988455081E-01,  1.0020000000000000E+00,  1.0000000000000000E+00,  8.8592337716177283E-01,  1.0480803200000000E-01,  1.2008469999999999E-03,0
2930,  5.0000000000000000E-01,45,  6.2500000000000000E-01,  2.5000000000000000E-01,5,  3.9657025580257310E-01,54,3,501,500,1,  7.9394846988455081E-01,  1.0020000000000000E+00,  1.0000000000000000E+00,  8.8592337716177283E-01,  1.0067052300000000E-01,  1.1888730000000000E-03,0
2931,  5.0000000000000000E-01,45,  6.2500000000000000E-01,  4.3750000000000000E-01,1,  3.9657025580257310E-01,54,2,500,500,0,  9.4846991128485680E-01,  1.0000000000000000E+00,  1.0000000000000000E+00,  9.7355356199410681E-01,  1.0361212600000000E-01,  1.1529940000000001E-03,0
2932,  5.0000000000000000E-01,45,  6.2500000000000000E-01,  4.3750000000000000E-01,2,  3.9657025580257310E-01,54,3,501,500,1,  7.9394846988455081E-01,  1.0020000000000000E+00,  1.0000000000000000E+00,  8.8592337716177283E-01,  1.0262655399999999E-01,  1.2166490000000000E-03,0
2933,  5.0000000000000000E-01,45,  6.2500000000000000E-01,  4.3750000000000000E-01,3,  3.9657025580257310E-01,54,3,501,500,1,  7.9394846988455081E-01,  1.0020000000000000E+00,  1.0000000000000000E+00,  8.8592337716177283E-01,  1.0887115500000000E-01,  1.2423630000000000E-03,0
2934,  5.0000000000000000E-01,45,  6.2500000000000000E-01,  4.3750000000000000E-01,4,  3.9657025580257310E-01,54,3,501,500,1,  7.9394846988455081E-01,  1.0020000000000000E+00,  1.0000000000000000E+00,  8.8592337716177283E-01,  1.0211330100000000E-01,  1.1680530000000001E-03,0
2935,  5.0000000000000000E-01,45,  6.2500000000000000E-01,  4.3750000000000000E-01,5,  3.9657025580257310E-01,54,3,501,500,1,  7.9394846988455081E-01,  1.0020000000000000E+00,  1.0000000000000000E+00,  8.8592337716177283E-01,  1.0271327099999999E-01,  1.1701070000000001E-03,0
2936,  5.0000000000000000E-01,45,  6.2500000000000000E-01,  6.2500000000000000E-01,1,  3.9657025580257310E-01,54,2,500,500,0,  9.4846991128485680E-01,  1.0000000000000000E+00,  1.0000000000000000E+00,  9.7355356199410681E-01,  1.0281693900000000E-01,  1.2358029999999999E-03,0
2937,  5.0000000000000000E-01,45,  6.2500000000000000E-01,  6.2500000000000000E-01,2,  3.9657025580257310E-01,54,3,501,500,1,  7.9394846988455081E-01,  1.0020000000000000E+00,  1.0000000000000000E+00,  8.8592337716177283E-01,  1.1647507000000000E-01,  1.2719050000000000E-03,0
2938,  5.0000000000000000E-01,45,  6.2500000000000000E-01,  6.2500000000000000E-01,3,  3.9657025580257310E-01,54,3,501,500,1,  7.9394846988455081E-01,  1.0020000000000000E+00,  1.0000000000000000E+00,  8.8592337716177283E-01,  1.0313310100000000E-01,  1.1770999999999999E-03,0
2939,  5.0000000000000000E-01,45,  6.2500000000000000E-01,  6.2500000000000000E-01,4,  3.9657025580257310E-01,54,3,501,500,1,  7.9394846988455081E-01,  1.0020000000000000E+00,  1.0000000000000000E+00,  8.8592337716177283E-01,  1.0045274300000000E-01,  1.1636100000000000E-03,0
2940,  5.0000000000000000E-01,45,  6.2500000000000000E-01,  6.2500000000000000E-01,5,  3.9657025580257310E-01,54,3,501,500,1,  7.9394846988455081E-01,  1.0020000000000000E+00,  1.0000000000000000E+00,  8.8592337716177283E-01,  1.0007360600000000E-01,  1.1476710000000001E-03,0
2941,  5.0000000000000000E-01,45,  6.2500000000000000E-01,  8.1250000000000000E-01,1,  3.9657025580257310E-01,54,2,500,500,0,  9.4846991128485680E-01,  1.0000000000000000E+00,  1.0000000000000000E+00,  9.7355356199410681E-01,  1.0346461999999999E-01,  1.1362530000000000E-03,0
2942,  5.0000000000000000E-01,45,  6.2500000000000000E-01,  8.1250000000000000E-01,2,  3.9657025580257310E-01,54,3,501,500,1,  7.9394846988455081E-01,  1.0020000000000000E+00,  1.0000000000000000E+00,  8.8592337716177283E-01,  9.9368147000000004E-02,  1.1769570000000000E-03,0
2943,  5.0000000000000000E-01,45,  6.2500000000000000E-01,  8.1250000000000000E-01,3,  3.9657025580257310E-01,54,3,501,500,1,  7.9394846988455081E-01,  1.0020000000000000E+00,  1.0000000000000000E+00,  8.8592337716177283E-01,  1.1089620200000000E-01,  1.1752360000000001E-03,0
2944,  5.0000000000000000E-01,45,  6.2500000000000000E-01,  8.1250000000000000E-01,4,  3.9657025580257310E-01,54,3,501,500,1,  7.9394846988455081E-01,  1.0020000000000000E+00,  1.0000000000000000E+00,  8.8592337716177283E-01,  1.0310785700000000E-01,  1.1500919999999999E-03,0
2945,  5.0000000000000000E-01,45,  6.2500000000000000E-01,  8.1250000000000000E-01,5,  3.9657025580257310E-01,54,3,501,500,1,  7.9394846988455081E-01,  1.0020000000000000E+00,  1.0000000000000000E+00,  8.8592337716177283E-01,  1.0445922900000000E-01,  1.2818280000000000E-03,0
2946,  5.0000000000000000E-01,45,  6.2500000000000000E-01,  1.0000000000000000E+00,1,  3.9657025580257310E-01,54,2,500,500,0,  9.4846991128485680E-01,  1.0000000000000000E+00,  1.0000000000000000E+00,  9.7355356199410681E-01,  1.0294447499999999E-01,  1.1828580000000000E-03,0
2947,  5.0000000000000000E-01,45,  6.2500000000000000E-01,  1.0000000000000000E+00,2,  3.9657025580257310E-01,54,3,501,500,1,  7.9394846988455081E-01,  1.0020000000000000E+00,  1.0000000000000000E+00,  8.8592337716177283E-01,  1.0144205000000001E-01,  1.1762630000000001E-03,0
2948,  5.0000000000000000E-01,45,  6.2500000000000000E-01,  1.0000000000000000E+00,3,  3.9657025580257310E-01,54,3,501,500,1,  7.9394846988455081E-01,  1.0020000000000000E+00,  1.0000000000000000E+00,  8.8592337716177283E-01,  1.0311877200000000E-01,  1.4897059999999999E-03,0
2949,  5.0000000000000000E-01,45,  6.2500000000000000E-01,  1.0000000000000000E+00,4,  3.9657025580257310E-01,54,3,501,500,1,  7.9394846988455081E-01,  1.0020000000000000E+00,  1.0000000000000000E+00,  8.8592337716177283E-01,  1.0296017500000000E-01,  1.4206189999999999E-03,0
2950,  5.0000000000000000E-01,45,  6.2500000000000000E-01,  1.0000000000000000E+00,5,  3.9657025580257310E-01,54,3,501,500,1,  7.9394846988455081E-01,  1.0020000000000000E+00,  1.0000000000000000E+00,  8.8592337716177283E-01,  1.0078143200000000E-01,  1.1436570000000000E-03,0
2951,  5.0000000000000000E-01,45,  8.1250000000000000E-01,  2.5000000000000000E-01,1,  3.9657025580257310E-01,54,2,499,499,0,  9.4770465380769386E-01,  9.9800000000000000E-01,  9.9800000000000000E-01,  9.7220227401846859E-01,  1.2546289199999999E-01,  1.1436980000000001E-03,0
2952,  5.0000000000000000E-01,45,  8.1250000000000000E-01,  2.5000000000000000E-01,2,  3.9657025580257310E-01,54,2,499,499,0,  9.4770465380769386E-01,  9.9800000000000000E-01,  9.9800000000000000E-01,  9.7220227401846859E-01,  1.3335825400000001E-01,  1.2432480000000000E-03,0
2953,  5.0000000000000000E-01,45,  8.1250000000000000E-01,  2.5000000000000000E-01,3,  3.9657025580257310E-01,54,2,499,499,0,  9.4770465380769386E-01,  9.9800000000000000E-01,  9.9800000000000000E-01,  9.7220227401846859E-01,  1.3246952400000001E-01,  1.2884859999999999E-03,0
2954,  5.0000000000000000E-01,45,  8.1250000000000000E-01,  2.5000000000000000E-01,4,  3.9657025580257310E-01,54,2,499,499,0,  9.4770465380769386E-01,  9.9800000000000000E-01,  9.9800000000000000E-01,  9.7220227401846859E-01,  1.3020891000000001E-01,  1.3824320000000001E-03,0
2955,  5.0000000000000000E-01,45,  8.1250000000000000E-01,  2.5000000000000000E-01,5,  3.9657025580257310E-01,54,2,499,499,0,  9.4770465380769386E-01,  9.9800000000000000E-01,  9.9800000000000000E-01,  9.7220227401846859E-01,  1.2723555800000000E-01,  1.2675239999999999E-03,0
2956,  5.0000000000000000E-01,45,  8.1250000000000000E-01,  4.3750000000000000E-01,1,  3.9657025580257310E-01,54,2,499,499,0,  9.4770465380769386E-01,  9.9800000000000000E-01,  9.9800000000000000E-01,  9.7220227401846859E-01,  1.2709486800000000E-01,  1.4594129999999999E-03,0
2957,  5.0000000000000000E-01,45,  8.1250000000000000E-01,  4.3750000000000000E-01,2,  3.9657025580257310E-01,54,2,499,499,0,  9.4770465380769386E-01,  9.9800000000000000E-01,  9.9800000000000000E-01,  9.7220227401846859E-01,  1.3064906200000001E-01,  1.1438560000000000E-03,0
2958,  5.0000000000000000E-01,45,  8.1250000000000000E-01,  4.3750000000000000E-01,3,  3.9657025580257310E-01,54,2,499,499,0,  9.4770465380769386E-01,  9.9800000000000000E-01,  9.9800000000000000E-01,  9.7220227401846859E-01,  1.2870792500000000E-01,  1.1554350000000000E-03,0
2959,  5.0000000000000000E-01,45,  8.1250000000000000E-01,  4.3750000000000000E-01,4,  3.9657025580257310E-01,54,2,499,499,0,  9.4770465380769386E-01,  9.9800000000000000E-01,  9.9800000000000000E-01,  9.7220227401846859E-01,  1.3028204500000001E-01,  1.5127610000000001E-03,0
2960,  5.0000000000000000E-01,45,  8.1250000000000000E-01,  4.3750000000000000E-01,5,  3.9657025580257310E-01,54,2,499,499,0,  9.4770465380769386E-01,  9.9800000000000000E-01,  9.9800000000000000E-01,  9.7220227401846859E-01,  1.3051836900000000E-01,  1.1682170000000000E-03,0
2961,  5.0000000000000000E-01,45,  8.1250000000000000E-01,  6.2500000000000000E-01,1,  3.9657025580257310E-01,54,2,499,499,0,  9.4770465380769386E-01,  9.9800000000000000E-01,  9.9800000000000000E-01,  9.7220227401846859E-01,  1.2846562100000000E-01,  1.1701109999999999E-03,0
2962,  5.0000000000000000E-01,45,  8.1250000000000000E-01,  6.2500000000000000E-01,2,  3.9657025580257310E-01,54,2,499,499,0,  9.4770465380769386E-01,  9.9800000000000000E-01,  9.9800000000000000E-01,  9.7220227401846859E-01,  1.2572613199999999E-01,  1.1531420000000000E-03,0
2963,  5.0000000000000000E-01,45,  8.1250000000000000E-01,  6.2500000000000000E-01,3,  3.9657025580257310E-01,54,2,499,499,0,  9.4770465380769386E-01,  9.9800000000000000E-01,  9.9800000000000000E-01,  9.7220227401846859E-01,  1.2898200300000001E-01,  1.1637539999999999E-03,0
2964,  5.0000000000000000E-01,45,  8.1250000000000000E-01,  6.2500000000000000E-01,4,  3.9657025580257310E-01,54,2,499,499,0,  9.4770465380769386E-01,  9.9800000000000000E-01,  9.9800000000000000E-01,  9.7220227401846859E-01,  1.2991415200000000E-01,  1.1131089999999999E-03,0
2965,  5.0000000000000000E-01,45,  8.1250000000000000E-01,  6.2500000000000000E-01,5,  3.9657025580257310E-01,54,2,499,499,0,  9.4770465380769386E-01,  9.9800000000000000E-01,  9.9800000000000000E-01,  9.7220227401846859E-01,  1.2765028100000000E-01,  1.1250740000000000E-03,0
2966,  5.0000000000000000E-01,45,  8.1250000000000000E-01,  8.1250000000000000E-01,1,  3.9657025580257310E-01,54,2,499,499,0,  9.4770465380769386E-01,  9.9800000000000000E-01,  9.9800000000000000E-01,  9.7220227401846859E-01,  1.3065551700000000E-01,  1.1548350000000001E-03,0
2967,  5.0000000000000000E-01,45,  8.1250000000000000E-01,  8.1250000000000000E-01,2,  3.9657025580257310E-01,54,2,499,499,0,  9.4770465380769386E-01,  9.9800000000000000E-01,  9.9800000000000000E-01,  9.7220227401846859E-01,  1.2915494399999999E-01,  1.1670550000000000E-03,0
2968,  5.0000000000000000E-01,45,  8.1250000000000000E-01,  8.1250000000000000E-01,3,  3.9657025580257310E-01,54,2,499,499,0,  9.4770465380769386E-01,  9.9800000000000000E-01,  9.9800000000000000E-01,  9.7220227401846859E-01,  1.2898085200000001E-01,  1.2460240000000001E-03,0
2969,  5.0000000000000000E-01,45,  8.1250000000000000E-01,  8.1250000000000000E-01,4,  3.9657025580257310E-01,54,2,499,499,0,  9.4770465380769386E-01,  9.9800000000000000E-01,  9.9800000000000000E-01,  9.7220227401846859E-01,  1.3041212799999999E-01,  1.1319410000000000E-03,0
2970,  5.0000000000000000E-01,45,  8.1250000000000000E-01,  8.1250000000000000E-01,5,  3.9657025580257310E-01,54,2,499,499,0,  9.4770465380769386E-01,  9.9800000000000000E-01,  9.9800000000000000E-01,  9.7220227401846859E-01,  1.2671803000000001E-01,  1.3603210000000001E-03,0
2971,  5.0000000000000000E-01,45,  8.1250000000000000E-01,  1.0000000000000000E+00,1,  3.9657025580257310E-01,54,2,499,499,0,  9.4770465380769386E-01,  9.9800000000000000E-01,  9.9800000000000000E-01,  9.7220227401846859E-01,  1.2876875300000001E-01,  1.2565040000000001E-03,0
2972,  5.0000000000000000E-01,45,  8.1250000000000000E-01,  1.0000000000000000E+00,2,  3.9657025580257310E-01,54,2,499,499,0,  9.4770465380769386E-01,  9.9800000000000000E-01,  9.9800000000000000E-01,  9.7220227401846859E-01,  1.3880428100000000E-01,  1.1877880000000000E-03,0
2973,  5.0000000000000000E-01,45,  8.1250000000000000E-01,  1.0000000000000000E+00,3,  3.9657025580257310E-01,54,2,499,499,0,  9.4770465380769386E-01,  9.9800000000000000E-01,  9.9800000000000000E-01,  9.7220227401846859E-01,  1.3537262100000000E-01,  1.2177020000000000E-03,0
2974,  5.0000000000000000E-01,45,  8.1250000000000000E-01,  1.0000000000000000E+00,4,  3.9657025580257310E-01,54,2,499,499,0,  9.4770465380769386E-01,  9.9800000000000000E-01,  9.9800000000000000E-01,  9.7220227401846859E-01,  1.2849278100000000E-01,  1.1264820000000000E-03,0
2975,  5.0000000000000000E-01,45,  8.1250000000000000E-01,  1.0000000000000000E+00,5,  3.9657025580257310E-01,54,2,499,499,0,  9.4770465380769386E-01,  9.9800000000000000E-01,  9.9800000000000000E-01,  9.7220227401846859E-01,  1.2785866700000001E-01,  1.1487369999999999E-03,0
2976,  5.0000000000000000E-01,45,  1.0000000000000000E+00,  2.5000000000000000E-01,1,  3.9657025580257310E-01,54,2,500,500,0,  9.4846991128485680E-01,  1.0000000000000000E+00,  1.0000000000000000E+00,  9.7355356199410681E-01,  1.7390166200000001E-01,  1.4542750000000001E-03,0
2977,  5.0000000000000000E-01,45,  1.0000000000000000E+00,  2.5000000000000000E-01,2,  3.9657025580257310E-01,54,2,500,500,0,  9.4846991128485680E-01,  1.0000000000000000E+00,  1.0000000000000000E+00,  9.7355356199410681E-01,  1.7754785700000000E-01,  1.1402430000000000E-03,0
2978,  5.0000000000000000E-01,45,  1.0000000000000000E+00,  2.5000000000000000E-01,3,  3.9657025580257310E-01,54,2,500,500,0,  9.4846991128485680E-01,  1.0000000000000000E+00,  1.0000000000000000E+00,  9.7355356199410681E-01,  1.7356452600000000E-01,  1.2263910000000001E-03,0
2979,  5.0000000000000000E-01,45,  1.0000000000000000E+00,  2.5000000000000000E-01,4,  3.9657025580257310E-01,54,2,500,500,0,  9.4846991128485680E-01,  1.0000000000000000E+00,  1.0000000000000000E+00,  9.7355356199410681E-01,  1.7601692699999999E-01,  1.1788780000000000E-03,0
2980,  5.0000000000000000E-01,45,  1.0000000000000000E+00,  2.5000000000000000E-01,5,  3.9657025580257310E-01,54,2,500,500,0,  9.4846991128485680E-01,  1.0000000000000000E+00,  1.0000000000000000E+00,  9.7355356199410681E-01,  1.7621273900000001E-01,  1.3293809999999999E-03,0
2981,  5.0000000000000000E-01,45,  1.0000000000000000E+00,  4.3750000000000000E-01,1,  3.9657025580257310E-01,54,1,500,500,0,  1.0000000000000000E+00,  1.0000000000000000E+00,  1.0000000000000000E+00,  1.0000000000000000E+00,  1.7924540799999999E-01,  1.1688820000000000E-03,0
2982,  5.0000000000000000E-01,45,  1.0000000000000000E+00,  4.3750000000000000E-01,2,  3.9657025580257310E-01,54,1,500,500,0,  1.0000000000000000E+00,  1.0000000000000000E+00,  1.0000000000000000E+00,  1.0000000000000000E+00,  1.8395584900000000E-01,  1.1227340000000000E-03,0
2983,  5.0000000000000000E-01,45,  1.0000000000000000E+00,  4.3750000000000000E-01,3,  3.9657025580257310E-01,54,1,500,500,0,  1.0000000000000000E+00,  1.0000000000000000E+00,  1.0000000000000000E+00,  1.0000000000000000E+00,  1.7749185100000001E-01,  1.1729770000000000E-03,0
2984,  5.0000000000000000E-01,45,  1.0000000000000000E+00,  4.3750000000000000E-01,4,  3.9657025580257310E-01,54,1,500,500,0,  1.0000000000000000E+00,  1.0000000000000000E+00,  1.0000000000000000E+00,  1.0000000000000000E+00,  1.8183818500000001E-01,  1.3997759999999999E-03,0
2985,  5.0000000000000000E-01,45,  1.0000000000000000E+00,  4.3750000000000000E-01,5,  3.9657025580257310E-01,54,1,500,500,0,  1.0000000000000000E+00,  1.0000000000000000E+00,  1.0000000000000000E+00,  1.0000000000000000E+00,  1.7889000999999999E-01,  1.8435400000000001E-03,0
2986,  5.0000000000000000E-01,45,  1.0000000000000000E+00,  6.2500000000000000E-01,1,  3.9657025580257310E-01,54,1,500,500,0,  1.0000000000000000E+00,  1.0000000000000000E+00,  1.0000000000000000E+00,  1.0000000000000000E+00,  1.7576107299999999E-01,  1.1555809999999999E-03,0
2987,  5.0000000000000000E-01,45,  1.0000000000000000E+00,  6.2500000000000000E-01,2,  3.9657025580257310E-01,54,1,500,500,0,  1.0000000000000000E+00,  1.0000000000000000E+00,  1.0000000000000000E+00,  1.0000000000000000E+00,  1.7812487099999999E-01,  1.2543710000000000E-03,0
2988,  5.0000000000000000E-01,45,  1.0000000000000000E+00,  6.2500000000000000E-01,3,  3.9657025580257310E-01,54,1,500,500,0,  1.0000000000000000E+00,  1.0000000000000000E+00,  1.0000000000000000E+00,  1.0000000000000000E+00,  1.7822514000000000E-01,  1.1470370000000001E-03,0
2989,  5.0000000000000000E-01,45,  1.0000000000000000E+00,  6.2500000000000000E-01,4,  3.9657025580257310E-01,54,1,500,500,0,  1.0000000000000000E+00,  1.0000000000000000E+00,  1.0000000000000000E+00,  1.0000000000000000E+00,  1.7716298899999999E-01,  1.1274849999999999E-03,0
2990,  5.0000000000000000E-01,45,  1.0000000000000000E+00,  6.2500000000000000E-01,5,  3.9657025580257310E-01,54,1,500,500,0,  1.0000000000000000E+00,  1.0000000000000000E+00,  1.0000000000000000E+00,  1.0000000000000000E+00,  1.7626396699999999E-01,  1.1813209999999999E-03,0
2991,  5.0000000000000000E-01,45,  1.0000000000000000E+00,  8.1250000000000000E-01,1,  3.9657025580257310E-01,54,1,500,500,0,  1.0000000000000000E+00,  1.0000000000000000E+00,  1.0000000000000000E+00,  1.0000000000000000E+00,  1.7949365500000000E-01,  1.5351700000000000E-03,0
2992,  5.0000000000000000E-01,45,  1.0000000000000000E+00,  8.1250000000000000E-01,2,  3.9657025580257310E-01,54,1,500,500,0,  1.0000000000000000E+00,  1.0000000000000000E+00,  1.0000000000000000E+00,  1.0000000000000000E+00,  1.8684882500000000E-01,  1.1635610000000000E-03,0
2993,  5.0000000000000000E-01,45,  1.0000000000000000E+00,  8.1250000000000000E-01,3,  3.9657025580257310E-01,54,1,500,500,0,  1.0000000000000000E+00,  1.0000000000000000E+00,  1.0000000000000000E+00,  1.0000000000000000E+00,  1.7688377499999999E-01,  1.2746480000000000E-03,0
2994,  5.0000000000000000E-01,45,  1.0000000000000000E+00,  8.1250000000000000E-01,4,  3.9657025580257310E-01,54,1,500,500,0,  1.0000000000000000E+00,  1.0000000000000000E+00,  1.0000000000000000E+00,  1.0000000000000000E+00,  1.7412393400000001E-01,  1.1394870000000000E-03,0
2995,  5.0000000000000000E-01,45,  1.0000000000000000E+00,  8.1250000000000000E-01,5,  3.9657025580257310E-01,54,1,500,500,0,  1.0000000000000000E+00,  1.0000000000000000E+00,  1.0000000000000000E+00,  1.0000000000000000E+00,  1.7814944099999999E-01,  1.3098380000000000E-03,0
2996,  5.0000000000000000E-01,45,  1.0000000000000000E+00,  1.0000000000000000E+00,1,  3.9657025580257310E-01,54,1,500,500,0,  1.0000000000000000E+00,  1.0000000000000000E+00,  1.0000000000000000E+00,  1.0000000000000000E+00,  1.7541370500000000E-01,  1.1470350000000000E-03,0
2997,  5.0000000000000000E-01,45,  1.0000000000000000E+00,  1.0000000000000000E+00,2,  3.9657025580257310E-01,54,1,500,500,0,  1.0000000000000000E+00,  1.0000000000000000E+00,  1.0000000000000000E+00,  1.0000000000000000E+00,  1.7483801400000001E-01,  1.1899260000000000E-03,0
2998,  5.0000000000000000E-01,45,  1.0000000000000000E+00,  1.0000000000000000E+00,3,  3.9657025580257310E-01,54,1,500,500,0,  1.0000000000000000E+00,  1.0000000000000000E+00,  1.0000000000000000E+00,  1.0000000000000000E+00,  1.8744637600000000E-01,  1.1955650000000000E-03,0
2999,  5.0000000000000000E-01,45,  1.0000000000000000E+00,  1.0000000000000000E+00,4,  3.9657025580257310E-01,54,1,500,500,0,  1.0000000000000000E+00,  1.0000000000000000E+00,  1.0000000000000000E+00,  1.0000000000000000E+00,  1.7767562500000000E-01,  1.1488020000000000E-03,0
3000,  5.0000000000000000E-01,45,  1.0000000000000000E+00,  1.0000000000000000E+00,5,  3.9657025580257310E-01,54,1,500,500,0,  1.0000000000000000E+00,  1.0000000000000000E+00,  1.0000000000000000E+00,  1.0000000000000000E+00,  1.8510270000000001E-01,  1.8419350000000001E-03,0
3001,  5.0000000000000000E-01,55,  2.5000000000000000E-01,  2.5000000000000000E-01,1,  3.9657025580257310E-01,48,4,490,490,0,  7.2213952384966906E-01,  9.7999999999999998E-01,  9.7999999999999998E-01,  8.3153786567637289E-01,  5.4380539999999998E-02,  1.1878629999999999E-03,0
3002,  5.0000000000000000E-01,55,  2.5000000000000000E-01,  2.5000000000000000E-01,2,  3.9657025580257310E-01,48,4,490,490,0,  7.2213952384966906E-01,  9.7999999999999998E-01,  9.7999999999999998E-01,  8.3153786567637289E-01,  5.3161463999999999E-02,  1.1310640000000000E-03,0
3003,  5.0000000000000000E-01,55,  2.5000000000000000E-01,  2.5000000000000000E-01,3,  3.9657025580257310E-01,48,4,490,490,0,  7.2213952384966906E-01,  9.7999999999999998E-01,  9.7999999999999998E-01,  8.3153786567637289E-01,  5.1507728000000003E-02,  1.1515410000000001E-03,0
3004,  5.0000000000000000E-01,55,  2.5000000000000000E-01,  2.5000000000000000E-01,4,  3.9657025580257310E-01,48,4,490,490,0,  7.2213952384966906E-01,  9.7999999999999998E-01,  9.7999999999999998E-01,  8.3153786567637289E-01,  5.1208796000000001E-02,  1.1549679999999999E-03,0
3005,  5.0000000000000000E-01,55,  2.5000000000000000E-01,  2.5000000000000000E-01,5,  3.9657025580257310E-01,48,4,490,490,0,  7.2213952384966906E-01,  9.7999999999999998E-01,  9.7999999999999998E-01,  8.3153786567637289E-01,  5.0470808999999998E-02,  1.1224659999999999E-03,0
3006,  5.0000000000000000E-01,55,  2.5000000000000000E-01,  4.3750000000000000E-01,1,  3.9657025580257310E-01,48,4,490,490,0,  7.2213952384966906E-01,  9.7999999999999998E-01,  9.7999999999999998E-01,  8.3153786567637289E-01,  5.0169096000000003E-02,  1.1604590000000000E-03,0
3007,  5.0000000000000000E-01,55,  2.5000000000000000E-01,  4.3750000000000000E-01,2,  3.9657025580257310E-01,48,4,490,490,0,  7.2213952384966906E-01,  9.7999999999999998E-01,  9.7999999999999998E-01,  8.3153786567637289E-01,  5.1279729000000003E-02,  1.1852890000000000E-03,0
3008,  5.0000000000000000E-01,55,  2.5000000000000000E-01,  4.3750000000000000E-01,3,  3.9657025580257310E-01,48,4,490,490,0,  7.2213952384966906E-01,  9.7999999999999998E-01,  9.7999999999999998E-01,  8.3153786567637289E-01,  5.3843586999999998E-02,  1.1040880000000000E-03,0
3009,  5.0000000000000000E-01,55,  2.5000000000000000E-01,  4.3750000000000000E-01,4,  3.9657025580257310E-01,48,4,490,490,0,  7.2213952384966906E-01,  9.7999999999999998E-01,  9.7999999999999998E-01,  8.3153786567637289E-01,  4.9598257000000000E-02,  1.1417529999999999E-03,0
3010,  5.0000000000000000E-01,55,  2.5000000000000000E-01,  4.3750000000000000E-01,5,  3.9657025580257310E-01,48,4,490,490,0,  7.2213952384966906E-01,  9.7999999999999998E-01,  9.7999999999999998E-01,  8.3153786567637289E-01,  4.9659980999999999E-02,  1.1176640000000000E-03,0
3011,  5.0000000000000000E-01,55,  2.5000000000000000E-01,  6.2500000000000000E-01,1,  3.9657025580257310E-01,48,4,490,490,0,  7.2213952384966906E-01,  9.7999999999999998E-01,  9.7999999999999998E-01,  8.3153786567637289E-01,  5.1459596000000003E-02,  1.2857669999999999E-03,0
3012,  5.0000000000000000E-01,55,  2.5000000000000000E-01,  6.2500000000000000E-01,2,  3.9657025580257310E-01,48,4,490,490,0,  7.2213952384966906E-01,  9.7999999999999998E-01,  9.7999999999999998E-01,  8.3153786567637289E-01,  5.4067905999999999E-02,  1.3024180000000001E-03,0
3013,  5.0000000000000000E-01,55,  2.5000000000000000E-01,  6.2500000000000000E-01,3,  3.9657025580257310E-01,48,4,490,490,0,  7.2213952384966906E-01,  9.7999999999999998E-01,  9.7999999999999998E-01,  8.3153786567637289E-01,  5.2698243999999998E-02,  1.1547090000000001E-03,0
3014,  5.0000000000000000E-01,55,  2.5000000000000000E-01,  6.2500000000000000E-01,4,  3.9657025580257310E-01,48,4,490,490,0,  7.2213952384966906E-01,  9.7999999999999998E-01,  9.7999999999999998E-01,  8.3153786567637289E-01,  5.1213601999999997E-02,  1.1215320000000000E-03,0
3015,  5.0000000000000000E-01,55,  2.5000000000000000E-01,  6.2500000000000000E-01,5,  3.9657025580257310E-01,48,4,490,490,0,  7.2213952384966906E-01,  9.7999999999999998E-01,  9.7999999999999998E-01,  8.3153786567637289E-01,  5.2089516000000002E-02,  1.1770450000000000E-03,0
3016,  5.0000000000000000E-01,55,  2.5000000000000000E-01,  8.1250000000000000E-01,1,  3.9657025580257310E-01,48,4,490,490,0,  7.2213952384966906E-01,  9.7999999999999998E-01,  9.7999999999999998E-01,  8.3153786567637289E-01,  5.2863017999999998E-02,  1.1671769999999999E-03,0
3017,  5.0000000000000000E-01,55,  2.5000000000000000E-01,  8.1250000000000000E-01,2,  3.9657025580257310E-01,48,4,490,490,0,  7.2213952384966906E-01,  9.7999999999999998E-01,  9.7999999999999998E-01,  8.3153786567637289E-01,  5.4474553000000002E-02,  1.1540319999999999E-03,0
3018,  5.0000000000000000E-01,55,  2.5000000000000000E-01,  8.1250000000000000E-01,3,  3.9657025580257310E-01,48,4,490,490,0,  7.2213952384966906E-01,  9.7999999999999998E-01,  9.7999999999999998E-01,  8.3153786567637289E-01,  5.0165307999999999E-02,  1.2200160000000000E-03,0
3019,  5.0000000000000000E-01,55,  2.5000000000000000E-01,  8.1250000000000000E-01,4,  3.9657025580257310E-01,48,4,490,490,0,  7.2213952384966906E-01,  9.7999999999999998E-01,  9.7999999999999998E-01,  8.3153786567637289E-01,  5.1581195000000003E-02,  1.1380480000000000E-03,0
3020,  5.0000000000000000E-01,55,  2.5000000000000000E-01,  8.1250000000000000E-01,5,  3.9657025580257310E-01,48,4,490,490,0,  7.2213952384966906E-01,  9.7999999999999998E-01,  9.7999999999999998E-01,  8.3153786567637289E-01,  5.0880771999999998E-02,  1.1505120000000000E-03,0
3021,  5.0000000000000000E-01,55,  2.5000000000000000E-01,  1.0000000000000000E+00,1,  3.9657025580257310E-01,48,4,490,490,0,  7.2213952384966906E-01,  9.7999999999999998E-01,  9.7999999999999998E-01,  8.3153786567637289E-01,  5.1504941999999998E-02,  1.1379030000000000E-03,0
3022,  5.0000000000000000E-01,55,  2.5000000000000000E-01,  1.0000000000000000E+00,2,  3.9657025580257310E-01,48,4,490,490,0,  7.2213952384966906E-01,  9.7999999999999998E-01,  9.7999999999999998E-01,  8.3153786567637289E-01,  5.0293873000000003E-02,  1.1181679999999999E-03,0
3023,  5.0000000000000000E-01,55,  2.5000000000000000E-01,  1.0000000000000000E+00,3,  3.9657025580257310E-01,48,4,490,490,0,  7.2213952384966906E-01,  9.7999999999999998E-01,  9.7999999999999998E-01,  8.3153786567637289E-01,  5.0659896000000003E-02,  1.1157590000000000E-03,0
3024,  5.0000000000000000E-01,55,  2.5000000000000000E-01,  1.0000000000000000E+00,4,  3.9657025580257310E-01,48,4,490,490,0,  7.2213952384966906E-01,  9.7999999999999998E-01,  9.7999999999999998E-01,  8.3153786567637289E-01,  5.2333867999999999E-02,  1.1615919999999999E-03,0
3025,  5.0000000000000000E-01,55,  2.5000000000000000E-01,  1.0000000000000000E+00,5,  3.9657025580257310E-01,48,4,490,490,0,  7.2213952384966906E-01,  9.7999999999999998E-01,  9.7999999999999998E-01,  8.3153786567637289E-01,  5.0546436000000000E-02,  1.1201449999999999E-03,0
3026,  5.0000000000000000E-01,55,  4.3750000000000000E-01,  2.5000000000000000E-01,1,  3.9657025580257310E-01,48,2,492,492,0,  9.4117901660301306E-01,  9.8399999999999999E-01,  9.8399999999999999E-01,  9.6211328333664048E-01,  7.5129140999999997E-02,  1.1305169999999999E-03,0
3027,  5.0000000000000000E-01,55,  4.3750000000000000E-01,  2.5000000000000000E-01,2,  3.9657025580257310E-01,48,3,493,492,1,  7.8677084495713390E-01,  9.8599999999999999E-01,  9.8399999999999999E-01,  8.7519044588810568E-01,  7.2650913999999997E-02,  1.1598610000000001E-03,0
3028,  5.0000000000000000E-01,55,  4.3750000000000000E-01,  2.5000000000000000E-01,3,  3.9657025580257310E-01,48,3,493,492,1,  7.8677084495713390E-01,  9.8599999999999999E-01,  9.8399999999999999E-01,  8.7519044588810568E-01,  7.2764969999999998E-02,  1.1521540000000001E-03,0
3029,  5.0000000000000000E-01,55,  4.3750000000000000E-01,  2.5000000000000000E-01,4,  3.9657025580257310E-01,48,3,493,492,1,  7.8677084495713390E-01,  9.8599999999999999E-01,  9.8399999999999999E-01,  8.7519044588810568E-01,  7.3500998999999997E-02,  1.1524960000000000E-03,0
3030,  5.0000000000000000E-01,55,  4.3750000000000000E-01,  2.5000000000000000E-01,5,  3.9657025580257310E-01,48,4,497,492,5,  7.2508714814268449E-01,  9.9399999999999999E-01,  9.8399999999999999E-01,  8.3851086436486721E-01,  7.9025533999999995E-02,  1.1878049999999999E-03,0
3031,  5.0000000000000000E-01,55,  4.3750000000000000E-01,  4.3750000000000000E-01,1,  3.9657025580257310E-01,48,2,492,492,0,  9.4117901660301306E-01,  9.8399999999999999E-01,  9.8399999999999999E-01,  9.6211328333664048E-01,  7.4502354000000007E-02,  1.1471809999999999E-03,0
3032,  5.0000000000000000E-01,55,  4.3750000000000000E-01,  4.3750000000000000E-01,2,  3.9657025580257310E-01,48,3,493,492,1,  7.8677084495713390E-01,  9.8599999999999999E-01,  9.8399999999999999E-01,  8.7519044588810568E-01,  7.1746225999999996E-02,  1.1465500000000001E-03,0
3033,  5.0000000000000000E-01,55,  4.3750000000000000E-01,  4.3750000000000000E-01,3,  3.9657025580257310E-01,48,3,493,492,1,  7.8677084495713390E-01,  9.8599999999999999E-01,  9.8399999999999999E-01,  8.7519044588810568E-01,  7.6830169000000004E-02,  1.3219350000000000E-03,0
3034,  5.0000000000000000E-01,55,  4.3750000000000000E-01,  4.3750000000000000E-01,4,  3.9657025580257310E-01,48,3,493,492,1,  7.8677084495713390E-01,  9.8599999999999999E-01,  9.8399999999999999E-01,  8.7519044588810568E-01,  7.1955459999999999E-02,  1.4232940000000001E-03,0
3035,  5.0000000000000000E-01,55,  4.3750000000000000E-01,  4.3750000000000000E-01,5,  3.9657025580257310E-01,48,4,497,492,5,  7.2508714814268449E-01,  9.9399999999999999E-01,  9.8399999999999999E-01,  8.3851086436486721E-01,  7.3129550000000001E-02,  1.1473830000000001E-03,0
3036,  5.0000000000000000E-01,55,  4.3750000000000000E-01,  6.2500000000000000E-01,1,  3.9657025580257310E-01,48,2,492,492,0,  9.4117901660301306E-01,  9.8399999999999999E-01,  9.8399999999999999E-01,  9.6211328333664048E-01,  7.3978502000000002E-02,  1.1895720000000001E-03,0
3037,  5.0000000000000000E-01,55,  4.3750000000000000E-01,  6.2500000000000000E-01,2,  3.9657025580257310E-01,48,3,493,492,1,  7.8677084495713390E-01,  9.8599999999999999E-01,  9.8399999999999999E-01,  8.7519044588810568E-01,  7.5082959000000005E-02,  1.1232160000000000E-03,0
3038,  5.0000000000000000E-01,55,  4.3750000000000000E-01,  6.2500000000000000E-01,3,  3.9657025580257310E-01,48,3,493,492,1,  7.8677084495713390E-01,  9.8599999999999999E-01,  9.8399999999999999E-01,  8.7519044588810568E-01,  7.2827199999999995E-02,  1.1233739999999999E-03,0
3039,  5.0000000000000000E-01,55,  4.3750000000000000E-01,  6.2500000000000000E-01,4,  3.9657025580257310E-01,48,3,493,492,1,  7.8677084495713390E-01,  9.8599999999999999E-01,  9.8399999999999999E-01,  8.7519044588810568E-01,  7.2396914000000007E-02,  1.1250489999999999E-03,0
3040,  5.0000000000000000E-01,55,  4.3750000000000000E-01,  6.2500000000000000E-01,5,  3.9657025580257310E-01,48,4,497,492,5,  7.2508714814268449E-01,  9.9399999999999999E-01,  9.8399999999999999E-01,  8.3851086436486721E-01,  7.2976852999999994E-02,  1.1699659999999999E-03,0
3041,  5.0000000000000000E-01,55,  4.3750000000000000E-01,  8.1250000000000000E-01,1,  3.9657025580257310E-01,48,2,492,492,0,  9.4117901660301306E-01,  9.8399999999999999E-01,  9.8399999999999999E-01,  9.6211328333664048E-01,  7.2993594999999994E-02,  1.1123200000000000E-03,0
3042,  5.0000000000000000E-01,55,  4.3750000000000000E-01,  8.1250000000000000E-01,2,  3.9657025580257310E-01,48,3,493,492,1,  7.8677084495713390E-01,  9.8599999999999999E-01,  9.8399999999999999E-01,  8.7519044588810568E-01,  7.4010158000000006E-02,  1.1181240000000001E-03,0
3043,  5.0000000000000000E-01,55,  4.3750000000000000E-01,  8.1250000000000000E-01,3,  3.9657025580257310E-01,48,3,493,492,1,  7.8677084495713390E-01,  9.8599999999999999E-01,  9.8399999999999999E-01,  8.7519044588810568E-01,  7.1279435000000002E-02,  1.1162220000000000E-03,0
3044,  5.0000000000000000E-01,55,  4.3750000000000000E-01,  8.1250000000000000E-01,4,  3.9657025580257310E-01,48,3,493,492,1,  7.8677084495713390E-01,  9.8599999999999999E-01,  9.8399999999999999E-01,  8.7519044588810568E-01,  7.2097389999999997E-02,  1.1402070000000001E-03,0
3045,  5.0000000000000000E-01,55,  4.3750000000000000E-01,  8.1250000000000000E-01,5,  3.9657025580257310E-01,48,4,497,492,5,  7.2508714814268449E-01,  9.9399999999999999E-01,  9.8399999999999999E-01,  8.3851086436486721E-01,  7.3636895999999993E-02,  1.1369209999999999E-03,0
3046,  5.0000000000000000E-01,55,  4.3750000000000000E-01,  1.0000000000000000E+00,1,  3.9657025580257310E-01,48,2,492,492,0,  9.4117901660301306E-01,  9.8399999999999999E-01,  9.8399999999999999E-01,  9.6211328333664048E-01,  7.3327613000000000E-02,  1.1017069999999999E-03,0
3047,  5.0000000000000000E-01,55,  4.3750000000000000E-01,  1.0000000000000000E+00,2,  3.9657025580257310E-01,48,3,493,492,1,  7.8677084495713390E-01,  9.8599999999999999E-01,  9.8399999999999999E-01,  8.7519044588810568E-01,  7.4554337999999998E-02,  1.2316600000000001E-03,0
3048,  5.0000000000000000E-01,55,  4.3750000000000000E-01,  1.0000000000000000E+00,3,  3.9657025580257310E-01,48,3,493,492,1,  7.8677084495713390E-01,  9.8599999999999999E-01,  9.8399999999999999E-01,  8.7519044588810568E-01,  7.3272175999999994E-02,  1.1370569999999999E-03,0
3049,  5.0000000000000000E-01,55,  4.3750000000000000E-01,  1.0000000000000000E+00,4,  3.9657025580257310E-01,48,3,493,492,1,  7.8677084495713390E-01,  9.8599999999999999E-01,  9.8399999999999999E-01,  8.7519044588810568E-01,  7.3294272999999993E-02,  1.1278410000000001E-03,0
3050,  5.0000000000000000E-01,55,  4.3750000000000000E-01,  1.0000000000000000E+00,5,  3.9657025580257310E-01,48,4,497,492,5,  7.2508714814268449E-01,  9.9399999999999999E-01,  9.8399999999999999E-01,  8.3851086436486721E-01,  7.2695960000000004E-02,  1.1380030000000001E-03,0
3051,  5.0000000000000000E-01,55,  6.2500000000000000E-01,  2.5000000000000000E-01,1,  3.9657025580257310E-01,48,2,495,495,0,  9.4404893979569038E-01,  9.8999999999999999E-01,  9.8999999999999999E-01,  9.6647859437979255E-01,  9.0672764000000003E-02,  1.1277720000000000E-03,0
3052,  5.0000000000000000E-01,55,  6.2500000000000000E-01,  2.5000000000000000E-01,2,  3.9657025580257310E-01,48,3,496,495,1,  7.8955903491261015E-01,  9.9199999999999999E-01,  9.8999999999999999E-01,  8.7927769698827773E-01,  9.3937488999999999E-02,  1.6669540000000000E-03,0
3053,  5.0000000000000000E-01,55,  6.2500000000000000E-01,  2.5000000000000000E-01,3,  3.9657025580257310E-01,48,3,496,495,1,  7.8955903491261015E-01,  9.9199999999999999E-01,  9.8999999999999999E-01,  8.7927769698827773E-01,  9.1625278000000004E-02,  1.3137089999999999E-03,0
3054,  5.0000000000000000E-01,55,  6.2500000000000000E-01,  2.5000000000000000E-01,4,  3.9657025580257310E-01,48,3,496,495,1,  7.8955903491261015E-01,  9.9199999999999999E-01,  9.8999999999999999E-01,  8.7927769698827773E-01,  9.2059273999999996E-02,  1.1230070000000001E-03,0
3055,  5.0000000000000000E-01,55,  6.2500000000000000E-01,  2.5000000000000000E-01,5,  3.9657025580257310E-01,48,3,496,495,1,  7.8955903491261015E-01,  9.9199999999999999E-01,  9.8999999999999999E-01,  8.7927769698827773E-01,  9.2825749999999999E-02,  1.1263590000000000E-03,0
3056,  5.0000000000000000E-01,55,  6.2500000000000000E-01,  4.3750000000000000E-01,1,  3.9657025580257310E-01,48,2,495,495,0,  9.4404893979569038E-01,  9.8999999999999999E-01,  9.8999999999999999E-01,  9.6647859437979255E-01,  9.2221497999999999E-02,  1.1901790000000000E-03,0
3057,  5.0000000000000000E-01,55,  6.2500000000000000E-01,  4.3750000000000000E-01,2,  3.9657025580257310E-01,48,3,496,495,1,  7.8955903491261015E-01,  9.9199999999999999E-01,  9.8999999999999999E-01,  8.7927769698827773E-01,  9.1815961000000001E-02,  1.1559039999999999E-03,0
3058,  5.0000000000000000E-01,55,  6.2500000000000000E-01,  4.3750000000000000E-01,3,  3.9657025580257310E-01,48,3,496,495,1,  7.8955903491261015E-01,  9.9199999999999999E-01,  9.8999999999999999E-01,  8.7927769698827773E-01,  8.9440639000000002E-02,  1.2340410000000000E-03,0
3059,  5.0000000000000000E-01,55,  6.2500000000000000E-01,  4.3750000000000000E-01,4,  3.9657025580257310E-01,48,3,496,495,1,  7.8955903491261015E-01,  9.9199999999999999E-01,  9.8999999999999999E-01,  8.7927769698827773E-01,  9.2747601999999998E-02,  1.1278200000000001E-03,0
3060,  5.0000000000000000E-01,55,  6.2500000000000000E-01,  4.3750000000000000E-01,5,  3.9657025580257310E-01,48,3,496,495,1,  7.8955903491261015E-01,  9.9199999999999999E-01,  9.8999999999999999E-01,  8.7927769698827773E-01,  9.0381394000000004E-02,  1.1666300000000001E-03,0
3061,  5.0000000000000000E-01,55,  6.2500000000000000E-01,  6.2500000000000000E-01,1,  3.9657025580257310E-01,48,2,495,495,0,  9.4404893979569038E-01,  9.8999999999999999E-01,  9.8999999999999999E-01,  9.6647859437979255E-01,  9.2047823000000001E-02,  1.1412200000000001E-03,0
3062,  5.0000000000000000E-01,55,  6.2500000000000000E-01,  6.2500000000000000E-01,2,  3.9657025580257310E-01,48,3,496,495,1,  7.8955903491261015E-01,  9.9199999999999999E-01,  9.8999999999999999E-01,  8.7927769698827773E-01,  9.1197123000000005E-02,  1.1238439999999999E-03,0
3063,  5.0000000000000000E-01,55,  6.2500000000000000E-01,  6.2500000000000000E-01,3,  3.9657025580257310E-01,48,3,496,495,1,  7.8955903491261015E-01,  9.9199999999999999E-01,  9.8999999999999999E-01,  8.7927769698827773E-01,  9.5200807999999998E-02,  1.3879080000000000E-03,0
3064,  5.0000000000000000E-01,55,  6.2500000000000000E-01,  6.2500000000000000E-01,4,  3.9657025580257310E-01,48,3,496,495,1,  7.8955903491261015E-01,  9.9199999999999999E-01,  9.8999999999999999E-01,  8.7927769698827773E-01,  9.3343371999999994E-02,  1.1128840000000000E-03,0
3065,  5.0000000000000000E-01,55,  6.2500000000000000E-01,  6.2500000000000000E-01,5,  3.9657025580257310E-01,48,3,496,495,1,  7.8955903491261015E-01,  9.9199999999999999E-01,  9.8999999999999999E-01,  8.7927769698827773E-01,  8.9324103000000002E-02,  1.2164990000000000E-03,0
3066,  5.0000000000000000E-01,55,  6.2500000000000000E-01,  8.1250000000000000E-01,1,  3.9657025580257310E-01,48,2,495,495,0,  9.4404893979569038E-01,  9.8999999999999999E-01,  9.8999999999999999E-01,  9.6647859437979255E-01,  9.5555328999999994E-02,  1.1195660000000000E-03,0
3067,  5.0000000000000000E-01,55,  6.2500000000000000E-01,  8.1250000000000000E-01,2,  3.9657025580257310E-01,48,3,496,495,1,  7.8955903491261015E-01,  9.9199999999999999E-01,  9.8999999999999999E-01,  8.7927769698827773E-01,  8.9283443000000004E-02,  1.1442880000000000E-03,0
3068,  5.0000000000000000E-01,55,  6.2500000000000000E-01,  8.1250000000000000E-01,3,  3.9657025580257310E-01,48,3,496,495,1,  7.8955903491261015E-01,  9.9199999999999999E-01,  9.8999999999999999E-01,  8.7927769698827773E-01,  9.2497195000000004E-02,  1.1454000000000000E-03,0
3069,  5.0000000000000000E-01,55,  6.2500000000000000E-01,  8.1250000000000000E-01,4,  3.9657025580257310E-01,48,3,496,495,1,  7.8955903491261015E-01,  9.9199999999999999E-01,  9.8999999999999999E-01,  8.7927769698827773E-01,  9.1611553999999998E-02,  1.2779510000000000E-03,0
3070,  5.0000000000000000E-01,55,  6.2500000000000000E-01,  8.1250000000000000E-01,5,  3.9657025580257310E-01,48,3,496,495,1,  7.8955903491261015E-01,  9.9199999999999999E-01,  9.8999999999999999E-01,  8.7927769698827773E-01,  9.1276616000000005E-02,  1.2045090000000001E-03,0
3071,  5.0000000000000000E-01,55,  6.2500000000000000E-01,  1.0000000000000000E+00,1,  3.9657025580257310E-01,48,2,495,495,0,  9.4404893979569038E-01,  9.8999999999999999E-01,  9.8999999999999999E-01,  9.6647859437979255E-01,  9.0867326999999998E-02,  1.3618940000000000E-03,0
3072,  5.0000000000000000E-01,55,  6.2500000000000000E-01,  1.0000000000000000E+00,2,  3.9657025580257310E-01,48,3,496,495,1,  7.8955903491261015E-01,  9.9199999999999999E-01,  9.8999999999999999E-01,  8.7927769698827773E-01,  9.1153809000000002E-02,  1.1816699999999999E-03,0
3073,  5.0000000000000000E-01,55,  6.2500000000000000E-01,  1.0000000000000000E+00,3,  3.9657025580257310E-01,48,3,496,495,1,  7.8955903491261015E-01,  9.9199999999999999E-01,  9.8999999999999999E-01,  8.7927769698827773E-01,  8.9955867999999994E-02,  1.1992010000000000E-03,0
3074,  5.0000000000000000E-01,55,  6.2500000000000000E-01,  1.0000000000000000E+00,4,  3.9657025580257310E-01,48,3,496,495,1,  7.8955903491261015E-01,  9.9199999999999999E-01,  9.8999999999999999E-01,  8.7927769698827773E-01,  9.0166600000000000E-02,  1.1778250000000000E-03,0
3075,  5.0000000000000000E-01,55,  6.2500000000000000E-01,  1.0000000000000000E+00,5,  3.9657025580257310E-01,48,3,496,495,1,  7.8955903491261015E-01,  9.9199999999999999E-01,  9.8999999999999999E-01,  8.7927769698827773E-01,  9.5314107999999995E-02,  1.2666419999999999E-03,0
3076,  5.0000000000000000E-01,55,  8.1250000000000000E-01,  2.5000000000000000E-01,1,  3.9657025580257310E-01,48,2,498,498,0,  9.4691772686434583E-01,  9.9600000000000000E-01,  9.9600000000000000E-01,  9.7083890163377740E-01,  1.1606835900000000E-01,  1.1746210000000000E-03,0
3077,  5.0000000000000000E-01,55,  8.1250000000000000E-01,  2.5000000000000000E-01,2,  3.9657025580257310E-01,48,2,498,498,0,  9.4691772686434583E-01,  9.9600000000000000E-01,  9.9600000000000000E-01,  9.7083890163377740E-01,  1.1482760600000000E-01,  1.1534000000000000E-03,0
3078,  5.0000000000000000E-01,55,  8.1250000000000000E-01,  2.5000000000000000E-01,3,  3.9657025580257310E-01,48,2,498,498,0,  9.4691772686434583E-01,  9.9600000000000000E-01,  9.9600000000000000E-01,  9.7083890163377740E-01,  1.1719849500000000E-01,  1.1517500000000000E-03,0
3079,  5.0000000000000000E-01,55,  8.1250000000000000E-01,  2.5000000000000000E-01,4,  3.9657025580257310E-01,48,2,498,498,0,  9.4691772686434583E-01,  9.9600000000000000E-01,  9.9600000000000000E-01,  9.7083890163377740E-01,  1.1721794200000001E-01,  1.9132670000000000E-03,0
3080,  5.0000000000000000E-01,55,  8.1250000000000000E-01,  2.5000000000000000E-01,5,  3.9657025580257310E-01,48,2,498,498,0,  9.4691772686434583E-01,  9.9600000000000000E-01,  9.9600000000000000E-01,  9.7083890163377740E-01,  1.1518566900000000E-01,  1.2594310000000001E-03,0
3081,  5.0000000000000000E-01,55,  8.1250000000000000E-01,  4.3750000000000000E-01,1,  3.9657025580257310E-01,48,2,498,498,0,  9.4691772686434583E-01,  9.9600000000000000E-01,  9.9600000000000000E-01,  9.7083890163377740E-01,  1.1729907500000000E-01,  1.2888109999999999E-03,0
3082,  5.0000000000000000E-01,55,  8.1250000000000000E-01,  4.3750000000000000E-01,2,  3.9657025580257310E-01,48,2,498,498,0,  9.4691772686434583E-01,  9.9600000000000000E-01,  9.9600000000000000E-01,  9.7083890163377740E-01,  1.1529013900000000E-01,  1.2033190000000000E-03,0
3083,  5.0000000000000000E-01,55,  8.1250000000000000E-01,  4.3750000000000000E-01,3,  3.9657025580257310E-01,48,2,498,498,0,  9.4691772686434583E-01,  9.9600000000000000E-01,  9.9600000000000000E-01,  9.7083890163377740E-01,  1.1551334200000000E-01,  1.2417999999999999E-03,0
3084,  5.0000000000000000E-01,55,  8.1250000000000000E-01,  4.3750000000000000E-01,4,  3.9657025580257310E-01,48,2,498,498,0,  9.4691772686434583E-01,  9.9600000000000000E-01,  9.9600000000000000E-01,  9.7083890163377740E-01,  1.1499348000000000E-01,  1.1375100000000000E-03,0
3085,  5.0000000000000000E-01,55,  8.1250000000000000E-01,  4.3750000000000000E-01,5,  3.9657025580257310E-01,48,2,498,498,0,  9.4691772686434583E-01,  9.9600000000000000E-01,  9.9600000000000000E-01,  9.7083890163377740E-01,  1.1987277700000000E-01,  1.2279970000000000E-03,0
3086,  5.0000000000000000E-01,55,  8.1250000000000000E-01,  6.2500000000000000E-01,1,  3.9657025580257310E-01,48,2,498,498,0,  9.4691772686434583E-01,  9.9600000000000000E-01,  9.9600000000000000E-01,  9.7083890163377740E-01,  1.1504075900000001E-01,  1.1333260000000000E-03,0
3087,  5.0000000000000000E-01,55,  8.1250000000000000E-01,  6.2500000000000000E-01,2,  3.9657025580257310E-01,48,2,498,498,0,  9.4691772686434583E-01,  9.9600000000000000E-01,  9.9600000000000000E-01,  9.7083890163377740E-01,  1.1773246599999999E-01,  1.1576749999999999E-03,0
3088,  5.0000000000000000E-01,55,  8.1250000000000000E-01,  6.2500000000000000E-01,3,  3.9657025580257310E-01,48,2,498,498,0,  9.4691772686434583E-01,  9.9600000000000000E-01,  9.9600000000000000E-01,  9.7083890163377740E-01,  1.1470119099999999E-01,  1.1896719999999999E-03,0
3089,  5.0000000000000000E-01,55,  8.1250000000000000E-01,  6.2500000000000000E-01,4,  3.9657025580257310E-01,48,2,498,498,0,  9.4691772686434583E-01,  9.9600000000000000E-01,  9.9600000000000000E-01,  9.7083890163377740E-01,  1.1704113800000000E-01,  1.2075969999999999E-03,0
3090,  5.0000000000000000E-01,55,  8.1250000000000000E-01,  6.2500000000000000E-01,5,  3.9657025580257310E-01,48,2,498,498,0,  9.4691772686434583E-01,  9.9600000000000000E-01,  9.9600000000000000E-01,  9.7083890163377740E-01,  1.1463581400000000E-01,  1.1474219999999999E-03,0
3091,  5.0000000000000000E-01,55,  8.1250000000000000E-01,  8.1250000000000000E-01,1,  3.9657025580257310E-01,48,2,498,498,0,  9.4691772686434583E-01,  9.9600000000000000E-01,  9.9600000000000000E-01,  9.7083890163377740E-01,  1.1549651200000000E-01,  1.1427430000000001E-03,0
3092,  5.0000000000000000E-01,55,  8.1250000000000000E-01,  8.1250000000000000E-01,2,  3.9657025580257310E-01,48,2,498,498,0,  9.4691772686434583E-01,  9.9600000000000000E-01,  9.9600000000000000E-01,  9.7083890163377740E-01,  1.1499049700000000E-01,  1.1208510000000000E-03,0
3093,  5.0000000000000000E-01,55,  8.1250000000000000E-01,  8.1250000000000000E-01,3,  3.9657025580257310E-01,48,2,498,498,0,  9.4691772686434583E-01,  9.9600000000000000E-01,  9.9600000000000000E-01,  9.7083890163377740E-01,  1.1288534800000000E-01,  1.1239220000000001E-03,0
3094,  5.0000000000000000E-01,55,  8.1250000000000000E-01,  8.1250000000000000E-01,4,  3.9657025580257310E-01,48,2,498,498,0,  9.4691772686434583E-01,  9.9600000000000000E-01,  9.9600000000000000E-01,  9.7083890163377740E-01,  1.1351437400000000E-01,  1.1372940000000001E-03,0
3095,  5.0000000000000000E-01,55,  8.1250000000000000E-01,  8.1250000000000000E-01,5,  3.9657025580257310E-01,48,2,498,498,0,  9.4691772686434583E-01,  9.9600000000000000E-01,  9.9600000000000000E-01,  9.7083890163377740E-01,  1.1421735299999999E-01,  1.1423959999999999E-03,0
3096,  5.0000000000000000E-01,55,  8.1250000000000000E-01,  1.0000000000000000E+00,1,  3.9657025580257310E-01,48,2,498,498,0,  9.4691772686434583E-01,  9.9600000000000000E-01,  9.9600000000000000E-01,  9.7083890163377740E-01,  1.1797339200000000E-01,  1.1514470000000001E-03,0
3097,  5.0000000000000000E-01,55,  8.1250000000000000E-01,  1.0000000000000000E+00,2,  3.9657025580257310E-01,48,2,498,498,0,  9.4691772686434583E-01,  9.9600000000000000E-01,  9.9600000000000000E-01,  9.7083890163377740E-01,  1.1387415200000001E-01,  1.1677840000000001E-03,0
3098,  5.0000000000000000E-01,55,  8.1250000000000000E-01,  1.0000000000000000E+00,3,  3.9657025580257310E-01,48,2,498,498,0,  9.4691772686434583E-01,  9.9600000000000000E-01,  9.9600000000000000E-01,  9.7083890163377740E-01,  1.1825076900000001E-01,  1.1487040000000000E-03,0
3099,  5.0000000000000000E-01,55,  8.1250000000000000E-01,  1.0000000000000000E+00,4,  3.9657025580257310E-01,48,2,498,498,0,  9.4691772686434583E-01,  9.9600000000000000E-01,  9.9600000000000000E-01,  9.7083890163377740E-01,  1.2071653100000000E-01,  1.1290709999999999E-03,0
3100,  5.0000000000000000E-01,55,  8.1250000000000000E-01,  1.0000000000000000E+00,5,  3.9657025580257310E-01,48,2,498,498,0,  9.4691772686434583E-01,  9.9600000000000000E-01,  9.9600000000000000E-01,  9.7083890163377740E-01,  1.1514219700000000E-01,  1.3662810000000000E-03,0
3101,  5.0000000000000000E-01,55,  1.0000000000000000E+00,  2.5000000000000000E-01,1,  3.9657025580257310E-01,48,2,498,498,0,  9.4691772686434583E-01,  9.9600000000000000E-01,  9.9600000000000000E-01,  9.7083890163377740E-01,  1.5417010500000000E-01,  1.1583250000000000E-03,0
3102,  5.0000000000000000E-01,55,  1.0000000000000000E+00,  2.5000000000000000E-01,2,  3.9657025580257310E-01,48,2,498,498,0,  9.4691772686434583E-01,  9.9600000000000000E-01,  9.9600000000000000E-01,  9.7083890163377740E-01,  1.5966054399999999E-01,  1.1869150000000000E-03,0
3103,  5.0000000000000000E-01,55,  1.0000000000000000E+00,  2.5000000000000000E-01,3,  3.9657025580257310E-01,48,2,498,498,0,  9.4691772686434583E-01,  9.9600000000000000E-01,  9.9600000000000000E-01,  9.7083890163377740E-01,  1.6214604499999999E-01,  1.1747960000000001E-03,0
3104,  5.0000000000000000E-01,55,  1.0000000000000000E+00,  2.5000000000000000E-01,4,  3.9657025580257310E-01,48,2,498,498,0,  9.4691772686434583E-01,  9.9600000000000000E-01,  9.9600000000000000E-01,  9.7083890163377740E-01,  1.5281601500000000E-01,  1.1501140000000000E-03,0
3105,  5.0000000000000000E-01,55,  1.0000000000000000E+00,  2.5000000000000000E-01,5,  3.9657025580257310E-01,48,2,498,498,0,  9.4691772686434583E-01,  9.9600000000000000E-01,  9.9600000000000000E-01,  9.7083890163377740E-01,  1.7218704800000001E-01,  1.1938020000000001E-03,0
3106,  5.0000000000000000E-01,55,  1.0000000000000000E+00,  4.3750000000000000E-01,1,  3.9657025580257310E-01,48,1,500,500,0,  1.0000000000000000E+00,  1.0000000000000000E+00,  1.0000000000000000E+00,  1.0000000000000000E+00,  1.5749089199999999E-01,  1.1404320000000000E-03,0
3107,  5.0000000000000000E-01,55,  1.0000000000000000E+00,  4.3750000000000000E-01,2,  3.9657025580257310E-01,48,1,500,500,0,  1.0000000000000000E+00,  1.0000000000000000E+00,  1.0000000000000000E+00,  1.0000000000000000E+00,  1.5749369999999999E-01,  1.1394840000000001E-03,0
3108,  5.0000000000000000E-01,55,  1.0000000000000000E+00,  4.3750000000000000E-01,3,  3.9657025580257310E-01,48,1,500,500,0,  1.0000000000000000E+00,  1.0000000000000000E+00,  1.0000000000000000E+00,  1.0000000000000000E+00,  1.5619271400000001E-01,  1.1940379999999999E-03,0
3109,  5.0000000000000000E-01,55,  1.0000000000000000E+00,  4.3750000000000000E-01,4,  3.9657025580257310E-01,48,1,500,500,0,  1.0000000000000000E+00,  1.0000000000000000E+00,  1.0000000000000000E+00,  1.0000000000000000E+00,  1.6259247199999999E-01,  1.1705500000000000E-03,0
3110,  5.0000000000000000E-01,55,  1.0000000000000000E+00,  4.3750000000000000E-01,5,  3.9657025580257310E-01,48,1,500,500,0,  1.0000000000000000E+00,  1.0000000000000000E+00,  1.0000000000000000E+00,  1.0000000000000000E+00,  1.5890989100000000E-01,  1.1384130000000000E-03,0
3111,  5.0000000000000000E-01,55,  1.0000000000000000E+00,  6.2500000000000000E-01,1,  3.9657025580257310E-01,48,1,500,500,0,  1.0000000000000000E+00,  1.0000000000000000E+00,  1.0000000000000000E+00,  1.0000000000000000E+00,  1.5754153000000001E-01,  1.1671550000000000E-03,0
3112,  5.0000000000000000E-01,55,  1.0000000000000000E+00,  6.2500000000000000E-01,2,  3.9657025580257310E-01,48,1,500,500,0,  1.0000000000000000E+00,  1.0000000000000000E+00,  1.0000000000000000E+00,  1.0000000000000000E+00,  1.5731420700000001E-01,  1.1883750000000000E-03,0
3113,  5.0000000000000000E-01,55,  1.0000000000000000E+00,  6.2500000000000000E-01,3,  3.9657025580257310E-01,48,1,500,500,0,  1.0000000000000000E+00,  1.0000000000000000E+00,  1.0000000000000000E+00,  1.0000000000000000E+00,  1.5637532700000001E-01,  1.2397840000000001E-03,0
3114,  5.0000000000000000E-01,55,  1.0000000000000000E+00,  6.2500000000000000E-01,4,  3.9657025580257310E-01,48,1,500,500,0,  1.0000000000000000E+00,  1.0000000000000000E+00,  1.0000000000000000E+00,  1.0000000000000000E+00,  1.5918516999999999E-01,  1.1546939999999999E-03,0
3115,  5.0000000000000000E-01,55,  1.0000000000000000E+00,  6.2500000000000000E-01,5,  3.9657025580257310E-01,48,1,500,500,0,  1.0000000000000000E+00,  1.0000000000000000E+00,  1.0000000000000000E+00,  1.0000000000000000E+00,  1.6295585000000001E-01,  1.1974259999999999E-03,0
3116,  5.0000000000000000E-01,55,  1.0000000000000000E+00,  8.1250000000000000E-01,1,  3.9657025580257310E-01,48,1,500,500,0,  1.0000000000000000E+00,  1.0000000000000000E+00,  1.0000000000000000E+00,  1.0000000000000000E+00,  1.5987448200000001E-01,  1.1785260000000001E-03,0
3117,  5.0000000000000000E-01,55,  1.0000000000000000E+00,  8.1250000000000000E-01,2,  3.9657025580257310E-01,48,1,500,500,0,  1.0000000000000000E+00,  1.0000000000000000E+00,  1.0000000000000000E+00,  1.0000000000000000E+00,  1.5717799800000001E-01,  1.2000719999999999E-03,0
3118,  5.0000000000000000E-01,55,  1.0000000000000000E+00,  8.1250000000000000E-01,3,  3.9657025580257310E-01,48,1,500,500,0,  1.0000000000000000E+00,  1.0000000000000000E+00,  1.0000000000000000E+00,  1.0000000000000000E+00,  1.5628330600000001E-01,  1.1294510000000001E-03,0
3119,  5.0000000000000000E-01,55,  1.0000000000000000E+00,  8.1250000000000000E-01,4,  3.9657025580257310E-01,48,1,500,500,0,  1.0000000000000000E+00,  1.0000000000000000E+00,  1.0000000000000000E+00,  1.0000000000000000E+00,  1.5633742600000000E-01,  1.2692780000000000E-03,0
3120,  5.0000000000000000E-01,55,  1.0000000000000000E+00,  8.1250000000000000E-01,5,  3.9657025580257310E-01,48,1,500,500,0,  1.0000000000000000E+00,  1.0000000000000000E+00,  1.0000000000000000E+00,  1.0000000000000000E+00,  1.5717165499999999E-01,  1.1925140000000000E-03,0
3121,  5.0000000000000000E-01,55,  1.0000000000000000E+00,  1.0000000000000000E+00,1,  3.9657025580257310E-01,48,1,500,500,0,  1.0000000000000000E+00,  1.0000000000000000E+00,  1.0000000000000000E+00,  1.0000000000000000E+00,  1.5840249600000000E-01,  1.3288540000000000E-03,0
3122,  5.0000000000000000E-01,55,  1.0000000000000000E+00,  1.0000000000000000E+00,2,  3.9657025580257310E-01,48,1,500,500,0,  1.0000000000000000E+00,  1.0000000000000000E+00,  1.0000000000000000E+00,  1.0000000000000000E+00,  1.6151160800000000E-01,  1.4291190000000000E-03,0
3123,  5.0000000000000000E-01,55,  1.0000000000000000E+00,  1.0000000000000000E+00,3,  3.9657025580257310E-01,48,1,500,500,0,  1.0000000000000000E+00,  1.0000000000000000E+00,  1.0000000000000000E+00,  1.0000000000000000E+00,  1.5824982600000001E-01,  1.1387330000000001E-03,0
3124,  5.0000000000000000E-01,55,  1.0000000000000000E+00,  1.0000000000000000E+00,4,  3.9657025580257310E-01,48,1,500,500,0,  1.0000000000000000E+00,  1.0000000000000000E+00,  1.0000000000000000E+00,  1.0000000000000000E+00,  1.5822187900000001E-01,  1.1774929999999999E-03,0
3125,  5.0000000000000000E-01,55,  1.0000000000000000E+00,  1.0000000000000000E+00,5,  3.9657025580257310E-01,48,1,500,500,0,  1.0000000000000000E+00,  1.0000000000000000E+00,  1.0000000000000000E+00,  1.0000000000000000E+00,  1.5635668599999999E-01,  1.1422760000000000E-03,0
