experiment_id,mean_dist_quant,k_seeding,alpha_mad,alpha_accept,min_intersection,radius,n_seeds,n_ensembles,n_clustered_memberships,n_unique_clustered,n_overlap_memberships,internal_coherence,coverage,unique_coverage,clustering_quality,clustering_seconds,quality_seconds,ierr
1,  5.0000000000000003E-02,15,  2.5000000000000000E-01,  2.5000000000000000E-01,1,  3.5244071590709741E-01,104,25,466,466,0,  4.0413554269853735E-01,  9.3200000000000005E-01,  9.3200000000000005E-01,  5.6379658164668500E-01,  9.0553954000000006E-02,  5.9192999999999995E-04,0
2,  5.0000000000000003E-02,15,  2.5000000000000000E-01,  2.5000000000000000E-01,2,  3.5244071590709741E-01,104,31,472,466,6,  3.3177944091151096E-01,  9.4399999999999995E-01,  9.3200000000000005E-01,  4.9099363444310301E-01,  8.6625831000000000E-02,  5.0588000000000000E-04,0
3,  5.0000000000000003E-02,15,  2.5000000000000000E-01,  2.5000000000000000E-01,3,  3.5244071590709741E-01,104,33,476,466,10,  3.0820922189677419E-01,  9.5199999999999996E-01,  9.3200000000000005E-01,  4.6566105714430828E-01,  8.6289072999999994E-02,  5.9933899999999995E-04,0
4,  5.0000000000000003E-02,15,  2.5000000000000000E-01,  2.5000000000000000E-01,4,  3.5244071590709741E-01,104,36,485,466,19,  2.8352562598980185E-01,  9.6999999999999997E-01,  9.3200000000000005E-01,  4.3879415228220514E-01,  8.6259658000000003E-02,  5.1492499999999995E-04,0
5,  5.0000000000000003E-02,15,  2.5000000000000000E-01,  2.5000000000000000E-01,5,  3.5244071590709741E-01,104,37,489,466,23,  2.7052294803124211E-01,  9.7799999999999998E-01,  9.3200000000000005E-01,  4.2381510662939670E-01,  8.6865849999999994E-02,  5.5502700000000004E-04,0
6,  5.0000000000000003E-02,15,  2.5000000000000000E-01,  4.3750000000000000E-01,1,  3.5244071590709741E-01,104,25,466,466,0,  4.0413554269853735E-01,  9.3200000000000005E-01,  9.3200000000000005E-01,  5.6379658164668500E-01,  8.6891970999999998E-02,  5.1571300000000000E-04,0
7,  5.0000000000000003E-02,15,  2.5000000000000000E-01,  4.3750000000000000E-01,2,  3.5244071590709741E-01,104,31,472,466,6,  3.3177944091151096E-01,  9.4399999999999995E-01,  9.3200000000000005E-01,  4.9099363444310301E-01,  9.0199873000000000E-02,  5.2650099999999997E-04,0
8,  5.0000000000000003E-02,15,  2.5000000000000000E-01,  4.3750000000000000E-01,3,  3.5244071590709741E-01,104,33,476,466,10,  3.0820922189677419E-01,  9.5199999999999996E-01,  9.3200000000000005E-01,  4.6566105714430828E-01,  8.7033040000000006E-02,  4.9319499999999998E-04,0
9,  5.0000000000000003E-02,15,  2.5000000000000000E-01,  4.3750000000000000E-01,4,  3.5244071590709741E-01,104,36,485,466,19,  2.8352562598980185E-01,  9.6999999999999997E-01,  9.3200000000000005E-01,  4.3879415228220514E-01,  8.6394347999999996E-02,  5.0367499999999998E-04,0
10,  5.0000000000000003E-02,15,  2.5000000000000000E-01,  4.3750000000000000E-01,5,  3.5244071590709741E-01,104,37,489,466,23,  2.7052294803124211E-01,  9.7799999999999998E-01,  9.3200000000000005E-01,  4.2381510662939670E-01,  8.5541639000000003E-02,  5.0651899999999998E-04,0
11,  5.0000000000000003E-02,15,  2.5000000000000000E-01,  6.2500000000000000E-01,1,  3.5244071590709741E-01,104,25,466,466,0,  4.0413554269853735E-01,  9.3200000000000005E-01,  9.3200000000000005E-01,  5.6379658164668500E-01,  8.6151882999999999E-02,  5.1842999999999995E-04,0
12,  5.0000000000000003E-02,15,  2.5000000000000000E-01,  6.2500000000000000E-01,2,  3.5244071590709741E-01,104,31,472,466,6,  3.3177944091151096E-01,  9.4399999999999995E-01,  9.3200000000000005E-01,  4.9099363444310301E-01,  8.7968405999999999E-02,  4.7938499999999998E-04,0
13,  5.0000000000000003E-02,15,  2.5000000000000000E-01,  6.2500000000000000E-01,3,  3.5244071590709741E-01,104,33,476,466,10,  3.0820922189677419E-01,  9.5199999999999996E-01,  9.3200000000000005E-01,  4.6566105714430828E-01,  8.7749497999999995E-02,  5.1733100000000000E-04,0
14,  5.0000000000000003E-02,15,  2.5000000000000000E-01,  6.2500000000000000E-01,4,  3.5244071590709741E-01,104,36,485,466,19,  2.8352562598980185E-01,  9.6999999999999997E-01,  9.3200000000000005E-01,  4.3879415228220514E-01,  8.8665372000000006E-02,  5.0054500000000003E-04,0
15,  5.0000000000000003E-02,15,  2.5000000000000000E-01,  6.2500000000000000E-01,5,  3.5244071590709741E-01,104,37,489,466,23,  2.7052294803124211E-01,  9.7799999999999998E-01,  9.3200000000000005E-01,  4.2381510662939670E-01,  8.5581325000000000E-02,  5.4458100000000004E-04,0
16,  5.0000000000000003E-02,15,  2.5000000000000000E-01,  8.1250000000000000E-01,1,  3.5244071590709741E-01,104,25,466,466,0,  4.0413554269853735E-01,  9.3200000000000005E-01,  9.3200000000000005E-01,  5.6379658164668500E-01,  8.8216236000000003E-02,  4.8703899999999998E-04,0
17,  5.0000000000000003E-02,15,  2.5000000000000000E-01,  8.1250000000000000E-01,2,  3.5244071590709741E-01,104,31,472,466,6,  3.3177944091151096E-01,  9.4399999999999995E-01,  9.3200000000000005E-01,  4.9099363444310301E-01,  8.5771560999999996E-02,  5.2738600000000002E-04,0
18,  5.0000000000000003E-02,15,  2.5000000000000000E-01,  8.1250000000000000E-01,3,  3.5244071590709741E-01,104,33,476,466,10,  3.0820922189677419E-01,  9.5199999999999996E-01,  9.3200000000000005E-01,  4.6566105714430828E-01,  8.8062842000000002E-02,  5.1098900000000000E-04,0
19,  5.0000000000000003E-02,15,  2.5000000000000000E-01,  8.1250000000000000E-01,4,  3.5244071590709741E-01,104,36,485,466,19,  2.8352562598980185E-01,  9.6999999999999997E-01,  9.3200000000000005E-01,  4.3879415228220514E-01,  8.6212500999999997E-02,  5.4965199999999997E-04,0
20,  5.0000000000000003E-02,15,  2.5000000000000000E-01,  8.1250000000000000E-01,5,  3.5244071590709741E-01,104,37,489,466,23,  2.7052294803124211E-01,  9.7799999999999998E-01,  9.3200000000000005E-01,  4.2381510662939670E-01,  8.7774852000000000E-02,  5.4279999999999997E-04,0
21,  5.0000000000000003E-02,15,  2.5000000000000000E-01,  1.0000000000000000E+00,1,  3.5244071590709741E-01,104,25,466,466,0,  4.0413554269853735E-01,  9.3200000000000005E-01,  9.3200000000000005E-01,  5.6379658164668500E-01,  8.6134724999999995E-02,  5.6407600000000005E-04,0
22,  5.0000000000000003E-02,15,  2.5000000000000000E-01,  1.0000000000000000E+00,2,  3.5244071590709741E-01,104,31,472,466,6,  3.3177944091151096E-01,  9.4399999999999995E-01,  9.3200000000000005E-01,  4.9099363444310301E-01,  8.5159082999999997E-02,  5.3371600000000005E-04,0
23,  5.0000000000000003E-02,15,  2.5000000000000000E-01,  1.0000000000000000E+00,3,  3.5244071590709741E-01,104,33,476,466,10,  3.0820922189677419E-01,  9.5199999999999996E-01,  9.3200000000000005E-01,  4.6566105714430828E-01,  8.6740967000000002E-02,  4.9602299999999995E-04,0
24,  5.0000000000000003E-02,15,  2.5000000000000000E-01,  1.0000000000000000E+00,4,  3.5244071590709741E-01,104,36,485,466,19,  2.8352562598980185E-01,  9.6999999999999997E-01,  9.3200000000000005E-01,  4.3879415228220514E-01,  8.7047728000000005E-02,  4.9982800000000001E-04,0
25,  5.0000000000000003E-02,15,  2.5000000000000000E-01,  1.0000000000000000E+00,5,  3.5244071590709741E-01,104,37,489,466,23,  2.7052294803124211E-01,  9.7799999999999998E-01,  9.3200000000000005E-01,  4.2381510662939670E-01,  8.5886933999999998E-02,  5.0933200000000004E-04,0
26,  5.0000000000000003E-02,15,  4.3750000000000000E-01,  2.5000000000000000E-01,1,  3.5244071590709741E-01,104,16,494,494,0,  5.5438084002738508E-01,  9.8799999999999999E-01,  9.8799999999999999E-01,  7.1023738850040630E-01,  1.0815288600000000E-01,  5.2168799999999997E-04,0
27,  5.0000000000000003E-02,15,  4.3750000000000000E-01,  2.5000000000000000E-01,2,  3.5244071590709741E-01,104,17,495,494,1,  5.3641279346876969E-01,  9.8999999999999999E-01,  9.8799999999999999E-01,  6.9581265016427851E-01,  1.0531351200000000E-01,  4.9111399999999996E-04,0
28,  5.0000000000000003E-02,15,  4.3750000000000000E-01,  2.5000000000000000E-01,3,  3.5244071590709741E-01,104,18,497,494,3,  5.1663388482155792E-01,  9.9399999999999999E-01,  9.8799999999999999E-01,  6.7989217860459850E-01,  1.0393908300000000E-01,  5.1995500000000000E-04,0
29,  5.0000000000000003E-02,15,  4.3750000000000000E-01,  2.5000000000000000E-01,4,  3.5244071590709741E-01,104,18,497,494,3,  5.1663388482155792E-01,  9.9399999999999999E-01,  9.8799999999999999E-01,  6.7989217860459850E-01,  1.0488175600000001E-01,  5.4466099999999999E-04,0
30,  5.0000000000000003E-02,15,  4.3750000000000000E-01,  2.5000000000000000E-01,5,  3.5244071590709741E-01,104,19,501,494,7,  4.9003756124228576E-01,  1.0020000000000000E+00,  9.8799999999999999E-01,  6.5818401509402213E-01,  1.0496852700000001E-01,  6.1214099999999997E-04,0
31,  5.0000000000000003E-02,15,  4.3750000000000000E-01,  4.3750000000000000E-01,1,  3.5244071590709741E-01,104,15,495,495,0,  5.5965662125058713E-01,  9.8999999999999999E-01,  9.8999999999999999E-01,  7.1507461387278126E-01,  1.0481336600000001E-01,  5.4943500000000003E-04,0
32,  5.0000000000000003E-02,15,  4.3750000000000000E-01,  4.3750000000000000E-01,2,  3.5244071590709741E-01,104,17,497,495,2,  5.3838564182884763E-01,  9.9399999999999999E-01,  9.8999999999999999E-01,  6.9846037886283741E-01,  1.0771933600000000E-01,  5.4192699999999999E-04,0
33,  5.0000000000000003E-02,15,  4.3750000000000000E-01,  4.3750000000000000E-01,3,  3.5244071590709741E-01,104,18,499,495,4,  5.1853322182767958E-01,  9.9800000000000000E-01,  9.8999999999999999E-01,  6.8247256035756820E-01,  1.0675275200000001E-01,  5.0139300000000004E-04,0
34,  5.0000000000000003E-02,15,  4.3750000000000000E-01,  4.3750000000000000E-01,4,  3.5244071590709741E-01,104,18,499,495,4,  5.1853322182767958E-01,  9.9800000000000000E-01,  9.8999999999999999E-01,  6.8247256035756820E-01,  1.0566817400000000E-01,  5.2404100000000005E-04,0
35,  5.0000000000000003E-02,15,  4.3750000000000000E-01,  4.3750000000000000E-01,5,  3.5244071590709741E-01,104,19,503,495,8,  4.9183344181919009E-01,  1.0060000000000000E+00,  9.8999999999999999E-01,  6.6066683872295695E-01,  1.0445723599999999E-01,  5.0886699999999998E-04,0
36,  5.0000000000000003E-02,15,  4.3750000000000000E-01,  6.2500000000000000E-01,1,  3.5244071590709741E-01,104,15,495,495,0,  5.5965662125058713E-01,  9.8999999999999999E-01,  9.8999999999999999E-01,  7.1507461387278126E-01,  1.0408141000000000E-01,  4.8664299999999998E-04,0
37,  5.0000000000000003E-02,15,  4.3750000000000000E-01,  6.2500000000000000E-01,2,  3.5244071590709741E-01,104,17,497,495,2,  5.3838564182884763E-01,  9.9399999999999999E-01,  9.8999999999999999E-01,  6.9846037886283741E-01,  1.0538349599999999E-01,  5.0613299999999997E-04,0
38,  5.0000000000000003E-02,15,  4.3750000000000000E-01,  6.2500000000000000E-01,3,  3.5244071590709741E-01,104,18,499,495,4,  5.1853322182767958E-01,  9.9800000000000000E-01,  9.8999999999999999E-01,  6.8247256035756820E-01,  1.1256374299999999E-01,  7.7474499999999997E-04,0
39,  5.0000000000000003E-02,15,  4.3750000000000000E-01,  6.2500000000000000E-01,4,  3.5244071590709741E-01,104,18,499,495,4,  5.1853322182767958E-01,  9.9800000000000000E-01,  9.8999999999999999E-01,  6.8247256035756820E-01,  1.0881515700000000E-01,  5.2213699999999999E-04,0
40,  5.0000000000000003E-02,15,  4.3750000000000000E-01,  6.2500000000000000E-01,5,  3.5244071590709741E-01,104,19,503,495,8,  4.9183344181919009E-01,  1.0060000000000000E+00,  9.8999999999999999E-01,  6.6066683872295695E-01,  1.0478549600000001E-01,  5.2660399999999996E-04,0
41,  5.0000000000000003E-02,15,  4.3750000000000000E-01,  8.1250000000000000E-01,1,  3.5244071590709741E-01,104,15,495,495,0,  5.5965662125058713E-01,  9.8999999999999999E-01,  9.8999999999999999E-01,  7.1507461387278126E-01,  1.0750679100000000E-01,  5.4133399999999998E-04,0
42,  5.0000000000000003E-02,15,  4.3750000000000000E-01,  8.1250000000000000E-01,2,  3.5244071590709741E-01,104,17,497,495,2,  5.3838564182884763E-01,  9.9399999999999999E-01,  9.8999999999999999E-01,  6.9846037886283741E-01,  1.1781751400000000E-01,  5.0466300000000003E-04,0
43,  5.0000000000000003E-02,15,  4.3750000000000000E-01,  8.1250000000000000E-01,3,  3.5244071590709741E-01,104,18,499,495,4,  5.1853322182767958E-01,  9.9800000000000000E-01,  9.8999999999999999E-01,  6.8247256035756820E-01,  1.0547411499999999E-01,  5.2094999999999995E-04,0
44,  5.0000000000000003E-02,15,  4.3750000000000000E-01,  8.1250000000000000E-01,4,  3.5244071590709741E-01,104,18,499,495,4,  5.1853322182767958E-01,  9.9800000000000000E-01,  9.8999999999999999E-01,  6.8247256035756820E-01,  1.0671416800000000E-01,  5.1295400000000004E-04,0
45,  5.0000000000000003E-02,15,  4.3750000000000000E-01,  8.1250000000000000E-01,5,  3.5244071590709741E-01,104,19,503,495,8,  4.9183344181919009E-01,  1.0060000000000000E+00,  9.8999999999999999E-01,  6.6066683872295695E-01,  1.0684217999999999E-01,  1.0287199999999999E-03,0
46,  5.0000000000000003E-02,15,  4.3750000000000000E-01,  1.0000000000000000E+00,1,  3.5244071590709741E-01,104,15,495,495,0,  5.5965662125058713E-01,  9.8999999999999999E-01,  9.8999999999999999E-01,  7.1507461387278126E-01,  1.0870446200000000E-01,  5.8586399999999996E-04,0
47,  5.0000000000000003E-02,15,  4.3750000000000000E-01,  1.0000000000000000E+00,2,  3.5244071590709741E-01,104,17,497,495,2,  5.3838564182884763E-01,  9.9399999999999999E-01,  9.8999999999999999E-01,  6.9846037886283741E-01,  1.0646250500000000E-01,  6.0707399999999998E-04,0
48,  5.0000000000000003E-02,15,  4.3750000000000000E-01,  1.0000000000000000E+00,3,  3.5244071590709741E-01,104,18,499,495,4,  5.1853322182767958E-01,  9.9800000000000000E-01,  9.8999999999999999E-01,  6.8247256035756820E-01,  1.0936564000000000E-01,  5.5811299999999995E-04,0
49,  5.0000000000000003E-02,15,  4.3750000000000000E-01,  1.0000000000000000E+00,4,  3.5244071590709741E-01,104,18,499,495,4,  5.1853322182767958E-01,  9.9800000000000000E-01,  9.8999999999999999E-01,  6.8247256035756820E-01,  1.0648862000000001E-01,  5.6153799999999999E-04,0
50,  5.0000000000000003E-02,15,  4.3750000000000000E-01,  1.0000000000000000E+00,5,  3.5244071590709741E-01,104,19,503,495,8,  4.9183344181919009E-01,  1.0060000000000000E+00,  9.8999999999999999E-01,  6.6066683872295695E-01,  1.0400368800000000E-01,  5.0289200000000001E-04,0
51,  5.0000000000000003E-02,15,  6.2500000000000000E-01,  2.5000000000000000E-01,1,  3.5244071590709741E-01,104,4,499,499,0,  9.0233800492415717E-01,  9.9800000000000000E-01,  9.9800000000000000E-01,  9.4776121572146244E-01,  1.1947217900000000E-01,  4.9566599999999997E-04,0
52,  5.0000000000000003E-02,15,  6.2500000000000000E-01,  2.5000000000000000E-01,2,  3.5244071590709741E-01,104,7,502,499,3,  8.1253312109195464E-01,  1.0040000000000000E+00,  9.9800000000000000E-01,  8.9817603004776336E-01,  1.1725875400000001E-01,  5.2392400000000005E-04,0
53,  5.0000000000000003E-02,15,  6.2500000000000000E-01,  2.5000000000000000E-01,3,  3.5244071590709741E-01,104,9,506,499,7,  7.2948312250386149E-01,  1.0120000000000000E+00,  9.9800000000000000E-01,  8.4782552346816775E-01,  1.2209150700000000E-01,  4.9062900000000002E-04,0
54,  5.0000000000000003E-02,15,  6.2500000000000000E-01,  2.5000000000000000E-01,4,  3.5244071590709741E-01,104,11,512,499,13,  6.8490497290462404E-01,  1.0240000000000000E+00,  9.9800000000000000E-01,  8.2080946965970092E-01,  1.1952765300000000E-01,  5.5046399999999997E-04,0
55,  5.0000000000000003E-02,15,  6.2500000000000000E-01,  2.5000000000000000E-01,5,  3.5244071590709741E-01,104,12,516,499,17,  6.5988537821300763E-01,  1.0320000000000000E+00,  9.9800000000000000E-01,  8.0502109550128886E-01,  1.2006906000000001E-01,  5.1678499999999997E-04,0
56,  5.0000000000000003E-02,15,  6.2500000000000000E-01,  4.3750000000000000E-01,1,  3.5244071590709741E-01,104,4,500,500,0,  9.0299938871718910E-01,  1.0000000000000000E+00,  1.0000000000000000E+00,  9.4902751316793699E-01,  1.2758294300000000E-01,  5.0414800000000005E-04,0
57,  5.0000000000000003E-02,15,  6.2500000000000000E-01,  4.3750000000000000E-01,2,  3.5244071590709741E-01,104,6,502,500,2,  8.2224537400474795E-01,  1.0040000000000000E+00,  1.0000000000000000E+00,  9.0407824408662474E-01,  1.2121541100000000E-01,  5.2905800000000000E-04,0
58,  5.0000000000000003E-02,15,  6.2500000000000000E-01,  4.3750000000000000E-01,3,  3.5244071590709741E-01,104,8,506,500,6,  7.3723942018994770E-01,  1.0120000000000000E+00,  1.0000000000000000E+00,  8.5304079546893641E-01,  1.2026747700000000E-01,  5.4151399999999999E-04,0
59,  5.0000000000000003E-02,15,  6.2500000000000000E-01,  4.3750000000000000E-01,4,  3.5244071590709741E-01,104,10,512,500,12,  6.9165697091054001E-01,  1.0240000000000000E+00,  1.0000000000000000E+00,  8.2563909944830549E-01,  1.2190093500000000E-01,  5.4604499999999999E-04,0
60,  5.0000000000000003E-02,15,  6.2500000000000000E-01,  4.3750000000000000E-01,5,  3.5244071590709741E-01,104,11,516,500,16,  6.6610180181404821E-01,  1.0320000000000000E+00,  1.0000000000000000E+00,  8.0962997476092868E-01,  1.2367541600000000E-01,  6.4497899999999995E-04,0
61,  5.0000000000000003E-02,15,  6.2500000000000000E-01,  6.2500000000000000E-01,1,  3.5244071590709741E-01,104,4,500,500,0,  9.0299938871718910E-01,  1.0000000000000000E+00,  1.0000000000000000E+00,  9.4902751316793699E-01,  1.2157227600000001E-01,  4.9549000000000001E-04,0
62,  5.0000000000000003E-02,15,  6.2500000000000000E-01,  6.2500000000000000E-01,2,  3.5244071590709741E-01,104,6,502,500,2,  8.2224537400474795E-01,  1.0040000000000000E+00,  1.0000000000000000E+00,  9.0407824408662474E-01,  1.2312749400000000E-01,  5.1402200000000005E-04,0
63,  5.0000000000000003E-02,15,  6.2500000000000000E-01,  6.2500000000000000E-01,3,  3.5244071590709741E-01,104,8,506,500,6,  7.3723942018994770E-01,  1.0120000000000000E+00,  1.0000000000000000E+00,  8.5304079546893641E-01,  1.1986593900000000E-01,  5.8298400000000004E-04,0
64,  5.0000000000000003E-02,15,  6.2500000000000000E-01,  6.2500000000000000E-01,4,  3.5244071590709741E-01,104,10,512,500,12,  6.9165697091054001E-01,  1.0240000000000000E+00,  1.0000000000000000E+00,  8.2563909944830549E-01,  1.2557629400000000E-01,  5.1190899999999995E-04,0
65,  5.0000000000000003E-02,15,  6.2500000000000000E-01,  6.2500000000000000E-01,5,  3.5244071590709741E-01,104,11,516,500,16,  6.6610180181404821E-01,  1.0320000000000000E+00,  1.0000000000000000E+00,  8.0962997476092868E-01,  1.1907349400000000E-01,  5.0043699999999995E-04,0
66,  5.0000000000000003E-02,15,  6.2500000000000000E-01,  8.1250000000000000E-01,1,  3.5244071590709741E-01,104,4,500,500,0,  9.0299938871718910E-01,  1.0000000000000000E+00,  1.0000000000000000E+00,  9.4902751316793699E-01,  1.2262160499999999E-01,  5.5366300000000003E-04,0
67,  5.0000000000000003E-02,15,  6.2500000000000000E-01,  8.1250000000000000E-01,2,  3.5244071590709741E-01,104,6,502,500,2,  8.2224537400474795E-01,  1.0040000000000000E+00,  1.0000000000000000E+00,  9.0407824408662474E-01,  1.2157943600000000E-01,  5.3385200000000002E-04,0
68,  5.0000000000000003E-02,15,  6.2500000000000000E-01,  8.1250000000000000E-01,3,  3.5244071590709741E-01,104,8,506,500,6,  7.3723942018994770E-01,  1.0120000000000000E+00,  1.0000000000000000E+00,  8.5304079546893641E-01,  1.1852090100000000E-01,  5.6241899999999998E-04,0
69,  5.0000000000000003E-02,15,  6.2500000000000000E-01,  8.1250000000000000E-01,4,  3.5244071590709741E-01,104,10,512,500,12,  6.9165697091054001E-01,  1.0240000000000000E+00,  1.0000000000000000E+00,  8.2563909944830549E-01,  1.2337980000000000E-01,  5.2083900000000005E-04,0
70,  5.0000000000000003E-02,15,  6.2500000000000000E-01,  8.1250000000000000E-01,5,  3.5244071590709741E-01,104,11,516,500,16,  6.6610180181404821E-01,  1.0320000000000000E+00,  1.0000000000000000E+00,  8.0962997476092868E-01,  1.2230516900000001E-01,  5.5272000000000003E-04,0
71,  5.0000000000000003E-02,15,  6.2500000000000000E-01,  1.0000000000000000E+00,1,  3.5244071590709741E-01,104,4,500,500,0,  9.0299938871718910E-01,  1.0000000000000000E+00,  1.0000000000000000E+00,  9.4902751316793699E-01,  1.1919881300000000E-01,  5.3304399999999999E-04,0
72,  5.0000000000000003E-02,15,  6.2500000000000000E-01,  1.0000000000000000E+00,2,  3.5244071590709741E-01,104,6,502,500,2,  8.2224537400474795E-01,  1.0040000000000000E+00,  1.0000000000000000E+00,  9.0407824408662474E-01,  1.1803601599999999E-01,  4.9934299999999997E-04,0
73,  5.0000000000000003E-02,15,  6.2500000000000000E-01,  1.0000000000000000E+00,3,  3.5244071590709741E-01,104,8,506,500,6,  7.3723942018994770E-01,  1.0120000000000000E+00,  1.0000000000000000E+00,  8.5304079546893641E-01,  1.1986745400000000E-01,  7.2997100000000005E-04,0
74,  5.0000000000000003E-02,15,  6.2500000000000000E-01,  1.0000000000000000E+00,4,  3.5244071590709741E-01,104,10,512,500,12,  6.9165697091054001E-01,  1.0240000000000000E+00,  1.0000000000000000E+00,  8.2563909944830549E-01,  1.2056440400000000E-01,  5.5119800000000003E-04,0
75,  5.0000000000000003E-02,15,  6.2500000000000000E-01,  1.0000000000000000E+00,5,  3.5244071590709741E-01,104,11,516,500,16,  6.6610180181404821E-01,  1.0320000000000000E+00,  1.0000000000000000E+00,  8.0962997476092868E-01,  1.1852855200000000E-01,  5.0286899999999997E-04,0
76,  5.0000000000000003E-02,15,  8.1250000000000000E-01,  2.5000000000000000E-01,1,  3.5244071590709741E-01,104,2,499,499,0,  9.8664520939434364E-01,  9.9800000000000000E-01,  9.9800000000000000E-01,  9.9229012250108761E-01,  1.2136670700000000E-01,  5.1769100000000003E-04,0
77,  5.0000000000000003E-02,15,  8.1250000000000000E-01,  2.5000000000000000E-01,2,  3.5244071590709741E-01,104,4,501,499,2,  9.4142181221784105E-01,  1.0020000000000000E+00,  9.9800000000000000E-01,  9.7076676809114693E-01,  1.2549007200000001E-01,  5.6117600000000004E-04,0
78,  5.0000000000000003E-02,15,  8.1250000000000000E-01,  2.5000000000000000E-01,3,  3.5244071590709741E-01,104,5,503,499,4,  9.0167952066485779E-01,  1.0060000000000000E+00,  9.9800000000000000E-01,  9.5098740429179762E-01,  1.2397375600000000E-01,  5.5209699999999998E-04,0
79,  5.0000000000000003E-02,15,  8.1250000000000000E-01,  2.5000000000000000E-01,4,  3.5244071590709741E-01,104,5,503,499,4,  9.0167952066485779E-01,  1.0060000000000000E+00,  9.9800000000000000E-01,  9.5098740429179762E-01,  1.2330374800000000E-01,  4.8996300000000005E-04,0
80,  5.0000000000000003E-02,15,  8.1250000000000000E-01,  2.5000000000000000E-01,5,  3.5244071590709741E-01,104,6,507,499,8,  8.5360626579693888E-01,  1.0140000000000000E+00,  9.9800000000000000E-01,  9.2691566672244852E-01,  1.2577221599999999E-01,  5.3065199999999995E-04,0
81,  5.0000000000000003E-02,15,  8.1250000000000000E-01,  4.3750000000000000E-01,1,  3.5244071590709741E-01,104,2,500,500,0,  9.8725138015853253E-01,  1.0000000000000000E+00,  1.0000000000000000E+00,  9.9358479759090645E-01,  1.2681394200000001E-01,  5.1900399999999999E-04,0
82,  5.0000000000000003E-02,15,  8.1250000000000000E-01,  4.3750000000000000E-01,2,  3.5244071590709741E-01,104,3,501,500,1,  9.5451087649759447E-01,  1.0020000000000000E+00,  1.0000000000000000E+00,  9.7767910185370810E-01,  1.2946273300000000E-01,  5.3285500000000005E-04,0
83,  5.0000000000000003E-02,15,  8.1250000000000000E-01,  4.3750000000000000E-01,3,  3.5244071590709741E-01,104,4,503,500,3,  9.1363140631708895E-01,  1.0060000000000000E+00,  1.0000000000000000E+00,  9.5759341270453291E-01,  1.2466676300000000E-01,  5.9607499999999995E-04,0
84,  5.0000000000000003E-02,15,  8.1250000000000000E-01,  4.3750000000000000E-01,4,  3.5244071590709741E-01,104,4,503,500,3,  9.1363140631708895E-01,  1.0060000000000000E+00,  1.0000000000000000E+00,  9.5759341270453291E-01,  1.2603253800000000E-01,  6.0643199999999996E-04,0
85,  5.0000000000000003E-02,15,  8.1250000000000000E-01,  4.3750000000000000E-01,5,  3.5244071590709741E-01,104,5,507,500,7,  8.6422462617552298E-01,  1.0140000000000000E+00,  1.0000000000000000E+00,  9.3314053998574986E-01,  1.2711209400000001E-01,  5.1529400000000002E-04,0
86,  5.0000000000000003E-02,15,  8.1250000000000000E-01,  6.2500000000000000E-01,1,  3.5244071590709741E-01,104,2,500,500,0,  9.8725138015853253E-01,  1.0000000000000000E+00,  1.0000000000000000E+00,  9.9358479759090645E-01,  1.2598208299999999E-01,  5.2319599999999997E-04,0
87,  5.0000000000000003E-02,15,  8.1250000000000000E-01,  6.2500000000000000E-01,2,  3.5244071590709741E-01,104,3,501,500,1,  9.5451087649759447E-01,  1.0020000000000000E+00,  1.0000000000000000E+00,  9.7767910185370810E-01,  1.2490938300000000E-01,  5.4448599999999995E-04,0
88,  5.0000000000000003E-02,15,  8.1250000000000000E-01,  6.2500000000000000E-01,3,  3.5244071590709741E-01,104,4,503,500,3,  9.1363140631708895E-01,  1.0060000000000000E+00,  1.0000000000000000E+00,  9.5759341270453291E-01,  1.2184628700000000E-01,  5.2150099999999995E-04,0
89,  5.0000000000000003E-02,15,  8.1250000000000000E-01,  6.2500000000000000E-01,4,  3.5244071590709741E-01,104,4,503,500,3,  9.1363140631708895E-01,  1.0060000000000000E+00,  1.0000000000000000E+00,  9.5759341270453291E-01,  1.2404250600000000E-01,  7.9884300000000004E-04,0
90,  5.0000000000000003E-02,15,  8.1250000000000000E-01,  6.2500000000000000E-01,5,  3.5244071590709741E-01,104,5,507,500,7,  8.6422462617552298E-01,  1.0140000000000000E+00,  1.0000000000000000E+00,  9.3314053998574986E-01,  1.2867293499999999E-01,  5.2493899999999998E-04,0
91,  5.0000000000000003E-02,15,  8.1250000000000000E-01,  8.1250000000000000E-01,1,  3.5244071590709741E-01,104,2,500,500,0,  9.8725138015853253E-01,  1.0000000000000000E+00,  1.0000000000000000E+00,  9.9358479759090645E-01,  1.2625531700000001E-01,  5.5166899999999997E-04,0
92,  5.0000000000000003E-02,15,  8.1250000000000000E-01,  8.1250000000000000E-01,2,  3.5244071590709741E-01,104,3,501,500,1,  9.5451087649759447E-01,  1.0020000000000000E+00,  1.0000000000000000E+00,  9.7767910185370810E-01,  1.2721307000000001E-01,  5.1449500000000001E-04,0
93,  5.0000000000000003E-02,15,  8.1250000000000000E-01,  8.1250000000000000E-01,3,  3.5244071590709741E-01,104,4,503,500,3,  9.1363140631708895E-01,  1.0060000000000000E+00,  1.0000000000000000E+00,  9.5759341270453291E-01,  1.2557090900000001E-01,  5.0811100000000000E-04,0
94,  5.0000000000000003E-02,15,  8.1250000000000000E-01,  8.1250000000000000E-01,4,  3.5244071590709741E-01,104,4,503,500,3,  9.1363140631708895E-01,  1.0060000000000000E+00,  1.0000000000000000E+00,  9.5759341270453291E-01,  1.2932250900000000E-01,  5.3199499999999995E-04,0
95,  5.0000000000000003E-02,15,  8.1250000000000000E-01,  8.1250000000000000E-01,5,  3.5244071590709741E-01,104,5,507,500,7,  8.6422462617552298E-01,  1.0140000000000000E+00,  1.0000000000000000E+00,  9.3314053998574986E-01,  1.2566551600000000E-01,  5.2159000000000005E-04,0
96,  5.0000000000000003E-02,15,  8.1250000000000000E-01,  1.0000000000000000E+00,1,  3.5244071590709741E-01,104,2,500,500,0,  9.8725138015853253E-01,  1.0000000000000000E+00,  1.0000000000000000E+00,  9.9358479759090645E-01,  1.2634110700000001E-01,  5.4734000000000000E-04,0
97,  5.0000000000000003E-02,15,  8.1250000000000000E-01,  1.0000000000000000E+00,2,  3.5244071590709741E-01,104,3,501,500,1,  9.5451087649759447E-01,  1.0020000000000000E+00,  1.0000000000000000E+00,  9.7767910185370810E-01,  1.2628636400000001E-01,  4.8105400000000002E-04,0
98,  5.0000000000000003E-02,15,  8.1250000000000000E-01,  1.0000000000000000E+00,3,  3.5244071590709741E-01,104,4,503,500,3,  9.1363140631708895E-01,  1.0060000000000000E+00,  1.0000000000000000E+00,  9.5759341270453291E-01,  1.2585480099999999E-01,  5.3448600000000003E-04,0
99,  5.0000000000000003E-02,15,  8.1250000000000000E-01,  1.0000000000000000E+00,4,  3.5244071590709741E-01,104,4,503,500,3,  9.1363140631708895E-01,  1.0060000000000000E+00,  1.0000000000000000E+00,  9.5759341270453291E-01,  1.2566107200000001E-01,  4.9657100000000001E-04,0
100,  5.0000000000000003E-02,15,  8.1250000000000000E-01,  1.0000000000000000E+00,5,  3.5244071590709741E-01,104,5,507,500,7,  8.6422462617552298E-01,  1.0140000000000000E+00,  1.0000000000000000E+00,  9.3314053998574986E-01,  1.2705462700000000E-01,  6.1320899999999998E-04,0
101,  5.0000000000000003E-02,15,  1.0000000000000000E+00,  2.5000000000000000E-01,1,  3.5244071590709741E-01,104,3,498,498,0,  9.6886454109920139E-01,  9.9600000000000000E-01,  9.9600000000000000E-01,  9.8224489551321648E-01,  1.3208478300000001E-01,  4.8570900000000002E-04,0
102,  5.0000000000000003E-02,15,  1.0000000000000000E+00,  2.5000000000000000E-01,2,  3.5244071590709741E-01,104,4,499,498,1,  9.4328255172576603E-01,  9.9800000000000000E-01,  9.9600000000000000E-01,  9.6987013640588282E-01,  1.3071629700000001E-01,  4.7836899999999997E-04,0
103,  5.0000000000000003E-02,15,  1.0000000000000000E+00,  2.5000000000000000E-01,3,  3.5244071590709741E-01,104,4,499,498,1,  9.4328255172576603E-01,  9.9800000000000000E-01,  9.9600000000000000E-01,  9.6987013640588282E-01,  1.3001206500000001E-01,  6.3726199999999998E-04,0
104,  5.0000000000000003E-02,15,  1.0000000000000000E+00,  2.5000000000000000E-01,4,  3.5244071590709741E-01,104,4,499,498,1,  9.4328255172576603E-01,  9.9800000000000000E-01,  9.9600000000000000E-01,  9.6987013640588282E-01,  1.3465324300000001E-01,  5.0571299999999997E-04,0
105,  5.0000000000000003E-02,15,  1.0000000000000000E+00,  2.5000000000000000E-01,5,  3.5244071590709741E-01,104,4,499,498,1,  9.4328255172576603E-01,  9.9800000000000000E-01,  9.9600000000000000E-01,  9.6987013640588282E-01,  1.3163975000000000E-01,  5.3153100000000002E-04,0
106,  5.0000000000000003E-02,15,  1.0000000000000000E+00,  4.3750000000000000E-01,1,  3.5244071590709741E-01,104,1,500,500,0,  1.0000000000000000E+00,  1.0000000000000000E+00,  1.0000000000000000E+00,  1.0000000000000000E+00,  1.3487221099999999E-01,  5.0644299999999998E-04,0
107,  5.0000000000000003E-02,15,  1.0000000000000000E+00,  4.3750000000000000E-01,2,  3.5244071590709741E-01,104,2,501,500,1,  9.8147418893789828E-01,  1.0020000000000000E+00,  1.0000000000000000E+00,  9.9163088967886237E-01,  1.3493486399999999E-01,  6.2806799999999996E-04,0
108,  5.0000000000000003E-02,15,  1.0000000000000000E+00,  4.3750000000000000E-01,3,  3.5244071590709741E-01,104,2,501,500,1,  9.8147418893789828E-01,  1.0020000000000000E+00,  1.0000000000000000E+00,  9.9163088967886237E-01,  1.3660652600000001E-01,  5.0817500000000003E-04,0
109,  5.0000000000000003E-02,15,  1.0000000000000000E+00,  4.3750000000000000E-01,4,  3.5244071590709741E-01,104,2,501,500,1,  9.8147418893789828E-01,  1.0020000000000000E+00,  1.0000000000000000E+00,  9.9163088967886237E-01,  1.3453864400000001E-01,  5.5368099999999999E-04,0
110,  5.0000000000000003E-02,15,  1.0000000000000000E+00,  4.3750000000000000E-01,5,  3.5244071590709741E-01,104,2,501,500,1,  9.8147418893789828E-01,  1.0020000000000000E+00,  1.0000000000000000E+00,  9.9163088967886237E-01,  1.3555703999999999E-01,  5.1262400000000004E-04,0
111,  5.0000000000000003E-02,15,  1.0000000000000000E+00,  6.2500000000000000E-01,1,  3.5244071590709741E-01,104,1,500,500,0,  1.0000000000000000E+00,  1.0000000000000000E+00,  1.0000000000000000E+00,  1.0000000000000000E+00,  1.3735882699999999E-01,  5.6250400000000002E-04,0
112,  5.0000000000000003E-02,15,  1.0000000000000000E+00,  6.2500000000000000E-01,2,  3.5244071590709741E-01,104,2,501,500,1,  9.8147418893789828E-01,  1.0020000000000000E+00,  1.0000000000000000E+00,  9.9163088967886237E-01,  1.3641530700000001E-01,  5.2285400000000001E-04,0
113,  5.0000000000000003E-02,15,  1.0000000000000000E+00,  6.2500000000000000E-01,3,  3.5244071590709741E-01,104,2,501,500,1,  9.8147418893789828E-01,  1.0020000000000000E+00,  1.0000000000000000E+00,  9.9163088967886237E-01,  1.4820717200000000E-01,  5.4020000000000001E-04,0
114,  5.0000000000000003E-02,15,  1.0000000000000000E+00,  6.2500000000000000E-01,4,  3.5244071590709741E-01,104,2,501,500,1,  9.8147418893789828E-01,  1.0020000000000000E+00,  1.0000000000000000E+00,  9.9163088967886237E-01,  1.3482428399999999E-01,  5.2635400000000004E-04,0
115,  5.0000000000000003E-02,15,  1.0000000000000000E+00,  6.2500000000000000E-01,5,  3.5244071590709741E-01,104,2,501,500,1,  9.8147418893789828E-01,  1.0020000000000000E+00,  1.0000000000000000E+00,  9.9163088967886237E-01,  1.3887796099999999E-01,  6.5610799999999997E-04,0
116,  5.0000000000000003E-02,15,  1.0000000000000000E+00,  8.1250000000000000E-01,1,  3.5244071590709741E-01,104,1,500,500,0,  1.0000000000000000E+00,  1.0000000000000000E+00,  1.0000000000000000E+00,  1.0000000000000000E+00,  1.4754387099999999E-01,  4.8108200000000003E-04,0
117,  5.0000000000000003E-02,15,  1.0000000000000000E+00,  8.1250000000000000E-01,2,  3.5244071590709741E-01,104,2,501,500,1,  9.8147418893789828E-01,  1.0020000000000000E+00,  1.0000000000000000E+00,  9.9163088967886237E-01,  1.3450733100000001E-01,  5.4515000000000000E-04,0
118,  5.0000000000000003E-02,15,  1.0000000000000000E+00,  8.1250000000000000E-01,3,  3.5244071590709741E-01,104,2,501,500,1,  9.8147418893789828E-01,  1.0020000000000000E+00,  1.0000000000000000E+00,  9.9163088967886237E-01,  1.3507890400000000E-01,  5.0494600000000004E-04,0
119,  5.0000000000000003E-02,15,  1.0000000000000000E+00,  8.1250000000000000E-01,4,  3.5244071590709741E-01,104,2,501,500,1,  9.8147418893789828E-01,  1.0020000000000000E+00,  1.0000000000000000E+00,  9.9163088967886237E-01,  1.3357212399999999E-01,  5.6270099999999998E-04,0
120,  5.0000000000000003E-02,15,  1.0000000000000000E+00,  8.1250000000000000E-01,5,  3.5244071590709741E-01,104,2,501,500,1,  9.8147418893789828E-01,  1.0020000000000000E+00,  1.0000000000000000E+00,  9.9163088967886237E-01,  1.4109540200000001E-01,  5.2462199999999998E-04,0
121,  5.0000000000000003E-02,15,  1.0000000000000000E+00,  1.0000000000000000E+00,1,  3.5244071590709741E-01,104,1,500,500,0,  1.0000000000000000E+00,  1.0000000000000000E+00,  1.0000000000000000E+00,  1.0000000000000000E+00,  1.3462189699999999E-01,  5.4119200000000002E-04,0
122,  5.0000000000000003E-02,15,  1.0000000000000000E+00,  1.0000000000000000E+00,2,  3.5244071590709741E-01,104,2,501,500,1,  9.8147418893789828E-01,  1.0020000000000000E+00,  1.0000000000000000E+00,  9.9163088967886237E-01,  1.3697792100000000E-01,  6.8432499999999995E-04,0
123,  5.0000000000000003E-02,15,  1.0000000000000000E+00,  1.0000000000000000E+00,3,  3.5244071590709741E-01,104,2,501,500,1,  9.8147418893789828E-01,  1.0020000000000000E+00,  1.0000000000000000E+00,  9.9163088967886237E-01,  1.3579023000000001E-01,  5.5566299999999997E-04,0
124,  5.0000000000000003E-02,15,  1.0000000000000000E+00,  1.0000000000000000E+00,4,  3.5244071590709741E-01,104,2,501,500,1,  9.8147418893789828E-01,  1.0020000000000000E+00,  1.0000000000000000E+00,  9.9163088967886237E-01,  1.4088009300000001E-01,  4.7741400000000001E-04,0
125,  5.0000000000000003E-02,15,  1.0000000000000000E+00,  1.0000000000000000E+00,5,  3.5244071590709741E-01,104,2,501,500,1,  9.8147418893789828E-01,  1.0020000000000000E+00,  1.0000000000000000E+00,  9.9163088967886237E-01,  1.3398978600000000E-01,  5.1532100000000001E-04,0
126,  5.0000000000000003E-02,25,  2.5000000000000000E-01,  2.5000000000000000E-01,1,  3.5244071590709741E-01,70,18,419,419,0,  4.3940573768182384E-01,  8.3799999999999997E-01,  8.3799999999999997E-01,  5.7651535031555512E-01,  5.7003641000000001E-02,  4.5771000000000001E-04,0
127,  5.0000000000000003E-02,25,  2.5000000000000000E-01,  2.5000000000000000E-01,2,  3.5244071590709741E-01,70,20,421,419,2,  3.9516579868111890E-01,  8.4199999999999997E-01,  8.3799999999999997E-01,  5.3789007559731872E-01,  5.9788546999999997E-02,  4.3176599999999999E-04,0
128,  5.0000000000000003E-02,25,  2.5000000000000000E-01,  2.5000000000000000E-01,3,  3.5244071590709741E-01,70,21,423,419,4,  3.7696705850279910E-01,  8.4599999999999997E-01,  8.3799999999999997E-01,  5.2154165441511446E-01,  5.5719119999999997E-02,  5.2873500000000001E-04,0
129,  5.0000000000000003E-02,25,  2.5000000000000000E-01,  2.5000000000000000E-01,4,  3.5244071590709741E-01,70,23,429,419,10,  3.5320313995481201E-01,  8.5799999999999998E-01,  8.3799999999999997E-01,  5.0040869955560874E-01,  5.6691746000000001E-02,  4.6000099999999998E-04,0
130,  5.0000000000000003E-02,25,  2.5000000000000000E-01,  2.5000000000000000E-01,5,  3.5244071590709741E-01,70,27,445,419,26,  2.9264076240508941E-01,  8.9000000000000001E-01,  8.3799999999999997E-01,  4.4045543975815993E-01,  6.3313255999999998E-02,  5.1084500000000001E-04,0
131,  5.0000000000000003E-02,25,  2.5000000000000000E-01,  4.3750000000000000E-01,1,  3.5244071590709741E-01,70,18,419,419,0,  4.3940573768182384E-01,  8.3799999999999997E-01,  8.3799999999999997E-01,  5.7651535031555512E-01,  5.7964189999999999E-02,  6.8879700000000000E-04,0
132,  5.0000000000000003E-02,25,  2.5000000000000000E-01,  4.3750000000000000E-01,2,  3.5244071590709741E-01,70,20,421,419,2,  3.9516579868111890E-01,  8.4199999999999997E-01,  8.3799999999999997E-01,  5.3789007559731872E-01,  5.6823032000000002E-02,  4.5206499999999998E-04,0
133,  5.0000000000000003E-02,25,  2.5000000000000000E-01,  4.3750000000000000E-01,3,  3.5244071590709741E-01,70,21,423,419,4,  3.7696705850279910E-01,  8.4599999999999997E-01,  8.3799999999999997E-01,  5.2154165441511446E-01,  5.5986894000000002E-02,  5.1872599999999995E-04,0
134,  5.0000000000000003E-02,25,  2.5000000000000000E-01,  4.3750000000000000E-01,4,  3.5244071590709741E-01,70,23,429,419,10,  3.5320313995481201E-01,  8.5799999999999998E-01,  8.3799999999999997E-01,  5.0040869955560874E-01,  5.5796581999999997E-02,  4.4115900000000000E-04,0
135,  5.0000000000000003E-02,25,  2.5000000000000000E-01,  4.3750000000000000E-01,5,  3.5244071590709741E-01,70,27,445,419,26,  2.9264076240508941E-01,  8.9000000000000001E-01,  8.3799999999999997E-01,  4.4045543975815993E-01,  5.6100635000000003E-02,  4.6914199999999997E-04,0
136,  5.0000000000000003E-02,25,  2.5000000000000000E-01,  6.2500000000000000E-01,1,  3.5244071590709741E-01,70,18,419,419,0,  4.3940573768182384E-01,  8.3799999999999997E-01,  8.3799999999999997E-01,  5.7651535031555512E-01,  5.5514935000000001E-02,  4.4515199999999998E-04,0
137,  5.0000000000000003E-02,25,  2.5000000000000000E-01,  6.2500000000000000E-01,2,  3.5244071590709741E-01,70,20,421,419,2,  3.9516579868111890E-01,  8.4199999999999997E-01,  8.3799999999999997E-01,  5.3789007559731872E-01,  5.6405055000000003E-02,  4.8265200000000003E-04,0
138,  5.0000000000000003E-02,25,  2.5000000000000000E-01,  6.2500000000000000E-01,3,  3.5244071590709741E-01,70,21,423,419,4,  3.7696705850279910E-01,  8.4599999999999997E-01,  8.3799999999999997E-01,  5.2154165441511446E-01,  5.6108875000000002E-02,  4.5585100000000001E-04,0
139,  5.0000000000000003E-02,25,  2.5000000000000000E-01,  6.2500000000000000E-01,4,  3.5244071590709741E-01,70,23,429,419,10,  3.5320313995481201E-01,  8.5799999999999998E-01,  8.3799999999999997E-01,  5.0040869955560874E-01,  6.1395436999999997E-02,  4.4582699999999999E-04,0
140,  5.0000000000000003E-02,25,  2.5000000000000000E-01,  6.2500000000000000E-01,5,  3.5244071590709741E-01,70,27,445,419,26,  2.9264076240508941E-01,  8.9000000000000001E-01,  8.3799999999999997E-01,  4.4045543975815993E-01,  5.6885540999999998E-02,  4.6913300000000000E-04,0
141,  5.0000000000000003E-02,25,  2.5000000000000000E-01,  8.1250000000000000E-01,1,  3.5244071590709741E-01,70,18,419,419,0,  4.3940573768182384E-01,  8.3799999999999997E-01,  8.3799999999999997E-01,  5.7651535031555512E-01,  5.4861408000000000E-02,  5.2065800000000001E-04,0
142,  5.0000000000000003E-02,25,  2.5000000000000000E-01,  8.1250000000000000E-01,2,  3.5244071590709741E-01,70,20,421,419,2,  3.9516579868111890E-01,  8.4199999999999997E-01,  8.3799999999999997E-01,  5.3789007559731872E-01,  5.6580891000000001E-02,  4.8930100000000004E-04,0
143,  5.0000000000000003E-02,25,  2.5000000000000000E-01,  8.1250000000000000E-01,3,  3.5244071590709741E-01,70,21,423,419,4,  3.7696705850279910E-01,  8.4599999999999997E-01,  8.3799999999999997E-01,  5.2154165441511446E-01,  5.6418682999999997E-02,  4.7496099999999998E-04,0
144,  5.0000000000000003E-02,25,  2.5000000000000000E-01,  8.1250000000000000E-01,4,  3.5244071590709741E-01,70,23,429,419,10,  3.5320313995481201E-01,  8.5799999999999998E-01,  8.3799999999999997E-01,  5.0040869955560874E-01,  5.7148681999999999E-02,  4.8423200000000002E-04,0
145,  5.0000000000000003E-02,25,  2.5000000000000000E-01,  8.1250000000000000E-01,5,  3.5244071590709741E-01,70,27,445,419,26,  2.9264076240508941E-01,  8.9000000000000001E-01,  8.3799999999999997E-01,  4.4045543975815993E-01,  5.5542570999999999E-02,  5.3451699999999998E-04,0
146,  5.0000000000000003E-02,25,  2.5000000000000000E-01,  1.0000000000000000E+00,1,  3.5244071590709741E-01,70,18,419,419,0,  4.3940573768182384E-01,  8.3799999999999997E-01,  8.3799999999999997E-01,  5.7651535031555512E-01,  5.6251984999999997E-02,  7.9233500000000002E-04,0
147,  5.0000000000000003E-02,25,  2.5000000000000000E-01,  1.0000000000000000E+00,2,  3.5244071590709741E-01,70,20,421,419,2,  3.9516579868111890E-01,  8.4199999999999997E-01,  8.3799999999999997E-01,  5.3789007559731872E-01,  5.7078789999999997E-02,  4.8997299999999999E-04,0
148,  5.0000000000000003E-02,25,  2.5000000000000000E-01,  1.0000000000000000E+00,3,  3.5244071590709741E-01,70,21,423,419,4,  3.7696705850279910E-01,  8.4599999999999997E-01,  8.3799999999999997E-01,  5.2154165441511446E-01,  5.6775233000000001E-02,  4.4113399999999998E-04,0
149,  5.0000000000000003E-02,25,  2.5000000000000000E-01,  1.0000000000000000E+00,4,  3.5244071590709741E-01,70,23,429,419,10,  3.5320313995481201E-01,  8.5799999999999998E-01,  8.3799999999999997E-01,  5.0040869955560874E-01,  5.4395689999999997E-02,  4.9217800000000002E-04,0
150,  5.0000000000000003E-02,25,  2.5000000000000000E-01,  1.0000000000000000E+00,5,  3.5244071590709741E-01,70,27,445,419,26,  2.9264076240508941E-01,  8.9000000000000001E-01,  8.3799999999999997E-01,  4.4045543975815993E-01,  5.4784632000000000E-02,  4.6400599999999999E-04,0
151,  5.0000000000000003E-02,25,  4.3750000000000000E-01,  2.5000000000000000E-01,1,  3.5244071590709741E-01,70,12,472,472,0,  5.8932478181103609E-01,  9.4399999999999995E-01,  9.4399999999999995E-01,  7.2564221309008770E-01,  6.8300691999999996E-02,  6.2777400000000000E-04,0
152,  5.0000000000000003E-02,25,  4.3750000000000000E-01,  2.5000000000000000E-01,2,  3.5244071590709741E-01,70,14,474,472,2,  5.5607899877034728E-01,  9.4799999999999995E-01,  9.4399999999999995E-01,  7.0097766309518161E-01,  6.7459370000000005E-02,  5.8052500000000003E-04,0
153,  5.0000000000000003E-02,25,  4.3750000000000000E-01,  2.5000000000000000E-01,3,  3.5244071590709741E-01,70,17,480,472,8,  4.8075753441401503E-01,  9.5999999999999996E-01,  9.4399999999999995E-01,  6.4067300987624798E-01,  6.5371911000000005E-02,  4.9534199999999996E-04,0
154,  5.0000000000000003E-02,25,  4.3750000000000000E-01,  2.5000000000000000E-01,4,  3.5244071590709741E-01,70,17,480,472,8,  4.8075753441401503E-01,  9.5999999999999996E-01,  9.4399999999999995E-01,  6.4067300987624798E-01,  6.7101345000000007E-02,  5.0890699999999996E-04,0
155,  5.0000000000000003E-02,25,  4.3750000000000000E-01,  2.5000000000000000E-01,5,  3.5244071590709741E-01,70,17,480,472,8,  4.8075753441401503E-01,  9.5999999999999996E-01,  9.4399999999999995E-01,  6.4067300987624798E-01,  6.7295662000000006E-02,  5.4862200000000002E-04,0
156,  5.0000000000000003E-02,25,  4.3750000000000000E-01,  4.3750000000000000E-01,1,  3.5244071590709741E-01,70,12,472,472,0,  5.8932478181103609E-01,  9.4399999999999995E-01,  9.4399999999999995E-01,  7.2564221309008770E-01,  6.6020855000000003E-02,  5.1652100000000004E-04,0
157,  5.0000000000000003E-02,25,  4.3750000000000000E-01,  4.3750000000000000E-01,2,  3.5244071590709741E-01,70,14,474,472,2,  5.5607899877034728E-01,  9.4799999999999995E-01,  9.4399999999999995E-01,  7.0097766309518161E-01,  6.8603477999999996E-02,  4.7479899999999998E-04,0
158,  5.0000000000000003E-02,25,  4.3750000000000000E-01,  4.3750000000000000E-01,3,  3.5244071590709741E-01,70,17,480,472,8,  4.8075753441401503E-01,  9.5999999999999996E-01,  9.4399999999999995E-01,  6.4067300987624798E-01,  6.6436627999999998E-02,  4.9302199999999997E-04,0
159,  5.0000000000000003E-02,25,  4.3750000000000000E-01,  4.3750000000000000E-01,4,  3.5244071590709741E-01,70,17,480,472,8,  4.8075753441401503E-01,  9.5999999999999996E-01,  9.4399999999999995E-01,  6.4067300987624798E-01,  6.6934442999999996E-02,  4.9155100000000001E-04,0
160,  5.0000000000000003E-02,25,  4.3750000000000000E-01,  4.3750000000000000E-01,5,  3.5244071590709741E-01,70,17,480,472,8,  4.8075753441401503E-01,  9.5999999999999996E-01,  9.4399999999999995E-01,  6.4067300987624798E-01,  6.6350174999999997E-02,  4.7622099999999998E-04,0
161,  5.0000000000000003E-02,25,  4.3750000000000000E-01,  6.2500000000000000E-01,1,  3.5244071590709741E-01,70,12,472,472,0,  5.8932478181103609E-01,  9.4399999999999995E-01,  9.4399999999999995E-01,  7.2564221309008770E-01,  6.7949662999999993E-02,  4.6884299999999998E-04,0
162,  5.0000000000000003E-02,25,  4.3750000000000000E-01,  6.2500000000000000E-01,2,  3.5244071590709741E-01,70,14,474,472,2,  5.5607899877034728E-01,  9.4799999999999995E-01,  9.4399999999999995E-01,  7.0097766309518161E-01,  6.6287666999999995E-02,  5.8306000000000005E-04,0
163,  5.0000000000000003E-02,25,  4.3750000000000000E-01,  6.2500000000000000E-01,3,  3.5244071590709741E-01,70,17,480,472,8,  4.8075753441401503E-01,  9.5999999999999996E-01,  9.4399999999999995E-01,  6.4067300987624798E-01,  7.0106399000000000E-02,  5.2388100000000002E-04,0
164,  5.0000000000000003E-02,25,  4.3750000000000000E-01,  6.2500000000000000E-01,4,  3.5244071590709741E-01,70,17,480,472,8,  4.8075753441401503E-01,  9.5999999999999996E-01,  9.4399999999999995E-01,  6.4067300987624798E-01,  6.7555226999999995E-02,  5.6365699999999996E-04,0
165,  5.0000000000000003E-02,25,  4.3750000000000000E-01,  6.2500000000000000E-01,5,  3.5244071590709741E-01,70,17,480,472,8,  4.8075753441401503E-01,  9.5999999999999996E-01,  9.4399999999999995E-01,  6.4067300987624798E-01,  6.8559104999999995E-02,  5.5133000000000005E-04,0
166,  5.0000000000000003E-02,25,  4.3750000000000000E-01,  8.1250000000000000E-01,1,  3.5244071590709741E-01,70,12,472,472,0,  5.8932478181103609E-01,  9.4399999999999995E-01,  9.4399999999999995E-01,  7.2564221309008770E-01,  6.7357360000000005E-02,  5.0372600000000002E-04,0
167,  5.0000000000000003E-02,25,  4.3750000000000000E-01,  8.1250000000000000E-01,2,  3.5244071590709741E-01,70,14,474,472,2,  5.5607899877034728E-01,  9.4799999999999995E-01,  9.4399999999999995E-01,  7.0097766309518161E-01,  6.7553795999999999E-02,  5.1829500000000000E-04,0
168,  5.0000000000000003E-02,25,  4.3750000000000000E-01,  8.1250000000000000E-01,3,  3.5244071590709741E-01,70,17,480,472,8,  4.8075753441401503E-01,  9.5999999999999996E-01,  9.4399999999999995E-01,  6.4067300987624798E-01,  6.8814156000000001E-02,  5.0437699999999997E-04,0
169,  5.0000000000000003E-02,25,  4.3750000000000000E-01,  8.1250000000000000E-01,4,  3.5244071590709741E-01,70,17,480,472,8,  4.8075753441401503E-01,  9.5999999999999996E-01,  9.4399999999999995E-01,  6.4067300987624798E-01,  6.7164389000000005E-02,  4.7566999999999998E-04,0
170,  5.0000000000000003E-02,25,  4.3750000000000000E-01,  8.1250000000000000E-01,5,  3.5244071590709741E-01,70,17,480,472,8,  4.8075753441401503E-01,  9.5999999999999996E-01,  9.4399999999999995E-01,  6.4067300987624798E-01,  6.6457557000000000E-02,  5.3316200000000000E-04,0
171,  5.0000000000000003E-02,25,  4.3750000000000000E-01,  1.0000000000000000E+00,1,  3.5244071590709741E-01,70,12,472,472,0,  5.8932478181103609E-01,  9.4399999999999995E-01,  9.4399999999999995E-01,  7.2564221309008770E-01,  6.7509301999999993E-02,  5.3879700000000004E-04,0
172,  5.0000000000000003E-02,25,  4.3750000000000000E-01,  1.0000000000000000E+00,2,  3.5244071590709741E-01,70,14,474,472,2,  5.5607899877034728E-01,  9.4799999999999995E-01,  9.4399999999999995E-01,  7.0097766309518161E-01,  7.0615087000000007E-02,  5.0119100000000001E-04,0
173,  5.0000000000000003E-02,25,  4.3750000000000000E-01,  1.0000000000000000E+00,3,  3.5244071590709741E-01,70,17,480,472,8,  4.8075753441401503E-01,  9.5999999999999996E-01,  9.4399999999999995E-01,  6.4067300987624798E-01,  6.6255288999999995E-02,  4.7566500000000001E-04,0
174,  5.0000000000000003E-02,25,  4.3750000000000000E-01,  1.0000000000000000E+00,4,  3.5244071590709741E-01,70,17,480,472,8,  4.8075753441401503E-01,  9.5999999999999996E-01,  9.4399999999999995E-01,  6.4067300987624798E-01,  6.7702185999999998E-02,  4.9995800000000000E-04,0
175,  5.0000000000000003E-02,25,  4.3750000000000000E-01,  1.0000000000000000E+00,5,  3.5244071590709741E-01,70,17,480,472,8,  4.8075753441401503E-01,  9.5999999999999996E-01,  9.4399999999999995E-01,  6.4067300987624798E-01,  6.7524744999999997E-02,  4.9001399999999999E-04,0
176,  5.0000000000000003E-02,25,  6.2500000000000000E-01,  2.5000000000000000E-01,1,  3.5244071590709741E-01,70,3,490,490,0,  9.2112227485900877E-01,  9.7999999999999998E-01,  9.7999999999999998E-01,  9.4964941634674671E-01,  7.5653956999999994E-02,  5.0860900000000004E-04,0
177,  5.0000000000000003E-02,25,  6.2500000000000000E-01,  2.5000000000000000E-01,2,  3.5244071590709741E-01,70,4,491,490,1,  8.6852926750445880E-01,  9.8199999999999998E-01,  9.7999999999999998E-01,  9.2178573521245155E-01,  7.5388027999999996E-02,  5.5102899999999997E-04,0
178,  5.0000000000000003E-02,25,  6.2500000000000000E-01,  2.5000000000000000E-01,3,  3.5244071590709741E-01,70,4,491,490,1,  8.6852926750445880E-01,  9.8199999999999998E-01,  9.7999999999999998E-01,  9.2178573521245155E-01,  7.6989944000000005E-02,  5.3038900000000003E-04,0
179,  5.0000000000000003E-02,25,  6.2500000000000000E-01,  2.5000000000000000E-01,4,  3.5244071590709741E-01,70,7,500,490,10,  7.6026758655315330E-01,  1.0000000000000000E+00,  9.7999999999999998E-01,  8.6380910761625973E-01,  7.7001098000000004E-02,  4.9437000000000005E-04,0
180,  5.0000000000000003E-02,25,  6.2500000000000000E-01,  2.5000000000000000E-01,5,  3.5244071590709741E-01,70,7,500,490,10,  7.6026758655315330E-01,  1.0000000000000000E+00,  9.7999999999999998E-01,  8.6380910761625973E-01,  7.9551867999999998E-02,  5.4295899999999998E-04,0
181,  5.0000000000000003E-02,25,  6.2500000000000000E-01,  4.3750000000000000E-01,1,  3.5244071590709741E-01,70,3,490,490,0,  9.2112227485900877E-01,  9.7999999999999998E-01,  9.7999999999999998E-01,  9.4964941634674671E-01,  7.6400425999999994E-02,  4.7422600000000001E-04,0
182,  5.0000000000000003E-02,25,  6.2500000000000000E-01,  4.3750000000000000E-01,2,  3.5244071590709741E-01,70,4,491,490,1,  8.6852926750445880E-01,  9.8199999999999998E-01,  9.7999999999999998E-01,  9.2178573521245155E-01,  7.7554542000000004E-02,  5.2251299999999995E-04,0
183,  5.0000000000000003E-02,25,  6.2500000000000000E-01,  4.3750000000000000E-01,3,  3.5244071590709741E-01,70,4,491,490,1,  8.6852926750445880E-01,  9.8199999999999998E-01,  9.7999999999999998E-01,  9.2178573521245155E-01,  7.5425892999999994E-02,  4.8272899999999999E-04,0
184,  5.0000000000000003E-02,25,  6.2500000000000000E-01,  4.3750000000000000E-01,4,  3.5244071590709741E-01,70,7,500,490,10,  7.6026758655315330E-01,  1.0000000000000000E+00,  9.7999999999999998E-01,  8.6380910761625973E-01,  7.5886271000000005E-02,  4.9026799999999998E-04,0
185,  5.0000000000000003E-02,25,  6.2500000000000000E-01,  4.3750000000000000E-01,5,  3.5244071590709741E-01,70,7,500,490,10,  7.6026758655315330E-01,  1.0000000000000000E+00,  9.7999999999999998E-01,  8.6380910761625973E-01,  7.7068036000000006E-02,  4.9181900000000000E-04,0
186,  5.0000000000000003E-02,25,  6.2500000000000000E-01,  6.2500000000000000E-01,1,  3.5244071590709741E-01,70,3,490,490,0,  9.2112227485900877E-01,  9.7999999999999998E-01,  9.7999999999999998E-01,  9.4964941634674671E-01,  7.6454040000000001E-02,  4.6976400000000001E-04,0
187,  5.0000000000000003E-02,25,  6.2500000000000000E-01,  6.2500000000000000E-01,2,  3.5244071590709741E-01,70,4,491,490,1,  8.6852926750445880E-01,  9.8199999999999998E-01,  9.7999999999999998E-01,  9.2178573521245155E-01,  7.6909455000000002E-02,  4.7203000000000002E-04,0
188,  5.0000000000000003E-02,25,  6.2500000000000000E-01,  6.2500000000000000E-01,3,  3.5244071590709741E-01,70,4,491,490,1,  8.6852926750445880E-01,  9.8199999999999998E-01,  9.7999999999999998E-01,  9.2178573521245155E-01,  7.7082733000000001E-02,  4.6736100000000001E-04,0
189,  5.0000000000000003E-02,25,  6.2500000000000000E-01,  6.2500000000000000E-01,4,  3.5244071590709741E-01,70,7,500,490,10,  7.6026758655315330E-01,  1.0000000000000000E+00,  9.7999999999999998E-01,  8.6380910761625973E-01,  7.6781061999999997E-02,  7.5988700000000000E-04,0
190,  5.0000000000000003E-02,25,  6.2500000000000000E-01,  6.2500000000000000E-01,5,  3.5244071590709741E-01,70,7,500,490,10,  7.6026758655315330E-01,  1.0000000000000000E+00,  9.7999999999999998E-01,  8.6380910761625973E-01,  7.7344176000000001E-02,  5.0347700000000000E-04,0
191,  5.0000000000000003E-02,25,  6.2500000000000000E-01,  8.1250000000000000E-01,1,  3.5244071590709741E-01,70,3,490,490,0,  9.2112227485900877E-01,  9.7999999999999998E-01,  9.7999999999999998E-01,  9.4964941634674671E-01,  7.4845738999999994E-02,  4.8313499999999999E-04,0
192,  5.0000000000000003E-02,25,  6.2500000000000000E-01,  8.1250000000000000E-01,2,  3.5244071590709741E-01,70,4,491,490,1,  8.6852926750445880E-01,  9.8199999999999998E-01,  9.7999999999999998E-01,  9.2178573521245155E-01,  7.7957805000000005E-02,  6.6363200000000005E-04,0
193,  5.0000000000000003E-02,25,  6.2500000000000000E-01,  8.1250000000000000E-01,3,  3.5244071590709741E-01,70,4,491,490,1,  8.6852926750445880E-01,  9.8199999999999998E-01,  9.7999999999999998E-01,  9.2178573521245155E-01,  8.1360381999999995E-02,  5.0204000000000004E-04,0
194,  5.0000000000000003E-02,25,  6.2500000000000000E-01,  8.1250000000000000E-01,4,  3.5244071590709741E-01,70,7,500,490,10,  7.6026758655315330E-01,  1.0000000000000000E+00,  9.7999999999999998E-01,  8.6380910761625973E-01,  7.9086219999999999E-02,  7.1629599999999995E-04,0
195,  5.0000000000000003E-02,25,  6.2500000000000000E-01,  8.1250000000000000E-01,5,  3.5244071590709741E-01,70,7,500,490,10,  7.6026758655315330E-01,  1.0000000000000000E+00,  9.7999999999999998E-01,  8.6380910761625973E-01,  7.5034055000000002E-02,  5.5505699999999997E-04,0
196,  5.0000000000000003E-02,25,  6.2500000000000000E-01,  1.0000000000000000E+00,1,  3.5244071590709741E-01,70,3,490,490,0,  9.2112227485900877E-01,  9.7999999999999998E-01,  9.7999999999999998E-01,  9.4964941634674671E-01,  7.9071502000000002E-02,  6.4389799999999995E-04,0
197,  5.0000000000000003E-02,25,  6.2500000000000000E-01,  1.0000000000000000E+00,2,  3.5244071590709741E-01,70,4,491,490,1,  8.6852926750445880E-01,  9.8199999999999998E-01,  9.7999999999999998E-01,  9.2178573521245155E-01,  7.5966987000000000E-02,  5.0220799999999997E-04,0
198,  5.0000000000000003E-02,25,  6.2500000000000000E-01,  1.0000000000000000E+00,3,  3.5244071590709741E-01,70,4,491,490,1,  8.6852926750445880E-01,  9.8199999999999998E-01,  9.7999999999999998E-01,  9.2178573521245155E-01,  7.7705320999999994E-02,  4.9665699999999996E-04,0
199,  5.0000000000000003E-02,25,  6.2500000000000000E-01,  1.0000000000000000E+00,4,  3.5244071590709741E-01,70,7,500,490,10,  7.6026758655315330E-01,  1.0000000000000000E+00,  9.7999999999999998E-01,  8.6380910761625973E-01,  7.7550236999999994E-02,  4.8575199999999999E-04,0
200,  5.0000000000000003E-02,25,  6.2500000000000000E-01,  1.0000000000000000E+00,5,  3.5244071590709741E-01,70,7,500,490,10,  7.6026758655315330E-01,  1.0000000000000000E+00,  9.7999999999999998E-01,  8.6380910761625973E-01,  7.6100003999999999E-02,  5.1488499999999997E-04,0
201,  5.0000000000000003E-02,25,  8.1250000000000000E-01,  2.5000000000000000E-01,1,  3.5244071590709741E-01,70,4,495,495,0,  9.0426669005144678E-01,  9.8999999999999999E-01,  9.8999999999999999E-01,  9.4519322738723632E-01,  7.4118332999999995E-02,  5.0332399999999998E-04,0
202,  5.0000000000000003E-02,25,  8.1250000000000000E-01,  2.5000000000000000E-01,2,  3.5244071590709741E-01,70,4,495,495,0,  9.0426669005144678E-01,  9.8999999999999999E-01,  9.8999999999999999E-01,  9.4519322738723632E-01,  7.3304068999999999E-02,  4.9896100000000002E-04,0
203,  5.0000000000000003E-02,25,  8.1250000000000000E-01,  2.5000000000000000E-01,3,  3.5244071590709741E-01,70,4,495,495,0,  9.0426669005144678E-01,  9.8999999999999999E-01,  9.8999999999999999E-01,  9.4519322738723632E-01,  7.5192623000000000E-02,  5.0295899999999998E-04,0
204,  5.0000000000000003E-02,25,  8.1250000000000000E-01,  2.5000000000000000E-01,4,  3.5244071590709741E-01,70,4,495,495,0,  9.0426669005144678E-01,  9.8999999999999999E-01,  9.8999999999999999E-01,  9.4519322738723632E-01,  7.7354093999999998E-02,  4.8572699999999998E-04,0
205,  5.0000000000000003E-02,25,  8.1250000000000000E-01,  2.5000000000000000E-01,5,  3.5244071590709741E-01,70,4,495,495,0,  9.0426669005144678E-01,  9.8999999999999999E-01,  9.8999999999999999E-01,  9.4519322738723632E-01,  7.5681979999999996E-02,  5.3432999999999996E-04,0
206,  5.0000000000000003E-02,25,  8.1250000000000000E-01,  4.3750000000000000E-01,1,  3.5244071590709741E-01,70,3,497,497,0,  9.2638547557356976E-01,  9.9399999999999999E-01,  9.9399999999999999E-01,  9.5900242366194821E-01,  7.7856795000000006E-02,  4.9144100000000001E-04,0
207,  5.0000000000000003E-02,25,  8.1250000000000000E-01,  4.3750000000000000E-01,2,  3.5244071590709741E-01,70,3,497,497,0,  9.2638547557356976E-01,  9.9399999999999999E-01,  9.9399999999999999E-01,  9.5900242366194821E-01,  7.5509987000000001E-02,  5.2757699999999999E-04,0
208,  5.0000000000000003E-02,25,  8.1250000000000000E-01,  4.3750000000000000E-01,3,  3.5244071590709741E-01,70,3,497,497,0,  9.2638547557356976E-01,  9.9399999999999999E-01,  9.9399999999999999E-01,  9.5900242366194821E-01,  7.7665479999999995E-02,  4.9022400000000004E-04,0
209,  5.0000000000000003E-02,25,  8.1250000000000000E-01,  4.3750000000000000E-01,4,  3.5244071590709741E-01,70,3,497,497,0,  9.2638547557356976E-01,  9.9399999999999999E-01,  9.9399999999999999E-01,  9.5900242366194821E-01,  7.5778039000000005E-02,  4.8974900000000004E-04,0
210,  5.0000000000000003E-02,25,  8.1250000000000000E-01,  4.3750000000000000E-01,5,  3.5244071590709741E-01,70,3,497,497,0,  9.2638547557356976E-01,  9.9399999999999999E-01,  9.9399999999999999E-01,  9.5900242366194821E-01,  7.6840824000000002E-02,  4.7231999999999998E-04,0
211,  5.0000000000000003E-02,25,  8.1250000000000000E-01,  6.2500000000000000E-01,1,  3.5244071590709741E-01,70,3,497,497,0,  9.2638547557356976E-01,  9.9399999999999999E-01,  9.9399999999999999E-01,  9.5900242366194821E-01,  7.6195170000000007E-02,  4.8483800000000002E-04,0
212,  5.0000000000000003E-02,25,  8.1250000000000000E-01,  6.2500000000000000E-01,2,  3.5244071590709741E-01,70,3,497,497,0,  9.2638547557356976E-01,  9.9399999999999999E-01,  9.9399999999999999E-01,  9.5900242366194821E-01,  7.7708110999999996E-02,  4.9840599999999996E-04,0
213,  5.0000000000000003E-02,25,  8.1250000000000000E-01,  6.2500000000000000E-01,3,  3.5244071590709741E-01,70,3,497,497,0,  9.2638547557356976E-01,  9.9399999999999999E-01,  9.9399999999999999E-01,  9.5900242366194821E-01,  8.3901427000000001E-02,  5.2500799999999999E-04,0
214,  5.0000000000000003E-02,25,  8.1250000000000000E-01,  6.2500000000000000E-01,4,  3.5244071590709741E-01,70,3,497,497,0,  9.2638547557356976E-01,  9.9399999999999999E-01,  9.9399999999999999E-01,  9.5900242366194821E-01,  7.9278522000000004E-02,  5.7029499999999996E-04,0
215,  5.0000000000000003E-02,25,  8.1250000000000000E-01,  6.2500000000000000E-01,5,  3.5244071590709741E-01,70,3,497,497,0,  9.2638547557356976E-01,  9.9399999999999999E-01,  9.9399999999999999E-01,  9.5900242366194821E-01,  7.5684455999999997E-02,  1.0678640000000000E-03,0
216,  5.0000000000000003E-02,25,  8.1250000000000000E-01,  8.1250000000000000E-01,1,  3.5244071590709741E-01,70,3,497,497,0,  9.2638547557356976E-01,  9.9399999999999999E-01,  9.9399999999999999E-01,  9.5900242366194821E-01,  7.7716458000000002E-02,  5.1503100000000000E-04,0
217,  5.0000000000000003E-02,25,  8.1250000000000000E-01,  8.1250000000000000E-01,2,  3.5244071590709741E-01,70,3,497,497,0,  9.2638547557356976E-01,  9.9399999999999999E-01,  9.9399999999999999E-01,  9.5900242366194821E-01,  7.7808037999999996E-02,  5.6292799999999997E-04,0
218,  5.0000000000000003E-02,25,  8.1250000000000000E-01,  8.1250000000000000E-01,3,  3.5244071590709741E-01,70,3,497,497,0,  9.2638547557356976E-01,  9.9399999999999999E-01,  9.9399999999999999E-01,  9.5900242366194821E-01,  7.7693102999999999E-02,  4.8060799999999999E-04,0
219,  5.0000000000000003E-02,25,  8.1250000000000000E-01,  8.1250000000000000E-01,4,  3.5244071590709741E-01,70,3,497,497,0,  9.2638547557356976E-01,  9.9399999999999999E-01,  9.9399999999999999E-01,  9.5900242366194821E-01,  7.5296758000000005E-02,  4.9442200000000000E-04,0
220,  5.0000000000000003E-02,25,  8.1250000000000000E-01,  8.1250000000000000E-01,5,  3.5244071590709741E-01,70,3,497,497,0,  9.2638547557356976E-01,  9.9399999999999999E-01,  9.9399999999999999E-01,  9.5900242366194821E-01,  7.6753267999999999E-02,  5.2404600000000002E-04,0
221,  5.0000000000000003E-02,25,  8.1250000000000000E-01,  1.0000000000000000E+00,1,  3.5244071590709741E-01,70,3,497,497,0,  9.2638547557356976E-01,  9.9399999999999999E-01,  9.9399999999999999E-01,  9.5900242366194821E-01,  7.5694012000000005E-02,  4.7676000000000001E-04,0
222,  5.0000000000000003E-02,25,  8.1250000000000000E-01,  1.0000000000000000E+00,2,  3.5244071590709741E-01,70,3,497,497,0,  9.2638547557356976E-01,  9.9399999999999999E-01,  9.9399999999999999E-01,  9.5900242366194821E-01,  8.0014414000000006E-02,  4.9965600000000002E-04,0
223,  5.0000000000000003E-02,25,  8.1250000000000000E-01,  1.0000000000000000E+00,3,  3.5244071590709741E-01,70,3,497,497,0,  9.2638547557356976E-01,  9.9399999999999999E-01,  9.9399999999999999E-01,  9.5900242366194821E-01,  7.9681533999999998E-02,  5.8927100000000004E-04,0
224,  5.0000000000000003E-02,25,  8.1250000000000000E-01,  1.0000000000000000E+00,4,  3.5244071590709741E-01,70,3,497,497,0,  9.2638547557356976E-01,  9.9399999999999999E-01,  9.9399999999999999E-01,  9.5900242366194821E-01,  7.8235748999999993E-02,  5.0477699999999998E-04,0
225,  5.0000000000000003E-02,25,  8.1250000000000000E-01,  1.0000000000000000E+00,5,  3.5244071590709741E-01,70,3,497,497,0,  9.2638547557356976E-01,  9.9399999999999999E-01,  9.9399999999999999E-01,  9.5900242366194821E-01,  7.8580224000000004E-02,  4.8998800000000001E-04,0
226,  5.0000000000000003E-02,25,  1.0000000000000000E+00,  2.5000000000000000E-01,1,  3.5244071590709741E-01,70,2,496,496,0,  9.6057129569151201E-01,  9.9199999999999999E-01,  9.9199999999999999E-01,  9.7603270869401038E-01,  8.5736098999999996E-02,  5.9390900000000000E-04,0
227,  5.0000000000000003E-02,25,  1.0000000000000000E+00,  2.5000000000000000E-01,2,  3.5244071590709741E-01,70,3,497,496,1,  9.3887067556766746E-01,  9.9399999999999999E-01,  9.9199999999999999E-01,  9.6564913867315783E-01,  8.3298115000000006E-02,  5.3231399999999999E-04,0
228,  5.0000000000000003E-02,25,  1.0000000000000000E+00,  2.5000000000000000E-01,3,  3.5244071590709741E-01,70,3,497,496,1,  9.3887067556766746E-01,  9.9399999999999999E-01,  9.9199999999999999E-01,  9.6564913867315783E-01,  8.2829586999999996E-02,  5.4183499999999995E-04,0
229,  5.0000000000000003E-02,25,  1.0000000000000000E+00,  2.5000000000000000E-01,4,  3.5244071590709741E-01,70,3,497,496,1,  9.3887067556766746E-01,  9.9399999999999999E-01,  9.9199999999999999E-01,  9.6564913867315783E-01,  8.2388718999999999E-02,  4.7757499999999999E-04,0
230,  5.0000000000000003E-02,25,  1.0000000000000000E+00,  2.5000000000000000E-01,5,  3.5244071590709741E-01,70,4,501,496,5,  9.0707737941500499E-01,  1.0020000000000000E+00,  9.9199999999999999E-01,  9.5217883148596616E-01,  9.1779996000000003E-02,  5.3099500000000003E-04,0
231,  5.0000000000000003E-02,25,  1.0000000000000000E+00,  4.3750000000000000E-01,1,  3.5244071590709741E-01,70,1,500,500,0,  1.0000000000000000E+00,  1.0000000000000000E+00,  1.0000000000000000E+00,  1.0000000000000000E+00,  8.6538155000000005E-02,  5.0065299999999999E-04,0
232,  5.0000000000000003E-02,25,  1.0000000000000000E+00,  4.3750000000000000E-01,2,  3.5244071590709741E-01,70,1,500,500,0,  1.0000000000000000E+00,  1.0000000000000000E+00,  1.0000000000000000E+00,  1.0000000000000000E+00,  8.7128616000000006E-02,  5.1875100000000002E-04,0
233,  5.0000000000000003E-02,25,  1.0000000000000000E+00,  4.3750000000000000E-01,3,  3.5244071590709741E-01,70,2,502,500,2,  9.7246818223991816E-01,  1.0040000000000000E+00,  1.0000000000000000E+00,  9.8798256783711824E-01,  8.6937697999999994E-02,  4.9971300000000005E-04,0
234,  5.0000000000000003E-02,25,  1.0000000000000000E+00,  4.3750000000000000E-01,4,  3.5244071590709741E-01,70,2,502,500,2,  9.7246818223991816E-01,  1.0040000000000000E+00,  1.0000000000000000E+00,  9.8798256783711824E-01,  9.4809023000000006E-02,  7.7904000000000005E-04,0
235,  5.0000000000000003E-02,25,  1.0000000000000000E+00,  4.3750000000000000E-01,5,  3.5244071590709741E-01,70,3,506,500,6,  9.3846870247057668E-01,  1.0120000000000000E+00,  1.0000000000000000E+00,  9.7384831214901335E-01,  9.4155745999999998E-02,  5.0097200000000003E-04,0
236,  5.0000000000000003E-02,25,  1.0000000000000000E+00,  6.2500000000000000E-01,1,  3.5244071590709741E-01,70,1,500,500,0,  1.0000000000000000E+00,  1.0000000000000000E+00,  1.0000000000000000E+00,  1.0000000000000000E+00,  8.5724844999999994E-02,  5.6176600000000000E-04,0
237,  5.0000000000000003E-02,25,  1.0000000000000000E+00,  6.2500000000000000E-01,2,  3.5244071590709741E-01,70,1,500,500,0,  1.0000000000000000E+00,  1.0000000000000000E+00,  1.0000000000000000E+00,  1.0000000000000000E+00,  8.4735573999999994E-02,  4.7475000000000002E-04,0
238,  5.0000000000000003E-02,25,  1.0000000000000000E+00,  6.2500000000000000E-01,3,  3.5244071590709741E-01,70,2,502,500,2,  9.7246818223991816E-01,  1.0040000000000000E+00,  1.0000000000000000E+00,  9.8798256783711824E-01,  8.5341443000000003E-02,  4.9853799999999998E-04,0
239,  5.0000000000000003E-02,25,  1.0000000000000000E+00,  6.2500000000000000E-01,4,  3.5244071590709741E-01,70,2,502,500,2,  9.7246818223991816E-01,  1.0040000000000000E+00,  1.0000000000000000E+00,  9.8798256783711824E-01,  8.5062029999999997E-02,  5.2975799999999997E-04,0
240,  5.0000000000000003E-02,25,  1.0000000000000000E+00,  6.2500000000000000E-01,5,  3.5244071590709741E-01,70,3,506,500,6,  9.3846870247057668E-01,  1.0120000000000000E+00,  1.0000000000000000E+00,  9.7384831214901335E-01,  8.7365910000000005E-02,  5.4237199999999995E-04,0
241,  5.0000000000000003E-02,25,  1.0000000000000000E+00,  8.1250000000000000E-01,1,  3.5244071590709741E-01,70,1,500,500,0,  1.0000000000000000E+00,  1.0000000000000000E+00,  1.0000000000000000E+00,  1.0000000000000000E+00,  8.6902695000000002E-02,  5.2448399999999997E-04,0
242,  5.0000000000000003E-02,25,  1.0000000000000000E+00,  8.1250000000000000E-01,2,  3.5244071590709741E-01,70,1,500,500,0,  1.0000000000000000E+00,  1.0000000000000000E+00,  1.0000000000000000E+00,  1.0000000000000000E+00,  8.9065227999999996E-02,  4.9658500000000002E-04,0
243,  5.0000000000000003E-02,25,  1.0000000000000000E+00,  8.1250000000000000E-01,3,  3.5244071590709741E-01,70,2,502,500,2,  9.7246818223991816E-01,  1.0040000000000000E+00,  1.0000000000000000E+00,  9.8798256783711824E-01,  8.6028342999999993E-02,  5.0515700000000000E-04,0
244,  5.0000000000000003E-02,25,  1.0000000000000000E+00,  8.1250000000000000E-01,4,  3.5244071590709741E-01,70,2,502,500,2,  9.7246818223991816E-01,  1.0040000000000000E+00,  1.0000000000000000E+00,  9.8798256783711824E-01,  8.7889203999999999E-02,  6.2661200000000002E-04,0
245,  5.0000000000000003E-02,25,  1.0000000000000000E+00,  8.1250000000000000E-01,5,  3.5244071590709741E-01,70,3,506,500,6,  9.3846870247057668E-01,  1.0120000000000000E+00,  1.0000000000000000E+00,  9.7384831214901335E-01,  8.6069587000000003E-02,  4.8108400000000000E-04,0
246,  5.0000000000000003E-02,25,  1.0000000000000000E+00,  1.0000000000000000E+00,1,  3.5244071590709741E-01,70,1,500,500,0,  1.0000000000000000E+00,  1.0000000000000000E+00,  1.0000000000000000E+00,  1.0000000000000000E+00,  8.3053058999999999E-02,  5.0832199999999996E-04,0
247,  5.0000000000000003E-02,25,  1.0000000000000000E+00,  1.0000000000000000E+00,2,  3.5244071590709741E-01,70,1,500,500,0,  1.0000000000000000E+00,  1.0000000000000000E+00,  1.0000000000000000E+00,  1.0000000000000000E+00,  8.6362613000000005E-02,  4.9884799999999998E-04,0
248,  5.0000000000000003E-02,25,  1.0000000000000000E+00,  1.0000000000000000E+00,3,  3.5244071590709741E-01,70,2,502,500,2,  9.7246818223991816E-01,  1.0040000000000000E+00,  1.0000000000000000E+00,  9.8798256783711824E-01,  8.9268325999999995E-02,  5.7554000000000004E-04,0
249,  5.0000000000000003E-02,25,  1.0000000000000000E+00,  1.0000000000000000E+00,4,  3.5244071590709741E-01,70,2,502,500,2,  9.7246818223991816E-01,  1.0040000000000000E+00,  1.0000000000000000E+00,  9.8798256783711824E-01,  8.5114176999999999E-02,  6.1090700000000005E-04,0
250,  5.0000000000000003E-02,25,  1.0000000000000000E+00,  1.0000000000000000E+00,5,  3.5244071590709741E-01,70,3,506,500,6,  9.3846870247057668E-01,  1.0120000000000000E+00,  1.0000000000000000E+00,  9.7384831214901335E-01,  8.4995093999999993E-02,  5.2168099999999997E-04,0
251,  5.0000000000000003E-02,35,  2.5000000000000000E-01,  2.5000000000000000E-01,1,  3.5244071590709741E-01,51,20,397,397,0,  3.5736311623753475E-01,  7.9400000000000004E-01,  7.9400000000000004E-01,  4.9288762214276738E-01,  4.0678515999999998E-02,  6.2700300000000000E-04,0
252,  5.0000000000000003E-02,35,  2.5000000000000000E-01,  2.5000000000000000E-01,2,  3.5244071590709741E-01,51,22,399,397,2,  3.3265541479866972E-01,  7.9800000000000004E-01,  7.9400000000000004E-01,  4.6956662044838376E-01,  3.9003962000000003E-02,  4.5705700000000003E-04,0
253,  5.0000000000000003E-02,35,  2.5000000000000000E-01,  2.5000000000000000E-01,3,  3.5244071590709741E-01,51,24,403,397,6,  3.0713650185324060E-01,  8.0600000000000005E-01,  7.9400000000000004E-01,  4.4478286370371845E-01,  3.8844750999999997E-02,  4.2127700000000001E-04,0
254,  5.0000000000000003E-02,35,  2.5000000000000000E-01,  2.5000000000000000E-01,4,  3.5244071590709741E-01,51,25,406,397,9,  2.9136014630805657E-01,  8.1200000000000006E-01,  7.9400000000000004E-01,  4.2884354595147373E-01,  4.3052534000000003E-02,  5.2347500000000003E-04,0
255,  5.0000000000000003E-02,35,  2.5000000000000000E-01,  2.5000000000000000E-01,5,  3.5244071590709741E-01,51,28,418,397,21,  2.6276812126482774E-01,  8.3599999999999997E-01,  7.9400000000000004E-01,  3.9985533822099234E-01,  4.0182243999999999E-02,  4.5411300000000002E-04,0
256,  5.0000000000000003E-02,35,  2.5000000000000000E-01,  4.3750000000000000E-01,1,  3.5244071590709741E-01,51,20,397,397,0,  3.5736311623753475E-01,  7.9400000000000004E-01,  7.9400000000000004E-01,  4.9288762214276738E-01,  4.5638124000000002E-02,  4.7610600000000001E-04,0
257,  5.0000000000000003E-02,35,  2.5000000000000000E-01,  4.3750000000000000E-01,2,  3.5244071590709741E-01,51,22,399,397,2,  3.3265541479866972E-01,  7.9800000000000004E-01,  7.9400000000000004E-01,  4.6956662044838376E-01,  4.0716560999999998E-02,  4.6039799999999999E-04,0
258,  5.0000000000000003E-02,35,  2.5000000000000000E-01,  4.3750000000000000E-01,3,  3.5244071590709741E-01,51,24,403,397,6,  3.0713650185324060E-01,  8.0600000000000005E-01,  7.9400000000000004E-01,  4.4478286370371845E-01,  4.0840054000000001E-02,  4.4797300000000000E-04,0
259,  5.0000000000000003E-02,35,  2.5000000000000000E-01,  4.3750000000000000E-01,4,  3.5244071590709741E-01,51,25,406,397,9,  2.9136014630805657E-01,  8.1200000000000006E-01,  7.9400000000000004E-01,  4.2884354595147373E-01,  4.1057400000000001E-02,  4.5580099999999998E-04,0
260,  5.0000000000000003E-02,35,  2.5000000000000000E-01,  4.3750000000000000E-01,5,  3.5244071590709741E-01,51,28,418,397,21,  2.6276812126482774E-01,  8.3599999999999997E-01,  7.9400000000000004E-01,  3.9985533822099234E-01,  3.9445628000000003E-02,  4.3044300000000003E-04,0
261,  5.0000000000000003E-02,35,  2.5000000000000000E-01,  6.2500000000000000E-01,1,  3.5244071590709741E-01,51,20,397,397,0,  3.5736311623753475E-01,  7.9400000000000004E-01,  7.9400000000000004E-01,  4.9288762214276738E-01,  3.8886092999999997E-02,  4.1185800000000003E-04,0
262,  5.0000000000000003E-02,35,  2.5000000000000000E-01,  6.2500000000000000E-01,2,  3.5244071590709741E-01,51,22,399,397,2,  3.3265541479866972E-01,  7.9800000000000004E-01,  7.9400000000000004E-01,  4.6956662044838376E-01,  3.9827558999999998E-02,  4.0941200000000000E-04,0
263,  5.0000000000000003E-02,35,  2.5000000000000000E-01,  6.2500000000000000E-01,3,  3.5244071590709741E-01,51,24,403,397,6,  3.0713650185324060E-01,  8.0600000000000005E-01,  7.9400000000000004E-01,  4.4478286370371845E-01,  3.9135350999999999E-02,  4.2461300000000001E-04,0
264,  5.0000000000000003E-02,35,  2.5000000000000000E-01,  6.2500000000000000E-01,4,  3.5244071590709741E-01,51,25,406,397,9,  2.9136014630805657E-01,  8.1200000000000006E-01,  7.9400000000000004E-01,  4.2884354595147373E-01,  3.9024968000000000E-02,  4.2926299999999999E-04,0
265,  5.0000000000000003E-02,35,  2.5000000000000000E-01,  6.2500000000000000E-01,5,  3.5244071590709741E-01,51,28,418,397,21,  2.6276812126482774E-01,  8.3599999999999997E-01,  7.9400000000000004E-01,  3.9985533822099234E-01,  3.8657520000000001E-02,  4.4786199999999999E-04,0
266,  5.0000000000000003E-02,35,  2.5000000000000000E-01,  8.1250000000000000E-01,1,  3.5244071590709741E-01,51,20,397,397,0,  3.5736311623753475E-01,  7.9400000000000004E-01,  7.9400000000000004E-01,  4.9288762214276738E-01,  3.9374471000000001E-02,  4.6885100000000000E-04,0
267,  5.0000000000000003E-02,35,  2.5000000000000000E-01,  8.1250000000000000E-01,2,  3.5244071590709741E-01,51,22,399,397,2,  3.3265541479866972E-01,  7.9800000000000004E-01,  7.9400000000000004E-01,  4.6956662044838376E-01,  3.8866182999999999E-02,  4.5458199999999998E-04,0
268,  5.0000000000000003E-02,35,  2.5000000000000000E-01,  8.1250000000000000E-01,3,  3.5244071590709741E-01,51,24,403,397,6,  3.0713650185324060E-01,  8.0600000000000005E-01,  7.9400000000000004E-01,  4.4478286370371845E-01,  3.9884546999999999E-02,  4.6456800000000000E-04,0
269,  5.0000000000000003E-02,35,  2.5000000000000000E-01,  8.1250000000000000E-01,4,  3.5244071590709741E-01,51,25,406,397,9,  2.9136014630805657E-01,  8.1200000000000006E-01,  7.9400000000000004E-01,  4.2884354595147373E-01,  3.8924645000000001E-02,  8.0769600000000000E-04,0
270,  5.0000000000000003E-02,35,  2.5000000000000000E-01,  8.1250000000000000E-01,5,  3.5244071590709741E-01,51,28,418,397,21,  2.6276812126482774E-01,  8.3599999999999997E-01,  7.9400000000000004E-01,  3.9985533822099234E-01,  4.0696834000000001E-02,  4.4159300000000000E-04,0
271,  5.0000000000000003E-02,35,  2.5000000000000000E-01,  1.0000000000000000E+00,1,  3.5244071590709741E-01,51,20,397,397,0,  3.5736311623753475E-01,  7.9400000000000004E-01,  7.9400000000000004E-01,  4.9288762214276738E-01,  3.9874510000000002E-02,  4.1437800000000002E-04,0
272,  5.0000000000000003E-02,35,  2.5000000000000000E-01,  1.0000000000000000E+00,2,  3.5244071590709741E-01,51,22,399,397,2,  3.3265541479866972E-01,  7.9800000000000004E-01,  7.9400000000000004E-01,  4.6956662044838376E-01,  4.0684460999999998E-02,  4.7380399999999998E-04,0
273,  5.0000000000000003E-02,35,  2.5000000000000000E-01,  1.0000000000000000E+00,3,  3.5244071590709741E-01,51,24,403,397,6,  3.0713650185324060E-01,  8.0600000000000005E-01,  7.9400000000000004E-01,  4.4478286370371845E-01,  3.9562417000000002E-02,  4.2251700000000002E-04,0
274,  5.0000000000000003E-02,35,  2.5000000000000000E-01,  1.0000000000000000E+00,4,  3.5244071590709741E-01,51,25,406,397,9,  2.9136014630805657E-01,  8.1200000000000006E-01,  7.9400000000000004E-01,  4.2884354595147373E-01,  3.9894187999999997E-02,  4.3896899999999999E-04,0
275,  5.0000000000000003E-02,35,  2.5000000000000000E-01,  1.0000000000000000E+00,5,  3.5244071590709741E-01,51,28,418,397,21,  2.6276812126482774E-01,  8.3599999999999997E-01,  7.9400000000000004E-01,  3.9985533822099234E-01,  3.9232568000000002E-02,  4.5428400000000000E-04,0
276,  5.0000000000000003E-02,35,  4.3750000000000000E-01,  2.5000000000000000E-01,1,  3.5244071590709741E-01,51,16,439,439,0,  5.0606494731586027E-01,  8.7800000000000000E-01,  8.7800000000000000E-01,  6.4205805458047627E-01,  5.2736694000000001E-02,  5.0618699999999996E-04,0
277,  5.0000000000000003E-02,35,  4.3750000000000000E-01,  2.5000000000000000E-01,2,  3.5244071590709741E-01,51,16,439,439,0,  5.0606494731586027E-01,  8.7800000000000000E-01,  8.7800000000000000E-01,  6.4205805458047627E-01,  4.7062468000000003E-02,  4.9095300000000003E-04,0
278,  5.0000000000000003E-02,35,  4.3750000000000000E-01,  2.5000000000000000E-01,3,  3.5244071590709741E-01,51,17,441,439,2,  4.8352180504146419E-01,  8.8200000000000001E-01,  8.7800000000000000E-01,  6.2462017153013782E-01,  4.7583577000000002E-02,  4.6343000000000003E-04,0
279,  5.0000000000000003E-02,35,  4.3750000000000000E-01,  2.5000000000000000E-01,4,  3.5244071590709741E-01,51,17,441,439,2,  4.8352180504146419E-01,  8.8200000000000001E-01,  8.7800000000000000E-01,  6.2462017153013782E-01,  4.9008493000000000E-02,  4.8100399999999999E-04,0
280,  5.0000000000000003E-02,35,  4.3750000000000000E-01,  2.5000000000000000E-01,5,  3.5244071590709741E-01,51,17,441,439,2,  4.8352180504146419E-01,  8.8200000000000001E-01,  8.7800000000000000E-01,  6.2462017153013782E-01,  4.9178186999999998E-02,  4.5781600000000000E-04,0
281,  5.0000000000000003E-02,35,  4.3750000000000000E-01,  4.3750000000000000E-01,1,  3.5244071590709741E-01,51,16,441,441,0,  5.0817521308765734E-01,  8.8200000000000001E-01,  8.8200000000000001E-01,  6.4482596686185034E-01,  4.8421271000000002E-02,  5.5429299999999997E-04,0
282,  5.0000000000000003E-02,35,  4.3750000000000000E-01,  4.3750000000000000E-01,2,  3.5244071590709741E-01,51,16,441,441,0,  5.0817521308765734E-01,  8.8200000000000001E-01,  8.8200000000000001E-01,  6.4482596686185034E-01,  5.2243203000000002E-02,  4.5706300000000001E-04,0
283,  5.0000000000000003E-02,35,  4.3750000000000000E-01,  4.3750000000000000E-01,3,  3.5244071590709741E-01,51,17,443,441,2,  4.8553719658231265E-01,  8.8600000000000001E-01,  8.8200000000000001E-01,  6.2730483321034958E-01,  4.8364204000000001E-02,  4.5898199999999998E-04,0
284,  5.0000000000000003E-02,35,  4.3750000000000000E-01,  4.3750000000000000E-01,4,  3.5244071590709741E-01,51,17,443,441,2,  4.8553719658231265E-01,  8.8600000000000001E-01,  8.8200000000000001E-01,  6.2730483321034958E-01,  4.9320752000000002E-02,  4.6464700000000000E-04,0
285,  5.0000000000000003E-02,35,  4.3750000000000000E-01,  4.3750000000000000E-01,5,  3.5244071590709741E-01,51,17,443,441,2,  4.8553719658231265E-01,  8.8600000000000001E-01,  8.8200000000000001E-01,  6.2730483321034958E-01,  4.9649588000000001E-02,  4.7196700000000000E-04,0
286,  5.0000000000000003E-02,35,  4.3750000000000000E-01,  6.2500000000000000E-01,1,  3.5244071590709741E-01,51,16,441,441,0,  5.0817521308765734E-01,  8.8200000000000001E-01,  8.8200000000000001E-01,  6.4482596686185034E-01,  5.0548411000000001E-02,  4.8446500000000000E-04,0
287,  5.0000000000000003E-02,35,  4.3750000000000000E-01,  6.2500000000000000E-01,2,  3.5244071590709741E-01,51,16,441,441,0,  5.0817521308765734E-01,  8.8200000000000001E-01,  8.8200000000000001E-01,  6.4482596686185034E-01,  4.9315520000000002E-02,  5.8407100000000003E-04,0
288,  5.0000000000000003E-02,35,  4.3750000000000000E-01,  6.2500000000000000E-01,3,  3.5244071590709741E-01,51,17,443,441,2,  4.8553719658231265E-01,  8.8600000000000001E-01,  8.8200000000000001E-01,  6.2730483321034958E-01,  4.9362306000000002E-02,  4.9717800000000003E-04,0
289,  5.0000000000000003E-02,35,  4.3750000000000000E-01,  6.2500000000000000E-01,4,  3.5244071590709741E-01,51,17,443,441,2,  4.8553719658231265E-01,  8.8600000000000001E-01,  8.8200000000000001E-01,  6.2730483321034958E-01,  4.7718139000000000E-02,  4.8075599999999999E-04,0
290,  5.0000000000000003E-02,35,  4.3750000000000000E-01,  6.2500000000000000E-01,5,  3.5244071590709741E-01,51,17,443,441,2,  4.8553719658231265E-01,  8.8600000000000001E-01,  8.8200000000000001E-01,  6.2730483321034958E-01,  4.8806134000000001E-02,  5.4608399999999996E-04,0
291,  5.0000000000000003E-02,35,  4.3750000000000000E-01,  8.1250000000000000E-01,1,  3.5244071590709741E-01,51,16,441,441,0,  5.0817521308765734E-01,  8.8200000000000001E-01,  8.8200000000000001E-01,  6.4482596686185034E-01,  4.7906011999999998E-02,  4.4947299999999998E-04,0
292,  5.0000000000000003E-02,35,  4.3750000000000000E-01,  8.1250000000000000E-01,2,  3.5244071590709741E-01,51,16,441,441,0,  5.0817521308765734E-01,  8.8200000000000001E-01,  8.8200000000000001E-01,  6.4482596686185034E-01,  4.9448253999999997E-02,  4.9483700000000003E-04,0
293,  5.0000000000000003E-02,35,  4.3750000000000000E-01,  8.1250000000000000E-01,3,  3.5244071590709741E-01,51,17,443,441,2,  4.8553719658231265E-01,  8.8600000000000001E-01,  8.8200000000000001E-01,  6.2730483321034958E-01,  5.1648057999999997E-02,  4.9020499999999996E-04,0
294,  5.0000000000000003E-02,35,  4.3750000000000000E-01,  8.1250000000000000E-01,4,  3.5244071590709741E-01,51,17,443,441,2,  4.8553719658231265E-01,  8.8600000000000001E-01,  8.8200000000000001E-01,  6.2730483321034958E-01,  4.8803926999999997E-02,  4.5490800000000002E-04,0
295,  5.0000000000000003E-02,35,  4.3750000000000000E-01,  8.1250000000000000E-01,5,  3.5244071590709741E-01,51,17,443,441,2,  4.8553719658231265E-01,  8.8600000000000001E-01,  8.8200000000000001E-01,  6.2730483321034958E-01,  4.8862142999999997E-02,  4.6568199999999998E-04,0
296,  5.0000000000000003E-02,35,  4.3750000000000000E-01,  1.0000000000000000E+00,1,  3.5244071590709741E-01,51,16,441,441,0,  5.0817521308765734E-01,  8.8200000000000001E-01,  8.8200000000000001E-01,  6.4482596686185034E-01,  4.7662090999999997E-02,  4.5910900000000003E-04,0
297,  5.0000000000000003E-02,35,  4.3750000000000000E-01,  1.0000000000000000E+00,2,  3.5244071590709741E-01,51,16,441,441,0,  5.0817521308765734E-01,  8.8200000000000001E-01,  8.8200000000000001E-01,  6.4482596686185034E-01,  5.0217745000000001E-02,  6.0949099999999998E-04,0
298,  5.0000000000000003E-02,35,  4.3750000000000000E-01,  1.0000000000000000E+00,3,  3.5244071590709741E-01,51,17,443,441,2,  4.8553719658231265E-01,  8.8600000000000001E-01,  8.8200000000000001E-01,  6.2730483321034958E-01,  4.9508204000000000E-02,  5.4465899999999996E-04,0
299,  5.0000000000000003E-02,35,  4.3750000000000000E-01,  1.0000000000000000E+00,4,  3.5244071590709741E-01,51,17,443,441,2,  4.8553719658231265E-01,  8.8600000000000001E-01,  8.8200000000000001E-01,  6.2730483321034958E-01,  4.9541753000000001E-02,  4.4791600000000003E-04,0
300,  5.0000000000000003E-02,35,  4.3750000000000000E-01,  1.0000000000000000E+00,5,  3.5244071590709741E-01,51,17,443,441,2,  4.8553719658231265E-01,  8.8600000000000001E-01,  8.8200000000000001E-01,  6.2730483321034958E-01,  4.8304708000000002E-02,  4.4562500000000000E-04,0
301,  5.0000000000000003E-02,35,  6.2500000000000000E-01,  2.5000000000000000E-01,1,  3.5244071590709741E-01,51,6,480,480,0,  8.0715151070819890E-01,  9.5999999999999996E-01,  9.5999999999999996E-01,  8.7696549569690030E-01,  5.7860206999999997E-02,  4.8158000000000001E-04,0
302,  5.0000000000000003E-02,35,  6.2500000000000000E-01,  2.5000000000000000E-01,2,  3.5244071590709741E-01,51,7,481,480,1,  7.5890533392962101E-01,  9.6199999999999997E-01,  9.5999999999999996E-01,  8.4846843907818648E-01,  5.5295292000000003E-02,  4.8766199999999998E-04,0
303,  5.0000000000000003E-02,35,  6.2500000000000000E-01,  2.5000000000000000E-01,3,  3.5244071590709741E-01,51,8,483,480,3,  7.1731099306571089E-01,  9.6599999999999997E-01,  9.5999999999999996E-01,  8.2328508772998588E-01,  5.6464945000000002E-02,  4.7996600000000002E-04,0
304,  5.0000000000000003E-02,35,  6.2500000000000000E-01,  2.5000000000000000E-01,4,  3.5244071590709741E-01,51,9,486,480,6,  7.0153302403583462E-01,  9.7199999999999998E-01,  9.5999999999999996E-01,  8.1491083781353590E-01,  5.4773124999999999E-02,  4.9303599999999997E-04,0
305,  5.0000000000000003E-02,35,  6.2500000000000000E-01,  2.5000000000000000E-01,5,  3.5244071590709741E-01,51,10,490,480,10,  6.7208255455231880E-01,  9.7999999999999998E-01,  9.5999999999999996E-01,  7.9734623629598333E-01,  5.6369091000000003E-02,  5.2188899999999999E-04,0
306,  5.0000000000000003E-02,35,  6.2500000000000000E-01,  4.3750000000000000E-01,1,  3.5244071590709741E-01,51,5,482,482,0,  8.1865203279647702E-01,  9.6399999999999997E-01,  9.6399999999999997E-01,  8.8540056623142838E-01,  5.6680935000000002E-02,  6.8891099999999995E-04,0
307,  5.0000000000000003E-02,35,  6.2500000000000000E-01,  4.3750000000000000E-01,2,  3.5244071590709741E-01,51,6,483,482,1,  7.6923506754182347E-01,  9.6599999999999997E-01,  9.6399999999999997E-01,  8.5646157012959434E-01,  5.8528402000000000E-02,  4.7447000000000000E-04,0
308,  5.0000000000000003E-02,35,  6.2500000000000000E-01,  4.3750000000000000E-01,3,  3.5244071590709741E-01,51,7,485,482,3,  7.2666039006939209E-01,  9.6999999999999997E-01,  9.6399999999999997E-01,  8.3087998339901381E-01,  5.8318541000000002E-02,  4.8047900000000002E-04,0
309,  5.0000000000000003E-02,35,  6.2500000000000000E-01,  4.3750000000000000E-01,4,  3.5244071590709741E-01,51,8,488,482,6,  7.1048228679468051E-01,  9.7599999999999998E-01,  9.6399999999999997E-01,  8.2233975102049728E-01,  5.5624816000000001E-02,  4.7916300000000001E-04,0
310,  5.0000000000000003E-02,35,  6.2500000000000000E-01,  4.3750000000000000E-01,5,  3.5244071590709741E-01,51,9,492,482,10,  6.8064655144660502E-01,  9.8399999999999999E-01,  9.6399999999999997E-01,  8.0468277910578700E-01,  5.5873267999999997E-02,  5.2413899999999996E-04,0
311,  5.0000000000000003E-02,35,  6.2500000000000000E-01,  6.2500000000000000E-01,1,  3.5244071590709741E-01,51,5,482,482,0,  8.1865203279647702E-01,  9.6399999999999997E-01,  9.6399999999999997E-01,  8.8540056623142838E-01,  5.7094684999999999E-02,  4.9053499999999995E-04,0
312,  5.0000000000000003E-02,35,  6.2500000000000000E-01,  6.2500000000000000E-01,2,  3.5244071590709741E-01,51,6,483,482,1,  7.6923506754182347E-01,  9.6599999999999997E-01,  9.6399999999999997E-01,  8.5646157012959434E-01,  5.5775040999999997E-02,  4.8386799999999998E-04,0
313,  5.0000000000000003E-02,35,  6.2500000000000000E-01,  6.2500000000000000E-01,3,  3.5244071590709741E-01,51,7,485,482,3,  7.2666039006939209E-01,  9.6999999999999997E-01,  9.6399999999999997E-01,  8.3087998339901381E-01,  5.5547942000000003E-02,  7.7341200000000001E-04,0
314,  5.0000000000000003E-02,35,  6.2500000000000000E-01,  6.2500000000000000E-01,4,  3.5244071590709741E-01,51,8,488,482,6,  7.1048228679468051E-01,  9.7599999999999998E-01,  9.6399999999999997E-01,  8.2233975102049728E-01,  5.9539862999999998E-02,  5.0849700000000001E-04,0
315,  5.0000000000000003E-02,35,  6.2500000000000000E-01,  6.2500000000000000E-01,5,  3.5244071590709741E-01,51,9,492,482,10,  6.8064655144660502E-01,  9.8399999999999999E-01,  9.6399999999999997E-01,  8.0468277910578700E-01,  5.7058945000000000E-02,  5.1033199999999995E-04,0
316,  5.0000000000000003E-02,35,  6.2500000000000000E-01,  8.1250000000000000E-01,1,  3.5244071590709741E-01,51,5,482,482,0,  8.1865203279647702E-01,  9.6399999999999997E-01,  9.6399999999999997E-01,  8.8540056623142838E-01,  5.4967652999999998E-02,  4.7606200000000002E-04,0
317,  5.0000000000000003E-02,35,  6.2500000000000000E-01,  8.1250000000000000E-01,2,  3.5244071590709741E-01,51,6,483,482,1,  7.6923506754182347E-01,  9.6599999999999997E-01,  9.6399999999999997E-01,  8.5646157012959434E-01,  5.6565277999999997E-02,  4.9030199999999997E-04,0
318,  5.0000000000000003E-02,35,  6.2500000000000000E-01,  8.1250000000000000E-01,3,  3.5244071590709741E-01,51,7,485,482,3,  7.2666039006939209E-01,  9.6999999999999997E-01,  9.6399999999999997E-01,  8.3087998339901381E-01,  5.5846382999999999E-02,  4.7923699999999998E-04,0
319,  5.0000000000000003E-02,35,  6.2500000000000000E-01,  8.1250000000000000E-01,4,  3.5244071590709741E-01,51,8,488,482,6,  7.1048228679468051E-01,  9.7599999999999998E-01,  9.6399999999999997E-01,  8.2233975102049728E-01,  5.7761842000000001E-02,  5.0802900000000001E-04,0
320,  5.0000000000000003E-02,35,  6.2500000000000000E-01,  8.1250000000000000E-01,5,  3.5244071590709741E-01,51,9,492,482,10,  6.8064655144660502E-01,  9.8399999999999999E-01,  9.6399999999999997E-01,  8.0468277910578700E-01,  5.7629512000000001E-02,  5.0660699999999996E-04,0
321,  5.0000000000000003E-02,35,  6.2500000000000000E-01,  1.0000000000000000E+00,1,  3.5244071590709741E-01,51,5,482,482,0,  8.1865203279647702E-01,  9.6399999999999997E-01,  9.6399999999999997E-01,  8.8540056623142838E-01,  5.5816991000000003E-02,  4.8837499999999999E-04,0
322,  5.0000000000000003E-02,35,  6.2500000000000000E-01,  1.0000000000000000E+00,2,  3.5244071590709741E-01,51,6,483,482,1,  7.6923506754182347E-01,  9.6599999999999997E-01,  9.6399999999999997E-01,  8.5646157012959434E-01,  5.7221042000000000E-02,  5.1463500000000005E-04,0
323,  5.0000000000000003E-02,35,  6.2500000000000000E-01,  1.0000000000000000E+00,3,  3.5244071590709741E-01,51,7,485,482,3,  7.2666039006939209E-01,  9.6999999999999997E-01,  9.6399999999999997E-01,  8.3087998339901381E-01,  5.6547020000000003E-02,  4.8464700000000000E-04,0
324,  5.0000000000000003E-02,35,  6.2500000000000000E-01,  1.0000000000000000E+00,4,  3.5244071590709741E-01,51,8,488,482,6,  7.1048228679468051E-01,  9.7599999999999998E-01,  9.6399999999999997E-01,  8.2233975102049728E-01,  5.5966227000000000E-02,  4.9031100000000000E-04,0
325,  5.0000000000000003E-02,35,  6.2500000000000000E-01,  1.0000000000000000E+00,5,  3.5244071590709741E-01,51,9,492,482,10,  6.8064655144660502E-01,  9.8399999999999999E-01,  9.6399999999999997E-01,  8.0468277910578700E-01,  5.6907029999999997E-02,  5.3041500000000001E-04,0
326,  5.0000000000000003E-02,35,  8.1250000000000000E-01,  2.5000000000000000E-01,1,  3.5244071590709741E-01,51,5,493,493,0,  8.5837835779206662E-01,  9.8599999999999999E-01,  9.8599999999999999E-01,  9.1777379322122321E-01,  5.5836913000000002E-02,  5.1778700000000002E-04,0
327,  5.0000000000000003E-02,35,  8.1250000000000000E-01,  2.5000000000000000E-01,2,  3.5244071590709741E-01,51,5,493,493,0,  8.5837835779206662E-01,  9.8599999999999999E-01,  9.8599999999999999E-01,  9.1777379322122321E-01,  6.2278153000000003E-02,  7.7193100000000001E-04,0
328,  5.0000000000000003E-02,35,  8.1250000000000000E-01,  2.5000000000000000E-01,3,  3.5244071590709741E-01,51,5,493,493,0,  8.5837835779206662E-01,  9.8599999999999999E-01,  9.8599999999999999E-01,  9.1777379322122321E-01,  5.7094148999999997E-02,  5.6252799999999996E-04,0
329,  5.0000000000000003E-02,35,  8.1250000000000000E-01,  2.5000000000000000E-01,4,  3.5244071590709741E-01,51,6,496,493,3,  8.0817935753644488E-01,  9.9199999999999999E-01,  9.8599999999999999E-01,  8.9070449488244674E-01,  5.6007959000000003E-02,  5.3998999999999996E-04,0
330,  5.0000000000000003E-02,35,  8.1250000000000000E-01,  2.5000000000000000E-01,5,  3.5244071590709741E-01,51,6,496,493,3,  8.0817935753644488E-01,  9.9199999999999999E-01,  9.8599999999999999E-01,  8.9070449488244674E-01,  5.7060187999999998E-02,  6.1123400000000000E-04,0
331,  5.0000000000000003E-02,35,  8.1250000000000000E-01,  4.3750000000000000E-01,1,  3.5244071590709741E-01,51,4,494,494,0,  8.7003739720468554E-01,  9.8799999999999999E-01,  9.8799999999999999E-01,  9.2527410883273431E-01,  6.0263184999999997E-02,  5.0005399999999999E-04,0
332,  5.0000000000000003E-02,35,  8.1250000000000000E-01,  4.3750000000000000E-01,2,  3.5244071590709741E-01,51,4,494,494,0,  8.7003739720468554E-01,  9.8799999999999999E-01,  9.8799999999999999E-01,  9.2527410883273431E-01,  5.8492470999999997E-02,  5.0145300000000001E-04,0
333,  5.0000000000000003E-02,35,  8.1250000000000000E-01,  4.3750000000000000E-01,3,  3.5244071590709741E-01,51,4,494,494,0,  8.7003739720468554E-01,  9.8799999999999999E-01,  9.8799999999999999E-01,  9.2527410883273431E-01,  5.9086841000000001E-02,  4.9020400000000005E-04,0
334,  5.0000000000000003E-02,35,  8.1250000000000000E-01,  4.3750000000000000E-01,4,  3.5244071590709741E-01,51,5,497,494,3,  8.1854081074529617E-01,  9.9399999999999999E-01,  9.8799999999999999E-01,  8.9777792704846093E-01,  5.8906144000000001E-02,  6.3531099999999995E-04,0
335,  5.0000000000000003E-02,35,  8.1250000000000000E-01,  4.3750000000000000E-01,5,  3.5244071590709741E-01,51,5,497,494,3,  8.1854081074529617E-01,  9.9399999999999999E-01,  9.8799999999999999E-01,  8.9777792704846093E-01,  5.7973152999999999E-02,  4.8577800000000002E-04,0
336,  5.0000000000000003E-02,35,  8.1250000000000000E-01,  6.2500000000000000E-01,1,  3.5244071590709741E-01,51,4,494,494,0,  8.7003739720468554E-01,  9.8799999999999999E-01,  9.8799999999999999E-01,  9.2527410883273431E-01,  5.9850292999999999E-02,  6.2063899999999998E-04,0
337,  5.0000000000000003E-02,35,  8.1250000000000000E-01,  6.2500000000000000E-01,2,  3.5244071590709741E-01,51,4,494,494,0,  8.7003739720468554E-01,  9.8799999999999999E-01,  9.8799999999999999E-01,  9.2527410883273431E-01,  6.1442785999999999E-02,  4.8161800000000001E-04,0
338,  5.0000000000000003E-02,35,  8.1250000000000000E-01,  6.2500000000000000E-01,3,  3.5244071590709741E-01,51,4,494,494,0,  8.7003739720468554E-01,  9.8799999999999999E-01,  9.8799999999999999E-01,  9.2527410883273431E-01,  5.7704019000000002E-02,  4.9459099999999995E-04,0
339,  5.0000000000000003E-02,35,  8.1250000000000000E-01,  6.2500000000000000E-01,4,  3.5244071590709741E-01,51,5,497,494,3,  8.1854081074529617E-01,  9.9399999999999999E-01,  9.8799999999999999E-01,  8.9777792704846093E-01,  5.8064460999999998E-02,  5.3103899999999997E-04,0
340,  5.0000000000000003E-02,35,  8.1250000000000000E-01,  6.2500000000000000E-01,5,  3.5244071590709741E-01,51,5,497,494,3,  8.1854081074529617E-01,  9.9399999999999999E-01,  9.8799999999999999E-01,  8.9777792704846093E-01,  6.0312027999999997E-02,  5.1170299999999996E-04,0
341,  5.0000000000000003E-02,35,  8.1250000000000000E-01,  8.1250000000000000E-01,1,  3.5244071590709741E-01,51,4,494,494,0,  8.7003739720468554E-01,  9.8799999999999999E-01,  9.8799999999999999E-01,  9.2527410883273431E-01,  5.8515168999999999E-02,  5.1803500000000002E-04,0
342,  5.0000000000000003E-02,35,  8.1250000000000000E-01,  8.1250000000000000E-01,2,  3.5244071590709741E-01,51,4,494,494,0,  8.7003739720468554E-01,  9.8799999999999999E-01,  9.8799999999999999E-01,  9.2527410883273431E-01,  5.9997883000000002E-02,  4.8670899999999999E-04,0
343,  5.0000000000000003E-02,35,  8.1250000000000000E-01,  8.1250000000000000E-01,3,  3.5244071590709741E-01,51,4,494,494,0,  8.7003739720468554E-01,  9.8799999999999999E-01,  9.8799999999999999E-01,  9.2527410883273431E-01,  5.8654059000000001E-02,  4.8938100000000000E-04,0
344,  5.0000000000000003E-02,35,  8.1250000000000000E-01,  8.1250000000000000E-01,4,  3.5244071590709741E-01,51,5,497,494,3,  8.1854081074529617E-01,  9.9399999999999999E-01,  9.8799999999999999E-01,  8.9777792704846093E-01,  5.9745212999999998E-02,  5.4325200000000004E-04,0
345,  5.0000000000000003E-02,35,  8.1250000000000000E-01,  8.1250000000000000E-01,5,  3.5244071590709741E-01,51,5,497,494,3,  8.1854081074529617E-01,  9.9399999999999999E-01,  9.8799999999999999E-01,  8.9777792704846093E-01,  5.8863319999999997E-02,  5.2686300000000003E-04,0
346,  5.0000000000000003E-02,35,  8.1250000000000000E-01,  1.0000000000000000E+00,1,  3.5244071590709741E-01,51,4,494,494,0,  8.7003739720468554E-01,  9.8799999999999999E-01,  9.8799999999999999E-01,  9.2527410883273431E-01,  6.0314086000000003E-02,  5.3377000000000003E-04,0
347,  5.0000000000000003E-02,35,  8.1250000000000000E-01,  1.0000000000000000E+00,2,  3.5244071590709741E-01,51,4,494,494,0,  8.7003739720468554E-01,  9.8799999999999999E-01,  9.8799999999999999E-01,  9.2527410883273431E-01,  5.8112361000000001E-02,  4.8378700000000001E-04,0
348,  5.0000000000000003E-02,35,  8.1250000000000000E-01,  1.0000000000000000E+00,3,  3.5244071590709741E-01,51,4,494,494,0,  8.7003739720468554E-01,  9.8799999999999999E-01,  9.8799999999999999E-01,  9.2527410883273431E-01,  5.6614013999999997E-02,  6.7183800000000001E-04,0
349,  5.0000000000000003E-02,35,  8.1250000000000000E-01,  1.0000000000000000E+00,4,  3.5244071590709741E-01,51,5,497,494,3,  8.1854081074529617E-01,  9.9399999999999999E-01,  9.8799999999999999E-01,  8.9777792704846093E-01,  5.9619198999999998E-02,  5.1783500000000002E-04,0
350,  5.0000000000000003E-02,35,  8.1250000000000000E-01,  1.0000000000000000E+00,5,  3.5244071590709741E-01,51,5,497,494,3,  8.1854081074529617E-01,  9.9399999999999999E-01,  9.8799999999999999E-01,  8.9777792704846093E-01,  5.7956647000000000E-02,  4.9700400000000000E-04,0
351,  5.0000000000000003E-02,35,  1.0000000000000000E+00,  2.5000000000000000E-01,1,  3.5244071590709741E-01,51,3,494,494,0,  9.4535867597327750E-01,  9.8799999999999999E-01,  9.8799999999999999E-01,  9.6620909867270588E-01,  6.4174914999999999E-02,  7.6272799999999995E-04,0
352,  5.0000000000000003E-02,35,  1.0000000000000000E+00,  2.5000000000000000E-01,2,  3.5244071590709741E-01,51,4,495,494,1,  9.1596840407668878E-01,  9.8999999999999999E-01,  9.8799999999999999E-01,  9.5154643497378288E-01,  6.3734314000000000E-02,  5.2250899999999999E-04,0
353,  5.0000000000000003E-02,35,  1.0000000000000000E+00,  2.5000000000000000E-01,3,  3.5244071590709741E-01,51,4,495,494,1,  9.1596840407668878E-01,  9.8999999999999999E-01,  9.8799999999999999E-01,  9.5154643497378288E-01,  6.3809514999999997E-02,  4.9005200000000004E-04,0
354,  5.0000000000000003E-02,35,  1.0000000000000000E+00,  2.5000000000000000E-01,4,  3.5244071590709741E-01,51,4,495,494,1,  9.1596840407668878E-01,  9.8999999999999999E-01,  9.8799999999999999E-01,  9.5154643497378288E-01,  6.3931891000000005E-02,  5.2809199999999997E-04,0
355,  5.0000000000000003E-02,35,  1.0000000000000000E+00,  2.5000000000000000E-01,5,  3.5244071590709741E-01,51,4,495,494,1,  9.1596840407668878E-01,  9.8999999999999999E-01,  9.8799999999999999E-01,  9.5154643497378288E-01,  6.1939609000000000E-02,  4.8779500000000001E-04,0
356,  5.0000000000000003E-02,35,  1.0000000000000000E+00,  4.3750000000000000E-01,1,  3.5244071590709741E-01,51,2,499,499,0,  9.7005114324383612E-01,  9.9800000000000000E-01,  9.9800000000000000E-01,  9.8382711677061552E-01,  6.6030848000000003E-02,  4.8541500000000000E-04,0
357,  5.0000000000000003E-02,35,  1.0000000000000000E+00,  4.3750000000000000E-01,2,  3.5244071590709741E-01,51,3,500,499,1,  9.3938252091612251E-01,  1.0000000000000000E+00,  9.9800000000000000E-01,  9.6874392832248324E-01,  6.5184128999999993E-02,  5.0361500000000001E-04,0
358,  5.0000000000000003E-02,35,  1.0000000000000000E+00,  4.3750000000000000E-01,3,  3.5244071590709741E-01,51,3,500,499,1,  9.3938252091612251E-01,  1.0000000000000000E+00,  9.9800000000000000E-01,  9.6874392832248324E-01,  6.6320919000000006E-02,  4.8797400000000001E-04,0
359,  5.0000000000000003E-02,35,  1.0000000000000000E+00,  4.3750000000000000E-01,4,  3.5244071590709741E-01,51,3,500,499,1,  9.3938252091612251E-01,  1.0000000000000000E+00,  9.9800000000000000E-01,  9.6874392832248324E-01,  6.7198427000000005E-02,  8.5765300000000000E-04,0
360,  5.0000000000000003E-02,35,  1.0000000000000000E+00,  4.3750000000000000E-01,5,  3.5244071590709741E-01,51,3,500,499,1,  9.3938252091612251E-01,  1.0000000000000000E+00,  9.9800000000000000E-01,  9.6874392832248324E-01,  6.7343007999999996E-02,  4.9370900000000005E-04,0
361,  5.0000000000000003E-02,35,  1.0000000000000000E+00,  6.2500000000000000E-01,1,  3.5244071590709741E-01,51,2,499,499,0,  9.7005114324383612E-01,  9.9800000000000000E-01,  9.9800000000000000E-01,  9.8382711677061552E-01,  6.6136397999999999E-02,  4.8655999999999998E-04,0
362,  5.0000000000000003E-02,35,  1.0000000000000000E+00,  6.2500000000000000E-01,2,  3.5244071590709741E-01,51,3,500,499,1,  9.3938252091612251E-01,  1.0000000000000000E+00,  9.9800000000000000E-01,  9.6874392832248324E-01,  6.6757200000000003E-02,  5.8074299999999999E-04,0
363,  5.0000000000000003E-02,35,  1.0000000000000000E+00,  6.2500000000000000E-01,3,  3.5244071590709741E-01,51,3,500,499,1,  9.3938252091612251E-01,  1.0000000000000000E+00,  9.9800000000000000E-01,  9.6874392832248324E-01,  6.8234357999999995E-02,  4.8895799999999995E-04,0
364,  5.0000000000000003E-02,35,  1.0000000000000000E+00,  6.2500000000000000E-01,4,  3.5244071590709741E-01,51,3,500,499,1,  9.3938252091612251E-01,  1.0000000000000000E+00,  9.9800000000000000E-01,  9.6874392832248324E-01,  6.6576118000000004E-02,  5.1036099999999997E-04,0
365,  5.0000000000000003E-02,35,  1.0000000000000000E+00,  6.2500000000000000E-01,5,  3.5244071590709741E-01,51,3,500,499,1,  9.3938252091612251E-01,  1.0000000000000000E+00,  9.9800000000000000E-01,  9.6874392832248324E-01,  6.7443667999999998E-02,  7.1000900000000005E-04,0
366,  5.0000000000000003E-02,35,  1.0000000000000000E+00,  8.1250000000000000E-01,1,  3.5244071590709741E-01,51,2,499,499,0,  9.7005114324383612E-01,  9.9800000000000000E-01,  9.9800000000000000E-01,  9.8382711677061552E-01,  6.7155197999999999E-02,  5.1186199999999997E-04,0
367,  5.0000000000000003E-02,35,  1.0000000000000000E+00,  8.1250000000000000E-01,2,  3.5244071590709741E-01,51,3,500,499,1,  9.3938252091612251E-01,  1.0000000000000000E+00,  9.9800000000000000E-01,  9.6874392832248324E-01,  6.7571289000000007E-02,  6.2886300000000001E-04,0
368,  5.0000000000000003E-02,35,  1.0000000000000000E+00,  8.1250000000000000E-01,3,  3.5244071590709741E-01,51,3,500,499,1,  9.3938252091612251E-01,  1.0000000000000000E+00,  9.9800000000000000E-01,  9.6874392832248324E-01,  6.7895950999999996E-02,  4.8417099999999998E-04,0
369,  5.0000000000000003E-02,35,  1.0000000000000000E+00,  8.1250000000000000E-01,4,  3.5244071590709741E-01,51,3,500,499,1,  9.3938252091612251E-01,  1.0000000000000000E+00,  9.9800000000000000E-01,  9.6874392832248324E-01,  6.6882559999999994E-02,  5.1526299999999996E-04,0
370,  5.0000000000000003E-02,35,  1.0000000000000000E+00,  8.1250000000000000E-01,5,  3.5244071590709741E-01,51,3,500,499,1,  9.3938252091612251E-01,  1.0000000000000000E+00,  9.9800000000000000E-01,  9.6874392832248324E-01,  6.6243640000000006E-02,  4.9158399999999999E-04,0
371,  5.0000000000000003E-02,35,  1.0000000000000000E+00,  1.0000000000000000E+00,1,  3.5244071590709741E-01,51,2,499,499,0,  9.7005114324383612E-01,  9.9800000000000000E-01,  9.9800000000000000E-01,  9.8382711677061552E-01,  6.8002842999999993E-02,  4.9420699999999998E-04,0
372,  5.0000000000000003E-02,35,  1.0000000000000000E+00,  1.0000000000000000E+00,2,  3.5244071590709741E-01,51,3,500,499,1,  9.3938252091612251E-01,  1.0000000000000000E+00,  9.9800000000000000E-01,  9.6874392832248324E-01,  6.6182932999999999E-02,  6.0724800000000001E-04,0
373,  5.0000000000000003E-02,35,  1.0000000000000000E+00,  1.0000000000000000E+00,3,  3.5244071590709741E-01,51,3,500,499,1,  9.3938252091612251E-01,  1.0000000000000000E+00,  9.9800000000000000E-01,  9.6874392832248324E-01,  6.7604341999999998E-02,  5.4322200000000000E-04,0
374,  5.0000000000000003E-02,35,  1.0000000000000000E+00,  1.0000000000000000E+00,4,  3.5244071590709741E-01,51,3,500,499,1,  9.3938252091612251E-01,  1.0000000000000000E+00,  9.9800000000000000E-01,  9.6874392832248324E-01,  6.6239539000000000E-02,  4.7998499999999999E-04,0
375,  5.0000000000000003E-02,35,  1.0000000000000000E+00,  1.0000000000000000E+00,5,  3.5244071590709741E-01,51,3,500,499,1,  9.3938252091612251E-01,  1.0000000000000000E+00,  9.9800000000000000E-01,  9.6874392832248324E-01,  6.5344058999999996E-02,  5.0019400000000003E-04,0
376,  5.0000000000000003E-02,45,  2.5000000000000000E-01,  2.5000000000000000E-01,1,  3.5244071590709741E-01,44,17,392,392,0,  4.2239556099224462E-01,  7.8400000000000003E-01,  7.8400000000000003E-01,  5.4900420811486828E-01,  3.8075413000000002E-02,  4.7740899999999998E-04,0
377,  5.0000000000000003E-02,45,  2.5000000000000000E-01,  2.5000000000000000E-01,2,  3.5244071590709741E-01,44,18,393,392,1,  4.0232255818717272E-01,  7.8600000000000003E-01,  7.8400000000000003E-01,  5.3222170791326351E-01,  3.7057809999999997E-02,  4.2859600000000000E-04,0
378,  5.0000000000000003E-02,45,  2.5000000000000000E-01,  2.5000000000000000E-01,3,  3.5244071590709741E-01,44,18,393,392,1,  4.0232255818717272E-01,  7.8600000000000003E-01,  7.8400000000000003E-01,  5.3222170791326351E-01,  3.7698014000000002E-02,  4.2485599999999999E-04,0
379,  5.0000000000000003E-02,45,  2.5000000000000000E-01,  2.5000000000000000E-01,4,  3.5244071590709741E-01,44,20,399,392,7,  3.5248781016191832E-01,  7.9800000000000004E-01,  7.8400000000000003E-01,  4.8898435954679609E-01,  3.7848176999999997E-02,  5.0851599999999998E-04,0
380,  5.0000000000000003E-02,45,  2.5000000000000000E-01,  2.5000000000000000E-01,5,  3.5244071590709741E-01,44,22,407,392,15,  3.1593729470450610E-01,  8.1399999999999995E-01,  7.8400000000000003E-01,  4.5519863641056674E-01,  3.7750911999999998E-02,  4.2100699999999999E-04,0
381,  5.0000000000000003E-02,45,  2.5000000000000000E-01,  4.3750000000000000E-01,1,  3.5244071590709741E-01,44,17,392,392,0,  4.2239556099224462E-01,  7.8400000000000003E-01,  7.8400000000000003E-01,  5.4900420811486828E-01,  3.8177124000000000E-02,  4.1962100000000001E-04,0
382,  5.0000000000000003E-02,45,  2.5000000000000000E-01,  4.3750000000000000E-01,2,  3.5244071590709741E-01,44,18,393,392,1,  4.0232255818717272E-01,  7.8600000000000003E-01,  7.8400000000000003E-01,  5.3222170791326351E-01,  3.7649832000000001E-02,  6.2615700000000002E-04,0
383,  5.0000000000000003E-02,45,  2.5000000000000000E-01,  4.3750000000000000E-01,3,  3.5244071590709741E-01,44,18,393,392,1,  4.0232255818717272E-01,  7.8600000000000003E-01,  7.8400000000000003E-01,  5.3222170791326351E-01,  3.8911003000000000E-02,  4.1382000000000002E-04,0
384,  5.0000000000000003E-02,45,  2.5000000000000000E-01,  4.3750000000000000E-01,4,  3.5244071590709741E-01,44,20,399,392,7,  3.5248781016191832E-01,  7.9800000000000004E-01,  7.8400000000000003E-01,  4.8898435954679609E-01,  3.6978753000000003E-02,  4.6207699999999997E-04,0
385,  5.0000000000000003E-02,45,  2.5000000000000000E-01,  4.3750000000000000E-01,5,  3.5244071590709741E-01,44,22,407,392,15,  3.1593729470450610E-01,  8.1399999999999995E-01,  7.8400000000000003E-01,  4.5519863641056674E-01,  3.8246670000000003E-02,  5.2907900000000001E-04,0
386,  5.0000000000000003E-02,45,  2.5000000000000000E-01,  6.2500000000000000E-01,1,  3.5244071590709741E-01,44,17,392,392,0,  4.2239556099224462E-01,  7.8400000000000003E-01,  7.8400000000000003E-01,  5.4900420811486828E-01,  3.7556767999999997E-02,  4.0728500000000001E-04,0
387,  5.0000000000000003E-02,45,  2.5000000000000000E-01,  6.2500000000000000E-01,2,  3.5244071590709741E-01,44,18,393,392,1,  4.0232255818717272E-01,  7.8600000000000003E-01,  7.8400000000000003E-01,  5.3222170791326351E-01,  3.7611773000000001E-02,  5.4591899999999996E-04,0
388,  5.0000000000000003E-02,45,  2.5000000000000000E-01,  6.2500000000000000E-01,3,  3.5244071590709741E-01,44,18,393,392,1,  4.0232255818717272E-01,  7.8600000000000003E-01,  7.8400000000000003E-01,  5.3222170791326351E-01,  3.7042445000000000E-02,  4.3829999999999997E-04,0
389,  5.0000000000000003E-02,45,  2.5000000000000000E-01,  6.2500000000000000E-01,4,  3.5244071590709741E-01,44,20,399,392,7,  3.5248781016191832E-01,  7.9800000000000004E-01,  7.8400000000000003E-01,  4.8898435954679609E-01,  4.0433966000000002E-02,  4.4142200000000002E-04,0
390,  5.0000000000000003E-02,45,  2.5000000000000000E-01,  6.2500000000000000E-01,5,  3.5244071590709741E-01,44,22,407,392,15,  3.1593729470450610E-01,  8.1399999999999995E-01,  7.8400000000000003E-01,  4.5519863641056674E-01,  4.2524416000000002E-02,  4.7105100000000000E-04,0
391,  5.0000000000000003E-02,45,  2.5000000000000000E-01,  8.1250000000000000E-01,1,  3.5244071590709741E-01,44,17,392,392,0,  4.2239556099224462E-01,  7.8400000000000003E-01,  7.8400000000000003E-01,  5.4900420811486828E-01,  3.8407126000000000E-02,  4.2116499999999998E-04,0
392,  5.0000000000000003E-02,45,  2.5000000000000000E-01,  8.1250000000000000E-01,2,  3.5244071590709741E-01,44,18,393,392,1,  4.0232255818717272E-01,  7.8600000000000003E-01,  7.8400000000000003E-01,  5.3222170791326351E-01,  3.8361996000000002E-02,  4.1178900000000002E-04,0
393,  5.0000000000000003E-02,45,  2.5000000000000000E-01,  8.1250000000000000E-01,3,  3.5244071590709741E-01,44,18,393,392,1,  4.0232255818717272E-01,  7.8600000000000003E-01,  7.8400000000000003E-01,  5.3222170791326351E-01,  3.6491034999999998E-02,  6.6209600000000004E-04,0
394,  5.0000000000000003E-02,45,  2.5000000000000000E-01,  8.1250000000000000E-01,4,  3.5244071590709741E-01,44,20,399,392,7,  3.5248781016191832E-01,  7.9800000000000004E-01,  7.8400000000000003E-01,  4.8898435954679609E-01,  3.7447438999999999E-02,  4.3320700000000001E-04,0
395,  5.0000000000000003E-02,45,  2.5000000000000000E-01,  8.1250000000000000E-01,5,  3.5244071590709741E-01,44,22,407,392,15,  3.1593729470450610E-01,  8.1399999999999995E-01,  7.8400000000000003E-01,  4.5519863641056674E-01,  3.8747978000000002E-02,  5.4154099999999998E-04,0
396,  5.0000000000000003E-02,45,  2.5000000000000000E-01,  1.0000000000000000E+00,1,  3.5244071590709741E-01,44,17,392,392,0,  4.2239556099224462E-01,  7.8400000000000003E-01,  7.8400000000000003E-01,  5.4900420811486828E-01,  3.7031722000000003E-02,  4.1736900000000001E-04,0
397,  5.0000000000000003E-02,45,  2.5000000000000000E-01,  1.0000000000000000E+00,2,  3.5244071590709741E-01,44,18,393,392,1,  4.0232255818717272E-01,  7.8600000000000003E-01,  7.8400000000000003E-01,  5.3222170791326351E-01,  3.9074939000000003E-02,  4.1069099999999997E-04,0
398,  5.0000000000000003E-02,45,  2.5000000000000000E-01,  1.0000000000000000E+00,3,  3.5244071590709741E-01,44,18,393,392,1,  4.0232255818717272E-01,  7.8600000000000003E-01,  7.8400000000000003E-01,  5.3222170791326351E-01,  3.6240748000000003E-02,  4.6397499999999999E-04,0
399,  5.0000000000000003E-02,45,  2.5000000000000000E-01,  1.0000000000000000E+00,4,  3.5244071590709741E-01,44,20,399,392,7,  3.5248781016191832E-01,  7.9800000000000004E-01,  7.8400000000000003E-01,  4.8898435954679609E-01,  4.2372554999999999E-02,  6.6418599999999999E-04,0
400,  5.0000000000000003E-02,45,  2.5000000000000000E-01,  1.0000000000000000E+00,5,  3.5244071590709741E-01,44,22,407,392,15,  3.1593729470450610E-01,  8.1399999999999995E-01,  7.8400000000000003E-01,  4.5519863641056674E-01,  5.1350541999999999E-02,  5.5775300000000002E-04,0
401,  5.0000000000000003E-02,45,  4.3750000000000000E-01,  2.5000000000000000E-01,1,  3.5244071590709741E-01,44,14,440,440,0,  5.6455552864973457E-01,  8.8000000000000000E-01,  8.8000000000000000E-01,  6.8783630031328358E-01,  4.3718798000000003E-02,  4.7696400000000002E-04,0
402,  5.0000000000000003E-02,45,  4.3750000000000000E-01,  2.5000000000000000E-01,2,  3.5244071590709741E-01,44,14,440,440,0,  5.6455552864973457E-01,  8.8000000000000000E-01,  8.8000000000000000E-01,  6.8783630031328358E-01,  4.1802350000000002E-02,  4.7930400000000000E-04,0
403,  5.0000000000000003E-02,45,  4.3750000000000000E-01,  2.5000000000000000E-01,3,  3.5244071590709741E-01,44,16,444,440,4,  5.0649994957759847E-01,  8.8800000000000001E-01,  8.8000000000000000E-01,  6.4506557402335618E-01,  4.1174053000000002E-02,  4.6788899999999998E-04,0
404,  5.0000000000000003E-02,45,  4.3750000000000000E-01,  2.5000000000000000E-01,4,  3.5244071590709741E-01,44,16,444,440,4,  5.0649994957759847E-01,  8.8800000000000001E-01,  8.8000000000000000E-01,  6.4506557402335618E-01,  4.1341066000000003E-02,  5.0314399999999997E-04,0
405,  5.0000000000000003E-02,45,  4.3750000000000000E-01,  2.5000000000000000E-01,5,  3.5244071590709741E-01,44,16,444,440,4,  5.0649994957759847E-01,  8.8800000000000001E-01,  8.8000000000000000E-01,  6.4506557402335618E-01,  4.1992517000000000E-02,  5.0475900000000002E-04,0
406,  5.0000000000000003E-02,45,  4.3750000000000000E-01,  4.3750000000000000E-01,1,  3.5244071590709741E-01,44,14,440,440,0,  5.6455552864973457E-01,  8.8000000000000000E-01,  8.8000000000000000E-01,  6.8783630031328358E-01,  4.2832017999999999E-02,  4.4387300000000001E-04,0
407,  5.0000000000000003E-02,45,  4.3750000000000000E-01,  4.3750000000000000E-01,2,  3.5244071590709741E-01,44,14,440,440,0,  5.6455552864973457E-01,  8.8000000000000000E-01,  8.8000000000000000E-01,  6.8783630031328358E-01,  4.0760322000000002E-02,  4.5271599999999998E-04,0
408,  5.0000000000000003E-02,45,  4.3750000000000000E-01,  4.3750000000000000E-01,3,  3.5244071590709741E-01,44,16,444,440,4,  5.0649994957759847E-01,  8.8800000000000001E-01,  8.8000000000000000E-01,  6.4506557402335618E-01,  4.3080675999999998E-02,  4.6124000000000002E-04,0
409,  5.0000000000000003E-02,45,  4.3750000000000000E-01,  4.3750000000000000E-01,4,  3.5244071590709741E-01,44,16,444,440,4,  5.0649994957759847E-01,  8.8800000000000001E-01,  8.8000000000000000E-01,  6.4506557402335618E-01,  4.2771586000000000E-02,  4.5154400000000001E-04,0
410,  5.0000000000000003E-02,45,  4.3750000000000000E-01,  4.3750000000000000E-01,5,  3.5244071590709741E-01,44,16,444,440,4,  5.0649994957759847E-01,  8.8800000000000001E-01,  8.8000000000000000E-01,  6.4506557402335618E-01,  4.2059343999999999E-02,  4.5773199999999997E-04,0
411,  5.0000000000000003E-02,45,  4.3750000000000000E-01,  6.2500000000000000E-01,1,  3.5244071590709741E-01,44,14,440,440,0,  5.6455552864973457E-01,  8.8000000000000000E-01,  8.8000000000000000E-01,  6.8783630031328358E-01,  4.2923681999999998E-02,  4.6432899999999998E-04,0
412,  5.0000000000000003E-02,45,  4.3750000000000000E-01,  6.2500000000000000E-01,2,  3.5244071590709741E-01,44,14,440,440,0,  5.6455552864973457E-01,  8.8000000000000000E-01,  8.8000000000000000E-01,  6.8783630031328358E-01,  4.1969648999999998E-02,  4.6391000000000000E-04,0
413,  5.0000000000000003E-02,45,  4.3750000000000000E-01,  6.2500000000000000E-01,3,  3.5244071590709741E-01,44,16,444,440,4,  5.0649994957759847E-01,  8.8800000000000001E-01,  8.8000000000000000E-01,  6.4506557402335618E-01,  4.1992204999999998E-02,  4.6249000000000003E-04,0
414,  5.0000000000000003E-02,45,  4.3750000000000000E-01,  6.2500000000000000E-01,4,  3.5244071590709741E-01,44,16,444,440,4,  5.0649994957759847E-01,  8.8800000000000001E-01,  8.8000000000000000E-01,  6.4506557402335618E-01,  4.5570710000000000E-02,  5.7762700000000004E-04,0
415,  5.0000000000000003E-02,45,  4.3750000000000000E-01,  6.2500000000000000E-01,5,  3.5244071590709741E-01,44,16,444,440,4,  5.0649994957759847E-01,  8.8800000000000001E-01,  8.8000000000000000E-01,  6.4506557402335618E-01,  4.2876180999999999E-02,  4.7567699999999998E-04,0
416,  5.0000000000000003E-02,45,  4.3750000000000000E-01,  8.1250000000000000E-01,1,  3.5244071590709741E-01,44,14,440,440,0,  5.6455552864973457E-01,  8.8000000000000000E-01,  8.8000000000000000E-01,  6.8783630031328358E-01,  4.2445923000000003E-02,  4.7845299999999999E-04,0
417,  5.0000000000000003E-02,45,  4.3750000000000000E-01,  8.1250000000000000E-01,2,  3.5244071590709741E-01,44,14,440,440,0,  5.6455552864973457E-01,  8.8000000000000000E-01,  8.8000000000000000E-01,  6.8783630031328358E-01,  4.0669647000000003E-02,  4.7293999999999998E-04,0
418,  5.0000000000000003E-02,45,  4.3750000000000000E-01,  8.1250000000000000E-01,3,  3.5244071590709741E-01,44,16,444,440,4,  5.0649994957759847E-01,  8.8800000000000001E-01,  8.8000000000000000E-01,  6.4506557402335618E-01,  4.1759628000000000E-02,  4.6760699999999998E-04,0
419,  5.0000000000000003E-02,45,  4.3750000000000000E-01,  8.1250000000000000E-01,4,  3.5244071590709741E-01,44,16,444,440,4,  5.0649994957759847E-01,  8.8800000000000001E-01,  8.8000000000000000E-01,  6.4506557402335618E-01,  5.0008472999999998E-02,  4.8635699999999998E-04,0
420,  5.0000000000000003E-02,45,  4.3750000000000000E-01,  8.1250000000000000E-01,5,  3.5244071590709741E-01,44,16,444,440,4,  5.0649994957759847E-01,  8.8800000000000001E-01,  8.8000000000000000E-01,  6.4506557402335618E-01,  4.7827669000000003E-02,  4.8662000000000000E-04,0
421,  5.0000000000000003E-02,45,  4.3750000000000000E-01,  1.0000000000000000E+00,1,  3.5244071590709741E-01,44,14,440,440,0,  5.6455552864973457E-01,  8.8000000000000000E-01,  8.8000000000000000E-01,  6.8783630031328358E-01,  5.1079129000000001E-02,  4.8545899999999999E-04,0
422,  5.0000000000000003E-02,45,  4.3750000000000000E-01,  1.0000000000000000E+00,2,  3.5244071590709741E-01,44,14,440,440,0,  5.6455552864973457E-01,  8.8000000000000000E-01,  8.8000000000000000E-01,  6.8783630031328358E-01,  4.9081187999999998E-02,  5.4756599999999998E-04,0
423,  5.0000000000000003E-02,45,  4.3750000000000000E-01,  1.0000000000000000E+00,3,  3.5244071590709741E-01,44,16,444,440,4,  5.0649994957759847E-01,  8.8800000000000001E-01,  8.8000000000000000E-01,  6.4506557402335618E-01,  5.2411616000000001E-02,  5.7211800000000004E-04,0
424,  5.0000000000000003E-02,45,  4.3750000000000000E-01,  1.0000000000000000E+00,4,  3.5244071590709741E-01,44,16,444,440,4,  5.0649994957759847E-01,  8.8800000000000001E-01,  8.8000000000000000E-01,  6.4506557402335618E-01,  5.0132392999999997E-02,  5.4944499999999997E-04,0
425,  5.0000000000000003E-02,45,  4.3750000000000000E-01,  1.0000000000000000E+00,5,  3.5244071590709741E-01,44,16,444,440,4,  5.0649994957759847E-01,  8.8800000000000001E-01,  8.8000000000000000E-01,  6.4506557402335618E-01,  5.1361333000000002E-02,  5.6545200000000003E-04,0
426,  5.0000000000000003E-02,45,  6.2500000000000000E-01,  2.5000000000000000E-01,1,  3.5244071590709741E-01,44,6,491,491,0,  7.9982183755452341E-01,  9.8199999999999998E-01,  9.8199999999999998E-01,  8.8159773095665428E-01,  6.2171378999999999E-02,  5.0255700000000005E-04,0
427,  5.0000000000000003E-02,45,  6.2500000000000000E-01,  2.5000000000000000E-01,2,  3.5244071590709741E-01,44,6,491,491,0,  7.9982183755452341E-01,  9.8199999999999998E-01,  9.8199999999999998E-01,  8.8159773095665428E-01,  5.3409085000000002E-02,  5.2632500000000001E-04,0
428,  5.0000000000000003E-02,45,  6.2500000000000000E-01,  2.5000000000000000E-01,3,  3.5244071590709741E-01,44,9,497,491,6,  6.9470621095996121E-01,  9.9399999999999999E-01,  9.8199999999999998E-01,  8.1783079758042521E-01,  5.1950600999999999E-02,  5.4525400000000001E-04,0
429,  5.0000000000000003E-02,45,  6.2500000000000000E-01,  2.5000000000000000E-01,4,  3.5244071590709741E-01,44,11,503,491,12,  6.5386904633070886E-01,  1.0060000000000000E+00,  9.8199999999999998E-01,  7.9258332103102058E-01,  5.3850648000000001E-02,  6.2532699999999996E-04,0
430,  5.0000000000000003E-02,45,  6.2500000000000000E-01,  2.5000000000000000E-01,5,  3.5244071590709741E-01,44,11,503,491,12,  6.5386904633070886E-01,  1.0060000000000000E+00,  9.8199999999999998E-01,  7.9258332103102058E-01,  5.7258955000000000E-02,  5.7138899999999995E-04,0
431,  5.0000000000000003E-02,45,  6.2500000000000000E-01,  4.3750000000000000E-01,1,  3.5244071590709741E-01,44,6,491,491,0,  7.9982183755452341E-01,  9.8199999999999998E-01,  9.8199999999999998E-01,  8.8159773095665428E-01,  5.7576961000000003E-02,  6.2416499999999998E-04,0
432,  5.0000000000000003E-02,45,  6.2500000000000000E-01,  4.3750000000000000E-01,2,  3.5244071590709741E-01,44,6,491,491,0,  7.9982183755452341E-01,  9.8199999999999998E-01,  9.8199999999999998E-01,  8.8159773095665428E-01,  6.1830313999999997E-02,  5.0012699999999995E-04,0
433,  5.0000000000000003E-02,45,  6.2500000000000000E-01,  4.3750000000000000E-01,3,  3.5244071590709741E-01,44,9,497,491,6,  6.9470621095996121E-01,  9.9399999999999999E-01,  9.8199999999999998E-01,  8.1783079758042521E-01,  5.2987218000000003E-02,  5.5334899999999996E-04,0
434,  5.0000000000000003E-02,45,  6.2500000000000000E-01,  4.3750000000000000E-01,4,  3.5244071590709741E-01,44,11,503,491,12,  6.5386904633070886E-01,  1.0060000000000000E+00,  9.8199999999999998E-01,  7.9258332103102058E-01,  5.7193018999999998E-02,  5.3499500000000002E-04,0
435,  5.0000000000000003E-02,45,  6.2500000000000000E-01,  4.3750000000000000E-01,5,  3.5244071590709741E-01,44,11,503,491,12,  6.5386904633070886E-01,  1.0060000000000000E+00,  9.8199999999999998E-01,  7.9258332103102058E-01,  8.2738457000000001E-02,  1.2393030000000000E-03,0
436,  5.0000000000000003E-02,45,  6.2500000000000000E-01,  6.2500000000000000E-01,1,  3.5244071590709741E-01,44,6,491,491,0,  7.9982183755452341E-01,  9.8199999999999998E-01,  9.8199999999999998E-01,  8.8159773095665428E-01,  6.1050887999999998E-02,  5.4935699999999999E-04,0
437,  5.0000000000000003E-02,45,  6.2500000000000000E-01,  6.2500000000000000E-01,2,  3.5244071590709741E-01,44,6,491,491,0,  7.9982183755452341E-01,  9.8199999999999998E-01,  9.8199999999999998E-01,  8.8159773095665428E-01,  5.1941929999999997E-02,  5.3059699999999995E-04,0
438,  5.0000000000000003E-02,45,  6.2500000000000000E-01,  6.2500000000000000E-01,3,  3.5244071590709741E-01,44,9,497,491,6,  6.9470621095996121E-01,  9.9399999999999999E-01,  9.8199999999999998E-01,  8.1783079758042521E-01,  6.0239564000000002E-02,  5.9210700000000003E-04,0
439,  5.0000000000000003E-02,45,  6.2500000000000000E-01,  6.2500000000000000E-01,4,  3.5244071590709741E-01,44,11,503,491,12,  6.5386904633070886E-01,  1.0060000000000000E+00,  9.8199999999999998E-01,  7.9258332103102058E-01,  5.7507356000000003E-02,  5.1282200000000002E-04,0
440,  5.0000000000000003E-02,45,  6.2500000000000000E-01,  6.2500000000000000E-01,5,  3.5244071590709741E-01,44,11,503,491,12,  6.5386904633070886E-01,  1.0060000000000000E+00,  9.8199999999999998E-01,  7.9258332103102058E-01,  5.8711027999999998E-02,  5.2924400000000000E-04,0
441,  5.0000000000000003E-02,45,  6.2500000000000000E-01,  8.1250000000000000E-01,1,  3.5244071590709741E-01,44,6,491,491,0,  7.9982183755452341E-01,  9.8199999999999998E-01,  9.8199999999999998E-01,  8.8159773095665428E-01,  5.6419672999999997E-02,  5.3067000000000001E-04,0
442,  5.0000000000000003E-02,45,  6.2500000000000000E-01,  8.1250000000000000E-01,2,  3.5244071590709741E-01,44,6,491,491,0,  7.9982183755452341E-01,  9.8199999999999998E-01,  9.8199999999999998E-01,  8.8159773095665428E-01,  5.4287367000000003E-02,  5.0829900000000003E-04,0
443,  5.0000000000000003E-02,45,  6.2500000000000000E-01,  8.1250000000000000E-01,3,  3.5244071590709741E-01,44,9,497,491,6,  6.9470621095996121E-01,  9.9399999999999999E-01,  9.8199999999999998E-01,  8.1783079758042521E-01,  5.3081351999999998E-02,  5.1654299999999995E-04,0
444,  5.0000000000000003E-02,45,  6.2500000000000000E-01,  8.1250000000000000E-01,4,  3.5244071590709741E-01,44,11,503,491,12,  6.5386904633070886E-01,  1.0060000000000000E+00,  9.8199999999999998E-01,  7.9258332103102058E-01,  5.4150271000000000E-02,  5.2857900000000005E-04,0
445,  5.0000000000000003E-02,45,  6.2500000000000000E-01,  8.1250000000000000E-01,5,  3.5244071590709741E-01,44,11,503,491,12,  6.5386904633070886E-01,  1.0060000000000000E+00,  9.8199999999999998E-01,  7.9258332103102058E-01,  5.3269557000000002E-02,  5.1278100000000002E-04,0
446,  5.0000000000000003E-02,45,  6.2500000000000000E-01,  1.0000000000000000E+00,1,  3.5244071590709741E-01,44,6,491,491,0,  7.9982183755452341E-01,  9.8199999999999998E-01,  9.8199999999999998E-01,  8.8159773095665428E-01,  5.0829661999999998E-02,  5.1055000000000002E-04,0
447,  5.0000000000000003E-02,45,  6.2500000000000000E-01,  1.0000000000000000E+00,2,  3.5244071590709741E-01,44,6,491,491,0,  7.9982183755452341E-01,  9.8199999999999998E-01,  9.8199999999999998E-01,  8.8159773095665428E-01,  5.3426242999999998E-02,  5.4726799999999995E-04,0
448,  5.0000000000000003E-02,45,  6.2500000000000000E-01,  1.0000000000000000E+00,3,  3.5244071590709741E-01,44,9,497,491,6,  6.9470621095996121E-01,  9.9399999999999999E-01,  9.8199999999999998E-01,  8.1783079758042521E-01,  5.3457982000000001E-02,  6.1204800000000002E-04,0
449,  5.0000000000000003E-02,45,  6.2500000000000000E-01,  1.0000000000000000E+00,4,  3.5244071590709741E-01,44,11,503,491,12,  6.5386904633070886E-01,  1.0060000000000000E+00,  9.8199999999999998E-01,  7.9258332103102058E-01,  5.9591154000000000E-02,  5.1525099999999999E-04,0
450,  5.0000000000000003E-02,45,  6.2500000000000000E-01,  1.0000000000000000E+00,5,  3.5244071590709741E-01,44,11,503,491,12,  6.5386904633070886E-01,  1.0060000000000000E+00,  9.8199999999999998E-01,  7.9258332103102058E-01,  4.9844258000000002E-02,  5.1672299999999997E-04,0
451,  5.0000000000000003E-02,45,  8.1250000000000000E-01,  2.5000000000000000E-01,1,  3.5244071590709741E-01,44,5,493,493,0,  8.7180218004491161E-01,  9.8599999999999999E-01,  9.8599999999999999E-01,  9.2539125936810185E-01,  5.3733544000000001E-02,  5.0958199999999996E-04,0
452,  5.0000000000000003E-02,45,  8.1250000000000000E-01,  2.5000000000000000E-01,2,  3.5244071590709741E-01,44,5,493,493,0,  8.7180218004491161E-01,  9.8599999999999999E-01,  9.8599999999999999E-01,  9.2539125936810185E-01,  5.0015362000000001E-02,  5.3526099999999998E-04,0
453,  5.0000000000000003E-02,45,  8.1250000000000000E-01,  2.5000000000000000E-01,3,  3.5244071590709741E-01,44,7,497,493,4,  7.7526474417561619E-01,  9.9399999999999999E-01,  9.8599999999999999E-01,  8.7111118700285584E-01,  4.7880921999999999E-02,  4.9243799999999999E-04,0
454,  5.0000000000000003E-02,45,  8.1250000000000000E-01,  2.5000000000000000E-01,4,  3.5244071590709741E-01,44,7,497,493,4,  7.7526474417561619E-01,  9.9399999999999999E-01,  9.8599999999999999E-01,  8.7111118700285584E-01,  4.7885948999999997E-02,  4.9489100000000002E-04,0
455,  5.0000000000000003E-02,45,  8.1250000000000000E-01,  2.5000000000000000E-01,5,  3.5244071590709741E-01,44,7,497,493,4,  7.7526474417561619E-01,  9.9399999999999999E-01,  9.8599999999999999E-01,  8.7111118700285584E-01,  5.1030542999999998E-02,  5.1489899999999998E-04,0
456,  5.0000000000000003E-02,45,  8.1250000000000000E-01,  4.3750000000000000E-01,1,  3.5244071590709741E-01,44,4,496,496,0,  8.9325760151608780E-01,  9.9199999999999999E-01,  9.9199999999999999E-01,  9.4004293099400871E-01,  5.3267520999999998E-02,  5.0004699999999999E-04,0
457,  5.0000000000000003E-02,45,  8.1250000000000000E-01,  4.3750000000000000E-01,2,  3.5244071590709741E-01,44,4,496,496,0,  8.9325760151608780E-01,  9.9199999999999999E-01,  9.9199999999999999E-01,  9.4004293099400871E-01,  5.1941492999999998E-02,  5.4255199999999996E-04,0
458,  5.0000000000000003E-02,45,  8.1250000000000000E-01,  4.3750000000000000E-01,3,  3.5244071590709741E-01,44,6,500,496,4,  7.9258517788225236E-01,  1.0000000000000000E+00,  9.9199999999999999E-01,  8.8429290575592834E-01,  5.3140537000000002E-02,  5.3131200000000004E-04,0
459,  5.0000000000000003E-02,45,  8.1250000000000000E-01,  4.3750000000000000E-01,4,  3.5244071590709741E-01,44,6,500,496,4,  7.9258517788225236E-01,  1.0000000000000000E+00,  9.9199999999999999E-01,  8.8429290575592834E-01,  4.9637874999999998E-02,  5.2167900000000004E-04,0
460,  5.0000000000000003E-02,45,  8.1250000000000000E-01,  4.3750000000000000E-01,5,  3.5244071590709741E-01,44,6,500,496,4,  7.9258517788225236E-01,  1.0000000000000000E+00,  9.9199999999999999E-01,  8.8429290575592834E-01,  4.9792490000000002E-02,  4.9191600000000001E-04,0
461,  5.0000000000000003E-02,45,  8.1250000000000000E-01,  6.2500000000000000E-01,1,  3.5244071590709741E-01,44,4,496,496,0,  8.9325760151608780E-01,  9.9199999999999999E-01,  9.9199999999999999E-01,  9.4004293099400871E-01,  4.9926390000000001E-02,  4.8575499999999999E-04,0
462,  5.0000000000000003E-02,45,  8.1250000000000000E-01,  6.2500000000000000E-01,2,  3.5244071590709741E-01,44,4,496,496,0,  8.9325760151608780E-01,  9.9199999999999999E-01,  9.9199999999999999E-01,  9.4004293099400871E-01,  5.1147239999999997E-02,  5.6942699999999995E-04,0
463,  5.0000000000000003E-02,45,  8.1250000000000000E-01,  6.2500000000000000E-01,3,  3.5244071590709741E-01,44,6,500,496,4,  7.9258517788225236E-01,  1.0000000000000000E+00,  9.9199999999999999E-01,  8.8429290575592834E-01,  5.2263043000000002E-02,  4.8919199999999995E-04,0
464,  5.0000000000000003E-02,45,  8.1250000000000000E-01,  6.2500000000000000E-01,4,  3.5244071590709741E-01,44,6,500,496,4,  7.9258517788225236E-01,  1.0000000000000000E+00,  9.9199999999999999E-01,  8.8429290575592834E-01,  4.8648453000000001E-02,  4.8954800000000002E-04,0
465,  5.0000000000000003E-02,45,  8.1250000000000000E-01,  6.2500000000000000E-01,5,  3.5244071590709741E-01,44,6,500,496,4,  7.9258517788225236E-01,  1.0000000000000000E+00,  9.9199999999999999E-01,  8.8429290575592834E-01,  5.1947188999999998E-02,  5.0233099999999996E-04,0
466,  5.0000000000000003E-02,45,  8.1250000000000000E-01,  8.1250000000000000E-01,1,  3.5244071590709741E-01,44,4,496,496,0,  8.9325760151608780E-01,  9.9199999999999999E-01,  9.9199999999999999E-01,  9.4004293099400871E-01,  4.9983231000000003E-02,  4.8357199999999998E-04,0
467,  5.0000000000000003E-02,45,  8.1250000000000000E-01,  8.1250000000000000E-01,2,  3.5244071590709741E-01,44,4,496,496,0,  8.9325760151608780E-01,  9.9199999999999999E-01,  9.9199999999999999E-01,  9.4004293099400871E-01,  4.9991459000000002E-02,  5.1871899999999995E-04,0
468,  5.0000000000000003E-02,45,  8.1250000000000000E-01,  8.1250000000000000E-01,3,  3.5244071590709741E-01,44,6,500,496,4,  7.9258517788225236E-01,  1.0000000000000000E+00,  9.9199999999999999E-01,  8.8429290575592834E-01,  5.1231024000000000E-02,  5.0204700000000004E-04,0
469,  5.0000000000000003E-02,45,  8.1250000000000000E-01,  8.1250000000000000E-01,4,  3.5244071590709741E-01,44,6,500,496,4,  7.9258517788225236E-01,  1.0000000000000000E+00,  9.9199999999999999E-01,  8.8429290575592834E-01,  5.2694204000000001E-02,  4.9210300000000003E-04,0
470,  5.0000000000000003E-02,45,  8.1250000000000000E-01,  8.1250000000000000E-01,5,  3.5244071590709741E-01,44,6,500,496,4,  7.9258517788225236E-01,  1.0000000000000000E+00,  9.9199999999999999E-01,  8.8429290575592834E-01,  5.1929431999999998E-02,  5.4155499999999999E-04,0
471,  5.0000000000000003E-02,45,  8.1250000000000000E-01,  1.0000000000000000E+00,1,  3.5244071590709741E-01,44,4,496,496,0,  8.9325760151608780E-01,  9.9199999999999999E-01,  9.9199999999999999E-01,  9.4004293099400871E-01,  4.9929254999999999E-02,  5.1466100000000002E-04,0
472,  5.0000000000000003E-02,45,  8.1250000000000000E-01,  1.0000000000000000E+00,2,  3.5244071590709741E-01,44,4,496,496,0,  8.9325760151608780E-01,  9.9199999999999999E-01,  9.9199999999999999E-01,  9.4004293099400871E-01,  5.0388925000000001E-02,  5.4250800000000003E-04,0
473,  5.0000000000000003E-02,45,  8.1250000000000000E-01,  1.0000000000000000E+00,3,  3.5244071590709741E-01,44,6,500,496,4,  7.9258517788225236E-01,  1.0000000000000000E+00,  9.9199999999999999E-01,  8.8429290575592834E-01,  5.1023150000000003E-02,  4.8866600000000001E-04,0
474,  5.0000000000000003E-02,45,  8.1250000000000000E-01,  1.0000000000000000E+00,4,  3.5244071590709741E-01,44,6,500,496,4,  7.9258517788225236E-01,  1.0000000000000000E+00,  9.9199999999999999E-01,  8.8429290575592834E-01,  5.1445389000000001E-02,  6.0021599999999999E-04,0
475,  5.0000000000000003E-02,45,  8.1250000000000000E-01,  1.0000000000000000E+00,5,  3.5244071590709741E-01,44,6,500,496,4,  7.9258517788225236E-01,  1.0000000000000000E+00,  9.9199999999999999E-01,  8.8429290575592834E-01,  5.0830651999999997E-02,  4.9486500000000004E-04,0
476,  5.0000000000000003E-02,45,  1.0000000000000000E+00,  2.5000000000000000E-01,1,  3.5244071590709741E-01,44,3,495,495,0,  9.5733016583816855E-01,  9.8999999999999999E-01,  9.8999999999999999E-01,  9.7339103641097657E-01,  5.3306589000000001E-02,  4.9893200000000000E-04,0
477,  5.0000000000000003E-02,45,  1.0000000000000000E+00,  2.5000000000000000E-01,2,  3.5244071590709741E-01,44,3,495,495,0,  9.5733016583816855E-01,  9.8999999999999999E-01,  9.8999999999999999E-01,  9.7339103641097657E-01,  5.1597247999999998E-02,  7.3914200000000003E-04,0
478,  5.0000000000000003E-02,45,  1.0000000000000000E+00,  2.5000000000000000E-01,3,  3.5244071590709741E-01,44,3,495,495,0,  9.5733016583816855E-01,  9.8999999999999999E-01,  9.8999999999999999E-01,  9.7339103641097657E-01,  5.3030014000000000E-02,  5.4757400000000000E-04,0
479,  5.0000000000000003E-02,45,  1.0000000000000000E+00,  2.5000000000000000E-01,4,  3.5244071590709741E-01,44,4,498,495,3,  9.2839342726191976E-01,  9.9600000000000000E-01,  9.8999999999999999E-01,  9.6100915795428810E-01,  5.3867966000000003E-02,  5.2995099999999997E-04,0
480,  5.0000000000000003E-02,45,  1.0000000000000000E+00,  2.5000000000000000E-01,5,  3.5244071590709741E-01,44,5,502,495,7,  8.7786757255789638E-01,  1.0040000000000000E+00,  9.8999999999999999E-01,  9.3670676481249793E-01,  5.3870675999999999E-02,  4.9587700000000004E-04,0
481,  5.0000000000000003E-02,45,  1.0000000000000000E+00,  4.3750000000000000E-01,1,  3.5244071590709741E-01,44,2,499,499,0,  9.8006126858250542E-01,  9.9800000000000000E-01,  9.9800000000000000E-01,  9.8894929250220398E-01,  5.5811820999999998E-02,  6.6029100000000002E-04,0
482,  5.0000000000000003E-02,45,  1.0000000000000000E+00,  4.3750000000000000E-01,2,  3.5244071590709741E-01,44,2,499,499,0,  9.8006126858250542E-01,  9.9800000000000000E-01,  9.9800000000000000E-01,  9.8894929250220398E-01,  5.6583869000000002E-02,  1.0121920000000001E-03,0
483,  5.0000000000000003E-02,45,  1.0000000000000000E+00,  4.3750000000000000E-01,3,  3.5244071590709741E-01,44,2,499,499,0,  9.8006126858250542E-01,  9.9800000000000000E-01,  9.9800000000000000E-01,  9.8894929250220398E-01,  5.5691330999999997E-02,  4.9059500000000003E-04,0
484,  5.0000000000000003E-02,45,  1.0000000000000000E+00,  4.3750000000000000E-01,4,  3.5244071590709741E-01,44,3,502,499,3,  9.4985922384816535E-01,  1.0040000000000000E+00,  9.9800000000000000E-01,  9.7617950065543402E-01,  5.3356681000000003E-02,  4.9910700000000004E-04,0
485,  5.0000000000000003E-02,45,  1.0000000000000000E+00,  4.3750000000000000E-01,5,  3.5244071590709741E-01,44,4,506,499,7,  8.9727593893751456E-01,  1.0120000000000000E+00,  9.9800000000000000E-01,  9.5119121514732774E-01,  5.5063758999999997E-02,  4.9402300000000001E-04,0
486,  5.0000000000000003E-02,45,  1.0000000000000000E+00,  6.2500000000000000E-01,1,  3.5244071590709741E-01,44,2,499,499,0,  9.8006126858250542E-01,  9.9800000000000000E-01,  9.9800000000000000E-01,  9.8894929250220398E-01,  5.4229450999999998E-02,  4.8357700000000001E-04,0
487,  5.0000000000000003E-02,45,  1.0000000000000000E+00,  6.2500000000000000E-01,2,  3.5244071590709741E-01,44,2,499,499,0,  9.8006126858250542E-01,  9.9800000000000000E-01,  9.9800000000000000E-01,  9.8894929250220398E-01,  5.5879381999999998E-02,  5.0594099999999999E-04,0
488,  5.0000000000000003E-02,45,  1.0000000000000000E+00,  6.2500000000000000E-01,3,  3.5244071590709741E-01,44,2,499,499,0,  9.8006126858250542E-01,  9.9800000000000000E-01,  9.9800000000000000E-01,  9.8894929250220398E-01,  5.5256854000000001E-02,  4.8262700000000001E-04,0
489,  5.0000000000000003E-02,45,  1.0000000000000000E+00,  6.2500000000000000E-01,4,  3.5244071590709741E-01,44,3,502,499,3,  9.4985922384816535E-01,  1.0040000000000000E+00,  9.9800000000000000E-01,  9.7617950065543402E-01,  5.6480759999999998E-02,  4.8915199999999997E-04,0
490,  5.0000000000000003E-02,45,  1.0000000000000000E+00,  6.2500000000000000E-01,5,  3.5244071590709741E-01,44,4,506,499,7,  8.9727593893751456E-01,  1.0120000000000000E+00,  9.9800000000000000E-01,  9.5119121514732774E-01,  5.3602334000000001E-02,  5.3251999999999998E-04,0
491,  5.0000000000000003E-02,45,  1.0000000000000000E+00,  8.1250000000000000E-01,1,  3.5244071590709741E-01,44,2,499,499,0,  9.8006126858250542E-01,  9.9800000000000000E-01,  9.9800000000000000E-01,  9.8894929250220398E-01,  5.5786547999999998E-02,  4.9977799999999998E-04,0
492,  5.0000000000000003E-02,45,  1.0000000000000000E+00,  8.1250000000000000E-01,2,  3.5244071590709741E-01,44,2,499,499,0,  9.8006126858250542E-01,  9.9800000000000000E-01,  9.9800000000000000E-01,  9.8894929250220398E-01,  5.3968545000000000E-02,  4.9538399999999997E-04,0
493,  5.0000000000000003E-02,45,  1.0000000000000000E+00,  8.1250000000000000E-01,3,  3.5244071590709741E-01,44,2,499,499,0,  9.8006126858250542E-01,  9.9800000000000000E-01,  9.9800000000000000E-01,  9.8894929250220398E-01,  5.5388248000000001E-02,  4.9768399999999997E-04,0
494,  5.0000000000000003E-02,45,  1.0000000000000000E+00,  8.1250000000000000E-01,4,  3.5244071590709741E-01,44,3,502,499,3,  9.4985922384816535E-01,  1.0040000000000000E+00,  9.9800000000000000E-01,  9.7617950065543402E-01,  5.4166731000000003E-02,  4.9145099999999995E-04,0
495,  5.0000000000000003E-02,45,  1.0000000000000000E+00,  8.1250000000000000E-01,5,  3.5244071590709741E-01,44,4,506,499,7,  8.9727593893751456E-01,  1.0120000000000000E+00,  9.9800000000000000E-01,  9.5119121514732774E-01,  5.4422008000000001E-02,  5.7723699999999998E-04,0
496,  5.0000000000000003E-02,45,  1.0000000000000000E+00,  1.0000000000000000E+00,1,  3.5244071590709741E-01,44,2,499,499,0,  9.8006126858250542E-01,  9.9800000000000000E-01,  9.9800000000000000E-01,  9.8894929250220398E-01,  5.3478662000000003E-02,  4.8986199999999998E-04,0
497,  5.0000000000000003E-02,45,  1.0000000000000000E+00,  1.0000000000000000E+00,2,  3.5244071590709741E-01,44,2,499,499,0,  9.8006126858250542E-01,  9.9800000000000000E-01,  9.9800000000000000E-01,  9.8894929250220398E-01,  5.5886782000000003E-02,  4.9657599999999998E-04,0
498,  5.0000000000000003E-02,45,  1.0000000000000000E+00,  1.0000000000000000E+00,3,  3.5244071590709741E-01,44,2,499,499,0,  9.8006126858250542E-01,  9.9800000000000000E-01,  9.9800000000000000E-01,  9.8894929250220398E-01,  5.4330190000000000E-02,  4.8500200000000000E-04,0
499,  5.0000000000000003E-02,45,  1.0000000000000000E+00,  1.0000000000000000E+00,4,  3.5244071590709741E-01,44,3,502,499,3,  9.4985922384816535E-01,  1.0040000000000000E+00,  9.9800000000000000E-01,  9.7617950065543402E-01,  5.5907642000000000E-02,  4.9534500000000001E-04,0
500,  5.0000000000000003E-02,45,  1.0000000000000000E+00,  1.0000000000000000E+00,5,  3.5244071590709741E-01,44,4,506,499,7,  8.9727593893751456E-01,  1.0120000000000000E+00,  9.9800000000000000E-01,  9.5119121514732774E-01,  5.3818465000000003E-02,  5.1285999999999997E-04,0
501,  5.0000000000000003E-02,55,  2.5000000000000000E-01,  2.5000000000000000E-01,1,  3.5244071590709741E-01,38,19,390,390,0,  3.8460874780113208E-01,  7.8000000000000003E-01,  7.8000000000000003E-01,  5.1518559147232168E-01,  3.3791748000000003E-02,  4.3293699999999999E-04,0
502,  5.0000000000000003E-02,55,  2.5000000000000000E-01,  2.5000000000000000E-01,2,  3.5244071590709741E-01,38,22,393,390,3,  3.3162536282758659E-01,  7.8600000000000003E-01,  7.8000000000000003E-01,  4.6644885460190494E-01,  3.2630077000000000E-02,  4.4839700000000001E-04,0
503,  5.0000000000000003E-02,55,  2.5000000000000000E-01,  2.5000000000000000E-01,3,  3.5244071590709741E-01,38,23,395,390,5,  3.1721537054313509E-01,  7.9000000000000004E-01,  7.8000000000000003E-01,  4.5266738413529600E-01,  3.2481228000000001E-02,  4.2059200000000001E-04,0
504,  5.0000000000000003E-02,55,  2.5000000000000000E-01,  2.5000000000000000E-01,4,  3.5244071590709741E-01,38,23,395,390,5,  3.1721537054313509E-01,  7.9000000000000004E-01,  7.8000000000000003E-01,  4.5266738413529600E-01,  3.4846119000000002E-02,  4.6534000000000001E-04,0
505,  5.0000000000000003E-02,55,  2.5000000000000000E-01,  2.5000000000000000E-01,5,  3.5244071590709741E-01,38,24,399,390,9,  3.0330839257764169E-01,  7.9800000000000004E-01,  7.8000000000000003E-01,  4.3955008226252917E-01,  3.2179916000000003E-02,  4.2841199999999998E-04,0
506,  5.0000000000000003E-02,55,  2.5000000000000000E-01,  4.3750000000000000E-01,1,  3.5244071590709741E-01,38,19,390,390,0,  3.8460874780113208E-01,  7.8000000000000003E-01,  7.8000000000000003E-01,  5.1518559147232168E-01,  3.1890157000000002E-02,  4.2379899999999999E-04,0
507,  5.0000000000000003E-02,55,  2.5000000000000000E-01,  4.3750000000000000E-01,2,  3.5244071590709741E-01,38,22,393,390,3,  3.3162536282758659E-01,  7.8600000000000003E-01,  7.8000000000000003E-01,  4.6644885460190494E-01,  3.2936253999999998E-02,  4.2139599999999999E-04,0
508,  5.0000000000000003E-02,55,  2.5000000000000000E-01,  4.3750000000000000E-01,3,  3.5244071590709741E-01,38,23,395,390,5,  3.1721537054313509E-01,  7.9000000000000004E-01,  7.8000000000000003E-01,  4.5266738413529600E-01,  3.2604661000000000E-02,  7.0065500000000001E-04,0
509,  5.0000000000000003E-02,55,  2.5000000000000000E-01,  4.3750000000000000E-01,4,  3.5244071590709741E-01,38,23,395,390,5,  3.1721537054313509E-01,  7.9000000000000004E-01,  7.8000000000000003E-01,  4.5266738413529600E-01,  3.2974690000000001E-02,  4.2000400000000003E-04,0
510,  5.0000000000000003E-02,55,  2.5000000000000000E-01,  4.3750000000000000E-01,5,  3.5244071590709741E-01,38,24,399,390,9,  3.0330839257764169E-01,  7.9800000000000004E-01,  7.8000000000000003E-01,  4.3955008226252917E-01,  3.3332254999999998E-02,  4.6329800000000001E-04,0
511,  5.0000000000000003E-02,55,  2.5000000000000000E-01,  6.2500000000000000E-01,1,  3.5244071590709741E-01,38,19,390,390,0,  3.8460874780113208E-01,  7.8000000000000003E-01,  7.8000000000000003E-01,  5.1518559147232168E-01,  3.1534775000000001E-02,  4.1337800000000000E-04,0
512,  5.0000000000000003E-02,55,  2.5000000000000000E-01,  6.2500000000000000E-01,2,  3.5244071590709741E-01,38,22,393,390,3,  3.3162536282758659E-01,  7.8600000000000003E-01,  7.8000000000000003E-01,  4.6644885460190494E-01,  3.3580922999999999E-02,  4.4988599999999998E-04,0
513,  5.0000000000000003E-02,55,  2.5000000000000000E-01,  6.2500000000000000E-01,3,  3.5244071590709741E-01,38,23,395,390,5,  3.1721537054313509E-01,  7.9000000000000004E-01,  7.8000000000000003E-01,  4.5266738413529600E-01,  3.4920119999999999E-02,  4.2130599999999998E-04,0
514,  5.0000000000000003E-02,55,  2.5000000000000000E-01,  6.2500000000000000E-01,4,  3.5244071590709741E-01,38,23,395,390,5,  3.1721537054313509E-01,  7.9000000000000004E-01,  7.8000000000000003E-01,  4.5266738413529600E-01,  3.1799866000000003E-02,  4.2701200000000000E-04,0
515,  5.0000000000000003E-02,55,  2.5000000000000000E-01,  6.2500000000000000E-01,5,  3.5244071590709741E-01,38,24,399,390,9,  3.0330839257764169E-01,  7.9800000000000004E-01,  7.8000000000000003E-01,  4.3955008226252917E-01,  3.2703047999999998E-02,  5.9144299999999998E-04,0
516,  5.0000000000000003E-02,55,  2.5000000000000000E-01,  8.1250000000000000E-01,1,  3.5244071590709741E-01,38,19,390,390,0,  3.8460874780113208E-01,  7.8000000000000003E-01,  7.8000000000000003E-01,  5.1518559147232168E-01,  3.3916842000000003E-02,  4.2397200000000000E-04,0
517,  5.0000000000000003E-02,55,  2.5000000000000000E-01,  8.1250000000000000E-01,2,  3.5244071590709741E-01,38,22,393,390,3,  3.3162536282758659E-01,  7.8600000000000003E-01,  7.8000000000000003E-01,  4.6644885460190494E-01,  3.2904993000000000E-02,  5.3318400000000002E-04,0
518,  5.0000000000000003E-02,55,  2.5000000000000000E-01,  8.1250000000000000E-01,3,  3.5244071590709741E-01,38,23,395,390,5,  3.1721537054313509E-01,  7.9000000000000004E-01,  7.8000000000000003E-01,  4.5266738413529600E-01,  3.2625497000000003E-02,  4.2919200000000001E-04,0
519,  5.0000000000000003E-02,55,  2.5000000000000000E-01,  8.1250000000000000E-01,4,  3.5244071590709741E-01,38,23,395,390,5,  3.1721537054313509E-01,  7.9000000000000004E-01,  7.8000000000000003E-01,  4.5266738413529600E-01,  3.2676534000000000E-02,  4.8252800000000003E-04,0
520,  5.0000000000000003E-02,55,  2.5000000000000000E-01,  8.1250000000000000E-01,5,  3.5244071590709741E-01,38,24,399,390,9,  3.0330839257764169E-01,  7.9800000000000004E-01,  7.8000000000000003E-01,  4.3955008226252917E-01,  3.3034826000000003E-02,  4.4696200000000002E-04,0
521,  5.0000000000000003E-02,55,  2.5000000000000000E-01,  1.0000000000000000E+00,1,  3.5244071590709741E-01,38,19,390,390,0,  3.8460874780113208E-01,  7.8000000000000003E-01,  7.8000000000000003E-01,  5.1518559147232168E-01,  3.2464392000000002E-02,  4.1143100000000003E-04,0
522,  5.0000000000000003E-02,55,  2.5000000000000000E-01,  1.0000000000000000E+00,2,  3.5244071590709741E-01,38,22,393,390,3,  3.3162536282758659E-01,  7.8600000000000003E-01,  7.8000000000000003E-01,  4.6644885460190494E-01,  3.2635680000000000E-02,  4.2591100000000001E-04,0
523,  5.0000000000000003E-02,55,  2.5000000000000000E-01,  1.0000000000000000E+00,3,  3.5244071590709741E-01,38,23,395,390,5,  3.1721537054313509E-01,  7.9000000000000004E-01,  7.8000000000000003E-01,  4.5266738413529600E-01,  3.2468845000000003E-02,  4.2271499999999999E-04,0
524,  5.0000000000000003E-02,55,  2.5000000000000000E-01,  1.0000000000000000E+00,4,  3.5244071590709741E-01,38,23,395,390,5,  3.1721537054313509E-01,  7.9000000000000004E-01,  7.8000000000000003E-01,  4.5266738413529600E-01,  3.3503352000000000E-02,  4.2164500000000001E-04,0
525,  5.0000000000000003E-02,55,  2.5000000000000000E-01,  1.0000000000000000E+00,5,  3.5244071590709741E-01,38,24,399,390,9,  3.0330839257764169E-01,  7.9800000000000004E-01,  7.8000000000000003E-01,  4.3955008226252917E-01,  3.4512713000000000E-02,  4.5713500000000001E-04,0
526,  5.0000000000000003E-02,55,  4.3750000000000000E-01,  2.5000000000000000E-01,1,  3.5244071590709741E-01,38,14,430,430,0,  5.7307553484959728E-01,  8.5999999999999999E-01,  8.5999999999999999E-01,  6.8781435170111704E-01,  3.6380589999999997E-02,  4.4299699999999999E-04,0
527,  5.0000000000000003E-02,55,  4.3750000000000000E-01,  2.5000000000000000E-01,2,  3.5244071590709741E-01,38,14,430,430,0,  5.7307553484959728E-01,  8.5999999999999999E-01,  8.5999999999999999E-01,  6.8781435170111704E-01,  3.5654373000000003E-02,  4.6105000000000001E-04,0
528,  5.0000000000000003E-02,55,  4.3750000000000000E-01,  2.5000000000000000E-01,3,  3.5244071590709741E-01,38,14,430,430,0,  5.7307553484959728E-01,  8.5999999999999999E-01,  8.5999999999999999E-01,  6.8781435170111704E-01,  3.5062406999999997E-02,  4.6084899999999999E-04,0
529,  5.0000000000000003E-02,55,  4.3750000000000000E-01,  2.5000000000000000E-01,4,  3.5244071590709741E-01,38,14,430,430,0,  5.7307553484959728E-01,  8.5999999999999999E-01,  8.5999999999999999E-01,  6.8781435170111704E-01,  3.5054107000000001E-02,  4.5905099999999998E-04,0
530,  5.0000000000000003E-02,55,  4.3750000000000000E-01,  2.5000000000000000E-01,5,  3.5244071590709741E-01,38,14,430,430,0,  5.7307553484959728E-01,  8.5999999999999999E-01,  8.5999999999999999E-01,  6.8781435170111704E-01,  3.4851146000000000E-02,  4.4252099999999997E-04,0
531,  5.0000000000000003E-02,55,  4.3750000000000000E-01,  4.3750000000000000E-01,1,  3.5244071590709741E-01,38,14,430,430,0,  5.7307553484959728E-01,  8.5999999999999999E-01,  8.5999999999999999E-01,  6.8781435170111704E-01,  3.5753066000000000E-02,  4.3939100000000002E-04,0
532,  5.0000000000000003E-02,55,  4.3750000000000000E-01,  4.3750000000000000E-01,2,  3.5244071590709741E-01,38,14,430,430,0,  5.7307553484959728E-01,  8.5999999999999999E-01,  8.5999999999999999E-01,  6.8781435170111704E-01,  3.6100913999999998E-02,  4.5330799999999998E-04,0
533,  5.0000000000000003E-02,55,  4.3750000000000000E-01,  4.3750000000000000E-01,3,  3.5244071590709741E-01,38,14,430,430,0,  5.7307553484959728E-01,  8.5999999999999999E-01,  8.5999999999999999E-01,  6.8781435170111704E-01,  4.3792399000000003E-02,  4.9210800000000000E-04,0
534,  5.0000000000000003E-02,55,  4.3750000000000000E-01,  4.3750000000000000E-01,4,  3.5244071590709741E-01,38,14,430,430,0,  5.7307553484959728E-01,  8.5999999999999999E-01,  8.5999999999999999E-01,  6.8781435170111704E-01,  3.8740608000000003E-02,  4.8718200000000001E-04,0
535,  5.0000000000000003E-02,55,  4.3750000000000000E-01,  4.3750000000000000E-01,5,  3.5244071590709741E-01,38,14,430,430,0,  5.7307553484959728E-01,  8.5999999999999999E-01,  8.5999999999999999E-01,  6.8781435170111704E-01,  3.6971334000000002E-02,  4.5150799999999999E-04,0
536,  5.0000000000000003E-02,55,  4.3750000000000000E-01,  6.2500000000000000E-01,1,  3.5244071590709741E-01,38,14,430,430,0,  5.7307553484959728E-01,  8.5999999999999999E-01,  8.5999999999999999E-01,  6.8781435170111704E-01,  3.5720127999999997E-02,  4.5001999999999998E-04,0
537,  5.0000000000000003E-02,55,  4.3750000000000000E-01,  6.2500000000000000E-01,2,  3.5244071590709741E-01,38,14,430,430,0,  5.7307553484959728E-01,  8.5999999999999999E-01,  8.5999999999999999E-01,  6.8781435170111704E-01,  3.4738304999999997E-02,  4.3872500000000000E-04,0
538,  5.0000000000000003E-02,55,  4.3750000000000000E-01,  6.2500000000000000E-01,3,  3.5244071590709741E-01,38,14,430,430,0,  5.7307553484959728E-01,  8.5999999999999999E-01,  8.5999999999999999E-01,  6.8781435170111704E-01,  3.7045983999999997E-02,  4.4067299999999999E-04,0
539,  5.0000000000000003E-02,55,  4.3750000000000000E-01,  6.2500000000000000E-01,4,  3.5244071590709741E-01,38,14,430,430,0,  5.7307553484959728E-01,  8.5999999999999999E-01,  8.5999999999999999E-01,  6.8781435170111704E-01,  3.5905660999999998E-02,  4.9014299999999996E-04,0
540,  5.0000000000000003E-02,55,  4.3750000000000000E-01,  6.2500000000000000E-01,5,  3.5244071590709741E-01,38,14,430,430,0,  5.7307553484959728E-01,  8.5999999999999999E-01,  8.5999999999999999E-01,  6.8781435170111704E-01,  3.5054305000000001E-02,  4.5238400000000001E-04,0
541,  5.0000000000000003E-02,55,  4.3750000000000000E-01,  8.1250000000000000E-01,1,  3.5244071590709741E-01,38,14,430,430,0,  5.7307553484959728E-01,  8.5999999999999999E-01,  8.5999999999999999E-01,  6.8781435170111704E-01,  3.6234429999999998E-02,  4.9164000000000000E-04,0
542,  5.0000000000000003E-02,55,  4.3750000000000000E-01,  8.1250000000000000E-01,2,  3.5244071590709741E-01,38,14,430,430,0,  5.7307553484959728E-01,  8.5999999999999999E-01,  8.5999999999999999E-01,  6.8781435170111704E-01,  3.5104626999999999E-02,  4.5365999999999999E-04,0
543,  5.0000000000000003E-02,55,  4.3750000000000000E-01,  8.1250000000000000E-01,3,  3.5244071590709741E-01,38,14,430,430,0,  5.7307553484959728E-01,  8.5999999999999999E-01,  8.5999999999999999E-01,  6.8781435170111704E-01,  3.5580900999999998E-02,  4.5049000000000001E-04,0
544,  5.0000000000000003E-02,55,  4.3750000000000000E-01,  8.1250000000000000E-01,4,  3.5244071590709741E-01,38,14,430,430,0,  5.7307553484959728E-01,  8.5999999999999999E-01,  8.5999999999999999E-01,  6.8781435170111704E-01,  3.5345140999999997E-02,  4.4655800000000000E-04,0
545,  5.0000000000000003E-02,55,  4.3750000000000000E-01,  8.1250000000000000E-01,5,  3.5244071590709741E-01,38,14,430,430,0,  5.7307553484959728E-01,  8.5999999999999999E-01,  8.5999999999999999E-01,  6.8781435170111704E-01,  3.6572177999999997E-02,  4.6903100000000002E-04,0
546,  5.0000000000000003E-02,55,  4.3750000000000000E-01,  1.0000000000000000E+00,1,  3.5244071590709741E-01,38,14,430,430,0,  5.7307553484959728E-01,  8.5999999999999999E-01,  8.5999999999999999E-01,  6.8781435170111704E-01,  3.5266784000000002E-02,  4.4291799999999999E-04,0
547,  5.0000000000000003E-02,55,  4.3750000000000000E-01,  1.0000000000000000E+00,2,  3.5244071590709741E-01,38,14,430,430,0,  5.7307553484959728E-01,  8.5999999999999999E-01,  8.5999999999999999E-01,  6.8781435170111704E-01,  3.6003102000000002E-02,  4.7076500000000000E-04,0
548,  5.0000000000000003E-02,55,  4.3750000000000000E-01,  1.0000000000000000E+00,3,  3.5244071590709741E-01,38,14,430,430,0,  5.7307553484959728E-01,  8.5999999999999999E-01,  8.5999999999999999E-01,  6.8781435170111704E-01,  3.6390809000000003E-02,  4.4365600000000001E-04,0
549,  5.0000000000000003E-02,55,  4.3750000000000000E-01,  1.0000000000000000E+00,4,  3.5244071590709741E-01,38,14,430,430,0,  5.7307553484959728E-01,  8.5999999999999999E-01,  8.5999999999999999E-01,  6.8781435170111704E-01,  3.4768289000000001E-02,  4.4425800000000000E-04,0
550,  5.0000000000000003E-02,55,  4.3750000000000000E-01,  1.0000000000000000E+00,5,  3.5244071590709741E-01,38,14,430,430,0,  5.7307553484959728E-01,  8.5999999999999999E-01,  8.5999999999999999E-01,  6.8781435170111704E-01,  3.7723215999999997E-02,  4.4301699999999998E-04,0
551,  5.0000000000000003E-02,55,  6.2500000000000000E-01,  2.5000000000000000E-01,1,  3.5244071590709741E-01,38,8,483,483,0,  7.3197245999521854E-01,  9.6599999999999997E-01,  9.6599999999999997E-01,  8.3285849801989398E-01,  3.9859143000000000E-02,  4.8357100000000002E-04,0
552,  5.0000000000000003E-02,55,  6.2500000000000000E-01,  2.5000000000000000E-01,2,  3.5244071590709741E-01,38,9,484,483,1,  6.9818640920550146E-01,  9.6799999999999997E-01,  9.6599999999999997E-01,  8.1124709741594003E-01,  4.0315549999999999E-02,  5.1673099999999998E-04,0
553,  5.0000000000000003E-02,55,  6.2500000000000000E-01,  2.5000000000000000E-01,3,  3.5244071590709741E-01,38,9,484,483,1,  6.9818640920550146E-01,  9.6799999999999997E-01,  9.6599999999999997E-01,  8.1124709741594003E-01,  4.2846796999999999E-02,  1.0399350000000001E-03,0
554,  5.0000000000000003E-02,55,  6.2500000000000000E-01,  2.5000000000000000E-01,4,  3.5244071590709741E-01,38,10,487,483,4,  6.8336967363663392E-01,  9.7399999999999998E-01,  9.6599999999999997E-01,  8.0320289759086028E-01,  4.0996894999999998E-02,  4.8682899999999998E-04,0
555,  5.0000000000000003E-02,55,  6.2500000000000000E-01,  2.5000000000000000E-01,5,  3.5244071590709741E-01,38,10,487,483,4,  6.8336967363663392E-01,  9.7399999999999998E-01,  9.6599999999999997E-01,  8.0320289759086028E-01,  3.8965858999999999E-02,  4.8211000000000000E-04,0
556,  5.0000000000000003E-02,55,  6.2500000000000000E-01,  4.3750000000000000E-01,1,  3.5244071590709741E-01,38,8,483,483,0,  7.3197245999521854E-01,  9.6599999999999997E-01,  9.6599999999999997E-01,  8.3285849801989398E-01,  4.1313709999999997E-02,  5.1828599999999996E-04,0
557,  5.0000000000000003E-02,55,  6.2500000000000000E-01,  4.3750000000000000E-01,2,  3.5244071590709741E-01,38,9,484,483,1,  6.9818640920550146E-01,  9.6799999999999997E-01,  9.6599999999999997E-01,  8.1124709741594003E-01,  4.0253605999999997E-02,  5.2437000000000002E-04,0
558,  5.0000000000000003E-02,55,  6.2500000000000000E-01,  4.3750000000000000E-01,3,  3.5244071590709741E-01,38,9,484,483,1,  6.9818640920550146E-01,  9.6799999999999997E-01,  9.6599999999999997E-01,  8.1124709741594003E-01,  4.0763805000000000E-02,  5.0259700000000003E-04,0
559,  5.0000000000000003E-02,55,  6.2500000000000000E-01,  4.3750000000000000E-01,4,  3.5244071590709741E-01,38,10,487,483,4,  6.8336967363663392E-01,  9.7399999999999998E-01,  9.6599999999999997E-01,  8.0320289759086028E-01,  4.1246566999999998E-02,  5.3435500000000003E-04,0
560,  5.0000000000000003E-02,55,  6.2500000000000000E-01,  4.3750000000000000E-01,5,  3.5244071590709741E-01,38,10,487,483,4,  6.8336967363663392E-01,  9.7399999999999998E-01,  9.6599999999999997E-01,  8.0320289759086028E-01,  4.0406521000000001E-02,  5.2479999999999996E-04,0
561,  5.0000000000000003E-02,55,  6.2500000000000000E-01,  6.2500000000000000E-01,1,  3.5244071590709741E-01,38,8,483,483,0,  7.3197245999521854E-01,  9.6599999999999997E-01,  9.6599999999999997E-01,  8.3285849801989398E-01,  3.9063012000000001E-02,  4.8900699999999996E-04,0
562,  5.0000000000000003E-02,55,  6.2500000000000000E-01,  6.2500000000000000E-01,2,  3.5244071590709741E-01,38,9,484,483,1,  6.9818640920550146E-01,  9.6799999999999997E-01,  9.6599999999999997E-01,  8.1124709741594003E-01,  4.0995247999999998E-02,  6.8758000000000003E-04,0
563,  5.0000000000000003E-02,55,  6.2500000000000000E-01,  6.2500000000000000E-01,3,  3.5244071590709741E-01,38,9,484,483,1,  6.9818640920550146E-01,  9.6799999999999997E-01,  9.6599999999999997E-01,  8.1124709741594003E-01,  4.0671079999999998E-02,  4.8098599999999998E-04,0
564,  5.0000000000000003E-02,55,  6.2500000000000000E-01,  6.2500000000000000E-01,4,  3.5244071590709741E-01,38,10,487,483,4,  6.8336967363663392E-01,  9.7399999999999998E-01,  9.6599999999999997E-01,  8.0320289759086028E-01,  4.1185521000000003E-02,  5.9210100000000004E-04,0
565,  5.0000000000000003E-02,55,  6.2500000000000000E-01,  6.2500000000000000E-01,5,  3.5244071590709741E-01,38,10,487,483,4,  6.8336967363663392E-01,  9.7399999999999998E-01,  9.6599999999999997E-01,  8.0320289759086028E-01,  4.0271323999999997E-02,  4.8177400000000003E-04,0
566,  5.0000000000000003E-02,55,  6.2500000000000000E-01,  8.1250000000000000E-01,1,  3.5244071590709741E-01,38,8,483,483,0,  7.3197245999521854E-01,  9.6599999999999997E-01,  9.6599999999999997E-01,  8.3285849801989398E-01,  4.1293580000000003E-02,  4.8763000000000002E-04,0
567,  5.0000000000000003E-02,55,  6.2500000000000000E-01,  8.1250000000000000E-01,2,  3.5244071590709741E-01,38,9,484,483,1,  6.9818640920550146E-01,  9.6799999999999997E-01,  9.6599999999999997E-01,  8.1124709741594003E-01,  4.0729277000000001E-02,  5.0822200000000001E-04,0
568,  5.0000000000000003E-02,55,  6.2500000000000000E-01,  8.1250000000000000E-01,3,  3.5244071590709741E-01,38,9,484,483,1,  6.9818640920550146E-01,  9.6799999999999997E-01,  9.6599999999999997E-01,  8.1124709741594003E-01,  4.2122601000000003E-02,  4.8046599999999998E-04,0
569,  5.0000000000000003E-02,55,  6.2500000000000000E-01,  8.1250000000000000E-01,4,  3.5244071590709741E-01,38,10,487,483,4,  6.8336967363663392E-01,  9.7399999999999998E-01,  9.6599999999999997E-01,  8.0320289759086028E-01,  4.0348465000000000E-02,  4.9721100000000001E-04,0
570,  5.0000000000000003E-02,55,  6.2500000000000000E-01,  8.1250000000000000E-01,5,  3.5244071590709741E-01,38,10,487,483,4,  6.8336967363663392E-01,  9.7399999999999998E-01,  9.6599999999999997E-01,  8.0320289759086028E-01,  4.0948260000000000E-02,  5.0859500000000003E-04,0
571,  5.0000000000000003E-02,55,  6.2500000000000000E-01,  1.0000000000000000E+00,1,  3.5244071590709741E-01,38,8,483,483,0,  7.3197245999521854E-01,  9.6599999999999997E-01,  9.6599999999999997E-01,  8.3285849801989398E-01,  4.0823274000000000E-02,  4.9074199999999996E-04,0
572,  5.0000000000000003E-02,55,  6.2500000000000000E-01,  1.0000000000000000E+00,2,  3.5244071590709741E-01,38,9,484,483,1,  6.9818640920550146E-01,  9.6799999999999997E-01,  9.6599999999999997E-01,  8.1124709741594003E-01,  3.9950380000000001E-02,  6.3398800000000004E-04,0
573,  5.0000000000000003E-02,55,  6.2500000000000000E-01,  1.0000000000000000E+00,3,  3.5244071590709741E-01,38,9,484,483,1,  6.9818640920550146E-01,  9.6799999999999997E-01,  9.6599999999999997E-01,  8.1124709741594003E-01,  3.9041460000000000E-02,  4.8367800000000003E-04,0
574,  5.0000000000000003E-02,55,  6.2500000000000000E-01,  1.0000000000000000E+00,4,  3.5244071590709741E-01,38,10,487,483,4,  6.8336967363663392E-01,  9.7399999999999998E-01,  9.6599999999999997E-01,  8.0320289759086028E-01,  3.9721019000000003E-02,  4.8487600000000002E-04,0
575,  5.0000000000000003E-02,55,  6.2500000000000000E-01,  1.0000000000000000E+00,5,  3.5244071590709741E-01,38,10,487,483,4,  6.8336967363663392E-01,  9.7399999999999998E-01,  9.6599999999999997E-01,  8.0320289759086028E-01,  4.0897669999999997E-02,  5.1151600000000005E-04,0
576,  5.0000000000000003E-02,55,  8.1250000000000000E-01,  2.5000000000000000E-01,1,  3.5244071590709741E-01,38,5,495,495,0,  8.8738609256906986E-01,  9.8999999999999999E-01,  9.8999999999999999E-01,  9.3588871795805983E-01,  4.1214564000000002E-02,  5.0888200000000000E-04,0
577,  5.0000000000000003E-02,55,  8.1250000000000000E-01,  2.5000000000000000E-01,2,  3.5244071590709741E-01,38,5,495,495,0,  8.8738609256906986E-01,  9.8999999999999999E-01,  9.8999999999999999E-01,  9.3588871795805983E-01,  4.0298082999999998E-02,  4.9028199999999998E-04,0
578,  5.0000000000000003E-02,55,  8.1250000000000000E-01,  2.5000000000000000E-01,3,  3.5244071590709741E-01,38,7,499,495,4,  7.8772619047677794E-01,  9.9800000000000000E-01,  9.8999999999999999E-01,  8.8048295678065513E-01,  4.0818466999999997E-02,  5.1949400000000001E-04,0
579,  5.0000000000000003E-02,55,  8.1250000000000000E-01,  2.5000000000000000E-01,4,  3.5244071590709741E-01,38,7,499,495,4,  7.8772619047677794E-01,  9.9800000000000000E-01,  9.8999999999999999E-01,  8.8048295678065513E-01,  4.0865690000000003E-02,  5.4530300000000002E-04,0
580,  5.0000000000000003E-02,55,  8.1250000000000000E-01,  2.5000000000000000E-01,5,  3.5244071590709741E-01,38,7,499,495,4,  7.8772619047677794E-01,  9.9800000000000000E-01,  9.8999999999999999E-01,  8.8048295678065513E-01,  4.0306443999999997E-02,  4.9421299999999997E-04,0
581,  5.0000000000000003E-02,55,  8.1250000000000000E-01,  4.3750000000000000E-01,1,  3.5244071590709741E-01,38,4,496,496,0,  8.9325760151608780E-01,  9.9199999999999999E-01,  9.9199999999999999E-01,  9.4004293099400871E-01,  4.3123881000000003E-02,  4.9594899999999998E-04,0
582,  5.0000000000000003E-02,55,  8.1250000000000000E-01,  4.3750000000000000E-01,2,  3.5244071590709741E-01,38,4,496,496,0,  8.9325760151608780E-01,  9.9199999999999999E-01,  9.9199999999999999E-01,  9.4004293099400871E-01,  4.4122581000000001E-02,  4.8586099999999998E-04,0
583,  5.0000000000000003E-02,55,  8.1250000000000000E-01,  4.3750000000000000E-01,3,  3.5244071590709741E-01,38,6,500,496,4,  7.9249133419413653E-01,  1.0000000000000000E+00,  9.9199999999999999E-01,  8.8423449427767831E-01,  4.4520316999999997E-02,  6.4479800000000003E-04,0
584,  5.0000000000000003E-02,55,  8.1250000000000000E-01,  4.3750000000000000E-01,4,  3.5244071590709741E-01,38,6,500,496,4,  7.9249133419413653E-01,  1.0000000000000000E+00,  9.9199999999999999E-01,  8.8423449427767831E-01,  4.6342040000000001E-02,  5.2966999999999999E-04,0
585,  5.0000000000000003E-02,55,  8.1250000000000000E-01,  4.3750000000000000E-01,5,  3.5244071590709741E-01,38,6,500,496,4,  7.9249133419413653E-01,  1.0000000000000000E+00,  9.9199999999999999E-01,  8.8423449427767831E-01,  4.2717458000000000E-02,  4.8728100000000000E-04,0
586,  5.0000000000000003E-02,55,  8.1250000000000000E-01,  6.2500000000000000E-01,1,  3.5244071590709741E-01,38,4,496,496,0,  8.9325760151608780E-01,  9.9199999999999999E-01,  9.9199999999999999E-01,  9.4004293099400871E-01,  4.4155983000000003E-02,  4.9765800000000000E-04,0
587,  5.0000000000000003E-02,55,  8.1250000000000000E-01,  6.2500000000000000E-01,2,  3.5244071590709741E-01,38,4,496,496,0,  8.9325760151608780E-01,  9.9199999999999999E-01,  9.9199999999999999E-01,  9.4004293099400871E-01,  4.3266773000000001E-02,  5.4161200000000002E-04,0
588,  5.0000000000000003E-02,55,  8.1250000000000000E-01,  6.2500000000000000E-01,3,  3.5244071590709741E-01,38,6,500,496,4,  7.9249133419413653E-01,  1.0000000000000000E+00,  9.9199999999999999E-01,  8.8423449427767831E-01,  4.3470663999999999E-02,  5.2335900000000004E-04,0
589,  5.0000000000000003E-02,55,  8.1250000000000000E-01,  6.2500000000000000E-01,4,  3.5244071590709741E-01,38,6,500,496,4,  7.9249133419413653E-01,  1.0000000000000000E+00,  9.9199999999999999E-01,  8.8423449427767831E-01,  4.4235361000000001E-02,  4.9883700000000002E-04,0
590,  5.0000000000000003E-02,55,  8.1250000000000000E-01,  6.2500000000000000E-01,5,  3.5244071590709741E-01,38,6,500,496,4,  7.9249133419413653E-01,  1.0000000000000000E+00,  9.9199999999999999E-01,  8.8423449427767831E-01,  4.8449337000000002E-02,  5.3408700000000004E-04,0
591,  5.0000000000000003E-02,55,  8.1250000000000000E-01,  8.1250000000000000E-01,1,  3.5244071590709741E-01,38,4,496,496,0,  8.9325760151608780E-01,  9.9199999999999999E-01,  9.9199999999999999E-01,  9.4004293099400871E-01,  4.6288046999999999E-02,  5.4198199999999999E-04,0
592,  5.0000000000000003E-02,55,  8.1250000000000000E-01,  8.1250000000000000E-01,2,  3.5244071590709741E-01,38,4,496,496,0,  8.9325760151608780E-01,  9.9199999999999999E-01,  9.9199999999999999E-01,  9.4004293099400871E-01,  5.5265109999999999E-02,  5.1357400000000004E-04,0
593,  5.0000000000000003E-02,55,  8.1250000000000000E-01,  8.1250000000000000E-01,3,  3.5244071590709741E-01,38,6,500,496,4,  7.9249133419413653E-01,  1.0000000000000000E+00,  9.9199999999999999E-01,  8.8423449427767831E-01,  4.7937916999999997E-02,  5.7448700000000004E-04,0
594,  5.0000000000000003E-02,55,  8.1250000000000000E-01,  8.1250000000000000E-01,4,  3.5244071590709741E-01,38,6,500,496,4,  7.9249133419413653E-01,  1.0000000000000000E+00,  9.9199999999999999E-01,  8.8423449427767831E-01,  4.7441177000000001E-02,  5.0370000000000005E-04,0
595,  5.0000000000000003E-02,55,  8.1250000000000000E-01,  8.1250000000000000E-01,5,  3.5244071590709741E-01,38,6,500,496,4,  7.9249133419413653E-01,  1.0000000000000000E+00,  9.9199999999999999E-01,  8.8423449427767831E-01,  4.5517442999999998E-02,  5.2296500000000002E-04,0
596,  5.0000000000000003E-02,55,  8.1250000000000000E-01,  1.0000000000000000E+00,1,  3.5244071590709741E-01,38,4,496,496,0,  8.9325760151608780E-01,  9.9199999999999999E-01,  9.9199999999999999E-01,  9.4004293099400871E-01,  4.8641691000000001E-02,  4.9368199999999995E-04,0
597,  5.0000000000000003E-02,55,  8.1250000000000000E-01,  1.0000000000000000E+00,2,  3.5244071590709741E-01,38,4,496,496,0,  8.9325760151608780E-01,  9.9199999999999999E-01,  9.9199999999999999E-01,  9.4004293099400871E-01,  4.6282846000000002E-02,  5.0610200000000003E-04,0
598,  5.0000000000000003E-02,55,  8.1250000000000000E-01,  1.0000000000000000E+00,3,  3.5244071590709741E-01,38,6,500,496,4,  7.9249133419413653E-01,  1.0000000000000000E+00,  9.9199999999999999E-01,  8.8423449427767831E-01,  4.4381931999999999E-02,  5.1315300000000002E-04,0
599,  5.0000000000000003E-02,55,  8.1250000000000000E-01,  1.0000000000000000E+00,4,  3.5244071590709741E-01,38,6,500,496,4,  7.9249133419413653E-01,  1.0000000000000000E+00,  9.9199999999999999E-01,  8.8423449427767831E-01,  4.6584390000000003E-02,  5.1128800000000004E-04,0
600,  5.0000000000000003E-02,55,  8.1250000000000000E-01,  1.0000000000000000E+00,5,  3.5244071590709741E-01,38,6,500,496,4,  7.9249133419413653E-01,  1.0000000000000000E+00,  9.9199999999999999E-01,  8.8423449427767831E-01,  5.8542474999999997E-02,  7.8007300000000005E-04,0
601,  5.0000000000000003E-02,55,  1.0000000000000000E+00,  2.5000000000000000E-01,1,  3.5244071590709741E-01,38,3,497,497,0,  9.7573543981534339E-01,  9.9399999999999999E-01,  9.9399999999999999E-01,  9.8478303996741279E-01,  5.0765470000000000E-02,  5.6948800000000005E-04,0
602,  5.0000000000000003E-02,55,  1.0000000000000000E+00,  2.5000000000000000E-01,2,  3.5244071590709741E-01,38,4,498,497,1,  9.1953168082758963E-01,  9.9600000000000000E-01,  9.9399999999999999E-01,  9.5623952688539438E-01,  4.9797913999999999E-02,  5.2235400000000005E-04,0
603,  5.0000000000000003E-02,55,  1.0000000000000000E+00,  2.5000000000000000E-01,3,  3.5244071590709741E-01,38,4,498,497,1,  9.1953168082758963E-01,  9.9600000000000000E-01,  9.9399999999999999E-01,  9.5623952688539438E-01,  5.0984332000000000E-02,  8.3196500000000005E-04,0
604,  5.0000000000000003E-02,55,  1.0000000000000000E+00,  2.5000000000000000E-01,4,  3.5244071590709741E-01,38,5,501,497,4,  8.9316345654846740E-01,  1.0020000000000000E+00,  9.9399999999999999E-01,  9.4445656428124225E-01,  4.9087072000000002E-02,  7.2373700000000001E-04,0
605,  5.0000000000000003E-02,55,  1.0000000000000000E+00,  2.5000000000000000E-01,5,  3.5244071590709741E-01,38,7,509,497,12,  8.0982244074621290E-01,  1.0180000000000000E+00,  9.9399999999999999E-01,  9.0205615852170173E-01,  4.9915249000000002E-02,  5.5441300000000002E-04,0
606,  5.0000000000000003E-02,55,  1.0000000000000000E+00,  4.3750000000000000E-01,1,  3.5244071590709741E-01,38,2,500,500,0,  9.8075318572418579E-01,  1.0000000000000000E+00,  1.0000000000000000E+00,  9.9028308301380952E-01,  5.1050453000000003E-02,  4.9160100000000004E-04,0
607,  5.0000000000000003E-02,55,  1.0000000000000000E+00,  4.3750000000000000E-01,2,  3.5244071590709741E-01,38,3,501,500,1,  9.2429811088453373E-01,  1.0020000000000000E+00,  1.0000000000000000E+00,  9.6158190871196669E-01,  4.9930349999999998E-02,  4.9890899999999996E-04,0
608,  5.0000000000000003E-02,55,  1.0000000000000000E+00,  4.3750000000000000E-01,3,  3.5244071590709741E-01,38,3,501,500,1,  9.2429811088453373E-01,  1.0020000000000000E+00,  1.0000000000000000E+00,  9.6158190871196669E-01,  5.4455938000000002E-02,  5.3666700000000000E-04,0
609,  5.0000000000000003E-02,55,  1.0000000000000000E+00,  4.3750000000000000E-01,4,  3.5244071590709741E-01,38,4,504,500,4,  8.9778688736514400E-01,  1.0080000000000000E+00,  1.0000000000000000E+00,  9.4970658940280073E-01,  5.4512375000000002E-02,  5.1775400000000004E-04,0
610,  5.0000000000000003E-02,55,  1.0000000000000000E+00,  4.3750000000000000E-01,5,  3.5244071590709741E-01,38,6,512,500,12,  8.1400893826020015E-01,  1.0240000000000000E+00,  1.0000000000000000E+00,  9.0700881309908310E-01,  5.0869524999999999E-02,  5.1640699999999998E-04,0
611,  5.0000000000000003E-02,55,  1.0000000000000000E+00,  6.2500000000000000E-01,1,  3.5244071590709741E-01,38,2,500,500,0,  9.8075318572418579E-01,  1.0000000000000000E+00,  1.0000000000000000E+00,  9.9028308301380952E-01,  5.2117170999999997E-02,  5.1915999999999996E-04,0
612,  5.0000000000000003E-02,55,  1.0000000000000000E+00,  6.2500000000000000E-01,2,  3.5244071590709741E-01,38,3,501,500,1,  9.2429811088453373E-01,  1.0020000000000000E+00,  1.0000000000000000E+00,  9.6158190871196669E-01,  5.5952940000000000E-02,  5.3039500000000002E-04,0
613,  5.0000000000000003E-02,55,  1.0000000000000000E+00,  6.2500000000000000E-01,3,  3.5244071590709741E-01,38,3,501,500,1,  9.2429811088453373E-01,  1.0020000000000000E+00,  1.0000000000000000E+00,  9.6158190871196669E-01,  5.1080554000000000E-02,  5.1726200000000000E-04,0
614,  5.0000000000000003E-02,55,  1.0000000000000000E+00,  6.2500000000000000E-01,4,  3.5244071590709741E-01,38,4,504,500,4,  8.9778688736514400E-01,  1.0080000000000000E+00,  1.0000000000000000E+00,  9.4970658940280073E-01,  5.0691926999999998E-02,  4.8382200000000002E-04,0
615,  5.0000000000000003E-02,55,  1.0000000000000000E+00,  6.2500000000000000E-01,5,  3.5244071590709741E-01,38,6,512,500,12,  8.1400893826020015E-01,  1.0240000000000000E+00,  1.0000000000000000E+00,  9.0700881309908310E-01,  4.8792997999999997E-02,  5.1752299999999998E-04,0
616,  5.0000000000000003E-02,55,  1.0000000000000000E+00,  8.1250000000000000E-01,1,  3.5244071590709741E-01,38,2,500,500,0,  9.8075318572418579E-01,  1.0000000000000000E+00,  1.0000000000000000E+00,  9.9028308301380952E-01,  4.8106454000000000E-02,  5.0954500000000003E-04,0
617,  5.0000000000000003E-02,55,  1.0000000000000000E+00,  8.1250000000000000E-01,2,  3.5244071590709741E-01,38,3,501,500,1,  9.2429811088453373E-01,  1.0020000000000000E+00,  1.0000000000000000E+00,  9.6158190871196669E-01,  4.8487227000000001E-02,  4.8532099999999998E-04,0
618,  5.0000000000000003E-02,55,  1.0000000000000000E+00,  8.1250000000000000E-01,3,  3.5244071590709741E-01,38,3,501,500,1,  9.2429811088453373E-01,  1.0020000000000000E+00,  1.0000000000000000E+00,  9.6158190871196669E-01,  4.9656391000000001E-02,  5.0926900000000002E-04,0
619,  5.0000000000000003E-02,55,  1.0000000000000000E+00,  8.1250000000000000E-01,4,  3.5244071590709741E-01,38,4,504,500,4,  8.9778688736514400E-01,  1.0080000000000000E+00,  1.0000000000000000E+00,  9.4970658940280073E-01,  4.9369822000000001E-02,  4.8694500000000002E-04,0
620,  5.0000000000000003E-02,55,  1.0000000000000000E+00,  8.1250000000000000E-01,5,  3.5244071590709741E-01,38,6,512,500,12,  8.1400893826020015E-01,  1.0240000000000000E+00,  1.0000000000000000E+00,  9.0700881309908310E-01,  4.8713615000000002E-02,  5.9638900000000001E-04,0
621,  5.0000000000000003E-02,55,  1.0000000000000000E+00,  1.0000000000000000E+00,1,  3.5244071590709741E-01,38,2,500,500,0,  9.8075318572418579E-01,  1.0000000000000000E+00,  1.0000000000000000E+00,  9.9028308301380952E-01,  4.9550666000000000E-02,  4.9189999999999998E-04,0
622,  5.0000000000000003E-02,55,  1.0000000000000000E+00,  1.0000000000000000E+00,2,  3.5244071590709741E-01,38,3,501,500,1,  9.2429811088453373E-01,  1.0020000000000000E+00,  1.0000000000000000E+00,  9.6158190871196669E-01,  5.1743627000000000E-02,  4.8242499999999998E-04,0
623,  5.0000000000000003E-02,55,  1.0000000000000000E+00,  1.0000000000000000E+00,3,  3.5244071590709741E-01,38,3,501,500,1,  9.2429811088453373E-01,  1.0020000000000000E+00,  1.0000000000000000E+00,  9.6158190871196669E-01,  5.0075384000000001E-02,  4.9606200000000002E-04,0
624,  5.0000000000000003E-02,55,  1.0000000000000000E+00,  1.0000000000000000E+00,4,  3.5244071590709741E-01,38,4,504,500,4,  8.9778688736514400E-01,  1.0080000000000000E+00,  1.0000000000000000E+00,  9.4970658940280073E-01,  4.7857289999999997E-02,  4.9098700000000002E-04,0
625,  5.0000000000000003E-02,55,  1.0000000000000000E+00,  1.0000000000000000E+00,5,  3.5244071590709741E-01,38,6,512,500,12,  8.1400893826020015E-01,  1.0240000000000000E+00,  1.0000000000000000E+00,  9.0700881309908310E-01,  4.6332334000000003E-02,  5.3384700000000005E-04,0
626,  1.6250000000000001E-01,15,  2.5000000000000000E-01,  2.5000000000000000E-01,1,  5.1537697180731890E-01,105,23,465,465,0,  2.8542126288165548E-01,  9.3000000000000005E-01,  9.3000000000000005E-01,  4.3678974950726268E-01,  7.6030324999999996E-02,  6.2100899999999995E-04,0
627,  1.6250000000000001E-01,15,  2.5000000000000000E-01,  2.5000000000000000E-01,2,  5.1537697180731890E-01,105,27,469,465,4,  2.3481245115643165E-01,  9.3799999999999994E-01,  9.3000000000000005E-01,  3.7559983093214117E-01,  7.9225018999999994E-02,  8.3700799999999998E-04,0
628,  1.6250000000000001E-01,15,  2.5000000000000000E-01,  2.5000000000000000E-01,3,  5.1537697180731890E-01,105,30,475,465,10,  2.0872552612982720E-01,  9.4999999999999996E-01,  9.3000000000000005E-01,  3.4225404610810112E-01,  7.5865547000000005E-02,  6.5850999999999995E-04,0
629,  1.6250000000000001E-01,15,  2.5000000000000000E-01,  2.5000000000000000E-01,4,  5.1537697180731890E-01,105,33,484,465,19,  1.8682462053973550E-01,  9.6799999999999997E-01,  9.3000000000000005E-01,  3.1320120729317508E-01,  7.4324196999999995E-02,  6.7688700000000004E-04,0
630,  1.6250000000000001E-01,15,  2.5000000000000000E-01,  2.5000000000000000E-01,5,  5.1537697180731890E-01,105,34,488,465,23,  1.8291567893859501E-01,  9.7599999999999998E-01,  9.3000000000000005E-01,  3.0809092652465164E-01,  8.5693480000000002E-02,  6.6684800000000005E-04,0
631,  1.6250000000000001E-01,15,  2.5000000000000000E-01,  4.3750000000000000E-01,1,  5.1537697180731890E-01,105,23,465,465,0,  2.8542126288165548E-01,  9.3000000000000005E-01,  9.3000000000000005E-01,  4.3678974950726268E-01,  7.9941136999999995E-02,  5.9936799999999997E-04,0
632,  1.6250000000000001E-01,15,  2.5000000000000000E-01,  4.3750000000000000E-01,2,  5.1537697180731890E-01,105,27,469,465,4,  2.3481245115643165E-01,  9.3799999999999994E-01,  9.3000000000000005E-01,  3.7559983093214117E-01,  7.4896826999999999E-02,  5.7911400000000004E-04,0
633,  1.6250000000000001E-01,15,  2.5000000000000000E-01,  4.3750000000000000E-01,3,  5.1537697180731890E-01,105,30,475,465,10,  2.0872552612982720E-01,  9.4999999999999996E-01,  9.3000000000000005E-01,  3.4225404610810112E-01,  7.5781746999999997E-02,  6.4393399999999998E-04,0
634,  1.6250000000000001E-01,15,  2.5000000000000000E-01,  4.3750000000000000E-01,4,  5.1537697180731890E-01,105,33,484,465,19,  1.8682462053973550E-01,  9.6799999999999997E-01,  9.3000000000000005E-01,  3.1320120729317508E-01,  7.5693684999999997E-02,  7.0985700000000004E-04,0
635,  1.6250000000000001E-01,15,  2.5000000000000000E-01,  4.3750000000000000E-01,5,  5.1537697180731890E-01,105,34,488,465,23,  1.8291567893859501E-01,  9.7599999999999998E-01,  9.3000000000000005E-01,  3.0809092652465164E-01,  7.6758612000000004E-02,  6.6313099999999996E-04,0
636,  1.6250000000000001E-01,15,  2.5000000000000000E-01,  6.2500000000000000E-01,1,  5.1537697180731890E-01,105,23,465,465,0,  2.8542126288165548E-01,  9.3000000000000005E-01,  9.3000000000000005E-01,  4.3678974950726268E-01,  7.5239475000000000E-02,  5.7439299999999997E-04,0
637,  1.6250000000000001E-01,15,  2.5000000000000000E-01,  6.2500000000000000E-01,2,  5.1537697180731890E-01,105,27,469,465,4,  2.3481245115643165E-01,  9.3799999999999994E-01,  9.3000000000000005E-01,  3.7559983093214117E-01,  7.7548382999999999E-02,  6.2328000000000004E-04,0
638,  1.6250000000000001E-01,15,  2.5000000000000000E-01,  6.2500000000000000E-01,3,  5.1537697180731890E-01,105,30,475,465,10,  2.0872552612982720E-01,  9.4999999999999996E-01,  9.3000000000000005E-01,  3.4225404610810112E-01,  7.8705188999999995E-02,  6.4793800000000003E-04,0
639,  1.6250000000000001E-01,15,  2.5000000000000000E-01,  6.2500000000000000E-01,4,  5.1537697180731890E-01,105,33,484,465,19,  1.8682462053973550E-01,  9.6799999999999997E-01,  9.3000000000000005E-01,  3.1320120729317508E-01,  7.7288402000000006E-02,  6.5308700000000000E-04,0
640,  1.6250000000000001E-01,15,  2.5000000000000000E-01,  6.2500000000000000E-01,5,  5.1537697180731890E-01,105,34,488,465,23,  1.8291567893859501E-01,  9.7599999999999998E-01,  9.3000000000000005E-01,  3.0809092652465164E-01,  7.6505470000000006E-02,  6.2872799999999995E-04,0
641,  1.6250000000000001E-01,15,  2.5000000000000000E-01,  8.1250000000000000E-01,1,  5.1537697180731890E-01,105,23,465,465,0,  2.8542126288165548E-01,  9.3000000000000005E-01,  9.3000000000000005E-01,  4.3678974950726268E-01,  7.7858996999999999E-02,  8.3677600000000001E-04,0
642,  1.6250000000000001E-01,15,  2.5000000000000000E-01,  8.1250000000000000E-01,2,  5.1537697180731890E-01,105,27,469,465,4,  2.3481245115643165E-01,  9.3799999999999994E-01,  9.3000000000000005E-01,  3.7559983093214117E-01,  8.0150098000000003E-02,  6.0960300000000001E-04,0
643,  1.6250000000000001E-01,15,  2.5000000000000000E-01,  8.1250000000000000E-01,3,  5.1537697180731890E-01,105,30,475,465,10,  2.0872552612982720E-01,  9.4999999999999996E-01,  9.3000000000000005E-01,  3.4225404610810112E-01,  7.7989536999999998E-02,  6.3826699999999998E-04,0
644,  1.6250000000000001E-01,15,  2.5000000000000000E-01,  8.1250000000000000E-01,4,  5.1537697180731890E-01,105,33,484,465,19,  1.8682462053973550E-01,  9.6799999999999997E-01,  9.3000000000000005E-01,  3.1320120729317508E-01,  7.6661007000000003E-02,  6.1201799999999998E-04,0
645,  1.6250000000000001E-01,15,  2.5000000000000000E-01,  8.1250000000000000E-01,5,  5.1537697180731890E-01,105,34,488,465,23,  1.8291567893859501E-01,  9.7599999999999998E-01,  9.3000000000000005E-01,  3.0809092652465164E-01,  7.6455770000000006E-02,  6.1251999999999997E-04,0
646,  1.6250000000000001E-01,15,  2.5000000000000000E-01,  1.0000000000000000E+00,1,  5.1537697180731890E-01,105,23,465,465,0,  2.8542126288165548E-01,  9.3000000000000005E-01,  9.3000000000000005E-01,  4.3678974950726268E-01,  7.6478121999999996E-02,  5.9042399999999998E-04,0
647,  1.6250000000000001E-01,15,  2.5000000000000000E-01,  1.0000000000000000E+00,2,  5.1537697180731890E-01,105,27,469,465,4,  2.3481245115643165E-01,  9.3799999999999994E-01,  9.3000000000000005E-01,  3.7559983093214117E-01,  8.0397509000000006E-02,  6.4875499999999999E-04,0
648,  1.6250000000000001E-01,15,  2.5000000000000000E-01,  1.0000000000000000E+00,3,  5.1537697180731890E-01,105,30,475,465,10,  2.0872552612982720E-01,  9.4999999999999996E-01,  9.3000000000000005E-01,  3.4225404610810112E-01,  7.7287436000000001E-02,  8.9241799999999997E-04,0
649,  1.6250000000000001E-01,15,  2.5000000000000000E-01,  1.0000000000000000E+00,4,  5.1537697180731890E-01,105,33,484,465,19,  1.8682462053973550E-01,  9.6799999999999997E-01,  9.3000000000000005E-01,  3.1320120729317508E-01,  7.5521576000000007E-02,  6.3465899999999998E-04,0
650,  1.6250000000000001E-01,15,  2.5000000000000000E-01,  1.0000000000000000E+00,5,  5.1537697180731890E-01,105,34,488,465,23,  1.8291567893859501E-01,  9.7599999999999998E-01,  9.3000000000000005E-01,  3.0809092652465164E-01,  7.6543262000000001E-02,  6.1299800000000002E-04,0
651,  1.6250000000000001E-01,15,  4.3750000000000000E-01,  2.5000000000000000E-01,1,  5.1537697180731890E-01,105,14,491,491,0,  4.6128064629815729E-01,  9.8199999999999998E-01,  9.8199999999999998E-01,  6.2770549279743193E-01,  9.3514117999999993E-02,  6.6842400000000004E-04,0
652,  1.6250000000000001E-01,15,  4.3750000000000000E-01,  2.5000000000000000E-01,2,  5.1537697180731890E-01,105,17,494,491,3,  3.9793955808260362E-01,  9.8799999999999999E-01,  9.8199999999999998E-01,  5.6736137025995659E-01,  9.4786504999999993E-02,  6.4108800000000005E-04,0
653,  1.6250000000000001E-01,15,  4.3750000000000000E-01,  2.5000000000000000E-01,3,  5.1537697180731890E-01,105,18,496,491,5,  3.8167707292032405E-01,  9.9199999999999999E-01,  9.8199999999999998E-01,  5.5125569728267909E-01,  9.4578122000000001E-02,  6.3679999999999997E-04,0
654,  1.6250000000000001E-01,15,  4.3750000000000000E-01,  2.5000000000000000E-01,4,  5.1537697180731890E-01,105,18,496,491,5,  3.8167707292032405E-01,  9.9199999999999999E-01,  9.8199999999999998E-01,  5.5125569728267909E-01,  9.6910575999999998E-02,  6.3335200000000000E-04,0
655,  1.6250000000000001E-01,15,  4.3750000000000000E-01,  2.5000000000000000E-01,5,  5.1537697180731890E-01,105,19,500,491,9,  3.5089948698141044E-01,  1.0000000000000000E+00,  9.8199999999999998E-01,  5.1950495260827523E-01,  9.4418967000000006E-02,  6.3357699999999997E-04,0
656,  1.6250000000000001E-01,15,  4.3750000000000000E-01,  4.3750000000000000E-01,1,  5.1537697180731890E-01,105,14,491,491,0,  4.6128064629815729E-01,  9.8199999999999998E-01,  9.8199999999999998E-01,  6.2770549279743193E-01,  9.5648753000000003E-02,  6.4968999999999997E-04,0
657,  1.6250000000000001E-01,15,  4.3750000000000000E-01,  4.3750000000000000E-01,2,  5.1537697180731890E-01,105,17,494,491,3,  3.9793955808260362E-01,  9.8799999999999999E-01,  9.8199999999999998E-01,  5.6736137025995659E-01,  9.5986209000000003E-02,  5.8906500000000005E-04,0
658,  1.6250000000000001E-01,15,  4.3750000000000000E-01,  4.3750000000000000E-01,3,  5.1537697180731890E-01,105,18,496,491,5,  3.8167707292032405E-01,  9.9199999999999999E-01,  9.8199999999999998E-01,  5.5125569728267909E-01,  9.5489376000000001E-02,  6.7949500000000001E-04,0
659,  1.6250000000000001E-01,15,  4.3750000000000000E-01,  4.3750000000000000E-01,4,  5.1537697180731890E-01,105,18,496,491,5,  3.8167707292032405E-01,  9.9199999999999999E-01,  9.8199999999999998E-01,  5.5125569728267909E-01,  9.5922540000000001E-02,  6.4022600000000003E-04,0
660,  1.6250000000000001E-01,15,  4.3750000000000000E-01,  4.3750000000000000E-01,5,  5.1537697180731890E-01,105,19,500,491,9,  3.5089948698141044E-01,  1.0000000000000000E+00,  9.8199999999999998E-01,  5.1950495260827523E-01,  9.8592692999999995E-02,  6.5950500000000001E-04,0
661,  1.6250000000000001E-01,15,  4.3750000000000000E-01,  6.2500000000000000E-01,1,  5.1537697180731890E-01,105,14,491,491,0,  4.6128064629815729E-01,  9.8199999999999998E-01,  9.8199999999999998E-01,  6.2770549279743193E-01,  9.5383390999999998E-02,  6.1093200000000001E-04,0
662,  1.6250000000000001E-01,15,  4.3750000000000000E-01,  6.2500000000000000E-01,2,  5.1537697180731890E-01,105,17,494,491,3,  3.9793955808260362E-01,  9.8799999999999999E-01,  9.8199999999999998E-01,  5.6736137025995659E-01,  9.4483869999999998E-02,  6.4553500000000003E-04,0
663,  1.6250000000000001E-01,15,  4.3750000000000000E-01,  6.2500000000000000E-01,3,  5.1537697180731890E-01,105,18,496,491,5,  3.8167707292032405E-01,  9.9199999999999999E-01,  9.8199999999999998E-01,  5.5125569728267909E-01,  9.5539424999999997E-02,  6.7198799999999999E-04,0
664,  1.6250000000000001E-01,15,  4.3750000000000000E-01,  6.2500000000000000E-01,4,  5.1537697180731890E-01,105,18,496,491,5,  3.8167707292032405E-01,  9.9199999999999999E-01,  9.8199999999999998E-01,  5.5125569728267909E-01,  9.3584897000000000E-02,  6.0055000000000004E-04,0
665,  1.6250000000000001E-01,15,  4.3750000000000000E-01,  6.2500000000000000E-01,5,  5.1537697180731890E-01,105,19,500,491,9,  3.5089948698141044E-01,  1.0000000000000000E+00,  9.8199999999999998E-01,  5.1950495260827523E-01,  9.4467142000000004E-02,  6.3544500000000000E-04,0
666,  1.6250000000000001E-01,15,  4.3750000000000000E-01,  8.1250000000000000E-01,1,  5.1537697180731890E-01,105,14,491,491,0,  4.6128064629815729E-01,  9.8199999999999998E-01,  9.8199999999999998E-01,  6.2770549279743193E-01,  9.3636879000000006E-02,  7.0878800000000002E-04,0
667,  1.6250000000000001E-01,15,  4.3750000000000000E-01,  8.1250000000000000E-01,2,  5.1537697180731890E-01,105,17,494,491,3,  3.9793955808260362E-01,  9.8799999999999999E-01,  9.8199999999999998E-01,  5.6736137025995659E-01,  9.4776229000000003E-02,  6.3505300000000001E-04,0
668,  1.6250000000000001E-01,15,  4.3750000000000000E-01,  8.1250000000000000E-01,3,  5.1537697180731890E-01,105,18,496,491,5,  3.8167707292032405E-01,  9.9199999999999999E-01,  9.8199999999999998E-01,  5.5125569728267909E-01,  9.3695422000000000E-02,  6.7256700000000000E-04,0
669,  1.6250000000000001E-01,15,  4.3750000000000000E-01,  8.1250000000000000E-01,4,  5.1537697180731890E-01,105,18,496,491,5,  3.8167707292032405E-01,  9.9199999999999999E-01,  9.8199999999999998E-01,  5.5125569728267909E-01,  9.7635811000000003E-02,  6.0743099999999996E-04,0
670,  1.6250000000000001E-01,15,  4.3750000000000000E-01,  8.1250000000000000E-01,5,  5.1537697180731890E-01,105,19,500,491,9,  3.5089948698141044E-01,  1.0000000000000000E+00,  9.8199999999999998E-01,  5.1950495260827523E-01,  9.7501393000000006E-02,  6.6653999999999997E-04,0
671,  1.6250000000000001E-01,15,  4.3750000000000000E-01,  1.0000000000000000E+00,1,  5.1537697180731890E-01,105,14,491,491,0,  4.6128064629815729E-01,  9.8199999999999998E-01,  9.8199999999999998E-01,  6.2770549279743193E-01,  9.5632458000000004E-02,  6.5740600000000003E-04,0
672,  1.6250000000000001E-01,15,  4.3750000000000000E-01,  1.0000000000000000E+00,2,  5.1537697180731890E-01,105,17,494,491,3,  3.9793955808260362E-01,  9.8799999999999999E-01,  9.8199999999999998E-01,  5.6736137025995659E-01,  9.4512445000000000E-02,  5.9188500000000000E-04,0
673,  1.6250000000000001E-01,15,  4.3750000000000000E-01,  1.0000000000000000E+00,3,  5.1537697180731890E-01,105,18,496,491,5,  3.8167707292032405E-01,  9.9199999999999999E-01,  9.8199999999999998E-01,  5.5125569728267909E-01,  9.3933448000000003E-02,  6.6870799999999995E-04,0
674,  1.6250000000000001E-01,15,  4.3750000000000000E-01,  1.0000000000000000E+00,4,  5.1537697180731890E-01,105,18,496,491,5,  3.8167707292032405E-01,  9.9199999999999999E-01,  9.8199999999999998E-01,  5.5125569728267909E-01,  9.6166720999999997E-02,  6.1756500000000004E-04,0
675,  1.6250000000000001E-01,15,  4.3750000000000000E-01,  1.0000000000000000E+00,5,  5.1537697180731890E-01,105,19,500,491,9,  3.5089948698141044E-01,  1.0000000000000000E+00,  9.8199999999999998E-01,  5.1950495260827523E-01,  9.7158123999999998E-02,  6.7323199999999995E-04,0
676,  1.6250000000000001E-01,15,  6.2500000000000000E-01,  2.5000000000000000E-01,1,  5.1537697180731890E-01,105,9,493,493,0,  6.3170491134411488E-01,  9.8599999999999999E-01,  9.8599999999999999E-01,  7.7005520378593151E-01,  1.1415967400000000E-01,  6.6440599999999998E-04,0
677,  1.6250000000000001E-01,15,  6.2500000000000000E-01,  2.5000000000000000E-01,2,  5.1537697180731890E-01,105,11,495,493,2,  5.5350869890048793E-01,  9.8999999999999999E-01,  9.8599999999999999E-01,  7.1003631181583859E-01,  1.2341332200000001E-01,  8.5923499999999997E-04,0
678,  1.6250000000000001E-01,15,  6.2500000000000000E-01,  2.5000000000000000E-01,3,  5.1537697180731890E-01,105,15,503,493,10,  4.4721922770426181E-01,  1.0060000000000000E+00,  9.8599999999999999E-01,  6.1918055375750236E-01,  1.2565216600000001E-01,  6.6419099999999996E-04,0
679,  1.6250000000000001E-01,15,  6.2500000000000000E-01,  2.5000000000000000E-01,4,  5.1537697180731890E-01,105,15,503,493,10,  4.4721922770426181E-01,  1.0060000000000000E+00,  9.8599999999999999E-01,  6.1918055375750236E-01,  1.2038021400000000E-01,  6.9109000000000000E-04,0
680,  1.6250000000000001E-01,15,  6.2500000000000000E-01,  2.5000000000000000E-01,5,  5.1537697180731890E-01,105,15,503,493,10,  4.4721922770426181E-01,  1.0060000000000000E+00,  9.8599999999999999E-01,  6.1918055375750236E-01,  1.2370959400000001E-01,  6.4093899999999998E-04,0
681,  1.6250000000000001E-01,15,  6.2500000000000000E-01,  4.3750000000000000E-01,1,  5.1537697180731890E-01,105,9,493,493,0,  6.3170491134411488E-01,  9.8599999999999999E-01,  9.8599999999999999E-01,  7.7005520378593151E-01,  1.4338878699999999E-01,  6.5886199999999997E-04,0
682,  1.6250000000000001E-01,15,  6.2500000000000000E-01,  4.3750000000000000E-01,2,  5.1537697180731890E-01,105,11,495,493,2,  5.5350869890048793E-01,  9.8999999999999999E-01,  9.8599999999999999E-01,  7.1003631181583859E-01,  1.1163846900000000E-01,  6.6319999999999997E-04,0
683,  1.6250000000000001E-01,15,  6.2500000000000000E-01,  4.3750000000000000E-01,3,  5.1537697180731890E-01,105,15,503,493,10,  4.4721922770426181E-01,  1.0060000000000000E+00,  9.8599999999999999E-01,  6.1918055375750236E-01,  1.1449734700000000E-01,  6.5199900000000000E-04,0
684,  1.6250000000000001E-01,15,  6.2500000000000000E-01,  4.3750000000000000E-01,4,  5.1537697180731890E-01,105,15,503,493,10,  4.4721922770426181E-01,  1.0060000000000000E+00,  9.8599999999999999E-01,  6.1918055375750236E-01,  1.1153224800000000E-01,  6.8820100000000005E-04,0
685,  1.6250000000000001E-01,15,  6.2500000000000000E-01,  4.3750000000000000E-01,5,  5.1537697180731890E-01,105,15,503,493,10,  4.4721922770426181E-01,  1.0060000000000000E+00,  9.8599999999999999E-01,  6.1918055375750236E-01,  1.1078557999999999E-01,  6.0412200000000001E-04,0
686,  1.6250000000000001E-01,15,  6.2500000000000000E-01,  6.2500000000000000E-01,1,  5.1537697180731890E-01,105,9,493,493,0,  6.3170491134411488E-01,  9.8599999999999999E-01,  9.8599999999999999E-01,  7.7005520378593151E-01,  1.1280582200000000E-01,  5.8734599999999998E-04,0
687,  1.6250000000000001E-01,15,  6.2500000000000000E-01,  6.2500000000000000E-01,2,  5.1537697180731890E-01,105,11,495,493,2,  5.5350869890048793E-01,  9.8999999999999999E-01,  9.8599999999999999E-01,  7.1003631181583859E-01,  1.1235621000000000E-01,  5.9786300000000002E-04,0
688,  1.6250000000000001E-01,15,  6.2500000000000000E-01,  6.2500000000000000E-01,3,  5.1537697180731890E-01,105,15,503,493,10,  4.4721922770426181E-01,  1.0060000000000000E+00,  9.8599999999999999E-01,  6.1918055375750236E-01,  1.1267735199999999E-01,  6.3137999999999996E-04,0
689,  1.6250000000000001E-01,15,  6.2500000000000000E-01,  6.2500000000000000E-01,4,  5.1537697180731890E-01,105,15,503,493,10,  4.4721922770426181E-01,  1.0060000000000000E+00,  9.8599999999999999E-01,  6.1918055375750236E-01,  1.1503283600000000E-01,  6.2400900000000002E-04,0
690,  1.6250000000000001E-01,15,  6.2500000000000000E-01,  6.2500000000000000E-01,5,  5.1537697180731890E-01,105,15,503,493,10,  4.4721922770426181E-01,  1.0060000000000000E+00,  9.8599999999999999E-01,  6.1918055375750236E-01,  1.1440838600000000E-01,  6.6116700000000005E-04,0
691,  1.6250000000000001E-01,15,  6.2500000000000000E-01,  8.1250000000000000E-01,1,  5.1537697180731890E-01,105,9,493,493,0,  6.3170491134411488E-01,  9.8599999999999999E-01,  9.8599999999999999E-01,  7.7005520378593151E-01,  1.1962662100000000E-01,  6.8154000000000001E-04,0
692,  1.6250000000000001E-01,15,  6.2500000000000000E-01,  8.1250000000000000E-01,2,  5.1537697180731890E-01,105,11,495,493,2,  5.5350869890048793E-01,  9.8999999999999999E-01,  9.8599999999999999E-01,  7.1003631181583859E-01,  1.1536024100000000E-01,  6.5588400000000002E-04,0
693,  1.6250000000000001E-01,15,  6.2500000000000000E-01,  8.1250000000000000E-01,3,  5.1537697180731890E-01,105,15,503,493,10,  4.4721922770426181E-01,  1.0060000000000000E+00,  9.8599999999999999E-01,  6.1918055375750236E-01,  1.1130402700000000E-01,  6.9756799999999997E-04,0
694,  1.6250000000000001E-01,15,  6.2500000000000000E-01,  8.1250000000000000E-01,4,  5.1537697180731890E-01,105,15,503,493,10,  4.4721922770426181E-01,  1.0060000000000000E+00,  9.8599999999999999E-01,  6.1918055375750236E-01,  1.1419732400000000E-01,  7.9359500000000002E-04,0
695,  1.6250000000000001E-01,15,  6.2500000000000000E-01,  8.1250000000000000E-01,5,  5.1537697180731890E-01,105,15,503,493,10,  4.4721922770426181E-01,  1.0060000000000000E+00,  9.8599999999999999E-01,  6.1918055375750236E-01,  1.1316371100000000E-01,  6.6159400000000005E-04,0
696,  1.6250000000000001E-01,15,  6.2500000000000000E-01,  1.0000000000000000E+00,1,  5.1537697180731890E-01,105,9,493,493,0,  6.3170491134411488E-01,  9.8599999999999999E-01,  9.8599999999999999E-01,  7.7005520378593151E-01,  1.1629874400000000E-01,  6.1257700000000000E-04,0
697,  1.6250000000000001E-01,15,  6.2500000000000000E-01,  1.0000000000000000E+00,2,  5.1537697180731890E-01,105,11,495,493,2,  5.5350869890048793E-01,  9.8999999999999999E-01,  9.8599999999999999E-01,  7.1003631181583859E-01,  1.1474603500000000E-01,  7.8904200000000000E-04,0
698,  1.6250000000000001E-01,15,  6.2500000000000000E-01,  1.0000000000000000E+00,3,  5.1537697180731890E-01,105,15,503,493,10,  4.4721922770426181E-01,  1.0060000000000000E+00,  9.8599999999999999E-01,  6.1918055375750236E-01,  1.1285628100000000E-01,  7.6889299999999999E-04,0
699,  1.6250000000000001E-01,15,  6.2500000000000000E-01,  1.0000000000000000E+00,4,  5.1537697180731890E-01,105,15,503,493,10,  4.4721922770426181E-01,  1.0060000000000000E+00,  9.8599999999999999E-01,  6.1918055375750236E-01,  1.1345382900000001E-01,  6.6315199999999997E-04,0
700,  1.6250000000000001E-01,15,  6.2500000000000000E-01,  1.0000000000000000E+00,5,  5.1537697180731890E-01,105,15,503,493,10,  4.4721922770426181E-01,  1.0060000000000000E+00,  9.8599999999999999E-01,  6.1918055375750236E-01,  1.1709662699999999E-01,  6.6537400000000004E-04,0
701,  1.6250000000000001E-01,15,  8.1250000000000000E-01,  2.5000000000000000E-01,1,  5.1537697180731890E-01,105,5,495,495,0,  8.3259740770607060E-01,  9.8999999999999999E-01,  9.8999999999999999E-01,  9.0450192691368048E-01,  1.3350118599999999E-01,  7.3814900000000001E-04,0
702,  1.6250000000000001E-01,15,  8.1250000000000000E-01,  2.5000000000000000E-01,2,  5.1537697180731890E-01,105,6,496,495,1,  7.7820703769065636E-01,  9.9199999999999999E-01,  9.8999999999999999E-01,  8.7219332535953320E-01,  1.4174313599999999E-01,  6.7193799999999996E-04,0
703,  1.6250000000000001E-01,15,  8.1250000000000000E-01,  2.5000000000000000E-01,3,  5.1537697180731890E-01,105,8,500,495,5,  6.7872866151252831E-01,  1.0000000000000000E+00,  9.8999999999999999E-01,  8.0862223547311840E-01,  1.3506140999999999E-01,  6.4513799999999996E-04,0
704,  1.6250000000000001E-01,15,  8.1250000000000000E-01,  2.5000000000000000E-01,4,  5.1537697180731890E-01,105,8,500,495,5,  6.7872866151252831E-01,  1.0000000000000000E+00,  9.8999999999999999E-01,  8.0862223547311840E-01,  1.4131271200000001E-01,  6.1077600000000005E-04,0
705,  1.6250000000000001E-01,15,  8.1250000000000000E-01,  2.5000000000000000E-01,5,  5.1537697180731890E-01,105,10,508,495,13,  5.9550839605593908E-01,  1.0160000000000000E+00,  9.8999999999999999E-01,  7.5089466722434861E-01,  1.5108448699999999E-01,  6.2920300000000005E-04,0
706,  1.6250000000000001E-01,15,  8.1250000000000000E-01,  4.3750000000000000E-01,1,  5.1537697180731890E-01,105,5,495,495,0,  8.3259740770607060E-01,  9.8999999999999999E-01,  9.8999999999999999E-01,  9.0450192691368048E-01,  1.3450551599999999E-01,  6.2299199999999995E-04,0
707,  1.6250000000000001E-01,15,  8.1250000000000000E-01,  4.3750000000000000E-01,2,  5.1537697180731890E-01,105,6,496,495,1,  7.7820703769065636E-01,  9.9199999999999999E-01,  9.8999999999999999E-01,  8.7219332535953320E-01,  1.3252503600000001E-01,  8.7765200000000003E-04,0
708,  1.6250000000000001E-01,15,  8.1250000000000000E-01,  4.3750000000000000E-01,3,  5.1537697180731890E-01,105,8,500,495,5,  6.7872866151252831E-01,  1.0000000000000000E+00,  9.8999999999999999E-01,  8.0862223547311840E-01,  1.3476544100000001E-01,  6.5871300000000001E-04,0
709,  1.6250000000000001E-01,15,  8.1250000000000000E-01,  4.3750000000000000E-01,4,  5.1537697180731890E-01,105,8,500,495,5,  6.7872866151252831E-01,  1.0000000000000000E+00,  9.8999999999999999E-01,  8.0862223547311840E-01,  1.3550210800000001E-01,  6.8293000000000000E-04,0
710,  1.6250000000000001E-01,15,  8.1250000000000000E-01,  4.3750000000000000E-01,5,  5.1537697180731890E-01,105,10,508,495,13,  5.9550839605593908E-01,  1.0160000000000000E+00,  9.8999999999999999E-01,  7.5089466722434861E-01,  1.3401435400000000E-01,  6.3169500000000004E-04,0
711,  1.6250000000000001E-01,15,  8.1250000000000000E-01,  6.2500000000000000E-01,1,  5.1537697180731890E-01,105,5,495,495,0,  8.3259740770607060E-01,  9.8999999999999999E-01,  9.8999999999999999E-01,  9.0450192691368048E-01,  1.3311326000000001E-01,  6.1154600000000003E-04,0
712,  1.6250000000000001E-01,15,  8.1250000000000000E-01,  6.2500000000000000E-01,2,  5.1537697180731890E-01,105,6,496,495,1,  7.7820703769065636E-01,  9.9199999999999999E-01,  9.8999999999999999E-01,  8.7219332535953320E-01,  1.3254067800000000E-01,  6.2221399999999995E-04,0
713,  1.6250000000000001E-01,15,  8.1250000000000000E-01,  6.2500000000000000E-01,3,  5.1537697180731890E-01,105,8,500,495,5,  6.7872866151252831E-01,  1.0000000000000000E+00,  9.8999999999999999E-01,  8.0862223547311840E-01,  1.3515463699999999E-01,  6.6981600000000005E-04,0
714,  1.6250000000000001E-01,15,  8.1250000000000000E-01,  6.2500000000000000E-01,4,  5.1537697180731890E-01,105,8,500,495,5,  6.7872866151252831E-01,  1.0000000000000000E+00,  9.8999999999999999E-01,  8.0862223547311840E-01,  1.2949993300000001E-01,  5.9086900000000005E-04,0
715,  1.6250000000000001E-01,15,  8.1250000000000000E-01,  6.2500000000000000E-01,5,  5.1537697180731890E-01,105,10,508,495,13,  5.9550839605593908E-01,  1.0160000000000000E+00,  9.8999999999999999E-01,  7.5089466722434861E-01,  1.4625124400000000E-01,  6.3435900000000003E-04,0
716,  1.6250000000000001E-01,15,  8.1250000000000000E-01,  8.1250000000000000E-01,1,  5.1537697180731890E-01,105,5,495,495,0,  8.3259740770607060E-01,  9.8999999999999999E-01,  9.8999999999999999E-01,  9.0450192691368048E-01,  1.4580341799999999E-01,  6.4787500000000001E-04,0
717,  1.6250000000000001E-01,15,  8.1250000000000000E-01,  8.1250000000000000E-01,2,  5.1537697180731890E-01,105,6,496,495,1,  7.7820703769065636E-01,  9.9199999999999999E-01,  9.8999999999999999E-01,  8.7219332535953320E-01,  1.4165917300000000E-01,  6.3805800000000005E-04,0
718,  1.6250000000000001E-01,15,  8.1250000000000000E-01,  8.1250000000000000E-01,3,  5.1537697180731890E-01,105,8,500,495,5,  6.7872866151252831E-01,  1.0000000000000000E+00,  9.8999999999999999E-01,  8.0862223547311840E-01,  1.3340257799999999E-01,  6.4628400000000001E-04,0
719,  1.6250000000000001E-01,15,  8.1250000000000000E-01,  8.1250000000000000E-01,4,  5.1537697180731890E-01,105,8,500,495,5,  6.7872866151252831E-01,  1.0000000000000000E+00,  9.8999999999999999E-01,  8.0862223547311840E-01,  1.3209008500000000E-01,  6.5910999999999997E-04,0
720,  1.6250000000000001E-01,15,  8.1250000000000000E-01,  8.1250000000000000E-01,5,  5.1537697180731890E-01,105,10,508,495,13,  5.9550839605593908E-01,  1.0160000000000000E+00,  9.8999999999999999E-01,  7.5089466722434861E-01,  1.3106702100000001E-01,  6.8002500000000001E-04,0
721,  1.6250000000000001E-01,15,  8.1250000000000000E-01,  1.0000000000000000E+00,1,  5.1537697180731890E-01,105,5,495,495,0,  8.3259740770607060E-01,  9.8999999999999999E-01,  9.8999999999999999E-01,  9.0450192691368048E-01,  1.3115163599999999E-01,  6.5838500000000005E-04,0
722,  1.6250000000000001E-01,15,  8.1250000000000000E-01,  1.0000000000000000E+00,2,  5.1537697180731890E-01,105,6,496,495,1,  7.7820703769065636E-01,  9.9199999999999999E-01,  9.8999999999999999E-01,  8.7219332535953320E-01,  1.3892711299999999E-01,  6.4713499999999996E-04,0
723,  1.6250000000000001E-01,15,  8.1250000000000000E-01,  1.0000000000000000E+00,3,  5.1537697180731890E-01,105,8,500,495,5,  6.7872866151252831E-01,  1.0000000000000000E+00,  9.8999999999999999E-01,  8.0862223547311840E-01,  1.3753549400000001E-01,  6.2560600000000001E-04,0
724,  1.6250000000000001E-01,15,  8.1250000000000000E-01,  1.0000000000000000E+00,4,  5.1537697180731890E-01,105,8,500,495,5,  6.7872866151252831E-01,  1.0000000000000000E+00,  9.8999999999999999E-01,  8.0862223547311840E-01,  1.3659746600000000E-01,  6.6129800000000005E-04,0
725,  1.6250000000000001E-01,15,  8.1250000000000000E-01,  1.0000000000000000E+00,5,  5.1537697180731890E-01,105,10,508,495,13,  5.9550839605593908E-01,  1.0160000000000000E+00,  9.8999999999999999E-01,  7.5089466722434861E-01,  1.3235340400000001E-01,  6.3005699999999995E-04,0
726,  1.6250000000000001E-01,15,  1.0000000000000000E+00,  2.5000000000000000E-01,1,  5.1537697180731890E-01,105,4,498,498,0,  8.9330924304829207E-01,  9.9600000000000000E-01,  9.9600000000000000E-01,  9.4186381541283404E-01,  1.7596485600000000E-01,  6.6754200000000003E-04,0
727,  1.6250000000000001E-01,15,  1.0000000000000000E+00,  2.5000000000000000E-01,2,  5.1537697180731890E-01,105,5,499,498,1,  8.3112923338505407E-01,  9.9800000000000000E-01,  9.9600000000000000E-01,  9.0695283830026796E-01,  1.7928330600000000E-01,  6.0017999999999996E-04,0
728,  1.6250000000000001E-01,15,  1.0000000000000000E+00,  2.5000000000000000E-01,3,  5.1537697180731890E-01,105,6,501,498,3,  7.7902549604431703E-01,  1.0020000000000000E+00,  9.9600000000000000E-01,  8.7655516304521508E-01,  1.7748259599999999E-01,  5.9441099999999998E-04,0
729,  1.6250000000000001E-01,15,  1.0000000000000000E+00,  2.5000000000000000E-01,4,  5.1537697180731890E-01,105,6,501,498,3,  7.7902549604431703E-01,  1.0020000000000000E+00,  9.9600000000000000E-01,  8.7655516304521508E-01,  1.7504879500000001E-01,  8.0566999999999998E-04,0
730,  1.6250000000000001E-01,15,  1.0000000000000000E+00,  2.5000000000000000E-01,5,  5.1537697180731890E-01,105,6,501,498,3,  7.7902549604431703E-01,  1.0020000000000000E+00,  9.9600000000000000E-01,  8.7655516304521508E-01,  1.7730856700000000E-01,  6.5920599999999996E-04,0
731,  1.6250000000000001E-01,15,  1.0000000000000000E+00,  4.3750000000000000E-01,1,  5.1537697180731890E-01,105,4,498,498,0,  8.9330924304829207E-01,  9.9600000000000000E-01,  9.9600000000000000E-01,  9.4186381541283404E-01,  1.7473727100000000E-01,  6.1788999999999995E-04,0
732,  1.6250000000000001E-01,15,  1.0000000000000000E+00,  4.3750000000000000E-01,2,  5.1537697180731890E-01,105,5,499,498,1,  8.3112923338505407E-01,  9.9800000000000000E-01,  9.9600000000000000E-01,  9.0695283830026796E-01,  1.7229601600000000E-01,  6.6620299999999998E-04,0
733,  1.6250000000000001E-01,15,  1.0000000000000000E+00,  4.3750000000000000E-01,3,  5.1537697180731890E-01,105,6,501,498,3,  7.7902549604431703E-01,  1.0020000000000000E+00,  9.9600000000000000E-01,  8.7655516304521508E-01,  1.7443912400000000E-01,  6.7903300000000000E-04,0
734,  1.6250000000000001E-01,15,  1.0000000000000000E+00,  4.3750000000000000E-01,4,  5.1537697180731890E-01,105,6,501,498,3,  7.7902549604431703E-01,  1.0020000000000000E+00,  9.9600000000000000E-01,  8.7655516304521508E-01,  1.7716949300000001E-01,  6.1574700000000004E-04,0
735,  1.6250000000000001E-01,15,  1.0000000000000000E+00,  4.3750000000000000E-01,5,  5.1537697180731890E-01,105,6,501,498,3,  7.7902549604431703E-01,  1.0020000000000000E+00,  9.9600000000000000E-01,  8.7655516304521508E-01,  1.7515924499999999E-01,  7.7192000000000005E-04,0
736,  1.6250000000000001E-01,15,  1.0000000000000000E+00,  6.2500000000000000E-01,1,  5.1537697180731890E-01,105,4,498,498,0,  8.9330924304829207E-01,  9.9600000000000000E-01,  9.9600000000000000E-01,  9.4186381541283404E-01,  1.7464636300000000E-01,  6.7286099999999997E-04,0
737,  1.6250000000000001E-01,15,  1.0000000000000000E+00,  6.2500000000000000E-01,2,  5.1537697180731890E-01,105,5,499,498,1,  8.3112923338505407E-01,  9.9800000000000000E-01,  9.9600000000000000E-01,  9.0695283830026796E-01,  1.7457752600000001E-01,  6.3489299999999998E-04,0
738,  1.6250000000000001E-01,15,  1.0000000000000000E+00,  6.2500000000000000E-01,3,  5.1537697180731890E-01,105,6,501,498,3,  7.7902549604431703E-01,  1.0020000000000000E+00,  9.9600000000000000E-01,  8.7655516304521508E-01,  1.7538356799999999E-01,  6.4561399999999998E-04,0
739,  1.6250000000000001E-01,15,  1.0000000000000000E+00,  6.2500000000000000E-01,4,  5.1537697180731890E-01,105,6,501,498,3,  7.7902549604431703E-01,  1.0020000000000000E+00,  9.9600000000000000E-01,  8.7655516304521508E-01,  1.8732446400000000E-01,  6.3582999999999999E-04,0
740,  1.6250000000000001E-01,15,  1.0000000000000000E+00,  6.2500000000000000E-01,5,  5.1537697180731890E-01,105,6,501,498,3,  7.7902549604431703E-01,  1.0020000000000000E+00,  9.9600000000000000E-01,  8.7655516304521508E-01,  1.7318498299999999E-01,  7.8973300000000004E-04,0
741,  1.6250000000000001E-01,15,  1.0000000000000000E+00,  8.1250000000000000E-01,1,  5.1537697180731890E-01,105,4,498,498,0,  8.9330924304829207E-01,  9.9600000000000000E-01,  9.9600000000000000E-01,  9.4186381541283404E-01,  1.7534893200000001E-01,  7.5693400000000001E-04,0
742,  1.6250000000000001E-01,15,  1.0000000000000000E+00,  8.1250000000000000E-01,2,  5.1537697180731890E-01,105,5,499,498,1,  8.3112923338505407E-01,  9.9800000000000000E-01,  9.9600000000000000E-01,  9.0695283830026796E-01,  1.7827909800000000E-01,  6.3042000000000003E-04,0
743,  1.6250000000000001E-01,15,  1.0000000000000000E+00,  8.1250000000000000E-01,3,  5.1537697180731890E-01,105,6,501,498,3,  7.7902549604431703E-01,  1.0020000000000000E+00,  9.9600000000000000E-01,  8.7655516304521508E-01,  1.7507621200000001E-01,  6.4947599999999996E-04,0
744,  1.6250000000000001E-01,15,  1.0000000000000000E+00,  8.1250000000000000E-01,4,  5.1537697180731890E-01,105,6,501,498,3,  7.7902549604431703E-01,  1.0020000000000000E+00,  9.9600000000000000E-01,  8.7655516304521508E-01,  1.7370090799999999E-01,  8.1707700000000004E-04,0
745,  1.6250000000000001E-01,15,  1.0000000000000000E+00,  8.1250000000000000E-01,5,  5.1537697180731890E-01,105,6,501,498,3,  7.7902549604431703E-01,  1.0020000000000000E+00,  9.9600000000000000E-01,  8.7655516304521508E-01,  1.7764613100000001E-01,  6.4324000000000000E-04,0
746,  1.6250000000000001E-01,15,  1.0000000000000000E+00,  1.0000000000000000E+00,1,  5.1537697180731890E-01,105,4,498,498,0,  8.9330924304829207E-01,  9.9600000000000000E-01,  9.9600000000000000E-01,  9.4186381541283404E-01,  1.7894643499999999E-01,  6.1768999999999995E-04,0
747,  1.6250000000000001E-01,15,  1.0000000000000000E+00,  1.0000000000000000E+00,2,  5.1537697180731890E-01,105,5,499,498,1,  8.3112923338505407E-01,  9.9800000000000000E-01,  9.9600000000000000E-01,  9.0695283830026796E-01,  1.7689698100000001E-01,  5.9025099999999997E-04,0
748,  1.6250000000000001E-01,15,  1.0000000000000000E+00,  1.0000000000000000E+00,3,  5.1537697180731890E-01,105,6,501,498,3,  7.7902549604431703E-01,  1.0020000000000000E+00,  9.9600000000000000E-01,  8.7655516304521508E-01,  1.7244412600000000E-01,  6.0594600000000000E-04,0
749,  1.6250000000000001E-01,15,  1.0000000000000000E+00,  1.0000000000000000E+00,4,  5.1537697180731890E-01,105,6,501,498,3,  7.7902549604431703E-01,  1.0020000000000000E+00,  9.9600000000000000E-01,  8.7655516304521508E-01,  1.7692777200000001E-01,  6.3540299999999999E-04,0
750,  1.6250000000000001E-01,15,  1.0000000000000000E+00,  1.0000000000000000E+00,5,  5.1537697180731890E-01,105,6,501,498,3,  7.7902549604431703E-01,  1.0020000000000000E+00,  9.9600000000000000E-01,  8.7655516304521508E-01,  1.7694273899999999E-01,  7.6569500000000005E-04,0
751,  1.6250000000000001E-01,25,  2.5000000000000000E-01,  2.5000000000000000E-01,1,  5.1537697180731890E-01,70,23,444,444,0,  2.3311889071561653E-01,  8.8800000000000001E-01,  8.8800000000000001E-01,  3.6929103000544772E-01,  5.1760637999999998E-02,  5.7569100000000003E-04,0
752,  1.6250000000000001E-01,25,  2.5000000000000000E-01,  2.5000000000000000E-01,2,  5.1537697180731890E-01,70,26,447,444,3,  2.0888055415485363E-01,  8.9400000000000002E-01,  8.8800000000000001E-01,  3.3863905698752467E-01,  4.9755727000000000E-02,  5.6271499999999998E-04,0
753,  1.6250000000000001E-01,25,  2.5000000000000000E-01,  2.5000000000000000E-01,3,  5.1537697180731890E-01,70,26,447,444,3,  2.0888055415485363E-01,  8.9400000000000002E-01,  8.8800000000000001E-01,  3.3863905698752467E-01,  5.1708525999999998E-02,  5.7945600000000000E-04,0
754,  1.6250000000000001E-01,25,  2.5000000000000000E-01,  2.5000000000000000E-01,4,  5.1537697180731890E-01,70,30,459,444,15,  1.8630756711834803E-01,  9.1800000000000004E-01,  8.8800000000000001E-01,  3.0975128978051147E-01,  5.3380129999999998E-02,  6.1145500000000001E-04,0
755,  1.6250000000000001E-01,25,  2.5000000000000000E-01,  2.5000000000000000E-01,5,  5.1537697180731890E-01,70,30,459,444,15,  1.8630756711834803E-01,  9.1800000000000004E-01,  8.8800000000000001E-01,  3.0975128978051147E-01,  5.0020011000000003E-02,  5.7397000000000004E-04,0
756,  1.6250000000000001E-01,25,  2.5000000000000000E-01,  4.3750000000000000E-01,1,  5.1537697180731890E-01,70,23,444,444,0,  2.3311889071561653E-01,  8.8800000000000001E-01,  8.8800000000000001E-01,  3.6929103000544772E-01,  5.0792362000000001E-02,  5.5619800000000004E-04,0
757,  1.6250000000000001E-01,25,  2.5000000000000000E-01,  4.3750000000000000E-01,2,  5.1537697180731890E-01,70,26,447,444,3,  2.0888055415485363E-01,  8.9400000000000002E-01,  8.8800000000000001E-01,  3.3863905698752467E-01,  5.0724467000000002E-02,  5.7230400000000004E-04,0
758,  1.6250000000000001E-01,25,  2.5000000000000000E-01,  4.3750000000000000E-01,3,  5.1537697180731890E-01,70,26,447,444,3,  2.0888055415485363E-01,  8.9400000000000002E-01,  8.8800000000000001E-01,  3.3863905698752467E-01,  5.1191952999999998E-02,  5.6813299999999996E-04,0
759,  1.6250000000000001E-01,25,  2.5000000000000000E-01,  4.3750000000000000E-01,4,  5.1537697180731890E-01,70,30,459,444,15,  1.8630756711834803E-01,  9.1800000000000004E-01,  8.8800000000000001E-01,  3.0975128978051147E-01,  5.2356157000000000E-02,  7.6562500000000003E-04,0
760,  1.6250000000000001E-01,25,  2.5000000000000000E-01,  4.3750000000000000E-01,5,  5.1537697180731890E-01,70,30,459,444,15,  1.8630756711834803E-01,  9.1800000000000004E-01,  8.8800000000000001E-01,  3.0975128978051147E-01,  4.9538442000000002E-02,  6.0881100000000001E-04,0
761,  1.6250000000000001E-01,25,  2.5000000000000000E-01,  6.2500000000000000E-01,1,  5.1537697180731890E-01,70,23,444,444,0,  2.3311889071561653E-01,  8.8800000000000001E-01,  8.8800000000000001E-01,  3.6929103000544772E-01,  5.0551075000000001E-02,  5.5656800000000001E-04,0
762,  1.6250000000000001E-01,25,  2.5000000000000000E-01,  6.2500000000000000E-01,2,  5.1537697180731890E-01,70,26,447,444,3,  2.0888055415485363E-01,  8.9400000000000002E-01,  8.8800000000000001E-01,  3.3863905698752467E-01,  5.3112449999999999E-02,  5.8767100000000001E-04,0
763,  1.6250000000000001E-01,25,  2.5000000000000000E-01,  6.2500000000000000E-01,3,  5.1537697180731890E-01,70,26,447,444,3,  2.0888055415485363E-01,  8.9400000000000002E-01,  8.8800000000000001E-01,  3.3863905698752467E-01,  5.1455925000000000E-02,  5.7162100000000002E-04,0
764,  1.6250000000000001E-01,25,  2.5000000000000000E-01,  6.2500000000000000E-01,4,  5.1537697180731890E-01,70,30,459,444,15,  1.8630756711834803E-01,  9.1800000000000004E-01,  8.8800000000000001E-01,  3.0975128978051147E-01,  5.0216608000000003E-02,  5.9827399999999998E-04,0
765,  1.6250000000000001E-01,25,  2.5000000000000000E-01,  6.2500000000000000E-01,5,  5.1537697180731890E-01,70,30,459,444,15,  1.8630756711834803E-01,  9.1800000000000004E-01,  8.8800000000000001E-01,  3.0975128978051147E-01,  5.1409765000000003E-02,  5.8404400000000003E-04,0
766,  1.6250000000000001E-01,25,  2.5000000000000000E-01,  8.1250000000000000E-01,1,  5.1537697180731890E-01,70,23,444,444,0,  2.3311889071561653E-01,  8.8800000000000001E-01,  8.8800000000000001E-01,  3.6929103000544772E-01,  4.9923798999999998E-02,  5.7757200000000005E-04,0
767,  1.6250000000000001E-01,25,  2.5000000000000000E-01,  8.1250000000000000E-01,2,  5.1537697180731890E-01,70,26,447,444,3,  2.0888055415485363E-01,  8.9400000000000002E-01,  8.8800000000000001E-01,  3.3863905698752467E-01,  5.1036050999999999E-02,  7.7897000000000003E-04,0
768,  1.6250000000000001E-01,25,  2.5000000000000000E-01,  8.1250000000000000E-01,3,  5.1537697180731890E-01,70,26,447,444,3,  2.0888055415485363E-01,  8.9400000000000002E-01,  8.8800000000000001E-01,  3.3863905698752467E-01,  5.2533873000000002E-02,  5.6082199999999999E-04,0
769,  1.6250000000000001E-01,25,  2.5000000000000000E-01,  8.1250000000000000E-01,4,  5.1537697180731890E-01,70,30,459,444,15,  1.8630756711834803E-01,  9.1800000000000004E-01,  8.8800000000000001E-01,  3.0975128978051147E-01,  5.2785443000000001E-02,  5.9969099999999996E-04,0
770,  1.6250000000000001E-01,25,  2.5000000000000000E-01,  8.1250000000000000E-01,5,  5.1537697180731890E-01,70,30,459,444,15,  1.8630756711834803E-01,  9.1800000000000004E-01,  8.8800000000000001E-01,  3.0975128978051147E-01,  4.9314271999999999E-02,  9.2290700000000005E-04,0
771,  1.6250000000000001E-01,25,  2.5000000000000000E-01,  1.0000000000000000E+00,1,  5.1537697180731890E-01,70,23,444,444,0,  2.3311889071561653E-01,  8.8800000000000001E-01,  8.8800000000000001E-01,  3.6929103000544772E-01,  5.1987862000000003E-02,  5.5762200000000002E-04,0
772,  1.6250000000000001E-01,25,  2.5000000000000000E-01,  1.0000000000000000E+00,2,  5.1537697180731890E-01,70,26,447,444,3,  2.0888055415485363E-01,  8.9400000000000002E-01,  8.8800000000000001E-01,  3.3863905698752467E-01,  5.2073818000000001E-02,  6.1104699999999998E-04,0
773,  1.6250000000000001E-01,25,  2.5000000000000000E-01,  1.0000000000000000E+00,3,  5.1537697180731890E-01,70,26,447,444,3,  2.0888055415485363E-01,  8.9400000000000002E-01,  8.8800000000000001E-01,  3.3863905698752467E-01,  5.1477505999999999E-02,  5.8616199999999999E-04,0
774,  1.6250000000000001E-01,25,  2.5000000000000000E-01,  1.0000000000000000E+00,4,  5.1537697180731890E-01,70,30,459,444,15,  1.8630756711834803E-01,  9.1800000000000004E-01,  8.8800000000000001E-01,  3.0975128978051147E-01,  5.1186735999999997E-02,  6.0258899999999995E-04,0
775,  1.6250000000000001E-01,25,  2.5000000000000000E-01,  1.0000000000000000E+00,5,  5.1537697180731890E-01,70,30,459,444,15,  1.8630756711834803E-01,  9.1800000000000004E-01,  8.8800000000000001E-01,  3.0975128978051147E-01,  5.0408188999999999E-02,  6.6189000000000005E-04,0
776,  1.6250000000000001E-01,25,  4.3750000000000000E-01,  2.5000000000000000E-01,1,  5.1537697180731890E-01,70,12,479,479,0,  4.7212377908758257E-01,  9.5799999999999996E-01,  9.5799999999999996E-01,  6.3252508206592795E-01,  6.2996465000000001E-02,  5.8749699999999998E-04,0
777,  1.6250000000000001E-01,25,  4.3750000000000000E-01,  2.5000000000000000E-01,2,  5.1537697180731890E-01,70,12,479,479,0,  4.7212377908758257E-01,  9.5799999999999996E-01,  9.5799999999999996E-01,  6.3252508206592795E-01,  6.1538441999999999E-02,  5.7891500000000005E-04,0
778,  1.6250000000000001E-01,25,  4.3750000000000000E-01,  2.5000000000000000E-01,3,  5.1537697180731890E-01,70,13,481,479,2,  4.4595553803406601E-01,  9.6199999999999997E-01,  9.5799999999999996E-01,  6.0940735129718482E-01,  6.2746916999999999E-02,  6.1846299999999998E-04,0
779,  1.6250000000000001E-01,25,  4.3750000000000000E-01,  2.5000000000000000E-01,4,  5.1537697180731890E-01,70,13,481,479,2,  4.4595553803406601E-01,  9.6199999999999997E-01,  9.5799999999999996E-01,  6.0940735129718482E-01,  7.3794509999999994E-02,  6.0875000000000002E-04,0
780,  1.6250000000000001E-01,25,  4.3750000000000000E-01,  2.5000000000000000E-01,5,  5.1537697180731890E-01,70,16,493,479,14,  3.6909959843911361E-01,  9.8599999999999999E-01,  9.5799999999999996E-01,  5.3712982349070915E-01,  6.1956347000000002E-02,  8.5180100000000001E-04,0
781,  1.6250000000000001E-01,25,  4.3750000000000000E-01,  4.3750000000000000E-01,1,  5.1537697180731890E-01,70,12,479,479,0,  4.7212377908758257E-01,  9.5799999999999996E-01,  9.5799999999999996E-01,  6.3252508206592795E-01,  6.1109671999999997E-02,  5.9562500000000002E-04,0
782,  1.6250000000000001E-01,25,  4.3750000000000000E-01,  4.3750000000000000E-01,2,  5.1537697180731890E-01,70,12,479,479,0,  4.7212377908758257E-01,  9.5799999999999996E-01,  9.5799999999999996E-01,  6.3252508206592795E-01,  6.0547344000000003E-02,  6.1376800000000000E-04,0
783,  1.6250000000000001E-01,25,  4.3750000000000000E-01,  4.3750000000000000E-01,3,  5.1537697180731890E-01,70,13,481,479,2,  4.4595553803406601E-01,  9.6199999999999997E-01,  9.5799999999999996E-01,  6.0940735129718482E-01,  6.0554519000000001E-02,  6.2013300000000003E-04,0
784,  1.6250000000000001E-01,25,  4.3750000000000000E-01,  4.3750000000000000E-01,4,  5.1537697180731890E-01,70,13,481,479,2,  4.4595553803406601E-01,  9.6199999999999997E-01,  9.5799999999999996E-01,  6.0940735129718482E-01,  6.0101539000000002E-02,  5.9874699999999995E-04,0
785,  1.6250000000000001E-01,25,  4.3750000000000000E-01,  4.3750000000000000E-01,5,  5.1537697180731890E-01,70,16,493,479,14,  3.6909959843911361E-01,  9.8599999999999999E-01,  9.5799999999999996E-01,  5.3712982349070915E-01,  7.5428495999999998E-02,  6.9047499999999996E-04,0
786,  1.6250000000000001E-01,25,  4.3750000000000000E-01,  6.2500000000000000E-01,1,  5.1537697180731890E-01,70,12,479,479,0,  4.7212377908758257E-01,  9.5799999999999996E-01,  9.5799999999999996E-01,  6.3252508206592795E-01,  6.2811925000000005E-02,  6.3210800000000004E-04,0
787,  1.6250000000000001E-01,25,  4.3750000000000000E-01,  6.2500000000000000E-01,2,  5.1537697180731890E-01,70,12,479,479,0,  4.7212377908758257E-01,  9.5799999999999996E-01,  9.5799999999999996E-01,  6.3252508206592795E-01,  6.1846999000000000E-02,  6.5437000000000004E-04,0
788,  1.6250000000000001E-01,25,  4.3750000000000000E-01,  6.2500000000000000E-01,3,  5.1537697180731890E-01,70,13,481,479,2,  4.4595553803406601E-01,  9.6199999999999997E-01,  9.5799999999999996E-01,  6.0940735129718482E-01,  6.0010302000000001E-02,  5.8710000000000001E-04,0
789,  1.6250000000000001E-01,25,  4.3750000000000000E-01,  6.2500000000000000E-01,4,  5.1537697180731890E-01,70,13,481,479,2,  4.4595553803406601E-01,  9.6199999999999997E-01,  9.5799999999999996E-01,  6.0940735129718482E-01,  6.1204436000000001E-02,  6.5614099999999995E-04,0
790,  1.6250000000000001E-01,25,  4.3750000000000000E-01,  6.2500000000000000E-01,5,  5.1537697180731890E-01,70,16,493,479,14,  3.6909959843911361E-01,  9.8599999999999999E-01,  9.5799999999999996E-01,  5.3712982349070915E-01,  6.4537784000000001E-02,  7.0314700000000000E-04,0
791,  1.6250000000000001E-01,25,  4.3750000000000000E-01,  8.1250000000000000E-01,1,  5.1537697180731890E-01,70,12,479,479,0,  4.7212377908758257E-01,  9.5799999999999996E-01,  9.5799999999999996E-01,  6.3252508206592795E-01,  6.0439800000000002E-02,  5.8066800000000000E-04,0
792,  1.6250000000000001E-01,25,  4.3750000000000000E-01,  8.1250000000000000E-01,2,  5.1537697180731890E-01,70,12,479,479,0,  4.7212377908758257E-01,  9.5799999999999996E-01,  9.5799999999999996E-01,  6.3252508206592795E-01,  6.2747927999999994E-02,  6.5024899999999999E-04,0
793,  1.6250000000000001E-01,25,  4.3750000000000000E-01,  8.1250000000000000E-01,3,  5.1537697180731890E-01,70,13,481,479,2,  4.4595553803406601E-01,  9.6199999999999997E-01,  9.5799999999999996E-01,  6.0940735129718482E-01,  6.2293020999999997E-02,  6.0513799999999996E-04,0
794,  1.6250000000000001E-01,25,  4.3750000000000000E-01,  8.1250000000000000E-01,4,  5.1537697180731890E-01,70,13,481,479,2,  4.4595553803406601E-01,  9.6199999999999997E-01,  9.5799999999999996E-01,  6.0940735129718482E-01,  6.1788553000000003E-02,  6.1615300000000003E-04,0
795,  1.6250000000000001E-01,25,  4.3750000000000000E-01,  8.1250000000000000E-01,5,  5.1537697180731890E-01,70,16,493,479,14,  3.6909959843911361E-01,  9.8599999999999999E-01,  9.5799999999999996E-01,  5.3712982349070915E-01,  6.6299281000000002E-02,  6.2732399999999996E-04,0
796,  1.6250000000000001E-01,25,  4.3750000000000000E-01,  1.0000000000000000E+00,1,  5.1537697180731890E-01,70,12,479,479,0,  4.7212377908758257E-01,  9.5799999999999996E-01,  9.5799999999999996E-01,  6.3252508206592795E-01,  6.1026622000000003E-02,  6.3716599999999999E-04,0
797,  1.6250000000000001E-01,25,  4.3750000000000000E-01,  1.0000000000000000E+00,2,  5.1537697180731890E-01,70,12,479,479,0,  4.7212377908758257E-01,  9.5799999999999996E-01,  9.5799999999999996E-01,  6.3252508206592795E-01,  6.1083766999999997E-02,  6.0927300000000002E-04,0
798,  1.6250000000000001E-01,25,  4.3750000000000000E-01,  1.0000000000000000E+00,3,  5.1537697180731890E-01,70,13,481,479,2,  4.4595553803406601E-01,  9.6199999999999997E-01,  9.5799999999999996E-01,  6.0940735129718482E-01,  5.9283991000000001E-02,  6.5031099999999999E-04,0
799,  1.6250000000000001E-01,25,  4.3750000000000000E-01,  1.0000000000000000E+00,4,  5.1537697180731890E-01,70,13,481,479,2,  4.4595553803406601E-01,  9.6199999999999997E-01,  9.5799999999999996E-01,  6.0940735129718482E-01,  6.0597311000000001E-02,  6.2782500000000004E-04,0
800,  1.6250000000000001E-01,25,  4.3750000000000000E-01,  1.0000000000000000E+00,5,  5.1537697180731890E-01,70,16,493,479,14,  3.6909959843911361E-01,  9.8599999999999999E-01,  9.5799999999999996E-01,  5.3712982349070915E-01,  6.2682662000000000E-02,  6.2158199999999997E-04,0
801,  1.6250000000000001E-01,25,  6.2500000000000000E-01,  2.5000000000000000E-01,1,  5.1537697180731890E-01,70,7,483,483,0,  6.5206333581340548E-01,  9.6599999999999997E-01,  9.6599999999999997E-01,  7.7857667058391189E-01,  7.4463998000000003E-02,  6.8920400000000001E-04,0
802,  1.6250000000000001E-01,25,  6.2500000000000000E-01,  2.5000000000000000E-01,2,  5.1537697180731890E-01,70,9,485,483,2,  5.7499508252203935E-01,  9.6999999999999997E-01,  9.6599999999999997E-01,  7.2200259580880821E-01,  7.3869554000000004E-02,  5.9408499999999995E-04,0
803,  1.6250000000000001E-01,25,  6.2500000000000000E-01,  2.5000000000000000E-01,3,  5.1537697180731890E-01,70,10,487,483,4,  5.3792070092340527E-01,  9.7399999999999998E-01,  9.6599999999999997E-01,  6.9307174956914563E-01,  7.4457095000000001E-02,  5.8584999999999996E-04,0
804,  1.6250000000000001E-01,25,  6.2500000000000000E-01,  2.5000000000000000E-01,4,  5.1537697180731890E-01,70,10,487,483,4,  5.3792070092340527E-01,  9.7399999999999998E-01,  9.6599999999999997E-01,  6.9307174956914563E-01,  7.2049166999999997E-02,  5.8242600000000004E-04,0
805,  1.6250000000000001E-01,25,  6.2500000000000000E-01,  2.5000000000000000E-01,5,  5.1537697180731890E-01,70,11,491,483,8,  5.1360184004328591E-01,  9.8199999999999998E-01,  9.6599999999999997E-01,  6.7445357904602421E-01,  7.2590770999999998E-02,  5.8832700000000003E-04,0
806,  1.6250000000000001E-01,25,  6.2500000000000000E-01,  4.3750000000000000E-01,1,  5.1537697180731890E-01,70,7,483,483,0,  6.5206333581340548E-01,  9.6599999999999997E-01,  9.6599999999999997E-01,  7.7857667058391189E-01,  7.3806480999999993E-02,  7.6947500000000004E-04,0
807,  1.6250000000000001E-01,25,  6.2500000000000000E-01,  4.3750000000000000E-01,2,  5.1537697180731890E-01,70,9,485,483,2,  5.7499508252203935E-01,  9.6999999999999997E-01,  9.6599999999999997E-01,  7.2200259580880821E-01,  7.5420928999999998E-02,  5.8618799999999997E-04,0
808,  1.6250000000000001E-01,25,  6.2500000000000000E-01,  4.3750000000000000E-01,3,  5.1537697180731890E-01,70,10,487,483,4,  5.3792070092340527E-01,  9.7399999999999998E-01,  9.6599999999999997E-01,  6.9307174956914563E-01,  7.4063543999999995E-02,  6.8677300000000001E-04,0
809,  1.6250000000000001E-01,25,  6.2500000000000000E-01,  4.3750000000000000E-01,4,  5.1537697180731890E-01,70,10,487,483,4,  5.3792070092340527E-01,  9.7399999999999998E-01,  9.6599999999999997E-01,  6.9307174956914563E-01,  7.5924485999999999E-02,  6.6227799999999998E-04,0
810,  1.6250000000000001E-01,25,  6.2500000000000000E-01,  4.3750000000000000E-01,5,  5.1537697180731890E-01,70,11,491,483,8,  5.1360184004328591E-01,  9.8199999999999998E-01,  9.6599999999999997E-01,  6.7445357904602421E-01,  7.7700161000000004E-02,  6.1767899999999999E-04,0
811,  1.6250000000000001E-01,25,  6.2500000000000000E-01,  6.2500000000000000E-01,1,  5.1537697180731890E-01,70,7,483,483,0,  6.5206333581340548E-01,  9.6599999999999997E-01,  9.6599999999999997E-01,  7.7857667058391189E-01,  7.2208757999999998E-02,  6.0078799999999999E-04,0
812,  1.6250000000000001E-01,25,  6.2500000000000000E-01,  6.2500000000000000E-01,2,  5.1537697180731890E-01,70,9,485,483,2,  5.7499508252203935E-01,  9.6999999999999997E-01,  9.6599999999999997E-01,  7.2200259580880821E-01,  7.3969434000000001E-02,  7.9924200000000003E-04,0
813,  1.6250000000000001E-01,25,  6.2500000000000000E-01,  6.2500000000000000E-01,3,  5.1537697180731890E-01,70,10,487,483,4,  5.3792070092340527E-01,  9.7399999999999998E-01,  9.6599999999999997E-01,  6.9307174956914563E-01,  7.4119662000000003E-02,  6.3150000000000001E-04,0
814,  1.6250000000000001E-01,25,  6.2500000000000000E-01,  6.2500000000000000E-01,4,  5.1537697180731890E-01,70,10,487,483,4,  5.3792070092340527E-01,  9.7399999999999998E-01,  9.6599999999999997E-01,  6.9307174956914563E-01,  7.1744349999999998E-02,  6.5576499999999999E-04,0
815,  1.6250000000000001E-01,25,  6.2500000000000000E-01,  6.2500000000000000E-01,5,  5.1537697180731890E-01,70,11,491,483,8,  5.1360184004328591E-01,  9.8199999999999998E-01,  9.6599999999999997E-01,  6.7445357904602421E-01,  7.4414313999999995E-02,  5.9539300000000005E-04,0
816,  1.6250000000000001E-01,25,  6.2500000000000000E-01,  8.1250000000000000E-01,1,  5.1537697180731890E-01,70,7,483,483,0,  6.5206333581340548E-01,  9.6599999999999997E-01,  9.6599999999999997E-01,  7.7857667058391189E-01,  7.0910853999999995E-02,  6.6222399999999999E-04,0
817,  1.6250000000000001E-01,25,  6.2500000000000000E-01,  8.1250000000000000E-01,2,  5.1537697180731890E-01,70,9,485,483,2,  5.7499508252203935E-01,  9.6999999999999997E-01,  9.6599999999999997E-01,  7.2200259580880821E-01,  7.2379890000000002E-02,  6.0790400000000004E-04,0
818,  1.6250000000000001E-01,25,  6.2500000000000000E-01,  8.1250000000000000E-01,3,  5.1537697180731890E-01,70,10,487,483,4,  5.3792070092340527E-01,  9.7399999999999998E-01,  9.6599999999999997E-01,  6.9307174956914563E-01,  7.1818327000000001E-02,  5.8964200000000003E-04,0
819,  1.6250000000000001E-01,25,  6.2500000000000000E-01,  8.1250000000000000E-01,4,  5.1537697180731890E-01,70,10,487,483,4,  5.3792070092340527E-01,  9.7399999999999998E-01,  9.6599999999999997E-01,  6.9307174956914563E-01,  7.2463778000000006E-02,  5.8250200000000004E-04,0
820,  1.6250000000000001E-01,25,  6.2500000000000000E-01,  8.1250000000000000E-01,5,  5.1537697180731890E-01,70,11,491,483,8,  5.1360184004328591E-01,  9.8199999999999998E-01,  9.6599999999999997E-01,  6.7445357904602421E-01,  7.3289757999999997E-02,  6.2260600000000005E-04,0
821,  1.6250000000000001E-01,25,  6.2500000000000000E-01,  1.0000000000000000E+00,1,  5.1537697180731890E-01,70,7,483,483,0,  6.5206333581340548E-01,  9.6599999999999997E-01,  9.6599999999999997E-01,  7.7857667058391189E-01,  7.1187070000000005E-02,  6.0038300000000001E-04,0
822,  1.6250000000000001E-01,25,  6.2500000000000000E-01,  1.0000000000000000E+00,2,  5.1537697180731890E-01,70,9,485,483,2,  5.7499508252203935E-01,  9.6999999999999997E-01,  9.6599999999999997E-01,  7.2200259580880821E-01,  7.5656423000000000E-02,  6.2237499999999999E-04,0
823,  1.6250000000000001E-01,25,  6.2500000000000000E-01,  1.0000000000000000E+00,3,  5.1537697180731890E-01,70,10,487,483,4,  5.3792070092340527E-01,  9.7399999999999998E-01,  9.6599999999999997E-01,  6.9307174956914563E-01,  7.1993899000000000E-02,  6.0401599999999997E-04,0
824,  1.6250000000000001E-01,25,  6.2500000000000000E-01,  1.0000000000000000E+00,4,  5.1537697180731890E-01,70,10,487,483,4,  5.3792070092340527E-01,  9.7399999999999998E-01,  9.6599999999999997E-01,  6.9307174956914563E-01,  7.2364409000000005E-02,  5.8921099999999997E-04,0
825,  1.6250000000000001E-01,25,  6.2500000000000000E-01,  1.0000000000000000E+00,5,  5.1537697180731890E-01,70,11,491,483,8,  5.1360184004328591E-01,  9.8199999999999998E-01,  9.6599999999999997E-01,  6.7445357904602421E-01,  7.3878084999999996E-02,  5.9851100000000003E-04,0
826,  1.6250000000000001E-01,25,  8.1250000000000000E-01,  2.5000000000000000E-01,1,  5.1537697180731890E-01,70,4,492,492,0,  8.2031366846017306E-01,  9.8399999999999999E-01,  9.8399999999999999E-01,  8.9473206779359660E-01,  8.6647270999999998E-02,  6.0940600000000005E-04,0
827,  1.6250000000000001E-01,25,  8.1250000000000000E-01,  2.5000000000000000E-01,2,  5.1537697180731890E-01,70,6,494,492,2,  7.1701990579617503E-01,  9.8799999999999999E-01,  9.8399999999999999E-01,  8.3097641795075650E-01,  8.4809808000000000E-02,  7.3964699999999996E-04,0
828,  1.6250000000000001E-01,25,  8.1250000000000000E-01,  2.5000000000000000E-01,3,  5.1537697180731890E-01,70,7,496,492,4,  6.7203448881108374E-01,  9.9199999999999999E-01,  9.8399999999999999E-01,  8.0125528332878215E-01,  8.3021130999999998E-02,  5.9889299999999997E-04,0
829,  1.6250000000000001E-01,25,  8.1250000000000000E-01,  2.5000000000000000E-01,4,  5.1537697180731890E-01,70,7,496,492,4,  6.7203448881108374E-01,  9.9199999999999999E-01,  9.8399999999999999E-01,  8.0125528332878215E-01,  8.5862248000000002E-02,  7.9084999999999995E-04,0
830,  1.6250000000000001E-01,25,  8.1250000000000000E-01,  2.5000000000000000E-01,5,  5.1537697180731890E-01,70,8,500,492,8,  6.2757089329120164E-01,  1.0000000000000000E+00,  9.8399999999999999E-01,  7.7117487892912073E-01,  8.3768993000000000E-02,  6.0886800000000004E-04,0
831,  1.6250000000000001E-01,25,  8.1250000000000000E-01,  4.3750000000000000E-01,1,  5.1537697180731890E-01,70,4,492,492,0,  8.2031366846017306E-01,  9.8399999999999999E-01,  9.8399999999999999E-01,  8.9473206779359660E-01,  8.2702353000000006E-02,  6.1315499999999999E-04,0
832,  1.6250000000000001E-01,25,  8.1250000000000000E-01,  4.3750000000000000E-01,2,  5.1537697180731890E-01,70,6,494,492,2,  7.1701990579617503E-01,  9.8799999999999999E-01,  9.8399999999999999E-01,  8.3097641795075650E-01,  8.2531768000000005E-02,  6.1509300000000004E-04,0
833,  1.6250000000000001E-01,25,  8.1250000000000000E-01,  4.3750000000000000E-01,3,  5.1537697180731890E-01,70,7,496,492,4,  6.7203448881108374E-01,  9.9199999999999999E-01,  9.8399999999999999E-01,  8.0125528332878215E-01,  8.4350686999999994E-02,  6.2494799999999995E-04,0
834,  1.6250000000000001E-01,25,  8.1250000000000000E-01,  4.3750000000000000E-01,4,  5.1537697180731890E-01,70,7,496,492,4,  6.7203448881108374E-01,  9.9199999999999999E-01,  9.8399999999999999E-01,  8.0125528332878215E-01,  8.4735526000000005E-02,  7.3650400000000002E-04,0
835,  1.6250000000000001E-01,25,  8.1250000000000000E-01,  4.3750000000000000E-01,5,  5.1537697180731890E-01,70,8,500,492,8,  6.2757089329120164E-01,  1.0000000000000000E+00,  9.8399999999999999E-01,  7.7117487892912073E-01,  8.4456340000000005E-02,  6.2048300000000002E-04,0
836,  1.6250000000000001E-01,25,  8.1250000000000000E-01,  6.2500000000000000E-01,1,  5.1537697180731890E-01,70,4,492,492,0,  8.2031366846017306E-01,  9.8399999999999999E-01,  9.8399999999999999E-01,  8.9473206779359660E-01,  8.2839349000000007E-02,  6.1833899999999998E-04,0
837,  1.6250000000000001E-01,25,  8.1250000000000000E-01,  6.2500000000000000E-01,2,  5.1537697180731890E-01,70,6,494,492,2,  7.1701990579617503E-01,  9.8799999999999999E-01,  9.8399999999999999E-01,  8.3097641795075650E-01,  8.3358956999999997E-02,  6.8296399999999999E-04,0
838,  1.6250000000000001E-01,25,  8.1250000000000000E-01,  6.2500000000000000E-01,3,  5.1537697180731890E-01,70,7,496,492,4,  6.7203448881108374E-01,  9.9199999999999999E-01,  9.8399999999999999E-01,  8.0125528332878215E-01,  8.2662768999999997E-02,  6.1240899999999996E-04,0
839,  1.6250000000000001E-01,25,  8.1250000000000000E-01,  6.2500000000000000E-01,4,  5.1537697180731890E-01,70,7,496,492,4,  6.7203448881108374E-01,  9.9199999999999999E-01,  9.8399999999999999E-01,  8.0125528332878215E-01,  8.2883624000000003E-02,  6.3164099999999995E-04,0
840,  1.6250000000000001E-01,25,  8.1250000000000000E-01,  6.2500000000000000E-01,5,  5.1537697180731890E-01,70,8,500,492,8,  6.2757089329120164E-01,  1.0000000000000000E+00,  9.8399999999999999E-01,  7.7117487892912073E-01,  8.3587720000000004E-02,  7.8179100000000000E-04,0
841,  1.6250000000000001E-01,25,  8.1250000000000000E-01,  8.1250000000000000E-01,1,  5.1537697180731890E-01,70,4,492,492,0,  8.2031366846017306E-01,  9.8399999999999999E-01,  9.8399999999999999E-01,  8.9473206779359660E-01,  8.4248512999999997E-02,  5.9373399999999995E-04,0
842,  1.6250000000000001E-01,25,  8.1250000000000000E-01,  8.1250000000000000E-01,2,  5.1537697180731890E-01,70,6,494,492,2,  7.1701990579617503E-01,  9.8799999999999999E-01,  9.8399999999999999E-01,  8.3097641795075650E-01,  8.4634728000000006E-02,  6.2824599999999995E-04,0
843,  1.6250000000000001E-01,25,  8.1250000000000000E-01,  8.1250000000000000E-01,3,  5.1537697180731890E-01,70,7,496,492,4,  6.7203448881108374E-01,  9.9199999999999999E-01,  9.8399999999999999E-01,  8.0125528332878215E-01,  8.6622099999999994E-02,  6.2836800000000003E-04,0
844,  1.6250000000000001E-01,25,  8.1250000000000000E-01,  8.1250000000000000E-01,4,  5.1537697180731890E-01,70,7,496,492,4,  6.7203448881108374E-01,  9.9199999999999999E-01,  9.8399999999999999E-01,  8.0125528332878215E-01,  9.0447418000000002E-02,  8.5164799999999999E-04,0
845,  1.6250000000000001E-01,25,  8.1250000000000000E-01,  8.1250000000000000E-01,5,  5.1537697180731890E-01,70,8,500,492,8,  6.2757089329120164E-01,  1.0000000000000000E+00,  9.8399999999999999E-01,  7.7117487892912073E-01,  8.4926198999999994E-02,  6.2455599999999996E-04,0
846,  1.6250000000000001E-01,25,  8.1250000000000000E-01,  1.0000000000000000E+00,1,  5.1537697180731890E-01,70,4,492,492,0,  8.2031366846017306E-01,  9.8399999999999999E-01,  9.8399999999999999E-01,  8.9473206779359660E-01,  8.4013283999999994E-02,  6.3217999999999998E-04,0
847,  1.6250000000000001E-01,25,  8.1250000000000000E-01,  1.0000000000000000E+00,2,  5.1537697180731890E-01,70,6,494,492,2,  7.1701990579617503E-01,  9.8799999999999999E-01,  9.8399999999999999E-01,  8.3097641795075650E-01,  8.7672198000000007E-02,  5.8483700000000005E-04,0
848,  1.6250000000000001E-01,25,  8.1250000000000000E-01,  1.0000000000000000E+00,3,  5.1537697180731890E-01,70,7,496,492,4,  6.7203448881108374E-01,  9.9199999999999999E-01,  9.8399999999999999E-01,  8.0125528332878215E-01,  8.2014458999999998E-02,  6.5051599999999996E-04,0
849,  1.6250000000000001E-01,25,  8.1250000000000000E-01,  1.0000000000000000E+00,4,  5.1537697180731890E-01,70,7,496,492,4,  6.7203448881108374E-01,  9.9199999999999999E-01,  9.8399999999999999E-01,  8.0125528332878215E-01,  8.5671301000000005E-02,  5.9278000000000000E-04,0
850,  1.6250000000000001E-01,25,  8.1250000000000000E-01,  1.0000000000000000E+00,5,  5.1537697180731890E-01,70,8,500,492,8,  6.2757089329120164E-01,  1.0000000000000000E+00,  9.8399999999999999E-01,  7.7117487892912073E-01,  8.2830841000000002E-02,  6.4754199999999997E-04,0
851,  1.6250000000000001E-01,25,  1.0000000000000000E+00,  2.5000000000000000E-01,1,  5.1537697180731890E-01,70,2,493,493,0,  9.6607744796999795E-01,  9.8599999999999999E-01,  9.8599999999999999E-01,  9.7593706099006994E-01,  1.1085964299999999E-01,  6.3399599999999995E-04,0
852,  1.6250000000000001E-01,25,  1.0000000000000000E+00,  2.5000000000000000E-01,2,  5.1537697180731890E-01,70,2,493,493,0,  9.6607744796999795E-01,  9.8599999999999999E-01,  9.8599999999999999E-01,  9.7593706099006994E-01,  1.0810707899999999E-01,  5.8022000000000000E-04,0
853,  1.6250000000000001E-01,25,  1.0000000000000000E+00,  2.5000000000000000E-01,3,  5.1537697180731890E-01,70,3,495,493,2,  8.9506210930387620E-01,  9.8999999999999999E-01,  9.8599999999999999E-01,  9.4014036337302909E-01,  1.0708591400000000E-01,  5.8798200000000002E-04,0
854,  1.6250000000000001E-01,25,  1.0000000000000000E+00,  2.5000000000000000E-01,4,  5.1537697180731890E-01,70,4,498,493,5,  8.3579849388414107E-01,  9.9600000000000000E-01,  9.8599999999999999E-01,  9.0889396698156266E-01,  1.1076422100000000E-01,  6.3819600000000005E-04,0
855,  1.6250000000000001E-01,25,  1.0000000000000000E+00,  2.5000000000000000E-01,5,  5.1537697180731890E-01,70,4,498,493,5,  8.3579849388414107E-01,  9.9600000000000000E-01,  9.8599999999999999E-01,  9.0889396698156266E-01,  1.1024251700000000E-01,  6.7918399999999999E-04,0
856,  1.6250000000000001E-01,25,  1.0000000000000000E+00,  4.3750000000000000E-01,1,  5.1537697180731890E-01,70,2,493,493,0,  9.6607744796999795E-01,  9.8599999999999999E-01,  9.8599999999999999E-01,  9.7593706099006994E-01,  1.0899840299999999E-01,  6.0371000000000003E-04,0
857,  1.6250000000000001E-01,25,  1.0000000000000000E+00,  4.3750000000000000E-01,2,  5.1537697180731890E-01,70,2,493,493,0,  9.6607744796999795E-01,  9.8599999999999999E-01,  9.8599999999999999E-01,  9.7593706099006994E-01,  1.0904670900000001E-01,  6.1707099999999996E-04,0
858,  1.6250000000000001E-01,25,  1.0000000000000000E+00,  4.3750000000000000E-01,3,  5.1537697180731890E-01,70,3,495,493,2,  8.9506210930387620E-01,  9.8999999999999999E-01,  9.8599999999999999E-01,  9.4014036337302909E-01,  1.1224828800000000E-01,  6.4660800000000001E-04,0
859,  1.6250000000000001E-01,25,  1.0000000000000000E+00,  4.3750000000000000E-01,4,  5.1537697180731890E-01,70,4,498,493,5,  8.3579849388414107E-01,  9.9600000000000000E-01,  9.8599999999999999E-01,  9.0889396698156266E-01,  1.1135409200000000E-01,  6.8181199999999996E-04,0
860,  1.6250000000000001E-01,25,  1.0000000000000000E+00,  4.3750000000000000E-01,5,  5.1537697180731890E-01,70,4,498,493,5,  8.3579849388414107E-01,  9.9600000000000000E-01,  9.8599999999999999E-01,  9.0889396698156266E-01,  1.0960351300000000E-01,  6.1911799999999999E-04,0
861,  1.6250000000000001E-01,25,  1.0000000000000000E+00,  6.2500000000000000E-01,1,  5.1537697180731890E-01,70,2,493,493,0,  9.6607744796999795E-01,  9.8599999999999999E-01,  9.8599999999999999E-01,  9.7593706099006994E-01,  1.0608749000000001E-01,  5.8759700000000003E-04,0
862,  1.6250000000000001E-01,25,  1.0000000000000000E+00,  6.2500000000000000E-01,2,  5.1537697180731890E-01,70,2,493,493,0,  9.6607744796999795E-01,  9.8599999999999999E-01,  9.8599999999999999E-01,  9.7593706099006994E-01,  1.0999370900000000E-01,  8.1612299999999998E-04,0
863,  1.6250000000000001E-01,25,  1.0000000000000000E+00,  6.2500000000000000E-01,3,  5.1537697180731890E-01,70,3,495,493,2,  8.9506210930387620E-01,  9.8999999999999999E-01,  9.8599999999999999E-01,  9.4014036337302909E-01,  1.1064347300000001E-01,  6.3468599999999997E-04,0
864,  1.6250000000000001E-01,25,  1.0000000000000000E+00,  6.2500000000000000E-01,4,  5.1537697180731890E-01,70,4,498,493,5,  8.3579849388414107E-01,  9.9600000000000000E-01,  9.8599999999999999E-01,  9.0889396698156266E-01,  1.1043005800000000E-01,  6.9964699999999996E-04,0
865,  1.6250000000000001E-01,25,  1.0000000000000000E+00,  6.2500000000000000E-01,5,  5.1537697180731890E-01,70,4,498,493,5,  8.3579849388414107E-01,  9.9600000000000000E-01,  9.8599999999999999E-01,  9.0889396698156266E-01,  1.0949392300000001E-01,  6.6297299999999997E-04,0
866,  1.6250000000000001E-01,25,  1.0000000000000000E+00,  8.1250000000000000E-01,1,  5.1537697180731890E-01,70,2,493,493,0,  9.6607744796999795E-01,  9.8599999999999999E-01,  9.8599999999999999E-01,  9.7593706099006994E-01,  1.0826489200000000E-01,  6.1644800000000002E-04,0
867,  1.6250000000000001E-01,25,  1.0000000000000000E+00,  8.1250000000000000E-01,2,  5.1537697180731890E-01,70,2,493,493,0,  9.6607744796999795E-01,  9.8599999999999999E-01,  9.8599999999999999E-01,  9.7593706099006994E-01,  1.0886923799999999E-01,  6.1401800000000003E-04,0
868,  1.6250000000000001E-01,25,  1.0000000000000000E+00,  8.1250000000000000E-01,3,  5.1537697180731890E-01,70,3,495,493,2,  8.9506210930387620E-01,  9.8999999999999999E-01,  9.8599999999999999E-01,  9.4014036337302909E-01,  1.0975593600000000E-01,  6.2396200000000004E-04,0
869,  1.6250000000000001E-01,25,  1.0000000000000000E+00,  8.1250000000000000E-01,4,  5.1537697180731890E-01,70,4,498,493,5,  8.3579849388414107E-01,  9.9600000000000000E-01,  9.8599999999999999E-01,  9.0889396698156266E-01,  1.1125979499999999E-01,  6.2388000000000005E-04,0
870,  1.6250000000000001E-01,25,  1.0000000000000000E+00,  8.1250000000000000E-01,5,  5.1537697180731890E-01,70,4,498,493,5,  8.3579849388414107E-01,  9.9600000000000000E-01,  9.8599999999999999E-01,  9.0889396698156266E-01,  1.1048888200000000E-01,  7.5102399999999998E-04,0
871,  1.6250000000000001E-01,25,  1.0000000000000000E+00,  1.0000000000000000E+00,1,  5.1537697180731890E-01,70,2,493,493,0,  9.6607744796999795E-01,  9.8599999999999999E-01,  9.8599999999999999E-01,  9.7593706099006994E-01,  1.0790664500000000E-01,  6.6523699999999995E-04,0
872,  1.6250000000000001E-01,25,  1.0000000000000000E+00,  1.0000000000000000E+00,2,  5.1537697180731890E-01,70,2,493,493,0,  9.6607744796999795E-01,  9.8599999999999999E-01,  9.8599999999999999E-01,  9.7593706099006994E-01,  1.1201812999999999E-01,  6.3425799999999996E-04,0
873,  1.6250000000000001E-01,25,  1.0000000000000000E+00,  1.0000000000000000E+00,3,  5.1537697180731890E-01,70,3,495,493,2,  8.9506210930387620E-01,  9.8999999999999999E-01,  9.8599999999999999E-01,  9.4014036337302909E-01,  1.0803160000000001E-01,  5.8711199999999999E-04,0
874,  1.6250000000000001E-01,25,  1.0000000000000000E+00,  1.0000000000000000E+00,4,  5.1537697180731890E-01,70,4,498,493,5,  8.3579849388414107E-01,  9.9600000000000000E-01,  9.8599999999999999E-01,  9.0889396698156266E-01,  1.0742837900000000E-01,  6.2318400000000004E-04,0
875,  1.6250000000000001E-01,25,  1.0000000000000000E+00,  1.0000000000000000E+00,5,  5.1537697180731890E-01,70,4,498,493,5,  8.3579849388414107E-01,  9.9600000000000000E-01,  9.8599999999999999E-01,  9.0889396698156266E-01,  1.0780107500000000E-01,  5.9958199999999998E-04,0
876,  1.6250000000000001E-01,35,  2.5000000000000000E-01,  2.5000000000000000E-01,1,  5.1537697180731890E-01,54,21,399,399,0,  2.1131831759088929E-01,  7.9800000000000004E-01,  7.9800000000000004E-01,  3.3415031610648305E-01,  4.0121080000000003E-02,  5.5481900000000002E-04,0
877,  1.6250000000000001E-01,35,  2.5000000000000000E-01,  2.5000000000000000E-01,2,  5.1537697180731890E-01,54,24,402,399,3,  1.9089198487526737E-01,  8.0400000000000005E-01,  7.9800000000000004E-01,  3.0853028906239877E-01,  3.8032036999999998E-02,  5.0823500000000000E-04,0
878,  1.6250000000000001E-01,35,  2.5000000000000000E-01,  2.5000000000000000E-01,3,  5.1537697180731890E-01,54,25,404,399,5,  1.8494902840548136E-01,  8.0800000000000005E-01,  7.9800000000000004E-01,  3.0099997215688701E-01,  3.8794594000000002E-02,  6.3828400000000003E-04,0
879,  1.6250000000000001E-01,35,  2.5000000000000000E-01,  2.5000000000000000E-01,4,  5.1537697180731890E-01,54,26,407,399,8,  1.8095198844398089E-01,  8.1399999999999995E-01,  7.9800000000000004E-01,  2.9608447503835233E-01,  3.9505064999999999E-02,  5.3489200000000003E-04,0
880,  1.6250000000000001E-01,35,  2.5000000000000000E-01,  2.5000000000000000E-01,5,  5.1537697180731890E-01,54,28,415,399,16,  1.7030000167132375E-01,  8.2999999999999996E-01,  7.9800000000000004E-01,  2.8261321833655828E-01,  3.7728510000000000E-02,  6.0895600000000002E-04,0
881,  1.6250000000000001E-01,35,  2.5000000000000000E-01,  4.3750000000000000E-01,1,  5.1537697180731890E-01,54,21,399,399,0,  2.1131831759088929E-01,  7.9800000000000004E-01,  7.9800000000000004E-01,  3.3415031610648305E-01,  4.1564807000000002E-02,  5.0739299999999997E-04,0
882,  1.6250000000000001E-01,35,  2.5000000000000000E-01,  4.3750000000000000E-01,2,  5.1537697180731890E-01,54,24,402,399,3,  1.9089198487526737E-01,  8.0400000000000005E-01,  7.9800000000000004E-01,  3.0853028906239877E-01,  3.7980673999999999E-02,  5.0162099999999995E-04,0
883,  1.6250000000000001E-01,35,  2.5000000000000000E-01,  4.3750000000000000E-01,3,  5.1537697180731890E-01,54,25,404,399,5,  1.8494902840548136E-01,  8.0800000000000005E-01,  7.9800000000000004E-01,  3.0099997215688701E-01,  3.8931838000000003E-02,  5.2075600000000004E-04,0
884,  1.6250000000000001E-01,35,  2.5000000000000000E-01,  4.3750000000000000E-01,4,  5.1537697180731890E-01,54,26,407,399,8,  1.8095198844398089E-01,  8.1399999999999995E-01,  7.9800000000000004E-01,  2.9608447503835233E-01,  3.9574810000000002E-02,  5.2297300000000004E-04,0
885,  1.6250000000000001E-01,35,  2.5000000000000000E-01,  4.3750000000000000E-01,5,  5.1537697180731890E-01,54,28,415,399,16,  1.7030000167132375E-01,  8.2999999999999996E-01,  7.9800000000000004E-01,  2.8261321833655828E-01,  3.9817286000000000E-02,  5.3316900000000000E-04,0
886,  1.6250000000000001E-01,35,  2.5000000000000000E-01,  6.2500000000000000E-01,1,  5.1537697180731890E-01,54,21,399,399,0,  2.1131831759088929E-01,  7.9800000000000004E-01,  7.9800000000000004E-01,  3.3415031610648305E-01,  3.8682632000000002E-02,  5.4343900000000005E-04,0
887,  1.6250000000000001E-01,35,  2.5000000000000000E-01,  6.2500000000000000E-01,2,  5.1537697180731890E-01,54,24,402,399,3,  1.9089198487526737E-01,  8.0400000000000005E-01,  7.9800000000000004E-01,  3.0853028906239877E-01,  3.8844923000000003E-02,  6.2251899999999998E-04,0
888,  1.6250000000000001E-01,35,  2.5000000000000000E-01,  6.2500000000000000E-01,3,  5.1537697180731890E-01,54,25,404,399,5,  1.8494902840548136E-01,  8.0800000000000005E-01,  7.9800000000000004E-01,  3.0099997215688701E-01,  3.9465234000000002E-02,  5.2112999999999997E-04,0
889,  1.6250000000000001E-01,35,  2.5000000000000000E-01,  6.2500000000000000E-01,4,  5.1537697180731890E-01,54,26,407,399,8,  1.8095198844398089E-01,  8.1399999999999995E-01,  7.9800000000000004E-01,  2.9608447503835233E-01,  3.9130166000000001E-02,  5.2286300000000004E-04,0
890,  1.6250000000000001E-01,35,  2.5000000000000000E-01,  6.2500000000000000E-01,5,  5.1537697180731890E-01,54,28,415,399,16,  1.7030000167132375E-01,  8.2999999999999996E-01,  7.9800000000000004E-01,  2.8261321833655828E-01,  3.7984192000000000E-02,  6.1714400000000003E-04,0
891,  1.6250000000000001E-01,35,  2.5000000000000000E-01,  8.1250000000000000E-01,1,  5.1537697180731890E-01,54,21,399,399,0,  2.1131831759088929E-01,  7.9800000000000004E-01,  7.9800000000000004E-01,  3.3415031610648305E-01,  3.8839604999999999E-02,  5.3731899999999997E-04,0
892,  1.6250000000000001E-01,35,  2.5000000000000000E-01,  8.1250000000000000E-01,2,  5.1537697180731890E-01,54,24,402,399,3,  1.9089198487526737E-01,  8.0400000000000005E-01,  7.9800000000000004E-01,  3.0853028906239877E-01,  3.8817033000000001E-02,  5.3213000000000002E-04,0
893,  1.6250000000000001E-01,35,  2.5000000000000000E-01,  8.1250000000000000E-01,3,  5.1537697180731890E-01,54,25,404,399,5,  1.8494902840548136E-01,  8.0800000000000005E-01,  7.9800000000000004E-01,  3.0099997215688701E-01,  3.8513622999999997E-02,  5.5272000000000003E-04,0
894,  1.6250000000000001E-01,35,  2.5000000000000000E-01,  8.1250000000000000E-01,4,  5.1537697180731890E-01,54,26,407,399,8,  1.8095198844398089E-01,  8.1399999999999995E-01,  7.9800000000000004E-01,  2.9608447503835233E-01,  3.8340783000000003E-02,  5.2945499999999996E-04,0
895,  1.6250000000000001E-01,35,  2.5000000000000000E-01,  8.1250000000000000E-01,5,  5.1537697180731890E-01,54,28,415,399,16,  1.7030000167132375E-01,  8.2999999999999996E-01,  7.9800000000000004E-01,  2.8261321833655828E-01,  3.8903413999999997E-02,  5.7059600000000004E-04,0
896,  1.6250000000000001E-01,35,  2.5000000000000000E-01,  1.0000000000000000E+00,1,  5.1537697180731890E-01,54,21,399,399,0,  2.1131831759088929E-01,  7.9800000000000004E-01,  7.9800000000000004E-01,  3.3415031610648305E-01,  3.9598512000000002E-02,  5.0919599999999995E-04,0
897,  1.6250000000000001E-01,35,  2.5000000000000000E-01,  1.0000000000000000E+00,2,  5.1537697180731890E-01,54,24,402,399,3,  1.9089198487526737E-01,  8.0400000000000005E-01,  7.9800000000000004E-01,  3.0853028906239877E-01,  3.9278233000000003E-02,  5.1564199999999997E-04,0
898,  1.6250000000000001E-01,35,  2.5000000000000000E-01,  1.0000000000000000E+00,3,  5.1537697180731890E-01,54,25,404,399,5,  1.8494902840548136E-01,  8.0800000000000005E-01,  7.9800000000000004E-01,  3.0099997215688701E-01,  3.9894129000000000E-02,  5.1797799999999999E-04,0
899,  1.6250000000000001E-01,35,  2.5000000000000000E-01,  1.0000000000000000E+00,4,  5.1537697180731890E-01,54,26,407,399,8,  1.8095198844398089E-01,  8.1399999999999995E-01,  7.9800000000000004E-01,  2.9608447503835233E-01,  3.9504091999999998E-02,  6.0463699999999999E-04,0
900,  1.6250000000000001E-01,35,  2.5000000000000000E-01,  1.0000000000000000E+00,5,  5.1537697180731890E-01,54,28,415,399,16,  1.7030000167132375E-01,  8.2999999999999996E-01,  7.9800000000000004E-01,  2.8261321833655828E-01,  3.9412803000000003E-02,  5.4649600000000005E-04,0
901,  1.6250000000000001E-01,35,  4.3750000000000000E-01,  2.5000000000000000E-01,1,  5.1537697180731890E-01,54,12,466,466,0,  4.3373651377021549E-01,  9.3200000000000005E-01,  9.3200000000000005E-01,  5.9197718851039582E-01,  4.6604672999999999E-02,  5.8289500000000005E-04,0
902,  1.6250000000000001E-01,35,  4.3750000000000000E-01,  2.5000000000000000E-01,2,  5.1537697180731890E-01,54,14,468,466,2,  3.6993677260067853E-01,  9.3600000000000005E-01,  9.3200000000000005E-01,  5.3028726416008909E-01,  5.4486171000000000E-02,  8.0071400000000000E-04,0
903,  1.6250000000000001E-01,35,  4.3750000000000000E-01,  2.5000000000000000E-01,3,  5.1537697180731890E-01,54,16,472,466,6,  3.3964342700152866E-01,  9.4399999999999995E-01,  9.3200000000000005E-01,  4.9955211602397931E-01,  5.1927624999999998E-02,  6.0481200000000004E-04,0
904,  1.6250000000000001E-01,35,  4.3750000000000000E-01,  2.5000000000000000E-01,4,  5.1537697180731890E-01,54,16,472,466,6,  3.3964342700152866E-01,  9.4399999999999995E-01,  9.3200000000000005E-01,  4.9955211602397931E-01,  4.6472334999999997E-02,  5.9205499999999997E-04,0
905,  1.6250000000000001E-01,35,  4.3750000000000000E-01,  2.5000000000000000E-01,5,  5.1537697180731890E-01,54,17,476,466,10,  3.1445263599646123E-01,  9.5199999999999996E-01,  9.3200000000000005E-01,  4.7275184394573377E-01,  4.7310389000000001E-02,  6.2777199999999997E-04,0
906,  1.6250000000000001E-01,35,  4.3750000000000000E-01,  4.3750000000000000E-01,1,  5.1537697180731890E-01,54,12,466,466,0,  4.3373651377021549E-01,  9.3200000000000005E-01,  9.3200000000000005E-01,  5.9197718851039582E-01,  4.6098010000000002E-02,  5.7835400000000000E-04,0
907,  1.6250000000000001E-01,35,  4.3750000000000000E-01,  4.3750000000000000E-01,2,  5.1537697180731890E-01,54,14,468,466,2,  3.6993677260067853E-01,  9.3600000000000005E-01,  9.3200000000000005E-01,  5.3028726416008909E-01,  4.5765052000000001E-02,  5.8621699999999999E-04,0
908,  1.6250000000000001E-01,35,  4.3750000000000000E-01,  4.3750000000000000E-01,3,  5.1537697180731890E-01,54,16,472,466,6,  3.3964342700152866E-01,  9.4399999999999995E-01,  9.3200000000000005E-01,  4.9955211602397931E-01,  4.5123686000000003E-02,  6.2095399999999995E-04,0
909,  1.6250000000000001E-01,35,  4.3750000000000000E-01,  4.3750000000000000E-01,4,  5.1537697180731890E-01,54,16,472,466,6,  3.3964342700152866E-01,  9.4399999999999995E-01,  9.3200000000000005E-01,  4.9955211602397931E-01,  4.8852278999999998E-02,  5.7456599999999999E-04,0
910,  1.6250000000000001E-01,35,  4.3750000000000000E-01,  4.3750000000000000E-01,5,  5.1537697180731890E-01,54,17,476,466,10,  3.1445263599646123E-01,  9.5199999999999996E-01,  9.3200000000000005E-01,  4.7275184394573377E-01,  5.8008538999999998E-02,  9.4525100000000003E-04,0
911,  1.6250000000000001E-01,35,  4.3750000000000000E-01,  6.2500000000000000E-01,1,  5.1537697180731890E-01,54,12,466,466,0,  4.3373651377021549E-01,  9.3200000000000005E-01,  9.3200000000000005E-01,  5.9197718851039582E-01,  4.9579220000000000E-02,  6.1884899999999998E-04,0
912,  1.6250000000000001E-01,35,  4.3750000000000000E-01,  6.2500000000000000E-01,2,  5.1537697180731890E-01,54,14,468,466,2,  3.6993677260067853E-01,  9.3600000000000005E-01,  9.3200000000000005E-01,  5.3028726416008909E-01,  4.8121404000000000E-02,  6.1182399999999996E-04,0
913,  1.6250000000000001E-01,35,  4.3750000000000000E-01,  6.2500000000000000E-01,3,  5.1537697180731890E-01,54,16,472,466,6,  3.3964342700152866E-01,  9.4399999999999995E-01,  9.3200000000000005E-01,  4.9955211602397931E-01,  4.7747741000000003E-02,  5.8597900000000004E-04,0
914,  1.6250000000000001E-01,35,  4.3750000000000000E-01,  6.2500000000000000E-01,4,  5.1537697180731890E-01,54,16,472,466,6,  3.3964342700152866E-01,  9.4399999999999995E-01,  9.3200000000000005E-01,  4.9955211602397931E-01,  4.6035985000000001E-02,  6.3336999999999996E-04,0
915,  1.6250000000000001E-01,35,  4.3750000000000000E-01,  6.2500000000000000E-01,5,  5.1537697180731890E-01,54,17,476,466,10,  3.1445263599646123E-01,  9.5199999999999996E-01,  9.3200000000000005E-01,  4.7275184394573377E-01,  4.7233588999999999E-02,  5.8938299999999996E-04,0
916,  1.6250000000000001E-01,35,  4.3750000000000000E-01,  8.1250000000000000E-01,1,  5.1537697180731890E-01,54,12,466,466,0,  4.3373651377021549E-01,  9.3200000000000005E-01,  9.3200000000000005E-01,  5.9197718851039582E-01,  4.6063041999999998E-02,  6.0077800000000005E-04,0
917,  1.6250000000000001E-01,35,  4.3750000000000000E-01,  8.1250000000000000E-01,2,  5.1537697180731890E-01,54,14,468,466,2,  3.6993677260067853E-01,  9.3600000000000005E-01,  9.3200000000000005E-01,  5.3028726416008909E-01,  4.7889494999999997E-02,  5.9021400000000004E-04,0
918,  1.6250000000000001E-01,35,  4.3750000000000000E-01,  8.1250000000000000E-01,3,  5.1537697180731890E-01,54,16,472,466,6,  3.3964342700152866E-01,  9.4399999999999995E-01,  9.3200000000000005E-01,  4.9955211602397931E-01,  4.7964220000000002E-02,  6.8512200000000003E-04,0
919,  1.6250000000000001E-01,35,  4.3750000000000000E-01,  8.1250000000000000E-01,4,  5.1537697180731890E-01,54,16,472,466,6,  3.3964342700152866E-01,  9.4399999999999995E-01,  9.3200000000000005E-01,  4.9955211602397931E-01,  4.7676385000000002E-02,  7.3843200000000002E-04,0
920,  1.6250000000000001E-01,35,  4.3750000000000000E-01,  8.1250000000000000E-01,5,  5.1537697180731890E-01,54,17,476,466,10,  3.1445263599646123E-01,  9.5199999999999996E-01,  9.3200000000000005E-01,  4.7275184394573377E-01,  4.6631183000000000E-02,  6.0704499999999996E-04,0
921,  1.6250000000000001E-01,35,  4.3750000000000000E-01,  1.0000000000000000E+00,1,  5.1537697180731890E-01,54,12,466,466,0,  4.3373651377021549E-01,  9.3200000000000005E-01,  9.3200000000000005E-01,  5.9197718851039582E-01,  4.7391377999999998E-02,  6.0656800000000004E-04,0
922,  1.6250000000000001E-01,35,  4.3750000000000000E-01,  1.0000000000000000E+00,2,  5.1537697180731890E-01,54,14,468,466,2,  3.6993677260067853E-01,  9.3600000000000005E-01,  9.3200000000000005E-01,  5.3028726416008909E-01,  4.8444490000000000E-02,  6.0007500000000004E-04,0
923,  1.6250000000000001E-01,35,  4.3750000000000000E-01,  1.0000000000000000E+00,3,  5.1537697180731890E-01,54,16,472,466,6,  3.3964342700152866E-01,  9.4399999999999995E-01,  9.3200000000000005E-01,  4.9955211602397931E-01,  4.9807529000000003E-02,  6.4464000000000004E-04,0
924,  1.6250000000000001E-01,35,  4.3750000000000000E-01,  1.0000000000000000E+00,4,  5.1537697180731890E-01,54,16,472,466,6,  3.3964342700152866E-01,  9.4399999999999995E-01,  9.3200000000000005E-01,  4.9955211602397931E-01,  4.8167235000000003E-02,  6.9490000000000003E-04,0
925,  1.6250000000000001E-01,35,  4.3750000000000000E-01,  1.0000000000000000E+00,5,  5.1537697180731890E-01,54,17,476,466,10,  3.1445263599646123E-01,  9.5199999999999996E-01,  9.3200000000000005E-01,  4.7275184394573377E-01,  4.7533974999999999E-02,  6.0333700000000001E-04,0
926,  1.6250000000000001E-01,35,  6.2500000000000000E-01,  2.5000000000000000E-01,1,  5.1537697180731890E-01,54,7,477,477,0,  6.4572238899436474E-01,  9.5399999999999996E-01,  9.5399999999999996E-01,  7.7015757651285077E-01,  5.6543968000000000E-02,  8.1547700000000000E-04,0
927,  1.6250000000000001E-01,35,  6.2500000000000000E-01,  2.5000000000000000E-01,2,  5.1537697180731890E-01,54,8,478,477,1,  5.9498436528712906E-01,  9.5599999999999996E-01,  9.5399999999999996E-01,  7.3347619221060834E-01,  5.7941741999999997E-02,  5.8734300000000004E-04,0
928,  1.6250000000000001E-01,35,  6.2500000000000000E-01,  2.5000000000000000E-01,3,  5.1537697180731890E-01,54,9,480,477,3,  5.6083195622124993E-01,  9.5999999999999996E-01,  9.5399999999999996E-01,  7.0803177927709704E-01,  5.6823857999999998E-02,  6.1570099999999997E-04,0
929,  1.6250000000000001E-01,35,  6.2500000000000000E-01,  2.5000000000000000E-01,4,  5.1537697180731890E-01,54,11,486,477,9,  5.0357363062256477E-01,  9.7199999999999998E-01,  9.5399999999999996E-01,  6.6343496360614329E-01,  5.7192359999999998E-02,  7.5026599999999998E-04,0
930,  1.6250000000000001E-01,35,  6.2500000000000000E-01,  2.5000000000000000E-01,5,  5.1537697180731890E-01,54,11,486,477,9,  5.0357363062256477E-01,  9.7199999999999998E-01,  9.5399999999999996E-01,  6.6343496360614329E-01,  5.5850098000000001E-02,  6.0462000000000005E-04,0
931,  1.6250000000000001E-01,35,  6.2500000000000000E-01,  4.3750000000000000E-01,1,  5.1537697180731890E-01,54,7,477,477,0,  6.4572238899436474E-01,  9.5399999999999996E-01,  9.5399999999999996E-01,  7.7015757651285077E-01,  5.5435706000000001E-02,  5.9409000000000003E-04,0
932,  1.6250000000000001E-01,35,  6.2500000000000000E-01,  4.3750000000000000E-01,2,  5.1537697180731890E-01,54,8,478,477,1,  5.9498436528712906E-01,  9.5599999999999996E-01,  9.5399999999999996E-01,  7.3347619221060834E-01,  5.7692026000000000E-02,  5.9079399999999995E-04,0
933,  1.6250000000000001E-01,35,  6.2500000000000000E-01,  4.3750000000000000E-01,3,  5.1537697180731890E-01,54,9,480,477,3,  5.6083195622124993E-01,  9.5999999999999996E-01,  9.5399999999999996E-01,  7.0803177927709704E-01,  5.5912712000000003E-02,  5.9053999999999997E-04,0
934,  1.6250000000000001E-01,35,  6.2500000000000000E-01,  4.3750000000000000E-01,4,  5.1537697180731890E-01,54,11,486,477,9,  5.0357363062256477E-01,  9.7199999999999998E-01,  9.5399999999999996E-01,  6.6343496360614329E-01,  5.4781611000000001E-02,  6.1958599999999999E-04,0
935,  1.6250000000000001E-01,35,  6.2500000000000000E-01,  4.3750000000000000E-01,5,  5.1537697180731890E-01,54,11,486,477,9,  5.0357363062256477E-01,  9.7199999999999998E-01,  9.5399999999999996E-01,  6.6343496360614329E-01,  5.5476319000000003E-02,  6.6473900000000002E-04,0
936,  1.6250000000000001E-01,35,  6.2500000000000000E-01,  6.2500000000000000E-01,1,  5.1537697180731890E-01,54,7,477,477,0,  6.4572238899436474E-01,  9.5399999999999996E-01,  9.5399999999999996E-01,  7.7015757651285077E-01,  5.4772527000000001E-02,  6.1406899999999996E-04,0
937,  1.6250000000000001E-01,35,  6.2500000000000000E-01,  6.2500000000000000E-01,2,  5.1537697180731890E-01,54,8,478,477,1,  5.9498436528712906E-01,  9.5599999999999996E-01,  9.5399999999999996E-01,  7.3347619221060834E-01,  5.4849123999999999E-02,  7.0150799999999999E-04,0
938,  1.6250000000000001E-01,35,  6.2500000000000000E-01,  6.2500000000000000E-01,3,  5.1537697180731890E-01,54,9,480,477,3,  5.6083195622124993E-01,  9.5999999999999996E-01,  9.5399999999999996E-01,  7.0803177927709704E-01,  5.5080485999999998E-02,  5.8882699999999999E-04,0
939,  1.6250000000000001E-01,35,  6.2500000000000000E-01,  6.2500000000000000E-01,4,  5.1537697180731890E-01,54,11,486,477,9,  5.0357363062256477E-01,  9.7199999999999998E-01,  9.5399999999999996E-01,  6.6343496360614329E-01,  5.6089818999999999E-02,  6.6051800000000002E-04,0
940,  1.6250000000000001E-01,35,  6.2500000000000000E-01,  6.2500000000000000E-01,5,  5.1537697180731890E-01,54,11,486,477,9,  5.0357363062256477E-01,  9.7199999999999998E-01,  9.5399999999999996E-01,  6.6343496360614329E-01,  5.6673263000000001E-02,  6.0465800000000000E-04,0
941,  1.6250000000000001E-01,35,  6.2500000000000000E-01,  8.1250000000000000E-01,1,  5.1537697180731890E-01,54,7,477,477,0,  6.4572238899436474E-01,  9.5399999999999996E-01,  9.5399999999999996E-01,  7.7015757651285077E-01,  6.5082952999999999E-02,  6.5270100000000000E-04,0
942,  1.6250000000000001E-01,35,  6.2500000000000000E-01,  8.1250000000000000E-01,2,  5.1537697180731890E-01,54,8,478,477,1,  5.9498436528712906E-01,  9.5599999999999996E-01,  9.5399999999999996E-01,  7.3347619221060834E-01,  5.6938244999999998E-02,  6.1974800000000004E-04,0
943,  1.6250000000000001E-01,35,  6.2500000000000000E-01,  8.1250000000000000E-01,3,  5.1537697180731890E-01,54,9,480,477,3,  5.6083195622124993E-01,  9.5999999999999996E-01,  9.5399999999999996E-01,  7.0803177927709704E-01,  5.6957008000000003E-02,  6.0404100000000004E-04,0
944,  1.6250000000000001E-01,35,  6.2500000000000000E-01,  8.1250000000000000E-01,4,  5.1537697180731890E-01,54,11,486,477,9,  5.0357363062256477E-01,  9.7199999999999998E-01,  9.5399999999999996E-01,  6.6343496360614329E-01,  5.6597639999999998E-02,  7.2029600000000004E-04,0
945,  1.6250000000000001E-01,35,  6.2500000000000000E-01,  8.1250000000000000E-01,5,  5.1537697180731890E-01,54,11,486,477,9,  5.0357363062256477E-01,  9.7199999999999998E-01,  9.5399999999999996E-01,  6.6343496360614329E-01,  5.7774852000000002E-02,  7.4953100000000000E-04,0
946,  1.6250000000000001E-01,35,  6.2500000000000000E-01,  1.0000000000000000E+00,1,  5.1537697180731890E-01,54,7,477,477,0,  6.4572238899436474E-01,  9.5399999999999996E-01,  9.5399999999999996E-01,  7.7015757651285077E-01,  5.7319298999999997E-02,  6.2511000000000001E-04,0
947,  1.6250000000000001E-01,35,  6.2500000000000000E-01,  1.0000000000000000E+00,2,  5.1537697180731890E-01,54,8,478,477,1,  5.9498436528712906E-01,  9.5599999999999996E-01,  9.5399999999999996E-01,  7.3347619221060834E-01,  5.7727074000000003E-02,  5.9221199999999995E-04,0
948,  1.6250000000000001E-01,35,  6.2500000000000000E-01,  1.0000000000000000E+00,3,  5.1537697180731890E-01,54,9,480,477,3,  5.6083195622124993E-01,  9.5999999999999996E-01,  9.5399999999999996E-01,  7.0803177927709704E-01,  5.6334031999999999E-02,  5.9665300000000005E-04,0
949,  1.6250000000000001E-01,35,  6.2500000000000000E-01,  1.0000000000000000E+00,4,  5.1537697180731890E-01,54,11,486,477,9,  5.0357363062256477E-01,  9.7199999999999998E-01,  9.5399999999999996E-01,  6.6343496360614329E-01,  5.5891729000000001E-02,  6.4711000000000000E-04,0
950,  1.6250000000000001E-01,35,  6.2500000000000000E-01,  1.0000000000000000E+00,5,  5.1537697180731890E-01,54,11,486,477,9,  5.0357363062256477E-01,  9.7199999999999998E-01,  9.5399999999999996E-01,  6.6343496360614329E-01,  5.7014000000000002E-02,  5.9110700000000000E-04,0
951,  1.6250000000000001E-01,35,  8.1250000000000000E-01,  2.5000000000000000E-01,1,  5.1537697180731890E-01,54,5,485,485,0,  7.8162952888933179E-01,  9.6999999999999997E-01,  9.6999999999999997E-01,  8.6568607176130086E-01,  6.7152451000000002E-02,  6.1661500000000005E-04,0
952,  1.6250000000000001E-01,35,  8.1250000000000000E-01,  2.5000000000000000E-01,2,  5.1537697180731890E-01,54,5,485,485,0,  7.8162952888933179E-01,  9.6999999999999997E-01,  9.6999999999999997E-01,  8.6568607176130086E-01,  6.7593701000000006E-02,  6.1636799999999995E-04,0
953,  1.6250000000000001E-01,35,  8.1250000000000000E-01,  2.5000000000000000E-01,3,  5.1537697180731890E-01,54,6,487,485,2,  7.2539774765552989E-01,  9.7399999999999998E-01,  9.6999999999999997E-01,  8.3151505548505900E-01,  6.7641469999999995E-02,  6.2925800000000005E-04,0
954,  1.6250000000000001E-01,35,  8.1250000000000000E-01,  2.5000000000000000E-01,4,  5.1537697180731890E-01,54,7,490,485,5,  6.6569547130351847E-01,  9.7999999999999998E-01,  9.6999999999999997E-01,  7.9283387875001121E-01,  6.8412019000000004E-02,  5.9540999999999999E-04,0
955,  1.6250000000000001E-01,35,  8.1250000000000000E-01,  2.5000000000000000E-01,5,  5.1537697180731890E-01,54,8,494,485,9,  6.2717524507064704E-01,  9.8799999999999999E-01,  9.6999999999999997E-01,  7.6728410000203551E-01,  6.6018897000000007E-02,  6.0146400000000001E-04,0
956,  1.6250000000000001E-01,35,  8.1250000000000000E-01,  4.3750000000000000E-01,1,  5.1537697180731890E-01,54,5,485,485,0,  7.8162952888933179E-01,  9.6999999999999997E-01,  9.6999999999999997E-01,  8.6568607176130086E-01,  6.7551158000000000E-02,  6.0135199999999998E-04,0
957,  1.6250000000000001E-01,35,  8.1250000000000000E-01,  4.3750000000000000E-01,2,  5.1537697180731890E-01,54,5,485,485,0,  7.8162952888933179E-01,  9.6999999999999997E-01,  9.6999999999999997E-01,  8.6568607176130086E-01,  6.5333004000000000E-02,  5.9252899999999995E-04,0
958,  1.6250000000000001E-01,35,  8.1250000000000000E-01,  4.3750000000000000E-01,3,  5.1537697180731890E-01,54,6,487,485,2,  7.2539774765552989E-01,  9.7399999999999998E-01,  9.6999999999999997E-01,  8.3151505548505900E-01,  6.7157154999999996E-02,  6.0189399999999995E-04,0
959,  1.6250000000000001E-01,35,  8.1250000000000000E-01,  4.3750000000000000E-01,4,  5.1537697180731890E-01,54,7,490,485,5,  6.6569547130351847E-01,  9.7999999999999998E-01,  9.6999999999999997E-01,  7.9283387875001121E-01,  6.7890943999999995E-02,  8.1974200000000004E-04,0
960,  1.6250000000000001E-01,35,  8.1250000000000000E-01,  4.3750000000000000E-01,5,  5.1537697180731890E-01,54,8,494,485,9,  6.2717524507064704E-01,  9.8799999999999999E-01,  9.6999999999999997E-01,  7.6728410000203551E-01,  6.6886219999999996E-02,  8.3801299999999997E-04,0
961,  1.6250000000000001E-01,35,  8.1250000000000000E-01,  6.2500000000000000E-01,1,  5.1537697180731890E-01,54,5,485,485,0,  7.8162952888933179E-01,  9.6999999999999997E-01,  9.6999999999999997E-01,  8.6568607176130086E-01,  6.5363516999999996E-02,  6.0273000000000000E-04,0
962,  1.6250000000000001E-01,35,  8.1250000000000000E-01,  6.2500000000000000E-01,2,  5.1537697180731890E-01,54,5,485,485,0,  7.8162952888933179E-01,  9.6999999999999997E-01,  9.6999999999999997E-01,  8.6568607176130086E-01,  6.6562486000000004E-02,  5.9637899999999996E-04,0
963,  1.6250000000000001E-01,35,  8.1250000000000000E-01,  6.2500000000000000E-01,3,  5.1537697180731890E-01,54,6,487,485,2,  7.2539774765552989E-01,  9.7399999999999998E-01,  9.6999999999999997E-01,  8.3151505548505900E-01,  6.7157472999999995E-02,  5.9370600000000005E-04,0
964,  1.6250000000000001E-01,35,  8.1250000000000000E-01,  6.2500000000000000E-01,4,  5.1537697180731890E-01,54,7,490,485,5,  6.6569547130351847E-01,  9.7999999999999998E-01,  9.6999999999999997E-01,  7.9283387875001121E-01,  6.7381661999999995E-02,  6.0832400000000004E-04,0
965,  1.6250000000000001E-01,35,  8.1250000000000000E-01,  6.2500000000000000E-01,5,  5.1537697180731890E-01,54,8,494,485,9,  6.2717524507064704E-01,  9.8799999999999999E-01,  9.6999999999999997E-01,  7.6728410000203551E-01,  6.5199224000000000E-02,  5.9671599999999996E-04,0
966,  1.6250000000000001E-01,35,  8.1250000000000000E-01,  8.1250000000000000E-01,1,  5.1537697180731890E-01,54,5,485,485,0,  7.8162952888933179E-01,  9.6999999999999997E-01,  9.6999999999999997E-01,  8.6568607176130086E-01,  6.7015745000000002E-02,  6.3865700000000005E-04,0
967,  1.6250000000000001E-01,35,  8.1250000000000000E-01,  8.1250000000000000E-01,2,  5.1537697180731890E-01,54,5,485,485,0,  7.8162952888933179E-01,  9.6999999999999997E-01,  9.6999999999999997E-01,  8.6568607176130086E-01,  6.8838405000000005E-02,  6.2607600000000004E-04,0
968,  1.6250000000000001E-01,35,  8.1250000000000000E-01,  8.1250000000000000E-01,3,  5.1537697180731890E-01,54,6,487,485,2,  7.2539774765552989E-01,  9.7399999999999998E-01,  9.6999999999999997E-01,  8.3151505548505900E-01,  6.6084489999999996E-02,  6.0953799999999996E-04,0
969,  1.6250000000000001E-01,35,  8.1250000000000000E-01,  8.1250000000000000E-01,4,  5.1537697180731890E-01,54,7,490,485,5,  6.6569547130351847E-01,  9.7999999999999998E-01,  9.6999999999999997E-01,  7.9283387875001121E-01,  6.8211153999999996E-02,  6.0172800000000005E-04,0
970,  1.6250000000000001E-01,35,  8.1250000000000000E-01,  8.1250000000000000E-01,5,  5.1537697180731890E-01,54,8,494,485,9,  6.2717524507064704E-01,  9.8799999999999999E-01,  9.6999999999999997E-01,  7.6728410000203551E-01,  6.8928529000000002E-02,  5.9953700000000003E-04,0
971,  1.6250000000000001E-01,35,  8.1250000000000000E-01,  1.0000000000000000E+00,1,  5.1537697180731890E-01,54,5,485,485,0,  7.8162952888933179E-01,  9.6999999999999997E-01,  9.6999999999999997E-01,  8.6568607176130086E-01,  6.4561946999999995E-02,  6.0009600000000005E-04,0
972,  1.6250000000000001E-01,35,  8.1250000000000000E-01,  1.0000000000000000E+00,2,  5.1537697180731890E-01,54,5,485,485,0,  7.8162952888933179E-01,  9.6999999999999997E-01,  9.6999999999999997E-01,  8.6568607176130086E-01,  6.6742352000000005E-02,  6.5538900000000004E-04,0
973,  1.6250000000000001E-01,35,  8.1250000000000000E-01,  1.0000000000000000E+00,3,  5.1537697180731890E-01,54,6,487,485,2,  7.2539774765552989E-01,  9.7399999999999998E-01,  9.6999999999999997E-01,  8.3151505548505900E-01,  6.8092738999999999E-02,  5.9295900000000000E-04,0
974,  1.6250000000000001E-01,35,  8.1250000000000000E-01,  1.0000000000000000E+00,4,  5.1537697180731890E-01,54,7,490,485,5,  6.6569547130351847E-01,  9.7999999999999998E-01,  9.6999999999999997E-01,  7.9283387875001121E-01,  6.6035052999999996E-02,  6.0083499999999998E-04,0
975,  1.6250000000000001E-01,35,  8.1250000000000000E-01,  1.0000000000000000E+00,5,  5.1537697180731890E-01,54,8,494,485,9,  6.2717524507064704E-01,  9.8799999999999999E-01,  9.6999999999999997E-01,  7.6728410000203551E-01,  6.4569699999999994E-02,  5.9566500000000000E-04,0
976,  1.6250000000000001E-01,35,  1.0000000000000000E+00,  2.5000000000000000E-01,1,  5.1537697180731890E-01,54,3,487,487,0,  9.2977830857822252E-01,  9.7399999999999998E-01,  9.7399999999999998E-01,  9.5137555509970162E-01,  8.4475931000000004E-02,  5.8494799999999996E-04,0
977,  1.6250000000000001E-01,35,  1.0000000000000000E+00,  2.5000000000000000E-01,2,  5.1537697180731890E-01,54,4,488,487,1,  8.6113944675425758E-01,  9.7599999999999998E-01,  9.7399999999999998E-01,  9.1497910136005034E-01,  8.6171210999999998E-02,  6.1044400000000003E-04,0
978,  1.6250000000000001E-01,35,  1.0000000000000000E+00,  2.5000000000000000E-01,3,  5.1537697180731890E-01,54,4,488,487,1,  8.6113944675425758E-01,  9.7599999999999998E-01,  9.7399999999999998E-01,  9.1497910136005034E-01,  8.7348243000000006E-02,  6.4130999999999997E-04,0
979,  1.6250000000000001E-01,35,  1.0000000000000000E+00,  2.5000000000000000E-01,4,  5.1537697180731890E-01,54,4,488,487,1,  8.6113944675425758E-01,  9.7599999999999998E-01,  9.7399999999999998E-01,  9.1497910136005034E-01,  9.3605747000000003E-02,  6.2915200000000001E-04,0
980,  1.6250000000000001E-01,35,  1.0000000000000000E+00,  2.5000000000000000E-01,5,  5.1537697180731890E-01,54,4,488,487,1,  8.6113944675425758E-01,  9.7599999999999998E-01,  9.7399999999999998E-01,  9.1497910136005034E-01,  9.1383074999999994E-02,  6.1746700000000002E-04,0
981,  1.6250000000000001E-01,35,  1.0000000000000000E+00,  4.3750000000000000E-01,1,  5.1537697180731890E-01,54,3,487,487,0,  9.2977830857822252E-01,  9.7399999999999998E-01,  9.7399999999999998E-01,  9.5137555509970162E-01,  8.5071536000000003E-02,  7.1478700000000004E-04,0
982,  1.6250000000000001E-01,35,  1.0000000000000000E+00,  4.3750000000000000E-01,2,  5.1537697180731890E-01,54,4,488,487,1,  8.6113944675425758E-01,  9.7599999999999998E-01,  9.7399999999999998E-01,  9.1497910136005034E-01,  8.4510109999999999E-02,  5.8887399999999997E-04,0
983,  1.6250000000000001E-01,35,  1.0000000000000000E+00,  4.3750000000000000E-01,3,  5.1537697180731890E-01,54,4,488,487,1,  8.6113944675425758E-01,  9.7599999999999998E-01,  9.7399999999999998E-01,  9.1497910136005034E-01,  8.5525931999999999E-02,  6.0733900000000003E-04,0
984,  1.6250000000000001E-01,35,  1.0000000000000000E+00,  4.3750000000000000E-01,4,  5.1537697180731890E-01,54,4,488,487,1,  8.6113944675425758E-01,  9.7599999999999998E-01,  9.7399999999999998E-01,  9.1497910136005034E-01,  8.5483611000000001E-02,  6.5054800000000003E-04,0
985,  1.6250000000000001E-01,35,  1.0000000000000000E+00,  4.3750000000000000E-01,5,  5.1537697180731890E-01,54,4,488,487,1,  8.6113944675425758E-01,  9.7599999999999998E-01,  9.7399999999999998E-01,  9.1497910136005034E-01,  8.5244449000000000E-02,  6.4935399999999999E-04,0
986,  1.6250000000000001E-01,35,  1.0000000000000000E+00,  6.2500000000000000E-01,1,  5.1537697180731890E-01,54,3,487,487,0,  9.2977830857822252E-01,  9.7399999999999998E-01,  9.7399999999999998E-01,  9.5137555509970162E-01,  8.4305279999999996E-02,  7.5896899999999996E-04,0
987,  1.6250000000000001E-01,35,  1.0000000000000000E+00,  6.2500000000000000E-01,2,  5.1537697180731890E-01,54,4,488,487,1,  8.6113944675425758E-01,  9.7599999999999998E-01,  9.7399999999999998E-01,  9.1497910136005034E-01,  8.6012709000000007E-02,  5.8929299999999996E-04,0
988,  1.6250000000000001E-01,35,  1.0000000000000000E+00,  6.2500000000000000E-01,3,  5.1537697180731890E-01,54,4,488,487,1,  8.6113944675425758E-01,  9.7599999999999998E-01,  9.7399999999999998E-01,  9.1497910136005034E-01,  8.6353067000000006E-02,  6.8282499999999997E-04,0
989,  1.6250000000000001E-01,35,  1.0000000000000000E+00,  6.2500000000000000E-01,4,  5.1537697180731890E-01,54,4,488,487,1,  8.6113944675425758E-01,  9.7599999999999998E-01,  9.7399999999999998E-01,  9.1497910136005034E-01,  8.6525566999999998E-02,  6.0797499999999997E-04,0
990,  1.6250000000000001E-01,35,  1.0000000000000000E+00,  6.2500000000000000E-01,5,  5.1537697180731890E-01,54,4,488,487,1,  8.6113944675425758E-01,  9.7599999999999998E-01,  9.7399999999999998E-01,  9.1497910136005034E-01,  8.6385545999999994E-02,  6.0394699999999997E-04,0
991,  1.6250000000000001E-01,35,  1.0000000000000000E+00,  8.1250000000000000E-01,1,  5.1537697180731890E-01,54,3,487,487,0,  9.2977830857822252E-01,  9.7399999999999998E-01,  9.7399999999999998E-01,  9.5137555509970162E-01,  8.4254063000000004E-02,  5.8578999999999999E-04,0
992,  1.6250000000000001E-01,35,  1.0000000000000000E+00,  8.1250000000000000E-01,2,  5.1537697180731890E-01,54,4,488,487,1,  8.6113944675425758E-01,  9.7599999999999998E-01,  9.7399999999999998E-01,  9.1497910136005034E-01,  8.6449238999999997E-02,  6.9714500000000003E-04,0
993,  1.6250000000000001E-01,35,  1.0000000000000000E+00,  8.1250000000000000E-01,3,  5.1537697180731890E-01,54,4,488,487,1,  8.6113944675425758E-01,  9.7599999999999998E-01,  9.7399999999999998E-01,  9.1497910136005034E-01,  8.6190403999999998E-02,  6.2158299999999999E-04,0
994,  1.6250000000000001E-01,35,  1.0000000000000000E+00,  8.1250000000000000E-01,4,  5.1537697180731890E-01,54,4,488,487,1,  8.6113944675425758E-01,  9.7599999999999998E-01,  9.7399999999999998E-01,  9.1497910136005034E-01,  8.7952529000000002E-02,  5.9005500000000003E-04,0
995,  1.6250000000000001E-01,35,  1.0000000000000000E+00,  8.1250000000000000E-01,5,  5.1537697180731890E-01,54,4,488,487,1,  8.6113944675425758E-01,  9.7599999999999998E-01,  9.7399999999999998E-01,  9.1497910136005034E-01,  8.5867682000000001E-02,  6.2239800000000003E-04,0
996,  1.6250000000000001E-01,35,  1.0000000000000000E+00,  1.0000000000000000E+00,1,  5.1537697180731890E-01,54,3,487,487,0,  9.2977830857822252E-01,  9.7399999999999998E-01,  9.7399999999999998E-01,  9.5137555509970162E-01,  8.4754813999999998E-02,  5.8529299999999997E-04,0
997,  1.6250000000000001E-01,35,  1.0000000000000000E+00,  1.0000000000000000E+00,2,  5.1537697180731890E-01,54,4,488,487,1,  8.6113944675425758E-01,  9.7599999999999998E-01,  9.7399999999999998E-01,  9.1497910136005034E-01,  8.9281138999999995E-02,  6.0489900000000000E-04,0
998,  1.6250000000000001E-01,35,  1.0000000000000000E+00,  1.0000000000000000E+00,3,  5.1537697180731890E-01,54,4,488,487,1,  8.6113944675425758E-01,  9.7599999999999998E-01,  9.7399999999999998E-01,  9.1497910136005034E-01,  8.5428688000000003E-02,  6.2263399999999995E-04,0
999,  1.6250000000000001E-01,35,  1.0000000000000000E+00,  1.0000000000000000E+00,4,  5.1537697180731890E-01,54,4,488,487,1,  8.6113944675425758E-01,  9.7599999999999998E-01,  9.7399999999999998E-01,  9.1497910136005034E-01,  8.5782756000000002E-02,  1.1409710000000000E-03,0
1000,  1.6250000000000001E-01,35,  1.0000000000000000E+00,  1.0000000000000000E+00,5,  5.1537697180731890E-01,54,4,488,487,1,  8.6113944675425758E-01,  9.7599999999999998E-01,  9.7399999999999998E-01,  9.1497910136005034E-01,  8.6896144999999994E-02,  6.4725199999999996E-04,0
1001,  1.6250000000000001E-01,45,  2.5000000000000000E-01,  2.5000000000000000E-01,1,  5.1537697180731890E-01,44,22,383,383,0,  1.9879339190121645E-01,  7.6600000000000001E-01,  7.6600000000000001E-01,  3.1566496925576593E-01,  3.4827556000000003E-02,  4.9609500000000000E-04,0
1002,  1.6250000000000001E-01,45,  2.5000000000000000E-01,  2.5000000000000000E-01,2,  5.1537697180731890E-01,44,23,384,383,1,  1.9165278294345198E-01,  7.6800000000000002E-01,  7.6600000000000001E-01,  3.0675540136321228E-01,  3.1760024999999997E-02,  5.0264299999999999E-04,0
1003,  1.6250000000000001E-01,45,  2.5000000000000000E-01,  2.5000000000000000E-01,3,  5.1537697180731890E-01,44,24,386,383,3,  1.8652300648755191E-01,  7.7200000000000002E-01,  7.6600000000000001E-01,  3.0045342685316151E-01,  3.1839969000000003E-02,  5.2694199999999997E-04,0
1004,  1.6250000000000001E-01,45,  2.5000000000000000E-01,  2.5000000000000000E-01,4,  5.1537697180731890E-01,44,25,389,383,6,  1.8012774346930241E-01,  7.7800000000000002E-01,  7.6600000000000001E-01,  2.9252755777989270E-01,  3.2003586000000001E-02,  5.3119799999999998E-04,0
1005,  1.6250000000000001E-01,45,  2.5000000000000000E-01,  2.5000000000000000E-01,5,  5.1537697180731890E-01,44,27,397,383,14,  1.6789544118437114E-01,  7.9400000000000004E-01,  7.6600000000000001E-01,  2.7717977358588747E-01,  3.1827131000000002E-02,  5.1148800000000005E-04,0
1006,  1.6250000000000001E-01,45,  2.5000000000000000E-01,  4.3750000000000000E-01,1,  5.1537697180731890E-01,44,22,383,383,0,  1.9879339190121645E-01,  7.6600000000000001E-01,  7.6600000000000001E-01,  3.1566496925576593E-01,  3.2515104000000003E-02,  4.9068099999999997E-04,0
1007,  1.6250000000000001E-01,45,  2.5000000000000000E-01,  4.3750000000000000E-01,2,  5.1537697180731890E-01,44,23,384,383,1,  1.9165278294345198E-01,  7.6800000000000002E-01,  7.6600000000000001E-01,  3.0675540136321228E-01,  3.1439802000000003E-02,  5.0550900000000001E-04,0
1008,  1.6250000000000001E-01,45,  2.5000000000000000E-01,  4.3750000000000000E-01,3,  5.1537697180731890E-01,44,24,386,383,3,  1.8652300648755191E-01,  7.7200000000000002E-01,  7.6600000000000001E-01,  3.0045342685316151E-01,  3.2006307999999997E-02,  5.0646000000000003E-04,0
1009,  1.6250000000000001E-01,45,  2.5000000000000000E-01,  4.3750000000000000E-01,4,  5.1537697180731890E-01,44,25,389,383,6,  1.8012774346930241E-01,  7.7800000000000002E-01,  7.6600000000000001E-01,  2.9252755777989270E-01,  3.2933508000000000E-02,  5.3367800000000000E-04,0
1010,  1.6250000000000001E-01,45,  2.5000000000000000E-01,  4.3750000000000000E-01,5,  5.1537697180731890E-01,44,27,397,383,14,  1.6789544118437114E-01,  7.9400000000000004E-01,  7.6600000000000001E-01,  2.7717977358588747E-01,  3.2840450000000000E-02,  5.8541200000000000E-04,0
1011,  1.6250000000000001E-01,45,  2.5000000000000000E-01,  6.2500000000000000E-01,1,  5.1537697180731890E-01,44,22,383,383,0,  1.9879339190121645E-01,  7.6600000000000001E-01,  7.6600000000000001E-01,  3.1566496925576593E-01,  3.3253817999999997E-02,  4.8859600000000000E-04,0
1012,  1.6250000000000001E-01,45,  2.5000000000000000E-01,  6.2500000000000000E-01,2,  5.1537697180731890E-01,44,23,384,383,1,  1.9165278294345198E-01,  7.6800000000000002E-01,  7.6600000000000001E-01,  3.0675540136321228E-01,  3.2679788000000001E-02,  5.2999700000000004E-04,0
1013,  1.6250000000000001E-01,45,  2.5000000000000000E-01,  6.2500000000000000E-01,3,  5.1537697180731890E-01,44,24,386,383,3,  1.8652300648755191E-01,  7.7200000000000002E-01,  7.6600000000000001E-01,  3.0045342685316151E-01,  3.3301604999999998E-02,  5.5597500000000000E-04,0
1014,  1.6250000000000001E-01,45,  2.5000000000000000E-01,  6.2500000000000000E-01,4,  5.1537697180731890E-01,44,25,389,383,6,  1.8012774346930241E-01,  7.7800000000000002E-01,  7.6600000000000001E-01,  2.9252755777989270E-01,  3.2278388999999998E-02,  5.3640000000000003E-04,0
1015,  1.6250000000000001E-01,45,  2.5000000000000000E-01,  6.2500000000000000E-01,5,  5.1537697180731890E-01,44,27,397,383,14,  1.6789544118437114E-01,  7.9400000000000004E-01,  7.6600000000000001E-01,  2.7717977358588747E-01,  3.2465615000000003E-02,  5.4532900000000000E-04,0
1016,  1.6250000000000001E-01,45,  2.5000000000000000E-01,  8.1250000000000000E-01,1,  5.1537697180731890E-01,44,22,383,383,0,  1.9879339190121645E-01,  7.6600000000000001E-01,  7.6600000000000001E-01,  3.1566496925576593E-01,  3.1655445999999997E-02,  4.8408099999999998E-04,0
1017,  1.6250000000000001E-01,45,  2.5000000000000000E-01,  8.1250000000000000E-01,2,  5.1537697180731890E-01,44,23,384,383,1,  1.9165278294345198E-01,  7.6800000000000002E-01,  7.6600000000000001E-01,  3.0675540136321228E-01,  3.1791091000000000E-02,  5.0266199999999997E-04,0
1018,  1.6250000000000001E-01,45,  2.5000000000000000E-01,  8.1250000000000000E-01,3,  5.1537697180731890E-01,44,24,386,383,3,  1.8652300648755191E-01,  7.7200000000000002E-01,  7.6600000000000001E-01,  3.0045342685316151E-01,  3.2362846000000001E-02,  5.5473600000000001E-04,0
1019,  1.6250000000000001E-01,45,  2.5000000000000000E-01,  8.1250000000000000E-01,4,  5.1537697180731890E-01,44,25,389,383,6,  1.8012774346930241E-01,  7.7800000000000002E-01,  7.6600000000000001E-01,  2.9252755777989270E-01,  3.3796577000000001E-02,  5.4650100000000002E-04,0
1020,  1.6250000000000001E-01,45,  2.5000000000000000E-01,  8.1250000000000000E-01,5,  5.1537697180731890E-01,44,27,397,383,14,  1.6789544118437114E-01,  7.9400000000000004E-01,  7.6600000000000001E-01,  2.7717977358588747E-01,  3.2459500000000002E-02,  5.4347700000000000E-04,0
1021,  1.6250000000000001E-01,45,  2.5000000000000000E-01,  1.0000000000000000E+00,1,  5.1537697180731890E-01,44,22,383,383,0,  1.9879339190121645E-01,  7.6600000000000001E-01,  7.6600000000000001E-01,  3.1566496925576593E-01,  3.2280586000000000E-02,  4.9972500000000002E-04,0
1022,  1.6250000000000001E-01,45,  2.5000000000000000E-01,  1.0000000000000000E+00,2,  5.1537697180731890E-01,44,23,384,383,1,  1.9165278294345198E-01,  7.6800000000000002E-01,  7.6600000000000001E-01,  3.0675540136321228E-01,  3.2196400999999999E-02,  5.1763500000000001E-04,0
1023,  1.6250000000000001E-01,45,  2.5000000000000000E-01,  1.0000000000000000E+00,3,  5.1537697180731890E-01,44,24,386,383,3,  1.8652300648755191E-01,  7.7200000000000002E-01,  7.6600000000000001E-01,  3.0045342685316151E-01,  3.2083542000000000E-02,  6.5688599999999997E-04,0
1024,  1.6250000000000001E-01,45,  2.5000000000000000E-01,  1.0000000000000000E+00,4,  5.1537697180731890E-01,44,25,389,383,6,  1.8012774346930241E-01,  7.7800000000000002E-01,  7.6600000000000001E-01,  2.9252755777989270E-01,  3.2377279000000002E-02,  5.6489699999999997E-04,0
1025,  1.6250000000000001E-01,45,  2.5000000000000000E-01,  1.0000000000000000E+00,5,  5.1537697180731890E-01,44,27,397,383,14,  1.6789544118437114E-01,  7.9400000000000004E-01,  7.6600000000000001E-01,  2.7717977358588747E-01,  3.2392875000000002E-02,  5.0868199999999999E-04,0
1026,  1.6250000000000001E-01,45,  4.3750000000000000E-01,  2.5000000000000000E-01,1,  5.1537697180731890E-01,44,13,450,450,0,  3.7172960234133556E-01,  9.0000000000000002E-01,  9.0000000000000002E-01,  5.2614430220270392E-01,  4.0253412000000002E-02,  5.5912099999999999E-04,0
1027,  1.6250000000000001E-01,45,  4.3750000000000000E-01,  2.5000000000000000E-01,2,  5.1537697180731890E-01,44,14,451,450,1,  3.5293076470873308E-01,  9.0200000000000002E-01,  9.0000000000000002E-01,  5.0734838720949538E-01,  4.0471561000000003E-02,  5.8854500000000000E-04,0
1028,  1.6250000000000001E-01,45,  4.3750000000000000E-01,  2.5000000000000000E-01,3,  5.1537697180731890E-01,44,16,455,450,5,  2.9862249554090875E-01,  9.1000000000000003E-01,  9.0000000000000002E-01,  4.4967965091632545E-01,  4.0533960000000001E-02,  6.4179000000000005E-04,0
1029,  1.6250000000000001E-01,45,  4.3750000000000000E-01,  2.5000000000000000E-01,4,  5.1537697180731890E-01,44,16,455,450,5,  2.9862249554090875E-01,  9.1000000000000003E-01,  9.0000000000000002E-01,  4.4967965091632545E-01,  3.8406625999999999E-02,  6.2116999999999999E-04,0
1030,  1.6250000000000001E-01,45,  4.3750000000000000E-01,  2.5000000000000000E-01,5,  5.1537697180731890E-01,44,16,455,450,5,  2.9862249554090875E-01,  9.1000000000000003E-01,  9.0000000000000002E-01,  4.4967965091632545E-01,  3.7054904000000000E-02,  6.9404099999999995E-04,0
1031,  1.6250000000000001E-01,45,  4.3750000000000000E-01,  4.3750000000000000E-01,1,  5.1537697180731890E-01,44,13,450,450,0,  3.7172960234133556E-01,  9.0000000000000002E-01,  9.0000000000000002E-01,  5.2614430220270392E-01,  3.8045796999999999E-02,  6.7204600000000004E-04,0
1032,  1.6250000000000001E-01,45,  4.3750000000000000E-01,  4.3750000000000000E-01,2,  5.1537697180731890E-01,44,14,451,450,1,  3.5293076470873308E-01,  9.0200000000000002E-01,  9.0000000000000002E-01,  5.0734838720949538E-01,  3.9528208000000002E-02,  5.9465699999999995E-04,0
1033,  1.6250000000000001E-01,45,  4.3750000000000000E-01,  4.3750000000000000E-01,3,  5.1537697180731890E-01,44,16,455,450,5,  2.9862249554090875E-01,  9.1000000000000003E-01,  9.0000000000000002E-01,  4.4967965091632545E-01,  3.8278883000000000E-02,  5.7186800000000001E-04,0
1034,  1.6250000000000001E-01,45,  4.3750000000000000E-01,  4.3750000000000000E-01,4,  5.1537697180731890E-01,44,16,455,450,5,  2.9862249554090875E-01,  9.1000000000000003E-01,  9.0000000000000002E-01,  4.4967965091632545E-01,  3.9413522999999999E-02,  6.0202200000000002E-04,0
1035,  1.6250000000000001E-01,45,  4.3750000000000000E-01,  4.3750000000000000E-01,5,  5.1537697180731890E-01,44,16,455,450,5,  2.9862249554090875E-01,  9.1000000000000003E-01,  9.0000000000000002E-01,  4.4967965091632545E-01,  3.8538351999999998E-02,  5.6914499999999996E-04,0
1036,  1.6250000000000001E-01,45,  4.3750000000000000E-01,  6.2500000000000000E-01,1,  5.1537697180731890E-01,44,13,450,450,0,  3.7172960234133556E-01,  9.0000000000000002E-01,  9.0000000000000002E-01,  5.2614430220270392E-01,  3.9138623999999997E-02,  5.6354099999999998E-04,0
1037,  1.6250000000000001E-01,45,  4.3750000000000000E-01,  6.2500000000000000E-01,2,  5.1537697180731890E-01,44,14,451,450,1,  3.5293076470873308E-01,  9.0200000000000002E-01,  9.0000000000000002E-01,  5.0734838720949538E-01,  3.8830693999999999E-02,  5.7506799999999998E-04,0
1038,  1.6250000000000001E-01,45,  4.3750000000000000E-01,  6.2500000000000000E-01,3,  5.1537697180731890E-01,44,16,455,450,5,  2.9862249554090875E-01,  9.1000000000000003E-01,  9.0000000000000002E-01,  4.4967965091632545E-01,  4.0156806000000003E-02,  5.7128300000000001E-04,0
1039,  1.6250000000000001E-01,45,  4.3750000000000000E-01,  6.2500000000000000E-01,4,  5.1537697180731890E-01,44,16,455,450,5,  2.9862249554090875E-01,  9.1000000000000003E-01,  9.0000000000000002E-01,  4.4967965091632545E-01,  3.7985933000000000E-02,  5.6114399999999997E-04,0
1040,  1.6250000000000001E-01,45,  4.3750000000000000E-01,  6.2500000000000000E-01,5,  5.1537697180731890E-01,44,16,455,450,5,  2.9862249554090875E-01,  9.1000000000000003E-01,  9.0000000000000002E-01,  4.4967965091632545E-01,  3.9792695000000003E-02,  5.6927599999999996E-04,0
1041,  1.6250000000000001E-01,45,  4.3750000000000000E-01,  8.1250000000000000E-01,1,  5.1537697180731890E-01,44,13,450,450,0,  3.7172960234133556E-01,  9.0000000000000002E-01,  9.0000000000000002E-01,  5.2614430220270392E-01,  3.7945110999999997E-02,  5.6366800000000002E-04,0
1042,  1.6250000000000001E-01,45,  4.3750000000000000E-01,  8.1250000000000000E-01,2,  5.1537697180731890E-01,44,14,451,450,1,  3.5293076470873308E-01,  9.0200000000000002E-01,  9.0000000000000002E-01,  5.0734838720949538E-01,  3.8764927999999997E-02,  5.8454100000000005E-04,0
1043,  1.6250000000000001E-01,45,  4.3750000000000000E-01,  8.1250000000000000E-01,3,  5.1537697180731890E-01,44,16,455,450,5,  2.9862249554090875E-01,  9.1000000000000003E-01,  9.0000000000000002E-01,  4.4967965091632545E-01,  4.0805602000000003E-02,  5.9563800000000001E-04,0
1044,  1.6250000000000001E-01,45,  4.3750000000000000E-01,  8.1250000000000000E-01,4,  5.1537697180731890E-01,44,16,455,450,5,  2.9862249554090875E-01,  9.1000000000000003E-01,  9.0000000000000002E-01,  4.4967965091632545E-01,  3.9330675000000002E-02,  6.5657800000000000E-04,0
1045,  1.6250000000000001E-01,45,  4.3750000000000000E-01,  8.1250000000000000E-01,5,  5.1537697180731890E-01,44,16,455,450,5,  2.9862249554090875E-01,  9.1000000000000003E-01,  9.0000000000000002E-01,  4.4967965091632545E-01,  3.9888017999999997E-02,  5.7558999999999996E-04,0
1046,  1.6250000000000001E-01,45,  4.3750000000000000E-01,  1.0000000000000000E+00,1,  5.1537697180731890E-01,44,13,450,450,0,  3.7172960234133556E-01,  9.0000000000000002E-01,  9.0000000000000002E-01,  5.2614430220270392E-01,  3.9087892999999999E-02,  5.7408199999999996E-04,0
1047,  1.6250000000000001E-01,45,  4.3750000000000000E-01,  1.0000000000000000E+00,2,  5.1537697180731890E-01,44,14,451,450,1,  3.5293076470873308E-01,  9.0200000000000002E-01,  9.0000000000000002E-01,  5.0734838720949538E-01,  3.9908403000000002E-02,  5.5832300000000000E-04,0
1048,  1.6250000000000001E-01,45,  4.3750000000000000E-01,  1.0000000000000000E+00,3,  5.1537697180731890E-01,44,16,455,450,5,  2.9862249554090875E-01,  9.1000000000000003E-01,  9.0000000000000002E-01,  4.4967965091632545E-01,  4.0100447999999997E-02,  5.7116299999999997E-04,0
1049,  1.6250000000000001E-01,45,  4.3750000000000000E-01,  1.0000000000000000E+00,4,  5.1537697180731890E-01,44,16,455,450,5,  2.9862249554090875E-01,  9.1000000000000003E-01,  9.0000000000000002E-01,  4.4967965091632545E-01,  3.8611529999999998E-02,  5.7195800000000002E-04,0
1050,  1.6250000000000001E-01,45,  4.3750000000000000E-01,  1.0000000000000000E+00,5,  5.1537697180731890E-01,44,16,455,450,5,  2.9862249554090875E-01,  9.1000000000000003E-01,  9.0000000000000002E-01,  4.4967965091632545E-01,  3.7556180000000002E-02,  5.8018000000000002E-04,0
1051,  1.6250000000000001E-01,45,  6.2500000000000000E-01,  2.5000000000000000E-01,1,  5.1537697180731890E-01,44,8,475,475,0,  5.9996374037867295E-01,  9.4999999999999996E-01,  9.4999999999999996E-01,  7.3545662845053461E-01,  4.6710646000000001E-02,  5.8933800000000001E-04,0
1052,  1.6250000000000001E-01,45,  6.2500000000000000E-01,  2.5000000000000000E-01,2,  5.1537697180731890E-01,44,10,477,475,2,  4.9528892716719958E-01,  9.5399999999999996E-01,  9.4999999999999996E-01,  6.5205167535651365E-01,  4.5419508999999997E-02,  6.1650799999999999E-04,0
1053,  1.6250000000000001E-01,45,  6.2500000000000000E-01,  2.5000000000000000E-01,3,  5.1537697180731890E-01,44,11,479,475,4,  4.6340261342677191E-01,  9.5799999999999996E-01,  9.4999999999999996E-01,  6.2465018632909453E-01,  4.5531212000000001E-02,  6.0036800000000000E-04,0
1054,  1.6250000000000001E-01,45,  6.2500000000000000E-01,  2.5000000000000000E-01,4,  5.1537697180731890E-01,44,11,479,475,4,  4.6340261342677191E-01,  9.5799999999999996E-01,  9.4999999999999996E-01,  6.2465018632909453E-01,  4.3672360000000000E-02,  5.8766099999999996E-04,0
1055,  1.6250000000000001E-01,45,  6.2500000000000000E-01,  2.5000000000000000E-01,5,  5.1537697180731890E-01,44,11,479,475,4,  4.6340261342677191E-01,  9.5799999999999996E-01,  9.4999999999999996E-01,  6.2465018632909453E-01,  4.4763776999999998E-02,  6.4502299999999999E-04,0
1056,  1.6250000000000001E-01,45,  6.2500000000000000E-01,  4.3750000000000000E-01,1,  5.1537697180731890E-01,44,8,475,475,0,  5.9996374037867295E-01,  9.4999999999999996E-01,  9.4999999999999996E-01,  7.3545662845053461E-01,  4.5707787000000000E-02,  6.0682200000000003E-04,0
1057,  1.6250000000000001E-01,45,  6.2500000000000000E-01,  4.3750000000000000E-01,2,  5.1537697180731890E-01,44,10,477,475,2,  4.9528892716719958E-01,  9.5399999999999996E-01,  9.4999999999999996E-01,  6.5205167535651365E-01,  4.5182066000000000E-02,  7.5965500000000003E-04,0
1058,  1.6250000000000001E-01,45,  6.2500000000000000E-01,  4.3750000000000000E-01,3,  5.1537697180731890E-01,44,11,479,475,4,  4.6340261342677191E-01,  9.5799999999999996E-01,  9.4999999999999996E-01,  6.2465018632909453E-01,  4.5539855999999997E-02,  6.2642399999999999E-04,0
1059,  1.6250000000000001E-01,45,  6.2500000000000000E-01,  4.3750000000000000E-01,4,  5.1537697180731890E-01,44,11,479,475,4,  4.6340261342677191E-01,  9.5799999999999996E-01,  9.4999999999999996E-01,  6.2465018632909453E-01,  4.5562660999999997E-02,  5.9330199999999998E-04,0
1060,  1.6250000000000001E-01,45,  6.2500000000000000E-01,  4.3750000000000000E-01,5,  5.1537697180731890E-01,44,11,479,475,4,  4.6340261342677191E-01,  9.5799999999999996E-01,  9.4999999999999996E-01,  6.2465018632909453E-01,  4.4172166999999998E-02,  6.1910500000000000E-04,0
1061,  1.6250000000000001E-01,45,  6.2500000000000000E-01,  6.2500000000000000E-01,1,  5.1537697180731890E-01,44,8,475,475,0,  5.9996374037867295E-01,  9.4999999999999996E-01,  9.4999999999999996E-01,  7.3545662845053461E-01,  4.4759608999999999E-02,  5.9601800000000003E-04,0
1062,  1.6250000000000001E-01,45,  6.2500000000000000E-01,  6.2500000000000000E-01,2,  5.1537697180731890E-01,44,10,477,475,2,  4.9528892716719958E-01,  9.5399999999999996E-01,  9.4999999999999996E-01,  6.5205167535651365E-01,  4.5732705999999998E-02,  5.8961500000000004E-04,0
1063,  1.6250000000000001E-01,45,  6.2500000000000000E-01,  6.2500000000000000E-01,3,  5.1537697180731890E-01,44,11,479,475,4,  4.6340261342677191E-01,  9.5799999999999996E-01,  9.4999999999999996E-01,  6.2465018632909453E-01,  4.5699871000000003E-02,  6.9560399999999995E-04,0
1064,  1.6250000000000001E-01,45,  6.2500000000000000E-01,  6.2500000000000000E-01,4,  5.1537697180731890E-01,44,11,479,475,4,  4.6340261342677191E-01,  9.5799999999999996E-01,  9.4999999999999996E-01,  6.2465018632909453E-01,  4.6854486000000001E-02,  6.1433899999999999E-04,0
1065,  1.6250000000000001E-01,45,  6.2500000000000000E-01,  6.2500000000000000E-01,5,  5.1537697180731890E-01,44,11,479,475,4,  4.6340261342677191E-01,  9.5799999999999996E-01,  9.4999999999999996E-01,  6.2465018632909453E-01,  4.6104340000000001E-02,  7.6602199999999999E-04,0
1066,  1.6250000000000001E-01,45,  6.2500000000000000E-01,  8.1250000000000000E-01,1,  5.1537697180731890E-01,44,8,475,475,0,  5.9996374037867295E-01,  9.4999999999999996E-01,  9.4999999999999996E-01,  7.3545662845053461E-01,  4.5174586000000003E-02,  6.1665199999999998E-04,0
1067,  1.6250000000000001E-01,45,  6.2500000000000000E-01,  8.1250000000000000E-01,2,  5.1537697180731890E-01,44,10,477,475,2,  4.9528892716719958E-01,  9.5399999999999996E-01,  9.4999999999999996E-01,  6.5205167535651365E-01,  4.5018260999999997E-02,  1.0730740000000000E-03,0
1068,  1.6250000000000001E-01,45,  6.2500000000000000E-01,  8.1250000000000000E-01,3,  5.1537697180731890E-01,44,11,479,475,4,  4.6340261342677191E-01,  9.5799999999999996E-01,  9.4999999999999996E-01,  6.2465018632909453E-01,  4.5296252000000002E-02,  6.2227799999999998E-04,0
1069,  1.6250000000000001E-01,45,  6.2500000000000000E-01,  8.1250000000000000E-01,4,  5.1537697180731890E-01,44,11,479,475,4,  4.6340261342677191E-01,  9.5799999999999996E-01,  9.4999999999999996E-01,  6.2465018632909453E-01,  4.6145765999999998E-02,  5.9732800000000005E-04,0
1070,  1.6250000000000001E-01,45,  6.2500000000000000E-01,  8.1250000000000000E-01,5,  5.1537697180731890E-01,44,11,479,475,4,  4.6340261342677191E-01,  9.5799999999999996E-01,  9.4999999999999996E-01,  6.2465018632909453E-01,  5.0439619999999998E-02,  8.5165299999999996E-04,0
1071,  1.6250000000000001E-01,45,  6.2500000000000000E-01,  1.0000000000000000E+00,1,  5.1537697180731890E-01,44,8,475,475,0,  5.9996374037867295E-01,  9.4999999999999996E-01,  9.4999999999999996E-01,  7.3545662845053461E-01,  5.0449089000000003E-02,  6.2744299999999999E-04,0
1072,  1.6250000000000001E-01,45,  6.2500000000000000E-01,  1.0000000000000000E+00,2,  5.1537697180731890E-01,44,10,477,475,2,  4.9528892716719958E-01,  9.5399999999999996E-01,  9.4999999999999996E-01,  6.5205167535651365E-01,  4.5211161999999999E-02,  6.0389700000000005E-04,0
1073,  1.6250000000000001E-01,45,  6.2500000000000000E-01,  1.0000000000000000E+00,3,  5.1537697180731890E-01,44,11,479,475,4,  4.6340261342677191E-01,  9.5799999999999996E-01,  9.4999999999999996E-01,  6.2465018632909453E-01,  4.5819764999999998E-02,  5.8933700000000000E-04,0
1074,  1.6250000000000001E-01,45,  6.2500000000000000E-01,  1.0000000000000000E+00,4,  5.1537697180731890E-01,44,11,479,475,4,  4.6340261342677191E-01,  9.5799999999999996E-01,  9.4999999999999996E-01,  6.2465018632909453E-01,  4.6859310000000001E-02,  7.0434000000000002E-04,0
1075,  1.6250000000000001E-01,45,  6.2500000000000000E-01,  1.0000000000000000E+00,5,  5.1537697180731890E-01,44,11,479,475,4,  4.6340261342677191E-01,  9.5799999999999996E-01,  9.4999999999999996E-01,  6.2465018632909453E-01,  4.6463825000000000E-02,  6.1395099999999995E-04,0
1076,  1.6250000000000001E-01,45,  8.1250000000000000E-01,  2.5000000000000000E-01,1,  5.1537697180731890E-01,44,5,480,480,0,  7.6896410328737808E-01,  9.5999999999999996E-01,  9.5999999999999996E-01,  8.5392812696607245E-01,  5.0438868999999997E-02,  5.9371200000000004E-04,0
1077,  1.6250000000000001E-01,45,  8.1250000000000000E-01,  2.5000000000000000E-01,2,  5.1537697180731890E-01,44,6,481,480,1,  7.1334674666070563E-01,  9.6199999999999997E-01,  9.5999999999999996E-01,  8.1922094235764475E-01,  5.3517228000000000E-02,  7.5782599999999996E-04,0
1078,  1.6250000000000001E-01,45,  8.1250000000000000E-01,  2.5000000000000000E-01,3,  5.1537697180731890E-01,44,7,483,480,3,  6.6474017372174610E-01,  9.6599999999999997E-01,  9.5999999999999996E-01,  7.8754300429073154E-01,  6.4473269999999999E-02,  8.8132800000000002E-04,0
1079,  1.6250000000000001E-01,45,  8.1250000000000000E-01,  2.5000000000000000E-01,4,  5.1537697180731890E-01,44,7,483,480,3,  6.6474017372174610E-01,  9.6599999999999997E-01,  9.5999999999999996E-01,  7.8754300429073154E-01,  5.2410796000000003E-02,  6.3048200000000003E-04,0
1080,  1.6250000000000001E-01,45,  8.1250000000000000E-01,  2.5000000000000000E-01,5,  5.1537697180731890E-01,44,9,491,480,11,  5.7735702286385060E-01,  9.8199999999999998E-01,  9.5999999999999996E-01,  7.2717740471138226E-01,  5.1633248999999999E-02,  6.2870799999999996E-04,0
1081,  1.6250000000000001E-01,45,  8.1250000000000000E-01,  4.3750000000000000E-01,1,  5.1537697180731890E-01,44,5,480,480,0,  7.6896410328737808E-01,  9.5999999999999996E-01,  9.5999999999999996E-01,  8.5392812696607245E-01,  5.4545023999999998E-02,  6.0810100000000000E-04,0
1082,  1.6250000000000001E-01,45,  8.1250000000000000E-01,  4.3750000000000000E-01,2,  5.1537697180731890E-01,44,6,481,480,1,  7.1334674666070563E-01,  9.6199999999999997E-01,  9.5999999999999996E-01,  8.1922094235764475E-01,  5.2055806000000003E-02,  6.2402099999999999E-04,0
1083,  1.6250000000000001E-01,45,  8.1250000000000000E-01,  4.3750000000000000E-01,3,  5.1537697180731890E-01,44,7,483,480,3,  6.6474017372174610E-01,  9.6599999999999997E-01,  9.5999999999999996E-01,  7.8754300429073154E-01,  5.2264789999999998E-02,  5.9553000000000004E-04,0
1084,  1.6250000000000001E-01,45,  8.1250000000000000E-01,  4.3750000000000000E-01,4,  5.1537697180731890E-01,44,7,483,480,3,  6.6474017372174610E-01,  9.6599999999999997E-01,  9.5999999999999996E-01,  7.8754300429073154E-01,  5.1618605999999997E-02,  5.8736800000000000E-04,0
1085,  1.6250000000000001E-01,45,  8.1250000000000000E-01,  4.3750000000000000E-01,5,  5.1537697180731890E-01,44,9,491,480,11,  5.7735702286385060E-01,  9.8199999999999998E-01,  9.5999999999999996E-01,  7.2717740471138226E-01,  5.1117443999999998E-02,  6.3199899999999995E-04,0
1086,  1.6250000000000001E-01,45,  8.1250000000000000E-01,  6.2500000000000000E-01,1,  5.1537697180731890E-01,44,5,480,480,0,  7.6896410328737808E-01,  9.5999999999999996E-01,  9.5999999999999996E-01,  8.5392812696607245E-01,  5.1613829000000000E-02,  5.9137399999999998E-04,0
1087,  1.6250000000000001E-01,45,  8.1250000000000000E-01,  6.2500000000000000E-01,2,  5.1537697180731890E-01,44,6,481,480,1,  7.1334674666070563E-01,  9.6199999999999997E-01,  9.5999999999999996E-01,  8.1922094235764475E-01,  4.9506995999999998E-02,  5.9050499999999996E-04,0
1088,  1.6250000000000001E-01,45,  8.1250000000000000E-01,  6.2500000000000000E-01,3,  5.1537697180731890E-01,44,7,483,480,3,  6.6474017372174610E-01,  9.6599999999999997E-01,  9.5999999999999996E-01,  7.8754300429073154E-01,  5.0379449999999999E-02,  6.5621699999999995E-04,0
1089,  1.6250000000000001E-01,45,  8.1250000000000000E-01,  6.2500000000000000E-01,4,  5.1537697180731890E-01,44,7,483,480,3,  6.6474017372174610E-01,  9.6599999999999997E-01,  9.5999999999999996E-01,  7.8754300429073154E-01,  5.2716825000000002E-02,  5.9692600000000001E-04,0
1090,  1.6250000000000001E-01,45,  8.1250000000000000E-01,  6.2500000000000000E-01,5,  5.1537697180731890E-01,44,9,491,480,11,  5.7735702286385060E-01,  9.8199999999999998E-01,  9.5999999999999996E-01,  7.2717740471138226E-01,  5.3792886999999998E-02,  6.3674999999999995E-04,0
1091,  1.6250000000000001E-01,45,  8.1250000000000000E-01,  8.1250000000000000E-01,1,  5.1537697180731890E-01,44,5,480,480,0,  7.6896410328737808E-01,  9.5999999999999996E-01,  9.5999999999999996E-01,  8.5392812696607245E-01,  5.1972926000000003E-02,  5.8414700000000003E-04,0
1092,  1.6250000000000001E-01,45,  8.1250000000000000E-01,  8.1250000000000000E-01,2,  5.1537697180731890E-01,44,6,481,480,1,  7.1334674666070563E-01,  9.6199999999999997E-01,  9.5999999999999996E-01,  8.1922094235764475E-01,  5.1800364000000002E-02,  5.9487400000000001E-04,0
1093,  1.6250000000000001E-01,45,  8.1250000000000000E-01,  8.1250000000000000E-01,3,  5.1537697180731890E-01,44,7,483,480,3,  6.6474017372174610E-01,  9.6599999999999997E-01,  9.5999999999999996E-01,  7.8754300429073154E-01,  5.0330242999999997E-02,  6.0222599999999998E-04,0
1094,  1.6250000000000001E-01,45,  8.1250000000000000E-01,  8.1250000000000000E-01,4,  5.1537697180731890E-01,44,7,483,480,3,  6.6474017372174610E-01,  9.6599999999999997E-01,  9.5999999999999996E-01,  7.8754300429073154E-01,  5.0665529000000001E-02,  5.8830700000000004E-04,0
1095,  1.6250000000000001E-01,45,  8.1250000000000000E-01,  8.1250000000000000E-01,5,  5.1537697180731890E-01,44,9,491,480,11,  5.7735702286385060E-01,  9.8199999999999998E-01,  9.5999999999999996E-01,  7.2717740471138226E-01,  5.1503269999999997E-02,  6.1179099999999998E-04,0
1096,  1.6250000000000001E-01,45,  8.1250000000000000E-01,  1.0000000000000000E+00,1,  5.1537697180731890E-01,44,5,480,480,0,  7.6896410328737808E-01,  9.5999999999999996E-01,  9.5999999999999996E-01,  8.5392812696607245E-01,  5.2422671999999997E-02,  5.8218500000000004E-04,0
1097,  1.6250000000000001E-01,45,  8.1250000000000000E-01,  1.0000000000000000E+00,2,  5.1537697180731890E-01,44,6,481,480,1,  7.1334674666070563E-01,  9.6199999999999997E-01,  9.5999999999999996E-01,  8.1922094235764475E-01,  5.1764879000000000E-02,  6.6772399999999997E-04,0
1098,  1.6250000000000001E-01,45,  8.1250000000000000E-01,  1.0000000000000000E+00,3,  5.1537697180731890E-01,44,7,483,480,3,  6.6474017372174610E-01,  9.6599999999999997E-01,  9.5999999999999996E-01,  7.8754300429073154E-01,  5.2856160999999999E-02,  5.7598600000000001E-04,0
1099,  1.6250000000000001E-01,45,  8.1250000000000000E-01,  1.0000000000000000E+00,4,  5.1537697180731890E-01,44,7,483,480,3,  6.6474017372174610E-01,  9.6599999999999997E-01,  9.5999999999999996E-01,  7.8754300429073154E-01,  5.3715324000000002E-02,  6.0158700000000000E-04,0
1100,  1.6250000000000001E-01,45,  8.1250000000000000E-01,  1.0000000000000000E+00,5,  5.1537697180731890E-01,44,9,491,480,11,  5.7735702286385060E-01,  9.8199999999999998E-01,  9.5999999999999996E-01,  7.2717740471138226E-01,  5.1867974999999997E-02,  6.0278800000000004E-04,0
1101,  1.6250000000000001E-01,45,  1.0000000000000000E+00,  2.5000000000000000E-01,1,  5.1537697180731890E-01,44,3,484,484,0,  9.1788163916231491E-01,  9.6799999999999997E-01,  9.6799999999999997E-01,  9.4227485782595088E-01,  7.2264126999999997E-02,  6.2416200000000005E-04,0
1102,  1.6250000000000001E-01,45,  1.0000000000000000E+00,  2.5000000000000000E-01,2,  5.1537697180731890E-01,44,4,485,484,1,  8.5159638507318336E-01,  9.6999999999999997E-01,  9.6799999999999997E-01,  9.0695007992980947E-01,  7.2633117999999997E-02,  5.9251699999999998E-04,0
1103,  1.6250000000000001E-01,45,  1.0000000000000000E+00,  2.5000000000000000E-01,3,  5.1537697180731890E-01,44,4,485,484,1,  8.5159638507318336E-01,  9.6999999999999997E-01,  9.6799999999999997E-01,  9.0695007992980947E-01,  7.3127012000000005E-02,  6.0069599999999996E-04,0
1104,  1.6250000000000001E-01,45,  1.0000000000000000E+00,  2.5000000000000000E-01,4,  5.1537697180731890E-01,44,4,485,484,1,  8.5159638507318336E-01,  9.6999999999999997E-01,  9.6799999999999997E-01,  9.0695007992980947E-01,  7.3544698000000006E-02,  6.4820999999999998E-04,0
1105,  1.6250000000000001E-01,45,  1.0000000000000000E+00,  2.5000000000000000E-01,5,  5.1537697180731890E-01,44,5,489,484,5,  7.8777056088262210E-01,  9.7799999999999998E-01,  9.6799999999999997E-01,  8.7263841136653619E-01,  7.1465941000000005E-02,  5.9522899999999996E-04,0
1106,  1.6250000000000001E-01,45,  1.0000000000000000E+00,  4.3750000000000000E-01,1,  5.1537697180731890E-01,44,3,484,484,0,  9.1788163916231491E-01,  9.6799999999999997E-01,  9.6799999999999997E-01,  9.4227485782595088E-01,  7.1737339999999997E-02,  5.8525600000000004E-04,0
1107,  1.6250000000000001E-01,45,  1.0000000000000000E+00,  4.3750000000000000E-01,2,  5.1537697180731890E-01,44,4,485,484,1,  8.5159638507318336E-01,  9.6999999999999997E-01,  9.6799999999999997E-01,  9.0695007992980947E-01,  7.8866804999999998E-02,  6.0573199999999999E-04,0
1108,  1.6250000000000001E-01,45,  1.0000000000000000E+00,  4.3750000000000000E-01,3,  5.1537697180731890E-01,44,4,485,484,1,  8.5159638507318336E-01,  9.6999999999999997E-01,  9.6799999999999997E-01,  9.0695007992980947E-01,  7.3725334000000003E-02,  6.1126400000000003E-04,0
1109,  1.6250000000000001E-01,45,  1.0000000000000000E+00,  4.3750000000000000E-01,4,  5.1537697180731890E-01,44,4,485,484,1,  8.5159638507318336E-01,  9.6999999999999997E-01,  9.6799999999999997E-01,  9.0695007992980947E-01,  7.2091248999999996E-02,  6.1319200000000003E-04,0
1110,  1.6250000000000001E-01,45,  1.0000000000000000E+00,  4.3750000000000000E-01,5,  5.1537697180731890E-01,44,5,489,484,5,  7.8777056088262210E-01,  9.7799999999999998E-01,  9.6799999999999997E-01,  8.7263841136653619E-01,  7.3240891000000002E-02,  6.0671900000000003E-04,0
1111,  1.6250000000000001E-01,45,  1.0000000000000000E+00,  6.2500000000000000E-01,1,  5.1537697180731890E-01,44,3,484,484,0,  9.1788163916231491E-01,  9.6799999999999997E-01,  9.6799999999999997E-01,  9.4227485782595088E-01,  7.3930845999999995E-02,  5.7703200000000000E-04,0
1112,  1.6250000000000001E-01,45,  1.0000000000000000E+00,  6.2500000000000000E-01,2,  5.1537697180731890E-01,44,4,485,484,1,  8.5159638507318336E-01,  9.6999999999999997E-01,  9.6799999999999997E-01,  9.0695007992980947E-01,  7.2946210999999997E-02,  6.0534700000000000E-04,0
1113,  1.6250000000000001E-01,45,  1.0000000000000000E+00,  6.2500000000000000E-01,3,  5.1537697180731890E-01,44,4,485,484,1,  8.5159638507318336E-01,  9.6999999999999997E-01,  9.6799999999999997E-01,  9.0695007992980947E-01,  6.9998655000000007E-02,  5.8579699999999999E-04,0
1114,  1.6250000000000001E-01,45,  1.0000000000000000E+00,  6.2500000000000000E-01,4,  5.1537697180731890E-01,44,4,485,484,1,  8.5159638507318336E-01,  9.6999999999999997E-01,  9.6799999999999997E-01,  9.0695007992980947E-01,  7.2647452000000001E-02,  5.7925999999999995E-04,0
1115,  1.6250000000000001E-01,45,  1.0000000000000000E+00,  6.2500000000000000E-01,5,  5.1537697180731890E-01,44,5,489,484,5,  7.8777056088262210E-01,  9.7799999999999998E-01,  9.6799999999999997E-01,  8.7263841136653619E-01,  7.2297606000000000E-02,  5.9868699999999998E-04,0
1116,  1.6250000000000001E-01,45,  1.0000000000000000E+00,  8.1250000000000000E-01,1,  5.1537697180731890E-01,44,3,484,484,0,  9.1788163916231491E-01,  9.6799999999999997E-01,  9.6799999999999997E-01,  9.4227485782595088E-01,  7.2322856000000005E-02,  6.1471300000000002E-04,0
1117,  1.6250000000000001E-01,45,  1.0000000000000000E+00,  8.1250000000000000E-01,2,  5.1537697180731890E-01,44,4,485,484,1,  8.5159638507318336E-01,  9.6999999999999997E-01,  9.6799999999999997E-01,  9.0695007992980947E-01,  7.3730294000000002E-02,  7.3664800000000001E-04,0
1118,  1.6250000000000001E-01,45,  1.0000000000000000E+00,  8.1250000000000000E-01,3,  5.1537697180731890E-01,44,4,485,484,1,  8.5159638507318336E-01,  9.6999999999999997E-01,  9.6799999999999997E-01,  9.0695007992980947E-01,  7.1425025000000003E-02,  5.9177399999999999E-04,0
1119,  1.6250000000000001E-01,45,  1.0000000000000000E+00,  8.1250000000000000E-01,4,  5.1537697180731890E-01,44,4,485,484,1,  8.5159638507318336E-01,  9.6999999999999997E-01,  9.6799999999999997E-01,  9.0695007992980947E-01,  7.2905821999999995E-02,  6.1648599999999997E-04,0
1120,  1.6250000000000001E-01,45,  1.0000000000000000E+00,  8.1250000000000000E-01,5,  5.1537697180731890E-01,44,5,489,484,5,  7.8777056088262210E-01,  9.7799999999999998E-01,  9.6799999999999997E-01,  8.7263841136653619E-01,  7.1993733000000004E-02,  5.9626500000000001E-04,0
1121,  1.6250000000000001E-01,45,  1.0000000000000000E+00,  1.0000000000000000E+00,1,  5.1537697180731890E-01,44,3,484,484,0,  9.1788163916231491E-01,  9.6799999999999997E-01,  9.6799999999999997E-01,  9.4227485782595088E-01,  7.3533360000000006E-02,  5.9857300000000003E-04,0
1122,  1.6250000000000001E-01,45,  1.0000000000000000E+00,  1.0000000000000000E+00,2,  5.1537697180731890E-01,44,4,485,484,1,  8.5159638507318336E-01,  9.6999999999999997E-01,  9.6799999999999997E-01,  9.0695007992980947E-01,  7.3274069999999997E-02,  7.5188000000000002E-04,0
1123,  1.6250000000000001E-01,45,  1.0000000000000000E+00,  1.0000000000000000E+00,3,  5.1537697180731890E-01,44,4,485,484,1,  8.5159638507318336E-01,  9.6999999999999997E-01,  9.6799999999999997E-01,  9.0695007992980947E-01,  7.3047512999999994E-02,  6.1666100000000001E-04,0
1124,  1.6250000000000001E-01,45,  1.0000000000000000E+00,  1.0000000000000000E+00,4,  5.1537697180731890E-01,44,4,485,484,1,  8.5159638507318336E-01,  9.6999999999999997E-01,  9.6799999999999997E-01,  9.0695007992980947E-01,  7.1614497999999999E-02,  5.9415399999999995E-04,0
1125,  1.6250000000000001E-01,45,  1.0000000000000000E+00,  1.0000000000000000E+00,5,  5.1537697180731890E-01,44,5,489,484,5,  7.8777056088262210E-01,  9.7799999999999998E-01,  9.6799999999999997E-01,  8.7263841136653619E-01,  7.1860656999999994E-02,  6.0422000000000004E-04,0
1126,  1.6250000000000001E-01,55,  2.5000000000000000E-01,  2.5000000000000000E-01,1,  5.1537697180731890E-01,39,19,352,352,0,  2.0909719957837791E-01,  7.0399999999999996E-01,  7.0399999999999996E-01,  3.2242882481985402E-01,  2.9489938000000000E-02,  5.3530799999999996E-04,0
1127,  1.6250000000000001E-01,55,  2.5000000000000000E-01,  2.5000000000000000E-01,2,  5.1537697180731890E-01,39,19,352,352,0,  2.0909719957837791E-01,  7.0399999999999996E-01,  7.0399999999999996E-01,  3.2242882481985402E-01,  2.8594523000000000E-02,  4.6646399999999998E-04,0
1128,  1.6250000000000001E-01,55,  2.5000000000000000E-01,  2.5000000000000000E-01,3,  5.1537697180731890E-01,39,19,352,352,0,  2.0909719957837791E-01,  7.0399999999999996E-01,  7.0399999999999996E-01,  3.2242882481985402E-01,  2.8245696000000001E-02,  5.1335900000000002E-04,0
1129,  1.6250000000000001E-01,55,  2.5000000000000000E-01,  2.5000000000000000E-01,4,  5.1537697180731890E-01,39,21,358,352,6,  1.9298750225928349E-01,  7.1599999999999997E-01,  7.0399999999999996E-01,  3.0402849604467319E-01,  2.7913422000000000E-02,  4.8219199999999999E-04,0
1130,  1.6250000000000001E-01,55,  2.5000000000000000E-01,  2.5000000000000000E-01,5,  5.1537697180731890E-01,39,22,362,352,10,  1.8281344539703845E-01,  7.2399999999999998E-01,  7.0399999999999996E-01,  2.9191656815257033E-01,  2.9063090999999999E-02,  4.8555300000000000E-04,0
1131,  1.6250000000000001E-01,55,  2.5000000000000000E-01,  4.3750000000000000E-01,1,  5.1537697180731890E-01,39,19,352,352,0,  2.0909719957837791E-01,  7.0399999999999996E-01,  7.0399999999999996E-01,  3.2242882481985402E-01,  2.8791325999999999E-02,  4.5445199999999999E-04,0
1132,  1.6250000000000001E-01,55,  2.5000000000000000E-01,  4.3750000000000000E-01,2,  5.1537697180731890E-01,39,19,352,352,0,  2.0909719957837791E-01,  7.0399999999999996E-01,  7.0399999999999996E-01,  3.2242882481985402E-01,  2.9008907000000000E-02,  5.0868400000000002E-04,0
1133,  1.6250000000000001E-01,55,  2.5000000000000000E-01,  4.3750000000000000E-01,3,  5.1537697180731890E-01,39,19,352,352,0,  2.0909719957837791E-01,  7.0399999999999996E-01,  7.0399999999999996E-01,  3.2242882481985402E-01,  2.9300473000000000E-02,  6.8329899999999995E-04,0
1134,  1.6250000000000001E-01,55,  2.5000000000000000E-01,  4.3750000000000000E-01,4,  5.1537697180731890E-01,39,21,358,352,6,  1.9298750225928349E-01,  7.1599999999999997E-01,  7.0399999999999996E-01,  3.0402849604467319E-01,  2.8280421000000000E-02,  4.8927800000000000E-04,0
1135,  1.6250000000000001E-01,55,  2.5000000000000000E-01,  4.3750000000000000E-01,5,  5.1537697180731890E-01,39,22,362,352,10,  1.8281344539703845E-01,  7.2399999999999998E-01,  7.0399999999999996E-01,  2.9191656815257033E-01,  2.8837903000000002E-02,  5.2670400000000002E-04,0
1136,  1.6250000000000001E-01,55,  2.5000000000000000E-01,  6.2500000000000000E-01,1,  5.1537697180731890E-01,39,19,352,352,0,  2.0909719957837791E-01,  7.0399999999999996E-01,  7.0399999999999996E-01,  3.2242882481985402E-01,  2.7723736999999998E-02,  4.5344400000000000E-04,0
1137,  1.6250000000000001E-01,55,  2.5000000000000000E-01,  6.2500000000000000E-01,2,  5.1537697180731890E-01,39,19,352,352,0,  2.0909719957837791E-01,  7.0399999999999996E-01,  7.0399999999999996E-01,  3.2242882481985402E-01,  2.7554761000000001E-02,  4.5924699999999998E-04,0
1138,  1.6250000000000001E-01,55,  2.5000000000000000E-01,  6.2500000000000000E-01,3,  5.1537697180731890E-01,39,19,352,352,0,  2.0909719957837791E-01,  7.0399999999999996E-01,  7.0399999999999996E-01,  3.2242882481985402E-01,  2.7182611999999998E-02,  4.9779499999999999E-04,0
1139,  1.6250000000000001E-01,55,  2.5000000000000000E-01,  6.2500000000000000E-01,4,  5.1537697180731890E-01,39,21,358,352,6,  1.9298750225928349E-01,  7.1599999999999997E-01,  7.0399999999999996E-01,  3.0402849604467319E-01,  2.8260761999999998E-02,  4.7575900000000002E-04,0
1140,  1.6250000000000001E-01,55,  2.5000000000000000E-01,  6.2500000000000000E-01,5,  5.1537697180731890E-01,39,22,362,352,10,  1.8281344539703845E-01,  7.2399999999999998E-01,  7.0399999999999996E-01,  2.9191656815257033E-01,  2.9640514000000000E-02,  4.9515400000000004E-04,0
1141,  1.6250000000000001E-01,55,  2.5000000000000000E-01,  8.1250000000000000E-01,1,  5.1537697180731890E-01,39,19,352,352,0,  2.0909719957837791E-01,  7.0399999999999996E-01,  7.0399999999999996E-01,  3.2242882481985402E-01,  2.8987868000000000E-02,  4.6837400000000003E-04,0
1142,  1.6250000000000001E-01,55,  2.5000000000000000E-01,  8.1250000000000000E-01,2,  5.1537697180731890E-01,39,19,352,352,0,  2.0909719957837791E-01,  7.0399999999999996E-01,  7.0399999999999996E-01,  3.2242882481985402E-01,  2.9374984000000000E-02,  4.8074199999999999E-04,0
1143,  1.6250000000000001E-01,55,  2.5000000000000000E-01,  8.1250000000000000E-01,3,  5.1537697180731890E-01,39,19,352,352,0,  2.0909719957837791E-01,  7.0399999999999996E-01,  7.0399999999999996E-01,  3.2242882481985402E-01,  2.8106463000000002E-02,  4.7545200000000001E-04,0
1144,  1.6250000000000001E-01,55,  2.5000000000000000E-01,  8.1250000000000000E-01,4,  5.1537697180731890E-01,39,21,358,352,6,  1.9298750225928349E-01,  7.1599999999999997E-01,  7.0399999999999996E-01,  3.0402849604467319E-01,  2.9505467000000000E-02,  5.1006000000000001E-04,0
1145,  1.6250000000000001E-01,55,  2.5000000000000000E-01,  8.1250000000000000E-01,5,  5.1537697180731890E-01,39,22,362,352,10,  1.8281344539703845E-01,  7.2399999999999998E-01,  7.0399999999999996E-01,  2.9191656815257033E-01,  2.8282357000000001E-02,  4.8499600000000002E-04,0
1146,  1.6250000000000001E-01,55,  2.5000000000000000E-01,  1.0000000000000000E+00,1,  5.1537697180731890E-01,39,19,352,352,0,  2.0909719957837791E-01,  7.0399999999999996E-01,  7.0399999999999996E-01,  3.2242882481985402E-01,  2.8160734000000000E-02,  4.6713499999999998E-04,0
1147,  1.6250000000000001E-01,55,  2.5000000000000000E-01,  1.0000000000000000E+00,2,  5.1537697180731890E-01,39,19,352,352,0,  2.0909719957837791E-01,  7.0399999999999996E-01,  7.0399999999999996E-01,  3.2242882481985402E-01,  2.7172528000000001E-02,  4.9901500000000001E-04,0
1148,  1.6250000000000001E-01,55,  2.5000000000000000E-01,  1.0000000000000000E+00,3,  5.1537697180731890E-01,39,19,352,352,0,  2.0909719957837791E-01,  7.0399999999999996E-01,  7.0399999999999996E-01,  3.2242882481985402E-01,  2.7550432999999999E-02,  6.0622599999999997E-04,0
1149,  1.6250000000000001E-01,55,  2.5000000000000000E-01,  1.0000000000000000E+00,4,  5.1537697180731890E-01,39,21,358,352,6,  1.9298750225928349E-01,  7.1599999999999997E-01,  7.0399999999999996E-01,  3.0402849604467319E-01,  2.9207245000000000E-02,  4.9495500000000005E-04,0
1150,  1.6250000000000001E-01,55,  2.5000000000000000E-01,  1.0000000000000000E+00,5,  5.1537697180731890E-01,39,22,362,352,10,  1.8281344539703845E-01,  7.2399999999999998E-01,  7.0399999999999996E-01,  2.9191656815257033E-01,  2.6967598999999998E-02,  4.8589999999999999E-04,0
1151,  1.6250000000000001E-01,55,  4.3750000000000000E-01,  2.5000000000000000E-01,1,  5.1537697180731890E-01,39,13,450,450,0,  3.9242266563680933E-01,  9.0000000000000002E-01,  9.0000000000000002E-01,  5.4654008856941161E-01,  3.2856070000000001E-02,  5.7300299999999999E-04,0
1152,  1.6250000000000001E-01,55,  4.3750000000000000E-01,  2.5000000000000000E-01,2,  5.1537697180731890E-01,39,13,450,450,0,  3.9242266563680933E-01,  9.0000000000000002E-01,  9.0000000000000002E-01,  5.4654008856941161E-01,  3.1946593000000002E-02,  6.9281200000000001E-04,0
1153,  1.6250000000000001E-01,55,  4.3750000000000000E-01,  2.5000000000000000E-01,3,  5.1537697180731890E-01,39,14,452,450,2,  3.5736537873596408E-01,  9.0400000000000003E-01,  9.0000000000000002E-01,  5.1223587998118969E-01,  3.2257385000000000E-02,  6.1358400000000003E-04,0
1154,  1.6250000000000001E-01,55,  4.3750000000000000E-01,  2.5000000000000000E-01,4,  5.1537697180731890E-01,39,16,458,450,8,  3.2305765889149890E-01,  9.1600000000000004E-01,  9.0000000000000002E-01,  4.7765463281079806E-01,  3.2372463999999997E-02,  5.8273699999999995E-04,0
1155,  1.6250000000000001E-01,55,  4.3750000000000000E-01,  2.5000000000000000E-01,5,  5.1537697180731890E-01,39,16,458,450,8,  3.2305765889149890E-01,  9.1600000000000004E-01,  9.0000000000000002E-01,  4.7765463281079806E-01,  3.4635908999999999E-02,  7.4704399999999998E-04,0
1156,  1.6250000000000001E-01,55,  4.3750000000000000E-01,  4.3750000000000000E-01,1,  5.1537697180731890E-01,39,13,450,450,0,  3.9242266563680933E-01,  9.0000000000000002E-01,  9.0000000000000002E-01,  5.4654008856941161E-01,  3.2929622999999998E-02,  6.3836000000000003E-04,0
1157,  1.6250000000000001E-01,55,  4.3750000000000000E-01,  4.3750000000000000E-01,2,  5.1537697180731890E-01,39,13,450,450,0,  3.9242266563680933E-01,  9.0000000000000002E-01,  9.0000000000000002E-01,  5.4654008856941161E-01,  3.1867824000000003E-02,  5.7525000000000002E-04,0
1158,  1.6250000000000001E-01,55,  4.3750000000000000E-01,  4.3750000000000000E-01,3,  5.1537697180731890E-01,39,14,452,450,2,  3.5736537873596408E-01,  9.0400000000000003E-01,  9.0000000000000002E-01,  5.1223587998118969E-01,  3.1485061000000002E-02,  5.7177400000000005E-04,0
1159,  1.6250000000000001E-01,55,  4.3750000000000000E-01,  4.3750000000000000E-01,4,  5.1537697180731890E-01,39,16,458,450,8,  3.2305765889149890E-01,  9.1600000000000004E-01,  9.0000000000000002E-01,  4.7765463281079806E-01,  3.2113493999999999E-02,  5.7374200000000002E-04,0
1160,  1.6250000000000001E-01,55,  4.3750000000000000E-01,  4.3750000000000000E-01,5,  5.1537697180731890E-01,39,16,458,450,8,  3.2305765889149890E-01,  9.1600000000000004E-01,  9.0000000000000002E-01,  4.7765463281079806E-01,  3.2589106999999999E-02,  5.7138499999999999E-04,0
1161,  1.6250000000000001E-01,55,  4.3750000000000000E-01,  6.2500000000000000E-01,1,  5.1537697180731890E-01,39,13,450,450,0,  3.9242266563680933E-01,  9.0000000000000002E-01,  9.0000000000000002E-01,  5.4654008856941161E-01,  3.2708425999999999E-02,  6.0279500000000005E-04,0
1162,  1.6250000000000001E-01,55,  4.3750000000000000E-01,  6.2500000000000000E-01,2,  5.1537697180731890E-01,39,13,450,450,0,  3.9242266563680933E-01,  9.0000000000000002E-01,  9.0000000000000002E-01,  5.4654008856941161E-01,  3.0605706000000000E-02,  6.4647499999999998E-04,0
1163,  1.6250000000000001E-01,55,  4.3750000000000000E-01,  6.2500000000000000E-01,3,  5.1537697180731890E-01,39,14,452,450,2,  3.5736537873596408E-01,  9.0400000000000003E-01,  9.0000000000000002E-01,  5.1223587998118969E-01,  3.2199986999999999E-02,  5.9924700000000002E-04,0
1164,  1.6250000000000001E-01,55,  4.3750000000000000E-01,  6.2500000000000000E-01,4,  5.1537697180731890E-01,39,16,458,450,8,  3.2305765889149890E-01,  9.1600000000000004E-01,  9.0000000000000002E-01,  4.7765463281079806E-01,  3.2314714000000001E-02,  5.8436499999999999E-04,0
1165,  1.6250000000000001E-01,55,  4.3750000000000000E-01,  6.2500000000000000E-01,5,  5.1537697180731890E-01,39,16,458,450,8,  3.2305765889149890E-01,  9.1600000000000004E-01,  9.0000000000000002E-01,  4.7765463281079806E-01,  3.2389171000000001E-02,  5.9785899999999996E-04,0
1166,  1.6250000000000001E-01,55,  4.3750000000000000E-01,  8.1250000000000000E-01,1,  5.1537697180731890E-01,39,13,450,450,0,  3.9242266563680933E-01,  9.0000000000000002E-01,  9.0000000000000002E-01,  5.4654008856941161E-01,  3.2239638000000001E-02,  5.8004599999999997E-04,0
1167,  1.6250000000000001E-01,55,  4.3750000000000000E-01,  8.1250000000000000E-01,2,  5.1537697180731890E-01,39,13,450,450,0,  3.9242266563680933E-01,  9.0000000000000002E-01,  9.0000000000000002E-01,  5.4654008856941161E-01,  3.2185432999999999E-02,  6.0462199999999997E-04,0
1168,  1.6250000000000001E-01,55,  4.3750000000000000E-01,  8.1250000000000000E-01,3,  5.1537697180731890E-01,39,14,452,450,2,  3.5736537873596408E-01,  9.0400000000000003E-01,  9.0000000000000002E-01,  5.1223587998118969E-01,  3.2969714999999997E-02,  5.9614700000000000E-04,0
1169,  1.6250000000000001E-01,55,  4.3750000000000000E-01,  8.1250000000000000E-01,4,  5.1537697180731890E-01,39,16,458,450,8,  3.2305765889149890E-01,  9.1600000000000004E-01,  9.0000000000000002E-01,  4.7765463281079806E-01,  3.3071752000000003E-02,  5.9812600000000004E-04,0
1170,  1.6250000000000001E-01,55,  4.3750000000000000E-01,  8.1250000000000000E-01,5,  5.1537697180731890E-01,39,16,458,450,8,  3.2305765889149890E-01,  9.1600000000000004E-01,  9.0000000000000002E-01,  4.7765463281079806E-01,  3.1796268000000003E-02,  5.7770200000000003E-04,0
1171,  1.6250000000000001E-01,55,  4.3750000000000000E-01,  1.0000000000000000E+00,1,  5.1537697180731890E-01,39,13,450,450,0,  3.9242266563680933E-01,  9.0000000000000002E-01,  9.0000000000000002E-01,  5.4654008856941161E-01,  3.2552814999999999E-02,  8.4864700000000001E-04,0
1172,  1.6250000000000001E-01,55,  4.3750000000000000E-01,  1.0000000000000000E+00,2,  5.1537697180731890E-01,39,13,450,450,0,  3.9242266563680933E-01,  9.0000000000000002E-01,  9.0000000000000002E-01,  5.4654008856941161E-01,  3.3034289000000001E-02,  5.6438799999999998E-04,0
1173,  1.6250000000000001E-01,55,  4.3750000000000000E-01,  1.0000000000000000E+00,3,  5.1537697180731890E-01,39,14,452,450,2,  3.5736537873596408E-01,  9.0400000000000003E-01,  9.0000000000000002E-01,  5.1223587998118969E-01,  3.2063300000000003E-02,  5.6500900000000000E-04,0
1174,  1.6250000000000001E-01,55,  4.3750000000000000E-01,  1.0000000000000000E+00,4,  5.1537697180731890E-01,39,16,458,450,8,  3.2305765889149890E-01,  9.1600000000000004E-01,  9.0000000000000002E-01,  4.7765463281079806E-01,  3.1258326000000003E-02,  5.9058500000000002E-04,0
1175,  1.6250000000000001E-01,55,  4.3750000000000000E-01,  1.0000000000000000E+00,5,  5.1537697180731890E-01,39,16,458,450,8,  3.2305765889149890E-01,  9.1600000000000004E-01,  9.0000000000000002E-01,  4.7765463281079806E-01,  3.5626401000000002E-02,  6.1222700000000002E-04,0
1176,  1.6250000000000001E-01,55,  6.2500000000000000E-01,  2.5000000000000000E-01,1,  5.1537697180731890E-01,39,10,467,467,0,  5.5094244894536237E-01,  9.3400000000000005E-01,  9.3400000000000005E-01,  6.9306422976922000E-01,  3.8646980999999997E-02,  5.7672200000000000E-04,0
1177,  1.6250000000000001E-01,55,  6.2500000000000000E-01,  2.5000000000000000E-01,2,  5.1537697180731890E-01,39,10,467,467,0,  5.5094244894536237E-01,  9.3400000000000005E-01,  9.3400000000000005E-01,  6.9306422976922000E-01,  3.8453792000000001E-02,  6.0479200000000005E-04,0
1178,  1.6250000000000001E-01,55,  6.2500000000000000E-01,  2.5000000000000000E-01,3,  5.1537697180731890E-01,39,10,467,467,0,  5.5094244894536237E-01,  9.3400000000000005E-01,  9.3400000000000005E-01,  6.9306422976922000E-01,  3.8038732999999998E-02,  5.8325100000000002E-04,0
1179,  1.6250000000000001E-01,55,  6.2500000000000000E-01,  2.5000000000000000E-01,4,  5.1537697180731890E-01,39,10,467,467,0,  5.5094244894536237E-01,  9.3400000000000005E-01,  9.3400000000000005E-01,  6.9306422976922000E-01,  3.8341160999999999E-02,  6.4044999999999998E-04,0
1180,  1.6250000000000001E-01,55,  6.2500000000000000E-01,  2.5000000000000000E-01,5,  5.1537697180731890E-01,39,10,467,467,0,  5.5094244894536237E-01,  9.3400000000000005E-01,  9.3400000000000005E-01,  6.9306422976922000E-01,  4.1524184999999998E-02,  5.7531699999999999E-04,0
1181,  1.6250000000000001E-01,55,  6.2500000000000000E-01,  4.3750000000000000E-01,1,  5.1537697180731890E-01,39,10,467,467,0,  5.5094244894536237E-01,  9.3400000000000005E-01,  9.3400000000000005E-01,  6.9306422976922000E-01,  3.8032609000000002E-02,  7.0958200000000005E-04,0
1182,  1.6250000000000001E-01,55,  6.2500000000000000E-01,  4.3750000000000000E-01,2,  5.1537697180731890E-01,39,10,467,467,0,  5.5094244894536237E-01,  9.3400000000000005E-01,  9.3400000000000005E-01,  6.9306422976922000E-01,  3.8934794000000002E-02,  6.1306200000000005E-04,0
1183,  1.6250000000000001E-01,55,  6.2500000000000000E-01,  4.3750000000000000E-01,3,  5.1537697180731890E-01,39,10,467,467,0,  5.5094244894536237E-01,  9.3400000000000005E-01,  9.3400000000000005E-01,  6.9306422976922000E-01,  3.7415511999999998E-02,  5.8392800000000005E-04,0
1184,  1.6250000000000001E-01,55,  6.2500000000000000E-01,  4.3750000000000000E-01,4,  5.1537697180731890E-01,39,10,467,467,0,  5.5094244894536237E-01,  9.3400000000000005E-01,  9.3400000000000005E-01,  6.9306422976922000E-01,  3.8423833999999997E-02,  5.7948199999999998E-04,0
1185,  1.6250000000000001E-01,55,  6.2500000000000000E-01,  4.3750000000000000E-01,5,  5.1537697180731890E-01,39,10,467,467,0,  5.5094244894536237E-01,  9.3400000000000005E-01,  9.3400000000000005E-01,  6.9306422976922000E-01,  3.7618137000000003E-02,  5.9175899999999997E-04,0
1186,  1.6250000000000001E-01,55,  6.2500000000000000E-01,  6.2500000000000000E-01,1,  5.1537697180731890E-01,39,10,467,467,0,  5.5094244894536237E-01,  9.3400000000000005E-01,  9.3400000000000005E-01,  6.9306422976922000E-01,  3.8618953999999997E-02,  5.8752399999999997E-04,0
1187,  1.6250000000000001E-01,55,  6.2500000000000000E-01,  6.2500000000000000E-01,2,  5.1537697180731890E-01,39,10,467,467,0,  5.5094244894536237E-01,  9.3400000000000005E-01,  9.3400000000000005E-01,  6.9306422976922000E-01,  3.6869726999999998E-02,  6.6632400000000004E-04,0
1188,  1.6250000000000001E-01,55,  6.2500000000000000E-01,  6.2500000000000000E-01,3,  5.1537697180731890E-01,39,10,467,467,0,  5.5094244894536237E-01,  9.3400000000000005E-01,  9.3400000000000005E-01,  6.9306422976922000E-01,  3.7581479000000001E-02,  5.7526200000000000E-04,0
1189,  1.6250000000000001E-01,55,  6.2500000000000000E-01,  6.2500000000000000E-01,4,  5.1537697180731890E-01,39,10,467,467,0,  5.5094244894536237E-01,  9.3400000000000005E-01,  9.3400000000000005E-01,  6.9306422976922000E-01,  4.1773062000000000E-02,  6.2934000000000004E-04,0
1190,  1.6250000000000001E-01,55,  6.2500000000000000E-01,  6.2500000000000000E-01,5,  5.1537697180731890E-01,39,10,467,467,0,  5.5094244894536237E-01,  9.3400000000000005E-01,  9.3400000000000005E-01,  6.9306422976922000E-01,  4.5009049000000002E-02,  6.2748299999999997E-04,0
1191,  1.6250000000000001E-01,55,  6.2500000000000000E-01,  8.1250000000000000E-01,1,  5.1537697180731890E-01,39,10,467,467,0,  5.5094244894536237E-01,  9.3400000000000005E-01,  9.3400000000000005E-01,  6.9306422976922000E-01,  4.2538487999999999E-02,  5.9139800000000003E-04,0
1192,  1.6250000000000001E-01,55,  6.2500000000000000E-01,  8.1250000000000000E-01,2,  5.1537697180731890E-01,39,10,467,467,0,  5.5094244894536237E-01,  9.3400000000000005E-01,  9.3400000000000005E-01,  6.9306422976922000E-01,  4.4789734999999997E-02,  8.4066700000000002E-04,0
1193,  1.6250000000000001E-01,55,  6.2500000000000000E-01,  8.1250000000000000E-01,3,  5.1537697180731890E-01,39,10,467,467,0,  5.5094244894536237E-01,  9.3400000000000005E-01,  9.3400000000000005E-01,  6.9306422976922000E-01,  4.8826815000000003E-02,  8.0150600000000001E-04,0
1194,  1.6250000000000001E-01,55,  6.2500000000000000E-01,  8.1250000000000000E-01,4,  5.1537697180731890E-01,39,10,467,467,0,  5.5094244894536237E-01,  9.3400000000000005E-01,  9.3400000000000005E-01,  6.9306422976922000E-01,  4.7546111000000002E-02,  7.4783100000000002E-04,0
1195,  1.6250000000000001E-01,55,  6.2500000000000000E-01,  8.1250000000000000E-01,5,  5.1537697180731890E-01,39,10,467,467,0,  5.5094244894536237E-01,  9.3400000000000005E-01,  9.3400000000000005E-01,  6.9306422976922000E-01,  4.3960960000000000E-02,  5.9236499999999997E-04,0
1196,  1.6250000000000001E-01,55,  6.2500000000000000E-01,  1.0000000000000000E+00,1,  5.1537697180731890E-01,39,10,467,467,0,  5.5094244894536237E-01,  9.3400000000000005E-01,  9.3400000000000005E-01,  6.9306422976922000E-01,  4.3956971999999997E-02,  7.8040800000000001E-04,0
1197,  1.6250000000000001E-01,55,  6.2500000000000000E-01,  1.0000000000000000E+00,2,  5.1537697180731890E-01,39,10,467,467,0,  5.5094244894536237E-01,  9.3400000000000005E-01,  9.3400000000000005E-01,  6.9306422976922000E-01,  4.3095486000000002E-02,  6.0194000000000003E-04,0
1198,  1.6250000000000001E-01,55,  6.2500000000000000E-01,  1.0000000000000000E+00,3,  5.1537697180731890E-01,39,10,467,467,0,  5.5094244894536237E-01,  9.3400000000000005E-01,  9.3400000000000005E-01,  6.9306422976922000E-01,  4.3539944999999997E-02,  6.4408700000000000E-04,0
1199,  1.6250000000000001E-01,55,  6.2500000000000000E-01,  1.0000000000000000E+00,4,  5.1537697180731890E-01,39,10,467,467,0,  5.5094244894536237E-01,  9.3400000000000005E-01,  9.3400000000000005E-01,  6.9306422976922000E-01,  4.2497766999999999E-02,  6.8658599999999999E-04,0
1200,  1.6250000000000001E-01,55,  6.2500000000000000E-01,  1.0000000000000000E+00,5,  5.1537697180731890E-01,39,10,467,467,0,  5.5094244894536237E-01,  9.3400000000000005E-01,  9.3400000000000005E-01,  6.9306422976922000E-01,  4.3974979999999997E-02,  6.3995800000000004E-04,0
1201,  1.6250000000000001E-01,55,  8.1250000000000000E-01,  2.5000000000000000E-01,1,  5.1537697180731890E-01,39,6,470,470,0,  7.6694495572639321E-01,  9.3999999999999995E-01,  9.3999999999999995E-01,  8.4470006600302749E-01,  4.8756387999999998E-02,  5.9815200000000002E-04,0
1202,  1.6250000000000001E-01,55,  8.1250000000000000E-01,  2.5000000000000000E-01,2,  5.1537697180731890E-01,39,7,471,470,1,  7.1052402632505662E-01,  9.4199999999999995E-01,  9.3999999999999995E-01,  8.1005010775746178E-01,  4.5313551000000001E-02,  5.9508499999999997E-04,0
1203,  1.6250000000000001E-01,55,  8.1250000000000000E-01,  2.5000000000000000E-01,3,  5.1537697180731890E-01,39,7,471,470,1,  7.1052402632505662E-01,  9.4199999999999995E-01,  9.3999999999999995E-01,  8.1005010775746178E-01,  5.1575135000000001E-02,  6.0867099999999997E-04,0
1204,  1.6250000000000001E-01,55,  8.1250000000000000E-01,  2.5000000000000000E-01,4,  5.1537697180731890E-01,39,7,471,470,1,  7.1052402632505662E-01,  9.4199999999999995E-01,  9.3999999999999995E-01,  8.1005010775746178E-01,  5.1053357000000001E-02,  8.4119000000000001E-04,0
1205,  1.6250000000000001E-01,55,  8.1250000000000000E-01,  2.5000000000000000E-01,5,  5.1537697180731890E-01,39,9,479,470,9,  6.0424289399585929E-01,  9.5799999999999996E-01,  9.3999999999999995E-01,  7.4106874759715502E-01,  4.6616475999999997E-02,  7.5781500000000001E-04,0
1206,  1.6250000000000001E-01,55,  8.1250000000000000E-01,  4.3750000000000000E-01,1,  5.1537697180731890E-01,39,6,470,470,0,  7.6694495572639321E-01,  9.3999999999999995E-01,  9.3999999999999995E-01,  8.4470006600302749E-01,  5.3345091999999997E-02,  6.2273899999999997E-04,0
1207,  1.6250000000000001E-01,55,  8.1250000000000000E-01,  4.3750000000000000E-01,2,  5.1537697180731890E-01,39,7,471,470,1,  7.1052402632505662E-01,  9.4199999999999995E-01,  9.3999999999999995E-01,  8.1005010775746178E-01,  5.3507685999999999E-02,  8.1749199999999996E-04,0
1208,  1.6250000000000001E-01,55,  8.1250000000000000E-01,  4.3750000000000000E-01,3,  5.1537697180731890E-01,39,7,471,470,1,  7.1052402632505662E-01,  9.4199999999999995E-01,  9.3999999999999995E-01,  8.1005010775746178E-01,  5.0319724000000003E-02,  6.2544499999999997E-04,0
1209,  1.6250000000000001E-01,55,  8.1250000000000000E-01,  4.3750000000000000E-01,4,  5.1537697180731890E-01,39,7,471,470,1,  7.1052402632505662E-01,  9.4199999999999995E-01,  9.3999999999999995E-01,  8.1005010775746178E-01,  5.0021202000000001E-02,  8.1619899999999998E-04,0
1210,  1.6250000000000001E-01,55,  8.1250000000000000E-01,  4.3750000000000000E-01,5,  5.1537697180731890E-01,39,9,479,470,9,  6.0424289399585929E-01,  9.5799999999999996E-01,  9.3999999999999995E-01,  7.4106874759715502E-01,  5.2765276999999999E-02,  6.0196499999999999E-04,0
1211,  1.6250000000000001E-01,55,  8.1250000000000000E-01,  6.2500000000000000E-01,1,  5.1537697180731890E-01,39,6,470,470,0,  7.6694495572639321E-01,  9.3999999999999995E-01,  9.3999999999999995E-01,  8.4470006600302749E-01,  4.9328937000000003E-02,  7.6239899999999998E-04,0
1212,  1.6250000000000001E-01,55,  8.1250000000000000E-01,  6.2500000000000000E-01,2,  5.1537697180731890E-01,39,7,471,470,1,  7.1052402632505662E-01,  9.4199999999999995E-01,  9.3999999999999995E-01,  8.1005010775746178E-01,  5.1298653000000000E-02,  6.0258899999999995E-04,0
1213,  1.6250000000000001E-01,55,  8.1250000000000000E-01,  6.2500000000000000E-01,3,  5.1537697180731890E-01,39,7,471,470,1,  7.1052402632505662E-01,  9.4199999999999995E-01,  9.3999999999999995E-01,  8.1005010775746178E-01,  4.7889503999999999E-02,  5.9354299999999998E-04,0
1214,  1.6250000000000001E-01,55,  8.1250000000000000E-01,  6.2500000000000000E-01,4,  5.1537697180731890E-01,39,7,471,470,1,  7.1052402632505662E-01,  9.4199999999999995E-01,  9.3999999999999995E-01,  8.1005010775746178E-01,  4.6259250000000002E-02,  6.3274800000000003E-04,0
1215,  1.6250000000000001E-01,55,  8.1250000000000000E-01,  6.2500000000000000E-01,5,  5.1537697180731890E-01,39,9,479,470,9,  6.0424289399585929E-01,  9.5799999999999996E-01,  9.3999999999999995E-01,  7.4106874759715502E-01,  5.1418441000000002E-02,  6.0049599999999995E-04,0
1216,  1.6250000000000001E-01,55,  8.1250000000000000E-01,  8.1250000000000000E-01,1,  5.1537697180731890E-01,39,6,470,470,0,  7.6694495572639321E-01,  9.3999999999999995E-01,  9.3999999999999995E-01,  8.4470006600302749E-01,  5.6224325999999998E-02,  1.0248919999999999E-03,0
1217,  1.6250000000000001E-01,55,  8.1250000000000000E-01,  8.1250000000000000E-01,2,  5.1537697180731890E-01,39,7,471,470,1,  7.1052402632505662E-01,  9.4199999999999995E-01,  9.3999999999999995E-01,  8.1005010775746178E-01,  6.5495048000000000E-02,  6.4503499999999997E-04,0
1218,  1.6250000000000001E-01,55,  8.1250000000000000E-01,  8.1250000000000000E-01,3,  5.1537697180731890E-01,39,7,471,470,1,  7.1052402632505662E-01,  9.4199999999999995E-01,  9.3999999999999995E-01,  8.1005010775746178E-01,  4.6547062000000000E-02,  5.9644400000000001E-04,0
1219,  1.6250000000000001E-01,55,  8.1250000000000000E-01,  8.1250000000000000E-01,4,  5.1537697180731890E-01,39,7,471,470,1,  7.1052402632505662E-01,  9.4199999999999995E-01,  9.3999999999999995E-01,  8.1005010775746178E-01,  4.4989675999999999E-02,  5.9338900000000005E-04,0
1220,  1.6250000000000001E-01,55,  8.1250000000000000E-01,  8.1250000000000000E-01,5,  5.1537697180731890E-01,39,9,479,470,9,  6.0424289399585929E-01,  9.5799999999999996E-01,  9.3999999999999995E-01,  7.4106874759715502E-01,  4.4170583999999999E-02,  6.0109300000000003E-04,0
1221,  1.6250000000000001E-01,55,  8.1250000000000000E-01,  1.0000000000000000E+00,1,  5.1537697180731890E-01,39,6,470,470,0,  7.6694495572639321E-01,  9.3999999999999995E-01,  9.3999999999999995E-01,  8.4470006600302749E-01,  4.4529217000000003E-02,  6.0187800000000003E-04,0
1222,  1.6250000000000001E-01,55,  8.1250000000000000E-01,  1.0000000000000000E+00,2,  5.1537697180731890E-01,39,7,471,470,1,  7.1052402632505662E-01,  9.4199999999999995E-01,  9.3999999999999995E-01,  8.1005010775746178E-01,  4.3210049000000000E-02,  6.2889499999999997E-04,0
1223,  1.6250000000000001E-01,55,  8.1250000000000000E-01,  1.0000000000000000E+00,3,  5.1537697180731890E-01,39,7,471,470,1,  7.1052402632505662E-01,  9.4199999999999995E-01,  9.3999999999999995E-01,  8.1005010775746178E-01,  4.4660765999999998E-02,  6.9079799999999995E-04,0
1224,  1.6250000000000001E-01,55,  8.1250000000000000E-01,  1.0000000000000000E+00,4,  5.1537697180731890E-01,39,7,471,470,1,  7.1052402632505662E-01,  9.4199999999999995E-01,  9.3999999999999995E-01,  8.1005010775746178E-01,  4.5171690000000000E-02,  5.9488800000000001E-04,0
1225,  1.6250000000000001E-01,55,  8.1250000000000000E-01,  1.0000000000000000E+00,5,  5.1537697180731890E-01,39,9,479,470,9,  6.0424289399585929E-01,  9.5799999999999996E-01,  9.3999999999999995E-01,  7.4106874759715502E-01,  4.5247415999999999E-02,  5.8563799999999998E-04,0
1226,  1.6250000000000001E-01,55,  1.0000000000000000E+00,  2.5000000000000000E-01,1,  5.1537697180731890E-01,39,5,476,476,0,  8.3803161116286495E-01,  9.5199999999999996E-01,  9.5199999999999996E-01,  8.9138771500103919E-01,  5.6993017999999999E-02,  5.8461299999999999E-04,0
1227,  1.6250000000000001E-01,55,  1.0000000000000000E+00,  2.5000000000000000E-01,2,  5.1537697180731890E-01,39,5,476,476,0,  8.3803161116286495E-01,  9.5199999999999996E-01,  9.5199999999999996E-01,  8.9138771500103919E-01,  5.7660173000000002E-02,  6.6885899999999995E-04,0
1228,  1.6250000000000001E-01,55,  1.0000000000000000E+00,  2.5000000000000000E-01,3,  5.1537697180731890E-01,39,6,478,476,2,  7.7460051271773578E-01,  9.5599999999999996E-01,  9.5199999999999996E-01,  8.5579321711311118E-01,  5.5572876000000000E-02,  5.9963300000000002E-04,0
1229,  1.6250000000000001E-01,55,  1.0000000000000000E+00,  2.5000000000000000E-01,4,  5.1537697180731890E-01,39,6,478,476,2,  7.7460051271773578E-01,  9.5599999999999996E-01,  9.5199999999999996E-01,  8.5579321711311118E-01,  5.5968978000000003E-02,  6.0855600000000001E-04,0
1230,  1.6250000000000001E-01,55,  1.0000000000000000E+00,  2.5000000000000000E-01,5,  5.1537697180731890E-01,39,6,478,476,2,  7.7460051271773578E-01,  9.5599999999999996E-01,  9.5199999999999996E-01,  8.5579321711311118E-01,  5.7257964000000001E-02,  5.9042500000000000E-04,0
1231,  1.6250000000000001E-01,55,  1.0000000000000000E+00,  4.3750000000000000E-01,1,  5.1537697180731890E-01,39,5,476,476,0,  8.3803161116286495E-01,  9.5199999999999996E-01,  9.5199999999999996E-01,  8.9138771500103919E-01,  5.6092086999999999E-02,  6.2859799999999996E-04,0
1232,  1.6250000000000001E-01,55,  1.0000000000000000E+00,  4.3750000000000000E-01,2,  5.1537697180731890E-01,39,5,476,476,0,  8.3803161116286495E-01,  9.5199999999999996E-01,  9.5199999999999996E-01,  8.9138771500103919E-01,  5.6803632999999999E-02,  5.8290700000000002E-04,0
1233,  1.6250000000000001E-01,55,  1.0000000000000000E+00,  4.3750000000000000E-01,3,  5.1537697180731890E-01,39,6,478,476,2,  7.7460051271773578E-01,  9.5599999999999996E-01,  9.5199999999999996E-01,  8.5579321711311118E-01,  5.6405165000000000E-02,  5.8162199999999996E-04,0
1234,  1.6250000000000001E-01,55,  1.0000000000000000E+00,  4.3750000000000000E-01,4,  5.1537697180731890E-01,39,6,478,476,2,  7.7460051271773578E-01,  9.5599999999999996E-01,  9.5199999999999996E-01,  8.5579321711311118E-01,  5.6588687999999998E-02,  7.0994700000000005E-04,0
1235,  1.6250000000000001E-01,55,  1.0000000000000000E+00,  4.3750000000000000E-01,5,  5.1537697180731890E-01,39,6,478,476,2,  7.7460051271773578E-01,  9.5599999999999996E-01,  9.5199999999999996E-01,  8.5579321711311118E-01,  5.7816811000000003E-02,  6.3340399999999995E-04,0
1236,  1.6250000000000001E-01,55,  1.0000000000000000E+00,  6.2500000000000000E-01,1,  5.1537697180731890E-01,39,5,476,476,0,  8.3803161116286495E-01,  9.5199999999999996E-01,  9.5199999999999996E-01,  8.9138771500103919E-01,  5.7552046000000003E-02,  5.9457200000000003E-04,0
1237,  1.6250000000000001E-01,55,  1.0000000000000000E+00,  6.2500000000000000E-01,2,  5.1537697180731890E-01,39,5,476,476,0,  8.3803161116286495E-01,  9.5199999999999996E-01,  9.5199999999999996E-01,  8.9138771500103919E-01,  5.5974932999999998E-02,  6.2333099999999997E-04,0
1238,  1.6250000000000001E-01,55,  1.0000000000000000E+00,  6.2500000000000000E-01,3,  5.1537697180731890E-01,39,6,478,476,2,  7.7460051271773578E-01,  9.5599999999999996E-01,  9.5199999999999996E-01,  8.5579321711311118E-01,  5.5792699000000001E-02,  5.8586499999999998E-04,0
1239,  1.6250000000000001E-01,55,  1.0000000000000000E+00,  6.2500000000000000E-01,4,  5.1537697180731890E-01,39,6,478,476,2,  7.7460051271773578E-01,  9.5599999999999996E-01,  9.5199999999999996E-01,  8.5579321711311118E-01,  5.5376137999999998E-02,  5.9712100000000004E-04,0
1240,  1.6250000000000001E-01,55,  1.0000000000000000E+00,  6.2500000000000000E-01,5,  5.1537697180731890E-01,39,6,478,476,2,  7.7460051271773578E-01,  9.5599999999999996E-01,  9.5199999999999996E-01,  8.5579321711311118E-01,  5.6694881000000003E-02,  6.0512300000000005E-04,0
1241,  1.6250000000000001E-01,55,  1.0000000000000000E+00,  8.1250000000000000E-01,1,  5.1537697180731890E-01,39,5,476,476,0,  8.3803161116286495E-01,  9.5199999999999996E-01,  9.5199999999999996E-01,  8.9138771500103919E-01,  6.1845496000000000E-02,  6.5514999999999996E-04,0
1242,  1.6250000000000001E-01,55,  1.0000000000000000E+00,  8.1250000000000000E-01,2,  5.1537697180731890E-01,39,5,476,476,0,  8.3803161116286495E-01,  9.5199999999999996E-01,  9.5199999999999996E-01,  8.9138771500103919E-01,  6.3066041000000003E-02,  6.4973299999999999E-04,0
1243,  1.6250000000000001E-01,55,  1.0000000000000000E+00,  8.1250000000000000E-01,3,  5.1537697180731890E-01,39,6,478,476,2,  7.7460051271773578E-01,  9.5599999999999996E-01,  9.5199999999999996E-01,  8.5579321711311118E-01,  6.1711677999999999E-02,  6.1765300000000002E-04,0
1244,  1.6250000000000001E-01,55,  1.0000000000000000E+00,  8.1250000000000000E-01,4,  5.1537697180731890E-01,39,6,478,476,2,  7.7460051271773578E-01,  9.5599999999999996E-01,  9.5199999999999996E-01,  8.5579321711311118E-01,  6.0058635999999999E-02,  8.3882900000000003E-04,0
1245,  1.6250000000000001E-01,55,  1.0000000000000000E+00,  8.1250000000000000E-01,5,  5.1537697180731890E-01,39,6,478,476,2,  7.7460051271773578E-01,  9.5599999999999996E-01,  9.5199999999999996E-01,  8.5579321711311118E-01,  6.2056607000000000E-02,  6.3359300000000000E-04,0
1246,  1.6250000000000001E-01,55,  1.0000000000000000E+00,  1.0000000000000000E+00,1,  5.1537697180731890E-01,39,5,476,476,0,  8.3803161116286495E-01,  9.5199999999999996E-01,  9.5199999999999996E-01,  8.9138771500103919E-01,  5.9696214999999997E-02,  7.3108400000000001E-04,0
1247,  1.6250000000000001E-01,55,  1.0000000000000000E+00,  1.0000000000000000E+00,2,  5.1537697180731890E-01,39,5,476,476,0,  8.3803161116286495E-01,  9.5199999999999996E-01,  9.5199999999999996E-01,  8.9138771500103919E-01,  6.4032774000000001E-02,  6.2326899999999997E-04,0
1248,  1.6250000000000001E-01,55,  1.0000000000000000E+00,  1.0000000000000000E+00,3,  5.1537697180731890E-01,39,6,478,476,2,  7.7460051271773578E-01,  9.5599999999999996E-01,  9.5199999999999996E-01,  8.5579321711311118E-01,  6.2121167999999997E-02,  6.1197699999999999E-04,0
1249,  1.6250000000000001E-01,55,  1.0000000000000000E+00,  1.0000000000000000E+00,4,  5.1537697180731890E-01,39,6,478,476,2,  7.7460051271773578E-01,  9.5599999999999996E-01,  9.5199999999999996E-01,  8.5579321711311118E-01,  5.6337863000000002E-02,  6.5033500000000004E-04,0
1250,  1.6250000000000001E-01,55,  1.0000000000000000E+00,  1.0000000000000000E+00,5,  5.1537697180731890E-01,39,6,478,476,2,  7.7460051271773578E-01,  9.5599999999999996E-01,  9.5199999999999996E-01,  8.5579321711311118E-01,  5.6557313999999997E-02,  6.9248300000000003E-04,0
1251,  2.7500000000000002E-01,15,  2.5000000000000000E-01,  2.5000000000000000E-01,1,  6.6267363626984899E-01,108,21,473,473,0,  2.4626399153741144E-01,  9.4599999999999995E-01,  9.4599999999999995E-01,  3.9079555811122746E-01,  9.1233210999999995E-02,  7.3187299999999996E-04,0
1252,  2.7500000000000002E-01,15,  2.5000000000000000E-01,  2.5000000000000000E-01,2,  6.6267363626984899E-01,108,23,475,473,2,  2.2751382723794825E-01,  9.4999999999999996E-01,  9.4599999999999995E-01,  3.6710929566413375E-01,  8.7816485000000000E-02,  6.8332899999999999E-04,0
1253,  2.7500000000000002E-01,15,  2.5000000000000000E-01,  2.5000000000000000E-01,3,  6.6267363626984899E-01,108,25,479,473,6,  2.0542209821052840E-01,  9.5799999999999996E-01,  9.4599999999999995E-01,  3.3830261671731643E-01,  9.2535535000000002E-02,  6.6622100000000004E-04,0
1254,  2.7500000000000002E-01,15,  2.5000000000000000E-01,  2.5000000000000000E-01,4,  6.6267363626984899E-01,108,26,482,473,9,  1.9921000863439939E-01,  9.6399999999999997E-01,  9.4599999999999995E-01,  3.3018706320969998E-01,  8.9928727999999999E-02,  6.6862200000000001E-04,0
1255,  2.7500000000000002E-01,15,  2.5000000000000000E-01,  2.5000000000000000E-01,5,  6.6267363626984899E-01,108,28,490,473,17,  1.8296248044541133E-01,  9.7999999999999998E-01,  9.4599999999999995E-01,  3.0835600262500384E-01,  9.7603921999999996E-02,  9.4487499999999997E-04,0
1256,  2.7500000000000002E-01,15,  2.5000000000000000E-01,  4.3750000000000000E-01,1,  6.6267363626984899E-01,108,21,473,473,0,  2.4626399153741144E-01,  9.4599999999999995E-01,  9.4599999999999995E-01,  3.9079555811122746E-01,  9.5956165999999996E-02,  9.1405100000000003E-04,0
1257,  2.7500000000000002E-01,15,  2.5000000000000000E-01,  4.3750000000000000E-01,2,  6.6267363626984899E-01,108,23,475,473,2,  2.2751382723794825E-01,  9.4999999999999996E-01,  9.4599999999999995E-01,  3.6710929566413375E-01,  9.3144195999999999E-02,  7.0629199999999997E-04,0
1258,  2.7500000000000002E-01,15,  2.5000000000000000E-01,  4.3750000000000000E-01,3,  6.6267363626984899E-01,108,25,479,473,6,  2.0542209821052840E-01,  9.5799999999999996E-01,  9.4599999999999995E-01,  3.3830261671731643E-01,  9.0124252000000002E-02,  7.1296800000000002E-04,0
1259,  2.7500000000000002E-01,15,  2.5000000000000000E-01,  4.3750000000000000E-01,4,  6.6267363626984899E-01,108,26,482,473,9,  1.9921000863439939E-01,  9.6399999999999997E-01,  9.4599999999999995E-01,  3.3018706320969998E-01,  1.0221768800000000E-01,  8.5082599999999995E-04,0
1260,  2.7500000000000002E-01,15,  2.5000000000000000E-01,  4.3750000000000000E-01,5,  6.6267363626984899E-01,108,28,490,473,17,  1.8296248044541133E-01,  9.7999999999999998E-01,  9.4599999999999995E-01,  3.0835600262500384E-01,  9.6499999000000003E-02,  7.1645599999999997E-04,0
1261,  2.7500000000000002E-01,15,  2.5000000000000000E-01,  6.2500000000000000E-01,1,  6.6267363626984899E-01,108,21,473,473,0,  2.4626399153741144E-01,  9.4599999999999995E-01,  9.4599999999999995E-01,  3.9079555811122746E-01,  9.2878000000000002E-02,  7.4507000000000002E-04,0
1262,  2.7500000000000002E-01,15,  2.5000000000000000E-01,  6.2500000000000000E-01,2,  6.6267363626984899E-01,108,23,475,473,2,  2.2751382723794825E-01,  9.4999999999999996E-01,  9.4599999999999995E-01,  3.6710929566413375E-01,  9.0812762000000005E-02,  6.9026600000000003E-04,0
1263,  2.7500000000000002E-01,15,  2.5000000000000000E-01,  6.2500000000000000E-01,3,  6.6267363626984899E-01,108,25,479,473,6,  2.0542209821052840E-01,  9.5799999999999996E-01,  9.4599999999999995E-01,  3.3830261671731643E-01,  8.9231604000000006E-02,  8.7038600000000001E-04,0
1264,  2.7500000000000002E-01,15,  2.5000000000000000E-01,  6.2500000000000000E-01,4,  6.6267363626984899E-01,108,26,482,473,9,  1.9921000863439939E-01,  9.6399999999999997E-01,  9.4599999999999995E-01,  3.3018706320969998E-01,  9.2485782000000002E-02,  6.5710499999999995E-04,0
1265,  2.7500000000000002E-01,15,  2.5000000000000000E-01,  6.2500000000000000E-01,5,  6.6267363626984899E-01,108,28,490,473,17,  1.8296248044541133E-01,  9.7999999999999998E-01,  9.4599999999999995E-01,  3.0835600262500384E-01,  9.1871944999999997E-02,  7.0776900000000002E-04,0
1266,  2.7500000000000002E-01,15,  2.5000000000000000E-01,  8.1250000000000000E-01,1,  6.6267363626984899E-01,108,21,473,473,0,  2.4626399153741144E-01,  9.4599999999999995E-01,  9.4599999999999995E-01,  3.9079555811122746E-01,  9.2512412000000002E-02,  7.4943600000000003E-04,0
1267,  2.7500000000000002E-01,15,  2.5000000000000000E-01,  8.1250000000000000E-01,2,  6.6267363626984899E-01,108,23,475,473,2,  2.2751382723794825E-01,  9.4999999999999996E-01,  9.4599999999999995E-01,  3.6710929566413375E-01,  9.0469901000000005E-02,  6.9153200000000002E-04,0
1268,  2.7500000000000002E-01,15,  2.5000000000000000E-01,  8.1250000000000000E-01,3,  6.6267363626984899E-01,108,25,479,473,6,  2.0542209821052840E-01,  9.5799999999999996E-01,  9.4599999999999995E-01,  3.3830261671731643E-01,  9.0365369000000001E-02,  7.2978300000000002E-04,0
1269,  2.7500000000000002E-01,15,  2.5000000000000000E-01,  8.1250000000000000E-01,4,  6.6267363626984899E-01,108,26,482,473,9,  1.9921000863439939E-01,  9.6399999999999997E-01,  9.4599999999999995E-01,  3.3018706320969998E-01,  8.9909907999999997E-02,  6.9597200000000000E-04,0
1270,  2.7500000000000002E-01,15,  2.5000000000000000E-01,  8.1250000000000000E-01,5,  6.6267363626984899E-01,108,28,490,473,17,  1.8296248044541133E-01,  9.7999999999999998E-01,  9.4599999999999995E-01,  3.0835600262500384E-01,  9.1504712000000002E-02,  7.5687300000000003E-04,0
1271,  2.7500000000000002E-01,15,  2.5000000000000000E-01,  1.0000000000000000E+00,1,  6.6267363626984899E-01,108,21,473,473,0,  2.4626399153741144E-01,  9.4599999999999995E-01,  9.4599999999999995E-01,  3.9079555811122746E-01,  9.2855507000000004E-02,  7.6078099999999998E-04,0
1272,  2.7500000000000002E-01,15,  2.5000000000000000E-01,  1.0000000000000000E+00,2,  6.6267363626984899E-01,108,23,475,473,2,  2.2751382723794825E-01,  9.4999999999999996E-01,  9.4599999999999995E-01,  3.6710929566413375E-01,  9.1614899000000000E-02,  6.7177000000000003E-04,0
1273,  2.7500000000000002E-01,15,  2.5000000000000000E-01,  1.0000000000000000E+00,3,  6.6267363626984899E-01,108,25,479,473,6,  2.0542209821052840E-01,  9.5799999999999996E-01,  9.4599999999999995E-01,  3.3830261671731643E-01,  9.0734098999999999E-02,  7.3145899999999995E-04,0
1274,  2.7500000000000002E-01,15,  2.5000000000000000E-01,  1.0000000000000000E+00,4,  6.6267363626984899E-01,108,26,482,473,9,  1.9921000863439939E-01,  9.6399999999999997E-01,  9.4599999999999995E-01,  3.3018706320969998E-01,  9.2695965000000005E-02,  7.4646999999999995E-04,0
1275,  2.7500000000000002E-01,15,  2.5000000000000000E-01,  1.0000000000000000E+00,5,  6.6267363626984899E-01,108,28,490,473,17,  1.8296248044541133E-01,  9.7999999999999998E-01,  9.4599999999999995E-01,  3.0835600262500384E-01,  9.2372654999999998E-02,  7.4442699999999998E-04,0
1276,  2.7500000000000002E-01,15,  4.3750000000000000E-01,  2.5000000000000000E-01,1,  6.6267363626984899E-01,108,10,490,490,0,  4.5908343139833102E-01,  9.7999999999999998E-01,  9.7999999999999998E-01,  6.2526154210976226E-01,  1.1639038800000000E-01,  6.7061400000000004E-04,0
1277,  2.7500000000000002E-01,15,  4.3750000000000000E-01,  2.5000000000000000E-01,2,  6.6267363626984899E-01,108,13,493,490,3,  3.8776549194369220E-01,  9.8599999999999999E-01,  9.7999999999999998E-01,  5.5662597044205231E-01,  1.2272364299999999E-01,  6.8945400000000004E-04,0
1278,  2.7500000000000002E-01,15,  4.3750000000000000E-01,  2.5000000000000000E-01,3,  6.6267363626984899E-01,108,13,493,490,3,  3.8776549194369220E-01,  9.8599999999999999E-01,  9.7999999999999998E-01,  5.5662597044205231E-01,  1.1530300200000000E-01,  6.9976599999999999E-04,0
1279,  2.7500000000000002E-01,15,  4.3750000000000000E-01,  2.5000000000000000E-01,4,  6.6267363626984899E-01,108,16,502,490,12,  3.3196814720139156E-01,  1.0040000000000000E+00,  9.7999999999999998E-01,  4.9895803352556151E-01,  1.1484073700000000E-01,  7.6216200000000004E-04,0
1280,  2.7500000000000002E-01,15,  4.3750000000000000E-01,  2.5000000000000000E-01,5,  6.6267363626984899E-01,108,17,506,490,16,  3.1711469238243301E-01,  1.0120000000000000E+00,  9.7999999999999998E-01,  4.8290801468122241E-01,  1.1744695700000000E-01,  8.2761200000000003E-04,0
1281,  2.7500000000000002E-01,15,  4.3750000000000000E-01,  4.3750000000000000E-01,1,  6.6267363626984899E-01,108,10,490,490,0,  4.5908343139833102E-01,  9.7999999999999998E-01,  9.7999999999999998E-01,  6.2526154210976226E-01,  1.2286245599999999E-01,  6.8984899999999997E-04,0
1282,  2.7500000000000002E-01,15,  4.3750000000000000E-01,  4.3750000000000000E-01,2,  6.6267363626984899E-01,108,13,493,490,3,  3.8776549194369220E-01,  9.8599999999999999E-01,  9.7999999999999998E-01,  5.5662597044205231E-01,  1.1607055099999999E-01,  6.6724000000000004E-04,0
1283,  2.7500000000000002E-01,15,  4.3750000000000000E-01,  4.3750000000000000E-01,3,  6.6267363626984899E-01,108,13,493,490,3,  3.8776549194369220E-01,  9.8599999999999999E-01,  9.7999999999999998E-01,  5.5662597044205231E-01,  1.1651543800000000E-01,  7.0090400000000002E-04,0
1284,  2.7500000000000002E-01,15,  4.3750000000000000E-01,  4.3750000000000000E-01,4,  6.6267363626984899E-01,108,16,502,490,12,  3.3196814720139156E-01,  1.0040000000000000E+00,  9.7999999999999998E-01,  4.9895803352556151E-01,  1.1532988399999999E-01,  7.1942499999999999E-04,0
1285,  2.7500000000000002E-01,15,  4.3750000000000000E-01,  4.3750000000000000E-01,5,  6.6267363626984899E-01,108,17,506,490,16,  3.1711469238243301E-01,  1.0120000000000000E+00,  9.7999999999999998E-01,  4.8290801468122241E-01,  1.1593434300000000E-01,  6.7458000000000004E-04,0
1286,  2.7500000000000002E-01,15,  4.3750000000000000E-01,  6.2500000000000000E-01,1,  6.6267363626984899E-01,108,10,490,490,0,  4.5908343139833102E-01,  9.7999999999999998E-01,  9.7999999999999998E-01,  6.2526154210976226E-01,  1.1767277100000000E-01,  8.5530999999999997E-04,0
1287,  2.7500000000000002E-01,15,  4.3750000000000000E-01,  6.2500000000000000E-01,2,  6.6267363626984899E-01,108,13,493,490,3,  3.8776549194369220E-01,  9.8599999999999999E-01,  9.7999999999999998E-01,  5.5662597044205231E-01,  1.1574221300000000E-01,  7.0575399999999995E-04,0
1288,  2.7500000000000002E-01,15,  4.3750000000000000E-01,  6.2500000000000000E-01,3,  6.6267363626984899E-01,108,13,493,490,3,  3.8776549194369220E-01,  9.8599999999999999E-01,  9.7999999999999998E-01,  5.5662597044205231E-01,  1.1807473200000000E-01,  7.4209099999999995E-04,0
1289,  2.7500000000000002E-01,15,  4.3750000000000000E-01,  6.2500000000000000E-01,4,  6.6267363626984899E-01,108,16,502,490,12,  3.3196814720139156E-01,  1.0040000000000000E+00,  9.7999999999999998E-01,  4.9895803352556151E-01,  1.1723606900000000E-01,  7.1882900000000004E-04,0
1290,  2.7500000000000002E-01,15,  4.3750000000000000E-01,  6.2500000000000000E-01,5,  6.6267363626984899E-01,108,17,506,490,16,  3.1711469238243301E-01,  1.0120000000000000E+00,  9.7999999999999998E-01,  4.8290801468122241E-01,  1.1555363300000000E-01,  7.4140399999999998E-04,0
1291,  2.7500000000000002E-01,15,  4.3750000000000000E-01,  8.1250000000000000E-01,1,  6.6267363626984899E-01,108,10,490,490,0,  4.5908343139833102E-01,  9.7999999999999998E-01,  9.7999999999999998E-01,  6.2526154210976226E-01,  1.1272734399999999E-01,  6.6573200000000004E-04,0
1292,  2.7500000000000002E-01,15,  4.3750000000000000E-01,  8.1250000000000000E-01,2,  6.6267363626984899E-01,108,13,493,490,3,  3.8776549194369220E-01,  9.8599999999999999E-01,  9.7999999999999998E-01,  5.5662597044205231E-01,  1.1315005400000000E-01,  6.6447299999999995E-04,0
1293,  2.7500000000000002E-01,15,  4.3750000000000000E-01,  8.1250000000000000E-01,3,  6.6267363626984899E-01,108,13,493,490,3,  3.8776549194369220E-01,  9.8599999999999999E-01,  9.7999999999999998E-01,  5.5662597044205231E-01,  1.1150139600000000E-01,  7.8198299999999998E-04,0
1294,  2.7500000000000002E-01,15,  4.3750000000000000E-01,  8.1250000000000000E-01,4,  6.6267363626984899E-01,108,16,502,490,12,  3.3196814720139156E-01,  1.0040000000000000E+00,  9.7999999999999998E-01,  4.9895803352556151E-01,  1.1510518900000000E-01,  7.6885899999999999E-04,0
1295,  2.7500000000000002E-01,15,  4.3750000000000000E-01,  8.1250000000000000E-01,5,  6.6267363626984899E-01,108,17,506,490,16,  3.1711469238243301E-01,  1.0120000000000000E+00,  9.7999999999999998E-01,  4.8290801468122241E-01,  1.3609870299999999E-01,  9.1697399999999998E-04,0
1296,  2.7500000000000002E-01,15,  4.3750000000000000E-01,  1.0000000000000000E+00,1,  6.6267363626984899E-01,108,10,490,490,0,  4.5908343139833102E-01,  9.7999999999999998E-01,  9.7999999999999998E-01,  6.2526154210976226E-01,  1.4102473700000001E-01,  8.2737999999999996E-04,0
1297,  2.7500000000000002E-01,15,  4.3750000000000000E-01,  1.0000000000000000E+00,2,  6.6267363626984899E-01,108,13,493,490,3,  3.8776549194369220E-01,  9.8599999999999999E-01,  9.7999999999999998E-01,  5.5662597044205231E-01,  1.2974096500000001E-01,  7.5923699999999995E-04,0
1298,  2.7500000000000002E-01,15,  4.3750000000000000E-01,  1.0000000000000000E+00,3,  6.6267363626984899E-01,108,13,493,490,3,  3.8776549194369220E-01,  9.8599999999999999E-01,  9.7999999999999998E-01,  5.5662597044205231E-01,  1.2565159000000001E-01,  7.3888100000000004E-04,0
1299,  2.7500000000000002E-01,15,  4.3750000000000000E-01,  1.0000000000000000E+00,4,  6.6267363626984899E-01,108,16,502,490,12,  3.3196814720139156E-01,  1.0040000000000000E+00,  9.7999999999999998E-01,  4.9895803352556151E-01,  1.2245994600000000E-01,  7.5162000000000004E-04,0
1300,  2.7500000000000002E-01,15,  4.3750000000000000E-01,  1.0000000000000000E+00,5,  6.6267363626984899E-01,108,17,506,490,16,  3.1711469238243301E-01,  1.0120000000000000E+00,  9.7999999999999998E-01,  4.8290801468122241E-01,  1.1475044600000001E-01,  6.7455499999999997E-04,0
1301,  2.7500000000000002E-01,15,  6.2500000000000000E-01,  2.5000000000000000E-01,1,  6.6267363626984899E-01,108,5,498,498,0,  7.2367592729746810E-01,  9.9600000000000000E-01,  9.9600000000000000E-01,  8.3827564501761853E-01,  1.6090119999999999E-01,  6.7391800000000002E-04,0
1302,  2.7500000000000002E-01,15,  6.2500000000000000E-01,  2.5000000000000000E-01,2,  6.6267363626984899E-01,108,9,502,498,4,  5.2318092190329757E-01,  1.0040000000000000E+00,  9.9600000000000000E-01,  6.8789969552038632E-01,  1.5647005500000000E-01,  9.7658300000000005E-04,0
1303,  2.7500000000000002E-01,15,  6.2500000000000000E-01,  2.5000000000000000E-01,3,  6.6267363626984899E-01,108,10,504,498,6,  4.7945895648507647E-01,  1.0080000000000000E+00,  9.9600000000000000E-01,  6.4982583355308321E-01,  1.5053424700000001E-01,  6.9016900000000003E-04,0
1304,  2.7500000000000002E-01,15,  6.2500000000000000E-01,  2.5000000000000000E-01,4,  6.6267363626984899E-01,108,10,504,498,6,  4.7945895648507647E-01,  1.0080000000000000E+00,  9.9600000000000000E-01,  6.4982583355308321E-01,  1.5613617099999999E-01,  8.2171499999999999E-04,0
1305,  2.7500000000000002E-01,15,  6.2500000000000000E-01,  2.5000000000000000E-01,5,  6.6267363626984899E-01,108,11,508,498,10,  4.4820514664241923E-01,  1.0160000000000000E+00,  9.9600000000000000E-01,  6.2201178575683247E-01,  1.5320030500000001E-01,  7.3636100000000005E-04,0
1306,  2.7500000000000002E-01,15,  6.2500000000000000E-01,  4.3750000000000000E-01,1,  6.6267363626984899E-01,108,5,498,498,0,  7.2367592729746810E-01,  9.9600000000000000E-01,  9.9600000000000000E-01,  8.3827564501761853E-01,  1.5486746400000001E-01,  7.1250199999999995E-04,0
1307,  2.7500000000000002E-01,15,  6.2500000000000000E-01,  4.3750000000000000E-01,2,  6.6267363626984899E-01,108,9,502,498,4,  5.2318092190329757E-01,  1.0040000000000000E+00,  9.9600000000000000E-01,  6.8789969552038632E-01,  1.7496599099999999E-01,  7.6853999999999996E-04,0
1308,  2.7500000000000002E-01,15,  6.2500000000000000E-01,  4.3750000000000000E-01,3,  6.6267363626984899E-01,108,10,504,498,6,  4.7945895648507647E-01,  1.0080000000000000E+00,  9.9600000000000000E-01,  6.4982583355308321E-01,  1.7263620199999999E-01,  9.1332999999999996E-04,0
1309,  2.7500000000000002E-01,15,  6.2500000000000000E-01,  4.3750000000000000E-01,4,  6.6267363626984899E-01,108,10,504,498,6,  4.7945895648507647E-01,  1.0080000000000000E+00,  9.9600000000000000E-01,  6.4982583355308321E-01,  1.6645608000000001E-01,  7.0869599999999998E-04,0
1310,  2.7500000000000002E-01,15,  6.2500000000000000E-01,  4.3750000000000000E-01,5,  6.6267363626984899E-01,108,11,508,498,10,  4.4820514664241923E-01,  1.0160000000000000E+00,  9.9600000000000000E-01,  6.2201178575683247E-01,  1.5291665300000001E-01,  6.9422600000000004E-04,0
1311,  2.7500000000000002E-01,15,  6.2500000000000000E-01,  6.2500000000000000E-01,1,  6.6267363626984899E-01,108,5,498,498,0,  7.2367592729746810E-01,  9.9600000000000000E-01,  9.9600000000000000E-01,  8.3827564501761853E-01,  1.5448268100000001E-01,  7.1752299999999997E-04,0
1312,  2.7500000000000002E-01,15,  6.2500000000000000E-01,  6.2500000000000000E-01,2,  6.6267363626984899E-01,108,9,502,498,4,  5.2318092190329757E-01,  1.0040000000000000E+00,  9.9600000000000000E-01,  6.8789969552038632E-01,  1.5515269800000001E-01,  7.2740900000000004E-04,0
1313,  2.7500000000000002E-01,15,  6.2500000000000000E-01,  6.2500000000000000E-01,3,  6.6267363626984899E-01,108,10,504,498,6,  4.7945895648507647E-01,  1.0080000000000000E+00,  9.9600000000000000E-01,  6.4982583355308321E-01,  1.5380580499999999E-01,  7.2907199999999999E-04,0
1314,  2.7500000000000002E-01,15,  6.2500000000000000E-01,  6.2500000000000000E-01,4,  6.6267363626984899E-01,108,10,504,498,6,  4.7945895648507647E-01,  1.0080000000000000E+00,  9.9600000000000000E-01,  6.4982583355308321E-01,  1.5573247500000001E-01,  6.8261799999999996E-04,0
1315,  2.7500000000000002E-01,15,  6.2500000000000000E-01,  6.2500000000000000E-01,5,  6.6267363626984899E-01,108,11,508,498,10,  4.4820514664241923E-01,  1.0160000000000000E+00,  9.9600000000000000E-01,  6.2201178575683247E-01,  1.5631917300000001E-01,  6.7609600000000005E-04,0
1316,  2.7500000000000002E-01,15,  6.2500000000000000E-01,  8.1250000000000000E-01,1,  6.6267363626984899E-01,108,5,498,498,0,  7.2367592729746810E-01,  9.9600000000000000E-01,  9.9600000000000000E-01,  8.3827564501761853E-01,  1.5744013000000001E-01,  6.7729900000000002E-04,0
1317,  2.7500000000000002E-01,15,  6.2500000000000000E-01,  8.1250000000000000E-01,2,  6.6267363626984899E-01,108,9,502,498,4,  5.2318092190329757E-01,  1.0040000000000000E+00,  9.9600000000000000E-01,  6.8789969552038632E-01,  1.5274214000000000E-01,  6.9817900000000005E-04,0
1318,  2.7500000000000002E-01,15,  6.2500000000000000E-01,  8.1250000000000000E-01,3,  6.6267363626984899E-01,108,10,504,498,6,  4.7945895648507647E-01,  1.0080000000000000E+00,  9.9600000000000000E-01,  6.4982583355308321E-01,  1.5511588400000001E-01,  6.8134100000000002E-04,0
1319,  2.7500000000000002E-01,15,  6.2500000000000000E-01,  8.1250000000000000E-01,4,  6.6267363626984899E-01,108,10,504,498,6,  4.7945895648507647E-01,  1.0080000000000000E+00,  9.9600000000000000E-01,  6.4982583355308321E-01,  1.5713311599999999E-01,  7.9421899999999998E-04,0
1320,  2.7500000000000002E-01,15,  6.2500000000000000E-01,  8.1250000000000000E-01,5,  6.6267363626984899E-01,108,11,508,498,10,  4.4820514664241923E-01,  1.0160000000000000E+00,  9.9600000000000000E-01,  6.2201178575683247E-01,  1.5673700099999999E-01,  6.8034699999999998E-04,0
1321,  2.7500000000000002E-01,15,  6.2500000000000000E-01,  1.0000000000000000E+00,1,  6.6267363626984899E-01,108,5,498,498,0,  7.2367592729746810E-01,  9.9600000000000000E-01,  9.9600000000000000E-01,  8.3827564501761853E-01,  1.5531851099999999E-01,  6.6348000000000004E-04,0
1322,  2.7500000000000002E-01,15,  6.2500000000000000E-01,  1.0000000000000000E+00,2,  6.6267363626984899E-01,108,9,502,498,4,  5.2318092190329757E-01,  1.0040000000000000E+00,  9.9600000000000000E-01,  6.8789969552038632E-01,  1.5457308000000000E-01,  7.2178499999999996E-04,0
1323,  2.7500000000000002E-01,15,  6.2500000000000000E-01,  1.0000000000000000E+00,3,  6.6267363626984899E-01,108,10,504,498,6,  4.7945895648507647E-01,  1.0080000000000000E+00,  9.9600000000000000E-01,  6.4982583355308321E-01,  1.5068388799999999E-01,  9.7309800000000004E-04,0
1324,  2.7500000000000002E-01,15,  6.2500000000000000E-01,  1.0000000000000000E+00,4,  6.6267363626984899E-01,108,10,504,498,6,  4.7945895648507647E-01,  1.0080000000000000E+00,  9.9600000000000000E-01,  6.4982583355308321E-01,  1.5573215700000001E-01,  8.9336000000000005E-04,0
1325,  2.7500000000000002E-01,15,  6.2500000000000000E-01,  1.0000000000000000E+00,5,  6.6267363626984899E-01,108,11,508,498,10,  4.4820514664241923E-01,  1.0160000000000000E+00,  9.9600000000000000E-01,  6.2201178575683247E-01,  1.5750090700000000E-01,  6.9032700000000002E-04,0
1326,  2.7500000000000002E-01,15,  8.1250000000000000E-01,  2.5000000000000000E-01,1,  6.6267363626984899E-01,108,4,499,499,0,  7.9306632602383254E-01,  9.9800000000000000E-01,  9.9800000000000000E-01,  8.8380891524980087E-01,  1.5938245800000000E-01,  7.3686400000000005E-04,0
1327,  2.7500000000000002E-01,15,  8.1250000000000000E-01,  2.5000000000000000E-01,2,  6.6267363626984899E-01,108,5,500,499,1,  7.2167694315812858E-01,  1.0000000000000000E+00,  9.9800000000000000E-01,  8.3834188060198200E-01,  1.5839428799999999E-01,  7.0393099999999998E-04,0
1328,  2.7500000000000002E-01,15,  8.1250000000000000E-01,  2.5000000000000000E-01,3,  6.6267363626984899E-01,108,7,504,499,5,  5.8911690023781971E-01,  1.0080000000000000E+00,  9.9800000000000000E-01,  7.4362726404222212E-01,  1.6753862400000000E-01,  7.1693500000000003E-04,0
1329,  2.7500000000000002E-01,15,  8.1250000000000000E-01,  2.5000000000000000E-01,4,  6.6267363626984899E-01,108,8,507,499,8,  5.5162475006183809E-01,  1.0140000000000000E+00,  9.9800000000000000E-01,  7.1453583822127364E-01,  1.5836444799999999E-01,  7.4804799999999996E-04,0
1330,  2.7500000000000002E-01,15,  8.1250000000000000E-01,  2.5000000000000000E-01,5,  6.6267363626984899E-01,108,9,511,499,12,  5.1798946150487601E-01,  1.0220000000000000E+00,  9.9800000000000000E-01,  6.8751799007854075E-01,  1.7707690100000001E-01,  8.0810300000000001E-04,0
1331,  2.7500000000000002E-01,15,  8.1250000000000000E-01,  4.3750000000000000E-01,1,  6.6267363626984899E-01,108,4,499,499,0,  7.9306632602383254E-01,  9.9800000000000000E-01,  9.9800000000000000E-01,  8.8380891524980087E-01,  1.6856977100000001E-01,  8.1779200000000002E-04,0
1332,  2.7500000000000002E-01,15,  8.1250000000000000E-01,  4.3750000000000000E-01,2,  6.6267363626984899E-01,108,5,500,499,1,  7.2167694315812858E-01,  1.0000000000000000E+00,  9.9800000000000000E-01,  8.3834188060198200E-01,  1.8218953800000001E-01,  7.1628000000000002E-04,0
1333,  2.7500000000000002E-01,15,  8.1250000000000000E-01,  4.3750000000000000E-01,3,  6.6267363626984899E-01,108,7,504,499,5,  5.8911690023781971E-01,  1.0080000000000000E+00,  9.9800000000000000E-01,  7.4362726404222212E-01,  1.7595520600000000E-01,  7.3623099999999995E-04,0
1334,  2.7500000000000002E-01,15,  8.1250000000000000E-01,  4.3750000000000000E-01,4,  6.6267363626984899E-01,108,8,507,499,8,  5.5162475006183809E-01,  1.0140000000000000E+00,  9.9800000000000000E-01,  7.1453583822127364E-01,  1.6991692200000000E-01,  7.7065900000000004E-04,0
1335,  2.7500000000000002E-01,15,  8.1250000000000000E-01,  4.3750000000000000E-01,5,  6.6267363626984899E-01,108,9,511,499,12,  5.1798946150487601E-01,  1.0220000000000000E+00,  9.9800000000000000E-01,  6.8751799007854075E-01,  1.7013719399999999E-01,  7.9483799999999997E-04,0
1336,  2.7500000000000002E-01,15,  8.1250000000000000E-01,  6.2500000000000000E-01,1,  6.6267363626984899E-01,108,4,499,499,0,  7.9306632602383254E-01,  9.9800000000000000E-01,  9.9800000000000000E-01,  8.8380891524980087E-01,  1.7026189400000000E-01,  7.0122100000000003E-04,0
1337,  2.7500000000000002E-01,15,  8.1250000000000000E-01,  6.2500000000000000E-01,2,  6.6267363626984899E-01,108,5,500,499,1,  7.2167694315812858E-01,  1.0000000000000000E+00,  9.9800000000000000E-01,  8.3834188060198200E-01,  1.7033650900000000E-01,  1.2104990000000001E-03,0
1338,  2.7500000000000002E-01,15,  8.1250000000000000E-01,  6.2500000000000000E-01,3,  6.6267363626984899E-01,108,7,504,499,5,  5.8911690023781971E-01,  1.0080000000000000E+00,  9.9800000000000000E-01,  7.4362726404222212E-01,  1.7140570599999999E-01,  7.1216900000000002E-04,0
1339,  2.7500000000000002E-01,15,  8.1250000000000000E-01,  6.2500000000000000E-01,4,  6.6267363626984899E-01,108,8,507,499,8,  5.5162475006183809E-01,  1.0140000000000000E+00,  9.9800000000000000E-01,  7.1453583822127364E-01,  1.6908648700000001E-01,  7.2458400000000001E-04,0
1340,  2.7500000000000002E-01,15,  8.1250000000000000E-01,  6.2500000000000000E-01,5,  6.6267363626984899E-01,108,9,511,499,12,  5.1798946150487601E-01,  1.0220000000000000E+00,  9.9800000000000000E-01,  6.8751799007854075E-01,  1.7594333600000001E-01,  8.0384599999999999E-04,0
1341,  2.7500000000000002E-01,15,  8.1250000000000000E-01,  8.1250000000000000E-01,1,  6.6267363626984899E-01,108,4,499,499,0,  7.9306632602383254E-01,  9.9800000000000000E-01,  9.9800000000000000E-01,  8.8380891524980087E-01,  1.7184930400000001E-01,  7.1139700000000001E-04,0
1342,  2.7500000000000002E-01,15,  8.1250000000000000E-01,  8.1250000000000000E-01,2,  6.6267363626984899E-01,108,5,500,499,1,  7.2167694315812858E-01,  1.0000000000000000E+00,  9.9800000000000000E-01,  8.3834188060198200E-01,  1.6007427599999999E-01,  7.7851899999999998E-04,0
1343,  2.7500000000000002E-01,15,  8.1250000000000000E-01,  8.1250000000000000E-01,3,  6.6267363626984899E-01,108,7,504,499,5,  5.8911690023781971E-01,  1.0080000000000000E+00,  9.9800000000000000E-01,  7.4362726404222212E-01,  1.5654732900000001E-01,  7.1215700000000005E-04,0
1344,  2.7500000000000002E-01,15,  8.1250000000000000E-01,  8.1250000000000000E-01,4,  6.6267363626984899E-01,108,8,507,499,8,  5.5162475006183809E-01,  1.0140000000000000E+00,  9.9800000000000000E-01,  7.1453583822127364E-01,  1.5959190000000001E-01,  7.5140000000000005E-04,0
1345,  2.7500000000000002E-01,15,  8.1250000000000000E-01,  8.1250000000000000E-01,5,  6.6267363626984899E-01,108,9,511,499,12,  5.1798946150487601E-01,  1.0220000000000000E+00,  9.9800000000000000E-01,  6.8751799007854075E-01,  1.5782204899999999E-01,  7.5020900000000005E-04,0
1346,  2.7500000000000002E-01,15,  8.1250000000000000E-01,  1.0000000000000000E+00,1,  6.6267363626984899E-01,108,4,499,499,0,  7.9306632602383254E-01,  9.9800000000000000E-01,  9.9800000000000000E-01,  8.8380891524980087E-01,  1.5976331899999999E-01,  7.1562999999999998E-04,0
1347,  2.7500000000000002E-01,15,  8.1250000000000000E-01,  1.0000000000000000E+00,2,  6.6267363626984899E-01,108,5,500,499,1,  7.2167694315812858E-01,  1.0000000000000000E+00,  9.9800000000000000E-01,  8.3834188060198200E-01,  1.5709763299999999E-01,  6.9491699999999997E-04,0
1348,  2.7500000000000002E-01,15,  8.1250000000000000E-01,  1.0000000000000000E+00,3,  6.6267363626984899E-01,108,7,504,499,5,  5.8911690023781971E-01,  1.0080000000000000E+00,  9.9800000000000000E-01,  7.4362726404222212E-01,  1.5582917600000001E-01,  7.3484199999999998E-04,0
1349,  2.7500000000000002E-01,15,  8.1250000000000000E-01,  1.0000000000000000E+00,4,  6.6267363626984899E-01,108,8,507,499,8,  5.5162475006183809E-01,  1.0140000000000000E+00,  9.9800000000000000E-01,  7.1453583822127364E-01,  1.5849348199999999E-01,  7.5795799999999998E-04,0
1350,  2.7500000000000002E-01,15,  8.1250000000000000E-01,  1.0000000000000000E+00,5,  6.6267363626984899E-01,108,9,511,499,12,  5.1798946150487601E-01,  1.0220000000000000E+00,  9.9800000000000000E-01,  6.8751799007854075E-01,  1.5826965600000001E-01,  7.0742500000000002E-04,0
1351,  2.7500000000000002E-01,15,  1.0000000000000000E+00,  2.5000000000000000E-01,1,  6.6267363626984899E-01,108,4,500,500,0,  7.9412437289595095E-01,  1.0000000000000000E+00,  1.0000000000000000E+00,  8.8525008064422028E-01,  2.0049614399999999E-01,  9.8634099999999995E-04,0
1352,  2.7500000000000002E-01,15,  1.0000000000000000E+00,  2.5000000000000000E-01,2,  6.6267363626984899E-01,108,4,500,500,0,  7.9412437289595095E-01,  1.0000000000000000E+00,  1.0000000000000000E+00,  8.8525008064422028E-01,  2.0527824600000000E-01,  7.1823000000000004E-04,0
1353,  2.7500000000000002E-01,15,  1.0000000000000000E+00,  2.5000000000000000E-01,3,  6.6267363626984899E-01,108,4,500,500,0,  7.9412437289595095E-01,  1.0000000000000000E+00,  1.0000000000000000E+00,  8.8525008064422028E-01,  2.0103488400000000E-01,  6.7235500000000002E-04,0
1354,  2.7500000000000002E-01,15,  1.0000000000000000E+00,  2.5000000000000000E-01,4,  6.6267363626984899E-01,108,4,500,500,0,  7.9412437289595095E-01,  1.0000000000000000E+00,  1.0000000000000000E+00,  8.8525008064422028E-01,  2.1201301400000000E-01,  7.2142400000000002E-04,0
1355,  2.7500000000000002E-01,15,  1.0000000000000000E+00,  2.5000000000000000E-01,5,  6.6267363626984899E-01,108,4,500,500,0,  7.9412437289595095E-01,  1.0000000000000000E+00,  1.0000000000000000E+00,  8.8525008064422028E-01,  2.0267680699999999E-01,  7.0604000000000001E-04,0
1356,  2.7500000000000002E-01,15,  1.0000000000000000E+00,  4.3750000000000000E-01,1,  6.6267363626984899E-01,108,4,500,500,0,  7.9412437289595095E-01,  1.0000000000000000E+00,  1.0000000000000000E+00,  8.8525008064422028E-01,  2.0257857500000001E-01,  6.6717999999999996E-04,0
1357,  2.7500000000000002E-01,15,  1.0000000000000000E+00,  4.3750000000000000E-01,2,  6.6267363626984899E-01,108,4,500,500,0,  7.9412437289595095E-01,  1.0000000000000000E+00,  1.0000000000000000E+00,  8.8525008064422028E-01,  2.3239697500000001E-01,  7.2771700000000001E-04,0
1358,  2.7500000000000002E-01,15,  1.0000000000000000E+00,  4.3750000000000000E-01,3,  6.6267363626984899E-01,108,4,500,500,0,  7.9412437289595095E-01,  1.0000000000000000E+00,  1.0000000000000000E+00,  8.8525008064422028E-01,  2.2817679699999999E-01,  7.6150800000000004E-04,0
1359,  2.7500000000000002E-01,15,  1.0000000000000000E+00,  4.3750000000000000E-01,4,  6.6267363626984899E-01,108,4,500,500,0,  7.9412437289595095E-01,  1.0000000000000000E+00,  1.0000000000000000E+00,  8.8525008064422028E-01,  2.3406538900000001E-01,  7.2737200000000000E-04,0
1360,  2.7500000000000002E-01,15,  1.0000000000000000E+00,  4.3750000000000000E-01,5,  6.6267363626984899E-01,108,4,500,500,0,  7.9412437289595095E-01,  1.0000000000000000E+00,  1.0000000000000000E+00,  8.8525008064422028E-01,  2.2269606300000000E-01,  8.0938199999999998E-04,0
1361,  2.7500000000000002E-01,15,  1.0000000000000000E+00,  6.2500000000000000E-01,1,  6.6267363626984899E-01,108,4,500,500,0,  7.9412437289595095E-01,  1.0000000000000000E+00,  1.0000000000000000E+00,  8.8525008064422028E-01,  2.1085650500000000E-01,  6.8395299999999995E-04,0
1362,  2.7500000000000002E-01,15,  1.0000000000000000E+00,  6.2500000000000000E-01,2,  6.6267363626984899E-01,108,4,500,500,0,  7.9412437289595095E-01,  1.0000000000000000E+00,  1.0000000000000000E+00,  8.8525008064422028E-01,  2.0447699899999999E-01,  8.3072500000000004E-04,0
1363,  2.7500000000000002E-01,15,  1.0000000000000000E+00,  6.2500000000000000E-01,3,  6.6267363626984899E-01,108,4,500,500,0,  7.9412437289595095E-01,  1.0000000000000000E+00,  1.0000000000000000E+00,  8.8525008064422028E-01,  2.0073815500000000E-01,  6.9873000000000005E-04,0
1364,  2.7500000000000002E-01,15,  1.0000000000000000E+00,  6.2500000000000000E-01,4,  6.6267363626984899E-01,108,4,500,500,0,  7.9412437289595095E-01,  1.0000000000000000E+00,  1.0000000000000000E+00,  8.8525008064422028E-01,  2.0546525400000001E-01,  6.9677200000000002E-04,0
1365,  2.7500000000000002E-01,15,  1.0000000000000000E+00,  6.2500000000000000E-01,5,  6.6267363626984899E-01,108,4,500,500,0,  7.9412437289595095E-01,  1.0000000000000000E+00,  1.0000000000000000E+00,  8.8525008064422028E-01,  2.0412317499999999E-01,  6.7411999999999995E-04,0
1366,  2.7500000000000002E-01,15,  1.0000000000000000E+00,  8.1250000000000000E-01,1,  6.6267363626984899E-01,108,4,500,500,0,  7.9412437289595095E-01,  1.0000000000000000E+00,  1.0000000000000000E+00,  8.8525008064422028E-01,  2.0291704599999999E-01,  7.2972599999999999E-04,0
1367,  2.7500000000000002E-01,15,  1.0000000000000000E+00,  8.1250000000000000E-01,2,  6.6267363626984899E-01,108,4,500,500,0,  7.9412437289595095E-01,  1.0000000000000000E+00,  1.0000000000000000E+00,  8.8525008064422028E-01,  2.0366954300000001E-01,  7.2013199999999996E-04,0
1368,  2.7500000000000002E-01,15,  1.0000000000000000E+00,  8.1250000000000000E-01,3,  6.6267363626984899E-01,108,4,500,500,0,  7.9412437289595095E-01,  1.0000000000000000E+00,  1.0000000000000000E+00,  8.8525008064422028E-01,  2.0316280100000000E-01,  8.4354999999999999E-04,0
1369,  2.7500000000000002E-01,15,  1.0000000000000000E+00,  8.1250000000000000E-01,4,  6.6267363626984899E-01,108,4,500,500,0,  7.9412437289595095E-01,  1.0000000000000000E+00,  1.0000000000000000E+00,  8.8525008064422028E-01,  2.0290836300000001E-01,  7.0834700000000001E-04,0
1370,  2.7500000000000002E-01,15,  1.0000000000000000E+00,  8.1250000000000000E-01,5,  6.6267363626984899E-01,108,4,500,500,0,  7.9412437289595095E-01,  1.0000000000000000E+00,  1.0000000000000000E+00,  8.8525008064422028E-01,  2.0459179499999999E-01,  6.7402000000000000E-04,0
1371,  2.7500000000000002E-01,15,  1.0000000000000000E+00,  1.0000000000000000E+00,1,  6.6267363626984899E-01,108,4,500,500,0,  7.9412437289595095E-01,  1.0000000000000000E+00,  1.0000000000000000E+00,  8.8525008064422028E-01,  2.0927325299999999E-01,  7.0555100000000001E-04,0
1372,  2.7500000000000002E-01,15,  1.0000000000000000E+00,  1.0000000000000000E+00,2,  6.6267363626984899E-01,108,4,500,500,0,  7.9412437289595095E-01,  1.0000000000000000E+00,  1.0000000000000000E+00,  8.8525008064422028E-01,  2.1188495900000001E-01,  9.2097100000000003E-04,0
1373,  2.7500000000000002E-01,15,  1.0000000000000000E+00,  1.0000000000000000E+00,3,  6.6267363626984899E-01,108,4,500,500,0,  7.9412437289595095E-01,  1.0000000000000000E+00,  1.0000000000000000E+00,  8.8525008064422028E-01,  2.0666335000000000E-01,  7.1662899999999999E-04,0
1374,  2.7500000000000002E-01,15,  1.0000000000000000E+00,  1.0000000000000000E+00,4,  6.6267363626984899E-01,108,4,500,500,0,  7.9412437289595095E-01,  1.0000000000000000E+00,  1.0000000000000000E+00,  8.8525008064422028E-01,  2.0380859400000001E-01,  7.0031100000000001E-04,0
1375,  2.7500000000000002E-01,15,  1.0000000000000000E+00,  1.0000000000000000E+00,5,  6.6267363626984899E-01,108,4,500,500,0,  7.9412437289595095E-01,  1.0000000000000000E+00,  1.0000000000000000E+00,  8.8525008064422028E-01,  2.0237869800000000E-01,  7.3222800000000002E-04,0
1376,  2.7500000000000002E-01,25,  2.5000000000000000E-01,  2.5000000000000000E-01,1,  6.6267363626984899E-01,71,16,459,459,0,  2.9905200578470481E-01,  9.1800000000000004E-01,  9.1800000000000004E-01,  4.5113888314633449E-01,  5.8079171999999998E-02,  6.5749999999999999E-04,0
1377,  2.7500000000000002E-01,25,  2.5000000000000000E-01,  2.5000000000000000E-01,2,  6.6267363626984899E-01,71,18,461,459,2,  2.5490400616766923E-01,  9.2200000000000004E-01,  9.1800000000000004E-01,  3.9938940211765817E-01,  5.9593433000000001E-02,  7.3632999999999999E-04,0
1378,  2.7500000000000002E-01,25,  2.5000000000000000E-01,  2.5000000000000000E-01,3,  6.6267363626984899E-01,71,21,467,459,8,  2.2467864810656113E-01,  9.3400000000000005E-01,  9.1800000000000004E-01,  3.6222270544892043E-01,  6.3996643000000006E-02,  7.2094900000000003E-04,0
1379,  2.7500000000000002E-01,25,  2.5000000000000000E-01,  2.5000000000000000E-01,4,  6.6267363626984899E-01,71,21,467,459,8,  2.2467864810656113E-01,  9.3400000000000005E-01,  9.1800000000000004E-01,  3.6222270544892043E-01,  5.8283162999999999E-02,  6.8298000000000002E-04,0
1380,  2.7500000000000002E-01,25,  2.5000000000000000E-01,  2.5000000000000000E-01,5,  6.6267363626984899E-01,71,23,475,459,16,  2.0635576917711534E-01,  9.4999999999999996E-01,  9.1800000000000004E-01,  3.3906170738053032E-01,  5.7962561000000003E-02,  6.8831000000000003E-04,0
1381,  2.7500000000000002E-01,25,  2.5000000000000000E-01,  4.3750000000000000E-01,1,  6.6267363626984899E-01,71,16,459,459,0,  2.9905200578470481E-01,  9.1800000000000004E-01,  9.1800000000000004E-01,  4.5113888314633449E-01,  5.7047760000000003E-02,  7.2747899999999995E-04,0
1382,  2.7500000000000002E-01,25,  2.5000000000000000E-01,  4.3750000000000000E-01,2,  6.6267363626984899E-01,71,18,461,459,2,  2.5490400616766923E-01,  9.2200000000000004E-01,  9.1800000000000004E-01,  3.9938940211765817E-01,  5.7924571000000001E-02,  6.3625300000000004E-04,0
1383,  2.7500000000000002E-01,25,  2.5000000000000000E-01,  4.3750000000000000E-01,3,  6.6267363626984899E-01,71,21,467,459,8,  2.2467864810656113E-01,  9.3400000000000005E-01,  9.1800000000000004E-01,  3.6222270544892043E-01,  5.5941615000000000E-02,  6.7959499999999996E-04,0
1384,  2.7500000000000002E-01,25,  2.5000000000000000E-01,  4.3750000000000000E-01,4,  6.6267363626984899E-01,71,21,467,459,8,  2.2467864810656113E-01,  9.3400000000000005E-01,  9.1800000000000004E-01,  3.6222270544892043E-01,  7.0375534000000003E-02,  6.7553500000000000E-04,0
1385,  2.7500000000000002E-01,25,  2.5000000000000000E-01,  4.3750000000000000E-01,5,  6.6267363626984899E-01,71,23,475,459,16,  2.0635576917711534E-01,  9.4999999999999996E-01,  9.1800000000000004E-01,  3.3906170738053032E-01,  5.7646752000000002E-02,  7.7199300000000001E-04,0
1386,  2.7500000000000002E-01,25,  2.5000000000000000E-01,  6.2500000000000000E-01,1,  6.6267363626984899E-01,71,16,459,459,0,  2.9905200578470481E-01,  9.1800000000000004E-01,  9.1800000000000004E-01,  4.5113888314633449E-01,  5.7724153000000000E-02,  7.1394099999999995E-04,0
1387,  2.7500000000000002E-01,25,  2.5000000000000000E-01,  6.2500000000000000E-01,2,  6.6267363626984899E-01,71,18,461,459,2,  2.5490400616766923E-01,  9.2200000000000004E-01,  9.1800000000000004E-01,  3.9938940211765817E-01,  5.7763394000000003E-02,  6.5835600000000002E-04,0
1388,  2.7500000000000002E-01,25,  2.5000000000000000E-01,  6.2500000000000000E-01,3,  6.6267363626984899E-01,71,21,467,459,8,  2.2467864810656113E-01,  9.3400000000000005E-01,  9.1800000000000004E-01,  3.6222270544892043E-01,  5.9146567999999997E-02,  1.1364999999999999E-03,0
1389,  2.7500000000000002E-01,25,  2.5000000000000000E-01,  6.2500000000000000E-01,4,  6.6267363626984899E-01,71,21,467,459,8,  2.2467864810656113E-01,  9.3400000000000005E-01,  9.1800000000000004E-01,  3.6222270544892043E-01,  5.7173723000000003E-02,  6.5647000000000004E-04,0
1390,  2.7500000000000002E-01,25,  2.5000000000000000E-01,  6.2500000000000000E-01,5,  6.6267363626984899E-01,71,23,475,459,16,  2.0635576917711534E-01,  9.4999999999999996E-01,  9.1800000000000004E-01,  3.3906170738053032E-01,  5.6913397999999997E-02,  6.6548900000000001E-04,0
1391,  2.7500000000000002E-01,25,  2.5000000000000000E-01,  8.1250000000000000E-01,1,  6.6267363626984899E-01,71,16,459,459,0,  2.9905200578470481E-01,  9.1800000000000004E-01,  9.1800000000000004E-01,  4.5113888314633449E-01,  5.4942558000000002E-02,  6.9252099999999998E-04,0
1392,  2.7500000000000002E-01,25,  2.5000000000000000E-01,  8.1250000000000000E-01,2,  6.6267363626984899E-01,71,18,461,459,2,  2.5490400616766923E-01,  9.2200000000000004E-01,  9.1800000000000004E-01,  3.9938940211765817E-01,  5.6422756999999997E-02,  6.9025200000000003E-04,0
1393,  2.7500000000000002E-01,25,  2.5000000000000000E-01,  8.1250000000000000E-01,3,  6.6267363626984899E-01,71,21,467,459,8,  2.2467864810656113E-01,  9.3400000000000005E-01,  9.1800000000000004E-01,  3.6222270544892043E-01,  5.7201464000000000E-02,  7.0333099999999996E-04,0
1394,  2.7500000000000002E-01,25,  2.5000000000000000E-01,  8.1250000000000000E-01,4,  6.6267363626984899E-01,71,21,467,459,8,  2.2467864810656113E-01,  9.3400000000000005E-01,  9.1800000000000004E-01,  3.6222270544892043E-01,  5.5960849000000000E-02,  6.8483699999999999E-04,0
1395,  2.7500000000000002E-01,25,  2.5000000000000000E-01,  8.1250000000000000E-01,5,  6.6267363626984899E-01,71,23,475,459,16,  2.0635576917711534E-01,  9.4999999999999996E-01,  9.1800000000000004E-01,  3.3906170738053032E-01,  6.1870405000000003E-02,  6.8968999999999996E-04,0
1396,  2.7500000000000002E-01,25,  2.5000000000000000E-01,  1.0000000000000000E+00,1,  6.6267363626984899E-01,71,16,459,459,0,  2.9905200578470481E-01,  9.1800000000000004E-01,  9.1800000000000004E-01,  4.5113888314633449E-01,  5.6769668000000002E-02,  6.4388399999999995E-04,0
1397,  2.7500000000000002E-01,25,  2.5000000000000000E-01,  1.0000000000000000E+00,2,  6.6267363626984899E-01,71,18,461,459,2,  2.5490400616766923E-01,  9.2200000000000004E-01,  9.1800000000000004E-01,  3.9938940211765817E-01,  5.6105988000000002E-02,  6.5868899999999995E-04,0
1398,  2.7500000000000002E-01,25,  2.5000000000000000E-01,  1.0000000000000000E+00,3,  6.6267363626984899E-01,71,21,467,459,8,  2.2467864810656113E-01,  9.3400000000000005E-01,  9.1800000000000004E-01,  3.6222270544892043E-01,  7.0430893999999994E-02,  1.2252579999999999E-03,0
1399,  2.7500000000000002E-01,25,  2.5000000000000000E-01,  1.0000000000000000E+00,4,  6.6267363626984899E-01,71,21,467,459,8,  2.2467864810656113E-01,  9.3400000000000005E-01,  9.1800000000000004E-01,  3.6222270544892043E-01,  7.9197407999999997E-02,  7.2434400000000003E-04,0
1400,  2.7500000000000002E-01,25,  2.5000000000000000E-01,  1.0000000000000000E+00,5,  6.6267363626984899E-01,71,23,475,459,16,  2.0635576917711534E-01,  9.4999999999999996E-01,  9.1800000000000004E-01,  3.3906170738053032E-01,  5.7262227999999998E-02,  6.8058300000000001E-04,0
1401,  2.7500000000000002E-01,25,  4.3750000000000000E-01,  2.5000000000000000E-01,1,  6.6267363626984899E-01,71,11,483,483,0,  4.1580661731481011E-01,  9.6599999999999997E-01,  9.6599999999999997E-01,  5.8136817018093101E-01,  7.3592658000000005E-02,  8.1787799999999996E-04,0
1402,  2.7500000000000002E-01,25,  4.3750000000000000E-01,  2.5000000000000000E-01,2,  6.6267363626984899E-01,71,12,484,483,1,  3.8960687030271340E-01,  9.6799999999999997E-01,  9.6599999999999997E-01,  5.5559449307874176E-01,  7.4589326999999997E-02,  9.6126399999999998E-04,0
1403,  2.7500000000000002E-01,25,  4.3750000000000000E-01,  2.5000000000000000E-01,3,  6.6267363626984899E-01,71,12,484,483,1,  3.8960687030271340E-01,  9.6799999999999997E-01,  9.6599999999999997E-01,  5.5559449307874176E-01,  7.0779904000000005E-02,  8.0598900000000001E-04,0
1404,  2.7500000000000002E-01,25,  4.3750000000000000E-01,  2.5000000000000000E-01,4,  6.6267363626984899E-01,71,15,493,483,10,  3.3299603214938023E-01,  9.8599999999999999E-01,  9.6599999999999997E-01,  4.9785454951558805E-01,  7.3739108999999997E-02,  7.0775999999999999E-04,0
1405,  2.7500000000000002E-01,25,  4.3750000000000000E-01,  2.5000000000000000E-01,5,  6.6267363626984899E-01,71,15,493,483,10,  3.3299603214938023E-01,  9.8599999999999999E-01,  9.6599999999999997E-01,  4.9785454951558805E-01,  7.2374029000000006E-02,  7.6285399999999998E-04,0
1406,  2.7500000000000002E-01,25,  4.3750000000000000E-01,  4.3750000000000000E-01,1,  6.6267363626984899E-01,71,11,483,483,0,  4.1580661731481011E-01,  9.6599999999999997E-01,  9.6599999999999997E-01,  5.8136817018093101E-01,  7.3764283999999999E-02,  9.0909599999999997E-04,0
1407,  2.7500000000000002E-01,25,  4.3750000000000000E-01,  4.3750000000000000E-01,2,  6.6267363626984899E-01,71,12,484,483,1,  3.8960687030271340E-01,  9.6799999999999997E-01,  9.6599999999999997E-01,  5.5559449307874176E-01,  7.2512188000000005E-02,  7.8941299999999999E-04,0
1408,  2.7500000000000002E-01,25,  4.3750000000000000E-01,  4.3750000000000000E-01,3,  6.6267363626984899E-01,71,12,484,483,1,  3.8960687030271340E-01,  9.6799999999999997E-01,  9.6599999999999997E-01,  5.5559449307874176E-01,  7.1848678999999999E-02,  7.9957900000000002E-04,0
1409,  2.7500000000000002E-01,25,  4.3750000000000000E-01,  4.3750000000000000E-01,4,  6.6267363626984899E-01,71,15,493,483,10,  3.3299603214938023E-01,  9.8599999999999999E-01,  9.6599999999999997E-01,  4.9785454951558805E-01,  7.9194872999999999E-02,  6.9521199999999996E-04,0
1410,  2.7500000000000002E-01,25,  4.3750000000000000E-01,  4.3750000000000000E-01,5,  6.6267363626984899E-01,71,15,493,483,10,  3.3299603214938023E-01,  9.8599999999999999E-01,  9.6599999999999997E-01,  4.9785454951558805E-01,  7.3423235000000003E-02,  6.9736899999999998E-04,0
1411,  2.7500000000000002E-01,25,  4.3750000000000000E-01,  6.2500000000000000E-01,1,  6.6267363626984899E-01,71,11,483,483,0,  4.1580661731481011E-01,  9.6599999999999997E-01,  9.6599999999999997E-01,  5.8136817018093101E-01,  7.3080284999999995E-02,  6.7538400000000001E-04,0
1412,  2.7500000000000002E-01,25,  4.3750000000000000E-01,  6.2500000000000000E-01,2,  6.6267363626984899E-01,71,12,484,483,1,  3.8960687030271340E-01,  9.6799999999999997E-01,  9.6599999999999997E-01,  5.5559449307874176E-01,  7.2236461000000002E-02,  6.5089200000000003E-04,0
1413,  2.7500000000000002E-01,25,  4.3750000000000000E-01,  6.2500000000000000E-01,3,  6.6267363626984899E-01,71,12,484,483,1,  3.8960687030271340E-01,  9.6799999999999997E-01,  9.6599999999999997E-01,  5.5559449307874176E-01,  7.0168725000000001E-02,  7.0154400000000002E-04,0
1414,  2.7500000000000002E-01,25,  4.3750000000000000E-01,  6.2500000000000000E-01,4,  6.6267363626984899E-01,71,15,493,483,10,  3.3299603214938023E-01,  9.8599999999999999E-01,  9.6599999999999997E-01,  4.9785454951558805E-01,  7.2400043999999997E-02,  6.7094799999999999E-04,0
1415,  2.7500000000000002E-01,25,  4.3750000000000000E-01,  6.2500000000000000E-01,5,  6.6267363626984899E-01,71,15,493,483,10,  3.3299603214938023E-01,  9.8599999999999999E-01,  9.6599999999999997E-01,  4.9785454951558805E-01,  7.4836626000000003E-02,  6.9358099999999997E-04,0
1416,  2.7500000000000002E-01,25,  4.3750000000000000E-01,  8.1250000000000000E-01,1,  6.6267363626984899E-01,71,11,483,483,0,  4.1580661731481011E-01,  9.6599999999999997E-01,  9.6599999999999997E-01,  5.8136817018093101E-01,  7.2324013000000006E-02,  6.5835700000000004E-04,0
1417,  2.7500000000000002E-01,25,  4.3750000000000000E-01,  8.1250000000000000E-01,2,  6.6267363626984899E-01,71,12,484,483,1,  3.8960687030271340E-01,  9.6799999999999997E-01,  9.6599999999999997E-01,  5.5559449307874176E-01,  7.2961734000000000E-02,  6.9214500000000002E-04,0
1418,  2.7500000000000002E-01,25,  4.3750000000000000E-01,  8.1250000000000000E-01,3,  6.6267363626984899E-01,71,12,484,483,1,  3.8960687030271340E-01,  9.6799999999999997E-01,  9.6599999999999997E-01,  5.5559449307874176E-01,  7.3066422000000006E-02,  7.0833699999999996E-04,0
1419,  2.7500000000000002E-01,25,  4.3750000000000000E-01,  8.1250000000000000E-01,4,  6.6267363626984899E-01,71,15,493,483,10,  3.3299603214938023E-01,  9.8599999999999999E-01,  9.6599999999999997E-01,  4.9785454951558805E-01,  8.5569376000000003E-02,  7.3177200000000000E-04,0
1420,  2.7500000000000002E-01,25,  4.3750000000000000E-01,  8.1250000000000000E-01,5,  6.6267363626984899E-01,71,15,493,483,10,  3.3299603214938023E-01,  9.8599999999999999E-01,  9.6599999999999997E-01,  4.9785454951558805E-01,  7.3304490999999999E-02,  7.2537299999999997E-04,0
1421,  2.7500000000000002E-01,25,  4.3750000000000000E-01,  1.0000000000000000E+00,1,  6.6267363626984899E-01,71,11,483,483,0,  4.1580661731481011E-01,  9.6599999999999997E-01,  9.6599999999999997E-01,  5.8136817018093101E-01,  7.2671184000000000E-02,  6.5806999999999997E-04,0
1422,  2.7500000000000002E-01,25,  4.3750000000000000E-01,  1.0000000000000000E+00,2,  6.6267363626984899E-01,71,12,484,483,1,  3.8960687030271340E-01,  9.6799999999999997E-01,  9.6599999999999997E-01,  5.5559449307874176E-01,  7.2607631000000006E-02,  6.5518499999999997E-04,0
1423,  2.7500000000000002E-01,25,  4.3750000000000000E-01,  1.0000000000000000E+00,3,  6.6267363626984899E-01,71,12,484,483,1,  3.8960687030271340E-01,  9.6799999999999997E-01,  9.6599999999999997E-01,  5.5559449307874176E-01,  7.1653992999999999E-02,  7.5874600000000003E-04,0
1424,  2.7500000000000002E-01,25,  4.3750000000000000E-01,  1.0000000000000000E+00,4,  6.6267363626984899E-01,71,15,493,483,10,  3.3299603214938023E-01,  9.8599999999999999E-01,  9.6599999999999997E-01,  4.9785454951558805E-01,  7.2568480000000005E-02,  6.8276600000000002E-04,0
1425,  2.7500000000000002E-01,25,  4.3750000000000000E-01,  1.0000000000000000E+00,5,  6.6267363626984899E-01,71,15,493,483,10,  3.3299603214938023E-01,  9.8599999999999999E-01,  9.6599999999999997E-01,  4.9785454951558805E-01,  7.3256953999999999E-02,  7.0550400000000003E-04,0
1426,  2.7500000000000002E-01,25,  6.2500000000000000E-01,  2.5000000000000000E-01,1,  6.6267363626984899E-01,71,7,489,489,0,  5.6199120593567853E-01,  9.7799999999999998E-01,  9.7799999999999998E-01,  7.1380589354878465E-01,  9.7642302000000000E-02,  8.3649500000000003E-04,0
1427,  2.7500000000000002E-01,25,  6.2500000000000000E-01,  2.5000000000000000E-01,2,  6.6267363626984899E-01,71,8,490,489,1,  5.2583604923886174E-01,  9.7999999999999998E-01,  9.7799999999999998E-01,  6.8442952805460744E-01,  9.6652660000000001E-02,  8.6280199999999997E-04,0
1428,  2.7500000000000002E-01,25,  6.2500000000000000E-01,  2.5000000000000000E-01,3,  6.6267363626984899E-01,71,8,490,489,1,  5.2583604923886174E-01,  9.7999999999999998E-01,  9.7799999999999998E-01,  6.8442952805460744E-01,  1.0020408000000000E-01,  6.7714299999999995E-04,0
1429,  2.7500000000000002E-01,25,  6.2500000000000000E-01,  2.5000000000000000E-01,4,  6.6267363626984899E-01,71,8,490,489,1,  5.2583604923886174E-01,  9.7999999999999998E-01,  9.7799999999999998E-01,  6.8442952805460744E-01,  9.7615803000000001E-02,  7.1300900000000002E-04,0
1430,  2.7500000000000002E-01,25,  6.2500000000000000E-01,  2.5000000000000000E-01,5,  6.6267363626984899E-01,71,8,490,489,1,  5.2583604923886174E-01,  9.7999999999999998E-01,  9.7799999999999998E-01,  6.8442952805460744E-01,  9.9346430999999999E-02,  7.7267500000000001E-04,0
1431,  2.7500000000000002E-01,25,  6.2500000000000000E-01,  4.3750000000000000E-01,1,  6.6267363626984899E-01,71,7,489,489,0,  5.6199120593567853E-01,  9.7799999999999998E-01,  9.7799999999999998E-01,  7.1380589354878465E-01,  9.7458560000000000E-02,  7.5409100000000003E-04,0
1432,  2.7500000000000002E-01,25,  6.2500000000000000E-01,  4.3750000000000000E-01,2,  6.6267363626984899E-01,71,8,490,489,1,  5.2583604923886174E-01,  9.7999999999999998E-01,  9.7799999999999998E-01,  6.8442952805460744E-01,  9.6460533000000001E-02,  6.6768700000000003E-04,0
1433,  2.7500000000000002E-01,25,  6.2500000000000000E-01,  4.3750000000000000E-01,3,  6.6267363626984899E-01,71,8,490,489,1,  5.2583604923886174E-01,  9.7999999999999998E-01,  9.7799999999999998E-01,  6.8442952805460744E-01,  1.0056901700000000E-01,  7.9284300000000000E-04,0
1434,  2.7500000000000002E-01,25,  6.2500000000000000E-01,  4.3750000000000000E-01,4,  6.6267363626984899E-01,71,8,490,489,1,  5.2583604923886174E-01,  9.7999999999999998E-01,  9.7799999999999998E-01,  6.8442952805460744E-01,  9.9992538000000006E-02,  9.9435299999999990E-04,0
1435,  2.7500000000000002E-01,25,  6.2500000000000000E-01,  4.3750000000000000E-01,5,  6.6267363626984899E-01,71,8,490,489,1,  5.2583604923886174E-01,  9.7999999999999998E-01,  9.7799999999999998E-01,  6.8442952805460744E-01,  9.6860985999999996E-02,  7.5802900000000002E-04,0
1436,  2.7500000000000002E-01,25,  6.2500000000000000E-01,  6.2500000000000000E-01,1,  6.6267363626984899E-01,71,7,489,489,0,  5.6199120593567853E-01,  9.7799999999999998E-01,  9.7799999999999998E-01,  7.1380589354878465E-01,  1.0007529300000000E-01,  8.8341299999999999E-04,0
1437,  2.7500000000000002E-01,25,  6.2500000000000000E-01,  6.2500000000000000E-01,2,  6.6267363626984899E-01,71,8,490,489,1,  5.2583604923886174E-01,  9.7999999999999998E-01,  9.7799999999999998E-01,  6.8442952805460744E-01,  9.7057391000000007E-02,  8.8340300000000005E-04,0
1438,  2.7500000000000002E-01,25,  6.2500000000000000E-01,  6.2500000000000000E-01,3,  6.6267363626984899E-01,71,8,490,489,1,  5.2583604923886174E-01,  9.7999999999999998E-01,  9.7799999999999998E-01,  6.8442952805460744E-01,  9.5270349000000004E-02,  6.7745200000000005E-04,0
1439,  2.7500000000000002E-01,25,  6.2500000000000000E-01,  6.2500000000000000E-01,4,  6.6267363626984899E-01,71,8,490,489,1,  5.2583604923886174E-01,  9.7999999999999998E-01,  9.7799999999999998E-01,  6.8442952805460744E-01,  9.7636763000000001E-02,  7.0888500000000003E-04,0
1440,  2.7500000000000002E-01,25,  6.2500000000000000E-01,  6.2500000000000000E-01,5,  6.6267363626984899E-01,71,8,490,489,1,  5.2583604923886174E-01,  9.7999999999999998E-01,  9.7799999999999998E-01,  6.8442952805460744E-01,  9.5302455999999994E-02,  7.3917099999999995E-04,0
1441,  2.7500000000000002E-01,25,  6.2500000000000000E-01,  8.1250000000000000E-01,1,  6.6267363626984899E-01,71,7,489,489,0,  5.6199120593567853E-01,  9.7799999999999998E-01,  9.7799999999999998E-01,  7.1380589354878465E-01,  9.7160042000000002E-02,  6.6135499999999997E-04,0
1442,  2.7500000000000002E-01,25,  6.2500000000000000E-01,  8.1250000000000000E-01,2,  6.6267363626984899E-01,71,8,490,489,1,  5.2583604923886174E-01,  9.7999999999999998E-01,  9.7799999999999998E-01,  6.8442952805460744E-01,  9.9716491000000004E-02,  6.7499800000000000E-04,0
1443,  2.7500000000000002E-01,25,  6.2500000000000000E-01,  8.1250000000000000E-01,3,  6.6267363626984899E-01,71,8,490,489,1,  5.2583604923886174E-01,  9.7999999999999998E-01,  9.7799999999999998E-01,  6.8442952805460744E-01,  9.8696794000000004E-02,  7.3530799999999995E-04,0
1444,  2.7500000000000002E-01,25,  6.2500000000000000E-01,  8.1250000000000000E-01,4,  6.6267363626984899E-01,71,8,490,489,1,  5.2583604923886174E-01,  9.7999999999999998E-01,  9.7799999999999998E-01,  6.8442952805460744E-01,  9.6802001999999998E-02,  6.6773699999999995E-04,0
1445,  2.7500000000000002E-01,25,  6.2500000000000000E-01,  8.1250000000000000E-01,5,  6.6267363626984899E-01,71,8,490,489,1,  5.2583604923886174E-01,  9.7999999999999998E-01,  9.7799999999999998E-01,  6.8442952805460744E-01,  9.7284094000000002E-02,  6.5842299999999999E-04,0
1446,  2.7500000000000002E-01,25,  6.2500000000000000E-01,  1.0000000000000000E+00,1,  6.6267363626984899E-01,71,7,489,489,0,  5.6199120593567853E-01,  9.7799999999999998E-01,  9.7799999999999998E-01,  7.1380589354878465E-01,  9.8092053999999998E-02,  6.8692500000000001E-04,0
1447,  2.7500000000000002E-01,25,  6.2500000000000000E-01,  1.0000000000000000E+00,2,  6.6267363626984899E-01,71,8,490,489,1,  5.2583604923886174E-01,  9.7999999999999998E-01,  9.7799999999999998E-01,  6.8442952805460744E-01,  9.8313525999999998E-02,  8.3267100000000000E-04,0
1448,  2.7500000000000002E-01,25,  6.2500000000000000E-01,  1.0000000000000000E+00,3,  6.6267363626984899E-01,71,8,490,489,1,  5.2583604923886174E-01,  9.7999999999999998E-01,  9.7799999999999998E-01,  6.8442952805460744E-01,  9.9228878000000006E-02,  8.3560700000000004E-04,0
1449,  2.7500000000000002E-01,25,  6.2500000000000000E-01,  1.0000000000000000E+00,4,  6.6267363626984899E-01,71,8,490,489,1,  5.2583604923886174E-01,  9.7999999999999998E-01,  9.7799999999999998E-01,  6.8442952805460744E-01,  9.8790534999999999E-02,  6.8762999999999995E-04,0
1450,  2.7500000000000002E-01,25,  6.2500000000000000E-01,  1.0000000000000000E+00,5,  6.6267363626984899E-01,71,8,490,489,1,  5.2583604923886174E-01,  9.7999999999999998E-01,  9.7799999999999998E-01,  6.8442952805460744E-01,  9.6614292000000004E-02,  7.9453300000000004E-04,0
1451,  2.7500000000000002E-01,25,  8.1250000000000000E-01,  2.5000000000000000E-01,1,  6.6267363626984899E-01,71,5,495,495,0,  6.7359410728888791E-01,  9.8999999999999999E-01,  9.8999999999999999E-01,  8.0170777630699697E-01,  1.0022444500000000E-01,  6.7387899999999995E-04,0
1452,  2.7500000000000002E-01,25,  8.1250000000000000E-01,  2.5000000000000000E-01,2,  6.6267363626984899E-01,71,5,495,495,0,  6.7359410728888791E-01,  9.8999999999999999E-01,  9.8999999999999999E-01,  8.0170777630699697E-01,  1.0117458800000000E-01,  6.7114799999999999E-04,0
1453,  2.7500000000000002E-01,25,  8.1250000000000000E-01,  2.5000000000000000E-01,3,  6.6267363626984899E-01,71,6,497,495,2,  6.2356302721609624E-01,  9.9399999999999999E-01,  9.8999999999999999E-01,  7.6636475812573757E-01,  1.0064714199999999E-01,  7.1994500000000005E-04,0
1454,  2.7500000000000002E-01,25,  8.1250000000000000E-01,  2.5000000000000000E-01,4,  6.6267363626984899E-01,71,6,497,495,2,  6.2356302721609624E-01,  9.9399999999999999E-01,  9.8999999999999999E-01,  7.6636475812573757E-01,  1.0310633100000000E-01,  8.9911600000000004E-04,0
1455,  2.7500000000000002E-01,25,  8.1250000000000000E-01,  2.5000000000000000E-01,5,  6.6267363626984899E-01,71,6,497,495,2,  6.2356302721609624E-01,  9.9399999999999999E-01,  9.8999999999999999E-01,  7.6636475812573757E-01,  9.8669993999999997E-02,  7.0647500000000003E-04,0
1456,  2.7500000000000002E-01,25,  8.1250000000000000E-01,  4.3750000000000000E-01,1,  6.6267363626984899E-01,71,5,495,495,0,  6.7359410728888791E-01,  9.8999999999999999E-01,  9.8999999999999999E-01,  8.0170777630699697E-01,  9.7874705000000006E-02,  6.7935300000000005E-04,0
1457,  2.7500000000000002E-01,25,  8.1250000000000000E-01,  4.3750000000000000E-01,2,  6.6267363626984899E-01,71,5,495,495,0,  6.7359410728888791E-01,  9.8999999999999999E-01,  9.8999999999999999E-01,  8.0170777630699697E-01,  1.0057126199999999E-01,  7.1100199999999997E-04,0
1458,  2.7500000000000002E-01,25,  8.1250000000000000E-01,  4.3750000000000000E-01,3,  6.6267363626984899E-01,71,6,497,495,2,  6.2356302721609624E-01,  9.9399999999999999E-01,  9.8999999999999999E-01,  7.6636475812573757E-01,  1.0140854300000000E-01,  6.8483100000000000E-04,0
1459,  2.7500000000000002E-01,25,  8.1250000000000000E-01,  4.3750000000000000E-01,4,  6.6267363626984899E-01,71,6,497,495,2,  6.2356302721609624E-01,  9.9399999999999999E-01,  9.8999999999999999E-01,  7.6636475812573757E-01,  1.0065327000000000E-01,  6.7756299999999995E-04,0
1460,  2.7500000000000002E-01,25,  8.1250000000000000E-01,  4.3750000000000000E-01,5,  6.6267363626984899E-01,71,6,497,495,2,  6.2356302721609624E-01,  9.9399999999999999E-01,  9.8999999999999999E-01,  7.6636475812573757E-01,  9.9962547999999998E-02,  7.1740200000000001E-04,0
1461,  2.7500000000000002E-01,25,  8.1250000000000000E-01,  6.2500000000000000E-01,1,  6.6267363626984899E-01,71,5,495,495,0,  6.7359410728888791E-01,  9.8999999999999999E-01,  9.8999999999999999E-01,  8.0170777630699697E-01,  1.0076926500000000E-01,  6.6966200000000001E-04,0
1462,  2.7500000000000002E-01,25,  8.1250000000000000E-01,  6.2500000000000000E-01,2,  6.6267363626984899E-01,71,5,495,495,0,  6.7359410728888791E-01,  9.8999999999999999E-01,  9.8999999999999999E-01,  8.0170777630699697E-01,  1.0143287500000001E-01,  7.1279299999999998E-04,0
1463,  2.7500000000000002E-01,25,  8.1250000000000000E-01,  6.2500000000000000E-01,3,  6.6267363626984899E-01,71,6,497,495,2,  6.2356302721609624E-01,  9.9399999999999999E-01,  9.8999999999999999E-01,  7.6636475812573757E-01,  9.9244370999999998E-02,  1.0097620000000000E-03,0
1464,  2.7500000000000002E-01,25,  8.1250000000000000E-01,  6.2500000000000000E-01,4,  6.6267363626984899E-01,71,6,497,495,2,  6.2356302721609624E-01,  9.9399999999999999E-01,  9.8999999999999999E-01,  7.6636475812573757E-01,  1.0064985799999999E-01,  6.8411100000000005E-04,0
1465,  2.7500000000000002E-01,25,  8.1250000000000000E-01,  6.2500000000000000E-01,5,  6.6267363626984899E-01,71,6,497,495,2,  6.2356302721609624E-01,  9.9399999999999999E-01,  9.8999999999999999E-01,  7.6636475812573757E-01,  1.0188666400000000E-01,  7.6485200000000000E-04,0
1466,  2.7500000000000002E-01,25,  8.1250000000000000E-01,  8.1250000000000000E-01,1,  6.6267363626984899E-01,71,5,495,495,0,  6.7359410728888791E-01,  9.8999999999999999E-01,  9.8999999999999999E-01,  8.0170777630699697E-01,  1.0258407500000000E-01,  6.8890800000000001E-04,0
1467,  2.7500000000000002E-01,25,  8.1250000000000000E-01,  8.1250000000000000E-01,2,  6.6267363626984899E-01,71,5,495,495,0,  6.7359410728888791E-01,  9.8999999999999999E-01,  9.8999999999999999E-01,  8.0170777630699697E-01,  1.0111046800000000E-01,  7.2699500000000003E-04,0
1468,  2.7500000000000002E-01,25,  8.1250000000000000E-01,  8.1250000000000000E-01,3,  6.6267363626984899E-01,71,6,497,495,2,  6.2356302721609624E-01,  9.9399999999999999E-01,  9.8999999999999999E-01,  7.6636475812573757E-01,  1.0103050800000000E-01,  6.8009400000000001E-04,0
1469,  2.7500000000000002E-01,25,  8.1250000000000000E-01,  8.1250000000000000E-01,4,  6.6267363626984899E-01,71,6,497,495,2,  6.2356302721609624E-01,  9.9399999999999999E-01,  9.8999999999999999E-01,  7.6636475812573757E-01,  1.0117088300000000E-01,  6.6431200000000002E-04,0
1470,  2.7500000000000002E-01,25,  8.1250000000000000E-01,  8.1250000000000000E-01,5,  6.6267363626984899E-01,71,6,497,495,2,  6.2356302721609624E-01,  9.9399999999999999E-01,  9.8999999999999999E-01,  7.6636475812573757E-01,  1.0030475799999999E-01,  6.7473900000000005E-04,0
1471,  2.7500000000000002E-01,25,  8.1250000000000000E-01,  1.0000000000000000E+00,1,  6.6267363626984899E-01,71,5,495,495,0,  6.7359410728888791E-01,  9.8999999999999999E-01,  9.8999999999999999E-01,  8.0170777630699697E-01,  1.0045923399999999E-01,  6.7641700000000001E-04,0
1472,  2.7500000000000002E-01,25,  8.1250000000000000E-01,  1.0000000000000000E+00,2,  6.6267363626984899E-01,71,5,495,495,0,  6.7359410728888791E-01,  9.8999999999999999E-01,  9.8999999999999999E-01,  8.0170777630699697E-01,  1.0312262100000000E-01,  7.4501299999999999E-04,0
1473,  2.7500000000000002E-01,25,  8.1250000000000000E-01,  1.0000000000000000E+00,3,  6.6267363626984899E-01,71,6,497,495,2,  6.2356302721609624E-01,  9.9399999999999999E-01,  9.8999999999999999E-01,  7.6636475812573757E-01,  9.9521315999999999E-02,  6.5909300000000003E-04,0
1474,  2.7500000000000002E-01,25,  8.1250000000000000E-01,  1.0000000000000000E+00,4,  6.6267363626984899E-01,71,6,497,495,2,  6.2356302721609624E-01,  9.9399999999999999E-01,  9.8999999999999999E-01,  7.6636475812573757E-01,  1.0225711500000000E-01,  6.7803799999999995E-04,0
1475,  2.7500000000000002E-01,25,  8.1250000000000000E-01,  1.0000000000000000E+00,5,  6.6267363626984899E-01,71,6,497,495,2,  6.2356302721609624E-01,  9.9399999999999999E-01,  9.8999999999999999E-01,  7.6636475812573757E-01,  1.0268417900000000E-01,  9.0717900000000004E-04,0
1476,  2.7500000000000002E-01,25,  1.0000000000000000E+00,  2.5000000000000000E-01,1,  6.6267363626984899E-01,71,2,497,497,0,  9.3456084916706739E-01,  9.9399999999999999E-01,  9.9399999999999999E-01,  9.6336445331582232E-01,  1.2529926299999999E-01,  7.0007100000000003E-04,0
1477,  2.7500000000000002E-01,25,  1.0000000000000000E+00,  2.5000000000000000E-01,2,  6.6267363626984899E-01,71,3,498,497,1,  8.3217101143065952E-01,  9.9600000000000000E-01,  9.9399999999999999E-01,  9.0674485286397288E-01,  1.2684193199999999E-01,  6.8427300000000000E-04,0
1478,  2.7500000000000002E-01,25,  1.0000000000000000E+00,  2.5000000000000000E-01,3,  6.6267363626984899E-01,71,4,500,497,3,  7.3954067387288991E-01,  1.0000000000000000E+00,  9.9399999999999999E-01,  8.5027120662420219E-01,  1.2570641499999999E-01,  6.9657800000000000E-04,0
1479,  2.7500000000000002E-01,25,  1.0000000000000000E+00,  2.5000000000000000E-01,4,  6.6267363626984899E-01,71,4,500,497,3,  7.3954067387288991E-01,  1.0000000000000000E+00,  9.9399999999999999E-01,  8.5027120662420219E-01,  1.4459253999999999E-01,  1.2511840000000000E-03,0
1480,  2.7500000000000002E-01,25,  1.0000000000000000E+00,  2.5000000000000000E-01,5,  6.6267363626984899E-01,71,5,504,497,7,  6.8095906061810341E-01,  1.0080000000000000E+00,  9.9399999999999999E-01,  8.1281630692912821E-01,  1.3731572700000000E-01,  6.9891300000000001E-04,0
1481,  2.7500000000000002E-01,25,  1.0000000000000000E+00,  4.3750000000000000E-01,1,  6.6267363626984899E-01,71,2,497,497,0,  9.3456084916706739E-01,  9.9399999999999999E-01,  9.9399999999999999E-01,  9.6336445331582232E-01,  1.2832851900000000E-01,  6.7931899999999995E-04,0
1482,  2.7500000000000002E-01,25,  1.0000000000000000E+00,  4.3750000000000000E-01,2,  6.6267363626984899E-01,71,3,498,497,1,  8.3217101143065952E-01,  9.9600000000000000E-01,  9.9399999999999999E-01,  9.0674485286397288E-01,  1.3070215900000001E-01,  7.2465099999999998E-04,0
1483,  2.7500000000000002E-01,25,  1.0000000000000000E+00,  4.3750000000000000E-01,3,  6.6267363626984899E-01,71,4,500,497,3,  7.3954067387288991E-01,  1.0000000000000000E+00,  9.9399999999999999E-01,  8.5027120662420219E-01,  1.3308244699999999E-01,  6.7520299999999998E-04,0
1484,  2.7500000000000002E-01,25,  1.0000000000000000E+00,  4.3750000000000000E-01,4,  6.6267363626984899E-01,71,4,500,497,3,  7.3954067387288991E-01,  1.0000000000000000E+00,  9.9399999999999999E-01,  8.5027120662420219E-01,  1.5031156400000001E-01,  7.8222299999999997E-04,0
1485,  2.7500000000000002E-01,25,  1.0000000000000000E+00,  4.3750000000000000E-01,5,  6.6267363626984899E-01,71,5,504,497,7,  6.8095906061810341E-01,  1.0080000000000000E+00,  9.9399999999999999E-01,  8.1281630692912821E-01,  1.4012246400000000E-01,  8.1960400000000004E-04,0
1486,  2.7500000000000002E-01,25,  1.0000000000000000E+00,  6.2500000000000000E-01,1,  6.6267363626984899E-01,71,2,497,497,0,  9.3456084916706739E-01,  9.9399999999999999E-01,  9.9399999999999999E-01,  9.6336445331582232E-01,  1.2794797299999999E-01,  6.7229300000000002E-04,0
1487,  2.7500000000000002E-01,25,  1.0000000000000000E+00,  6.2500000000000000E-01,2,  6.6267363626984899E-01,71,3,498,497,1,  8.3217101143065952E-01,  9.9600000000000000E-01,  9.9399999999999999E-01,  9.0674485286397288E-01,  1.2632864299999999E-01,  7.3558900000000003E-04,0
1488,  2.7500000000000002E-01,25,  1.0000000000000000E+00,  6.2500000000000000E-01,3,  6.6267363626984899E-01,71,4,500,497,3,  7.3954067387288991E-01,  1.0000000000000000E+00,  9.9399999999999999E-01,  8.5027120662420219E-01,  1.2833705500000001E-01,  1.2435199999999999E-03,0
1489,  2.7500000000000002E-01,25,  1.0000000000000000E+00,  6.2500000000000000E-01,4,  6.6267363626984899E-01,71,4,500,497,3,  7.3954067387288991E-01,  1.0000000000000000E+00,  9.9399999999999999E-01,  8.5027120662420219E-01,  1.2622548300000000E-01,  7.1009899999999995E-04,0
1490,  2.7500000000000002E-01,25,  1.0000000000000000E+00,  6.2500000000000000E-01,5,  6.6267363626984899E-01,71,5,504,497,7,  6.8095906061810341E-01,  1.0080000000000000E+00,  9.9399999999999999E-01,  8.1281630692912821E-01,  1.2921398600000000E-01,  7.3446399999999999E-04,0
1491,  2.7500000000000002E-01,25,  1.0000000000000000E+00,  8.1250000000000000E-01,1,  6.6267363626984899E-01,71,2,497,497,0,  9.3456084916706739E-01,  9.9399999999999999E-01,  9.9399999999999999E-01,  9.6336445331582232E-01,  1.2700145500000001E-01,  7.0418100000000001E-04,0
1492,  2.7500000000000002E-01,25,  1.0000000000000000E+00,  8.1250000000000000E-01,2,  6.6267363626984899E-01,71,3,498,497,1,  8.3217101143065952E-01,  9.9600000000000000E-01,  9.9399999999999999E-01,  9.0674485286397288E-01,  1.2748138700000000E-01,  8.7541900000000000E-04,0
1493,  2.7500000000000002E-01,25,  1.0000000000000000E+00,  8.1250000000000000E-01,3,  6.6267363626984899E-01,71,4,500,497,3,  7.3954067387288991E-01,  1.0000000000000000E+00,  9.9399999999999999E-01,  8.5027120662420219E-01,  1.3519025300000001E-01,  7.1463899999999999E-04,0
1494,  2.7500000000000002E-01,25,  1.0000000000000000E+00,  8.1250000000000000E-01,4,  6.6267363626984899E-01,71,4,500,497,3,  7.3954067387288991E-01,  1.0000000000000000E+00,  9.9399999999999999E-01,  8.5027120662420219E-01,  1.2489378000000000E-01,  6.7160300000000000E-04,0
1495,  2.7500000000000002E-01,25,  1.0000000000000000E+00,  8.1250000000000000E-01,5,  6.6267363626984899E-01,71,5,504,497,7,  6.8095906061810341E-01,  1.0080000000000000E+00,  9.9399999999999999E-01,  8.1281630692912821E-01,  1.2665590800000001E-01,  6.9703500000000004E-04,0
1496,  2.7500000000000002E-01,25,  1.0000000000000000E+00,  1.0000000000000000E+00,1,  6.6267363626984899E-01,71,2,497,497,0,  9.3456084916706739E-01,  9.9399999999999999E-01,  9.9399999999999999E-01,  9.6336445331582232E-01,  1.2442486300000000E-01,  7.1243299999999995E-04,0
1497,  2.7500000000000002E-01,25,  1.0000000000000000E+00,  1.0000000000000000E+00,2,  6.6267363626984899E-01,71,3,498,497,1,  8.3217101143065952E-01,  9.9600000000000000E-01,  9.9399999999999999E-01,  9.0674485286397288E-01,  1.2683646700000001E-01,  7.2842299999999996E-04,0
1498,  2.7500000000000002E-01,25,  1.0000000000000000E+00,  1.0000000000000000E+00,3,  6.6267363626984899E-01,71,4,500,497,3,  7.3954067387288991E-01,  1.0000000000000000E+00,  9.9399999999999999E-01,  8.5027120662420219E-01,  1.3295427500000001E-01,  7.2212700000000003E-04,0
1499,  2.7500000000000002E-01,25,  1.0000000000000000E+00,  1.0000000000000000E+00,4,  6.6267363626984899E-01,71,4,500,497,3,  7.3954067387288991E-01,  1.0000000000000000E+00,  9.9399999999999999E-01,  8.5027120662420219E-01,  1.2676248600000001E-01,  6.9499000000000004E-04,0
1500,  2.7500000000000002E-01,25,  1.0000000000000000E+00,  1.0000000000000000E+00,5,  6.6267363626984899E-01,71,5,504,497,7,  6.8095906061810341E-01,  1.0080000000000000E+00,  9.9399999999999999E-01,  8.1281630692912821E-01,  1.2589936700000001E-01,  7.1476500000000002E-04,0
1501,  2.7500000000000002E-01,35,  2.5000000000000000E-01,  2.5000000000000000E-01,1,  6.6267363626984899E-01,54,17,453,453,0,  2.6000438282953836E-01,  9.0600000000000003E-01,  9.0600000000000003E-01,  4.0405331971723740E-01,  4.2530401000000002E-02,  6.7085699999999996E-04,0
1502,  2.7500000000000002E-01,35,  2.5000000000000000E-01,  2.5000000000000000E-01,2,  6.6267363626984899E-01,54,20,456,453,3,  2.1450036031722489E-01,  9.1200000000000003E-01,  9.0600000000000003E-01,  3.4731338843819076E-01,  4.1687882000000002E-02,  7.5024700000000000E-04,0
1503,  2.7500000000000002E-01,35,  2.5000000000000000E-01,  2.5000000000000000E-01,3,  6.6267363626984899E-01,54,20,456,453,3,  2.1450036031722489E-01,  9.1200000000000003E-01,  9.0600000000000003E-01,  3.4731338843819076E-01,  4.3380282999999999E-02,  6.6134600000000005E-04,0
1504,  2.7500000000000002E-01,35,  2.5000000000000000E-01,  2.5000000000000000E-01,4,  6.6267363626984899E-01,54,20,456,453,3,  2.1450036031722489E-01,  9.1200000000000003E-01,  9.0600000000000003E-01,  3.4731338843819076E-01,  4.3688958000000000E-02,  6.6024699999999998E-04,0
1505,  2.7500000000000002E-01,35,  2.5000000000000000E-01,  2.5000000000000000E-01,5,  6.6267363626984899E-01,54,21,460,453,7,  2.0660877121253313E-01,  9.2000000000000004E-01,  9.0600000000000003E-01,  3.3743758147906722E-01,  4.3323661999999999E-02,  6.6400699999999999E-04,0
1506,  2.7500000000000002E-01,35,  2.5000000000000000E-01,  4.3750000000000000E-01,1,  6.6267363626984899E-01,54,17,453,453,0,  2.6000438282953836E-01,  9.0600000000000003E-01,  9.0600000000000003E-01,  4.0405331971723740E-01,  4.3269504000000000E-02,  6.6319500000000000E-04,0
1507,  2.7500000000000002E-01,35,  2.5000000000000000E-01,  4.3750000000000000E-01,2,  6.6267363626984899E-01,54,20,456,453,3,  2.1450036031722489E-01,  9.1200000000000003E-01,  9.0600000000000003E-01,  3.4731338843819076E-01,  4.2792365999999998E-02,  9.5344799999999997E-04,0
1508,  2.7500000000000002E-01,35,  2.5000000000000000E-01,  4.3750000000000000E-01,3,  6.6267363626984899E-01,54,20,456,453,3,  2.1450036031722489E-01,  9.1200000000000003E-01,  9.0600000000000003E-01,  3.4731338843819076E-01,  4.3874497999999998E-02,  6.5975199999999999E-04,0
1509,  2.7500000000000002E-01,35,  2.5000000000000000E-01,  4.3750000000000000E-01,4,  6.6267363626984899E-01,54,20,456,453,3,  2.1450036031722489E-01,  9.1200000000000003E-01,  9.0600000000000003E-01,  3.4731338843819076E-01,  4.2938107000000003E-02,  6.5357399999999997E-04,0
1510,  2.7500000000000002E-01,35,  2.5000000000000000E-01,  4.3750000000000000E-01,5,  6.6267363626984899E-01,54,21,460,453,7,  2.0660877121253313E-01,  9.2000000000000004E-01,  9.0600000000000003E-01,  3.3743758147906722E-01,  4.2759078999999998E-02,  6.6903100000000005E-04,0
1511,  2.7500000000000002E-01,35,  2.5000000000000000E-01,  6.2500000000000000E-01,1,  6.6267363626984899E-01,54,17,453,453,0,  2.6000438282953836E-01,  9.0600000000000003E-01,  9.0600000000000003E-01,  4.0405331971723740E-01,  4.3163368000000001E-02,  8.2020800000000000E-04,0
1512,  2.7500000000000002E-01,35,  2.5000000000000000E-01,  6.2500000000000000E-01,2,  6.6267363626984899E-01,54,20,456,453,3,  2.1450036031722489E-01,  9.1200000000000003E-01,  9.0600000000000003E-01,  3.4731338843819076E-01,  4.3877576000000001E-02,  7.3766200000000004E-04,0
1513,  2.7500000000000002E-01,35,  2.5000000000000000E-01,  6.2500000000000000E-01,3,  6.6267363626984899E-01,54,20,456,453,3,  2.1450036031722489E-01,  9.1200000000000003E-01,  9.0600000000000003E-01,  3.4731338843819076E-01,  4.2663728999999997E-02,  6.5065800000000003E-04,0
1514,  2.7500000000000002E-01,35,  2.5000000000000000E-01,  6.2500000000000000E-01,4,  6.6267363626984899E-01,54,20,456,453,3,  2.1450036031722489E-01,  9.1200000000000003E-01,  9.0600000000000003E-01,  3.4731338843819076E-01,  4.9080845999999997E-02,  6.6629700000000005E-04,0
1515,  2.7500000000000002E-01,35,  2.5000000000000000E-01,  6.2500000000000000E-01,5,  6.6267363626984899E-01,54,21,460,453,7,  2.0660877121253313E-01,  9.2000000000000004E-01,  9.0600000000000003E-01,  3.3743758147906722E-01,  4.4677656000000003E-02,  6.9683699999999996E-04,0
1516,  2.7500000000000002E-01,35,  2.5000000000000000E-01,  8.1250000000000000E-01,1,  6.6267363626984899E-01,54,17,453,453,0,  2.6000438282953836E-01,  9.0600000000000003E-01,  9.0600000000000003E-01,  4.0405331971723740E-01,  4.2668945999999999E-02,  6.5215300000000004E-04,0
1517,  2.7500000000000002E-01,35,  2.5000000000000000E-01,  8.1250000000000000E-01,2,  6.6267363626984899E-01,54,20,456,453,3,  2.1450036031722489E-01,  9.1200000000000003E-01,  9.0600000000000003E-01,  3.4731338843819076E-01,  4.1608228999999997E-02,  6.6291600000000005E-04,0
1518,  2.7500000000000002E-01,35,  2.5000000000000000E-01,  8.1250000000000000E-01,3,  6.6267363626984899E-01,54,20,456,453,3,  2.1450036031722489E-01,  9.1200000000000003E-01,  9.0600000000000003E-01,  3.4731338843819076E-01,  4.3297457999999997E-02,  8.6937699999999995E-04,0
1519,  2.7500000000000002E-01,35,  2.5000000000000000E-01,  8.1250000000000000E-01,4,  6.6267363626984899E-01,54,20,456,453,3,  2.1450036031722489E-01,  9.1200000000000003E-01,  9.0600000000000003E-01,  3.4731338843819076E-01,  4.7320616000000003E-02,  6.6505999999999998E-04,0
1520,  2.7500000000000002E-01,35,  2.5000000000000000E-01,  8.1250000000000000E-01,5,  6.6267363626984899E-01,54,21,460,453,7,  2.0660877121253313E-01,  9.2000000000000004E-01,  9.0600000000000003E-01,  3.3743758147906722E-01,  4.2863901000000003E-02,  6.7268899999999997E-04,0
1521,  2.7500000000000002E-01,35,  2.5000000000000000E-01,  1.0000000000000000E+00,1,  6.6267363626984899E-01,54,17,453,453,0,  2.6000438282953836E-01,  9.0600000000000003E-01,  9.0600000000000003E-01,  4.0405331971723740E-01,  4.4924943000000002E-02,  7.8689700000000005E-04,0
1522,  2.7500000000000002E-01,35,  2.5000000000000000E-01,  1.0000000000000000E+00,2,  6.6267363626984899E-01,54,20,456,453,3,  2.1450036031722489E-01,  9.1200000000000003E-01,  9.0600000000000003E-01,  3.4731338843819076E-01,  4.2118040000000002E-02,  6.6349200000000001E-04,0
1523,  2.7500000000000002E-01,35,  2.5000000000000000E-01,  1.0000000000000000E+00,3,  6.6267363626984899E-01,54,20,456,453,3,  2.1450036031722489E-01,  9.1200000000000003E-01,  9.0600000000000003E-01,  3.4731338843819076E-01,  4.2483921000000001E-02,  6.6418300000000005E-04,0
1524,  2.7500000000000002E-01,35,  2.5000000000000000E-01,  1.0000000000000000E+00,4,  6.6267363626984899E-01,54,20,456,453,3,  2.1450036031722489E-01,  9.1200000000000003E-01,  9.0600000000000003E-01,  3.4731338843819076E-01,  4.2976092000000000E-02,  6.6208300000000005E-04,0
1525,  2.7500000000000002E-01,35,  2.5000000000000000E-01,  1.0000000000000000E+00,5,  6.6267363626984899E-01,54,21,460,453,7,  2.0660877121253313E-01,  9.2000000000000004E-01,  9.0600000000000003E-01,  3.3743758147906722E-01,  4.4208929000000001E-02,  9.1008400000000002E-04,0
1526,  2.7500000000000002E-01,35,  4.3750000000000000E-01,  2.5000000000000000E-01,1,  6.6267363626984899E-01,54,10,473,473,0,  4.4555556212728165E-01,  9.4599999999999995E-01,  9.4599999999999995E-01,  6.0579048834825533E-01,  5.4260943999999998E-02,  6.5478200000000002E-04,0
1527,  2.7500000000000002E-01,35,  4.3750000000000000E-01,  2.5000000000000000E-01,2,  6.6267363626984899E-01,54,11,474,473,1,  4.1515363518619786E-01,  9.4799999999999995E-01,  9.4599999999999995E-01,  5.7743402650686115E-01,  5.3107151999999998E-02,  6.6321399999999997E-04,0
1528,  2.7500000000000002E-01,35,  4.3750000000000000E-01,  2.5000000000000000E-01,3,  6.6267363626984899E-01,54,13,478,473,5,  3.6595914994389267E-01,  9.5599999999999996E-01,  9.4599999999999995E-01,  5.2930069338558638E-01,  5.3169146000000000E-02,  6.6230700000000000E-04,0
1529,  2.7500000000000002E-01,35,  4.3750000000000000E-01,  2.5000000000000000E-01,4,  6.6267363626984899E-01,54,15,484,473,11,  3.2883146490600212E-01,  9.6799999999999997E-01,  9.4599999999999995E-01,  4.9090242894759178E-01,  5.3690390999999997E-02,  9.8511100000000010E-04,0
1530,  2.7500000000000002E-01,35,  4.3750000000000000E-01,  2.5000000000000000E-01,5,  6.6267363626984899E-01,54,15,484,473,11,  3.2883146490600212E-01,  9.6799999999999997E-01,  9.4599999999999995E-01,  4.9090242894759178E-01,  5.3846956000000001E-02,  6.9935400000000001E-04,0
1531,  2.7500000000000002E-01,35,  4.3750000000000000E-01,  4.3750000000000000E-01,1,  6.6267363626984899E-01,54,10,473,473,0,  4.4555556212728165E-01,  9.4599999999999995E-01,  9.4599999999999995E-01,  6.0579048834825533E-01,  5.2167381999999998E-02,  6.5264200000000004E-04,0
1532,  2.7500000000000002E-01,35,  4.3750000000000000E-01,  4.3750000000000000E-01,2,  6.6267363626984899E-01,54,11,474,473,1,  4.1515363518619786E-01,  9.4799999999999995E-01,  9.4599999999999995E-01,  5.7743402650686115E-01,  5.4435144999999997E-02,  6.8586000000000005E-04,0
1533,  2.7500000000000002E-01,35,  4.3750000000000000E-01,  4.3750000000000000E-01,3,  6.6267363626984899E-01,54,13,478,473,5,  3.6595914994389267E-01,  9.5599999999999996E-01,  9.4599999999999995E-01,  5.2930069338558638E-01,  5.4427811000000000E-02,  6.6360699999999998E-04,0
1534,  2.7500000000000002E-01,35,  4.3750000000000000E-01,  4.3750000000000000E-01,4,  6.6267363626984899E-01,54,15,484,473,11,  3.2883146490600212E-01,  9.6799999999999997E-01,  9.4599999999999995E-01,  4.9090242894759178E-01,  5.4992185999999998E-02,  6.8100200000000000E-04,0
1535,  2.7500000000000002E-01,35,  4.3750000000000000E-01,  4.3750000000000000E-01,5,  6.6267363626984899E-01,54,15,484,473,11,  3.2883146490600212E-01,  9.6799999999999997E-01,  9.4599999999999995E-01,  4.9090242894759178E-01,  5.3594612999999999E-02,  6.8499900000000005E-04,0
1536,  2.7500000000000002E-01,35,  4.3750000000000000E-01,  6.2500000000000000E-01,1,  6.6267363626984899E-01,54,10,473,473,0,  4.4555556212728165E-01,  9.4599999999999995E-01,  9.4599999999999995E-01,  6.0579048834825533E-01,  5.3494373999999997E-02,  6.4326599999999998E-04,0
1537,  2.7500000000000002E-01,35,  4.3750000000000000E-01,  6.2500000000000000E-01,2,  6.6267363626984899E-01,54,11,474,473,1,  4.1515363518619786E-01,  9.4799999999999995E-01,  9.4599999999999995E-01,  5.7743402650686115E-01,  5.2118110000000002E-02,  6.6232300000000003E-04,0
1538,  2.7500000000000002E-01,35,  4.3750000000000000E-01,  6.2500000000000000E-01,3,  6.6267363626984899E-01,54,13,478,473,5,  3.6595914994389267E-01,  9.5599999999999996E-01,  9.4599999999999995E-01,  5.2930069338558638E-01,  5.4143780000000002E-02,  6.5615599999999997E-04,0
1539,  2.7500000000000002E-01,35,  4.3750000000000000E-01,  6.2500000000000000E-01,4,  6.6267363626984899E-01,54,15,484,473,11,  3.2883146490600212E-01,  9.6799999999999997E-01,  9.4599999999999995E-01,  4.9090242894759178E-01,  5.3103751999999997E-02,  7.0983899999999998E-04,0
1540,  2.7500000000000002E-01,35,  4.3750000000000000E-01,  6.2500000000000000E-01,5,  6.6267363626984899E-01,54,15,484,473,11,  3.2883146490600212E-01,  9.6799999999999997E-01,  9.4599999999999995E-01,  4.9090242894759178E-01,  5.2214640000000000E-02,  7.4465100000000004E-04,0
1541,  2.7500000000000002E-01,35,  4.3750000000000000E-01,  8.1250000000000000E-01,1,  6.6267363626984899E-01,54,10,473,473,0,  4.4555556212728165E-01,  9.4599999999999995E-01,  9.4599999999999995E-01,  6.0579048834825533E-01,  5.2180869999999997E-02,  6.5914299999999995E-04,0
1542,  2.7500000000000002E-01,35,  4.3750000000000000E-01,  8.1250000000000000E-01,2,  6.6267363626984899E-01,54,11,474,473,1,  4.1515363518619786E-01,  9.4799999999999995E-01,  9.4599999999999995E-01,  5.7743402650686115E-01,  5.2191651999999998E-02,  7.1677299999999998E-04,0
1543,  2.7500000000000002E-01,35,  4.3750000000000000E-01,  8.1250000000000000E-01,3,  6.6267363626984899E-01,54,13,478,473,5,  3.6595914994389267E-01,  9.5599999999999996E-01,  9.4599999999999995E-01,  5.2930069338558638E-01,  5.4524976000000003E-02,  6.6902400000000005E-04,0
1544,  2.7500000000000002E-01,35,  4.3750000000000000E-01,  8.1250000000000000E-01,4,  6.6267363626984899E-01,54,15,484,473,11,  3.2883146490600212E-01,  9.6799999999999997E-01,  9.4599999999999995E-01,  4.9090242894759178E-01,  5.3774624000000000E-02,  6.5765200000000000E-04,0
1545,  2.7500000000000002E-01,35,  4.3750000000000000E-01,  8.1250000000000000E-01,5,  6.6267363626984899E-01,54,15,484,473,11,  3.2883146490600212E-01,  9.6799999999999997E-01,  9.4599999999999995E-01,  4.9090242894759178E-01,  5.2124337999999999E-02,  7.0949000000000001E-04,0
1546,  2.7500000000000002E-01,35,  4.3750000000000000E-01,  1.0000000000000000E+00,1,  6.6267363626984899E-01,54,10,473,473,0,  4.4555556212728165E-01,  9.4599999999999995E-01,  9.4599999999999995E-01,  6.0579048834825533E-01,  5.6827804000000003E-02,  6.9392700000000000E-04,0
1547,  2.7500000000000002E-01,35,  4.3750000000000000E-01,  1.0000000000000000E+00,2,  6.6267363626984899E-01,54,11,474,473,1,  4.1515363518619786E-01,  9.4799999999999995E-01,  9.4599999999999995E-01,  5.7743402650686115E-01,  5.3282568000000002E-02,  6.5575500000000005E-04,0
1548,  2.7500000000000002E-01,35,  4.3750000000000000E-01,  1.0000000000000000E+00,3,  6.6267363626984899E-01,54,13,478,473,5,  3.6595914994389267E-01,  9.5599999999999996E-01,  9.4599999999999995E-01,  5.2930069338558638E-01,  5.4059527000000003E-02,  7.6035000000000002E-04,0
1549,  2.7500000000000002E-01,35,  4.3750000000000000E-01,  1.0000000000000000E+00,4,  6.6267363626984899E-01,54,15,484,473,11,  3.2883146490600212E-01,  9.6799999999999997E-01,  9.4599999999999995E-01,  4.9090242894759178E-01,  5.3184848999999999E-02,  6.9337800000000003E-04,0
1550,  2.7500000000000002E-01,35,  4.3750000000000000E-01,  1.0000000000000000E+00,5,  6.6267363626984899E-01,54,15,484,473,11,  3.2883146490600212E-01,  9.6799999999999997E-01,  9.4599999999999995E-01,  4.9090242894759178E-01,  5.2769259999999998E-02,  6.6437899999999999E-04,0
1551,  2.7500000000000002E-01,35,  6.2500000000000000E-01,  2.5000000000000000E-01,1,  6.6267363626984899E-01,54,6,491,491,0,  6.2629141010131384E-01,  9.8199999999999998E-01,  9.8199999999999998E-01,  7.6480936334883165E-01,  7.3241076000000002E-02,  6.9493500000000004E-04,0
1552,  2.7500000000000002E-01,35,  6.2500000000000000E-01,  2.5000000000000000E-01,2,  6.6267363626984899E-01,54,7,492,491,1,  5.8145035036155202E-01,  9.8399999999999999E-01,  9.8199999999999998E-01,  7.3096811358293889E-01,  7.7785142000000002E-02,  7.2869099999999995E-04,0
1553,  2.7500000000000002E-01,35,  6.2500000000000000E-01,  2.5000000000000000E-01,3,  6.6267363626984899E-01,54,9,496,491,5,  5.0023914505109257E-01,  9.9199999999999999E-01,  9.8199999999999998E-01,  6.6509075778694071E-01,  7.7952450000000006E-02,  6.8599600000000002E-04,0
1554,  2.7500000000000002E-01,35,  6.2500000000000000E-01,  2.5000000000000000E-01,4,  6.6267363626984899E-01,54,9,496,491,5,  5.0023914505109257E-01,  9.9199999999999999E-01,  9.8199999999999998E-01,  6.6509075778694071E-01,  7.5933031999999998E-02,  6.7921200000000000E-04,0
1555,  2.7500000000000002E-01,35,  6.2500000000000000E-01,  2.5000000000000000E-01,5,  6.6267363626984899E-01,54,9,496,491,5,  5.0023914505109257E-01,  9.9199999999999999E-01,  9.8199999999999998E-01,  6.6509075778694071E-01,  7.5769349999999999E-02,  6.8082699999999995E-04,0
1556,  2.7500000000000002E-01,35,  6.2500000000000000E-01,  4.3750000000000000E-01,1,  6.6267363626984899E-01,54,6,491,491,0,  6.2629141010131384E-01,  9.8199999999999998E-01,  9.8199999999999998E-01,  7.6480936334883165E-01,  7.5176328000000001E-02,  6.5736899999999999E-04,0
1557,  2.7500000000000002E-01,35,  6.2500000000000000E-01,  4.3750000000000000E-01,2,  6.6267363626984899E-01,54,7,492,491,1,  5.8145035036155202E-01,  9.8399999999999999E-01,  9.8199999999999998E-01,  7.3096811358293889E-01,  7.6340697999999999E-02,  8.0714299999999997E-04,0
1558,  2.7500000000000002E-01,35,  6.2500000000000000E-01,  4.3750000000000000E-01,3,  6.6267363626984899E-01,54,9,496,491,5,  5.0023914505109257E-01,  9.9199999999999999E-01,  9.8199999999999998E-01,  6.6509075778694071E-01,  7.7532940999999994E-02,  6.7857699999999998E-04,0
1559,  2.7500000000000002E-01,35,  6.2500000000000000E-01,  4.3750000000000000E-01,4,  6.6267363626984899E-01,54,9,496,491,5,  5.0023914505109257E-01,  9.9199999999999999E-01,  9.8199999999999998E-01,  6.6509075778694071E-01,  7.7577936000000000E-02,  7.6731399999999995E-04,0
1560,  2.7500000000000002E-01,35,  6.2500000000000000E-01,  4.3750000000000000E-01,5,  6.6267363626984899E-01,54,9,496,491,5,  5.0023914505109257E-01,  9.9199999999999999E-01,  9.8199999999999998E-01,  6.6509075778694071E-01,  7.4622806999999999E-02,  7.3006799999999995E-04,0
1561,  2.7500000000000002E-01,35,  6.2500000000000000E-01,  6.2500000000000000E-01,1,  6.6267363626984899E-01,54,6,491,491,0,  6.2629141010131384E-01,  9.8199999999999998E-01,  9.8199999999999998E-01,  7.6480936334883165E-01,  7.5839235000000005E-02,  7.0798100000000000E-04,0
1562,  2.7500000000000002E-01,35,  6.2500000000000000E-01,  6.2500000000000000E-01,2,  6.6267363626984899E-01,54,7,492,491,1,  5.8145035036155202E-01,  9.8399999999999999E-01,  9.8199999999999998E-01,  7.3096811358293889E-01,  7.4736865000000000E-02,  6.8095899999999997E-04,0
1563,  2.7500000000000002E-01,35,  6.2500000000000000E-01,  6.2500000000000000E-01,3,  6.6267363626984899E-01,54,9,496,491,5,  5.0023914505109257E-01,  9.9199999999999999E-01,  9.8199999999999998E-01,  6.6509075778694071E-01,  7.6510620000000001E-02,  7.2774999999999999E-04,0
1564,  2.7500000000000002E-01,35,  6.2500000000000000E-01,  6.2500000000000000E-01,4,  6.6267363626984899E-01,54,9,496,491,5,  5.0023914505109257E-01,  9.9199999999999999E-01,  9.8199999999999998E-01,  6.6509075778694071E-01,  7.3778785000000000E-02,  8.0920299999999998E-04,0
1565,  2.7500000000000002E-01,35,  6.2500000000000000E-01,  6.2500000000000000E-01,5,  6.6267363626984899E-01,54,9,496,491,5,  5.0023914505109257E-01,  9.9199999999999999E-01,  9.8199999999999998E-01,  6.6509075778694071E-01,  7.7547305999999996E-02,  6.7163100000000001E-04,0
1566,  2.7500000000000002E-01,35,  6.2500000000000000E-01,  8.1250000000000000E-01,1,  6.6267363626984899E-01,54,6,491,491,0,  6.2629141010131384E-01,  9.8199999999999998E-01,  9.8199999999999998E-01,  7.6480936334883165E-01,  7.4688503000000003E-02,  1.1791470000000000E-03,0
1567,  2.7500000000000002E-01,35,  6.2500000000000000E-01,  8.1250000000000000E-01,2,  6.6267363626984899E-01,54,7,492,491,1,  5.8145035036155202E-01,  9.8399999999999999E-01,  9.8199999999999998E-01,  7.3096811358293889E-01,  7.4930397999999995E-02,  6.6949900000000005E-04,0
1568,  2.7500000000000002E-01,35,  6.2500000000000000E-01,  8.1250000000000000E-01,3,  6.6267363626984899E-01,54,9,496,491,5,  5.0023914505109257E-01,  9.9199999999999999E-01,  9.8199999999999998E-01,  6.6509075778694071E-01,  7.4038009000000002E-02,  7.0205899999999999E-04,0
1569,  2.7500000000000002E-01,35,  6.2500000000000000E-01,  8.1250000000000000E-01,4,  6.6267363626984899E-01,54,9,496,491,5,  5.0023914505109257E-01,  9.9199999999999999E-01,  9.8199999999999998E-01,  6.6509075778694071E-01,  7.5339138999999999E-02,  6.7704099999999997E-04,0
1570,  2.7500000000000002E-01,35,  6.2500000000000000E-01,  8.1250000000000000E-01,5,  6.6267363626984899E-01,54,9,496,491,5,  5.0023914505109257E-01,  9.9199999999999999E-01,  9.8199999999999998E-01,  6.6509075778694071E-01,  7.6399273000000004E-02,  6.8816099999999996E-04,0
1571,  2.7500000000000002E-01,35,  6.2500000000000000E-01,  1.0000000000000000E+00,1,  6.6267363626984899E-01,54,6,491,491,0,  6.2629141010131384E-01,  9.8199999999999998E-01,  9.8199999999999998E-01,  7.6480936334883165E-01,  7.3339107000000001E-02,  6.9625100000000005E-04,0
1572,  2.7500000000000002E-01,35,  6.2500000000000000E-01,  1.0000000000000000E+00,2,  6.6267363626984899E-01,54,7,492,491,1,  5.8145035036155202E-01,  9.8399999999999999E-01,  9.8199999999999998E-01,  7.3096811358293889E-01,  7.3693166000000004E-02,  6.7758499999999997E-04,0
1573,  2.7500000000000002E-01,35,  6.2500000000000000E-01,  1.0000000000000000E+00,3,  6.6267363626984899E-01,54,9,496,491,5,  5.0023914505109257E-01,  9.9199999999999999E-01,  9.8199999999999998E-01,  6.6509075778694071E-01,  7.6462659000000002E-02,  6.7848400000000003E-04,0
1574,  2.7500000000000002E-01,35,  6.2500000000000000E-01,  1.0000000000000000E+00,4,  6.6267363626984899E-01,54,9,496,491,5,  5.0023914505109257E-01,  9.9199999999999999E-01,  9.8199999999999998E-01,  6.6509075778694071E-01,  7.6317610999999994E-02,  6.7872600000000005E-04,0
1575,  2.7500000000000002E-01,35,  6.2500000000000000E-01,  1.0000000000000000E+00,5,  6.6267363626984899E-01,54,9,496,491,5,  5.0023914505109257E-01,  9.9199999999999999E-01,  9.8199999999999998E-01,  6.6509075778694071E-01,  7.5361437000000003E-02,  6.9656999999999998E-04,0
1576,  2.7500000000000002E-01,35,  8.1250000000000000E-01,  2.5000000000000000E-01,1,  6.6267363626984899E-01,54,4,496,496,0,  7.5145018629069327E-01,  9.9199999999999999E-01,  9.9199999999999999E-01,  8.5513035091221978E-01,  7.6219178999999998E-02,  7.4969900000000005E-04,0
1577,  2.7500000000000002E-01,35,  8.1250000000000000E-01,  2.5000000000000000E-01,2,  6.6267363626984899E-01,54,4,496,496,0,  7.5145018629069327E-01,  9.9199999999999999E-01,  9.9199999999999999E-01,  8.5513035091221978E-01,  7.6091620999999998E-02,  7.0953499999999996E-04,0
1578,  2.7500000000000002E-01,35,  8.1250000000000000E-01,  2.5000000000000000E-01,3,  6.6267363626984899E-01,54,4,496,496,0,  7.5145018629069327E-01,  9.9199999999999999E-01,  9.9199999999999999E-01,  8.5513035091221978E-01,  7.8340441999999996E-02,  8.6945700000000002E-04,0
1579,  2.7500000000000002E-01,35,  8.1250000000000000E-01,  2.5000000000000000E-01,4,  6.6267363626984899E-01,54,5,499,496,3,  6.8466991599891158E-01,  9.9800000000000000E-01,  9.9199999999999999E-01,  8.1216234945434862E-01,  7.5227690999999999E-02,  8.3068699999999998E-04,0
1580,  2.7500000000000002E-01,35,  8.1250000000000000E-01,  2.5000000000000000E-01,5,  6.6267363626984899E-01,54,6,503,496,7,  6.3581861157381214E-01,  1.0060000000000000E+00,  9.9199999999999999E-01,  7.7917684540086440E-01,  8.0566373999999996E-02,  6.9309799999999996E-04,0
1581,  2.7500000000000002E-01,35,  8.1250000000000000E-01,  4.3750000000000000E-01,1,  6.6267363626984899E-01,54,4,496,496,0,  7.5145018629069327E-01,  9.9199999999999999E-01,  9.9199999999999999E-01,  8.5513035091221978E-01,  7.9684567999999997E-02,  8.8201100000000004E-04,0
1582,  2.7500000000000002E-01,35,  8.1250000000000000E-01,  4.3750000000000000E-01,2,  6.6267363626984899E-01,54,4,496,496,0,  7.5145018629069327E-01,  9.9199999999999999E-01,  9.9199999999999999E-01,  8.5513035091221978E-01,  7.8084768999999998E-02,  6.6165199999999999E-04,0
1583,  2.7500000000000002E-01,35,  8.1250000000000000E-01,  4.3750000000000000E-01,3,  6.6267363626984899E-01,54,4,496,496,0,  7.5145018629069327E-01,  9.9199999999999999E-01,  9.9199999999999999E-01,  8.5513035091221978E-01,  7.5998778000000003E-02,  7.0289799999999998E-04,0
1584,  2.7500000000000002E-01,35,  8.1250000000000000E-01,  4.3750000000000000E-01,4,  6.6267363626984899E-01,54,5,499,496,3,  6.8466991599891158E-01,  9.9800000000000000E-01,  9.9199999999999999E-01,  8.1216234945434862E-01,  7.5854664000000002E-02,  8.6605500000000001E-04,0
1585,  2.7500000000000002E-01,35,  8.1250000000000000E-01,  4.3750000000000000E-01,5,  6.6267363626984899E-01,54,6,503,496,7,  6.3581861157381214E-01,  1.0060000000000000E+00,  9.9199999999999999E-01,  7.7917684540086440E-01,  7.8013086999999995E-02,  6.8854500000000004E-04,0
1586,  2.7500000000000002E-01,35,  8.1250000000000000E-01,  6.2500000000000000E-01,1,  6.6267363626984899E-01,54,4,496,496,0,  7.5145018629069327E-01,  9.9199999999999999E-01,  9.9199999999999999E-01,  8.5513035091221978E-01,  7.5578241000000004E-02,  6.9658399999999998E-04,0
1587,  2.7500000000000002E-01,35,  8.1250000000000000E-01,  6.2500000000000000E-01,2,  6.6267363626984899E-01,54,4,496,496,0,  7.5145018629069327E-01,  9.9199999999999999E-01,  9.9199999999999999E-01,  8.5513035091221978E-01,  7.6642190999999998E-02,  7.1262500000000004E-04,0
1588,  2.7500000000000002E-01,35,  8.1250000000000000E-01,  6.2500000000000000E-01,3,  6.6267363626984899E-01,54,4,496,496,0,  7.5145018629069327E-01,  9.9199999999999999E-01,  9.9199999999999999E-01,  8.5513035091221978E-01,  7.6691754000000001E-02,  7.1004599999999998E-04,0
1589,  2.7500000000000002E-01,35,  8.1250000000000000E-01,  6.2500000000000000E-01,4,  6.6267363626984899E-01,54,5,499,496,3,  6.8466991599891158E-01,  9.9800000000000000E-01,  9.9199999999999999E-01,  8.1216234945434862E-01,  7.5514004999999995E-02,  6.7601900000000003E-04,0
1590,  2.7500000000000002E-01,35,  8.1250000000000000E-01,  6.2500000000000000E-01,5,  6.6267363626984899E-01,54,6,503,496,7,  6.3581861157381214E-01,  1.0060000000000000E+00,  9.9199999999999999E-01,  7.7917684540086440E-01,  7.6799276000000000E-02,  6.8140900000000001E-04,0
1591,  2.7500000000000002E-01,35,  8.1250000000000000E-01,  8.1250000000000000E-01,1,  6.6267363626984899E-01,54,4,496,496,0,  7.5145018629069327E-01,  9.9199999999999999E-01,  9.9199999999999999E-01,  8.5513035091221978E-01,  7.6609517000000002E-02,  9.7782899999999994E-04,0
1592,  2.7500000000000002E-01,35,  8.1250000000000000E-01,  8.1250000000000000E-01,2,  6.6267363626984899E-01,54,4,496,496,0,  7.5145018629069327E-01,  9.9199999999999999E-01,  9.9199999999999999E-01,  8.5513035091221978E-01,  7.6645160000000004E-02,  7.0629999999999998E-04,0
1593,  2.7500000000000002E-01,35,  8.1250000000000000E-01,  8.1250000000000000E-01,3,  6.6267363626984899E-01,54,4,496,496,0,  7.5145018629069327E-01,  9.9199999999999999E-01,  9.9199999999999999E-01,  8.5513035091221978E-01,  7.7717852000000004E-02,  7.8352100000000002E-04,0
1594,  2.7500000000000002E-01,35,  8.1250000000000000E-01,  8.1250000000000000E-01,4,  6.6267363626984899E-01,54,5,499,496,3,  6.8466991599891158E-01,  9.9800000000000000E-01,  9.9199999999999999E-01,  8.1216234945434862E-01,  7.6430288999999998E-02,  7.1559399999999995E-04,0
1595,  2.7500000000000002E-01,35,  8.1250000000000000E-01,  8.1250000000000000E-01,5,  6.6267363626984899E-01,54,6,503,496,7,  6.3581861157381214E-01,  1.0060000000000000E+00,  9.9199999999999999E-01,  7.7917684540086440E-01,  7.6826253999999997E-02,  6.8913299999999998E-04,0
1596,  2.7500000000000002E-01,35,  8.1250000000000000E-01,  1.0000000000000000E+00,1,  6.6267363626984899E-01,54,4,496,496,0,  7.5145018629069327E-01,  9.9199999999999999E-01,  9.9199999999999999E-01,  8.5513035091221978E-01,  7.7643662000000002E-02,  6.8030900000000004E-04,0
1597,  2.7500000000000002E-01,35,  8.1250000000000000E-01,  1.0000000000000000E+00,2,  6.6267363626984899E-01,54,4,496,496,0,  7.5145018629069327E-01,  9.9199999999999999E-01,  9.9199999999999999E-01,  8.5513035091221978E-01,  7.5561515999999995E-02,  7.0843100000000003E-04,0
1598,  2.7500000000000002E-01,35,  8.1250000000000000E-01,  1.0000000000000000E+00,3,  6.6267363626984899E-01,54,4,496,496,0,  7.5145018629069327E-01,  9.9199999999999999E-01,  9.9199999999999999E-01,  8.5513035091221978E-01,  7.3771101000000006E-02,  6.7577399999999997E-04,0
1599,  2.7500000000000002E-01,35,  8.1250000000000000E-01,  1.0000000000000000E+00,4,  6.6267363626984899E-01,54,5,499,496,3,  6.8466991599891158E-01,  9.9800000000000000E-01,  9.9199999999999999E-01,  8.1216234945434862E-01,  7.7370255999999998E-02,  6.8731399999999996E-04,0
1600,  2.7500000000000002E-01,35,  8.1250000000000000E-01,  1.0000000000000000E+00,5,  6.6267363626984899E-01,54,6,503,496,7,  6.3581861157381214E-01,  1.0060000000000000E+00,  9.9199999999999999E-01,  7.7917684540086440E-01,  7.6104615000000000E-02,  6.8797699999999999E-04,0
1601,  2.7500000000000002E-01,35,  1.0000000000000000E+00,  2.5000000000000000E-01,1,  6.6267363626984899E-01,54,4,496,496,0,  7.5145018629069327E-01,  9.9199999999999999E-01,  9.9199999999999999E-01,  8.5513035091221978E-01,  9.7856032999999995E-02,  6.5834400000000005E-04,0
1602,  2.7500000000000002E-01,35,  1.0000000000000000E+00,  2.5000000000000000E-01,2,  6.6267363626984899E-01,54,4,496,496,0,  7.5145018629069327E-01,  9.9199999999999999E-01,  9.9199999999999999E-01,  8.5513035091221978E-01,  9.6991501999999993E-02,  7.6861799999999999E-04,0
1603,  2.7500000000000002E-01,35,  1.0000000000000000E+00,  2.5000000000000000E-01,3,  6.6267363626984899E-01,54,4,496,496,0,  7.5145018629069327E-01,  9.9199999999999999E-01,  9.9199999999999999E-01,  8.5513035091221978E-01,  9.6957963999999994E-02,  7.1419900000000000E-04,0
1604,  2.7500000000000002E-01,35,  1.0000000000000000E+00,  2.5000000000000000E-01,4,  6.6267363626984899E-01,54,4,496,496,0,  7.5145018629069327E-01,  9.9199999999999999E-01,  9.9199999999999999E-01,  8.5513035091221978E-01,  9.5234662999999997E-02,  6.9917799999999995E-04,0
1605,  2.7500000000000002E-01,35,  1.0000000000000000E+00,  2.5000000000000000E-01,5,  6.6267363626984899E-01,54,4,496,496,0,  7.5145018629069327E-01,  9.9199999999999999E-01,  9.9199999999999999E-01,  8.5513035091221978E-01,  9.6584738000000003E-02,  6.7722500000000005E-04,0
1606,  2.7500000000000002E-01,35,  1.0000000000000000E+00,  4.3750000000000000E-01,1,  6.6267363626984899E-01,54,4,496,496,0,  7.5145018629069327E-01,  9.9199999999999999E-01,  9.9199999999999999E-01,  8.5513035091221978E-01,  1.0601286600000000E-01,  7.4628100000000001E-04,0
1607,  2.7500000000000002E-01,35,  1.0000000000000000E+00,  4.3750000000000000E-01,2,  6.6267363626984899E-01,54,4,496,496,0,  7.5145018629069327E-01,  9.9199999999999999E-01,  9.9199999999999999E-01,  8.5513035091221978E-01,  9.8275477999999999E-02,  7.3504400000000002E-04,0
1608,  2.7500000000000002E-01,35,  1.0000000000000000E+00,  4.3750000000000000E-01,3,  6.6267363626984899E-01,54,4,496,496,0,  7.5145018629069327E-01,  9.9199999999999999E-01,  9.9199999999999999E-01,  8.5513035091221978E-01,  9.4019116000000000E-02,  6.9779499999999997E-04,0
1609,  2.7500000000000002E-01,35,  1.0000000000000000E+00,  4.3750000000000000E-01,4,  6.6267363626984899E-01,54,4,496,496,0,  7.5145018629069327E-01,  9.9199999999999999E-01,  9.9199999999999999E-01,  8.5513035091221978E-01,  1.1145605700000000E-01,  7.9321199999999995E-04,0
1610,  2.7500000000000002E-01,35,  1.0000000000000000E+00,  4.3750000000000000E-01,5,  6.6267363626984899E-01,54,4,496,496,0,  7.5145018629069327E-01,  9.9199999999999999E-01,  9.9199999999999999E-01,  8.5513035091221978E-01,  9.9367310000000000E-02,  6.8804800000000002E-04,0
1611,  2.7500000000000002E-01,35,  1.0000000000000000E+00,  6.2500000000000000E-01,1,  6.6267363626984899E-01,54,4,496,496,0,  7.5145018629069327E-01,  9.9199999999999999E-01,  9.9199999999999999E-01,  8.5513035091221978E-01,  9.9467406999999994E-02,  6.8787199999999996E-04,0
1612,  2.7500000000000002E-01,35,  1.0000000000000000E+00,  6.2500000000000000E-01,2,  6.6267363626984899E-01,54,4,496,496,0,  7.5145018629069327E-01,  9.9199999999999999E-01,  9.9199999999999999E-01,  8.5513035091221978E-01,  9.5364097999999994E-02,  6.7565599999999996E-04,0
1613,  2.7500000000000002E-01,35,  1.0000000000000000E+00,  6.2500000000000000E-01,3,  6.6267363626984899E-01,54,4,496,496,0,  7.5145018629069327E-01,  9.9199999999999999E-01,  9.9199999999999999E-01,  8.5513035091221978E-01,  9.7918692000000002E-02,  7.3700199999999995E-04,0
1614,  2.7500000000000002E-01,35,  1.0000000000000000E+00,  6.2500000000000000E-01,4,  6.6267363626984899E-01,54,4,496,496,0,  7.5145018629069327E-01,  9.9199999999999999E-01,  9.9199999999999999E-01,  8.5513035091221978E-01,  9.6524963000000005E-02,  6.8051400000000001E-04,0
1615,  2.7500000000000002E-01,35,  1.0000000000000000E+00,  6.2500000000000000E-01,5,  6.6267363626984899E-01,54,4,496,496,0,  7.5145018629069327E-01,  9.9199999999999999E-01,  9.9199999999999999E-01,  8.5513035091221978E-01,  9.6939773000000007E-02,  7.5415599999999997E-04,0
1616,  2.7500000000000002E-01,35,  1.0000000000000000E+00,  8.1250000000000000E-01,1,  6.6267363626984899E-01,54,4,496,496,0,  7.5145018629069327E-01,  9.9199999999999999E-01,  9.9199999999999999E-01,  8.5513035091221978E-01,  1.0380049800000000E-01,  7.7564300000000001E-04,0
1617,  2.7500000000000002E-01,35,  1.0000000000000000E+00,  8.1250000000000000E-01,2,  6.6267363626984899E-01,54,4,496,496,0,  7.5145018629069327E-01,  9.9199999999999999E-01,  9.9199999999999999E-01,  8.5513035091221978E-01,  9.8065515000000006E-02,  7.6300399999999996E-04,0
1618,  2.7500000000000002E-01,35,  1.0000000000000000E+00,  8.1250000000000000E-01,3,  6.6267363626984899E-01,54,4,496,496,0,  7.5145018629069327E-01,  9.9199999999999999E-01,  9.9199999999999999E-01,  8.5513035091221978E-01,  9.8310419999999996E-02,  6.9107299999999995E-04,0
1619,  2.7500000000000002E-01,35,  1.0000000000000000E+00,  8.1250000000000000E-01,4,  6.6267363626984899E-01,54,4,496,496,0,  7.5145018629069327E-01,  9.9199999999999999E-01,  9.9199999999999999E-01,  8.5513035091221978E-01,  9.6417362000000006E-02,  6.9724600000000000E-04,0
1620,  2.7500000000000002E-01,35,  1.0000000000000000E+00,  8.1250000000000000E-01,5,  6.6267363626984899E-01,54,4,496,496,0,  7.5145018629069327E-01,  9.9199999999999999E-01,  9.9199999999999999E-01,  8.5513035091221978E-01,  9.6071888999999994E-02,  7.2904600000000001E-04,0
1621,  2.7500000000000002E-01,35,  1.0000000000000000E+00,  1.0000000000000000E+00,1,  6.6267363626984899E-01,54,4,496,496,0,  7.5145018629069327E-01,  9.9199999999999999E-01,  9.9199999999999999E-01,  8.5513035091221978E-01,  9.6781979000000004E-02,  7.2119199999999995E-04,0
1622,  2.7500000000000002E-01,35,  1.0000000000000000E+00,  1.0000000000000000E+00,2,  6.6267363626984899E-01,54,4,496,496,0,  7.5145018629069327E-01,  9.9199999999999999E-01,  9.9199999999999999E-01,  8.5513035091221978E-01,  1.0815126600000000E-01,  7.6096200000000001E-04,0
1623,  2.7500000000000002E-01,35,  1.0000000000000000E+00,  1.0000000000000000E+00,3,  6.6267363626984899E-01,54,4,496,496,0,  7.5145018629069327E-01,  9.9199999999999999E-01,  9.9199999999999999E-01,  8.5513035091221978E-01,  1.0377896100000000E-01,  7.1539200000000002E-04,0
1624,  2.7500000000000002E-01,35,  1.0000000000000000E+00,  1.0000000000000000E+00,4,  6.6267363626984899E-01,54,4,496,496,0,  7.5145018629069327E-01,  9.9199999999999999E-01,  9.9199999999999999E-01,  8.5513035091221978E-01,  9.9130393999999997E-02,  7.0282400000000001E-04,0
1625,  2.7500000000000002E-01,35,  1.0000000000000000E+00,  1.0000000000000000E+00,5,  6.6267363626984899E-01,54,4,496,496,0,  7.5145018629069327E-01,  9.9199999999999999E-01,  9.9199999999999999E-01,  8.5513035091221978E-01,  9.7160556999999995E-02,  8.2820900000000000E-04,0
1626,  2.7500000000000002E-01,45,  2.5000000000000000E-01,  2.5000000000000000E-01,1,  6.6267363626984899E-01,44,15,421,421,0,  2.5095234014991902E-01,  8.4199999999999997E-01,  8.4199999999999997E-01,  3.8666255177649878E-01,  3.6010542999999999E-02,  7.8866699999999995E-04,0
1627,  2.7500000000000002E-01,45,  2.5000000000000000E-01,  2.5000000000000000E-01,2,  6.6267363626984899E-01,44,17,423,421,2,  2.1436613192561044E-01,  8.4599999999999997E-01,  8.4199999999999997E-01,  3.4205873263743442E-01,  3.9137060000000001E-02,  6.3652999999999995E-04,0
1628,  2.7500000000000002E-01,45,  2.5000000000000000E-01,  2.5000000000000000E-01,3,  6.6267363626984899E-01,44,18,425,421,4,  1.9974162804553819E-01,  8.4999999999999998E-01,  8.4199999999999997E-01,  3.2347080329626082E-01,  3.6002799000000002E-02,  6.4405699999999996E-04,0
1629,  2.7500000000000002E-01,45,  2.5000000000000000E-01,  2.5000000000000000E-01,4,  6.6267363626984899E-01,44,19,428,421,7,  1.8649634722425659E-01,  8.5599999999999998E-01,  8.4199999999999997E-01,  3.0626653733420228E-01,  3.7788413000000000E-02,  6.6902499999999996E-04,0
1630,  2.7500000000000002E-01,45,  2.5000000000000000E-01,  2.5000000000000000E-01,5,  6.6267363626984899E-01,44,19,428,421,7,  1.8649634722425659E-01,  8.5599999999999998E-01,  8.4199999999999997E-01,  3.0626653733420228E-01,  3.4636382000000000E-02,  6.2609700000000005E-04,0
1631,  2.7500000000000002E-01,45,  2.5000000000000000E-01,  4.3750000000000000E-01,1,  6.6267363626984899E-01,44,15,421,421,0,  2.5095234014991902E-01,  8.4199999999999997E-01,  8.4199999999999997E-01,  3.8666255177649878E-01,  3.6234140999999997E-02,  6.3459300000000003E-04,0
1632,  2.7500000000000002E-01,45,  2.5000000000000000E-01,  4.3750000000000000E-01,2,  6.6267363626984899E-01,44,17,423,421,2,  2.1436613192561044E-01,  8.4599999999999997E-01,  8.4199999999999997E-01,  3.4205873263743442E-01,  3.5189572000000002E-02,  6.3542700000000004E-04,0
1633,  2.7500000000000002E-01,45,  2.5000000000000000E-01,  4.3750000000000000E-01,3,  6.6267363626984899E-01,44,18,425,421,4,  1.9974162804553819E-01,  8.4999999999999998E-01,  8.4199999999999997E-01,  3.2347080329626082E-01,  3.4879865000000003E-02,  6.3590100000000002E-04,0
1634,  2.7500000000000002E-01,45,  2.5000000000000000E-01,  4.3750000000000000E-01,4,  6.6267363626984899E-01,44,19,428,421,7,  1.8649634722425659E-01,  8.5599999999999998E-01,  8.4199999999999997E-01,  3.0626653733420228E-01,  3.4942910000000001E-02,  8.0021699999999999E-04,0
1635,  2.7500000000000002E-01,45,  2.5000000000000000E-01,  4.3750000000000000E-01,5,  6.6267363626984899E-01,44,19,428,421,7,  1.8649634722425659E-01,  8.5599999999999998E-01,  8.4199999999999997E-01,  3.0626653733420228E-01,  3.5572907000000001E-02,  6.7083500000000005E-04,0
1636,  2.7500000000000002E-01,45,  2.5000000000000000E-01,  6.2500000000000000E-01,1,  6.6267363626984899E-01,44,15,421,421,0,  2.5095234014991902E-01,  8.4199999999999997E-01,  8.4199999999999997E-01,  3.8666255177649878E-01,  3.4884322000000002E-02,  6.4519100000000004E-04,0
1637,  2.7500000000000002E-01,45,  2.5000000000000000E-01,  6.2500000000000000E-01,2,  6.6267363626984899E-01,44,17,423,421,2,  2.1436613192561044E-01,  8.4599999999999997E-01,  8.4199999999999997E-01,  3.4205873263743442E-01,  3.4269024000000002E-02,  6.2980499999999999E-04,0
1638,  2.7500000000000002E-01,45,  2.5000000000000000E-01,  6.2500000000000000E-01,3,  6.6267363626984899E-01,44,18,425,421,4,  1.9974162804553819E-01,  8.4999999999999998E-01,  8.4199999999999997E-01,  3.2347080329626082E-01,  3.4332636999999999E-02,  6.5443200000000004E-04,0
1639,  2.7500000000000002E-01,45,  2.5000000000000000E-01,  6.2500000000000000E-01,4,  6.6267363626984899E-01,44,19,428,421,7,  1.8649634722425659E-01,  8.5599999999999998E-01,  8.4199999999999997E-01,  3.0626653733420228E-01,  3.4521189000000001E-02,  6.2312700000000001E-04,0
1640,  2.7500000000000002E-01,45,  2.5000000000000000E-01,  6.2500000000000000E-01,5,  6.6267363626984899E-01,44,19,428,421,7,  1.8649634722425659E-01,  8.5599999999999998E-01,  8.4199999999999997E-01,  3.0626653733420228E-01,  3.5382054000000003E-02,  6.4108500000000001E-04,0
1641,  2.7500000000000002E-01,45,  2.5000000000000000E-01,  8.1250000000000000E-01,1,  6.6267363626984899E-01,44,15,421,421,0,  2.5095234014991902E-01,  8.4199999999999997E-01,  8.4199999999999997E-01,  3.8666255177649878E-01,  3.5105761999999999E-02,  6.3801899999999998E-04,0
1642,  2.7500000000000002E-01,45,  2.5000000000000000E-01,  8.1250000000000000E-01,2,  6.6267363626984899E-01,44,17,423,421,2,  2.1436613192561044E-01,  8.4599999999999997E-01,  8.4199999999999997E-01,  3.4205873263743442E-01,  3.5351279999999999E-02,  6.1037199999999998E-04,0
1643,  2.7500000000000002E-01,45,  2.5000000000000000E-01,  8.1250000000000000E-01,3,  6.6267363626984899E-01,44,18,425,421,4,  1.9974162804553819E-01,  8.4999999999999998E-01,  8.4199999999999997E-01,  3.2347080329626082E-01,  3.6093192000000003E-02,  6.2298500000000005E-04,0
1644,  2.7500000000000002E-01,45,  2.5000000000000000E-01,  8.1250000000000000E-01,4,  6.6267363626984899E-01,44,19,428,421,7,  1.8649634722425659E-01,  8.5599999999999998E-01,  8.4199999999999997E-01,  3.0626653733420228E-01,  3.6647032000000003E-02,  6.3620799999999998E-04,0
1645,  2.7500000000000002E-01,45,  2.5000000000000000E-01,  8.1250000000000000E-01,5,  6.6267363626984899E-01,44,19,428,421,7,  1.8649634722425659E-01,  8.5599999999999998E-01,  8.4199999999999997E-01,  3.0626653733420228E-01,  3.5583134000000002E-02,  6.7329800000000002E-04,0
1646,  2.7500000000000002E-01,45,  2.5000000000000000E-01,  1.0000000000000000E+00,1,  6.6267363626984899E-01,44,15,421,421,0,  2.5095234014991902E-01,  8.4199999999999997E-01,  8.4199999999999997E-01,  3.8666255177649878E-01,  3.6485218000000000E-02,  6.3407100000000005E-04,0
1647,  2.7500000000000002E-01,45,  2.5000000000000000E-01,  1.0000000000000000E+00,2,  6.6267363626984899E-01,44,17,423,421,2,  2.1436613192561044E-01,  8.4599999999999997E-01,  8.4199999999999997E-01,  3.4205873263743442E-01,  3.5643741000000000E-02,  6.5162200000000003E-04,0
1648,  2.7500000000000002E-01,45,  2.5000000000000000E-01,  1.0000000000000000E+00,3,  6.6267363626984899E-01,44,18,425,421,4,  1.9974162804553819E-01,  8.4999999999999998E-01,  8.4199999999999997E-01,  3.2347080329626082E-01,  3.4575957999999997E-02,  6.3350300000000000E-04,0
1649,  2.7500000000000002E-01,45,  2.5000000000000000E-01,  1.0000000000000000E+00,4,  6.6267363626984899E-01,44,19,428,421,7,  1.8649634722425659E-01,  8.5599999999999998E-01,  8.4199999999999997E-01,  3.0626653733420228E-01,  3.4345654000000003E-02,  7.2706500000000005E-04,0
1650,  2.7500000000000002E-01,45,  2.5000000000000000E-01,  1.0000000000000000E+00,5,  6.6267363626984899E-01,44,19,428,421,7,  1.8649634722425659E-01,  8.5599999999999998E-01,  8.4199999999999997E-01,  3.0626653733420228E-01,  3.6131310999999999E-02,  6.6875799999999998E-04,0
1651,  2.7500000000000002E-01,45,  4.3750000000000000E-01,  2.5000000000000000E-01,1,  6.6267363626984899E-01,44,9,451,451,0,  4.5411202514401583E-01,  9.0200000000000002E-01,  9.0200000000000002E-01,  6.0409322988844205E-01,  4.6722726999999999E-02,  7.6126000000000004E-04,0
1652,  2.7500000000000002E-01,45,  4.3750000000000000E-01,  2.5000000000000000E-01,2,  6.6267363626984899E-01,44,10,452,451,1,  4.2311242477431082E-01,  9.0400000000000003E-01,  9.0200000000000002E-01,  5.7642988620353541E-01,  4.5524360000000000E-02,  6.4399800000000001E-04,0
1653,  2.7500000000000002E-01,45,  4.3750000000000000E-01,  2.5000000000000000E-01,3,  6.6267363626984899E-01,44,11,454,451,3,  3.9520676866101040E-01,  9.0800000000000003E-01,  9.0200000000000002E-01,  5.5071498180276979E-01,  4.5924560000000003E-02,  6.3966399999999997E-04,0
1654,  2.7500000000000002E-01,45,  4.3750000000000000E-01,  2.5000000000000000E-01,4,  6.6267363626984899E-01,44,11,454,451,3,  3.9520676866101040E-01,  9.0800000000000003E-01,  9.0200000000000002E-01,  5.5071498180276979E-01,  4.6875095999999998E-02,  6.7675000000000005E-04,0
1655,  2.7500000000000002E-01,45,  4.3750000000000000E-01,  2.5000000000000000E-01,5,  6.6267363626984899E-01,44,11,454,451,3,  3.9520676866101040E-01,  9.0800000000000003E-01,  9.0200000000000002E-01,  5.5071498180276979E-01,  4.6025815999999997E-02,  8.3659999999999995E-04,0
1656,  2.7500000000000002E-01,45,  4.3750000000000000E-01,  4.3750000000000000E-01,1,  6.6267363626984899E-01,44,9,451,451,0,  4.5411202514401583E-01,  9.0200000000000002E-01,  9.0200000000000002E-01,  6.0409322988844205E-01,  4.5557761000000002E-02,  6.4635599999999995E-04,0
1657,  2.7500000000000002E-01,45,  4.3750000000000000E-01,  4.3750000000000000E-01,2,  6.6267363626984899E-01,44,10,452,451,1,  4.2311242477431082E-01,  9.0400000000000003E-01,  9.0200000000000002E-01,  5.7642988620353541E-01,  4.7605503000000000E-02,  6.3378299999999996E-04,0
1658,  2.7500000000000002E-01,45,  4.3750000000000000E-01,  4.3750000000000000E-01,3,  6.6267363626984899E-01,44,11,454,451,3,  3.9520676866101040E-01,  9.0800000000000003E-01,  9.0200000000000002E-01,  5.5071498180276979E-01,  4.5634545999999998E-02,  6.7478500000000001E-04,0
1659,  2.7500000000000002E-01,45,  4.3750000000000000E-01,  4.3750000000000000E-01,4,  6.6267363626984899E-01,44,11,454,451,3,  3.9520676866101040E-01,  9.0800000000000003E-01,  9.0200000000000002E-01,  5.5071498180276979E-01,  4.6107931999999997E-02,  9.7788600000000008E-04,0
1660,  2.7500000000000002E-01,45,  4.3750000000000000E-01,  4.3750000000000000E-01,5,  6.6267363626984899E-01,44,11,454,451,3,  3.9520676866101040E-01,  9.0800000000000003E-01,  9.0200000000000002E-01,  5.5071498180276979E-01,  4.5924728999999997E-02,  6.7878399999999998E-04,0
1661,  2.7500000000000002E-01,45,  4.3750000000000000E-01,  6.2500000000000000E-01,1,  6.6267363626984899E-01,44,9,451,451,0,  4.5411202514401583E-01,  9.0200000000000002E-01,  9.0200000000000002E-01,  6.0409322988844205E-01,  4.5294002999999999E-02,  7.1874799999999996E-04,0
1662,  2.7500000000000002E-01,45,  4.3750000000000000E-01,  6.2500000000000000E-01,2,  6.6267363626984899E-01,44,10,452,451,1,  4.2311242477431082E-01,  9.0400000000000003E-01,  9.0200000000000002E-01,  5.7642988620353541E-01,  4.5511174000000001E-02,  6.5375999999999997E-04,0
1663,  2.7500000000000002E-01,45,  4.3750000000000000E-01,  6.2500000000000000E-01,3,  6.6267363626984899E-01,44,11,454,451,3,  3.9520676866101040E-01,  9.0800000000000003E-01,  9.0200000000000002E-01,  5.5071498180276979E-01,  4.7192123000000002E-02,  6.5206400000000005E-04,0
1664,  2.7500000000000002E-01,45,  4.3750000000000000E-01,  6.2500000000000000E-01,4,  6.6267363626984899E-01,44,11,454,451,3,  3.9520676866101040E-01,  9.0800000000000003E-01,  9.0200000000000002E-01,  5.5071498180276979E-01,  4.7458219000000003E-02,  6.2967399999999999E-04,0
1665,  2.7500000000000002E-01,45,  4.3750000000000000E-01,  6.2500000000000000E-01,5,  6.6267363626984899E-01,44,11,454,451,3,  3.9520676866101040E-01,  9.0800000000000003E-01,  9.0200000000000002E-01,  5.5071498180276979E-01,  4.5618556999999997E-02,  6.7766099999999998E-04,0
1666,  2.7500000000000002E-01,45,  4.3750000000000000E-01,  8.1250000000000000E-01,1,  6.6267363626984899E-01,44,9,451,451,0,  4.5411202514401583E-01,  9.0200000000000002E-01,  9.0200000000000002E-01,  6.0409322988844205E-01,  4.7479662999999998E-02,  8.3514699999999995E-04,0
1667,  2.7500000000000002E-01,45,  4.3750000000000000E-01,  8.1250000000000000E-01,2,  6.6267363626984899E-01,44,10,452,451,1,  4.2311242477431082E-01,  9.0400000000000003E-01,  9.0200000000000002E-01,  5.7642988620353541E-01,  4.7660397000000000E-02,  6.4545300000000004E-04,0
1668,  2.7500000000000002E-01,45,  4.3750000000000000E-01,  8.1250000000000000E-01,3,  6.6267363626984899E-01,44,11,454,451,3,  3.9520676866101040E-01,  9.0800000000000003E-01,  9.0200000000000002E-01,  5.5071498180276979E-01,  4.3927132000000001E-02,  6.4815300000000005E-04,0
1669,  2.7500000000000002E-01,45,  4.3750000000000000E-01,  8.1250000000000000E-01,4,  6.6267363626984899E-01,44,11,454,451,3,  3.9520676866101040E-01,  9.0800000000000003E-01,  9.0200000000000002E-01,  5.5071498180276979E-01,  4.6465983000000002E-02,  6.8335599999999998E-04,0
1670,  2.7500000000000002E-01,45,  4.3750000000000000E-01,  8.1250000000000000E-01,5,  6.6267363626984899E-01,44,11,454,451,3,  3.9520676866101040E-01,  9.0800000000000003E-01,  9.0200000000000002E-01,  5.5071498180276979E-01,  4.6126063000000002E-02,  6.6069600000000000E-04,0
1671,  2.7500000000000002E-01,45,  4.3750000000000000E-01,  1.0000000000000000E+00,1,  6.6267363626984899E-01,44,9,451,451,0,  4.5411202514401583E-01,  9.0200000000000002E-01,  9.0200000000000002E-01,  6.0409322988844205E-01,  4.5309271999999998E-02,  6.4993799999999997E-04,0
1672,  2.7500000000000002E-01,45,  4.3750000000000000E-01,  1.0000000000000000E+00,2,  6.6267363626984899E-01,44,10,452,451,1,  4.2311242477431082E-01,  9.0400000000000003E-01,  9.0200000000000002E-01,  5.7642988620353541E-01,  4.6773190999999999E-02,  6.6089199999999995E-04,0
1673,  2.7500000000000002E-01,45,  4.3750000000000000E-01,  1.0000000000000000E+00,3,  6.6267363626984899E-01,44,11,454,451,3,  3.9520676866101040E-01,  9.0800000000000003E-01,  9.0200000000000002E-01,  5.5071498180276979E-01,  4.5996902999999999E-02,  6.9050999999999997E-04,0
1674,  2.7500000000000002E-01,45,  4.3750000000000000E-01,  1.0000000000000000E+00,4,  6.6267363626984899E-01,44,11,454,451,3,  3.9520676866101040E-01,  9.0800000000000003E-01,  9.0200000000000002E-01,  5.5071498180276979E-01,  4.7264324000000003E-02,  6.7154300000000003E-04,0
1675,  2.7500000000000002E-01,45,  4.3750000000000000E-01,  1.0000000000000000E+00,5,  6.6267363626984899E-01,44,11,454,451,3,  3.9520676866101040E-01,  9.0800000000000003E-01,  9.0200000000000002E-01,  5.5071498180276979E-01,  4.6025903000000000E-02,  6.4960899999999999E-04,0
1676,  2.7500000000000002E-01,45,  6.2500000000000000E-01,  2.5000000000000000E-01,1,  6.6267363626984899E-01,44,6,475,475,0,  6.0634360094670325E-01,  9.4999999999999996E-01,  9.4999999999999996E-01,  7.4023039712950134E-01,  5.9576253000000003E-02,  6.8675599999999996E-04,0
1677,  2.7500000000000002E-01,45,  6.2500000000000000E-01,  2.5000000000000000E-01,2,  6.6267363626984899E-01,44,7,476,475,1,  5.5058915152061605E-01,  9.5199999999999996E-01,  9.4999999999999996E-01,  6.9767690218870149E-01,  5.9850489000000000E-02,  6.6307499999999995E-04,0
1678,  2.7500000000000002E-01,45,  6.2500000000000000E-01,  2.5000000000000000E-01,3,  6.6267363626984899E-01,44,7,476,475,1,  5.5058915152061605E-01,  9.5199999999999996E-01,  9.4999999999999996E-01,  6.9767690218870149E-01,  5.9684138999999997E-02,  6.7542600000000002E-04,0
1679,  2.7500000000000002E-01,45,  6.2500000000000000E-01,  2.5000000000000000E-01,4,  6.6267363626984899E-01,44,8,479,475,4,  5.1499640479138054E-01,  9.5799999999999996E-01,  9.4999999999999996E-01,  6.6988154782362508E-01,  6.1672055000000003E-02,  6.9373099999999995E-04,0
1680,  2.7500000000000002E-01,45,  6.2500000000000000E-01,  2.5000000000000000E-01,5,  6.6267363626984899E-01,44,8,479,475,4,  5.1499640479138054E-01,  9.5799999999999996E-01,  9.4999999999999996E-01,  6.6988154782362508E-01,  6.2280878999999997E-02,  6.7723100000000004E-04,0
1681,  2.7500000000000002E-01,45,  6.2500000000000000E-01,  4.3750000000000000E-01,1,  6.6267363626984899E-01,44,6,475,475,0,  6.0634360094670325E-01,  9.4999999999999996E-01,  9.4999999999999996E-01,  7.4023039712950134E-01,  6.1892607000000002E-02,  6.6924100000000000E-04,0
1682,  2.7500000000000002E-01,45,  6.2500000000000000E-01,  4.3750000000000000E-01,2,  6.6267363626984899E-01,44,7,476,475,1,  5.5058915152061605E-01,  9.5199999999999996E-01,  9.4999999999999996E-01,  6.9767690218870149E-01,  6.0330854000000003E-02,  7.0908799999999997E-04,0
1683,  2.7500000000000002E-01,45,  6.2500000000000000E-01,  4.3750000000000000E-01,3,  6.6267363626984899E-01,44,7,476,475,1,  5.5058915152061605E-01,  9.5199999999999996E-01,  9.4999999999999996E-01,  6.9767690218870149E-01,  6.0853641000000000E-02,  6.7056300000000000E-04,0
1684,  2.7500000000000002E-01,45,  6.2500000000000000E-01,  4.3750000000000000E-01,4,  6.6267363626984899E-01,44,8,479,475,4,  5.1499640479138054E-01,  9.5799999999999996E-01,  9.4999999999999996E-01,  6.6988154782362508E-01,  6.0599060000000003E-02,  6.7389000000000001E-04,0
1685,  2.7500000000000002E-01,45,  6.2500000000000000E-01,  4.3750000000000000E-01,5,  6.6267363626984899E-01,44,8,479,475,4,  5.1499640479138054E-01,  9.5799999999999996E-01,  9.4999999999999996E-01,  6.6988154782362508E-01,  6.1652956000000002E-02,  6.6839700000000004E-04,0
1686,  2.7500000000000002E-01,45,  6.2500000000000000E-01,  6.2500000000000000E-01,1,  6.6267363626984899E-01,44,6,475,475,0,  6.0634360094670325E-01,  9.4999999999999996E-01,  9.4999999999999996E-01,  7.4023039712950134E-01,  6.0040692000000000E-02,  6.5431199999999999E-04,0
1687,  2.7500000000000002E-01,45,  6.2500000000000000E-01,  6.2500000000000000E-01,2,  6.6267363626984899E-01,44,7,476,475,1,  5.5058915152061605E-01,  9.5199999999999996E-01,  9.4999999999999996E-01,  6.9767690218870149E-01,  6.0914944999999998E-02,  6.9848899999999995E-04,0
1688,  2.7500000000000002E-01,45,  6.2500000000000000E-01,  6.2500000000000000E-01,3,  6.6267363626984899E-01,44,7,476,475,1,  5.5058915152061605E-01,  9.5199999999999996E-01,  9.4999999999999996E-01,  6.9767690218870149E-01,  6.2223897000000000E-02,  6.5924500000000003E-04,0
1689,  2.7500000000000002E-01,45,  6.2500000000000000E-01,  6.2500000000000000E-01,4,  6.6267363626984899E-01,44,8,479,475,4,  5.1499640479138054E-01,  9.5799999999999996E-01,  9.4999999999999996E-01,  6.6988154782362508E-01,  6.0682831999999999E-02,  8.2025299999999995E-04,0
1690,  2.7500000000000002E-01,45,  6.2500000000000000E-01,  6.2500000000000000E-01,5,  6.6267363626984899E-01,44,8,479,475,4,  5.1499640479138054E-01,  9.5799999999999996E-01,  9.4999999999999996E-01,  6.6988154782362508E-01,  6.1502089000000003E-02,  6.8006399999999997E-04,0
1691,  2.7500000000000002E-01,45,  6.2500000000000000E-01,  8.1250000000000000E-01,1,  6.6267363626984899E-01,44,6,475,475,0,  6.0634360094670325E-01,  9.4999999999999996E-01,  9.4999999999999996E-01,  7.4023039712950134E-01,  6.0247081000000001E-02,  7.0132199999999999E-04,0
1692,  2.7500000000000002E-01,45,  6.2500000000000000E-01,  8.1250000000000000E-01,2,  6.6267363626984899E-01,44,7,476,475,1,  5.5058915152061605E-01,  9.5199999999999996E-01,  9.4999999999999996E-01,  6.9767690218870149E-01,  6.1691095000000001E-02,  6.9132700000000004E-04,0
1693,  2.7500000000000002E-01,45,  6.2500000000000000E-01,  8.1250000000000000E-01,3,  6.6267363626984899E-01,44,7,476,475,1,  5.5058915152061605E-01,  9.5199999999999996E-01,  9.4999999999999996E-01,  6.9767690218870149E-01,  6.3454435000000003E-02,  6.7541800000000000E-04,0
1694,  2.7500000000000002E-01,45,  6.2500000000000000E-01,  8.1250000000000000E-01,4,  6.6267363626984899E-01,44,8,479,475,4,  5.1499640479138054E-01,  9.5799999999999996E-01,  9.4999999999999996E-01,  6.6988154782362508E-01,  6.2531206000000006E-02,  6.8000600000000003E-04,0
1695,  2.7500000000000002E-01,45,  6.2500000000000000E-01,  8.1250000000000000E-01,5,  6.6267363626984899E-01,44,8,479,475,4,  5.1499640479138054E-01,  9.5799999999999996E-01,  9.4999999999999996E-01,  6.6988154782362508E-01,  6.0582502000000003E-02,  7.1450099999999998E-04,0
1696,  2.7500000000000002E-01,45,  6.2500000000000000E-01,  1.0000000000000000E+00,1,  6.6267363626984899E-01,44,6,475,475,0,  6.0634360094670325E-01,  9.4999999999999996E-01,  9.4999999999999996E-01,  7.4023039712950134E-01,  5.9619154000000001E-02,  7.4962100000000001E-04,0
1697,  2.7500000000000002E-01,45,  6.2500000000000000E-01,  1.0000000000000000E+00,2,  6.6267363626984899E-01,44,7,476,475,1,  5.5058915152061605E-01,  9.5199999999999996E-01,  9.4999999999999996E-01,  6.9767690218870149E-01,  6.0373466000000001E-02,  6.9919100000000005E-04,0
1698,  2.7500000000000002E-01,45,  6.2500000000000000E-01,  1.0000000000000000E+00,3,  6.6267363626984899E-01,44,7,476,475,1,  5.5058915152061605E-01,  9.5199999999999996E-01,  9.4999999999999996E-01,  6.9767690218870149E-01,  6.0580671000000003E-02,  6.7206199999999996E-04,0
1699,  2.7500000000000002E-01,45,  6.2500000000000000E-01,  1.0000000000000000E+00,4,  6.6267363626984899E-01,44,8,479,475,4,  5.1499640479138054E-01,  9.5799999999999996E-01,  9.4999999999999996E-01,  6.6988154782362508E-01,  6.1860862000000003E-02,  7.0000599999999998E-04,0
1700,  2.7500000000000002E-01,45,  6.2500000000000000E-01,  1.0000000000000000E+00,5,  6.6267363626984899E-01,44,8,479,475,4,  5.1499640479138054E-01,  9.5799999999999996E-01,  9.4999999999999996E-01,  6.6988154782362508E-01,  5.8910790999999997E-02,  6.8809999999999997E-04,0
1701,  2.7500000000000002E-01,45,  8.1250000000000000E-01,  2.5000000000000000E-01,1,  6.6267363626984899E-01,44,5,486,486,0,  6.8283382372895451E-01,  9.7199999999999998E-01,  9.7199999999999998E-01,  8.0215241814304816E-01,  6.2817858000000004E-02,  6.6110699999999997E-04,0
1702,  2.7500000000000002E-01,45,  8.1250000000000000E-01,  2.5000000000000000E-01,2,  6.6267363626984899E-01,44,5,486,486,0,  6.8283382372895451E-01,  9.7199999999999998E-01,  9.7199999999999998E-01,  8.0215241814304816E-01,  6.3484961000000006E-02,  6.9799200000000004E-04,0
1703,  2.7500000000000002E-01,45,  8.1250000000000000E-01,  2.5000000000000000E-01,3,  6.6267363626984899E-01,44,5,486,486,0,  6.8283382372895451E-01,  9.7199999999999998E-01,  9.7199999999999998E-01,  8.0215241814304816E-01,  6.1705670999999997E-02,  6.6798300000000003E-04,0
1704,  2.7500000000000002E-01,45,  8.1250000000000000E-01,  2.5000000000000000E-01,4,  6.6267363626984899E-01,44,6,489,486,3,  6.2417008775483995E-01,  9.7799999999999998E-01,  9.7199999999999998E-01,  7.6201440844480584E-01,  6.3725995999999993E-02,  6.7654399999999995E-04,0
1705,  2.7500000000000002E-01,45,  8.1250000000000000E-01,  2.5000000000000000E-01,5,  6.6267363626984899E-01,44,6,489,486,3,  6.2417008775483995E-01,  9.7799999999999998E-01,  9.7199999999999998E-01,  7.6201440844480584E-01,  6.0514711999999998E-02,  6.7935100000000002E-04,0
1706,  2.7500000000000002E-01,45,  8.1250000000000000E-01,  4.3750000000000000E-01,1,  6.6267363626984899E-01,44,5,486,486,0,  6.8283382372895451E-01,  9.7199999999999998E-01,  9.7199999999999998E-01,  8.0215241814304816E-01,  6.0216183999999999E-02,  6.9004899999999998E-04,0
1707,  2.7500000000000002E-01,45,  8.1250000000000000E-01,  4.3750000000000000E-01,2,  6.6267363626984899E-01,44,5,486,486,0,  6.8283382372895451E-01,  9.7199999999999998E-01,  9.7199999999999998E-01,  8.0215241814304816E-01,  6.3600022000000006E-02,  6.7261899999999995E-04,0
1708,  2.7500000000000002E-01,45,  8.1250000000000000E-01,  4.3750000000000000E-01,3,  6.6267363626984899E-01,44,5,486,486,0,  6.8283382372895451E-01,  9.7199999999999998E-01,  9.7199999999999998E-01,  8.0215241814304816E-01,  6.1847041999999998E-02,  6.6991299999999995E-04,0
1709,  2.7500000000000002E-01,45,  8.1250000000000000E-01,  4.3750000000000000E-01,4,  6.6267363626984899E-01,44,6,489,486,3,  6.2417008775483995E-01,  9.7799999999999998E-01,  9.7199999999999998E-01,  7.6201440844480584E-01,  6.4709089999999997E-02,  6.8373999999999996E-04,0
1710,  2.7500000000000002E-01,45,  8.1250000000000000E-01,  4.3750000000000000E-01,5,  6.6267363626984899E-01,44,6,489,486,3,  6.2417008775483995E-01,  9.7799999999999998E-01,  9.7199999999999998E-01,  7.6201440844480584E-01,  6.3473674999999993E-02,  6.9043000000000002E-04,0
1711,  2.7500000000000002E-01,45,  8.1250000000000000E-01,  6.2500000000000000E-01,1,  6.6267363626984899E-01,44,5,486,486,0,  6.8283382372895451E-01,  9.7199999999999998E-01,  9.7199999999999998E-01,  8.0215241814304816E-01,  6.4462425000000004E-02,  6.6962800000000002E-04,0
1712,  2.7500000000000002E-01,45,  8.1250000000000000E-01,  6.2500000000000000E-01,2,  6.6267363626984899E-01,44,5,486,486,0,  6.8283382372895451E-01,  9.7199999999999998E-01,  9.7199999999999998E-01,  8.0215241814304816E-01,  6.2907269000000002E-02,  1.1429200000000000E-03,0
1713,  2.7500000000000002E-01,45,  8.1250000000000000E-01,  6.2500000000000000E-01,3,  6.6267363626984899E-01,44,5,486,486,0,  6.8283382372895451E-01,  9.7199999999999998E-01,  9.7199999999999998E-01,  8.0215241814304816E-01,  6.3746932000000006E-02,  7.3965800000000003E-04,0
1714,  2.7500000000000002E-01,45,  8.1250000000000000E-01,  6.2500000000000000E-01,4,  6.6267363626984899E-01,44,6,489,486,3,  6.2417008775483995E-01,  9.7799999999999998E-01,  9.7199999999999998E-01,  7.6201440844480584E-01,  6.0872167999999997E-02,  7.8909700000000000E-04,0
1715,  2.7500000000000002E-01,45,  8.1250000000000000E-01,  6.2500000000000000E-01,5,  6.6267363626984899E-01,44,6,489,486,3,  6.2417008775483995E-01,  9.7799999999999998E-01,  9.7199999999999998E-01,  7.6201440844480584E-01,  6.2373475999999997E-02,  6.7186500000000001E-04,0
1716,  2.7500000000000002E-01,45,  8.1250000000000000E-01,  8.1250000000000000E-01,1,  6.6267363626984899E-01,44,5,486,486,0,  6.8283382372895451E-01,  9.7199999999999998E-01,  9.7199999999999998E-01,  8.0215241814304816E-01,  6.1516816000000002E-02,  6.7605100000000000E-04,0
1717,  2.7500000000000002E-01,45,  8.1250000000000000E-01,  8.1250000000000000E-01,2,  6.6267363626984899E-01,44,5,486,486,0,  6.8283382372895451E-01,  9.7199999999999998E-01,  9.7199999999999998E-01,  8.0215241814304816E-01,  6.2981408000000003E-02,  7.3057999999999999E-04,0
1718,  2.7500000000000002E-01,45,  8.1250000000000000E-01,  8.1250000000000000E-01,3,  6.6267363626984899E-01,44,5,486,486,0,  6.8283382372895451E-01,  9.7199999999999998E-01,  9.7199999999999998E-01,  8.0215241814304816E-01,  6.2876481999999997E-02,  6.7119200000000003E-04,0
1719,  2.7500000000000002E-01,45,  8.1250000000000000E-01,  8.1250000000000000E-01,4,  6.6267363626984899E-01,44,6,489,486,3,  6.2417008775483995E-01,  9.7799999999999998E-01,  9.7199999999999998E-01,  7.6201440844480584E-01,  6.0408950000000003E-02,  8.3368799999999996E-04,0
1720,  2.7500000000000002E-01,45,  8.1250000000000000E-01,  8.1250000000000000E-01,5,  6.6267363626984899E-01,44,6,489,486,3,  6.2417008775483995E-01,  9.7799999999999998E-01,  9.7199999999999998E-01,  7.6201440844480584E-01,  6.4544596999999995E-02,  6.7751900000000002E-04,0
1721,  2.7500000000000002E-01,45,  8.1250000000000000E-01,  1.0000000000000000E+00,1,  6.6267363626984899E-01,44,5,486,486,0,  6.8283382372895451E-01,  9.7199999999999998E-01,  9.7199999999999998E-01,  8.0215241814304816E-01,  6.3859545000000004E-02,  8.1046199999999997E-04,0
1722,  2.7500000000000002E-01,45,  8.1250000000000000E-01,  1.0000000000000000E+00,2,  6.6267363626984899E-01,44,5,486,486,0,  6.8283382372895451E-01,  9.7199999999999998E-01,  9.7199999999999998E-01,  8.0215241814304816E-01,  6.2865852999999999E-02,  6.7992900000000002E-04,0
1723,  2.7500000000000002E-01,45,  8.1250000000000000E-01,  1.0000000000000000E+00,3,  6.6267363626984899E-01,44,5,486,486,0,  6.8283382372895451E-01,  9.7199999999999998E-01,  9.7199999999999998E-01,  8.0215241814304816E-01,  6.4590454000000005E-02,  8.1648099999999998E-04,0
1724,  2.7500000000000002E-01,45,  8.1250000000000000E-01,  1.0000000000000000E+00,4,  6.6267363626984899E-01,44,6,489,486,3,  6.2417008775483995E-01,  9.7799999999999998E-01,  9.7199999999999998E-01,  7.6201440844480584E-01,  6.2753779999999995E-02,  6.8049899999999999E-04,0
1725,  2.7500000000000002E-01,45,  8.1250000000000000E-01,  1.0000000000000000E+00,5,  6.6267363626984899E-01,44,6,489,486,3,  6.2417008775483995E-01,  9.7799999999999998E-01,  9.7199999999999998E-01,  7.6201440844480584E-01,  6.3682132000000002E-02,  7.7512999999999996E-04,0
1726,  2.7500000000000002E-01,45,  1.0000000000000000E+00,  2.5000000000000000E-01,1,  6.6267363626984899E-01,44,4,495,495,0,  7.6860179684281449E-01,  9.8999999999999999E-01,  9.8999999999999999E-01,  8.6536449609052424E-01,  8.4212692000000006E-02,  6.8944700000000004E-04,0
1727,  2.7500000000000002E-01,45,  1.0000000000000000E+00,  2.5000000000000000E-01,2,  6.6267363626984899E-01,44,4,495,495,0,  7.6860179684281449E-01,  9.8999999999999999E-01,  9.8999999999999999E-01,  8.6536449609052424E-01,  8.4789051000000004E-02,  6.7299000000000005E-04,0
1728,  2.7500000000000002E-01,45,  1.0000000000000000E+00,  2.5000000000000000E-01,3,  6.6267363626984899E-01,44,4,495,495,0,  7.6860179684281449E-01,  9.8999999999999999E-01,  9.8999999999999999E-01,  8.6536449609052424E-01,  8.0584831999999995E-02,  8.0984799999999995E-04,0
1729,  2.7500000000000002E-01,45,  1.0000000000000000E+00,  2.5000000000000000E-01,4,  6.6267363626984899E-01,44,4,495,495,0,  7.6860179684281449E-01,  9.8999999999999999E-01,  9.8999999999999999E-01,  8.6536449609052424E-01,  8.2517826000000002E-02,  7.6925400000000003E-04,0
1730,  2.7500000000000002E-01,45,  1.0000000000000000E+00,  2.5000000000000000E-01,5,  6.6267363626984899E-01,44,4,495,495,0,  7.6860179684281449E-01,  9.8999999999999999E-01,  9.8999999999999999E-01,  8.6536449609052424E-01,  7.9924329000000002E-02,  7.0705699999999998E-04,0
1731,  2.7500000000000002E-01,45,  1.0000000000000000E+00,  4.3750000000000000E-01,1,  6.6267363626984899E-01,44,4,495,495,0,  7.6860179684281449E-01,  9.8999999999999999E-01,  9.8999999999999999E-01,  8.6536449609052424E-01,  8.2749450000000002E-02,  8.4971299999999999E-04,0
1732,  2.7500000000000002E-01,45,  1.0000000000000000E+00,  4.3750000000000000E-01,2,  6.6267363626984899E-01,44,4,495,495,0,  7.6860179684281449E-01,  9.8999999999999999E-01,  9.8999999999999999E-01,  8.6536449609052424E-01,  8.3783739999999995E-02,  6.8119500000000000E-04,0
1733,  2.7500000000000002E-01,45,  1.0000000000000000E+00,  4.3750000000000000E-01,3,  6.6267363626984899E-01,44,4,495,495,0,  7.6860179684281449E-01,  9.8999999999999999E-01,  9.8999999999999999E-01,  8.6536449609052424E-01,  8.4679377000000000E-02,  6.7431900000000005E-04,0
1734,  2.7500000000000002E-01,45,  1.0000000000000000E+00,  4.3750000000000000E-01,4,  6.6267363626984899E-01,44,4,495,495,0,  7.6860179684281449E-01,  9.8999999999999999E-01,  9.8999999999999999E-01,  8.6536449609052424E-01,  8.3815301999999994E-02,  7.2117800000000005E-04,0
1735,  2.7500000000000002E-01,45,  1.0000000000000000E+00,  4.3750000000000000E-01,5,  6.6267363626984899E-01,44,4,495,495,0,  7.6860179684281449E-01,  9.8999999999999999E-01,  9.8999999999999999E-01,  8.6536449609052424E-01,  8.2575983000000006E-02,  6.7708099999999995E-04,0
1736,  2.7500000000000002E-01,45,  1.0000000000000000E+00,  6.2500000000000000E-01,1,  6.6267363626984899E-01,44,4,495,495,0,  7.6860179684281449E-01,  9.8999999999999999E-01,  9.8999999999999999E-01,  8.6536449609052424E-01,  8.1277150000000006E-02,  7.6216200000000004E-04,0
1737,  2.7500000000000002E-01,45,  1.0000000000000000E+00,  6.2500000000000000E-01,2,  6.6267363626984899E-01,44,4,495,495,0,  7.6860179684281449E-01,  9.8999999999999999E-01,  9.8999999999999999E-01,  8.6536449609052424E-01,  8.2641079000000006E-02,  6.7634200000000002E-04,0
1738,  2.7500000000000002E-01,45,  1.0000000000000000E+00,  6.2500000000000000E-01,3,  6.6267363626984899E-01,44,4,495,495,0,  7.6860179684281449E-01,  9.8999999999999999E-01,  9.8999999999999999E-01,  8.6536449609052424E-01,  8.0941274999999993E-02,  6.7058500000000002E-04,0
1739,  2.7500000000000002E-01,45,  1.0000000000000000E+00,  6.2500000000000000E-01,4,  6.6267363626984899E-01,44,4,495,495,0,  7.6860179684281449E-01,  9.8999999999999999E-01,  9.8999999999999999E-01,  8.6536449609052424E-01,  8.1567753000000007E-02,  7.4159400000000004E-04,0
1740,  2.7500000000000002E-01,45,  1.0000000000000000E+00,  6.2500000000000000E-01,5,  6.6267363626984899E-01,44,4,495,495,0,  7.6860179684281449E-01,  9.8999999999999999E-01,  9.8999999999999999E-01,  8.6536449609052424E-01,  8.1373817000000001E-02,  7.0094500000000002E-04,0
1741,  2.7500000000000002E-01,45,  1.0000000000000000E+00,  8.1250000000000000E-01,1,  6.6267363626984899E-01,44,4,495,495,0,  7.6860179684281449E-01,  9.8999999999999999E-01,  9.8999999999999999E-01,  8.6536449609052424E-01,  8.2956514999999995E-02,  6.9958300000000004E-04,0
1742,  2.7500000000000002E-01,45,  1.0000000000000000E+00,  8.1250000000000000E-01,2,  6.6267363626984899E-01,44,4,495,495,0,  7.6860179684281449E-01,  9.8999999999999999E-01,  9.8999999999999999E-01,  8.6536449609052424E-01,  8.2278933999999998E-02,  7.1232200000000004E-04,0
1743,  2.7500000000000002E-01,45,  1.0000000000000000E+00,  8.1250000000000000E-01,3,  6.6267363626984899E-01,44,4,495,495,0,  7.6860179684281449E-01,  9.8999999999999999E-01,  9.8999999999999999E-01,  8.6536449609052424E-01,  9.6767041999999998E-02,  6.8892599999999997E-04,0
1744,  2.7500000000000002E-01,45,  1.0000000000000000E+00,  8.1250000000000000E-01,4,  6.6267363626984899E-01,44,4,495,495,0,  7.6860179684281449E-01,  9.8999999999999999E-01,  9.8999999999999999E-01,  8.6536449609052424E-01,  8.3297181999999997E-02,  6.9135099999999999E-04,0
1745,  2.7500000000000002E-01,45,  1.0000000000000000E+00,  8.1250000000000000E-01,5,  6.6267363626984899E-01,44,4,495,495,0,  7.6860179684281449E-01,  9.8999999999999999E-01,  9.8999999999999999E-01,  8.6536449609052424E-01,  8.2259892000000001E-02,  6.7215099999999996E-04,0
1746,  2.7500000000000002E-01,45,  1.0000000000000000E+00,  1.0000000000000000E+00,1,  6.6267363626984899E-01,44,4,495,495,0,  7.6860179684281449E-01,  9.8999999999999999E-01,  9.8999999999999999E-01,  8.6536449609052424E-01,  8.3632370999999997E-02,  7.0605400000000001E-04,0
1747,  2.7500000000000002E-01,45,  1.0000000000000000E+00,  1.0000000000000000E+00,2,  6.6267363626984899E-01,44,4,495,495,0,  7.6860179684281449E-01,  9.8999999999999999E-01,  9.8999999999999999E-01,  8.6536449609052424E-01,  8.3534409000000004E-02,  7.2641100000000005E-04,0
1748,  2.7500000000000002E-01,45,  1.0000000000000000E+00,  1.0000000000000000E+00,3,  6.6267363626984899E-01,44,4,495,495,0,  7.6860179684281449E-01,  9.8999999999999999E-01,  9.8999999999999999E-01,  8.6536449609052424E-01,  8.0079925999999996E-02,  6.8349899999999996E-04,0
1749,  2.7500000000000002E-01,45,  1.0000000000000000E+00,  1.0000000000000000E+00,4,  6.6267363626984899E-01,44,4,495,495,0,  7.6860179684281449E-01,  9.8999999999999999E-01,  9.8999999999999999E-01,  8.6536449609052424E-01,  9.1526497999999998E-02,  7.3804999999999997E-04,0
1750,  2.7500000000000002E-01,45,  1.0000000000000000E+00,  1.0000000000000000E+00,5,  6.6267363626984899E-01,44,4,495,495,0,  7.6860179684281449E-01,  9.8999999999999999E-01,  9.8999999999999999E-01,  8.6536449609052424E-01,  8.2512350999999998E-02,  6.7573999999999998E-04,0
1751,  2.7500000000000002E-01,55,  2.5000000000000000E-01,  2.5000000000000000E-01,1,  6.6267363626984899E-01,37,18,420,420,0,  1.9828882215345286E-01,  8.3999999999999997E-01,  8.3999999999999997E-01,  3.2084061208218123E-01,  2.9865116000000001E-02,  6.5539500000000002E-04,0
1752,  2.7500000000000002E-01,55,  2.5000000000000000E-01,  2.5000000000000000E-01,2,  6.6267363626984899E-01,37,19,421,420,1,  1.8943872694328526E-01,  8.4199999999999997E-01,  8.3999999999999997E-01,  3.0929109780268488E-01,  2.8872183999999999E-02,  6.3806900000000001E-04,0
1753,  2.7500000000000002E-01,55,  2.5000000000000000E-01,  2.5000000000000000E-01,3,  6.6267363626984899E-01,37,19,421,420,1,  1.8943872694328526E-01,  8.4199999999999997E-01,  8.3999999999999997E-01,  3.0929109780268488E-01,  2.8621952999999999E-02,  6.2952899999999998E-04,0
1754,  2.7500000000000002E-01,55,  2.5000000000000000E-01,  2.5000000000000000E-01,4,  6.6267363626984899E-01,37,19,421,420,1,  1.8943872694328526E-01,  8.4199999999999997E-01,  8.3999999999999997E-01,  3.0929109780268488E-01,  3.0502927999999999E-02,  6.2102700000000002E-04,0
1755,  2.7500000000000002E-01,55,  2.5000000000000000E-01,  2.5000000000000000E-01,5,  6.6267363626984899E-01,37,19,421,420,1,  1.8943872694328526E-01,  8.4199999999999997E-01,  8.3999999999999997E-01,  3.0929109780268488E-01,  2.9971152000000001E-02,  6.3024800000000003E-04,0
1756,  2.7500000000000002E-01,55,  2.5000000000000000E-01,  4.3750000000000000E-01,1,  6.6267363626984899E-01,37,18,420,420,0,  1.9828882215345286E-01,  8.3999999999999997E-01,  8.3999999999999997E-01,  3.2084061208218123E-01,  3.0036088999999998E-02,  8.8579499999999999E-04,0
1757,  2.7500000000000002E-01,55,  2.5000000000000000E-01,  4.3750000000000000E-01,2,  6.6267363626984899E-01,37,19,421,420,1,  1.8943872694328526E-01,  8.4199999999999997E-01,  8.3999999999999997E-01,  3.0929109780268488E-01,  2.9205862999999999E-02,  6.4401599999999997E-04,0
1758,  2.7500000000000002E-01,55,  2.5000000000000000E-01,  4.3750000000000000E-01,3,  6.6267363626984899E-01,37,19,421,420,1,  1.8943872694328526E-01,  8.4199999999999997E-01,  8.3999999999999997E-01,  3.0929109780268488E-01,  3.6995433000000001E-02,  6.5315299999999996E-04,0
1759,  2.7500000000000002E-01,55,  2.5000000000000000E-01,  4.3750000000000000E-01,4,  6.6267363626984899E-01,37,19,421,420,1,  1.8943872694328526E-01,  8.4199999999999997E-01,  8.3999999999999997E-01,  3.0929109780268488E-01,  3.7885979000000000E-02,  6.3814700000000004E-04,0
1760,  2.7500000000000002E-01,55,  2.5000000000000000E-01,  4.3750000000000000E-01,5,  6.6267363626984899E-01,37,19,421,420,1,  1.8943872694328526E-01,  8.4199999999999997E-01,  8.3999999999999997E-01,  3.0929109780268488E-01,  2.9511707000000002E-02,  6.4059700000000002E-04,0
1761,  2.7500000000000002E-01,55,  2.5000000000000000E-01,  6.2500000000000000E-01,1,  6.6267363626984899E-01,37,18,420,420,0,  1.9828882215345286E-01,  8.3999999999999997E-01,  8.3999999999999997E-01,  3.2084061208218123E-01,  2.9388811000000001E-02,  6.3903500000000004E-04,0
1762,  2.7500000000000002E-01,55,  2.5000000000000000E-01,  6.2500000000000000E-01,2,  6.6267363626984899E-01,37,19,421,420,1,  1.8943872694328526E-01,  8.4199999999999997E-01,  8.3999999999999997E-01,  3.0929109780268488E-01,  2.9491191000000000E-02,  6.5879700000000003E-04,0
1763,  2.7500000000000002E-01,55,  2.5000000000000000E-01,  6.2500000000000000E-01,3,  6.6267363626984899E-01,37,19,421,420,1,  1.8943872694328526E-01,  8.4199999999999997E-01,  8.3999999999999997E-01,  3.0929109780268488E-01,  2.9359234000000001E-02,  6.1969100000000001E-04,0
1764,  2.7500000000000002E-01,55,  2.5000000000000000E-01,  6.2500000000000000E-01,4,  6.6267363626984899E-01,37,19,421,420,1,  1.8943872694328526E-01,  8.4199999999999997E-01,  8.3999999999999997E-01,  3.0929109780268488E-01,  2.9013970000000000E-02,  6.2147000000000005E-04,0
1765,  2.7500000000000002E-01,55,  2.5000000000000000E-01,  6.2500000000000000E-01,5,  6.6267363626984899E-01,37,19,421,420,1,  1.8943872694328526E-01,  8.4199999999999997E-01,  8.3999999999999997E-01,  3.0929109780268488E-01,  2.9216783999999999E-02,  7.7039600000000001E-04,0
1766,  2.7500000000000002E-01,55,  2.5000000000000000E-01,  8.1250000000000000E-01,1,  6.6267363626984899E-01,37,18,420,420,0,  1.9828882215345286E-01,  8.3999999999999997E-01,  8.3999999999999997E-01,  3.2084061208218123E-01,  2.9173482000000001E-02,  7.0198000000000005E-04,0
1767,  2.7500000000000002E-01,55,  2.5000000000000000E-01,  8.1250000000000000E-01,2,  6.6267363626984899E-01,37,19,421,420,1,  1.8943872694328526E-01,  8.4199999999999997E-01,  8.3999999999999997E-01,  3.0929109780268488E-01,  2.9282392000000001E-02,  6.6043600000000003E-04,0
1768,  2.7500000000000002E-01,55,  2.5000000000000000E-01,  8.1250000000000000E-01,3,  6.6267363626984899E-01,37,19,421,420,1,  1.8943872694328526E-01,  8.4199999999999997E-01,  8.3999999999999997E-01,  3.0929109780268488E-01,  2.9553934000000000E-02,  6.4976599999999997E-04,0
1769,  2.7500000000000002E-01,55,  2.5000000000000000E-01,  8.1250000000000000E-01,4,  6.6267363626984899E-01,37,19,421,420,1,  1.8943872694328526E-01,  8.4199999999999997E-01,  8.3999999999999997E-01,  3.0929109780268488E-01,  3.0370141000000000E-02,  7.2909699999999995E-04,0
1770,  2.7500000000000002E-01,55,  2.5000000000000000E-01,  8.1250000000000000E-01,5,  6.6267363626984899E-01,37,19,421,420,1,  1.8943872694328526E-01,  8.4199999999999997E-01,  8.3999999999999997E-01,  3.0929109780268488E-01,  2.9420340999999999E-02,  6.3021300000000002E-04,0
1771,  2.7500000000000002E-01,55,  2.5000000000000000E-01,  1.0000000000000000E+00,1,  6.6267363626984899E-01,37,18,420,420,0,  1.9828882215345286E-01,  8.3999999999999997E-01,  8.3999999999999997E-01,  3.2084061208218123E-01,  2.8367554000000000E-02,  6.1831199999999998E-04,0
1772,  2.7500000000000002E-01,55,  2.5000000000000000E-01,  1.0000000000000000E+00,2,  6.6267363626984899E-01,37,19,421,420,1,  1.8943872694328526E-01,  8.4199999999999997E-01,  8.3999999999999997E-01,  3.0929109780268488E-01,  2.9010912000000000E-02,  6.3859500000000005E-04,0
1773,  2.7500000000000002E-01,55,  2.5000000000000000E-01,  1.0000000000000000E+00,3,  6.6267363626984899E-01,37,19,421,420,1,  1.8943872694328526E-01,  8.4199999999999997E-01,  8.3999999999999997E-01,  3.0929109780268488E-01,  2.8095487999999998E-02,  6.4842199999999995E-04,0
1774,  2.7500000000000002E-01,55,  2.5000000000000000E-01,  1.0000000000000000E+00,4,  6.6267363626984899E-01,37,19,421,420,1,  1.8943872694328526E-01,  8.4199999999999997E-01,  8.3999999999999997E-01,  3.0929109780268488E-01,  2.8599533999999999E-02,  6.1981899999999997E-04,0
1775,  2.7500000000000002E-01,55,  2.5000000000000000E-01,  1.0000000000000000E+00,5,  6.6267363626984899E-01,37,19,421,420,1,  1.8943872694328526E-01,  8.4199999999999997E-01,  8.3999999999999997E-01,  3.0929109780268488E-01,  2.9375829999999999E-02,  6.3475200000000004E-04,0
1776,  2.7500000000000002E-01,55,  4.3750000000000000E-01,  2.5000000000000000E-01,1,  6.6267363626984899E-01,37,12,451,451,0,  3.6587585915291271E-01,  9.0200000000000002E-01,  9.0200000000000002E-01,  5.2058728395762455E-01,  4.0281523000000000E-02,  6.6468699999999996E-04,0
1777,  2.7500000000000002E-01,55,  4.3750000000000000E-01,  2.5000000000000000E-01,2,  6.6267363626984899E-01,37,13,452,451,1,  3.4373832857416570E-01,  9.0400000000000003E-01,  9.0200000000000002E-01,  4.9808432091068106E-01,  3.7718069999999999E-02,  6.4793900000000005E-04,0
1778,  2.7500000000000002E-01,55,  4.3750000000000000E-01,  2.5000000000000000E-01,3,  6.6267363626984899E-01,37,13,452,451,1,  3.4373832857416570E-01,  9.0400000000000003E-01,  9.0200000000000002E-01,  4.9808432091068106E-01,  3.7830128999999997E-02,  6.3746799999999998E-04,0
1779,  2.7500000000000002E-01,55,  4.3750000000000000E-01,  2.5000000000000000E-01,4,  6.6267363626984899E-01,37,13,452,451,1,  3.4373832857416570E-01,  9.0400000000000003E-01,  9.0200000000000002E-01,  4.9808432091068106E-01,  4.1666491000000000E-02,  7.7581299999999998E-04,0
1780,  2.7500000000000002E-01,55,  4.3750000000000000E-01,  2.5000000000000000E-01,5,  6.6267363626984899E-01,37,13,452,451,1,  3.4373832857416570E-01,  9.0400000000000003E-01,  9.0200000000000002E-01,  4.9808432091068106E-01,  3.7422470999999999E-02,  6.6306299999999998E-04,0
1781,  2.7500000000000002E-01,55,  4.3750000000000000E-01,  4.3750000000000000E-01,1,  6.6267363626984899E-01,37,12,451,451,0,  3.6587585915291271E-01,  9.0200000000000002E-01,  9.0200000000000002E-01,  5.2058728395762455E-01,  3.6697548000000003E-02,  6.5244900000000004E-04,0
1782,  2.7500000000000002E-01,55,  4.3750000000000000E-01,  4.3750000000000000E-01,2,  6.6267363626984899E-01,37,13,452,451,1,  3.4373832857416570E-01,  9.0400000000000003E-01,  9.0200000000000002E-01,  4.9808432091068106E-01,  3.7155399999999998E-02,  6.3925799999999997E-04,0
1783,  2.7500000000000002E-01,55,  4.3750000000000000E-01,  4.3750000000000000E-01,3,  6.6267363626984899E-01,37,13,452,451,1,  3.4373832857416570E-01,  9.0400000000000003E-01,  9.0200000000000002E-01,  4.9808432091068106E-01,  3.8005223999999997E-02,  6.8762800000000002E-04,0
1784,  2.7500000000000002E-01,55,  4.3750000000000000E-01,  4.3750000000000000E-01,4,  6.6267363626984899E-01,37,13,452,451,1,  3.4373832857416570E-01,  9.0400000000000003E-01,  9.0200000000000002E-01,  4.9808432091068106E-01,  3.7268009999999997E-02,  6.3849899999999995E-04,0
1785,  2.7500000000000002E-01,55,  4.3750000000000000E-01,  4.3750000000000000E-01,5,  6.6267363626984899E-01,37,13,452,451,1,  3.4373832857416570E-01,  9.0400000000000003E-01,  9.0200000000000002E-01,  4.9808432091068106E-01,  3.6999995000000001E-02,  8.1744000000000001E-04,0
1786,  2.7500000000000002E-01,55,  4.3750000000000000E-01,  6.2500000000000000E-01,1,  6.6267363626984899E-01,37,12,451,451,0,  3.6587585915291271E-01,  9.0200000000000002E-01,  9.0200000000000002E-01,  5.2058728395762455E-01,  3.8906332000000002E-02,  6.4486600000000002E-04,0
1787,  2.7500000000000002E-01,55,  4.3750000000000000E-01,  6.2500000000000000E-01,2,  6.6267363626984899E-01,37,13,452,451,1,  3.4373832857416570E-01,  9.0400000000000003E-01,  9.0200000000000002E-01,  4.9808432091068106E-01,  3.6917743000000003E-02,  9.0329600000000005E-04,0
1788,  2.7500000000000002E-01,55,  4.3750000000000000E-01,  6.2500000000000000E-01,3,  6.6267363626984899E-01,37,13,452,451,1,  3.4373832857416570E-01,  9.0400000000000003E-01,  9.0200000000000002E-01,  4.9808432091068106E-01,  3.8267506000000000E-02,  6.8084899999999997E-04,0
1789,  2.7500000000000002E-01,55,  4.3750000000000000E-01,  6.2500000000000000E-01,4,  6.6267363626984899E-01,37,13,452,451,1,  3.4373832857416570E-01,  9.0400000000000003E-01,  9.0200000000000002E-01,  4.9808432091068106E-01,  3.7995664999999998E-02,  9.3802700000000002E-04,0
1790,  2.7500000000000002E-01,55,  4.3750000000000000E-01,  6.2500000000000000E-01,5,  6.6267363626984899E-01,37,13,452,451,1,  3.4373832857416570E-01,  9.0400000000000003E-01,  9.0200000000000002E-01,  4.9808432091068106E-01,  3.6765079999999999E-02,  6.7835499999999995E-04,0
1791,  2.7500000000000002E-01,55,  4.3750000000000000E-01,  8.1250000000000000E-01,1,  6.6267363626984899E-01,37,12,451,451,0,  3.6587585915291271E-01,  9.0200000000000002E-01,  9.0200000000000002E-01,  5.2058728395762455E-01,  3.7147271000000003E-02,  6.3658800000000000E-04,0
1792,  2.7500000000000002E-01,55,  4.3750000000000000E-01,  8.1250000000000000E-01,2,  6.6267363626984899E-01,37,13,452,451,1,  3.4373832857416570E-01,  9.0400000000000003E-01,  9.0200000000000002E-01,  4.9808432091068106E-01,  3.5962832000000000E-02,  6.6863500000000000E-04,0
1793,  2.7500000000000002E-01,55,  4.3750000000000000E-01,  8.1250000000000000E-01,3,  6.6267363626984899E-01,37,13,452,451,1,  3.4373832857416570E-01,  9.0400000000000003E-01,  9.0200000000000002E-01,  4.9808432091068106E-01,  3.6587385000000000E-02,  6.8127499999999996E-04,0
1794,  2.7500000000000002E-01,55,  4.3750000000000000E-01,  8.1250000000000000E-01,4,  6.6267363626984899E-01,37,13,452,451,1,  3.4373832857416570E-01,  9.0400000000000003E-01,  9.0200000000000002E-01,  4.9808432091068106E-01,  3.8897365000000003E-02,  6.6847300000000005E-04,0
1795,  2.7500000000000002E-01,55,  4.3750000000000000E-01,  8.1250000000000000E-01,5,  6.6267363626984899E-01,37,13,452,451,1,  3.4373832857416570E-01,  9.0400000000000003E-01,  9.0200000000000002E-01,  4.9808432091068106E-01,  3.7524422000000002E-02,  7.0641900000000001E-04,0
1796,  2.7500000000000002E-01,55,  4.3750000000000000E-01,  1.0000000000000000E+00,1,  6.6267363626984899E-01,37,12,451,451,0,  3.6587585915291271E-01,  9.0200000000000002E-01,  9.0200000000000002E-01,  5.2058728395762455E-01,  3.6849460000000001E-02,  7.9606700000000002E-04,0
1797,  2.7500000000000002E-01,55,  4.3750000000000000E-01,  1.0000000000000000E+00,2,  6.6267363626984899E-01,37,13,452,451,1,  3.4373832857416570E-01,  9.0400000000000003E-01,  9.0200000000000002E-01,  4.9808432091068106E-01,  3.7177396000000001E-02,  7.1328500000000003E-04,0
1798,  2.7500000000000002E-01,55,  4.3750000000000000E-01,  1.0000000000000000E+00,3,  6.6267363626984899E-01,37,13,452,451,1,  3.4373832857416570E-01,  9.0400000000000003E-01,  9.0200000000000002E-01,  4.9808432091068106E-01,  3.8238340000000003E-02,  6.3513000000000003E-04,0
1799,  2.7500000000000002E-01,55,  4.3750000000000000E-01,  1.0000000000000000E+00,4,  6.6267363626984899E-01,37,13,452,451,1,  3.4373832857416570E-01,  9.0400000000000003E-01,  9.0200000000000002E-01,  4.9808432091068106E-01,  3.7683755999999999E-02,  7.3040500000000005E-04,0
1800,  2.7500000000000002E-01,55,  4.3750000000000000E-01,  1.0000000000000000E+00,5,  6.6267363626984899E-01,37,13,452,451,1,  3.4373832857416570E-01,  9.0400000000000003E-01,  9.0200000000000002E-01,  4.9808432091068106E-01,  3.6496189999999998E-02,  6.8424999999999996E-04,0
1801,  2.7500000000000002E-01,55,  6.2500000000000000E-01,  2.5000000000000000E-01,1,  6.6267363626984899E-01,37,7,481,481,0,  5.7302428309160125E-01,  9.6199999999999997E-01,  9.6199999999999997E-01,  7.1822884680870558E-01,  4.9685644000000001E-02,  7.3514299999999995E-04,0
1802,  2.7500000000000002E-01,55,  6.2500000000000000E-01,  2.5000000000000000E-01,2,  6.6267363626984899E-01,37,8,482,481,1,  5.3313307049292047E-01,  9.6399999999999997E-01,  9.6199999999999997E-01,  6.8656593069040173E-01,  5.0078137000000002E-02,  6.6984599999999998E-04,0
1803,  2.7500000000000002E-01,55,  6.2500000000000000E-01,  2.5000000000000000E-01,3,  6.6267363626984899E-01,37,8,482,481,1,  5.3313307049292047E-01,  9.6399999999999997E-01,  9.6199999999999997E-01,  6.8656593069040173E-01,  4.9537679000000001E-02,  8.2619400000000004E-04,0
1804,  2.7500000000000002E-01,55,  6.2500000000000000E-01,  2.5000000000000000E-01,4,  6.6267363626984899E-01,37,9,485,481,4,  4.8823185575645289E-01,  9.6999999999999997E-01,  9.6199999999999997E-01,  6.4953306048589743E-01,  5.2558109999999998E-02,  1.0535500000000001E-03,0
1805,  2.7500000000000002E-01,55,  6.2500000000000000E-01,  2.5000000000000000E-01,5,  6.6267363626984899E-01,37,9,485,481,4,  4.8823185575645289E-01,  9.6999999999999997E-01,  9.6199999999999997E-01,  6.4953306048589743E-01,  5.1833189000000002E-02,  6.9248300000000003E-04,0
1806,  2.7500000000000002E-01,55,  6.2500000000000000E-01,  4.3750000000000000E-01,1,  6.6267363626984899E-01,37,7,481,481,0,  5.7302428309160125E-01,  9.6199999999999997E-01,  9.6199999999999997E-01,  7.1822884680870558E-01,  5.2535310000000002E-02,  6.8797200000000002E-04,0
1807,  2.7500000000000002E-01,55,  6.2500000000000000E-01,  4.3750000000000000E-01,2,  6.6267363626984899E-01,37,8,482,481,1,  5.3313307049292047E-01,  9.6399999999999997E-01,  9.6199999999999997E-01,  6.8656593069040173E-01,  4.9565695000000000E-02,  6.6929999999999995E-04,0
1808,  2.7500000000000002E-01,55,  6.2500000000000000E-01,  4.3750000000000000E-01,3,  6.6267363626984899E-01,37,8,482,481,1,  5.3313307049292047E-01,  9.6399999999999997E-01,  9.6199999999999997E-01,  6.8656593069040173E-01,  4.8998039000000000E-02,  6.7661999999999996E-04,0
1809,  2.7500000000000002E-01,55,  6.2500000000000000E-01,  4.3750000000000000E-01,4,  6.6267363626984899E-01,37,9,485,481,4,  4.8823185575645289E-01,  9.6999999999999997E-01,  9.6199999999999997E-01,  6.4953306048589743E-01,  4.9082048000000003E-02,  6.6915099999999999E-04,0
1810,  2.7500000000000002E-01,55,  6.2500000000000000E-01,  4.3750000000000000E-01,5,  6.6267363626984899E-01,37,9,485,481,4,  4.8823185575645289E-01,  9.6999999999999997E-01,  9.6199999999999997E-01,  6.4953306048589743E-01,  5.1513133000000003E-02,  6.7665200000000003E-04,0
1811,  2.7500000000000002E-01,55,  6.2500000000000000E-01,  6.2500000000000000E-01,1,  6.6267363626984899E-01,37,7,481,481,0,  5.7302428309160125E-01,  9.6199999999999997E-01,  9.6199999999999997E-01,  7.1822884680870558E-01,  5.0238862000000002E-02,  8.3769300000000003E-04,0
1812,  2.7500000000000002E-01,55,  6.2500000000000000E-01,  6.2500000000000000E-01,2,  6.6267363626984899E-01,37,8,482,481,1,  5.3313307049292047E-01,  9.6399999999999997E-01,  9.6199999999999997E-01,  6.8656593069040173E-01,  4.9624213000000000E-02,  6.7179800000000003E-04,0
1813,  2.7500000000000002E-01,55,  6.2500000000000000E-01,  6.2500000000000000E-01,3,  6.6267363626984899E-01,37,8,482,481,1,  5.3313307049292047E-01,  9.6399999999999997E-01,  9.6199999999999997E-01,  6.8656593069040173E-01,  5.0923219999999998E-02,  7.2536900000000001E-04,0
1814,  2.7500000000000002E-01,55,  6.2500000000000000E-01,  6.2500000000000000E-01,4,  6.6267363626984899E-01,37,9,485,481,4,  4.8823185575645289E-01,  9.6999999999999997E-01,  9.6199999999999997E-01,  6.4953306048589743E-01,  5.0390562999999999E-02,  6.7444300000000005E-04,0
1815,  2.7500000000000002E-01,55,  6.2500000000000000E-01,  6.2500000000000000E-01,5,  6.6267363626984899E-01,37,9,485,481,4,  4.8823185575645289E-01,  9.6999999999999997E-01,  9.6199999999999997E-01,  6.4953306048589743E-01,  4.8060244000000002E-02,  6.8388599999999998E-04,0
1816,  2.7500000000000002E-01,55,  6.2500000000000000E-01,  8.1250000000000000E-01,1,  6.6267363626984899E-01,37,7,481,481,0,  5.7302428309160125E-01,  9.6199999999999997E-01,  9.6199999999999997E-01,  7.1822884680870558E-01,  4.9184106999999998E-02,  7.0292900000000003E-04,0
1817,  2.7500000000000002E-01,55,  6.2500000000000000E-01,  8.1250000000000000E-01,2,  6.6267363626984899E-01,37,8,482,481,1,  5.3313307049292047E-01,  9.6399999999999997E-01,  9.6199999999999997E-01,  6.8656593069040173E-01,  4.8883916999999999E-02,  6.7554900000000001E-04,0
1818,  2.7500000000000002E-01,55,  6.2500000000000000E-01,  8.1250000000000000E-01,3,  6.6267363626984899E-01,37,8,482,481,1,  5.3313307049292047E-01,  9.6399999999999997E-01,  9.6199999999999997E-01,  6.8656593069040173E-01,  5.1796684000000003E-02,  6.7381400000000001E-04,0
1819,  2.7500000000000002E-01,55,  6.2500000000000000E-01,  8.1250000000000000E-01,4,  6.6267363626984899E-01,37,9,485,481,4,  4.8823185575645289E-01,  9.6999999999999997E-01,  9.6199999999999997E-01,  6.4953306048589743E-01,  4.9416232999999997E-02,  7.5434899999999997E-04,0
1820,  2.7500000000000002E-01,55,  6.2500000000000000E-01,  8.1250000000000000E-01,5,  6.6267363626984899E-01,37,9,485,481,4,  4.8823185575645289E-01,  9.6999999999999997E-01,  9.6199999999999997E-01,  6.4953306048589743E-01,  4.9380694000000003E-02,  7.5290199999999995E-04,0
1821,  2.7500000000000002E-01,55,  6.2500000000000000E-01,  1.0000000000000000E+00,1,  6.6267363626984899E-01,37,7,481,481,0,  5.7302428309160125E-01,  9.6199999999999997E-01,  9.6199999999999997E-01,  7.1822884680870558E-01,  5.2314382000000000E-02,  6.6907100000000003E-04,0
1822,  2.7500000000000002E-01,55,  6.2500000000000000E-01,  1.0000000000000000E+00,2,  6.6267363626984899E-01,37,8,482,481,1,  5.3313307049292047E-01,  9.6399999999999997E-01,  9.6199999999999997E-01,  6.8656593069040173E-01,  5.0860651999999999E-02,  7.4810999999999996E-04,0
1823,  2.7500000000000002E-01,55,  6.2500000000000000E-01,  1.0000000000000000E+00,3,  6.6267363626984899E-01,37,8,482,481,1,  5.3313307049292047E-01,  9.6399999999999997E-01,  9.6199999999999997E-01,  6.8656593069040173E-01,  5.2153875000000002E-02,  7.1505600000000005E-04,0
1824,  2.7500000000000002E-01,55,  6.2500000000000000E-01,  1.0000000000000000E+00,4,  6.6267363626984899E-01,37,9,485,481,4,  4.8823185575645289E-01,  9.6999999999999997E-01,  9.6199999999999997E-01,  6.4953306048589743E-01,  5.1074185000000001E-02,  6.9710400000000004E-04,0
1825,  2.7500000000000002E-01,55,  6.2500000000000000E-01,  1.0000000000000000E+00,5,  6.6267363626984899E-01,37,9,485,481,4,  4.8823185575645289E-01,  9.6999999999999997E-01,  9.6199999999999997E-01,  6.4953306048589743E-01,  4.8128173000000003E-02,  6.6419899999999997E-04,0
1826,  2.7500000000000002E-01,55,  8.1250000000000000E-01,  2.5000000000000000E-01,1,  6.6267363626984899E-01,37,4,490,490,0,  7.6282743473365389E-01,  9.7999999999999998E-01,  9.7999999999999998E-01,  8.5788285304704037E-01,  5.5157821000000003E-02,  7.1379799999999997E-04,0
1827,  2.7500000000000002E-01,55,  8.1250000000000000E-01,  2.5000000000000000E-01,2,  6.6267363626984899E-01,37,6,492,490,2,  6.3360222633690344E-01,  9.8399999999999999E-01,  9.7999999999999998E-01,  7.7085031235072243E-01,  5.6719435999999998E-02,  6.8386800000000002E-04,0
1828,  2.7500000000000002E-01,55,  8.1250000000000000E-01,  2.5000000000000000E-01,3,  6.6267363626984899E-01,37,6,492,490,2,  6.3360222633690344E-01,  9.8399999999999999E-01,  9.7999999999999998E-01,  7.7085031235072243E-01,  5.5730150999999999E-02,  6.8890599999999998E-04,0
1829,  2.7500000000000002E-01,55,  8.1250000000000000E-01,  2.5000000000000000E-01,4,  6.6267363626984899E-01,37,8,498,490,8,  5.4125640299538780E-01,  9.9600000000000000E-01,  9.7999999999999998E-01,  7.0136819899786573E-01,  5.4088896999999997E-02,  6.9939100000000005E-04,0
1830,  2.7500000000000002E-01,55,  8.1250000000000000E-01,  2.5000000000000000E-01,5,  6.6267363626984899E-01,37,8,498,490,8,  5.4125640299538780E-01,  9.9600000000000000E-01,  9.7999999999999998E-01,  7.0136819899786573E-01,  5.3805674999999997E-02,  7.1924599999999999E-04,0
1831,  2.7500000000000002E-01,55,  8.1250000000000000E-01,  4.3750000000000000E-01,1,  6.6267363626984899E-01,37,4,490,490,0,  7.6282743473365389E-01,  9.7999999999999998E-01,  9.7999999999999998E-01,  8.5788285304704037E-01,  5.3894065999999997E-02,  6.8255400000000004E-04,0
1832,  2.7500000000000002E-01,55,  8.1250000000000000E-01,  4.3750000000000000E-01,2,  6.6267363626984899E-01,37,6,492,490,2,  6.3360222633690344E-01,  9.8399999999999999E-01,  9.7999999999999998E-01,  7.7085031235072243E-01,  5.5660541000000001E-02,  6.5700999999999997E-04,0
1833,  2.7500000000000002E-01,55,  8.1250000000000000E-01,  4.3750000000000000E-01,3,  6.6267363626984899E-01,37,6,492,490,2,  6.3360222633690344E-01,  9.8399999999999999E-01,  9.7999999999999998E-01,  7.7085031235072243E-01,  5.4888517999999997E-02,  7.0433500000000005E-04,0
1834,  2.7500000000000002E-01,55,  8.1250000000000000E-01,  4.3750000000000000E-01,4,  6.6267363626984899E-01,37,8,498,490,8,  5.4125640299538780E-01,  9.9600000000000000E-01,  9.7999999999999998E-01,  7.0136819899786573E-01,  5.4777459000000001E-02,  6.8983399999999996E-04,0
1835,  2.7500000000000002E-01,55,  8.1250000000000000E-01,  4.3750000000000000E-01,5,  6.6267363626984899E-01,37,8,498,490,8,  5.4125640299538780E-01,  9.9600000000000000E-01,  9.7999999999999998E-01,  7.0136819899786573E-01,  5.7270142000000003E-02,  6.8153599999999995E-04,0
1836,  2.7500000000000002E-01,55,  8.1250000000000000E-01,  6.2500000000000000E-01,1,  6.6267363626984899E-01,37,4,490,490,0,  7.6282743473365389E-01,  9.7999999999999998E-01,  9.7999999999999998E-01,  8.5788285304704037E-01,  5.4833065000000000E-02,  6.7158199999999999E-04,0
1837,  2.7500000000000002E-01,55,  8.1250000000000000E-01,  6.2500000000000000E-01,2,  6.6267363626984899E-01,37,6,492,490,2,  6.3360222633690344E-01,  9.8399999999999999E-01,  9.7999999999999998E-01,  7.7085031235072243E-01,  5.6714063000000002E-02,  7.2812400000000002E-04,0
1838,  2.7500000000000002E-01,55,  8.1250000000000000E-01,  6.2500000000000000E-01,3,  6.6267363626984899E-01,37,6,492,490,2,  6.3360222633690344E-01,  9.8399999999999999E-01,  9.7999999999999998E-01,  7.7085031235072243E-01,  5.5729790000000001E-02,  6.7861400000000002E-04,0
1839,  2.7500000000000002E-01,55,  8.1250000000000000E-01,  6.2500000000000000E-01,4,  6.6267363626984899E-01,37,8,498,490,8,  5.4125640299538780E-01,  9.9600000000000000E-01,  9.7999999999999998E-01,  7.0136819899786573E-01,  5.3584157000000000E-02,  6.8978300000000002E-04,0
1840,  2.7500000000000002E-01,55,  8.1250000000000000E-01,  6.2500000000000000E-01,5,  6.6267363626984899E-01,37,8,498,490,8,  5.4125640299538780E-01,  9.9600000000000000E-01,  9.7999999999999998E-01,  7.0136819899786573E-01,  5.4957702999999997E-02,  8.0829600000000001E-04,0
1841,  2.7500000000000002E-01,55,  8.1250000000000000E-01,  8.1250000000000000E-01,1,  6.6267363626984899E-01,37,4,490,490,0,  7.6282743473365389E-01,  9.7999999999999998E-01,  9.7999999999999998E-01,  8.5788285304704037E-01,  5.4136904999999999E-02,  6.6983699999999995E-04,0
1842,  2.7500000000000002E-01,55,  8.1250000000000000E-01,  8.1250000000000000E-01,2,  6.6267363626984899E-01,37,6,492,490,2,  6.3360222633690344E-01,  9.8399999999999999E-01,  9.7999999999999998E-01,  7.7085031235072243E-01,  5.5959535999999997E-02,  7.0684000000000003E-04,0
1843,  2.7500000000000002E-01,55,  8.1250000000000000E-01,  8.1250000000000000E-01,3,  6.6267363626984899E-01,37,6,492,490,2,  6.3360222633690344E-01,  9.8399999999999999E-01,  9.7999999999999998E-01,  7.7085031235072243E-01,  5.4622769000000002E-02,  7.2780800000000004E-04,0
1844,  2.7500000000000002E-01,55,  8.1250000000000000E-01,  8.1250000000000000E-01,4,  6.6267363626984899E-01,37,8,498,490,8,  5.4125640299538780E-01,  9.9600000000000000E-01,  9.7999999999999998E-01,  7.0136819899786573E-01,  5.6049050000000003E-02,  6.8250899999999998E-04,0
1845,  2.7500000000000002E-01,55,  8.1250000000000000E-01,  8.1250000000000000E-01,5,  6.6267363626984899E-01,37,8,498,490,8,  5.4125640299538780E-01,  9.9600000000000000E-01,  9.7999999999999998E-01,  7.0136819899786573E-01,  5.6261968000000002E-02,  7.9355099999999998E-04,0
1846,  2.7500000000000002E-01,55,  8.1250000000000000E-01,  1.0000000000000000E+00,1,  6.6267363626984899E-01,37,4,490,490,0,  7.6282743473365389E-01,  9.7999999999999998E-01,  9.7999999999999998E-01,  8.5788285304704037E-01,  5.7211202000000003E-02,  6.8174299999999995E-04,0
1847,  2.7500000000000002E-01,55,  8.1250000000000000E-01,  1.0000000000000000E+00,2,  6.6267363626984899E-01,37,6,492,490,2,  6.3360222633690344E-01,  9.8399999999999999E-01,  9.7999999999999998E-01,  7.7085031235072243E-01,  5.4262787999999999E-02,  6.9171700000000000E-04,0
1848,  2.7500000000000002E-01,55,  8.1250000000000000E-01,  1.0000000000000000E+00,3,  6.6267363626984899E-01,37,6,492,490,2,  6.3360222633690344E-01,  9.8399999999999999E-01,  9.7999999999999998E-01,  7.7085031235072243E-01,  5.5720433999999999E-02,  6.7633799999999996E-04,0
1849,  2.7500000000000002E-01,55,  8.1250000000000000E-01,  1.0000000000000000E+00,4,  6.6267363626984899E-01,37,8,498,490,8,  5.4125640299538780E-01,  9.9600000000000000E-01,  9.7999999999999998E-01,  7.0136819899786573E-01,  5.4726610000000002E-02,  6.9098499999999997E-04,0
1850,  2.7500000000000002E-01,55,  8.1250000000000000E-01,  1.0000000000000000E+00,5,  6.6267363626984899E-01,37,8,498,490,8,  5.4125640299538780E-01,  9.9600000000000000E-01,  9.7999999999999998E-01,  7.0136819899786573E-01,  5.3506805999999997E-02,  6.9147299999999996E-04,0
1851,  2.7500000000000002E-01,55,  1.0000000000000000E+00,  2.5000000000000000E-01,1,  6.6267363626984899E-01,37,3,496,496,0,  8.6722403036390028E-01,  9.9199999999999999E-01,  9.9199999999999999E-01,  9.2542504192204078E-01,  6.8829755000000006E-02,  6.9676600000000003E-04,0
1852,  2.7500000000000002E-01,55,  1.0000000000000000E+00,  2.5000000000000000E-01,2,  6.6267363626984899E-01,37,4,497,496,1,  7.7074783781310086E-01,  9.9399999999999999E-01,  9.9199999999999999E-01,  8.6825248839586344E-01,  6.8544208999999995E-02,  6.7348400000000002E-04,0
1853,  2.7500000000000002E-01,55,  1.0000000000000000E+00,  2.5000000000000000E-01,3,  6.6267363626984899E-01,37,4,497,496,1,  7.7074783781310086E-01,  9.9399999999999999E-01,  9.9199999999999999E-01,  8.6825248839586344E-01,  7.1458224000000001E-02,  6.7618900000000000E-04,0
1854,  2.7500000000000002E-01,55,  1.0000000000000000E+00,  2.5000000000000000E-01,4,  6.6267363626984899E-01,37,5,500,496,4,  7.0415841855782646E-01,  1.0000000000000000E+00,  9.9199999999999999E-01,  8.2640018778739210E-01,  6.8848751000000000E-02,  6.9681099999999998E-04,0
1855,  2.7500000000000002E-01,55,  1.0000000000000000E+00,  2.5000000000000000E-01,5,  6.6267363626984899E-01,37,5,500,496,4,  7.0415841855782646E-01,  1.0000000000000000E+00,  9.9199999999999999E-01,  8.2640018778739210E-01,  6.7932559000000003E-02,  7.0773099999999996E-04,0
1856,  2.7500000000000002E-01,55,  1.0000000000000000E+00,  4.3750000000000000E-01,1,  6.6267363626984899E-01,37,3,496,496,0,  8.6722403036390028E-01,  9.9199999999999999E-01,  9.9199999999999999E-01,  9.2542504192204078E-01,  6.6226464999999998E-02,  7.5661299999999995E-04,0
1857,  2.7500000000000002E-01,55,  1.0000000000000000E+00,  4.3750000000000000E-01,2,  6.6267363626984899E-01,37,4,497,496,1,  7.7074783781310086E-01,  9.9399999999999999E-01,  9.9199999999999999E-01,  8.6825248839586344E-01,  6.9788249999999996E-02,  6.8906299999999996E-04,0
1858,  2.7500000000000002E-01,55,  1.0000000000000000E+00,  4.3750000000000000E-01,3,  6.6267363626984899E-01,37,4,497,496,1,  7.7074783781310086E-01,  9.9399999999999999E-01,  9.9199999999999999E-01,  8.6825248839586344E-01,  7.1965709000000003E-02,  7.7808300000000005E-04,0
1859,  2.7500000000000002E-01,55,  1.0000000000000000E+00,  4.3750000000000000E-01,4,  6.6267363626984899E-01,37,5,500,496,4,  7.0415841855782646E-01,  1.0000000000000000E+00,  9.9199999999999999E-01,  8.2640018778739210E-01,  6.7012684000000003E-02,  7.1036400000000000E-04,0
1860,  2.7500000000000002E-01,55,  1.0000000000000000E+00,  4.3750000000000000E-01,5,  6.6267363626984899E-01,37,5,500,496,4,  7.0415841855782646E-01,  1.0000000000000000E+00,  9.9199999999999999E-01,  8.2640018778739210E-01,  6.9949452999999995E-02,  6.8162599999999996E-04,0
1861,  2.7500000000000002E-01,55,  1.0000000000000000E+00,  6.2500000000000000E-01,1,  6.6267363626984899E-01,37,3,496,496,0,  8.6722403036390028E-01,  9.9199999999999999E-01,  9.9199999999999999E-01,  9.2542504192204078E-01,  7.0608564999999998E-02,  7.2954100000000000E-04,0
1862,  2.7500000000000002E-01,55,  1.0000000000000000E+00,  6.2500000000000000E-01,2,  6.6267363626984899E-01,37,4,497,496,1,  7.7074783781310086E-01,  9.9399999999999999E-01,  9.9199999999999999E-01,  8.6825248839586344E-01,  6.9560913000000002E-02,  6.8407400000000001E-04,0
1863,  2.7500000000000002E-01,55,  1.0000000000000000E+00,  6.2500000000000000E-01,3,  6.6267363626984899E-01,37,4,497,496,1,  7.7074783781310086E-01,  9.9399999999999999E-01,  9.9199999999999999E-01,  8.6825248839586344E-01,  7.0481536999999997E-02,  7.7981299999999997E-04,0
1864,  2.7500000000000002E-01,55,  1.0000000000000000E+00,  6.2500000000000000E-01,4,  6.6267363626984899E-01,37,5,500,496,4,  7.0415841855782646E-01,  1.0000000000000000E+00,  9.9199999999999999E-01,  8.2640018778739210E-01,  7.1251098999999998E-02,  6.9743900000000000E-04,0
1865,  2.7500000000000002E-01,55,  1.0000000000000000E+00,  6.2500000000000000E-01,5,  6.6267363626984899E-01,37,5,500,496,4,  7.0415841855782646E-01,  1.0000000000000000E+00,  9.9199999999999999E-01,  8.2640018778739210E-01,  6.9431403000000003E-02,  6.8565100000000001E-04,0
1866,  2.7500000000000002E-01,55,  1.0000000000000000E+00,  8.1250000000000000E-01,1,  6.6267363626984899E-01,37,3,496,496,0,  8.6722403036390028E-01,  9.9199999999999999E-01,  9.9199999999999999E-01,  9.2542504192204078E-01,  6.7329451999999998E-02,  7.9909299999999996E-04,0
1867,  2.7500000000000002E-01,55,  1.0000000000000000E+00,  8.1250000000000000E-01,2,  6.6267363626984899E-01,37,4,497,496,1,  7.7074783781310086E-01,  9.9399999999999999E-01,  9.9199999999999999E-01,  8.6825248839586344E-01,  6.9796985000000006E-02,  7.4744999999999998E-04,0
1868,  2.7500000000000002E-01,55,  1.0000000000000000E+00,  8.1250000000000000E-01,3,  6.6267363626984899E-01,37,4,497,496,1,  7.7074783781310086E-01,  9.9399999999999999E-01,  9.9199999999999999E-01,  8.6825248839586344E-01,  6.8506385000000003E-02,  6.8468600000000000E-04,0
1869,  2.7500000000000002E-01,55,  1.0000000000000000E+00,  8.1250000000000000E-01,4,  6.6267363626984899E-01,37,5,500,496,4,  7.0415841855782646E-01,  1.0000000000000000E+00,  9.9199999999999999E-01,  8.2640018778739210E-01,  7.0618212999999999E-02,  6.8052900000000003E-04,0
1870,  2.7500000000000002E-01,55,  1.0000000000000000E+00,  8.1250000000000000E-01,5,  6.6267363626984899E-01,37,5,500,496,4,  7.0415841855782646E-01,  1.0000000000000000E+00,  9.9199999999999999E-01,  8.2640018778739210E-01,  6.9624565999999999E-02,  7.0096399999999999E-04,0
1871,  2.7500000000000002E-01,55,  1.0000000000000000E+00,  1.0000000000000000E+00,1,  6.6267363626984899E-01,37,3,496,496,0,  8.6722403036390028E-01,  9.9199999999999999E-01,  9.9199999999999999E-01,  9.2542504192204078E-01,  7.1103494000000003E-02,  7.0460200000000003E-04,0
1872,  2.7500000000000002E-01,55,  1.0000000000000000E+00,  1.0000000000000000E+00,2,  6.6267363626984899E-01,37,4,497,496,1,  7.7074783781310086E-01,  9.9399999999999999E-01,  9.9199999999999999E-01,  8.6825248839586344E-01,  6.9964341999999999E-02,  1.0355890000000000E-03,0
1873,  2.7500000000000002E-01,55,  1.0000000000000000E+00,  1.0000000000000000E+00,3,  6.6267363626984899E-01,37,4,497,496,1,  7.7074783781310086E-01,  9.9399999999999999E-01,  9.9199999999999999E-01,  8.6825248839586344E-01,  6.9227878000000007E-02,  7.0239800000000002E-04,0
1874,  2.7500000000000002E-01,55,  1.0000000000000000E+00,  1.0000000000000000E+00,4,  6.6267363626984899E-01,37,5,500,496,4,  7.0415841855782646E-01,  1.0000000000000000E+00,  9.9199999999999999E-01,  8.2640018778739210E-01,  6.8818413999999994E-02,  6.8437499999999998E-04,0
1875,  2.7500000000000002E-01,55,  1.0000000000000000E+00,  1.0000000000000000E+00,5,  6.6267363626984899E-01,37,5,500,496,4,  7.0415841855782646E-01,  1.0000000000000000E+00,  9.9199999999999999E-01,  8.2640018778739210E-01,  6.9588591000000005E-02,  7.4273600000000003E-04,0
1876,  3.8750000000000001E-01,15,  2.5000000000000000E-01,  2.5000000000000000E-01,1,  8.1258034728458883E-01,103,4,495,495,0,  6.8360671578141163E-01,  9.8999999999999999E-01,  9.8999999999999999E-01,  8.0875708999244944E-01,  9.3209801999999994E-02,  8.9583100000000004E-04,0
1877,  3.8750000000000001E-01,15,  2.5000000000000000E-01,  2.5000000000000000E-01,2,  8.1258034728458883E-01,103,6,497,495,2,  4.7951618957638575E-01,  9.9399999999999999E-01,  9.8999999999999999E-01,  6.4694110022089979E-01,  9.4294236000000003E-02,  8.7239100000000003E-04,0
1878,  3.8750000000000001E-01,15,  2.5000000000000000E-01,  2.5000000000000000E-01,3,  8.1258034728458883E-01,103,7,499,495,4,  4.4471612268039012E-01,  9.9800000000000000E-01,  9.8999999999999999E-01,  6.1526544752331958E-01,  9.2230037000000001E-02,  8.9304399999999996E-04,0
1879,  3.8750000000000001E-01,15,  2.5000000000000000E-01,  2.5000000000000000E-01,4,  8.1258034728458883E-01,103,8,502,495,7,  4.1456312619679991E-01,  1.0040000000000000E+00,  9.8999999999999999E-01,  5.8682108820562129E-01,  9.1950298999999999E-02,  8.4917900000000004E-04,0
1880,  3.8750000000000001E-01,15,  2.5000000000000000E-01,  2.5000000000000000E-01,5,  8.1258034728458883E-01,103,9,506,495,11,  3.8746303883952232E-01,  1.0120000000000000E+00,  9.8999999999999999E-01,  5.6037577902843139E-01,  9.4675057000000007E-02,  9.0769799999999997E-04,0
1881,  3.8750000000000001E-01,15,  2.5000000000000000E-01,  4.3750000000000000E-01,1,  8.1258034728458883E-01,103,4,495,495,0,  6.8360671578141163E-01,  9.8999999999999999E-01,  9.8999999999999999E-01,  8.0875708999244944E-01,  9.3460705000000005E-02,  8.5889099999999997E-04,0
1882,  3.8750000000000001E-01,15,  2.5000000000000000E-01,  4.3750000000000000E-01,2,  8.1258034728458883E-01,103,6,497,495,2,  4.7951618957638575E-01,  9.9399999999999999E-01,  9.8999999999999999E-01,  6.4694110022089979E-01,  9.5179117999999993E-02,  8.0555399999999999E-04,0
1883,  3.8750000000000001E-01,15,  2.5000000000000000E-01,  4.3750000000000000E-01,3,  8.1258034728458883E-01,103,7,499,495,4,  4.4471612268039012E-01,  9.9800000000000000E-01,  9.8999999999999999E-01,  6.1526544752331958E-01,  9.5923174999999999E-02,  8.6353999999999999E-04,0
1884,  3.8750000000000001E-01,15,  2.5000000000000000E-01,  4.3750000000000000E-01,4,  8.1258034728458883E-01,103,8,502,495,7,  4.1456312619679991E-01,  1.0040000000000000E+00,  9.8999999999999999E-01,  5.8682108820562129E-01,  9.1789334000000000E-02,  8.1209100000000003E-04,0
1885,  3.8750000000000001E-01,15,  2.5000000000000000E-01,  4.3750000000000000E-01,5,  8.1258034728458883E-01,103,9,506,495,11,  3.8746303883952232E-01,  1.0120000000000000E+00,  9.8999999999999999E-01,  5.6037577902843139E-01,  9.5218375999999993E-02,  9.0375899999999996E-04,0
1886,  3.8750000000000001E-01,15,  2.5000000000000000E-01,  6.2500000000000000E-01,1,  8.1258034728458883E-01,103,4,495,495,0,  6.8360671578141163E-01,  9.8999999999999999E-01,  9.8999999999999999E-01,  8.0875708999244944E-01,  9.7699823000000005E-02,  8.9494200000000002E-04,0
1887,  3.8750000000000001E-01,15,  2.5000000000000000E-01,  6.2500000000000000E-01,2,  8.1258034728458883E-01,103,6,497,495,2,  4.7951618957638575E-01,  9.9399999999999999E-01,  9.8999999999999999E-01,  6.4694110022089979E-01,  9.3831197000000005E-02,  8.6129499999999999E-04,0
1888,  3.8750000000000001E-01,15,  2.5000000000000000E-01,  6.2500000000000000E-01,3,  8.1258034728458883E-01,103,7,499,495,4,  4.4471612268039012E-01,  9.9800000000000000E-01,  9.8999999999999999E-01,  6.1526544752331958E-01,  9.4067672000000005E-02,  8.6300600000000004E-04,0
1889,  3.8750000000000001E-01,15,  2.5000000000000000E-01,  6.2500000000000000E-01,4,  8.1258034728458883E-01,103,8,502,495,7,  4.1456312619679991E-01,  1.0040000000000000E+00,  9.8999999999999999E-01,  5.8682108820562129E-01,  9.3353909999999998E-02,  8.1526999999999999E-04,0
1890,  3.8750000000000001E-01,15,  2.5000000000000000E-01,  6.2500000000000000E-01,5,  8.1258034728458883E-01,103,9,506,495,11,  3.8746303883952232E-01,  1.0120000000000000E+00,  9.8999999999999999E-01,  5.6037577902843139E-01,  9.6214643000000002E-02,  9.1114799999999997E-04,0
1891,  3.8750000000000001E-01,15,  2.5000000000000000E-01,  8.1250000000000000E-01,1,  8.1258034728458883E-01,103,4,495,495,0,  6.8360671578141163E-01,  9.8999999999999999E-01,  9.8999999999999999E-01,  8.0875708999244944E-01,  9.4081242999999995E-02,  8.4017200000000003E-04,0
1892,  3.8750000000000001E-01,15,  2.5000000000000000E-01,  8.1250000000000000E-01,2,  8.1258034728458883E-01,103,6,497,495,2,  4.7951618957638575E-01,  9.9399999999999999E-01,  9.8999999999999999E-01,  6.4694110022089979E-01,  9.4735756000000004E-02,  8.3837799999999997E-04,0
1893,  3.8750000000000001E-01,15,  2.5000000000000000E-01,  8.1250000000000000E-01,3,  8.1258034728458883E-01,103,7,499,495,4,  4.4471612268039012E-01,  9.9800000000000000E-01,  9.8999999999999999E-01,  6.1526544752331958E-01,  9.3735360000000004E-02,  8.8471299999999997E-04,0
1894,  3.8750000000000001E-01,15,  2.5000000000000000E-01,  8.1250000000000000E-01,4,  8.1258034728458883E-01,103,8,502,495,7,  4.1456312619679991E-01,  1.0040000000000000E+00,  9.8999999999999999E-01,  5.8682108820562129E-01,  9.3275378000000006E-02,  8.9224300000000003E-04,0
1895,  3.8750000000000001E-01,15,  2.5000000000000000E-01,  8.1250000000000000E-01,5,  8.1258034728458883E-01,103,9,506,495,11,  3.8746303883952232E-01,  1.0120000000000000E+00,  9.8999999999999999E-01,  5.6037577902843139E-01,  9.4253869000000004E-02,  1.0580060000000000E-03,0
1896,  3.8750000000000001E-01,15,  2.5000000000000000E-01,  1.0000000000000000E+00,1,  8.1258034728458883E-01,103,4,495,495,0,  6.8360671578141163E-01,  9.8999999999999999E-01,  9.8999999999999999E-01,  8.0875708999244944E-01,  9.7470497000000003E-02,  8.0415599999999999E-04,0
1897,  3.8750000000000001E-01,15,  2.5000000000000000E-01,  1.0000000000000000E+00,2,  8.1258034728458883E-01,103,6,497,495,2,  4.7951618957638575E-01,  9.9399999999999999E-01,  9.8999999999999999E-01,  6.4694110022089979E-01,  9.2808510999999996E-02,  8.5930600000000000E-04,0
1898,  3.8750000000000001E-01,15,  2.5000000000000000E-01,  1.0000000000000000E+00,3,  8.1258034728458883E-01,103,7,499,495,4,  4.4471612268039012E-01,  9.9800000000000000E-01,  9.8999999999999999E-01,  6.1526544752331958E-01,  9.3877178000000006E-02,  8.5259699999999997E-04,0
1899,  3.8750000000000001E-01,15,  2.5000000000000000E-01,  1.0000000000000000E+00,4,  8.1258034728458883E-01,103,8,502,495,7,  4.1456312619679991E-01,  1.0040000000000000E+00,  9.8999999999999999E-01,  5.8682108820562129E-01,  9.6254594999999998E-02,  9.7427799999999997E-04,0
1900,  3.8750000000000001E-01,15,  2.5000000000000000E-01,  1.0000000000000000E+00,5,  8.1258034728458883E-01,103,9,506,495,11,  3.8746303883952232E-01,  1.0120000000000000E+00,  9.8999999999999999E-01,  5.6037577902843139E-01,  9.6537636999999996E-02,  9.0532399999999999E-04,0
1901,  3.8750000000000001E-01,15,  4.3750000000000000E-01,  2.5000000000000000E-01,1,  8.1258034728458883E-01,103,3,498,498,0,  7.9082018641963781E-01,  9.9600000000000000E-01,  9.9600000000000000E-01,  8.8162973718383630E-01,  1.5402479799999999E-01,  9.5749699999999997E-04,0
1902,  3.8750000000000001E-01,15,  4.3750000000000000E-01,  2.5000000000000000E-01,2,  8.1258034728458883E-01,103,3,498,498,0,  7.9082018641963781E-01,  9.9600000000000000E-01,  9.9600000000000000E-01,  8.8162973718383630E-01,  1.5616781800000001E-01,  1.1982570000000001E-03,0
1903,  3.8750000000000001E-01,15,  4.3750000000000000E-01,  2.5000000000000000E-01,3,  8.1258034728458883E-01,103,3,498,498,0,  7.9082018641963781E-01,  9.9600000000000000E-01,  9.9600000000000000E-01,  8.8162973718383630E-01,  1.5092187400000001E-01,  8.9876200000000000E-04,0
1904,  3.8750000000000001E-01,15,  4.3750000000000000E-01,  2.5000000000000000E-01,4,  8.1258034728458883E-01,103,4,501,498,3,  6.8691525509244078E-01,  1.0020000000000000E+00,  9.9600000000000000E-01,  8.1506645585358639E-01,  1.6640828699999999E-01,  9.1162399999999998E-04,0
1905,  3.8750000000000001E-01,15,  4.3750000000000000E-01,  2.5000000000000000E-01,5,  8.1258034728458883E-01,103,4,501,498,3,  6.8691525509244078E-01,  1.0020000000000000E+00,  9.9600000000000000E-01,  8.1506645585358639E-01,  1.5010759900000001E-01,  9.6205300000000004E-04,0
1906,  3.8750000000000001E-01,15,  4.3750000000000000E-01,  4.3750000000000000E-01,1,  8.1258034728458883E-01,103,3,498,498,0,  7.9082018641963781E-01,  9.9600000000000000E-01,  9.9600000000000000E-01,  8.8162973718383630E-01,  1.6835630300000001E-01,  9.2091000000000004E-04,0
1907,  3.8750000000000001E-01,15,  4.3750000000000000E-01,  4.3750000000000000E-01,2,  8.1258034728458883E-01,103,3,498,498,0,  7.9082018641963781E-01,  9.9600000000000000E-01,  9.9600000000000000E-01,  8.8162973718383630E-01,  1.5443488000000000E-01,  8.2221599999999996E-04,0
1908,  3.8750000000000001E-01,15,  4.3750000000000000E-01,  4.3750000000000000E-01,3,  8.1258034728458883E-01,103,3,498,498,0,  7.9082018641963781E-01,  9.9600000000000000E-01,  9.9600000000000000E-01,  8.8162973718383630E-01,  1.5319457300000000E-01,  8.6081000000000005E-04,0
1909,  3.8750000000000001E-01,15,  4.3750000000000000E-01,  4.3750000000000000E-01,4,  8.1258034728458883E-01,103,4,501,498,3,  6.8691525509244078E-01,  1.0020000000000000E+00,  9.9600000000000000E-01,  8.1506645585358639E-01,  1.4980067699999999E-01,  9.0449699999999998E-04,0
1910,  3.8750000000000001E-01,15,  4.3750000000000000E-01,  4.3750000000000000E-01,5,  8.1258034728458883E-01,103,4,501,498,3,  6.8691525509244078E-01,  1.0020000000000000E+00,  9.9600000000000000E-01,  8.1506645585358639E-01,  1.5874636800000000E-01,  1.0071139999999999E-03,0
1911,  3.8750000000000001E-01,15,  4.3750000000000000E-01,  6.2500000000000000E-01,1,  8.1258034728458883E-01,103,3,498,498,0,  7.9082018641963781E-01,  9.9600000000000000E-01,  9.9600000000000000E-01,  8.8162973718383630E-01,  1.5699321899999999E-01,  8.6598899999999995E-04,0
1912,  3.8750000000000001E-01,15,  4.3750000000000000E-01,  6.2500000000000000E-01,2,  8.1258034728458883E-01,103,3,498,498,0,  7.9082018641963781E-01,  9.9600000000000000E-01,  9.9600000000000000E-01,  8.8162973718383630E-01,  1.4950733199999999E-01,  8.8847199999999996E-04,0
1913,  3.8750000000000001E-01,15,  4.3750000000000000E-01,  6.2500000000000000E-01,3,  8.1258034728458883E-01,103,3,498,498,0,  7.9082018641963781E-01,  9.9600000000000000E-01,  9.9600000000000000E-01,  8.8162973718383630E-01,  1.5350782399999999E-01,  8.0867299999999999E-04,0
1914,  3.8750000000000001E-01,15,  4.3750000000000000E-01,  6.2500000000000000E-01,4,  8.1258034728458883E-01,103,4,501,498,3,  6.8691525509244078E-01,  1.0020000000000000E+00,  9.9600000000000000E-01,  8.1506645585358639E-01,  1.5307898100000000E-01,  8.5345899999999999E-04,0
1915,  3.8750000000000001E-01,15,  4.3750000000000000E-01,  6.2500000000000000E-01,5,  8.1258034728458883E-01,103,4,501,498,3,  6.8691525509244078E-01,  1.0020000000000000E+00,  9.9600000000000000E-01,  8.1506645585358639E-01,  1.4710840500000000E-01,  8.4190399999999998E-04,0
1916,  3.8750000000000001E-01,15,  4.3750000000000000E-01,  8.1250000000000000E-01,1,  8.1258034728458883E-01,103,3,498,498,0,  7.9082018641963781E-01,  9.9600000000000000E-01,  9.9600000000000000E-01,  8.8162973718383630E-01,  1.5516849599999999E-01,  9.4088799999999997E-04,0
1917,  3.8750000000000001E-01,15,  4.3750000000000000E-01,  8.1250000000000000E-01,2,  8.1258034728458883E-01,103,3,498,498,0,  7.9082018641963781E-01,  9.9600000000000000E-01,  9.9600000000000000E-01,  8.8162973718383630E-01,  1.5864047000000001E-01,  1.0796410000000001E-03,0
1918,  3.8750000000000001E-01,15,  4.3750000000000000E-01,  8.1250000000000000E-01,3,  8.1258034728458883E-01,103,3,498,498,0,  7.9082018641963781E-01,  9.9600000000000000E-01,  9.9600000000000000E-01,  8.8162973718383630E-01,  1.5329712200000001E-01,  8.0733100000000000E-04,0
1919,  3.8750000000000001E-01,15,  4.3750000000000000E-01,  8.1250000000000000E-01,4,  8.1258034728458883E-01,103,4,501,498,3,  6.8691525509244078E-01,  1.0020000000000000E+00,  9.9600000000000000E-01,  8.1506645585358639E-01,  1.5098105300000000E-01,  8.8000899999999996E-04,0
1920,  3.8750000000000001E-01,15,  4.3750000000000000E-01,  8.1250000000000000E-01,5,  8.1258034728458883E-01,103,4,501,498,3,  6.8691525509244078E-01,  1.0020000000000000E+00,  9.9600000000000000E-01,  8.1506645585358639E-01,  1.5286560799999999E-01,  8.9067300000000003E-04,0
1921,  3.8750000000000001E-01,15,  4.3750000000000000E-01,  1.0000000000000000E+00,1,  8.1258034728458883E-01,103,3,498,498,0,  7.9082018641963781E-01,  9.9600000000000000E-01,  9.9600000000000000E-01,  8.8162973718383630E-01,  1.5597535700000001E-01,  8.7777099999999995E-04,0
1922,  3.8750000000000001E-01,15,  4.3750000000000000E-01,  1.0000000000000000E+00,2,  8.1258034728458883E-01,103,3,498,498,0,  7.9082018641963781E-01,  9.9600000000000000E-01,  9.9600000000000000E-01,  8.8162973718383630E-01,  1.5563072100000000E-01,  7.9909399999999998E-04,0
1923,  3.8750000000000001E-01,15,  4.3750000000000000E-01,  1.0000000000000000E+00,3,  8.1258034728458883E-01,103,3,498,498,0,  7.9082018641963781E-01,  9.9600000000000000E-01,  9.9600000000000000E-01,  8.8162973718383630E-01,  1.5206856999999999E-01,  9.7265999999999997E-04,0
1924,  3.8750000000000001E-01,15,  4.3750000000000000E-01,  1.0000000000000000E+00,4,  8.1258034728458883E-01,103,4,501,498,3,  6.8691525509244078E-01,  1.0020000000000000E+00,  9.9600000000000000E-01,  8.1506645585358639E-01,  1.5305027299999999E-01,  8.6759000000000001E-04,0
1925,  3.8750000000000001E-01,15,  4.3750000000000000E-01,  1.0000000000000000E+00,5,  8.1258034728458883E-01,103,4,501,498,3,  6.8691525509244078E-01,  1.0020000000000000E+00,  9.9600000000000000E-01,  8.1506645585358639E-01,  1.5652694900000000E-01,  8.2253700000000003E-04,0
1926,  3.8750000000000001E-01,15,  6.2500000000000000E-01,  2.5000000000000000E-01,1,  8.1258034728458883E-01,103,2,500,500,0,  8.6416919347493382E-01,  1.0000000000000000E+00,  1.0000000000000000E+00,  9.2713600943492225E-01,  1.8948719200000000E-01,  8.8509000000000005E-04,0
1927,  3.8750000000000001E-01,15,  6.2500000000000000E-01,  2.5000000000000000E-01,2,  8.1258034728458883E-01,103,3,501,500,1,  7.8783895232867540E-01,  1.0020000000000000E+00,  1.0000000000000000E+00,  8.8210688364588608E-01,  1.9280880900000000E-01,  9.0503299999999997E-04,0
1928,  3.8750000000000001E-01,15,  6.2500000000000000E-01,  2.5000000000000000E-01,3,  8.1258034728458883E-01,103,3,501,500,1,  7.8783895232867540E-01,  1.0020000000000000E+00,  1.0000000000000000E+00,  8.8210688364588608E-01,  1.9537554500000001E-01,  8.9175799999999998E-04,0
1929,  3.8750000000000001E-01,15,  6.2500000000000000E-01,  2.5000000000000000E-01,4,  8.1258034728458883E-01,103,3,501,500,1,  7.8783895232867540E-01,  1.0020000000000000E+00,  1.0000000000000000E+00,  8.8210688364588608E-01,  1.9594078200000001E-01,  8.1461599999999999E-04,0
1930,  3.8750000000000001E-01,15,  6.2500000000000000E-01,  2.5000000000000000E-01,5,  8.1258034728458883E-01,103,3,501,500,1,  7.8783895232867540E-01,  1.0020000000000000E+00,  1.0000000000000000E+00,  8.8210688364588608E-01,  1.9264407800000000E-01,  8.6113100000000001E-04,0
1931,  3.8750000000000001E-01,15,  6.2500000000000000E-01,  4.3750000000000000E-01,1,  8.1258034728458883E-01,103,2,500,500,0,  8.6416919347493382E-01,  1.0000000000000000E+00,  1.0000000000000000E+00,  9.2713600943492225E-01,  1.9361281999999999E-01,  9.1946900000000002E-04,0
1932,  3.8750000000000001E-01,15,  6.2500000000000000E-01,  4.3750000000000000E-01,2,  8.1258034728458883E-01,103,3,501,500,1,  7.8783895232867540E-01,  1.0020000000000000E+00,  1.0000000000000000E+00,  8.8210688364588608E-01,  1.9344144299999999E-01,  8.1049900000000001E-04,0
1933,  3.8750000000000001E-01,15,  6.2500000000000000E-01,  4.3750000000000000E-01,3,  8.1258034728458883E-01,103,3,501,500,1,  7.8783895232867540E-01,  1.0020000000000000E+00,  1.0000000000000000E+00,  8.8210688364588608E-01,  1.9066117599999999E-01,  8.6760600000000004E-04,0
1934,  3.8750000000000001E-01,15,  6.2500000000000000E-01,  4.3750000000000000E-01,4,  8.1258034728458883E-01,103,3,501,500,1,  7.8783895232867540E-01,  1.0020000000000000E+00,  1.0000000000000000E+00,  8.8210688364588608E-01,  1.9415435700000000E-01,  9.3548100000000005E-04,0
1935,  3.8750000000000001E-01,15,  6.2500000000000000E-01,  4.3750000000000000E-01,5,  8.1258034728458883E-01,103,3,501,500,1,  7.8783895232867540E-01,  1.0020000000000000E+00,  1.0000000000000000E+00,  8.8210688364588608E-01,  1.9303591200000000E-01,  9.2163300000000004E-04,0
1936,  3.8750000000000001E-01,15,  6.2500000000000000E-01,  6.2500000000000000E-01,1,  8.1258034728458883E-01,103,2,500,500,0,  8.6416919347493382E-01,  1.0000000000000000E+00,  1.0000000000000000E+00,  9.2713600943492225E-01,  1.9372856599999999E-01,  8.1050100000000004E-04,0
1937,  3.8750000000000001E-01,15,  6.2500000000000000E-01,  6.2500000000000000E-01,2,  8.1258034728458883E-01,103,3,501,500,1,  7.8783895232867540E-01,  1.0020000000000000E+00,  1.0000000000000000E+00,  8.8210688364588608E-01,  1.8989650999999999E-01,  8.9839499999999997E-04,0
1938,  3.8750000000000001E-01,15,  6.2500000000000000E-01,  6.2500000000000000E-01,3,  8.1258034728458883E-01,103,3,501,500,1,  7.8783895232867540E-01,  1.0020000000000000E+00,  1.0000000000000000E+00,  8.8210688364588608E-01,  1.9299785000000000E-01,  8.3466400000000004E-04,0
1939,  3.8750000000000001E-01,15,  6.2500000000000000E-01,  6.2500000000000000E-01,4,  8.1258034728458883E-01,103,3,501,500,1,  7.8783895232867540E-01,  1.0020000000000000E+00,  1.0000000000000000E+00,  8.8210688364588608E-01,  1.9446678000000001E-01,  8.1808499999999997E-04,0
1940,  3.8750000000000001E-01,15,  6.2500000000000000E-01,  6.2500000000000000E-01,5,  8.1258034728458883E-01,103,3,501,500,1,  7.8783895232867540E-01,  1.0020000000000000E+00,  1.0000000000000000E+00,  8.8210688364588608E-01,  1.9182692200000001E-01,  8.5435000000000003E-04,0
1941,  3.8750000000000001E-01,15,  6.2500000000000000E-01,  8.1250000000000000E-01,1,  8.1258034728458883E-01,103,2,500,500,0,  8.6416919347493382E-01,  1.0000000000000000E+00,  1.0000000000000000E+00,  9.2713600943492225E-01,  1.9075294900000000E-01,  8.4134800000000001E-04,0
1942,  3.8750000000000001E-01,15,  6.2500000000000000E-01,  8.1250000000000000E-01,2,  8.1258034728458883E-01,103,3,501,500,1,  7.8783895232867540E-01,  1.0020000000000000E+00,  1.0000000000000000E+00,  8.8210688364588608E-01,  1.8811975900000000E-01,  8.5959299999999997E-04,0
1943,  3.8750000000000001E-01,15,  6.2500000000000000E-01,  8.1250000000000000E-01,3,  8.1258034728458883E-01,103,3,501,500,1,  7.8783895232867540E-01,  1.0020000000000000E+00,  1.0000000000000000E+00,  8.8210688364588608E-01,  1.9279101300000001E-01,  9.0507599999999999E-04,0
1944,  3.8750000000000001E-01,15,  6.2500000000000000E-01,  8.1250000000000000E-01,4,  8.1258034728458883E-01,103,3,501,500,1,  7.8783895232867540E-01,  1.0020000000000000E+00,  1.0000000000000000E+00,  8.8210688364588608E-01,  1.9637032099999999E-01,  8.0413499999999998E-04,0
1945,  3.8750000000000001E-01,15,  6.2500000000000000E-01,  8.1250000000000000E-01,5,  8.1258034728458883E-01,103,3,501,500,1,  7.8783895232867540E-01,  1.0020000000000000E+00,  1.0000000000000000E+00,  8.8210688364588608E-01,  1.8971975199999999E-01,  1.1418360000000000E-03,0
1946,  3.8750000000000001E-01,15,  6.2500000000000000E-01,  1.0000000000000000E+00,1,  8.1258034728458883E-01,103,2,500,500,0,  8.6416919347493382E-01,  1.0000000000000000E+00,  1.0000000000000000E+00,  9.2713600943492225E-01,  1.9301600699999999E-01,  8.3708999999999997E-04,0
1947,  3.8750000000000001E-01,15,  6.2500000000000000E-01,  1.0000000000000000E+00,2,  8.1258034728458883E-01,103,3,501,500,1,  7.8783895232867540E-01,  1.0020000000000000E+00,  1.0000000000000000E+00,  8.8210688364588608E-01,  1.8986094600000000E-01,  1.0705560000000001E-03,0
1948,  3.8750000000000001E-01,15,  6.2500000000000000E-01,  1.0000000000000000E+00,3,  8.1258034728458883E-01,103,3,501,500,1,  7.8783895232867540E-01,  1.0020000000000000E+00,  1.0000000000000000E+00,  8.8210688364588608E-01,  1.9384450200000000E-01,  8.3560899999999996E-04,0
1949,  3.8750000000000001E-01,15,  6.2500000000000000E-01,  1.0000000000000000E+00,4,  8.1258034728458883E-01,103,3,501,500,1,  7.8783895232867540E-01,  1.0020000000000000E+00,  1.0000000000000000E+00,  8.8210688364588608E-01,  1.9555927100000001E-01,  8.7416299999999996E-04,0
1950,  3.8750000000000001E-01,15,  6.2500000000000000E-01,  1.0000000000000000E+00,5,  8.1258034728458883E-01,103,3,501,500,1,  7.8783895232867540E-01,  1.0020000000000000E+00,  1.0000000000000000E+00,  8.8210688364588608E-01,  1.8994678900000000E-01,  8.5413999999999998E-04,0
1951,  3.8750000000000001E-01,15,  8.1250000000000000E-01,  2.5000000000000000E-01,1,  8.1258034728458883E-01,103,1,500,500,0,  1.0000000000000000E+00,  1.0000000000000000E+00,  1.0000000000000000E+00,  1.0000000000000000E+00,  2.3791745500000000E-01,  9.0033599999999995E-04,0
1952,  3.8750000000000001E-01,15,  8.1250000000000000E-01,  2.5000000000000000E-01,2,  8.1258034728458883E-01,103,2,501,500,1,  8.5725471220729144E-01,  1.0020000000000000E+00,  1.0000000000000000E+00,  9.2399305591856751E-01,  2.3446377600000001E-01,  8.7875400000000004E-04,0
1953,  3.8750000000000001E-01,15,  8.1250000000000000E-01,  2.5000000000000000E-01,3,  8.1258034728458883E-01,103,2,501,500,1,  8.5725471220729144E-01,  1.0020000000000000E+00,  1.0000000000000000E+00,  9.2399305591856751E-01,  2.3381225999999999E-01,  1.2003280000000001E-03,0
1954,  3.8750000000000001E-01,15,  8.1250000000000000E-01,  2.5000000000000000E-01,4,  8.1258034728458883E-01,103,2,501,500,1,  8.5725471220729144E-01,  1.0020000000000000E+00,  1.0000000000000000E+00,  9.2399305591856751E-01,  2.3639545400000000E-01,  8.4402800000000003E-04,0
1955,  3.8750000000000001E-01,15,  8.1250000000000000E-01,  2.5000000000000000E-01,5,  8.1258034728458883E-01,103,2,501,500,1,  8.5725471220729144E-01,  1.0020000000000000E+00,  1.0000000000000000E+00,  9.2399305591856751E-01,  2.4781333600000000E-01,  9.0991300000000004E-04,0
1956,  3.8750000000000001E-01,15,  8.1250000000000000E-01,  4.3750000000000000E-01,1,  8.1258034728458883E-01,103,1,500,500,0,  1.0000000000000000E+00,  1.0000000000000000E+00,  1.0000000000000000E+00,  1.0000000000000000E+00,  2.4933816800000000E-01,  8.8225599999999999E-04,0
1957,  3.8750000000000001E-01,15,  8.1250000000000000E-01,  4.3750000000000000E-01,2,  8.1258034728458883E-01,103,2,501,500,1,  8.5725471220729144E-01,  1.0020000000000000E+00,  1.0000000000000000E+00,  9.2399305591856751E-01,  2.3524050399999999E-01,  1.0040570000000000E-03,0
1958,  3.8750000000000001E-01,15,  8.1250000000000000E-01,  4.3750000000000000E-01,3,  8.1258034728458883E-01,103,2,501,500,1,  8.5725471220729144E-01,  1.0020000000000000E+00,  1.0000000000000000E+00,  9.2399305591856751E-01,  2.3249729699999999E-01,  8.9096300000000004E-04,0
1959,  3.8750000000000001E-01,15,  8.1250000000000000E-01,  4.3750000000000000E-01,4,  8.1258034728458883E-01,103,2,501,500,1,  8.5725471220729144E-01,  1.0020000000000000E+00,  1.0000000000000000E+00,  9.2399305591856751E-01,  2.4104058400000000E-01,  9.0095599999999996E-04,0
1960,  3.8750000000000001E-01,15,  8.1250000000000000E-01,  4.3750000000000000E-01,5,  8.1258034728458883E-01,103,2,501,500,1,  8.5725471220729144E-01,  1.0020000000000000E+00,  1.0000000000000000E+00,  9.2399305591856751E-01,  2.4304770400000000E-01,  8.6229000000000004E-04,0
1961,  3.8750000000000001E-01,15,  8.1250000000000000E-01,  6.2500000000000000E-01,1,  8.1258034728458883E-01,103,1,500,500,0,  1.0000000000000000E+00,  1.0000000000000000E+00,  1.0000000000000000E+00,  1.0000000000000000E+00,  2.3365369200000000E-01,  8.6017400000000001E-04,0
1962,  3.8750000000000001E-01,15,  8.1250000000000000E-01,  6.2500000000000000E-01,2,  8.1258034728458883E-01,103,2,501,500,1,  8.5725471220729144E-01,  1.0020000000000000E+00,  1.0000000000000000E+00,  9.2399305591856751E-01,  2.4129756199999999E-01,  1.0013740000000000E-03,0
1963,  3.8750000000000001E-01,15,  8.1250000000000000E-01,  6.2500000000000000E-01,3,  8.1258034728458883E-01,103,2,501,500,1,  8.5725471220729144E-01,  1.0020000000000000E+00,  1.0000000000000000E+00,  9.2399305591856751E-01,  2.4506189800000000E-01,  8.6238500000000002E-04,0
1964,  3.8750000000000001E-01,15,  8.1250000000000000E-01,  6.2500000000000000E-01,4,  8.1258034728458883E-01,103,2,501,500,1,  8.5725471220729144E-01,  1.0020000000000000E+00,  1.0000000000000000E+00,  9.2399305591856751E-01,  2.4709610400000001E-01,  9.1031900000000004E-04,0
1965,  3.8750000000000001E-01,15,  8.1250000000000000E-01,  6.2500000000000000E-01,5,  8.1258034728458883E-01,103,2,501,500,1,  8.5725471220729144E-01,  1.0020000000000000E+00,  1.0000000000000000E+00,  9.2399305591856751E-01,  2.4702536700000000E-01,  9.5106599999999998E-04,0
1966,  3.8750000000000001E-01,15,  8.1250000000000000E-01,  8.1250000000000000E-01,1,  8.1258034728458883E-01,103,1,500,500,0,  1.0000000000000000E+00,  1.0000000000000000E+00,  1.0000000000000000E+00,  1.0000000000000000E+00,  2.5981458299999999E-01,  1.1649010000000001E-03,0
1967,  3.8750000000000001E-01,15,  8.1250000000000000E-01,  8.1250000000000000E-01,2,  8.1258034728458883E-01,103,2,501,500,1,  8.5725471220729144E-01,  1.0020000000000000E+00,  1.0000000000000000E+00,  9.2399305591856751E-01,  2.5326442500000002E-01,  8.8952300000000003E-04,0
1968,  3.8750000000000001E-01,15,  8.1250000000000000E-01,  8.1250000000000000E-01,3,  8.1258034728458883E-01,103,2,501,500,1,  8.5725471220729144E-01,  1.0020000000000000E+00,  1.0000000000000000E+00,  9.2399305591856751E-01,  2.5664028999999999E-01,  9.1101099999999998E-04,0
1969,  3.8750000000000001E-01,15,  8.1250000000000000E-01,  8.1250000000000000E-01,4,  8.1258034728458883E-01,103,2,501,500,1,  8.5725471220729144E-01,  1.0020000000000000E+00,  1.0000000000000000E+00,  9.2399305591856751E-01,  2.3968019500000001E-01,  8.2736599999999995E-04,0
1970,  3.8750000000000001E-01,15,  8.1250000000000000E-01,  8.1250000000000000E-01,5,  8.1258034728458883E-01,103,2,501,500,1,  8.5725471220729144E-01,  1.0020000000000000E+00,  1.0000000000000000E+00,  9.2399305591856751E-01,  2.3700226899999999E-01,  1.2924099999999999E-03,0
1971,  3.8750000000000001E-01,15,  8.1250000000000000E-01,  1.0000000000000000E+00,1,  8.1258034728458883E-01,103,1,500,500,0,  1.0000000000000000E+00,  1.0000000000000000E+00,  1.0000000000000000E+00,  1.0000000000000000E+00,  2.3547049500000000E-01,  8.8047600000000005E-04,0
1972,  3.8750000000000001E-01,15,  8.1250000000000000E-01,  1.0000000000000000E+00,2,  8.1258034728458883E-01,103,2,501,500,1,  8.5725471220729144E-01,  1.0020000000000000E+00,  1.0000000000000000E+00,  9.2399305591856751E-01,  2.3806057000000000E-01,  1.2416990000000000E-03,0
1973,  3.8750000000000001E-01,15,  8.1250000000000000E-01,  1.0000000000000000E+00,3,  8.1258034728458883E-01,103,2,501,500,1,  8.5725471220729144E-01,  1.0020000000000000E+00,  1.0000000000000000E+00,  9.2399305591856751E-01,  2.3510416100000001E-01,  8.6730900000000003E-04,0
1974,  3.8750000000000001E-01,15,  8.1250000000000000E-01,  1.0000000000000000E+00,4,  8.1258034728458883E-01,103,2,501,500,1,  8.5725471220729144E-01,  1.0020000000000000E+00,  1.0000000000000000E+00,  9.2399305591856751E-01,  2.3746408699999999E-01,  1.0493930000000000E-03,0
1975,  3.8750000000000001E-01,15,  8.1250000000000000E-01,  1.0000000000000000E+00,5,  8.1258034728458883E-01,103,2,501,500,1,  8.5725471220729144E-01,  1.0020000000000000E+00,  1.0000000000000000E+00,  9.2399305591856751E-01,  2.3457517300000000E-01,  8.7560500000000000E-04,0
1976,  3.8750000000000001E-01,15,  1.0000000000000000E+00,  2.5000000000000000E-01,1,  8.1258034728458883E-01,103,1,500,500,0,  1.0000000000000000E+00,  1.0000000000000000E+00,  1.0000000000000000E+00,  1.0000000000000000E+00,  2.4129501200000000E-01,  8.4196499999999997E-04,0
1977,  3.8750000000000001E-01,15,  1.0000000000000000E+00,  2.5000000000000000E-01,2,  8.1258034728458883E-01,103,1,500,500,0,  1.0000000000000000E+00,  1.0000000000000000E+00,  1.0000000000000000E+00,  1.0000000000000000E+00,  2.4316889600000000E-01,  8.4300499999999997E-04,0
1978,  3.8750000000000001E-01,15,  1.0000000000000000E+00,  2.5000000000000000E-01,3,  8.1258034728458883E-01,103,1,500,500,0,  1.0000000000000000E+00,  1.0000000000000000E+00,  1.0000000000000000E+00,  1.0000000000000000E+00,  2.4443077299999999E-01,  8.9164400000000003E-04,0
1979,  3.8750000000000001E-01,15,  1.0000000000000000E+00,  2.5000000000000000E-01,4,  8.1258034728458883E-01,103,1,500,500,0,  1.0000000000000000E+00,  1.0000000000000000E+00,  1.0000000000000000E+00,  1.0000000000000000E+00,  2.4450786299999999E-01,  9.4184399999999995E-04,0
1980,  3.8750000000000001E-01,15,  1.0000000000000000E+00,  2.5000000000000000E-01,5,  8.1258034728458883E-01,103,1,500,500,0,  1.0000000000000000E+00,  1.0000000000000000E+00,  1.0000000000000000E+00,  1.0000000000000000E+00,  2.4241571100000001E-01,  8.7478800000000004E-04,0
1981,  3.8750000000000001E-01,15,  1.0000000000000000E+00,  4.3750000000000000E-01,1,  8.1258034728458883E-01,103,1,500,500,0,  1.0000000000000000E+00,  1.0000000000000000E+00,  1.0000000000000000E+00,  1.0000000000000000E+00,  2.4308561700000000E-01,  8.4312799999999995E-04,0
1982,  3.8750000000000001E-01,15,  1.0000000000000000E+00,  4.3750000000000000E-01,2,  8.1258034728458883E-01,103,1,500,500,0,  1.0000000000000000E+00,  1.0000000000000000E+00,  1.0000000000000000E+00,  1.0000000000000000E+00,  2.4251366199999999E-01,  9.5478499999999999E-04,0
1983,  3.8750000000000001E-01,15,  1.0000000000000000E+00,  4.3750000000000000E-01,3,  8.1258034728458883E-01,103,1,500,500,0,  1.0000000000000000E+00,  1.0000000000000000E+00,  1.0000000000000000E+00,  1.0000000000000000E+00,  2.4056106099999999E-01,  8.2985500000000000E-04,0
1984,  3.8750000000000001E-01,15,  1.0000000000000000E+00,  4.3750000000000000E-01,4,  8.1258034728458883E-01,103,1,500,500,0,  1.0000000000000000E+00,  1.0000000000000000E+00,  1.0000000000000000E+00,  1.0000000000000000E+00,  2.4475540400000001E-01,  9.1242500000000002E-04,0
1985,  3.8750000000000001E-01,15,  1.0000000000000000E+00,  4.3750000000000000E-01,5,  8.1258034728458883E-01,103,1,500,500,0,  1.0000000000000000E+00,  1.0000000000000000E+00,  1.0000000000000000E+00,  1.0000000000000000E+00,  2.4311581800000001E-01,  8.7759600000000002E-04,0
1986,  3.8750000000000001E-01,15,  1.0000000000000000E+00,  6.2500000000000000E-01,1,  8.1258034728458883E-01,103,1,500,500,0,  1.0000000000000000E+00,  1.0000000000000000E+00,  1.0000000000000000E+00,  1.0000000000000000E+00,  2.4599451200000000E-01,  8.2744299999999997E-04,0
1987,  3.8750000000000001E-01,15,  1.0000000000000000E+00,  6.2500000000000000E-01,2,  8.1258034728458883E-01,103,1,500,500,0,  1.0000000000000000E+00,  1.0000000000000000E+00,  1.0000000000000000E+00,  1.0000000000000000E+00,  2.4128074499999999E-01,  8.8607599999999996E-04,0
1988,  3.8750000000000001E-01,15,  1.0000000000000000E+00,  6.2500000000000000E-01,3,  8.1258034728458883E-01,103,1,500,500,0,  1.0000000000000000E+00,  1.0000000000000000E+00,  1.0000000000000000E+00,  1.0000000000000000E+00,  2.4026138300000000E-01,  1.0526120000000001E-03,0
1989,  3.8750000000000001E-01,15,  1.0000000000000000E+00,  6.2500000000000000E-01,4,  8.1258034728458883E-01,103,1,500,500,0,  1.0000000000000000E+00,  1.0000000000000000E+00,  1.0000000000000000E+00,  1.0000000000000000E+00,  2.4017618199999999E-01,  8.5985800000000002E-04,0
1990,  3.8750000000000001E-01,15,  1.0000000000000000E+00,  6.2500000000000000E-01,5,  8.1258034728458883E-01,103,1,500,500,0,  1.0000000000000000E+00,  1.0000000000000000E+00,  1.0000000000000000E+00,  1.0000000000000000E+00,  2.4973761100000000E-01,  8.6697399999999996E-04,0
1991,  3.8750000000000001E-01,15,  1.0000000000000000E+00,  8.1250000000000000E-01,1,  8.1258034728458883E-01,103,1,500,500,0,  1.0000000000000000E+00,  1.0000000000000000E+00,  1.0000000000000000E+00,  1.0000000000000000E+00,  2.5420699899999999E-01,  8.7121599999999996E-04,0
1992,  3.8750000000000001E-01,15,  1.0000000000000000E+00,  8.1250000000000000E-01,2,  8.1258034728458883E-01,103,1,500,500,0,  1.0000000000000000E+00,  1.0000000000000000E+00,  1.0000000000000000E+00,  1.0000000000000000E+00,  2.4999404500000000E-01,  9.3823599999999995E-04,0
1993,  3.8750000000000001E-01,15,  1.0000000000000000E+00,  8.1250000000000000E-01,3,  8.1258034728458883E-01,103,1,500,500,0,  1.0000000000000000E+00,  1.0000000000000000E+00,  1.0000000000000000E+00,  1.0000000000000000E+00,  2.4195321100000000E-01,  1.1101069999999999E-03,0
1994,  3.8750000000000001E-01,15,  1.0000000000000000E+00,  8.1250000000000000E-01,4,  8.1258034728458883E-01,103,1,500,500,0,  1.0000000000000000E+00,  1.0000000000000000E+00,  1.0000000000000000E+00,  1.0000000000000000E+00,  2.5873471700000000E-01,  8.2601899999999999E-04,0
1995,  3.8750000000000001E-01,15,  1.0000000000000000E+00,  8.1250000000000000E-01,5,  8.1258034728458883E-01,103,1,500,500,0,  1.0000000000000000E+00,  1.0000000000000000E+00,  1.0000000000000000E+00,  1.0000000000000000E+00,  2.4229286999999999E-01,  8.4500500000000002E-04,0
1996,  3.8750000000000001E-01,15,  1.0000000000000000E+00,  1.0000000000000000E+00,1,  8.1258034728458883E-01,103,1,500,500,0,  1.0000000000000000E+00,  1.0000000000000000E+00,  1.0000000000000000E+00,  1.0000000000000000E+00,  2.4702845800000001E-01,  8.9057199999999996E-04,0
1997,  3.8750000000000001E-01,15,  1.0000000000000000E+00,  1.0000000000000000E+00,2,  8.1258034728458883E-01,103,1,500,500,0,  1.0000000000000000E+00,  1.0000000000000000E+00,  1.0000000000000000E+00,  1.0000000000000000E+00,  2.4268613800000000E-01,  1.1988080000000000E-03,0
1998,  3.8750000000000001E-01,15,  1.0000000000000000E+00,  1.0000000000000000E+00,3,  8.1258034728458883E-01,103,1,500,500,0,  1.0000000000000000E+00,  1.0000000000000000E+00,  1.0000000000000000E+00,  1.0000000000000000E+00,  2.3925687300000001E-01,  8.0127400000000004E-04,0
1999,  3.8750000000000001E-01,15,  1.0000000000000000E+00,  1.0000000000000000E+00,4,  8.1258034728458883E-01,103,1,500,500,0,  1.0000000000000000E+00,  1.0000000000000000E+00,  1.0000000000000000E+00,  1.0000000000000000E+00,  2.4194726999999999E-01,  8.2624700000000001E-04,0
2000,  3.8750000000000001E-01,15,  1.0000000000000000E+00,  1.0000000000000000E+00,5,  8.1258034728458883E-01,103,1,500,500,0,  1.0000000000000000E+00,  1.0000000000000000E+00,  1.0000000000000000E+00,  1.0000000000000000E+00,  2.4519596099999999E-01,  9.7573500000000004E-04,0
2001,  3.8750000000000001E-01,25,  2.5000000000000000E-01,  2.5000000000000000E-01,1,  8.1258034728458883E-01,69,5,492,492,0,  5.7468808250147208E-01,  9.8399999999999999E-01,  9.8399999999999999E-01,  7.2560133041360375E-01,  6.7689101000000002E-02,  8.7600400000000000E-04,0
2002,  3.8750000000000001E-01,25,  2.5000000000000000E-01,  2.5000000000000000E-01,2,  8.1258034728458883E-01,69,6,493,492,1,  4.8291405122179953E-01,  9.8599999999999999E-01,  9.8399999999999999E-01,  6.4830648751524167E-01,  6.3550244000000006E-02,  8.3383399999999999E-04,0
2003,  3.8750000000000001E-01,25,  2.5000000000000000E-01,  2.5000000000000000E-01,3,  8.1258034728458883E-01,69,8,497,492,5,  4.1211011652965934E-01,  9.9399999999999999E-01,  9.8399999999999999E-01,  5.8265345084278952E-01,  6.1205980000000000E-02,  8.4949500000000002E-04,0
2004,  3.8750000000000001E-01,25,  2.5000000000000000E-01,  2.5000000000000000E-01,4,  8.1258034728458883E-01,69,9,500,492,8,  3.6089502843598592E-01,  1.0000000000000000E+00,  9.8399999999999999E-01,  5.3037893576662698E-01,  5.9965872000000003E-02,  8.4265499999999999E-04,0
2005,  3.8750000000000001E-01,25,  2.5000000000000000E-01,  2.5000000000000000E-01,5,  8.1258034728458883E-01,69,9,500,492,8,  3.6089502843598592E-01,  1.0000000000000000E+00,  9.8399999999999999E-01,  5.3037893576662698E-01,  6.0070620999999998E-02,  8.4211300000000002E-04,0
2006,  3.8750000000000001E-01,25,  2.5000000000000000E-01,  4.3750000000000000E-01,1,  8.1258034728458883E-01,69,5,492,492,0,  5.7468808250147208E-01,  9.8399999999999999E-01,  9.8399999999999999E-01,  7.2560133041360375E-01,  6.1691190999999999E-02,  9.0834100000000001E-04,0
2007,  3.8750000000000001E-01,25,  2.5000000000000000E-01,  4.3750000000000000E-01,2,  8.1258034728458883E-01,69,6,493,492,1,  4.8291405122179953E-01,  9.8599999999999999E-01,  9.8399999999999999E-01,  6.4830648751524167E-01,  6.1065990000000001E-02,  8.3484000000000000E-04,0
2008,  3.8750000000000001E-01,25,  2.5000000000000000E-01,  4.3750000000000000E-01,3,  8.1258034728458883E-01,69,8,497,492,5,  4.1211011652965934E-01,  9.9399999999999999E-01,  9.8399999999999999E-01,  5.8265345084278952E-01,  6.2827781999999999E-02,  8.4993500000000001E-04,0
2009,  3.8750000000000001E-01,25,  2.5000000000000000E-01,  4.3750000000000000E-01,4,  8.1258034728458883E-01,69,9,500,492,8,  3.6089502843598592E-01,  1.0000000000000000E+00,  9.8399999999999999E-01,  5.3037893576662698E-01,  6.1899455999999999E-02,  1.0131560000000001E-03,0
2010,  3.8750000000000001E-01,25,  2.5000000000000000E-01,  4.3750000000000000E-01,5,  8.1258034728458883E-01,69,9,500,492,8,  3.6089502843598592E-01,  1.0000000000000000E+00,  9.8399999999999999E-01,  5.3037893576662698E-01,  6.3688137000000006E-02,  1.0761150000000001E-03,0
2011,  3.8750000000000001E-01,25,  2.5000000000000000E-01,  6.2500000000000000E-01,1,  8.1258034728458883E-01,69,5,492,492,0,  5.7468808250147208E-01,  9.8399999999999999E-01,  9.8399999999999999E-01,  7.2560133041360375E-01,  7.2570195000000004E-02,  8.9299500000000005E-04,0
2012,  3.8750000000000001E-01,25,  2.5000000000000000E-01,  6.2500000000000000E-01,2,  8.1258034728458883E-01,69,6,493,492,1,  4.8291405122179953E-01,  9.8599999999999999E-01,  9.8399999999999999E-01,  6.4830648751524167E-01,  6.2867497999999994E-02,  8.8950300000000004E-04,0
2013,  3.8750000000000001E-01,25,  2.5000000000000000E-01,  6.2500000000000000E-01,3,  8.1258034728458883E-01,69,8,497,492,5,  4.1211011652965934E-01,  9.9399999999999999E-01,  9.8399999999999999E-01,  5.8265345084278952E-01,  6.3046582000000004E-02,  8.5634399999999999E-04,0
2014,  3.8750000000000001E-01,25,  2.5000000000000000E-01,  6.2500000000000000E-01,4,  8.1258034728458883E-01,69,9,500,492,8,  3.6089502843598592E-01,  1.0000000000000000E+00,  9.8399999999999999E-01,  5.3037893576662698E-01,  6.2169193999999997E-02,  8.8113099999999995E-04,0
2015,  3.8750000000000001E-01,25,  2.5000000000000000E-01,  6.2500000000000000E-01,5,  8.1258034728458883E-01,69,9,500,492,8,  3.6089502843598592E-01,  1.0000000000000000E+00,  9.8399999999999999E-01,  5.3037893576662698E-01,  6.0457748999999998E-02,  8.7945600000000003E-04,0
2016,  3.8750000000000001E-01,25,  2.5000000000000000E-01,  8.1250000000000000E-01,1,  8.1258034728458883E-01,69,5,492,492,0,  5.7468808250147208E-01,  9.8399999999999999E-01,  9.8399999999999999E-01,  7.2560133041360375E-01,  6.0865094000000002E-02,  8.2883200000000005E-04,0
2017,  3.8750000000000001E-01,25,  2.5000000000000000E-01,  8.1250000000000000E-01,2,  8.1258034728458883E-01,69,6,493,492,1,  4.8291405122179953E-01,  9.8599999999999999E-01,  9.8399999999999999E-01,  6.4830648751524167E-01,  6.2725502000000002E-02,  8.1483000000000000E-04,0
2018,  3.8750000000000001E-01,25,  2.5000000000000000E-01,  8.1250000000000000E-01,3,  8.1258034728458883E-01,69,8,497,492,5,  4.1211011652965934E-01,  9.9399999999999999E-01,  9.8399999999999999E-01,  5.8265345084278952E-01,  5.9773878000000003E-02,  8.5466600000000002E-04,0
2019,  3.8750000000000001E-01,25,  2.5000000000000000E-01,  8.1250000000000000E-01,4,  8.1258034728458883E-01,69,9,500,492,8,  3.6089502843598592E-01,  1.0000000000000000E+00,  9.8399999999999999E-01,  5.3037893576662698E-01,  6.0635276000000002E-02,  8.4122699999999995E-04,0
2020,  3.8750000000000001E-01,25,  2.5000000000000000E-01,  8.1250000000000000E-01,5,  8.1258034728458883E-01,69,9,500,492,8,  3.6089502843598592E-01,  1.0000000000000000E+00,  9.8399999999999999E-01,  5.3037893576662698E-01,  6.0789146000000002E-02,  9.1984300000000005E-04,0
2021,  3.8750000000000001E-01,25,  2.5000000000000000E-01,  1.0000000000000000E+00,1,  8.1258034728458883E-01,69,5,492,492,0,  5.7468808250147208E-01,  9.8399999999999999E-01,  9.8399999999999999E-01,  7.2560133041360375E-01,  5.9644999999999997E-02,  8.3651899999999998E-04,0
2022,  3.8750000000000001E-01,25,  2.5000000000000000E-01,  1.0000000000000000E+00,2,  8.1258034728458883E-01,69,6,493,492,1,  4.8291405122179953E-01,  9.8599999999999999E-01,  9.8399999999999999E-01,  6.4830648751524167E-01,  6.2712245000000000E-02,  8.7112599999999995E-04,0
2023,  3.8750000000000001E-01,25,  2.5000000000000000E-01,  1.0000000000000000E+00,3,  8.1258034728458883E-01,69,8,497,492,5,  4.1211011652965934E-01,  9.9399999999999999E-01,  9.8399999999999999E-01,  5.8265345084278952E-01,  6.1831441000000001E-02,  8.9668899999999999E-04,0
2024,  3.8750000000000001E-01,25,  2.5000000000000000E-01,  1.0000000000000000E+00,4,  8.1258034728458883E-01,69,9,500,492,8,  3.6089502843598592E-01,  1.0000000000000000E+00,  9.8399999999999999E-01,  5.3037893576662698E-01,  6.1635214000000001E-02,  8.5922300000000000E-04,0
2025,  3.8750000000000001E-01,25,  2.5000000000000000E-01,  1.0000000000000000E+00,5,  8.1258034728458883E-01,69,9,500,492,8,  3.6089502843598592E-01,  1.0000000000000000E+00,  9.8399999999999999E-01,  5.3037893576662698E-01,  6.1568858999999997E-02,  8.6985199999999995E-04,0
2026,  3.8750000000000001E-01,25,  4.3750000000000000E-01,  2.5000000000000000E-01,1,  8.1258034728458883E-01,69,2,497,497,0,  9.0255054422880354E-01,  9.9399999999999999E-01,  9.9399999999999999E-01,  9.4607047905304709E-01,  9.5798320000000006E-02,  8.5046700000000004E-04,0
2027,  3.8750000000000001E-01,25,  4.3750000000000000E-01,  2.5000000000000000E-01,2,  8.1258034728458883E-01,69,2,497,497,0,  9.0255054422880354E-01,  9.9399999999999999E-01,  9.9399999999999999E-01,  9.4607047905304709E-01,  9.5317124000000003E-02,  8.3245900000000002E-04,0
2028,  3.8750000000000001E-01,25,  4.3750000000000000E-01,  2.5000000000000000E-01,3,  8.1258034728458883E-01,69,3,499,497,2,  7.7170915301530629E-01,  9.9800000000000000E-01,  9.9399999999999999E-01,  8.7038679027797783E-01,  9.3846630000000000E-02,  8.0800900000000005E-04,0
2029,  3.8750000000000001E-01,25,  4.3750000000000000E-01,  2.5000000000000000E-01,4,  8.1258034728458883E-01,69,3,499,497,2,  7.7170915301530629E-01,  9.9800000000000000E-01,  9.9399999999999999E-01,  8.7038679027797783E-01,  9.6920328000000000E-02,  8.3496099999999995E-04,0
2030,  3.8750000000000001E-01,25,  4.3750000000000000E-01,  2.5000000000000000E-01,5,  8.1258034728458883E-01,69,3,499,497,2,  7.7170915301530629E-01,  9.9800000000000000E-01,  9.9399999999999999E-01,  8.7038679027797783E-01,  9.5635257000000001E-02,  8.4943699999999998E-04,0
2031,  3.8750000000000001E-01,25,  4.3750000000000000E-01,  4.3750000000000000E-01,1,  8.1258034728458883E-01,69,2,497,497,0,  9.0255054422880354E-01,  9.9399999999999999E-01,  9.9399999999999999E-01,  9.4607047905304709E-01,  9.7682642000000000E-02,  8.4037900000000004E-04,0
2032,  3.8750000000000001E-01,25,  4.3750000000000000E-01,  4.3750000000000000E-01,2,  8.1258034728458883E-01,69,2,497,497,0,  9.0255054422880354E-01,  9.9399999999999999E-01,  9.9399999999999999E-01,  9.4607047905304709E-01,  1.0148810599999999E-01,  8.7157200000000004E-04,0
2033,  3.8750000000000001E-01,25,  4.3750000000000000E-01,  4.3750000000000000E-01,3,  8.1258034728458883E-01,69,3,499,497,2,  7.7170915301530629E-01,  9.9800000000000000E-01,  9.9399999999999999E-01,  8.7038679027797783E-01,  9.5041212999999999E-02,  8.9472700000000000E-04,0
2034,  3.8750000000000001E-01,25,  4.3750000000000000E-01,  4.3750000000000000E-01,4,  8.1258034728458883E-01,69,3,499,497,2,  7.7170915301530629E-01,  9.9800000000000000E-01,  9.9399999999999999E-01,  8.7038679027797783E-01,  9.5656894000000006E-02,  9.4569700000000001E-04,0
2035,  3.8750000000000001E-01,25,  4.3750000000000000E-01,  4.3750000000000000E-01,5,  8.1258034728458883E-01,69,3,499,497,2,  7.7170915301530629E-01,  9.9800000000000000E-01,  9.9399999999999999E-01,  8.7038679027797783E-01,  9.8166078000000004E-02,  8.1466100000000005E-04,0
2036,  3.8750000000000001E-01,25,  4.3750000000000000E-01,  6.2500000000000000E-01,1,  8.1258034728458883E-01,69,2,497,497,0,  9.0255054422880354E-01,  9.9399999999999999E-01,  9.9399999999999999E-01,  9.4607047905304709E-01,  9.5098471000000004E-02,  8.6247899999999998E-04,0
2037,  3.8750000000000001E-01,25,  4.3750000000000000E-01,  6.2500000000000000E-01,2,  8.1258034728458883E-01,69,2,497,497,0,  9.0255054422880354E-01,  9.9399999999999999E-01,  9.9399999999999999E-01,  9.4607047905304709E-01,  9.6827361000000001E-02,  8.6724299999999996E-04,0
2038,  3.8750000000000001E-01,25,  4.3750000000000000E-01,  6.2500000000000000E-01,3,  8.1258034728458883E-01,69,3,499,497,2,  7.7170915301530629E-01,  9.9800000000000000E-01,  9.9399999999999999E-01,  8.7038679027797783E-01,  9.6795644000000000E-02,  9.8727899999999998E-04,0
2039,  3.8750000000000001E-01,25,  4.3750000000000000E-01,  6.2500000000000000E-01,4,  8.1258034728458883E-01,69,3,499,497,2,  7.7170915301530629E-01,  9.9800000000000000E-01,  9.9399999999999999E-01,  8.7038679027797783E-01,  9.9124660000000003E-02,  8.3893699999999999E-04,0
2040,  3.8750000000000001E-01,25,  4.3750000000000000E-01,  6.2500000000000000E-01,5,  8.1258034728458883E-01,69,3,499,497,2,  7.7170915301530629E-01,  9.9800000000000000E-01,  9.9399999999999999E-01,  8.7038679027797783E-01,  9.4472836000000004E-02,  8.0957200000000005E-04,0
2041,  3.8750000000000001E-01,25,  4.3750000000000000E-01,  8.1250000000000000E-01,1,  8.1258034728458883E-01,69,2,497,497,0,  9.0255054422880354E-01,  9.9399999999999999E-01,  9.9399999999999999E-01,  9.4607047905304709E-01,  9.7287048000000001E-02,  8.3591299999999998E-04,0
2042,  3.8750000000000001E-01,25,  4.3750000000000000E-01,  8.1250000000000000E-01,2,  8.1258034728458883E-01,69,2,497,497,0,  9.0255054422880354E-01,  9.9399999999999999E-01,  9.9399999999999999E-01,  9.4607047905304709E-01,  9.5719862000000003E-02,  8.2368399999999998E-04,0
2043,  3.8750000000000001E-01,25,  4.3750000000000000E-01,  8.1250000000000000E-01,3,  8.1258034728458883E-01,69,3,499,497,2,  7.7170915301530629E-01,  9.9800000000000000E-01,  9.9399999999999999E-01,  8.7038679027797783E-01,  9.3232736999999996E-02,  8.1152299999999998E-04,0
2044,  3.8750000000000001E-01,25,  4.3750000000000000E-01,  8.1250000000000000E-01,4,  8.1258034728458883E-01,69,3,499,497,2,  7.7170915301530629E-01,  9.9800000000000000E-01,  9.9399999999999999E-01,  8.7038679027797783E-01,  9.8579365000000002E-02,  8.6611299999999995E-04,0
2045,  3.8750000000000001E-01,25,  4.3750000000000000E-01,  8.1250000000000000E-01,5,  8.1258034728458883E-01,69,3,499,497,2,  7.7170915301530629E-01,  9.9800000000000000E-01,  9.9399999999999999E-01,  8.7038679027797783E-01,  9.4497337000000001E-02,  1.2732049999999999E-03,0
2046,  3.8750000000000001E-01,25,  4.3750000000000000E-01,  1.0000000000000000E+00,1,  8.1258034728458883E-01,69,2,497,497,0,  9.0255054422880354E-01,  9.9399999999999999E-01,  9.9399999999999999E-01,  9.4607047905304709E-01,  9.7813650000000002E-02,  8.9795599999999999E-04,0
2047,  3.8750000000000001E-01,25,  4.3750000000000000E-01,  1.0000000000000000E+00,2,  8.1258034728458883E-01,69,2,497,497,0,  9.0255054422880354E-01,  9.9399999999999999E-01,  9.9399999999999999E-01,  9.4607047905304709E-01,  9.9079543000000006E-02,  8.3072400000000002E-04,0
2048,  3.8750000000000001E-01,25,  4.3750000000000000E-01,  1.0000000000000000E+00,3,  8.1258034728458883E-01,69,3,499,497,2,  7.7170915301530629E-01,  9.9800000000000000E-01,  9.9399999999999999E-01,  8.7038679027797783E-01,  9.6587316000000006E-02,  8.7123699999999997E-04,0
2049,  3.8750000000000001E-01,25,  4.3750000000000000E-01,  1.0000000000000000E+00,4,  8.1258034728458883E-01,69,3,499,497,2,  7.7170915301530629E-01,  9.9800000000000000E-01,  9.9399999999999999E-01,  8.7038679027797783E-01,  9.3804033999999994E-02,  7.9286400000000000E-04,0
2050,  3.8750000000000001E-01,25,  4.3750000000000000E-01,  1.0000000000000000E+00,5,  8.1258034728458883E-01,69,3,499,497,2,  7.7170915301530629E-01,  9.9800000000000000E-01,  9.9399999999999999E-01,  8.7038679027797783E-01,  9.9166720000000000E-02,  8.1043300000000005E-04,0
2051,  3.8750000000000001E-01,25,  6.2500000000000000E-01,  2.5000000000000000E-01,1,  8.1258034728458883E-01,69,1,498,498,0,  9.9781522388574906E-01,  9.9600000000000000E-01,  9.9600000000000000E-01,  9.9690678562814983E-01,  1.2747380200000000E-01,  8.4789800000000003E-04,0
2052,  3.8750000000000001E-01,25,  6.2500000000000000E-01,  2.5000000000000000E-01,2,  8.1258034728458883E-01,69,2,499,498,1,  8.9680978181199200E-01,  9.9800000000000000E-01,  9.9600000000000000E-01,  9.4470291513111249E-01,  1.2624111900000001E-01,  9.1015300000000003E-04,0
2053,  3.8750000000000001E-01,25,  6.2500000000000000E-01,  2.5000000000000000E-01,3,  8.1258034728458883E-01,69,2,499,498,1,  8.9680978181199200E-01,  9.9800000000000000E-01,  9.9600000000000000E-01,  9.4470291513111249E-01,  1.2398557400000000E-01,  8.0000899999999996E-04,0
2054,  3.8750000000000001E-01,25,  6.2500000000000000E-01,  2.5000000000000000E-01,4,  8.1258034728458883E-01,69,2,499,498,1,  8.9680978181199200E-01,  9.9800000000000000E-01,  9.9600000000000000E-01,  9.4470291513111249E-01,  1.2419892200000000E-01,  7.9922399999999996E-04,0
2055,  3.8750000000000001E-01,25,  6.2500000000000000E-01,  2.5000000000000000E-01,5,  8.1258034728458883E-01,69,2,499,498,1,  8.9680978181199200E-01,  9.9800000000000000E-01,  9.9600000000000000E-01,  9.4470291513111249E-01,  1.2767178800000001E-01,  8.2803399999999995E-04,0
2056,  3.8750000000000001E-01,25,  6.2500000000000000E-01,  4.3750000000000000E-01,1,  8.1258034728458883E-01,69,1,498,498,0,  9.9781522388574906E-01,  9.9600000000000000E-01,  9.9600000000000000E-01,  9.9690678562814983E-01,  1.2832595799999999E-01,  1.0847560000000001E-03,0
2057,  3.8750000000000001E-01,25,  6.2500000000000000E-01,  4.3750000000000000E-01,2,  8.1258034728458883E-01,69,2,499,498,1,  8.9680978181199200E-01,  9.9800000000000000E-01,  9.9600000000000000E-01,  9.4470291513111249E-01,  1.2918174099999999E-01,  8.6892800000000004E-04,0
2058,  3.8750000000000001E-01,25,  6.2500000000000000E-01,  4.3750000000000000E-01,3,  8.1258034728458883E-01,69,2,499,498,1,  8.9680978181199200E-01,  9.9800000000000000E-01,  9.9600000000000000E-01,  9.4470291513111249E-01,  1.2957299700000000E-01,  8.7597200000000004E-04,0
2059,  3.8750000000000001E-01,25,  6.2500000000000000E-01,  4.3750000000000000E-01,4,  8.1258034728458883E-01,69,2,499,498,1,  8.9680978181199200E-01,  9.9800000000000000E-01,  9.9600000000000000E-01,  9.4470291513111249E-01,  1.2742867399999999E-01,  8.2537900000000000E-04,0
2060,  3.8750000000000001E-01,25,  6.2500000000000000E-01,  4.3750000000000000E-01,5,  8.1258034728458883E-01,69,2,499,498,1,  8.9680978181199200E-01,  9.9800000000000000E-01,  9.9600000000000000E-01,  9.4470291513111249E-01,  1.2728721600000001E-01,  8.5620499999999997E-04,0
2061,  3.8750000000000001E-01,25,  6.2500000000000000E-01,  6.2500000000000000E-01,1,  8.1258034728458883E-01,69,1,498,498,0,  9.9781522388574906E-01,  9.9600000000000000E-01,  9.9600000000000000E-01,  9.9690678562814983E-01,  1.2752449799999999E-01,  8.6184700000000000E-04,0
2062,  3.8750000000000001E-01,25,  6.2500000000000000E-01,  6.2500000000000000E-01,2,  8.1258034728458883E-01,69,2,499,498,1,  8.9680978181199200E-01,  9.9800000000000000E-01,  9.9600000000000000E-01,  9.4470291513111249E-01,  1.2763889700000000E-01,  8.6886799999999996E-04,0
2063,  3.8750000000000001E-01,25,  6.2500000000000000E-01,  6.2500000000000000E-01,3,  8.1258034728458883E-01,69,2,499,498,1,  8.9680978181199200E-01,  9.9800000000000000E-01,  9.9600000000000000E-01,  9.4470291513111249E-01,  1.2522234199999999E-01,  8.8366200000000001E-04,0
2064,  3.8750000000000001E-01,25,  6.2500000000000000E-01,  6.2500000000000000E-01,4,  8.1258034728458883E-01,69,2,499,498,1,  8.9680978181199200E-01,  9.9800000000000000E-01,  9.9600000000000000E-01,  9.4470291513111249E-01,  1.2851656800000000E-01,  8.5938200000000001E-04,0
2065,  3.8750000000000001E-01,25,  6.2500000000000000E-01,  6.2500000000000000E-01,5,  8.1258034728458883E-01,69,2,499,498,1,  8.9680978181199200E-01,  9.9800000000000000E-01,  9.9600000000000000E-01,  9.4470291513111249E-01,  1.2819329800000001E-01,  8.4604099999999996E-04,0
2066,  3.8750000000000001E-01,25,  6.2500000000000000E-01,  8.1250000000000000E-01,1,  8.1258034728458883E-01,69,1,498,498,0,  9.9781522388574906E-01,  9.9600000000000000E-01,  9.9600000000000000E-01,  9.9690678562814983E-01,  1.2653923400000000E-01,  8.5580400000000005E-04,0
2067,  3.8750000000000001E-01,25,  6.2500000000000000E-01,  8.1250000000000000E-01,2,  8.1258034728458883E-01,69,2,499,498,1,  8.9680978181199200E-01,  9.9800000000000000E-01,  9.9600000000000000E-01,  9.4470291513111249E-01,  1.2873165400000000E-01,  8.5157300000000000E-04,0
2068,  3.8750000000000001E-01,25,  6.2500000000000000E-01,  8.1250000000000000E-01,3,  8.1258034728458883E-01,69,2,499,498,1,  8.9680978181199200E-01,  9.9800000000000000E-01,  9.9600000000000000E-01,  9.4470291513111249E-01,  1.2750981400000000E-01,  9.0618800000000005E-04,0
2069,  3.8750000000000001E-01,25,  6.2500000000000000E-01,  8.1250000000000000E-01,4,  8.1258034728458883E-01,69,2,499,498,1,  8.9680978181199200E-01,  9.9800000000000000E-01,  9.9600000000000000E-01,  9.4470291513111249E-01,  1.2832947200000000E-01,  8.3090599999999996E-04,0
2070,  3.8750000000000001E-01,25,  6.2500000000000000E-01,  8.1250000000000000E-01,5,  8.1258034728458883E-01,69,2,499,498,1,  8.9680978181199200E-01,  9.9800000000000000E-01,  9.9600000000000000E-01,  9.4470291513111249E-01,  1.2696839100000001E-01,  9.4510400000000000E-04,0
2071,  3.8750000000000001E-01,25,  6.2500000000000000E-01,  1.0000000000000000E+00,1,  8.1258034728458883E-01,69,1,498,498,0,  9.9781522388574906E-01,  9.9600000000000000E-01,  9.9600000000000000E-01,  9.9690678562814983E-01,  1.2594722799999999E-01,  8.6276500000000004E-04,0
2072,  3.8750000000000001E-01,25,  6.2500000000000000E-01,  1.0000000000000000E+00,2,  8.1258034728458883E-01,69,2,499,498,1,  8.9680978181199200E-01,  9.9800000000000000E-01,  9.9600000000000000E-01,  9.4470291513111249E-01,  1.2864953600000001E-01,  8.4398800000000005E-04,0
2073,  3.8750000000000001E-01,25,  6.2500000000000000E-01,  1.0000000000000000E+00,3,  8.1258034728458883E-01,69,2,499,498,1,  8.9680978181199200E-01,  9.9800000000000000E-01,  9.9600000000000000E-01,  9.4470291513111249E-01,  1.2593637699999999E-01,  8.9521200000000005E-04,0
2074,  3.8750000000000001E-01,25,  6.2500000000000000E-01,  1.0000000000000000E+00,4,  8.1258034728458883E-01,69,2,499,498,1,  8.9680978181199200E-01,  9.9800000000000000E-01,  9.9600000000000000E-01,  9.4470291513111249E-01,  1.2821483500000000E-01,  8.4903200000000000E-04,0
2075,  3.8750000000000001E-01,25,  6.2500000000000000E-01,  1.0000000000000000E+00,5,  8.1258034728458883E-01,69,2,499,498,1,  8.9680978181199200E-01,  9.9800000000000000E-01,  9.9600000000000000E-01,  9.4470291513111249E-01,  1.3764877800000000E-01,  9.0333399999999999E-04,0
2076,  3.8750000000000001E-01,25,  8.1250000000000000E-01,  2.5000000000000000E-01,1,  8.1258034728458883E-01,69,1,500,500,0,  1.0000000000000000E+00,  1.0000000000000000E+00,  1.0000000000000000E+00,  1.0000000000000000E+00,  1.5059097900000001E-01,  9.9090099999999998E-04,0
2077,  3.8750000000000001E-01,25,  8.1250000000000000E-01,  2.5000000000000000E-01,2,  8.1258034728458883E-01,69,1,500,500,0,  1.0000000000000000E+00,  1.0000000000000000E+00,  1.0000000000000000E+00,  1.0000000000000000E+00,  1.6236270000000000E-01,  8.5156399999999997E-04,0
2078,  3.8750000000000001E-01,25,  8.1250000000000000E-01,  2.5000000000000000E-01,3,  8.1258034728458883E-01,69,1,500,500,0,  1.0000000000000000E+00,  1.0000000000000000E+00,  1.0000000000000000E+00,  1.0000000000000000E+00,  1.4922675499999999E-01,  8.7684999999999998E-04,0
2079,  3.8750000000000001E-01,25,  8.1250000000000000E-01,  2.5000000000000000E-01,4,  8.1258034728458883E-01,69,1,500,500,0,  1.0000000000000000E+00,  1.0000000000000000E+00,  1.0000000000000000E+00,  1.0000000000000000E+00,  1.4629339000000000E-01,  8.2316699999999997E-04,0
2080,  3.8750000000000001E-01,25,  8.1250000000000000E-01,  2.5000000000000000E-01,5,  8.1258034728458883E-01,69,1,500,500,0,  1.0000000000000000E+00,  1.0000000000000000E+00,  1.0000000000000000E+00,  1.0000000000000000E+00,  1.4960552199999999E-01,  8.2172199999999999E-04,0
2081,  3.8750000000000001E-01,25,  8.1250000000000000E-01,  4.3750000000000000E-01,1,  8.1258034728458883E-01,69,1,500,500,0,  1.0000000000000000E+00,  1.0000000000000000E+00,  1.0000000000000000E+00,  1.0000000000000000E+00,  1.4811894200000000E-01,  8.3480100000000003E-04,0
2082,  3.8750000000000001E-01,25,  8.1250000000000000E-01,  4.3750000000000000E-01,2,  8.1258034728458883E-01,69,1,500,500,0,  1.0000000000000000E+00,  1.0000000000000000E+00,  1.0000000000000000E+00,  1.0000000000000000E+00,  1.5557682300000000E-01,  9.0397600000000002E-04,0
2083,  3.8750000000000001E-01,25,  8.1250000000000000E-01,  4.3750000000000000E-01,3,  8.1258034728458883E-01,69,1,500,500,0,  1.0000000000000000E+00,  1.0000000000000000E+00,  1.0000000000000000E+00,  1.0000000000000000E+00,  1.4885013499999999E-01,  8.4545599999999996E-04,0
2084,  3.8750000000000001E-01,25,  8.1250000000000000E-01,  4.3750000000000000E-01,4,  8.1258034728458883E-01,69,1,500,500,0,  1.0000000000000000E+00,  1.0000000000000000E+00,  1.0000000000000000E+00,  1.0000000000000000E+00,  1.5184809499999999E-01,  8.4210299999999997E-04,0
2085,  3.8750000000000001E-01,25,  8.1250000000000000E-01,  4.3750000000000000E-01,5,  8.1258034728458883E-01,69,1,500,500,0,  1.0000000000000000E+00,  1.0000000000000000E+00,  1.0000000000000000E+00,  1.0000000000000000E+00,  1.4716654400000001E-01,  8.0494599999999996E-04,0
2086,  3.8750000000000001E-01,25,  8.1250000000000000E-01,  6.2500000000000000E-01,1,  8.1258034728458883E-01,69,1,500,500,0,  1.0000000000000000E+00,  1.0000000000000000E+00,  1.0000000000000000E+00,  1.0000000000000000E+00,  1.4679097299999999E-01,  8.2363800000000002E-04,0
2087,  3.8750000000000001E-01,25,  8.1250000000000000E-01,  6.2500000000000000E-01,2,  8.1258034728458883E-01,69,1,500,500,0,  1.0000000000000000E+00,  1.0000000000000000E+00,  1.0000000000000000E+00,  1.0000000000000000E+00,  1.4899792000000001E-01,  8.2606200000000002E-04,0
2088,  3.8750000000000001E-01,25,  8.1250000000000000E-01,  6.2500000000000000E-01,3,  8.1258034728458883E-01,69,1,500,500,0,  1.0000000000000000E+00,  1.0000000000000000E+00,  1.0000000000000000E+00,  1.0000000000000000E+00,  1.5304080200000000E-01,  8.7579100000000000E-04,0
2089,  3.8750000000000001E-01,25,  8.1250000000000000E-01,  6.2500000000000000E-01,4,  8.1258034728458883E-01,69,1,500,500,0,  1.0000000000000000E+00,  1.0000000000000000E+00,  1.0000000000000000E+00,  1.0000000000000000E+00,  1.5240233400000000E-01,  1.1300220000000001E-03,0
2090,  3.8750000000000001E-01,25,  8.1250000000000000E-01,  6.2500000000000000E-01,5,  8.1258034728458883E-01,69,1,500,500,0,  1.0000000000000000E+00,  1.0000000000000000E+00,  1.0000000000000000E+00,  1.0000000000000000E+00,  1.4871393099999999E-01,  8.5217799999999998E-04,0
2091,  3.8750000000000001E-01,25,  8.1250000000000000E-01,  8.1250000000000000E-01,1,  8.1258034728458883E-01,69,1,500,500,0,  1.0000000000000000E+00,  1.0000000000000000E+00,  1.0000000000000000E+00,  1.0000000000000000E+00,  1.4945992399999999E-01,  8.6885200000000004E-04,0
2092,  3.8750000000000001E-01,25,  8.1250000000000000E-01,  8.1250000000000000E-01,2,  8.1258034728458883E-01,69,1,500,500,0,  1.0000000000000000E+00,  1.0000000000000000E+00,  1.0000000000000000E+00,  1.0000000000000000E+00,  1.5064684500000000E-01,  8.6172699999999996E-04,0
2093,  3.8750000000000001E-01,25,  8.1250000000000000E-01,  8.1250000000000000E-01,3,  8.1258034728458883E-01,69,1,500,500,0,  1.0000000000000000E+00,  1.0000000000000000E+00,  1.0000000000000000E+00,  1.0000000000000000E+00,  1.5048654800000000E-01,  8.0659899999999997E-04,0
2094,  3.8750000000000001E-01,25,  8.1250000000000000E-01,  8.1250000000000000E-01,4,  8.1258034728458883E-01,69,1,500,500,0,  1.0000000000000000E+00,  1.0000000000000000E+00,  1.0000000000000000E+00,  1.0000000000000000E+00,  1.5161137199999999E-01,  8.1936400000000005E-04,0
2095,  3.8750000000000001E-01,25,  8.1250000000000000E-01,  8.1250000000000000E-01,5,  8.1258034728458883E-01,69,1,500,500,0,  1.0000000000000000E+00,  1.0000000000000000E+00,  1.0000000000000000E+00,  1.0000000000000000E+00,  1.4983444500000001E-01,  1.2086190000000000E-03,0
2096,  3.8750000000000001E-01,25,  8.1250000000000000E-01,  1.0000000000000000E+00,1,  8.1258034728458883E-01,69,1,500,500,0,  1.0000000000000000E+00,  1.0000000000000000E+00,  1.0000000000000000E+00,  1.0000000000000000E+00,  1.5214694700000000E-01,  8.5040500000000004E-04,0
2097,  3.8750000000000001E-01,25,  8.1250000000000000E-01,  1.0000000000000000E+00,2,  8.1258034728458883E-01,69,1,500,500,0,  1.0000000000000000E+00,  1.0000000000000000E+00,  1.0000000000000000E+00,  1.0000000000000000E+00,  1.4982697800000000E-01,  1.0357190000000000E-03,0
2098,  3.8750000000000001E-01,25,  8.1250000000000000E-01,  1.0000000000000000E+00,3,  8.1258034728458883E-01,69,1,500,500,0,  1.0000000000000000E+00,  1.0000000000000000E+00,  1.0000000000000000E+00,  1.0000000000000000E+00,  1.4928882700000001E-01,  9.0660800000000004E-04,0
2099,  3.8750000000000001E-01,25,  8.1250000000000000E-01,  1.0000000000000000E+00,4,  8.1258034728458883E-01,69,1,500,500,0,  1.0000000000000000E+00,  1.0000000000000000E+00,  1.0000000000000000E+00,  1.0000000000000000E+00,  1.4818553800000001E-01,  1.2370730000000000E-03,0
2100,  3.8750000000000001E-01,25,  8.1250000000000000E-01,  1.0000000000000000E+00,5,  8.1258034728458883E-01,69,1,500,500,0,  1.0000000000000000E+00,  1.0000000000000000E+00,  1.0000000000000000E+00,  1.0000000000000000E+00,  1.4699676900000000E-01,  8.5544099999999997E-04,0
2101,  3.8750000000000001E-01,25,  1.0000000000000000E+00,  2.5000000000000000E-01,1,  8.1258034728458883E-01,69,1,500,500,0,  1.0000000000000000E+00,  1.0000000000000000E+00,  1.0000000000000000E+00,  1.0000000000000000E+00,  1.5874864999999999E-01,  9.5647199999999999E-04,0
2102,  3.8750000000000001E-01,25,  1.0000000000000000E+00,  2.5000000000000000E-01,2,  8.1258034728458883E-01,69,1,500,500,0,  1.0000000000000000E+00,  1.0000000000000000E+00,  1.0000000000000000E+00,  1.0000000000000000E+00,  1.6143964799999999E-01,  1.0118359999999999E-03,0
2103,  3.8750000000000001E-01,25,  1.0000000000000000E+00,  2.5000000000000000E-01,3,  8.1258034728458883E-01,69,1,500,500,0,  1.0000000000000000E+00,  1.0000000000000000E+00,  1.0000000000000000E+00,  1.0000000000000000E+00,  1.6191560499999999E-01,  8.4594200000000003E-04,0
2104,  3.8750000000000001E-01,25,  1.0000000000000000E+00,  2.5000000000000000E-01,4,  8.1258034728458883E-01,69,1,500,500,0,  1.0000000000000000E+00,  1.0000000000000000E+00,  1.0000000000000000E+00,  1.0000000000000000E+00,  1.6151822800000001E-01,  1.3326119999999999E-03,0
2105,  3.8750000000000001E-01,25,  1.0000000000000000E+00,  2.5000000000000000E-01,5,  8.1258034728458883E-01,69,1,500,500,0,  1.0000000000000000E+00,  1.0000000000000000E+00,  1.0000000000000000E+00,  1.0000000000000000E+00,  1.6036081999999999E-01,  9.1874999999999997E-04,0
2106,  3.8750000000000001E-01,25,  1.0000000000000000E+00,  4.3750000000000000E-01,1,  8.1258034728458883E-01,69,1,500,500,0,  1.0000000000000000E+00,  1.0000000000000000E+00,  1.0000000000000000E+00,  1.0000000000000000E+00,  1.5661025600000000E-01,  9.1698300000000001E-04,0
2107,  3.8750000000000001E-01,25,  1.0000000000000000E+00,  4.3750000000000000E-01,2,  8.1258034728458883E-01,69,1,500,500,0,  1.0000000000000000E+00,  1.0000000000000000E+00,  1.0000000000000000E+00,  1.0000000000000000E+00,  1.6417949300000001E-01,  8.5101299999999996E-04,0
2108,  3.8750000000000001E-01,25,  1.0000000000000000E+00,  4.3750000000000000E-01,3,  8.1258034728458883E-01,69,1,500,500,0,  1.0000000000000000E+00,  1.0000000000000000E+00,  1.0000000000000000E+00,  1.0000000000000000E+00,  1.6520794100000000E-01,  8.1375999999999996E-04,0
2109,  3.8750000000000001E-01,25,  1.0000000000000000E+00,  4.3750000000000000E-01,4,  8.1258034728458883E-01,69,1,500,500,0,  1.0000000000000000E+00,  1.0000000000000000E+00,  1.0000000000000000E+00,  1.0000000000000000E+00,  1.5623841999999999E-01,  8.3710600000000000E-04,0
2110,  3.8750000000000001E-01,25,  1.0000000000000000E+00,  4.3750000000000000E-01,5,  8.1258034728458883E-01,69,1,500,500,0,  1.0000000000000000E+00,  1.0000000000000000E+00,  1.0000000000000000E+00,  1.0000000000000000E+00,  1.5926329000000000E-01,  9.4479999999999998E-04,0
2111,  3.8750000000000001E-01,25,  1.0000000000000000E+00,  6.2500000000000000E-01,1,  8.1258034728458883E-01,69,1,500,500,0,  1.0000000000000000E+00,  1.0000000000000000E+00,  1.0000000000000000E+00,  1.0000000000000000E+00,  1.5889331200000001E-01,  1.0210860000000000E-03,0
2112,  3.8750000000000001E-01,25,  1.0000000000000000E+00,  6.2500000000000000E-01,2,  8.1258034728458883E-01,69,1,500,500,0,  1.0000000000000000E+00,  1.0000000000000000E+00,  1.0000000000000000E+00,  1.0000000000000000E+00,  1.5938956000000001E-01,  9.3618200000000003E-04,0
2113,  3.8750000000000001E-01,25,  1.0000000000000000E+00,  6.2500000000000000E-01,3,  8.1258034728458883E-01,69,1,500,500,0,  1.0000000000000000E+00,  1.0000000000000000E+00,  1.0000000000000000E+00,  1.0000000000000000E+00,  1.5930356000000001E-01,  8.6931499999999995E-04,0
2114,  3.8750000000000001E-01,25,  1.0000000000000000E+00,  6.2500000000000000E-01,4,  8.1258034728458883E-01,69,1,500,500,0,  1.0000000000000000E+00,  1.0000000000000000E+00,  1.0000000000000000E+00,  1.0000000000000000E+00,  1.5932010299999999E-01,  9.5676099999999998E-04,0
2115,  3.8750000000000001E-01,25,  1.0000000000000000E+00,  6.2500000000000000E-01,5,  8.1258034728458883E-01,69,1,500,500,0,  1.0000000000000000E+00,  1.0000000000000000E+00,  1.0000000000000000E+00,  1.0000000000000000E+00,  1.5984986700000001E-01,  9.7853200000000006E-04,0
2116,  3.8750000000000001E-01,25,  1.0000000000000000E+00,  8.1250000000000000E-01,1,  8.1258034728458883E-01,69,1,500,500,0,  1.0000000000000000E+00,  1.0000000000000000E+00,  1.0000000000000000E+00,  1.0000000000000000E+00,  1.7038022500000000E-01,  9.0025800000000003E-04,0
2117,  3.8750000000000001E-01,25,  1.0000000000000000E+00,  8.1250000000000000E-01,2,  8.1258034728458883E-01,69,1,500,500,0,  1.0000000000000000E+00,  1.0000000000000000E+00,  1.0000000000000000E+00,  1.0000000000000000E+00,  1.6448062899999999E-01,  9.9703899999999991E-04,0
2118,  3.8750000000000001E-01,25,  1.0000000000000000E+00,  8.1250000000000000E-01,3,  8.1258034728458883E-01,69,1,500,500,0,  1.0000000000000000E+00,  1.0000000000000000E+00,  1.0000000000000000E+00,  1.0000000000000000E+00,  1.5910315700000000E-01,  8.8027400000000001E-04,0
2119,  3.8750000000000001E-01,25,  1.0000000000000000E+00,  8.1250000000000000E-01,4,  8.1258034728458883E-01,69,1,500,500,0,  1.0000000000000000E+00,  1.0000000000000000E+00,  1.0000000000000000E+00,  1.0000000000000000E+00,  1.5970964100000001E-01,  8.6455799999999997E-04,0
2120,  3.8750000000000001E-01,25,  1.0000000000000000E+00,  8.1250000000000000E-01,5,  8.1258034728458883E-01,69,1,500,500,0,  1.0000000000000000E+00,  1.0000000000000000E+00,  1.0000000000000000E+00,  1.0000000000000000E+00,  1.6140672000000000E-01,  9.9877499999999992E-04,0
2121,  3.8750000000000001E-01,25,  1.0000000000000000E+00,  1.0000000000000000E+00,1,  8.1258034728458883E-01,69,1,500,500,0,  1.0000000000000000E+00,  1.0000000000000000E+00,  1.0000000000000000E+00,  1.0000000000000000E+00,  1.6138056100000001E-01,  8.9872300000000003E-04,0
2122,  3.8750000000000001E-01,25,  1.0000000000000000E+00,  1.0000000000000000E+00,2,  8.1258034728458883E-01,69,1,500,500,0,  1.0000000000000000E+00,  1.0000000000000000E+00,  1.0000000000000000E+00,  1.0000000000000000E+00,  1.5924251900000000E-01,  8.8151899999999999E-04,0
2123,  3.8750000000000001E-01,25,  1.0000000000000000E+00,  1.0000000000000000E+00,3,  8.1258034728458883E-01,69,1,500,500,0,  1.0000000000000000E+00,  1.0000000000000000E+00,  1.0000000000000000E+00,  1.0000000000000000E+00,  1.6072321200000000E-01,  8.0236700000000001E-04,0
2124,  3.8750000000000001E-01,25,  1.0000000000000000E+00,  1.0000000000000000E+00,4,  8.1258034728458883E-01,69,1,500,500,0,  1.0000000000000000E+00,  1.0000000000000000E+00,  1.0000000000000000E+00,  1.0000000000000000E+00,  1.6101453199999999E-01,  1.0940430000000001E-03,0
2125,  3.8750000000000001E-01,25,  1.0000000000000000E+00,  1.0000000000000000E+00,5,  8.1258034728458883E-01,69,1,500,500,0,  1.0000000000000000E+00,  1.0000000000000000E+00,  1.0000000000000000E+00,  1.0000000000000000E+00,  1.6142302500000000E-01,  8.5191200000000003E-04,0
2126,  3.8750000000000001E-01,35,  2.5000000000000000E-01,  2.5000000000000000E-01,1,  8.1258034728458883E-01,53,7,487,487,0,  3.6014496266673340E-01,  9.7399999999999998E-01,  9.7399999999999998E-01,  5.2585169296182810E-01,  4.6525621000000003E-02,  8.1835600000000001E-04,0
2127,  3.8750000000000001E-01,35,  2.5000000000000000E-01,  2.5000000000000000E-01,2,  8.1258034728458883E-01,53,10,490,487,3,  2.8884115119672271E-01,  9.7999999999999998E-01,  9.7399999999999998E-01,  4.4617772351694729E-01,  4.7005854000000000E-02,  8.3491000000000001E-04,0
2128,  3.8750000000000001E-01,35,  2.5000000000000000E-01,  2.5000000000000000E-01,3,  8.1258034728458883E-01,53,11,492,487,5,  2.7603940358023427E-01,  9.8399999999999999E-01,  9.7399999999999998E-01,  4.3113377621552240E-01,  4.7600640000000000E-02,  8.6283499999999995E-04,0
2129,  3.8750000000000001E-01,35,  2.5000000000000000E-01,  2.5000000000000000E-01,4,  8.1258034728458883E-01,53,12,495,487,8,  2.5820118304918233E-01,  9.8999999999999999E-01,  9.7399999999999998E-01,  4.0958008162473986E-01,  4.6866418000000000E-02,  8.7999499999999995E-04,0
2130,  3.8750000000000001E-01,35,  2.5000000000000000E-01,  2.5000000000000000E-01,5,  8.1258034728458883E-01,53,14,503,487,16,  2.1479445982548706E-01,  1.0060000000000000E+00,  9.7399999999999998E-01,  3.5400427130924089E-01,  4.7686991999999997E-02,  8.4016300000000000E-04,0
2131,  3.8750000000000001E-01,35,  2.5000000000000000E-01,  4.3750000000000000E-01,1,  8.1258034728458883E-01,53,7,487,487,0,  3.6014496266673340E-01,  9.7399999999999998E-01,  9.7399999999999998E-01,  5.2585169296182810E-01,  4.8668574999999999E-02,  8.6807500000000005E-04,0
2132,  3.8750000000000001E-01,35,  2.5000000000000000E-01,  4.3750000000000000E-01,2,  8.1258034728458883E-01,53,10,490,487,3,  2.8884115119672271E-01,  9.7999999999999998E-01,  9.7399999999999998E-01,  4.4617772351694729E-01,  4.6442136000000002E-02,  9.6788699999999996E-04,0
2133,  3.8750000000000001E-01,35,  2.5000000000000000E-01,  4.3750000000000000E-01,3,  8.1258034728458883E-01,53,11,492,487,5,  2.7603940358023427E-01,  9.8399999999999999E-01,  9.7399999999999998E-01,  4.3113377621552240E-01,  4.6124940000000003E-02,  8.6078100000000002E-04,0
2134,  3.8750000000000001E-01,35,  2.5000000000000000E-01,  4.3750000000000000E-01,4,  8.1258034728458883E-01,53,12,495,487,8,  2.5820118304918233E-01,  9.8999999999999999E-01,  9.7399999999999998E-01,  4.0958008162473986E-01,  4.6407907999999998E-02,  8.6646300000000004E-04,0
2135,  3.8750000000000001E-01,35,  2.5000000000000000E-01,  4.3750000000000000E-01,5,  8.1258034728458883E-01,53,14,503,487,16,  2.1479445982548706E-01,  1.0060000000000000E+00,  9.7399999999999998E-01,  3.5400427130924089E-01,  4.5664692999999999E-02,  1.0124330000000001E-03,0
2136,  3.8750000000000001E-01,35,  2.5000000000000000E-01,  6.2500000000000000E-01,1,  8.1258034728458883E-01,53,7,487,487,0,  3.6014496266673340E-01,  9.7399999999999998E-01,  9.7399999999999998E-01,  5.2585169296182810E-01,  4.6145539999999999E-02,  8.3232599999999999E-04,0
2137,  3.8750000000000001E-01,35,  2.5000000000000000E-01,  6.2500000000000000E-01,2,  8.1258034728458883E-01,53,10,490,487,3,  2.8884115119672271E-01,  9.7999999999999998E-01,  9.7399999999999998E-01,  4.4617772351694729E-01,  4.6272373999999998E-02,  7.9859199999999999E-04,0
2138,  3.8750000000000001E-01,35,  2.5000000000000000E-01,  6.2500000000000000E-01,3,  8.1258034728458883E-01,53,11,492,487,5,  2.7603940358023427E-01,  9.8399999999999999E-01,  9.7399999999999998E-01,  4.3113377621552240E-01,  4.6820550000000002E-02,  8.3281299999999996E-04,0
2139,  3.8750000000000001E-01,35,  2.5000000000000000E-01,  6.2500000000000000E-01,4,  8.1258034728458883E-01,53,12,495,487,8,  2.5820118304918233E-01,  9.8999999999999999E-01,  9.7399999999999998E-01,  4.0958008162473986E-01,  4.7133251000000001E-02,  1.0258610000000001E-03,0
2140,  3.8750000000000001E-01,35,  2.5000000000000000E-01,  6.2500000000000000E-01,5,  8.1258034728458883E-01,53,14,503,487,16,  2.1479445982548706E-01,  1.0060000000000000E+00,  9.7399999999999998E-01,  3.5400427130924089E-01,  4.5968439000000000E-02,  8.8462999999999996E-04,0
2141,  3.8750000000000001E-01,35,  2.5000000000000000E-01,  8.1250000000000000E-01,1,  8.1258034728458883E-01,53,7,487,487,0,  3.6014496266673340E-01,  9.7399999999999998E-01,  9.7399999999999998E-01,  5.2585169296182810E-01,  4.8145298000000003E-02,  8.2462699999999998E-04,0
2142,  3.8750000000000001E-01,35,  2.5000000000000000E-01,  8.1250000000000000E-01,2,  8.1258034728458883E-01,53,10,490,487,3,  2.8884115119672271E-01,  9.7999999999999998E-01,  9.7399999999999998E-01,  4.4617772351694729E-01,  4.7365709999999998E-02,  8.2134000000000005E-04,0
2143,  3.8750000000000001E-01,35,  2.5000000000000000E-01,  8.1250000000000000E-01,3,  8.1258034728458883E-01,53,11,492,487,5,  2.7603940358023427E-01,  9.8399999999999999E-01,  9.7399999999999998E-01,  4.3113377621552240E-01,  4.7136843999999997E-02,  1.0021550000000000E-03,0
2144,  3.8750000000000001E-01,35,  2.5000000000000000E-01,  8.1250000000000000E-01,4,  8.1258034728458883E-01,53,12,495,487,8,  2.5820118304918233E-01,  9.8999999999999999E-01,  9.7399999999999998E-01,  4.0958008162473986E-01,  4.6523298999999997E-02,  1.0127739999999999E-03,0
2145,  3.8750000000000001E-01,35,  2.5000000000000000E-01,  8.1250000000000000E-01,5,  8.1258034728458883E-01,53,14,503,487,16,  2.1479445982548706E-01,  1.0060000000000000E+00,  9.7399999999999998E-01,  3.5400427130924089E-01,  4.6780875000000000E-02,  8.6234699999999996E-04,0
2146,  3.8750000000000001E-01,35,  2.5000000000000000E-01,  1.0000000000000000E+00,1,  8.1258034728458883E-01,53,7,487,487,0,  3.6014496266673340E-01,  9.7399999999999998E-01,  9.7399999999999998E-01,  5.2585169296182810E-01,  4.5996545000000000E-02,  8.0964899999999996E-04,0
2147,  3.8750000000000001E-01,35,  2.5000000000000000E-01,  1.0000000000000000E+00,2,  8.1258034728458883E-01,53,10,490,487,3,  2.8884115119672271E-01,  9.7999999999999998E-01,  9.7399999999999998E-01,  4.4617772351694729E-01,  4.8373574000000003E-02,  8.6983500000000001E-04,0
2148,  3.8750000000000001E-01,35,  2.5000000000000000E-01,  1.0000000000000000E+00,3,  8.1258034728458883E-01,53,11,492,487,5,  2.7603940358023427E-01,  9.8399999999999999E-01,  9.7399999999999998E-01,  4.3113377621552240E-01,  4.7255467000000002E-02,  8.3573199999999995E-04,0
2149,  3.8750000000000001E-01,35,  2.5000000000000000E-01,  1.0000000000000000E+00,4,  8.1258034728458883E-01,53,12,495,487,8,  2.5820118304918233E-01,  9.8999999999999999E-01,  9.7399999999999998E-01,  4.0958008162473986E-01,  4.7407506000000002E-02,  8.6029900000000002E-04,0
2150,  3.8750000000000001E-01,35,  2.5000000000000000E-01,  1.0000000000000000E+00,5,  8.1258034728458883E-01,53,14,503,487,16,  2.1479445982548706E-01,  1.0060000000000000E+00,  9.7399999999999998E-01,  3.5400427130924089E-01,  4.7721822999999997E-02,  9.2550200000000003E-04,0
2151,  3.8750000000000001E-01,35,  4.3750000000000000E-01,  2.5000000000000000E-01,1,  8.1258034728458883E-01,53,3,498,498,0,  7.9082018641963781E-01,  9.9600000000000000E-01,  9.9600000000000000E-01,  8.8162973718383630E-01,  8.2786745999999994E-02,  8.5055899999999997E-04,0
2152,  3.8750000000000001E-01,35,  4.3750000000000000E-01,  2.5000000000000000E-01,2,  8.1258034728458883E-01,53,3,498,498,0,  7.9082018641963781E-01,  9.9600000000000000E-01,  9.9600000000000000E-01,  8.8162973718383630E-01,  7.6329575999999996E-02,  8.5557600000000004E-04,0
2153,  3.8750000000000001E-01,35,  4.3750000000000000E-01,  2.5000000000000000E-01,3,  8.1258034728458883E-01,53,3,498,498,0,  7.9082018641963781E-01,  9.9600000000000000E-01,  9.9600000000000000E-01,  8.8162973718383630E-01,  7.4678970999999997E-02,  9.0135300000000003E-04,0
2154,  3.8750000000000001E-01,35,  4.3750000000000000E-01,  2.5000000000000000E-01,4,  8.1258034728458883E-01,53,4,501,498,3,  6.8691525509244078E-01,  1.0020000000000000E+00,  9.9600000000000000E-01,  8.1506645585358639E-01,  7.5878638999999998E-02,  8.7025700000000004E-04,0
2155,  3.8750000000000001E-01,35,  4.3750000000000000E-01,  2.5000000000000000E-01,5,  8.1258034728458883E-01,53,4,501,498,3,  6.8691525509244078E-01,  1.0020000000000000E+00,  9.9600000000000000E-01,  8.1506645585358639E-01,  8.2089660999999994E-02,  9.0541799999999996E-04,0
2156,  3.8750000000000001E-01,35,  4.3750000000000000E-01,  4.3750000000000000E-01,1,  8.1258034728458883E-01,53,3,498,498,0,  7.9082018641963781E-01,  9.9600000000000000E-01,  9.9600000000000000E-01,  8.8162973718383630E-01,  8.2061474999999995E-02,  9.4247299999999999E-04,0
2157,  3.8750000000000001E-01,35,  4.3750000000000000E-01,  4.3750000000000000E-01,2,  8.1258034728458883E-01,53,3,498,498,0,  7.9082018641963781E-01,  9.9600000000000000E-01,  9.9600000000000000E-01,  8.8162973718383630E-01,  7.7395333999999996E-02,  8.3309300000000003E-04,0
2158,  3.8750000000000001E-01,35,  4.3750000000000000E-01,  4.3750000000000000E-01,3,  8.1258034728458883E-01,53,3,498,498,0,  7.9082018641963781E-01,  9.9600000000000000E-01,  9.9600000000000000E-01,  8.8162973718383630E-01,  7.9535786999999997E-02,  9.2851700000000001E-04,0
2159,  3.8750000000000001E-01,35,  4.3750000000000000E-01,  4.3750000000000000E-01,4,  8.1258034728458883E-01,53,4,501,498,3,  6.8691525509244078E-01,  1.0020000000000000E+00,  9.9600000000000000E-01,  8.1506645585358639E-01,  7.4175515999999997E-02,  8.7576699999999995E-04,0
2160,  3.8750000000000001E-01,35,  4.3750000000000000E-01,  4.3750000000000000E-01,5,  8.1258034728458883E-01,53,4,501,498,3,  6.8691525509244078E-01,  1.0020000000000000E+00,  9.9600000000000000E-01,  8.1506645585358639E-01,  7.5610290999999996E-02,  9.0267300000000000E-04,0
2161,  3.8750000000000001E-01,35,  4.3750000000000000E-01,  6.2500000000000000E-01,1,  8.1258034728458883E-01,53,3,498,498,0,  7.9082018641963781E-01,  9.9600000000000000E-01,  9.9600000000000000E-01,  8.8162973718383630E-01,  7.3617299999999997E-02,  8.9208300000000000E-04,0
2162,  3.8750000000000001E-01,35,  4.3750000000000000E-01,  6.2500000000000000E-01,2,  8.1258034728458883E-01,53,3,498,498,0,  7.9082018641963781E-01,  9.9600000000000000E-01,  9.9600000000000000E-01,  8.8162973718383630E-01,  7.6132379999999999E-02,  8.6618600000000002E-04,0
2163,  3.8750000000000001E-01,35,  4.3750000000000000E-01,  6.2500000000000000E-01,3,  8.1258034728458883E-01,53,3,498,498,0,  7.9082018641963781E-01,  9.9600000000000000E-01,  9.9600000000000000E-01,  8.8162973718383630E-01,  7.3806049999999998E-02,  8.2065199999999995E-04,0
2164,  3.8750000000000001E-01,35,  4.3750000000000000E-01,  6.2500000000000000E-01,4,  8.1258034728458883E-01,53,4,501,498,3,  6.8691525509244078E-01,  1.0020000000000000E+00,  9.9600000000000000E-01,  8.1506645585358639E-01,  8.0246964000000004E-02,  8.8044100000000004E-04,0
2165,  3.8750000000000001E-01,35,  4.3750000000000000E-01,  6.2500000000000000E-01,5,  8.1258034728458883E-01,53,4,501,498,3,  6.8691525509244078E-01,  1.0020000000000000E+00,  9.9600000000000000E-01,  8.1506645585358639E-01,  7.4429213999999994E-02,  8.5574000000000002E-04,0
2166,  3.8750000000000001E-01,35,  4.3750000000000000E-01,  8.1250000000000000E-01,1,  8.1258034728458883E-01,53,3,498,498,0,  7.9082018641963781E-01,  9.9600000000000000E-01,  9.9600000000000000E-01,  8.8162973718383630E-01,  7.4217198999999998E-02,  1.1042120000000000E-03,0
2167,  3.8750000000000001E-01,35,  4.3750000000000000E-01,  8.1250000000000000E-01,2,  8.1258034728458883E-01,53,3,498,498,0,  7.9082018641963781E-01,  9.9600000000000000E-01,  9.9600000000000000E-01,  8.8162973718383630E-01,  7.4163853000000002E-02,  8.5320800000000005E-04,0
2168,  3.8750000000000001E-01,35,  4.3750000000000000E-01,  8.1250000000000000E-01,3,  8.1258034728458883E-01,53,3,498,498,0,  7.9082018641963781E-01,  9.9600000000000000E-01,  9.9600000000000000E-01,  8.8162973718383630E-01,  7.5395427000000001E-02,  8.2522699999999999E-04,0
2169,  3.8750000000000001E-01,35,  4.3750000000000000E-01,  8.1250000000000000E-01,4,  8.1258034728458883E-01,53,4,501,498,3,  6.8691525509244078E-01,  1.0020000000000000E+00,  9.9600000000000000E-01,  8.1506645585358639E-01,  7.5013669000000005E-02,  8.5303600000000005E-04,0
2170,  3.8750000000000001E-01,35,  4.3750000000000000E-01,  8.1250000000000000E-01,5,  8.1258034728458883E-01,53,4,501,498,3,  6.8691525509244078E-01,  1.0020000000000000E+00,  9.9600000000000000E-01,  8.1506645585358639E-01,  7.4637225000000001E-02,  1.0017710000000000E-03,0
2171,  3.8750000000000001E-01,35,  4.3750000000000000E-01,  1.0000000000000000E+00,1,  8.1258034728458883E-01,53,3,498,498,0,  7.9082018641963781E-01,  9.9600000000000000E-01,  9.9600000000000000E-01,  8.8162973718383630E-01,  7.4155640999999994E-02,  8.4404499999999997E-04,0
2172,  3.8750000000000001E-01,35,  4.3750000000000000E-01,  1.0000000000000000E+00,2,  8.1258034728458883E-01,53,3,498,498,0,  7.9082018641963781E-01,  9.9600000000000000E-01,  9.9600000000000000E-01,  8.8162973718383630E-01,  7.5144527000000003E-02,  8.5403400000000004E-04,0
2173,  3.8750000000000001E-01,35,  4.3750000000000000E-01,  1.0000000000000000E+00,3,  8.1258034728458883E-01,53,3,498,498,0,  7.9082018641963781E-01,  9.9600000000000000E-01,  9.9600000000000000E-01,  8.8162973718383630E-01,  7.4168609999999996E-02,  8.2547299999999996E-04,0
2174,  3.8750000000000001E-01,35,  4.3750000000000000E-01,  1.0000000000000000E+00,4,  8.1258034728458883E-01,53,4,501,498,3,  6.8691525509244078E-01,  1.0020000000000000E+00,  9.9600000000000000E-01,  8.1506645585358639E-01,  7.3890335000000001E-02,  8.0163100000000002E-04,0
2175,  3.8750000000000001E-01,35,  4.3750000000000000E-01,  1.0000000000000000E+00,5,  8.1258034728458883E-01,53,4,501,498,3,  6.8691525509244078E-01,  1.0020000000000000E+00,  9.9600000000000000E-01,  8.1506645585358639E-01,  7.7751548000000004E-02,  8.3532699999999997E-04,0
2176,  3.8750000000000001E-01,35,  6.2500000000000000E-01,  2.5000000000000000E-01,1,  8.1258034728458883E-01,53,2,500,500,0,  8.6416919347493382E-01,  1.0000000000000000E+00,  1.0000000000000000E+00,  9.2713600943492225E-01,  9.5836928000000002E-02,  8.6680500000000001E-04,0
2177,  3.8750000000000001E-01,35,  6.2500000000000000E-01,  2.5000000000000000E-01,2,  8.1258034728458883E-01,53,3,501,500,1,  7.8783895232867540E-01,  1.0020000000000000E+00,  1.0000000000000000E+00,  8.8210688364588608E-01,  1.0403895000000001E-01,  8.3897200000000000E-04,0
2178,  3.8750000000000001E-01,35,  6.2500000000000000E-01,  2.5000000000000000E-01,3,  8.1258034728458883E-01,53,3,501,500,1,  7.8783895232867540E-01,  1.0020000000000000E+00,  1.0000000000000000E+00,  8.8210688364588608E-01,  9.5670636000000003E-02,  8.3327599999999998E-04,0
2179,  3.8750000000000001E-01,35,  6.2500000000000000E-01,  2.5000000000000000E-01,4,  8.1258034728458883E-01,53,3,501,500,1,  7.8783895232867540E-01,  1.0020000000000000E+00,  1.0000000000000000E+00,  8.8210688364588608E-01,  9.2130337000000007E-02,  8.3553800000000004E-04,0
2180,  3.8750000000000001E-01,35,  6.2500000000000000E-01,  2.5000000000000000E-01,5,  8.1258034728458883E-01,53,3,501,500,1,  7.8783895232867540E-01,  1.0020000000000000E+00,  1.0000000000000000E+00,  8.8210688364588608E-01,  9.1470019999999999E-02,  8.5597500000000003E-04,0
2181,  3.8750000000000001E-01,35,  6.2500000000000000E-01,  4.3750000000000000E-01,1,  8.1258034728458883E-01,53,2,500,500,0,  8.6416919347493382E-01,  1.0000000000000000E+00,  1.0000000000000000E+00,  9.2713600943492225E-01,  9.3186755999999996E-02,  9.3589300000000003E-04,0
2182,  3.8750000000000001E-01,35,  6.2500000000000000E-01,  4.3750000000000000E-01,2,  8.1258034728458883E-01,53,3,501,500,1,  7.8783895232867540E-01,  1.0020000000000000E+00,  1.0000000000000000E+00,  8.8210688364588608E-01,  9.3182948000000002E-02,  8.4803999999999999E-04,0
2183,  3.8750000000000001E-01,35,  6.2500000000000000E-01,  4.3750000000000000E-01,3,  8.1258034728458883E-01,53,3,501,500,1,  7.8783895232867540E-01,  1.0020000000000000E+00,  1.0000000000000000E+00,  8.8210688364588608E-01,  9.0901922999999996E-02,  8.6126900000000001E-04,0
2184,  3.8750000000000001E-01,35,  6.2500000000000000E-01,  4.3750000000000000E-01,4,  8.1258034728458883E-01,53,3,501,500,1,  7.8783895232867540E-01,  1.0020000000000000E+00,  1.0000000000000000E+00,  8.8210688364588608E-01,  9.3147668000000003E-02,  9.0699599999999997E-04,0
2185,  3.8750000000000001E-01,35,  6.2500000000000000E-01,  4.3750000000000000E-01,5,  8.1258034728458883E-01,53,3,501,500,1,  7.8783895232867540E-01,  1.0020000000000000E+00,  1.0000000000000000E+00,  8.8210688364588608E-01,  9.5394908000000000E-02,  9.5018700000000002E-04,0
2186,  3.8750000000000001E-01,35,  6.2500000000000000E-01,  6.2500000000000000E-01,1,  8.1258034728458883E-01,53,2,500,500,0,  8.6416919347493382E-01,  1.0000000000000000E+00,  1.0000000000000000E+00,  9.2713600943492225E-01,  9.5514809000000006E-02,  8.1870300000000005E-04,0
2187,  3.8750000000000001E-01,35,  6.2500000000000000E-01,  6.2500000000000000E-01,2,  8.1258034728458883E-01,53,3,501,500,1,  7.8783895232867540E-01,  1.0020000000000000E+00,  1.0000000000000000E+00,  8.8210688364588608E-01,  9.2032542999999994E-02,  8.8127500000000005E-04,0
2188,  3.8750000000000001E-01,35,  6.2500000000000000E-01,  6.2500000000000000E-01,3,  8.1258034728458883E-01,53,3,501,500,1,  7.8783895232867540E-01,  1.0020000000000000E+00,  1.0000000000000000E+00,  8.8210688364588608E-01,  9.2568144000000005E-02,  8.3234200000000002E-04,0
2189,  3.8750000000000001E-01,35,  6.2500000000000000E-01,  6.2500000000000000E-01,4,  8.1258034728458883E-01,53,3,501,500,1,  7.8783895232867540E-01,  1.0020000000000000E+00,  1.0000000000000000E+00,  8.8210688364588608E-01,  9.3367273000000001E-02,  8.4631699999999997E-04,0
2190,  3.8750000000000001E-01,35,  6.2500000000000000E-01,  6.2500000000000000E-01,5,  8.1258034728458883E-01,53,3,501,500,1,  7.8783895232867540E-01,  1.0020000000000000E+00,  1.0000000000000000E+00,  8.8210688364588608E-01,  9.6526144999999994E-02,  9.3863599999999996E-04,0
2191,  3.8750000000000001E-01,35,  6.2500000000000000E-01,  8.1250000000000000E-01,1,  8.1258034728458883E-01,53,2,500,500,0,  8.6416919347493382E-01,  1.0000000000000000E+00,  1.0000000000000000E+00,  9.2713600943492225E-01,  9.2400614000000006E-02,  8.2525399999999998E-04,0
2192,  3.8750000000000001E-01,35,  6.2500000000000000E-01,  8.1250000000000000E-01,2,  8.1258034728458883E-01,53,3,501,500,1,  7.8783895232867540E-01,  1.0020000000000000E+00,  1.0000000000000000E+00,  8.8210688364588608E-01,  9.3936679999999995E-02,  8.3527000000000004E-04,0
2193,  3.8750000000000001E-01,35,  6.2500000000000000E-01,  8.1250000000000000E-01,3,  8.1258034728458883E-01,53,3,501,500,1,  7.8783895232867540E-01,  1.0020000000000000E+00,  1.0000000000000000E+00,  8.8210688364588608E-01,  9.2201131000000006E-02,  8.3070099999999999E-04,0
2194,  3.8750000000000001E-01,35,  6.2500000000000000E-01,  8.1250000000000000E-01,4,  8.1258034728458883E-01,53,3,501,500,1,  7.8783895232867540E-01,  1.0020000000000000E+00,  1.0000000000000000E+00,  8.8210688364588608E-01,  9.3318408000000005E-02,  9.2930900000000002E-04,0
2195,  3.8750000000000001E-01,35,  6.2500000000000000E-01,  8.1250000000000000E-01,5,  8.1258034728458883E-01,53,3,501,500,1,  7.8783895232867540E-01,  1.0020000000000000E+00,  1.0000000000000000E+00,  8.8210688364588608E-01,  9.4429530999999997E-02,  8.4708500000000003E-04,0
2196,  3.8750000000000001E-01,35,  6.2500000000000000E-01,  1.0000000000000000E+00,1,  8.1258034728458883E-01,53,2,500,500,0,  8.6416919347493382E-01,  1.0000000000000000E+00,  1.0000000000000000E+00,  9.2713600943492225E-01,  9.3268324000000000E-02,  8.8063699999999998E-04,0
2197,  3.8750000000000001E-01,35,  6.2500000000000000E-01,  1.0000000000000000E+00,2,  8.1258034728458883E-01,53,3,501,500,1,  7.8783895232867540E-01,  1.0020000000000000E+00,  1.0000000000000000E+00,  8.8210688364588608E-01,  9.2195875999999996E-02,  9.0461500000000000E-04,0
2198,  3.8750000000000001E-01,35,  6.2500000000000000E-01,  1.0000000000000000E+00,3,  8.1258034728458883E-01,53,3,501,500,1,  7.8783895232867540E-01,  1.0020000000000000E+00,  1.0000000000000000E+00,  8.8210688364588608E-01,  9.1940216000000005E-02,  1.0925080000000001E-03,0
2199,  3.8750000000000001E-01,35,  6.2500000000000000E-01,  1.0000000000000000E+00,4,  8.1258034728458883E-01,53,3,501,500,1,  7.8783895232867540E-01,  1.0020000000000000E+00,  1.0000000000000000E+00,  8.8210688364588608E-01,  9.4493249000000001E-02,  8.3522000000000002E-04,0
2200,  3.8750000000000001E-01,35,  6.2500000000000000E-01,  1.0000000000000000E+00,5,  8.1258034728458883E-01,53,3,501,500,1,  7.8783895232867540E-01,  1.0020000000000000E+00,  1.0000000000000000E+00,  8.8210688364588608E-01,  9.3148278000000001E-02,  8.4971400000000000E-04,0
2201,  3.8750000000000001E-01,35,  8.1250000000000000E-01,  2.5000000000000000E-01,1,  8.1258034728458883E-01,53,1,500,500,0,  1.0000000000000000E+00,  1.0000000000000000E+00,  1.0000000000000000E+00,  1.0000000000000000E+00,  1.1112268100000000E-01,  8.0786699999999998E-04,0
2202,  3.8750000000000001E-01,35,  8.1250000000000000E-01,  2.5000000000000000E-01,2,  8.1258034728458883E-01,53,2,501,500,1,  8.5725471220729144E-01,  1.0020000000000000E+00,  1.0000000000000000E+00,  9.2399305591856751E-01,  1.0959598600000001E-01,  9.0894100000000002E-04,0
2203,  3.8750000000000001E-01,35,  8.1250000000000000E-01,  2.5000000000000000E-01,3,  8.1258034728458883E-01,53,2,501,500,1,  8.5725471220729144E-01,  1.0020000000000000E+00,  1.0000000000000000E+00,  9.2399305591856751E-01,  1.1023051900000000E-01,  9.4805800000000000E-04,0
2204,  3.8750000000000001E-01,35,  8.1250000000000000E-01,  2.5000000000000000E-01,4,  8.1258034728458883E-01,53,2,501,500,1,  8.5725471220729144E-01,  1.0020000000000000E+00,  1.0000000000000000E+00,  9.2399305591856751E-01,  1.1193752999999999E-01,  9.7770299999999991E-04,0
2205,  3.8750000000000001E-01,35,  8.1250000000000000E-01,  2.5000000000000000E-01,5,  8.1258034728458883E-01,53,2,501,500,1,  8.5725471220729144E-01,  1.0020000000000000E+00,  1.0000000000000000E+00,  9.2399305591856751E-01,  1.1670476000000000E-01,  8.5378199999999998E-04,0
2206,  3.8750000000000001E-01,35,  8.1250000000000000E-01,  4.3750000000000000E-01,1,  8.1258034728458883E-01,53,1,500,500,0,  1.0000000000000000E+00,  1.0000000000000000E+00,  1.0000000000000000E+00,  1.0000000000000000E+00,  1.1244641800000001E-01,  8.3113700000000002E-04,0
2207,  3.8750000000000001E-01,35,  8.1250000000000000E-01,  4.3750000000000000E-01,2,  8.1258034728458883E-01,53,2,501,500,1,  8.5725471220729144E-01,  1.0020000000000000E+00,  1.0000000000000000E+00,  9.2399305591856751E-01,  1.1140571300000000E-01,  8.3969600000000002E-04,0
2208,  3.8750000000000001E-01,35,  8.1250000000000000E-01,  4.3750000000000000E-01,3,  8.1258034728458883E-01,53,2,501,500,1,  8.5725471220729144E-01,  1.0020000000000000E+00,  1.0000000000000000E+00,  9.2399305591856751E-01,  1.1089228399999999E-01,  8.5586799999999997E-04,0
2209,  3.8750000000000001E-01,35,  8.1250000000000000E-01,  4.3750000000000000E-01,4,  8.1258034728458883E-01,53,2,501,500,1,  8.5725471220729144E-01,  1.0020000000000000E+00,  1.0000000000000000E+00,  9.2399305591856751E-01,  1.0811553100000000E-01,  9.0101500000000002E-04,0
2210,  3.8750000000000001E-01,35,  8.1250000000000000E-01,  4.3750000000000000E-01,5,  8.1258034728458883E-01,53,2,501,500,1,  8.5725471220729144E-01,  1.0020000000000000E+00,  1.0000000000000000E+00,  9.2399305591856751E-01,  1.1180908600000000E-01,  9.0364899999999997E-04,0
2211,  3.8750000000000001E-01,35,  8.1250000000000000E-01,  6.2500000000000000E-01,1,  8.1258034728458883E-01,53,1,500,500,0,  1.0000000000000000E+00,  1.0000000000000000E+00,  1.0000000000000000E+00,  1.0000000000000000E+00,  1.1023781900000000E-01,  8.4975800000000005E-04,0
2212,  3.8750000000000001E-01,35,  8.1250000000000000E-01,  6.2500000000000000E-01,2,  8.1258034728458883E-01,53,2,501,500,1,  8.5725471220729144E-01,  1.0020000000000000E+00,  1.0000000000000000E+00,  9.2399305591856751E-01,  1.1040477000000000E-01,  8.9928000000000002E-04,0
2213,  3.8750000000000001E-01,35,  8.1250000000000000E-01,  6.2500000000000000E-01,3,  8.1258034728458883E-01,53,2,501,500,1,  8.5725471220729144E-01,  1.0020000000000000E+00,  1.0000000000000000E+00,  9.2399305591856751E-01,  1.0908477900000001E-01,  9.0398099999999999E-04,0
2214,  3.8750000000000001E-01,35,  8.1250000000000000E-01,  6.2500000000000000E-01,4,  8.1258034728458883E-01,53,2,501,500,1,  8.5725471220729144E-01,  1.0020000000000000E+00,  1.0000000000000000E+00,  9.2399305591856751E-01,  1.0928361600000000E-01,  8.2550899999999999E-04,0
2215,  3.8750000000000001E-01,35,  8.1250000000000000E-01,  6.2500000000000000E-01,5,  8.1258034728458883E-01,53,2,501,500,1,  8.5725471220729144E-01,  1.0020000000000000E+00,  1.0000000000000000E+00,  9.2399305591856751E-01,  1.1047383000000000E-01,  9.6709499999999996E-04,0
2216,  3.8750000000000001E-01,35,  8.1250000000000000E-01,  8.1250000000000000E-01,1,  8.1258034728458883E-01,53,1,500,500,0,  1.0000000000000000E+00,  1.0000000000000000E+00,  1.0000000000000000E+00,  1.0000000000000000E+00,  1.0975141400000001E-01,  9.0483899999999995E-04,0
2217,  3.8750000000000001E-01,35,  8.1250000000000000E-01,  8.1250000000000000E-01,2,  8.1258034728458883E-01,53,2,501,500,1,  8.5725471220729144E-01,  1.0020000000000000E+00,  1.0000000000000000E+00,  9.2399305591856751E-01,  1.0880817800000001E-01,  9.6225700000000000E-04,0
2218,  3.8750000000000001E-01,35,  8.1250000000000000E-01,  8.1250000000000000E-01,3,  8.1258034728458883E-01,53,2,501,500,1,  8.5725471220729144E-01,  1.0020000000000000E+00,  1.0000000000000000E+00,  9.2399305591856751E-01,  1.1176013799999999E-01,  1.1752220000000001E-03,0
2219,  3.8750000000000001E-01,35,  8.1250000000000000E-01,  8.1250000000000000E-01,4,  8.1258034728458883E-01,53,2,501,500,1,  8.5725471220729144E-01,  1.0020000000000000E+00,  1.0000000000000000E+00,  9.2399305591856751E-01,  1.1263154900000000E-01,  8.6913200000000000E-04,0
2220,  3.8750000000000001E-01,35,  8.1250000000000000E-01,  8.1250000000000000E-01,5,  8.1258034728458883E-01,53,2,501,500,1,  8.5725471220729144E-01,  1.0020000000000000E+00,  1.0000000000000000E+00,  9.2399305591856751E-01,  1.0758397900000000E-01,  9.1342200000000000E-04,0
2221,  3.8750000000000001E-01,35,  8.1250000000000000E-01,  1.0000000000000000E+00,1,  8.1258034728458883E-01,53,1,500,500,0,  1.0000000000000000E+00,  1.0000000000000000E+00,  1.0000000000000000E+00,  1.0000000000000000E+00,  1.1063352200000000E-01,  8.3456399999999999E-04,0
2222,  3.8750000000000001E-01,35,  8.1250000000000000E-01,  1.0000000000000000E+00,2,  8.1258034728458883E-01,53,2,501,500,1,  8.5725471220729144E-01,  1.0020000000000000E+00,  1.0000000000000000E+00,  9.2399305591856751E-01,  1.1203605000000000E-01,  8.7547299999999998E-04,0
2223,  3.8750000000000001E-01,35,  8.1250000000000000E-01,  1.0000000000000000E+00,3,  8.1258034728458883E-01,53,2,501,500,1,  8.5725471220729144E-01,  1.0020000000000000E+00,  1.0000000000000000E+00,  9.2399305591856751E-01,  1.0970897200000000E-01,  8.1404899999999996E-04,0
2224,  3.8750000000000001E-01,35,  8.1250000000000000E-01,  1.0000000000000000E+00,4,  8.1258034728458883E-01,53,2,501,500,1,  8.5725471220729144E-01,  1.0020000000000000E+00,  1.0000000000000000E+00,  9.2399305591856751E-01,  1.0846508100000000E-01,  1.0213020000000000E-03,0
2225,  3.8750000000000001E-01,35,  8.1250000000000000E-01,  1.0000000000000000E+00,5,  8.1258034728458883E-01,53,2,501,500,1,  8.5725471220729144E-01,  1.0020000000000000E+00,  1.0000000000000000E+00,  9.2399305591856751E-01,  1.0832806600000000E-01,  8.6060300000000004E-04,0
2226,  3.8750000000000001E-01,35,  1.0000000000000000E+00,  2.5000000000000000E-01,1,  8.1258034728458883E-01,53,1,500,500,0,  1.0000000000000000E+00,  1.0000000000000000E+00,  1.0000000000000000E+00,  1.0000000000000000E+00,  1.2464375300000000E-01,  8.2200800000000005E-04,0
2227,  3.8750000000000001E-01,35,  1.0000000000000000E+00,  2.5000000000000000E-01,2,  8.1258034728458883E-01,53,1,500,500,0,  1.0000000000000000E+00,  1.0000000000000000E+00,  1.0000000000000000E+00,  1.0000000000000000E+00,  1.2389575400000000E-01,  8.8440199999999995E-04,0
2228,  3.8750000000000001E-01,35,  1.0000000000000000E+00,  2.5000000000000000E-01,3,  8.1258034728458883E-01,53,1,500,500,0,  1.0000000000000000E+00,  1.0000000000000000E+00,  1.0000000000000000E+00,  1.0000000000000000E+00,  1.2297045299999999E-01,  8.4335100000000000E-04,0
2229,  3.8750000000000001E-01,35,  1.0000000000000000E+00,  2.5000000000000000E-01,4,  8.1258034728458883E-01,53,1,500,500,0,  1.0000000000000000E+00,  1.0000000000000000E+00,  1.0000000000000000E+00,  1.0000000000000000E+00,  1.2490480599999999E-01,  1.4641949999999999E-03,0
2230,  3.8750000000000001E-01,35,  1.0000000000000000E+00,  2.5000000000000000E-01,5,  8.1258034728458883E-01,53,1,500,500,0,  1.0000000000000000E+00,  1.0000000000000000E+00,  1.0000000000000000E+00,  1.0000000000000000E+00,  1.2401134500000000E-01,  8.2550899999999999E-04,0
2231,  3.8750000000000001E-01,35,  1.0000000000000000E+00,  4.3750000000000000E-01,1,  8.1258034728458883E-01,53,1,500,500,0,  1.0000000000000000E+00,  1.0000000000000000E+00,  1.0000000000000000E+00,  1.0000000000000000E+00,  1.1973452300000000E-01,  1.0607580000000000E-03,0
2232,  3.8750000000000001E-01,35,  1.0000000000000000E+00,  4.3750000000000000E-01,2,  8.1258034728458883E-01,53,1,500,500,0,  1.0000000000000000E+00,  1.0000000000000000E+00,  1.0000000000000000E+00,  1.0000000000000000E+00,  1.2378161200000000E-01,  8.2676099999999997E-04,0
2233,  3.8750000000000001E-01,35,  1.0000000000000000E+00,  4.3750000000000000E-01,3,  8.1258034728458883E-01,53,1,500,500,0,  1.0000000000000000E+00,  1.0000000000000000E+00,  1.0000000000000000E+00,  1.0000000000000000E+00,  1.1975092200000000E-01,  8.3164800000000004E-04,0
2234,  3.8750000000000001E-01,35,  1.0000000000000000E+00,  4.3750000000000000E-01,4,  8.1258034728458883E-01,53,1,500,500,0,  1.0000000000000000E+00,  1.0000000000000000E+00,  1.0000000000000000E+00,  1.0000000000000000E+00,  1.2333334999999999E-01,  8.1736199999999997E-04,0
2235,  3.8750000000000001E-01,35,  1.0000000000000000E+00,  4.3750000000000000E-01,5,  8.1258034728458883E-01,53,1,500,500,0,  1.0000000000000000E+00,  1.0000000000000000E+00,  1.0000000000000000E+00,  1.0000000000000000E+00,  1.2277891300000000E-01,  8.9571699999999998E-04,0
2236,  3.8750000000000001E-01,35,  1.0000000000000000E+00,  6.2500000000000000E-01,1,  8.1258034728458883E-01,53,1,500,500,0,  1.0000000000000000E+00,  1.0000000000000000E+00,  1.0000000000000000E+00,  1.0000000000000000E+00,  1.2108444100000000E-01,  8.2914499999999999E-04,0
2237,  3.8750000000000001E-01,35,  1.0000000000000000E+00,  6.2500000000000000E-01,2,  8.1258034728458883E-01,53,1,500,500,0,  1.0000000000000000E+00,  1.0000000000000000E+00,  1.0000000000000000E+00,  1.0000000000000000E+00,  1.2169129800000000E-01,  8.2140900000000005E-04,0
2238,  3.8750000000000001E-01,35,  1.0000000000000000E+00,  6.2500000000000000E-01,3,  8.1258034728458883E-01,53,1,500,500,0,  1.0000000000000000E+00,  1.0000000000000000E+00,  1.0000000000000000E+00,  1.0000000000000000E+00,  1.2555135100000001E-01,  8.2145700000000005E-04,0
2239,  3.8750000000000001E-01,35,  1.0000000000000000E+00,  6.2500000000000000E-01,4,  8.1258034728458883E-01,53,1,500,500,0,  1.0000000000000000E+00,  1.0000000000000000E+00,  1.0000000000000000E+00,  1.0000000000000000E+00,  1.2189671300000000E-01,  8.8478299999999999E-04,0
2240,  3.8750000000000001E-01,35,  1.0000000000000000E+00,  6.2500000000000000E-01,5,  8.1258034728458883E-01,53,1,500,500,0,  1.0000000000000000E+00,  1.0000000000000000E+00,  1.0000000000000000E+00,  1.0000000000000000E+00,  1.3537421699999999E-01,  8.6875400000000001E-04,0
2241,  3.8750000000000001E-01,35,  1.0000000000000000E+00,  8.1250000000000000E-01,1,  8.1258034728458883E-01,53,1,500,500,0,  1.0000000000000000E+00,  1.0000000000000000E+00,  1.0000000000000000E+00,  1.0000000000000000E+00,  1.3825700299999999E-01,  8.7393200000000001E-04,0
2242,  3.8750000000000001E-01,35,  1.0000000000000000E+00,  8.1250000000000000E-01,2,  8.1258034728458883E-01,53,1,500,500,0,  1.0000000000000000E+00,  1.0000000000000000E+00,  1.0000000000000000E+00,  1.0000000000000000E+00,  1.4590732400000000E-01,  1.2389260000000000E-03,0
2243,  3.8750000000000001E-01,35,  1.0000000000000000E+00,  8.1250000000000000E-01,3,  8.1258034728458883E-01,53,1,500,500,0,  1.0000000000000000E+00,  1.0000000000000000E+00,  1.0000000000000000E+00,  1.0000000000000000E+00,  1.2214183300000001E-01,  8.0971099999999996E-04,0
2244,  3.8750000000000001E-01,35,  1.0000000000000000E+00,  8.1250000000000000E-01,4,  8.1258034728458883E-01,53,1,500,500,0,  1.0000000000000000E+00,  1.0000000000000000E+00,  1.0000000000000000E+00,  1.0000000000000000E+00,  1.2261354500000000E-01,  8.1902500000000003E-04,0
2245,  3.8750000000000001E-01,35,  1.0000000000000000E+00,  8.1250000000000000E-01,5,  8.1258034728458883E-01,53,1,500,500,0,  1.0000000000000000E+00,  1.0000000000000000E+00,  1.0000000000000000E+00,  1.0000000000000000E+00,  1.3488655699999999E-01,  8.9779300000000003E-04,0
2246,  3.8750000000000001E-01,35,  1.0000000000000000E+00,  1.0000000000000000E+00,1,  8.1258034728458883E-01,53,1,500,500,0,  1.0000000000000000E+00,  1.0000000000000000E+00,  1.0000000000000000E+00,  1.0000000000000000E+00,  1.2312778400000000E-01,  9.9367100000000001E-04,0
2247,  3.8750000000000001E-01,35,  1.0000000000000000E+00,  1.0000000000000000E+00,2,  8.1258034728458883E-01,53,1,500,500,0,  1.0000000000000000E+00,  1.0000000000000000E+00,  1.0000000000000000E+00,  1.0000000000000000E+00,  1.2171151500000001E-01,  8.5725799999999996E-04,0
2248,  3.8750000000000001E-01,35,  1.0000000000000000E+00,  1.0000000000000000E+00,3,  8.1258034728458883E-01,53,1,500,500,0,  1.0000000000000000E+00,  1.0000000000000000E+00,  1.0000000000000000E+00,  1.0000000000000000E+00,  1.2167199500000001E-01,  8.2490000000000005E-04,0
2249,  3.8750000000000001E-01,35,  1.0000000000000000E+00,  1.0000000000000000E+00,4,  8.1258034728458883E-01,53,1,500,500,0,  1.0000000000000000E+00,  1.0000000000000000E+00,  1.0000000000000000E+00,  1.0000000000000000E+00,  1.2770092699999999E-01,  8.2538499999999999E-04,0
2250,  3.8750000000000001E-01,35,  1.0000000000000000E+00,  1.0000000000000000E+00,5,  8.1258034728458883E-01,53,1,500,500,0,  1.0000000000000000E+00,  1.0000000000000000E+00,  1.0000000000000000E+00,  1.0000000000000000E+00,  1.2296601800000000E-01,  8.4792299999999999E-04,0
2251,  3.8750000000000001E-01,45,  2.5000000000000000E-01,  2.5000000000000000E-01,1,  8.1258034728458883E-01,41,5,467,467,0,  5.4546804763025381E-01,  9.3400000000000005E-01,  9.3400000000000005E-01,  6.8871667394601588E-01,  4.1886593000000000E-02,  8.1790300000000003E-04,0
2252,  3.8750000000000001E-01,45,  2.5000000000000000E-01,  2.5000000000000000E-01,2,  8.1258034728458883E-01,41,6,468,467,1,  4.5411088019057155E-01,  9.3600000000000005E-01,  9.3400000000000005E-01,  6.1153076335911394E-01,  3.7379748999999997E-02,  8.1849799999999997E-04,0
2253,  3.8750000000000001E-01,45,  2.5000000000000000E-01,  2.5000000000000000E-01,3,  8.1258034728458883E-01,41,6,468,467,1,  4.5411088019057155E-01,  9.3600000000000005E-01,  9.3400000000000005E-01,  6.1153076335911394E-01,  3.7077157999999999E-02,  8.4038600000000004E-04,0
2254,  3.8750000000000001E-01,45,  2.5000000000000000E-01,  2.5000000000000000E-01,4,  8.1258034728458883E-01,41,6,468,467,1,  4.5411088019057155E-01,  9.3600000000000005E-01,  9.3400000000000005E-01,  6.1153076335911394E-01,  3.8419000000000002E-02,  9.1954500000000002E-04,0
2255,  3.8750000000000001E-01,45,  2.5000000000000000E-01,  2.5000000000000000E-01,5,  8.1258034728458883E-01,41,8,476,467,9,  3.3263751525029162E-01,  9.5199999999999996E-01,  9.3400000000000005E-01,  4.9301209214115038E-01,  3.7512643999999998E-02,  8.4384300000000005E-04,0
2256,  3.8750000000000001E-01,45,  2.5000000000000000E-01,  4.3750000000000000E-01,1,  8.1258034728458883E-01,41,5,467,467,0,  5.4546804763025381E-01,  9.3400000000000005E-01,  9.3400000000000005E-01,  6.8871667394601588E-01,  3.6359794000000001E-02,  7.8408099999999995E-04,0
2257,  3.8750000000000001E-01,45,  2.5000000000000000E-01,  4.3750000000000000E-01,2,  8.1258034728458883E-01,41,6,468,467,1,  4.5411088019057155E-01,  9.3600000000000005E-01,  9.3400000000000005E-01,  6.1153076335911394E-01,  3.7878095000000001E-02,  8.2850000000000003E-04,0
2258,  3.8750000000000001E-01,45,  2.5000000000000000E-01,  4.3750000000000000E-01,3,  8.1258034728458883E-01,41,6,468,467,1,  4.5411088019057155E-01,  9.3600000000000005E-01,  9.3400000000000005E-01,  6.1153076335911394E-01,  3.8599344000000001E-02,  1.0768310000000001E-03,0
2259,  3.8750000000000001E-01,45,  2.5000000000000000E-01,  4.3750000000000000E-01,4,  8.1258034728458883E-01,41,6,468,467,1,  4.5411088019057155E-01,  9.3600000000000005E-01,  9.3400000000000005E-01,  6.1153076335911394E-01,  4.0458847999999999E-02,  1.0286150000000001E-03,0
2260,  3.8750000000000001E-01,45,  2.5000000000000000E-01,  4.3750000000000000E-01,5,  8.1258034728458883E-01,41,8,476,467,9,  3.3263751525029162E-01,  9.5199999999999996E-01,  9.3400000000000005E-01,  4.9301209214115038E-01,  3.7708657000000000E-02,  8.1816199999999999E-04,0
2261,  3.8750000000000001E-01,45,  2.5000000000000000E-01,  6.2500000000000000E-01,1,  8.1258034728458883E-01,41,5,467,467,0,  5.4546804763025381E-01,  9.3400000000000005E-01,  9.3400000000000005E-01,  6.8871667394601588E-01,  4.0232772999999999E-02,  8.3388400000000001E-04,0
2262,  3.8750000000000001E-01,45,  2.5000000000000000E-01,  6.2500000000000000E-01,2,  8.1258034728458883E-01,41,6,468,467,1,  4.5411088019057155E-01,  9.3600000000000005E-01,  9.3400000000000005E-01,  6.1153076335911394E-01,  3.7155188999999998E-02,  8.0726500000000004E-04,0
2263,  3.8750000000000001E-01,45,  2.5000000000000000E-01,  6.2500000000000000E-01,3,  8.1258034728458883E-01,41,6,468,467,1,  4.5411088019057155E-01,  9.3600000000000005E-01,  9.3400000000000005E-01,  6.1153076335911394E-01,  3.7376935000000000E-02,  8.8381500000000003E-04,0
2264,  3.8750000000000001E-01,45,  2.5000000000000000E-01,  6.2500000000000000E-01,4,  8.1258034728458883E-01,41,6,468,467,1,  4.5411088019057155E-01,  9.3600000000000005E-01,  9.3400000000000005E-01,  6.1153076335911394E-01,  3.6871493999999998E-02,  8.2926799999999998E-04,0
2265,  3.8750000000000001E-01,45,  2.5000000000000000E-01,  6.2500000000000000E-01,5,  8.1258034728458883E-01,41,8,476,467,9,  3.3263751525029162E-01,  9.5199999999999996E-01,  9.3400000000000005E-01,  4.9301209214115038E-01,  3.6590532000000002E-02,  8.3514099999999996E-04,0
2266,  3.8750000000000001E-01,45,  2.5000000000000000E-01,  8.1250000000000000E-01,1,  8.1258034728458883E-01,41,5,467,467,0,  5.4546804763025381E-01,  9.3400000000000005E-01,  9.3400000000000005E-01,  6.8871667394601588E-01,  3.6364980999999998E-02,  7.9524600000000000E-04,0
2267,  3.8750000000000001E-01,45,  2.5000000000000000E-01,  8.1250000000000000E-01,2,  8.1258034728458883E-01,41,6,468,467,1,  4.5411088019057155E-01,  9.3600000000000005E-01,  9.3400000000000005E-01,  6.1153076335911394E-01,  3.7145737999999998E-02,  7.8431400000000004E-04,0
2268,  3.8750000000000001E-01,45,  2.5000000000000000E-01,  8.1250000000000000E-01,3,  8.1258034728458883E-01,41,6,468,467,1,  4.5411088019057155E-01,  9.3600000000000005E-01,  9.3400000000000005E-01,  6.1153076335911394E-01,  3.7784577000000000E-02,  8.0872599999999995E-04,0
2269,  3.8750000000000001E-01,45,  2.5000000000000000E-01,  8.1250000000000000E-01,4,  8.1258034728458883E-01,41,6,468,467,1,  4.5411088019057155E-01,  9.3600000000000005E-01,  9.3400000000000005E-01,  6.1153076335911394E-01,  3.9008237000000001E-02,  7.9681000000000001E-04,0
2270,  3.8750000000000001E-01,45,  2.5000000000000000E-01,  8.1250000000000000E-01,5,  8.1258034728458883E-01,41,8,476,467,9,  3.3263751525029162E-01,  9.5199999999999996E-01,  9.3400000000000005E-01,  4.9301209214115038E-01,  3.8639943000000003E-02,  8.1622200000000002E-04,0
2271,  3.8750000000000001E-01,45,  2.5000000000000000E-01,  1.0000000000000000E+00,1,  8.1258034728458883E-01,41,5,467,467,0,  5.4546804763025381E-01,  9.3400000000000005E-01,  9.3400000000000005E-01,  6.8871667394601588E-01,  3.6826567999999997E-02,  8.1172600000000003E-04,0
2272,  3.8750000000000001E-01,45,  2.5000000000000000E-01,  1.0000000000000000E+00,2,  8.1258034728458883E-01,41,6,468,467,1,  4.5411088019057155E-01,  9.3600000000000005E-01,  9.3400000000000005E-01,  6.1153076335911394E-01,  3.7226081000000001E-02,  7.8754599999999997E-04,0
2273,  3.8750000000000001E-01,45,  2.5000000000000000E-01,  1.0000000000000000E+00,3,  8.1258034728458883E-01,41,6,468,467,1,  4.5411088019057155E-01,  9.3600000000000005E-01,  9.3400000000000005E-01,  6.1153076335911394E-01,  3.7956310000000000E-02,  8.0086500000000000E-04,0
2274,  3.8750000000000001E-01,45,  2.5000000000000000E-01,  1.0000000000000000E+00,4,  8.1258034728458883E-01,41,6,468,467,1,  4.5411088019057155E-01,  9.3600000000000005E-01,  9.3400000000000005E-01,  6.1153076335911394E-01,  3.8330883000000003E-02,  7.9658300000000001E-04,0
2275,  3.8750000000000001E-01,45,  2.5000000000000000E-01,  1.0000000000000000E+00,5,  8.1258034728458883E-01,41,8,476,467,9,  3.3263751525029162E-01,  9.5199999999999996E-01,  9.3400000000000005E-01,  4.9301209214115038E-01,  3.8434476000000002E-02,  8.8208399999999999E-04,0
2276,  3.8750000000000001E-01,45,  4.3750000000000000E-01,  2.5000000000000000E-01,1,  8.1258034728458883E-01,41,3,496,496,0,  7.8855172955628716E-01,  9.9199999999999999E-01,  9.9199999999999999E-01,  8.7865272627015623E-01,  6.8597696000000000E-02,  8.8365500000000001E-04,0
2277,  3.8750000000000001E-01,45,  4.3750000000000000E-01,  2.5000000000000000E-01,2,  8.1258034728458883E-01,41,3,496,496,0,  7.8855172955628716E-01,  9.9199999999999999E-01,  9.9199999999999999E-01,  8.7865272627015623E-01,  6.4251593999999995E-02,  8.4389299999999997E-04,0
2278,  3.8750000000000001E-01,45,  4.3750000000000000E-01,  2.5000000000000000E-01,3,  8.1258034728458883E-01,41,4,498,496,2,  6.3866141686955824E-01,  9.9600000000000000E-01,  9.9199999999999999E-01,  7.7827342670172006E-01,  6.0759954999999997E-02,  8.2893400000000003E-04,0
2279,  3.8750000000000001E-01,45,  4.3750000000000000E-01,  2.5000000000000000E-01,4,  8.1258034728458883E-01,41,4,498,496,2,  6.3866141686955824E-01,  9.9600000000000000E-01,  9.9199999999999999E-01,  7.7827342670172006E-01,  6.3820294999999999E-02,  8.2147199999999996E-04,0
2280,  3.8750000000000001E-01,45,  4.3750000000000000E-01,  2.5000000000000000E-01,5,  8.1258034728458883E-01,41,4,498,496,2,  6.3866141686955824E-01,  9.9600000000000000E-01,  9.9199999999999999E-01,  7.7827342670172006E-01,  6.1398530999999999E-02,  8.2759499999999998E-04,0
2281,  3.8750000000000001E-01,45,  4.3750000000000000E-01,  4.3750000000000000E-01,1,  8.1258034728458883E-01,41,3,496,496,0,  7.8855172955628716E-01,  9.9199999999999999E-01,  9.9199999999999999E-01,  8.7865272627015623E-01,  6.3269733999999994E-02,  8.0853900000000005E-04,0
2282,  3.8750000000000001E-01,45,  4.3750000000000000E-01,  4.3750000000000000E-01,2,  8.1258034728458883E-01,41,3,496,496,0,  7.8855172955628716E-01,  9.9199999999999999E-01,  9.9199999999999999E-01,  8.7865272627015623E-01,  6.0431732000000002E-02,  9.8999999999999999E-04,0
2283,  3.8750000000000001E-01,45,  4.3750000000000000E-01,  4.3750000000000000E-01,3,  8.1258034728458883E-01,41,4,498,496,2,  6.3866141686955824E-01,  9.9600000000000000E-01,  9.9199999999999999E-01,  7.7827342670172006E-01,  6.1810332000000003E-02,  9.2433700000000001E-04,0
2284,  3.8750000000000001E-01,45,  4.3750000000000000E-01,  4.3750000000000000E-01,4,  8.1258034728458883E-01,41,4,498,496,2,  6.3866141686955824E-01,  9.9600000000000000E-01,  9.9199999999999999E-01,  7.7827342670172006E-01,  6.1501558999999997E-02,  8.6013599999999995E-04,0
2285,  3.8750000000000001E-01,45,  4.3750000000000000E-01,  4.3750000000000000E-01,5,  8.1258034728458883E-01,41,4,498,496,2,  6.3866141686955824E-01,  9.9600000000000000E-01,  9.9199999999999999E-01,  7.7827342670172006E-01,  6.0804600000000000E-02,  8.6073599999999997E-04,0
2286,  3.8750000000000001E-01,45,  4.3750000000000000E-01,  6.2500000000000000E-01,1,  8.1258034728458883E-01,41,3,496,496,0,  7.8855172955628716E-01,  9.9199999999999999E-01,  9.9199999999999999E-01,  8.7865272627015623E-01,  6.0580876999999998E-02,  7.9770199999999996E-04,0
2287,  3.8750000000000001E-01,45,  4.3750000000000000E-01,  6.2500000000000000E-01,2,  8.1258034728458883E-01,41,3,496,496,0,  7.8855172955628716E-01,  9.9199999999999999E-01,  9.9199999999999999E-01,  8.7865272627015623E-01,  5.9602646000000002E-02,  8.2283900000000001E-04,0
2288,  3.8750000000000001E-01,45,  4.3750000000000000E-01,  6.2500000000000000E-01,3,  8.1258034728458883E-01,41,4,498,496,2,  6.3866141686955824E-01,  9.9600000000000000E-01,  9.9199999999999999E-01,  7.7827342670172006E-01,  6.2096096000000003E-02,  8.1467499999999995E-04,0
2289,  3.8750000000000001E-01,45,  4.3750000000000000E-01,  6.2500000000000000E-01,4,  8.1258034728458883E-01,41,4,498,496,2,  6.3866141686955824E-01,  9.9600000000000000E-01,  9.9199999999999999E-01,  7.7827342670172006E-01,  6.1008556999999998E-02,  9.2279099999999995E-04,0
2290,  3.8750000000000001E-01,45,  4.3750000000000000E-01,  6.2500000000000000E-01,5,  8.1258034728458883E-01,41,4,498,496,2,  6.3866141686955824E-01,  9.9600000000000000E-01,  9.9199999999999999E-01,  7.7827342670172006E-01,  6.4309578000000006E-02,  8.2759999999999995E-04,0
2291,  3.8750000000000001E-01,45,  4.3750000000000000E-01,  8.1250000000000000E-01,1,  8.1258034728458883E-01,41,3,496,496,0,  7.8855172955628716E-01,  9.9199999999999999E-01,  9.9199999999999999E-01,  8.7865272627015623E-01,  6.4025327000000007E-02,  8.3250499999999999E-04,0
2292,  3.8750000000000001E-01,45,  4.3750000000000000E-01,  8.1250000000000000E-01,2,  8.1258034728458883E-01,41,3,496,496,0,  7.8855172955628716E-01,  9.9199999999999999E-01,  9.9199999999999999E-01,  8.7865272627015623E-01,  6.3278048000000003E-02,  8.3912300000000000E-04,0
2293,  3.8750000000000001E-01,45,  4.3750000000000000E-01,  8.1250000000000000E-01,3,  8.1258034728458883E-01,41,4,498,496,2,  6.3866141686955824E-01,  9.9600000000000000E-01,  9.9199999999999999E-01,  7.7827342670172006E-01,  6.1471956000000001E-02,  8.2512999999999998E-04,0
2294,  3.8750000000000001E-01,45,  4.3750000000000000E-01,  8.1250000000000000E-01,4,  8.1258034728458883E-01,41,4,498,496,2,  6.3866141686955824E-01,  9.9600000000000000E-01,  9.9199999999999999E-01,  7.7827342670172006E-01,  6.0709357999999998E-02,  8.8465099999999997E-04,0
2295,  3.8750000000000001E-01,45,  4.3750000000000000E-01,  8.1250000000000000E-01,5,  8.1258034728458883E-01,41,4,498,496,2,  6.3866141686955824E-01,  9.9600000000000000E-01,  9.9199999999999999E-01,  7.7827342670172006E-01,  6.3182253999999993E-02,  8.4542199999999997E-04,0
2296,  3.8750000000000001E-01,45,  4.3750000000000000E-01,  1.0000000000000000E+00,1,  8.1258034728458883E-01,41,3,496,496,0,  7.8855172955628716E-01,  9.9199999999999999E-01,  9.9199999999999999E-01,  8.7865272627015623E-01,  6.2020631999999999E-02,  1.1501230000000001E-03,0
2297,  3.8750000000000001E-01,45,  4.3750000000000000E-01,  1.0000000000000000E+00,2,  8.1258034728458883E-01,41,3,496,496,0,  7.8855172955628716E-01,  9.9199999999999999E-01,  9.9199999999999999E-01,  8.7865272627015623E-01,  6.1811918000000000E-02,  8.5054399999999995E-04,0
2298,  3.8750000000000001E-01,45,  4.3750000000000000E-01,  1.0000000000000000E+00,3,  8.1258034728458883E-01,41,4,498,496,2,  6.3866141686955824E-01,  9.9600000000000000E-01,  9.9199999999999999E-01,  7.7827342670172006E-01,  6.0036734000000001E-02,  8.2554600000000003E-04,0
2299,  3.8750000000000001E-01,45,  4.3750000000000000E-01,  1.0000000000000000E+00,4,  8.1258034728458883E-01,41,4,498,496,2,  6.3866141686955824E-01,  9.9600000000000000E-01,  9.9199999999999999E-01,  7.7827342670172006E-01,  6.2503108000000002E-02,  8.1432900000000003E-04,0
2300,  3.8750000000000001E-01,45,  4.3750000000000000E-01,  1.0000000000000000E+00,5,  8.1258034728458883E-01,41,4,498,496,2,  6.3866141686955824E-01,  9.9600000000000000E-01,  9.9199999999999999E-01,  7.7827342670172006E-01,  6.1195680000000002E-02,  8.3171600000000003E-04,0
2301,  3.8750000000000001E-01,45,  6.2500000000000000E-01,  2.5000000000000000E-01,1,  8.1258034728458883E-01,41,3,499,499,0,  7.8572496541196890E-01,  9.9800000000000000E-01,  9.9800000000000000E-01,  8.7923141816881722E-01,  7.4513079999999995E-02,  8.4771700000000000E-04,0
2302,  3.8750000000000001E-01,45,  6.2500000000000000E-01,  2.5000000000000000E-01,2,  8.1258034728458883E-01,41,3,499,499,0,  7.8572496541196890E-01,  9.9800000000000000E-01,  9.9800000000000000E-01,  8.7923141816881722E-01,  7.4830114000000003E-02,  1.1664180000000000E-03,0
2303,  3.8750000000000001E-01,45,  6.2500000000000000E-01,  2.5000000000000000E-01,3,  8.1258034728458883E-01,41,3,499,499,0,  7.8572496541196890E-01,  9.9800000000000000E-01,  9.9800000000000000E-01,  8.7923141816881722E-01,  7.5043946000000000E-02,  1.1166740000000000E-03,0
2304,  3.8750000000000001E-01,45,  6.2500000000000000E-01,  2.5000000000000000E-01,4,  8.1258034728458883E-01,41,3,499,499,0,  7.8572496541196890E-01,  9.9800000000000000E-01,  9.9800000000000000E-01,  8.7923141816881722E-01,  7.3675574999999993E-02,  9.4437600000000003E-04,0
2305,  3.8750000000000001E-01,45,  6.2500000000000000E-01,  2.5000000000000000E-01,5,  8.1258034728458883E-01,41,3,499,499,0,  7.8572496541196890E-01,  9.9800000000000000E-01,  9.9800000000000000E-01,  8.7923141816881722E-01,  7.4759616000000001E-02,  8.5362299999999997E-04,0
2306,  3.8750000000000001E-01,45,  6.2500000000000000E-01,  4.3750000000000000E-01,1,  8.1258034728458883E-01,41,3,499,499,0,  7.8572496541196890E-01,  9.9800000000000000E-01,  9.9800000000000000E-01,  8.7923141816881722E-01,  7.5518508999999998E-02,  8.3753600000000005E-04,0
2307,  3.8750000000000001E-01,45,  6.2500000000000000E-01,  4.3750000000000000E-01,2,  8.1258034728458883E-01,41,3,499,499,0,  7.8572496541196890E-01,  9.9800000000000000E-01,  9.9800000000000000E-01,  8.7923141816881722E-01,  7.4296163999999998E-02,  8.7157399999999996E-04,0
2308,  3.8750000000000001E-01,45,  6.2500000000000000E-01,  4.3750000000000000E-01,3,  8.1258034728458883E-01,41,3,499,499,0,  7.8572496541196890E-01,  9.9800000000000000E-01,  9.9800000000000000E-01,  8.7923141816881722E-01,  7.4458175000000001E-02,  8.5653900000000002E-04,0
2309,  3.8750000000000001E-01,45,  6.2500000000000000E-01,  4.3750000000000000E-01,4,  8.1258034728458883E-01,41,3,499,499,0,  7.8572496541196890E-01,  9.9800000000000000E-01,  9.9800000000000000E-01,  8.7923141816881722E-01,  7.6146894000000007E-02,  8.7446699999999997E-04,0
2310,  3.8750000000000001E-01,45,  6.2500000000000000E-01,  4.3750000000000000E-01,5,  8.1258034728458883E-01,41,3,499,499,0,  7.8572496541196890E-01,  9.9800000000000000E-01,  9.9800000000000000E-01,  8.7923141816881722E-01,  7.4145943000000006E-02,  8.4261999999999998E-04,0
2311,  3.8750000000000001E-01,45,  6.2500000000000000E-01,  6.2500000000000000E-01,1,  8.1258034728458883E-01,41,3,499,499,0,  7.8572496541196890E-01,  9.9800000000000000E-01,  9.9800000000000000E-01,  8.7923141816881722E-01,  7.5959236999999999E-02,  1.0310260000000000E-03,0
2312,  3.8750000000000001E-01,45,  6.2500000000000000E-01,  6.2500000000000000E-01,2,  8.1258034728458883E-01,41,3,499,499,0,  7.8572496541196890E-01,  9.9800000000000000E-01,  9.9800000000000000E-01,  8.7923141816881722E-01,  7.6508306999999998E-02,  8.2233499999999999E-04,0
2313,  3.8750000000000001E-01,45,  6.2500000000000000E-01,  6.2500000000000000E-01,3,  8.1258034728458883E-01,41,3,499,499,0,  7.8572496541196890E-01,  9.9800000000000000E-01,  9.9800000000000000E-01,  8.7923141816881722E-01,  7.4375805000000003E-02,  8.3346799999999997E-04,0
2314,  3.8750000000000001E-01,45,  6.2500000000000000E-01,  6.2500000000000000E-01,4,  8.1258034728458883E-01,41,3,499,499,0,  7.8572496541196890E-01,  9.9800000000000000E-01,  9.9800000000000000E-01,  8.7923141816881722E-01,  7.4624250000000003E-02,  1.2983850000000000E-03,0
2315,  3.8750000000000001E-01,45,  6.2500000000000000E-01,  6.2500000000000000E-01,5,  8.1258034728458883E-01,41,3,499,499,0,  7.8572496541196890E-01,  9.9800000000000000E-01,  9.9800000000000000E-01,  8.7923141816881722E-01,  7.2908824999999997E-02,  8.2363300000000005E-04,0
2316,  3.8750000000000001E-01,45,  6.2500000000000000E-01,  8.1250000000000000E-01,1,  8.1258034728458883E-01,41,3,499,499,0,  7.8572496541196890E-01,  9.9800000000000000E-01,  9.9800000000000000E-01,  8.7923141816881722E-01,  7.5921186000000002E-02,  8.8987400000000003E-04,0
2317,  3.8750000000000001E-01,45,  6.2500000000000000E-01,  8.1250000000000000E-01,2,  8.1258034728458883E-01,41,3,499,499,0,  7.8572496541196890E-01,  9.9800000000000000E-01,  9.9800000000000000E-01,  8.7923141816881722E-01,  7.5857070999999998E-02,  8.7713299999999999E-04,0
2318,  3.8750000000000001E-01,45,  6.2500000000000000E-01,  8.1250000000000000E-01,3,  8.1258034728458883E-01,41,3,499,499,0,  7.8572496541196890E-01,  9.9800000000000000E-01,  9.9800000000000000E-01,  8.7923141816881722E-01,  7.4612202000000002E-02,  1.0119110000000001E-03,0
2319,  3.8750000000000001E-01,45,  6.2500000000000000E-01,  8.1250000000000000E-01,4,  8.1258034728458883E-01,41,3,499,499,0,  7.8572496541196890E-01,  9.9800000000000000E-01,  9.9800000000000000E-01,  8.7923141816881722E-01,  7.5285186000000004E-02,  8.6855700000000005E-04,0
2320,  3.8750000000000001E-01,45,  6.2500000000000000E-01,  8.1250000000000000E-01,5,  8.1258034728458883E-01,41,3,499,499,0,  7.8572496541196890E-01,  9.9800000000000000E-01,  9.9800000000000000E-01,  8.7923141816881722E-01,  7.3543152000000001E-02,  8.7706100000000005E-04,0
2321,  3.8750000000000001E-01,45,  6.2500000000000000E-01,  1.0000000000000000E+00,1,  8.1258034728458883E-01,41,3,499,499,0,  7.8572496541196890E-01,  9.9800000000000000E-01,  9.9800000000000000E-01,  8.7923141816881722E-01,  7.4159797999999999E-02,  8.4508599999999999E-04,0
2322,  3.8750000000000001E-01,45,  6.2500000000000000E-01,  1.0000000000000000E+00,2,  8.1258034728458883E-01,41,3,499,499,0,  7.8572496541196890E-01,  9.9800000000000000E-01,  9.9800000000000000E-01,  8.7923141816881722E-01,  7.5471910000000003E-02,  8.9081000000000002E-04,0
2323,  3.8750000000000001E-01,45,  6.2500000000000000E-01,  1.0000000000000000E+00,3,  8.1258034728458883E-01,41,3,499,499,0,  7.8572496541196890E-01,  9.9800000000000000E-01,  9.9800000000000000E-01,  8.7923141816881722E-01,  7.4139863000000000E-02,  8.2213299999999996E-04,0
2324,  3.8750000000000001E-01,45,  6.2500000000000000E-01,  1.0000000000000000E+00,4,  8.1258034728458883E-01,41,3,499,499,0,  7.8572496541196890E-01,  9.9800000000000000E-01,  9.9800000000000000E-01,  8.7923141816881722E-01,  7.5073899999999999E-02,  8.1700299999999996E-04,0
2325,  3.8750000000000001E-01,45,  6.2500000000000000E-01,  1.0000000000000000E+00,5,  8.1258034728458883E-01,41,3,499,499,0,  7.8572496541196890E-01,  9.9800000000000000E-01,  9.9800000000000000E-01,  8.7923141816881722E-01,  7.5443313999999997E-02,  8.5158100000000002E-04,0
2326,  3.8750000000000001E-01,45,  8.1250000000000000E-01,  2.5000000000000000E-01,1,  8.1258034728458883E-01,41,1,500,500,0,  1.0000000000000000E+00,  1.0000000000000000E+00,  1.0000000000000000E+00,  1.0000000000000000E+00,  8.8560757000000004E-02,  8.8775599999999996E-04,0
2327,  3.8750000000000001E-01,45,  8.1250000000000000E-01,  2.5000000000000000E-01,2,  8.1258034728458883E-01,41,2,501,500,1,  8.5725471220729144E-01,  1.0020000000000000E+00,  1.0000000000000000E+00,  9.2399305591856751E-01,  8.7462665999999994E-02,  8.1236199999999996E-04,0
2328,  3.8750000000000001E-01,45,  8.1250000000000000E-01,  2.5000000000000000E-01,3,  8.1258034728458883E-01,41,2,501,500,1,  8.5725471220729144E-01,  1.0020000000000000E+00,  1.0000000000000000E+00,  9.2399305591856751E-01,  8.7613992000000002E-02,  8.8586299999999997E-04,0
2329,  3.8750000000000001E-01,45,  8.1250000000000000E-01,  2.5000000000000000E-01,4,  8.1258034728458883E-01,41,2,501,500,1,  8.5725471220729144E-01,  1.0020000000000000E+00,  1.0000000000000000E+00,  9.2399305591856751E-01,  8.7622136000000003E-02,  8.6652500000000004E-04,0
2330,  3.8750000000000001E-01,45,  8.1250000000000000E-01,  2.5000000000000000E-01,5,  8.1258034728458883E-01,41,2,501,500,1,  8.5725471220729144E-01,  1.0020000000000000E+00,  1.0000000000000000E+00,  9.2399305591856751E-01,  8.8363608999999996E-02,  8.1900600000000005E-04,0
2331,  3.8750000000000001E-01,45,  8.1250000000000000E-01,  4.3750000000000000E-01,1,  8.1258034728458883E-01,41,1,500,500,0,  1.0000000000000000E+00,  1.0000000000000000E+00,  1.0000000000000000E+00,  1.0000000000000000E+00,  8.7623709999999994E-02,  1.0812199999999999E-03,0
2332,  3.8750000000000001E-01,45,  8.1250000000000000E-01,  4.3750000000000000E-01,2,  8.1258034728458883E-01,41,2,501,500,1,  8.5725471220729144E-01,  1.0020000000000000E+00,  1.0000000000000000E+00,  9.2399305591856751E-01,  8.9755750999999995E-02,  8.6754099999999999E-04,0
2333,  3.8750000000000001E-01,45,  8.1250000000000000E-01,  4.3750000000000000E-01,3,  8.1258034728458883E-01,41,2,501,500,1,  8.5725471220729144E-01,  1.0020000000000000E+00,  1.0000000000000000E+00,  9.2399305591856751E-01,  8.8378624000000003E-02,  1.0268250000000001E-03,0
2334,  3.8750000000000001E-01,45,  8.1250000000000000E-01,  4.3750000000000000E-01,4,  8.1258034728458883E-01,41,2,501,500,1,  8.5725471220729144E-01,  1.0020000000000000E+00,  1.0000000000000000E+00,  9.2399305591856751E-01,  8.7970205999999995E-02,  9.8276099999999996E-04,0
2335,  3.8750000000000001E-01,45,  8.1250000000000000E-01,  4.3750000000000000E-01,5,  8.1258034728458883E-01,41,2,501,500,1,  8.5725471220729144E-01,  1.0020000000000000E+00,  1.0000000000000000E+00,  9.2399305591856751E-01,  8.4453053000000000E-02,  1.1158279999999999E-03,0
2336,  3.8750000000000001E-01,45,  8.1250000000000000E-01,  6.2500000000000000E-01,1,  8.1258034728458883E-01,41,1,500,500,0,  1.0000000000000000E+00,  1.0000000000000000E+00,  1.0000000000000000E+00,  1.0000000000000000E+00,  8.9521174999999995E-02,  9.1771599999999995E-04,0
2337,  3.8750000000000001E-01,45,  8.1250000000000000E-01,  6.2500000000000000E-01,2,  8.1258034728458883E-01,41,2,501,500,1,  8.5725471220729144E-01,  1.0020000000000000E+00,  1.0000000000000000E+00,  9.2399305591856751E-01,  8.9396523000000006E-02,  8.8352899999999998E-04,0
2338,  3.8750000000000001E-01,45,  8.1250000000000000E-01,  6.2500000000000000E-01,3,  8.1258034728458883E-01,41,2,501,500,1,  8.5725471220729144E-01,  1.0020000000000000E+00,  1.0000000000000000E+00,  9.2399305591856751E-01,  8.9200314000000003E-02,  9.7801399999999992E-04,0
2339,  3.8750000000000001E-01,45,  8.1250000000000000E-01,  6.2500000000000000E-01,4,  8.1258034728458883E-01,41,2,501,500,1,  8.5725471220729144E-01,  1.0020000000000000E+00,  1.0000000000000000E+00,  9.2399305591856751E-01,  8.5422672000000005E-02,  8.2074500000000000E-04,0
2340,  3.8750000000000001E-01,45,  8.1250000000000000E-01,  6.2500000000000000E-01,5,  8.1258034728458883E-01,41,2,501,500,1,  8.5725471220729144E-01,  1.0020000000000000E+00,  1.0000000000000000E+00,  9.2399305591856751E-01,  8.8065629000000006E-02,  8.5603100000000004E-04,0
2341,  3.8750000000000001E-01,45,  8.1250000000000000E-01,  8.1250000000000000E-01,1,  8.1258034728458883E-01,41,1,500,500,0,  1.0000000000000000E+00,  1.0000000000000000E+00,  1.0000000000000000E+00,  1.0000000000000000E+00,  8.7968808999999995E-02,  9.3829000000000004E-04,0
2342,  3.8750000000000001E-01,45,  8.1250000000000000E-01,  8.1250000000000000E-01,2,  8.1258034728458883E-01,41,2,501,500,1,  8.5725471220729144E-01,  1.0020000000000000E+00,  1.0000000000000000E+00,  9.2399305591856751E-01,  8.9586526000000000E-02,  8.3957200000000002E-04,0
2343,  3.8750000000000001E-01,45,  8.1250000000000000E-01,  8.1250000000000000E-01,3,  8.1258034728458883E-01,41,2,501,500,1,  8.5725471220729144E-01,  1.0020000000000000E+00,  1.0000000000000000E+00,  9.2399305591856751E-01,  8.9627833000000004E-02,  8.2582599999999999E-04,0
2344,  3.8750000000000001E-01,45,  8.1250000000000000E-01,  8.1250000000000000E-01,4,  8.1258034728458883E-01,41,2,501,500,1,  8.5725471220729144E-01,  1.0020000000000000E+00,  1.0000000000000000E+00,  9.2399305591856751E-01,  8.7944743000000006E-02,  8.5480699999999996E-04,0
2345,  3.8750000000000001E-01,45,  8.1250000000000000E-01,  8.1250000000000000E-01,5,  8.1258034728458883E-01,41,2,501,500,1,  8.5725471220729144E-01,  1.0020000000000000E+00,  1.0000000000000000E+00,  9.2399305591856751E-01,  9.0705791999999993E-02,  8.2202399999999998E-04,0
2346,  3.8750000000000001E-01,45,  8.1250000000000000E-01,  1.0000000000000000E+00,1,  8.1258034728458883E-01,41,1,500,500,0,  1.0000000000000000E+00,  1.0000000000000000E+00,  1.0000000000000000E+00,  1.0000000000000000E+00,  8.9473146000000003E-02,  8.3500700000000002E-04,0
2347,  3.8750000000000001E-01,45,  8.1250000000000000E-01,  1.0000000000000000E+00,2,  8.1258034728458883E-01,41,2,501,500,1,  8.5725471220729144E-01,  1.0020000000000000E+00,  1.0000000000000000E+00,  9.2399305591856751E-01,  8.6510196999999997E-02,  8.3867600000000000E-04,0
2348,  3.8750000000000001E-01,45,  8.1250000000000000E-01,  1.0000000000000000E+00,3,  8.1258034728458883E-01,41,2,501,500,1,  8.5725471220729144E-01,  1.0020000000000000E+00,  1.0000000000000000E+00,  9.2399305591856751E-01,  8.6784740999999999E-02,  8.2896399999999996E-04,0
2349,  3.8750000000000001E-01,45,  8.1250000000000000E-01,  1.0000000000000000E+00,4,  8.1258034728458883E-01,41,2,501,500,1,  8.5725471220729144E-01,  1.0020000000000000E+00,  1.0000000000000000E+00,  9.2399305591856751E-01,  8.9117747999999997E-02,  9.2311599999999998E-04,0
2350,  3.8750000000000001E-01,45,  8.1250000000000000E-01,  1.0000000000000000E+00,5,  8.1258034728458883E-01,41,2,501,500,1,  8.5725471220729144E-01,  1.0020000000000000E+00,  1.0000000000000000E+00,  9.2399305591856751E-01,  8.6082706999999994E-02,  8.3703800000000002E-04,0
2351,  3.8750000000000001E-01,45,  1.0000000000000000E+00,  2.5000000000000000E-01,1,  8.1258034728458883E-01,41,1,500,500,0,  1.0000000000000000E+00,  1.0000000000000000E+00,  1.0000000000000000E+00,  1.0000000000000000E+00,  9.3471946000000000E-02,  8.7547600000000003E-04,0
2352,  3.8750000000000001E-01,45,  1.0000000000000000E+00,  2.5000000000000000E-01,2,  8.1258034728458883E-01,41,1,500,500,0,  1.0000000000000000E+00,  1.0000000000000000E+00,  1.0000000000000000E+00,  1.0000000000000000E+00,  9.1797680000000006E-02,  8.5706599999999997E-04,0
2353,  3.8750000000000001E-01,45,  1.0000000000000000E+00,  2.5000000000000000E-01,3,  8.1258034728458883E-01,41,1,500,500,0,  1.0000000000000000E+00,  1.0000000000000000E+00,  1.0000000000000000E+00,  1.0000000000000000E+00,  9.1973321999999996E-02,  8.4929799999999996E-04,0
2354,  3.8750000000000001E-01,45,  1.0000000000000000E+00,  2.5000000000000000E-01,4,  8.1258034728458883E-01,41,1,500,500,0,  1.0000000000000000E+00,  1.0000000000000000E+00,  1.0000000000000000E+00,  1.0000000000000000E+00,  9.2652212999999997E-02,  8.0930900000000003E-04,0
2355,  3.8750000000000001E-01,45,  1.0000000000000000E+00,  2.5000000000000000E-01,5,  8.1258034728458883E-01,41,1,500,500,0,  1.0000000000000000E+00,  1.0000000000000000E+00,  1.0000000000000000E+00,  1.0000000000000000E+00,  9.2169473000000002E-02,  8.7535499999999997E-04,0
2356,  3.8750000000000001E-01,45,  1.0000000000000000E+00,  4.3750000000000000E-01,1,  8.1258034728458883E-01,41,1,500,500,0,  1.0000000000000000E+00,  1.0000000000000000E+00,  1.0000000000000000E+00,  1.0000000000000000E+00,  9.1174564999999999E-02,  8.1176700000000002E-04,0
2357,  3.8750000000000001E-01,45,  1.0000000000000000E+00,  4.3750000000000000E-01,2,  8.1258034728458883E-01,41,1,500,500,0,  1.0000000000000000E+00,  1.0000000000000000E+00,  1.0000000000000000E+00,  1.0000000000000000E+00,  9.2947797999999998E-02,  8.1351199999999996E-04,0
2358,  3.8750000000000001E-01,45,  1.0000000000000000E+00,  4.3750000000000000E-01,3,  8.1258034728458883E-01,41,1,500,500,0,  1.0000000000000000E+00,  1.0000000000000000E+00,  1.0000000000000000E+00,  1.0000000000000000E+00,  9.2744472999999994E-02,  8.4645700000000000E-04,0
2359,  3.8750000000000001E-01,45,  1.0000000000000000E+00,  4.3750000000000000E-01,4,  8.1258034728458883E-01,41,1,500,500,0,  1.0000000000000000E+00,  1.0000000000000000E+00,  1.0000000000000000E+00,  1.0000000000000000E+00,  9.4045917000000007E-02,  8.5034300000000004E-04,0
2360,  3.8750000000000001E-01,45,  1.0000000000000000E+00,  4.3750000000000000E-01,5,  8.1258034728458883E-01,41,1,500,500,0,  1.0000000000000000E+00,  1.0000000000000000E+00,  1.0000000000000000E+00,  1.0000000000000000E+00,  9.1510897999999993E-02,  8.4493000000000003E-04,0
2361,  3.8750000000000001E-01,45,  1.0000000000000000E+00,  6.2500000000000000E-01,1,  8.1258034728458883E-01,41,1,500,500,0,  1.0000000000000000E+00,  1.0000000000000000E+00,  1.0000000000000000E+00,  1.0000000000000000E+00,  9.0946385000000005E-02,  8.7317600000000003E-04,0
2362,  3.8750000000000001E-01,45,  1.0000000000000000E+00,  6.2500000000000000E-01,2,  8.1258034728458883E-01,41,1,500,500,0,  1.0000000000000000E+00,  1.0000000000000000E+00,  1.0000000000000000E+00,  1.0000000000000000E+00,  9.2737736000000001E-02,  8.2952099999999995E-04,0
2363,  3.8750000000000001E-01,45,  1.0000000000000000E+00,  6.2500000000000000E-01,3,  8.1258034728458883E-01,41,1,500,500,0,  1.0000000000000000E+00,  1.0000000000000000E+00,  1.0000000000000000E+00,  1.0000000000000000E+00,  9.4139057999999998E-02,  8.5355900000000005E-04,0
2364,  3.8750000000000001E-01,45,  1.0000000000000000E+00,  6.2500000000000000E-01,4,  8.1258034728458883E-01,41,1,500,500,0,  1.0000000000000000E+00,  1.0000000000000000E+00,  1.0000000000000000E+00,  1.0000000000000000E+00,  9.3133616000000002E-02,  8.9666699999999997E-04,0
2365,  3.8750000000000001E-01,45,  1.0000000000000000E+00,  6.2500000000000000E-01,5,  8.1258034728458883E-01,41,1,500,500,0,  1.0000000000000000E+00,  1.0000000000000000E+00,  1.0000000000000000E+00,  1.0000000000000000E+00,  9.4568410000000006E-02,  1.0915149999999999E-03,0
2366,  3.8750000000000001E-01,45,  1.0000000000000000E+00,  8.1250000000000000E-01,1,  8.1258034728458883E-01,41,1,500,500,0,  1.0000000000000000E+00,  1.0000000000000000E+00,  1.0000000000000000E+00,  1.0000000000000000E+00,  9.4792903999999997E-02,  1.2741120000000000E-03,0
2367,  3.8750000000000001E-01,45,  1.0000000000000000E+00,  8.1250000000000000E-01,2,  8.1258034728458883E-01,41,1,500,500,0,  1.0000000000000000E+00,  1.0000000000000000E+00,  1.0000000000000000E+00,  1.0000000000000000E+00,  9.5733691999999995E-02,  8.3254700000000000E-04,0
2368,  3.8750000000000001E-01,45,  1.0000000000000000E+00,  8.1250000000000000E-01,3,  8.1258034728458883E-01,41,1,500,500,0,  1.0000000000000000E+00,  1.0000000000000000E+00,  1.0000000000000000E+00,  1.0000000000000000E+00,  9.4353354000000000E-02,  8.1531900000000000E-04,0
2369,  3.8750000000000001E-01,45,  1.0000000000000000E+00,  8.1250000000000000E-01,4,  8.1258034728458883E-01,41,1,500,500,0,  1.0000000000000000E+00,  1.0000000000000000E+00,  1.0000000000000000E+00,  1.0000000000000000E+00,  9.1773978000000006E-02,  8.4348900000000000E-04,0
2370,  3.8750000000000001E-01,45,  1.0000000000000000E+00,  8.1250000000000000E-01,5,  8.1258034728458883E-01,41,1,500,500,0,  1.0000000000000000E+00,  1.0000000000000000E+00,  1.0000000000000000E+00,  1.0000000000000000E+00,  1.0398043000000000E-01,  8.7706000000000004E-04,0
2371,  3.8750000000000001E-01,45,  1.0000000000000000E+00,  1.0000000000000000E+00,1,  8.1258034728458883E-01,41,1,500,500,0,  1.0000000000000000E+00,  1.0000000000000000E+00,  1.0000000000000000E+00,  1.0000000000000000E+00,  9.2717641000000003E-02,  9.3211699999999999E-04,0
2372,  3.8750000000000001E-01,45,  1.0000000000000000E+00,  1.0000000000000000E+00,2,  8.1258034728458883E-01,41,1,500,500,0,  1.0000000000000000E+00,  1.0000000000000000E+00,  1.0000000000000000E+00,  1.0000000000000000E+00,  9.1676566000000001E-02,  1.0899149999999999E-03,0
2373,  3.8750000000000001E-01,45,  1.0000000000000000E+00,  1.0000000000000000E+00,3,  8.1258034728458883E-01,41,1,500,500,0,  1.0000000000000000E+00,  1.0000000000000000E+00,  1.0000000000000000E+00,  1.0000000000000000E+00,  9.6631612000000006E-02,  9.0686000000000000E-04,0
2374,  3.8750000000000001E-01,45,  1.0000000000000000E+00,  1.0000000000000000E+00,4,  8.1258034728458883E-01,41,1,500,500,0,  1.0000000000000000E+00,  1.0000000000000000E+00,  1.0000000000000000E+00,  1.0000000000000000E+00,  9.0819865999999999E-02,  9.2720800000000000E-04,0
2375,  3.8750000000000001E-01,45,  1.0000000000000000E+00,  1.0000000000000000E+00,5,  8.1258034728458883E-01,41,1,500,500,0,  1.0000000000000000E+00,  1.0000000000000000E+00,  1.0000000000000000E+00,  1.0000000000000000E+00,  9.2676230999999998E-02,  9.9711999999999999E-04,0
2376,  3.8750000000000001E-01,55,  2.5000000000000000E-01,  2.5000000000000000E-01,1,  8.1258034728458883E-01,37,5,443,443,0,  4.6876464824020614E-01,  8.8600000000000001E-01,  8.8600000000000001E-01,  6.1313303219170423E-01,  3.4617611999999999E-02,  7.7803499999999995E-04,0
2377,  3.8750000000000001E-01,55,  2.5000000000000000E-01,  2.5000000000000000E-01,2,  8.1258034728458883E-01,37,6,444,443,1,  4.2327415762249099E-01,  8.8800000000000001E-01,  8.8600000000000001E-01,  5.7328583772331498E-01,  3.3433693000000000E-02,  7.6424399999999997E-04,0
2378,  3.8750000000000001E-01,55,  2.5000000000000000E-01,  2.5000000000000000E-01,3,  8.1258034728458883E-01,37,6,444,443,1,  4.2327415762249099E-01,  8.8800000000000001E-01,  8.8600000000000001E-01,  5.7328583772331498E-01,  3.3308196999999998E-02,  7.5603300000000003E-04,0
2379,  3.8750000000000001E-01,55,  2.5000000000000000E-01,  2.5000000000000000E-01,4,  8.1258034728458883E-01,37,6,444,443,1,  4.2327415762249099E-01,  8.8800000000000001E-01,  8.8600000000000001E-01,  5.7328583772331498E-01,  3.3659649000000000E-02,  8.9543900000000004E-04,0
2380,  3.8750000000000001E-01,55,  2.5000000000000000E-01,  2.5000000000000000E-01,5,  8.1258034728458883E-01,37,6,444,443,1,  4.2327415762249099E-01,  8.8800000000000001E-01,  8.8600000000000001E-01,  5.7328583772331498E-01,  3.7214098000000001E-02,  7.8557200000000001E-04,0
2381,  3.8750000000000001E-01,55,  2.5000000000000000E-01,  4.3750000000000000E-01,1,  8.1258034728458883E-01,37,5,443,443,0,  4.6876464824020614E-01,  8.8600000000000001E-01,  8.8600000000000001E-01,  6.1313303219170423E-01,  3.4466708999999998E-02,  7.9301700000000003E-04,0
2382,  3.8750000000000001E-01,55,  2.5000000000000000E-01,  4.3750000000000000E-01,2,  8.1258034728458883E-01,37,6,444,443,1,  4.2327415762249099E-01,  8.8800000000000001E-01,  8.8600000000000001E-01,  5.7328583772331498E-01,  3.4223660000000003E-02,  8.9721400000000002E-04,0
2383,  3.8750000000000001E-01,55,  2.5000000000000000E-01,  4.3750000000000000E-01,3,  8.1258034728458883E-01,37,6,444,443,1,  4.2327415762249099E-01,  8.8800000000000001E-01,  8.8600000000000001E-01,  5.7328583772331498E-01,  3.4945171999999997E-02,  8.2896300000000005E-04,0
2384,  3.8750000000000001E-01,55,  2.5000000000000000E-01,  4.3750000000000000E-01,4,  8.1258034728458883E-01,37,6,444,443,1,  4.2327415762249099E-01,  8.8800000000000001E-01,  8.8600000000000001E-01,  5.7328583772331498E-01,  3.4829775000000000E-02,  8.2790299999999995E-04,0
2385,  3.8750000000000001E-01,55,  2.5000000000000000E-01,  4.3750000000000000E-01,5,  8.1258034728458883E-01,37,6,444,443,1,  4.2327415762249099E-01,  8.8800000000000001E-01,  8.8600000000000001E-01,  5.7328583772331498E-01,  3.4884465000000003E-02,  8.0921599999999997E-04,0
2386,  3.8750000000000001E-01,55,  2.5000000000000000E-01,  6.2500000000000000E-01,1,  8.1258034728458883E-01,37,5,443,443,0,  4.6876464824020614E-01,  8.8600000000000001E-01,  8.8600000000000001E-01,  6.1313303219170423E-01,  3.5336709000000001E-02,  7.5830600000000004E-04,0
2387,  3.8750000000000001E-01,55,  2.5000000000000000E-01,  6.2500000000000000E-01,2,  8.1258034728458883E-01,37,6,444,443,1,  4.2327415762249099E-01,  8.8800000000000001E-01,  8.8600000000000001E-01,  5.7328583772331498E-01,  3.3426082000000003E-02,  8.9546199999999997E-04,0
2388,  3.8750000000000001E-01,55,  2.5000000000000000E-01,  6.2500000000000000E-01,3,  8.1258034728458883E-01,37,6,444,443,1,  4.2327415762249099E-01,  8.8800000000000001E-01,  8.8600000000000001E-01,  5.7328583772331498E-01,  3.3202120000000002E-02,  1.1809740000000000E-03,0
2389,  3.8750000000000001E-01,55,  2.5000000000000000E-01,  6.2500000000000000E-01,4,  8.1258034728458883E-01,37,6,444,443,1,  4.2327415762249099E-01,  8.8800000000000001E-01,  8.8600000000000001E-01,  5.7328583772331498E-01,  3.3589160999999999E-02,  7.5312700000000003E-04,0
2390,  3.8750000000000001E-01,55,  2.5000000000000000E-01,  6.2500000000000000E-01,5,  8.1258034728458883E-01,37,6,444,443,1,  4.2327415762249099E-01,  8.8800000000000001E-01,  8.8600000000000001E-01,  5.7328583772331498E-01,  3.3671663999999997E-02,  7.8063399999999999E-04,0
2391,  3.8750000000000001E-01,55,  2.5000000000000000E-01,  8.1250000000000000E-01,1,  8.1258034728458883E-01,37,5,443,443,0,  4.6876464824020614E-01,  8.8600000000000001E-01,  8.8600000000000001E-01,  6.1313303219170423E-01,  3.3936287000000002E-02,  8.1456100000000000E-04,0
2392,  3.8750000000000001E-01,55,  2.5000000000000000E-01,  8.1250000000000000E-01,2,  8.1258034728458883E-01,37,6,444,443,1,  4.2327415762249099E-01,  8.8800000000000001E-01,  8.8600000000000001E-01,  5.7328583772331498E-01,  3.3925178000000000E-02,  7.9434700000000004E-04,0
2393,  3.8750000000000001E-01,55,  2.5000000000000000E-01,  8.1250000000000000E-01,3,  8.1258034728458883E-01,37,6,444,443,1,  4.2327415762249099E-01,  8.8800000000000001E-01,  8.8600000000000001E-01,  5.7328583772331498E-01,  3.3803053000000000E-02,  7.9713600000000005E-04,0
2394,  3.8750000000000001E-01,55,  2.5000000000000000E-01,  8.1250000000000000E-01,4,  8.1258034728458883E-01,37,6,444,443,1,  4.2327415762249099E-01,  8.8800000000000001E-01,  8.8600000000000001E-01,  5.7328583772331498E-01,  3.3725633999999997E-02,  9.4647399999999999E-04,0
2395,  3.8750000000000001E-01,55,  2.5000000000000000E-01,  8.1250000000000000E-01,5,  8.1258034728458883E-01,37,6,444,443,1,  4.2327415762249099E-01,  8.8800000000000001E-01,  8.8600000000000001E-01,  5.7328583772331498E-01,  3.2464795999999997E-02,  7.9021799999999998E-04,0
2396,  3.8750000000000001E-01,55,  2.5000000000000000E-01,  1.0000000000000000E+00,1,  8.1258034728458883E-01,37,5,443,443,0,  4.6876464824020614E-01,  8.8600000000000001E-01,  8.8600000000000001E-01,  6.1313303219170423E-01,  3.3544882999999998E-02,  7.6343500000000003E-04,0
2397,  3.8750000000000001E-01,55,  2.5000000000000000E-01,  1.0000000000000000E+00,2,  8.1258034728458883E-01,37,6,444,443,1,  4.2327415762249099E-01,  8.8800000000000001E-01,  8.8600000000000001E-01,  5.7328583772331498E-01,  3.4228634000000001E-02,  8.0003200000000000E-04,0
2398,  3.8750000000000001E-01,55,  2.5000000000000000E-01,  1.0000000000000000E+00,3,  8.1258034728458883E-01,37,6,444,443,1,  4.2327415762249099E-01,  8.8800000000000001E-01,  8.8600000000000001E-01,  5.7328583772331498E-01,  3.5041258999999998E-02,  7.7775200000000004E-04,0
2399,  3.8750000000000001E-01,55,  2.5000000000000000E-01,  1.0000000000000000E+00,4,  8.1258034728458883E-01,37,6,444,443,1,  4.2327415762249099E-01,  8.8800000000000001E-01,  8.8600000000000001E-01,  5.7328583772331498E-01,  3.3684621999999997E-02,  7.6936900000000000E-04,0
2400,  3.8750000000000001E-01,55,  2.5000000000000000E-01,  1.0000000000000000E+00,5,  8.1258034728458883E-01,37,6,444,443,1,  4.2327415762249099E-01,  8.8800000000000001E-01,  8.8600000000000001E-01,  5.7328583772331498E-01,  3.3401317999999999E-02,  7.7066000000000005E-04,0
2401,  3.8750000000000001E-01,55,  4.3750000000000000E-01,  2.5000000000000000E-01,1,  8.1258034728458883E-01,37,2,494,494,0,  8.9899709397073235E-01,  9.8799999999999999E-01,  9.8799999999999999E-01,  9.4139957256008344E-01,  5.7654269000000001E-02,  1.0224290000000000E-03,0
2402,  3.8750000000000001E-01,55,  4.3750000000000000E-01,  2.5000000000000000E-01,2,  8.1258034728458883E-01,37,2,494,494,0,  8.9899709397073235E-01,  9.8799999999999999E-01,  9.8799999999999999E-01,  9.4139957256008344E-01,  5.4566208999999997E-02,  8.1529699999999998E-04,0
2403,  3.8750000000000001E-01,55,  4.3750000000000000E-01,  2.5000000000000000E-01,3,  8.1258034728458883E-01,37,3,496,494,2,  7.0831250228474019E-01,  9.9199999999999999E-01,  9.8799999999999999E-01,  8.2649042610967605E-01,  5.5714578000000001E-02,  8.9783199999999999E-04,0
2404,  3.8750000000000001E-01,55,  4.3750000000000000E-01,  2.5000000000000000E-01,4,  8.1258034728458883E-01,37,3,496,494,2,  7.0831250228474019E-01,  9.9199999999999999E-01,  9.8799999999999999E-01,  8.2649042610967605E-01,  5.5498013999999998E-02,  8.2561099999999997E-04,0
2405,  3.8750000000000001E-01,55,  4.3750000000000000E-01,  2.5000000000000000E-01,5,  8.1258034728458883E-01,37,3,496,494,2,  7.0831250228474019E-01,  9.9199999999999999E-01,  9.8799999999999999E-01,  8.2649042610967605E-01,  5.6584628999999997E-02,  1.3877010000000001E-03,0
2406,  3.8750000000000001E-01,55,  4.3750000000000000E-01,  4.3750000000000000E-01,1,  8.1258034728458883E-01,37,2,494,494,0,  8.9899709397073235E-01,  9.8799999999999999E-01,  9.8799999999999999E-01,  9.4139957256008344E-01,  6.0972210999999998E-02,  9.2893999999999995E-04,0
2407,  3.8750000000000001E-01,55,  4.3750000000000000E-01,  4.3750000000000000E-01,2,  8.1258034728458883E-01,37,2,494,494,0,  8.9899709397073235E-01,  9.8799999999999999E-01,  9.8799999999999999E-01,  9.4139957256008344E-01,  5.8902098999999999E-02,  8.3996799999999996E-04,0
2408,  3.8750000000000001E-01,55,  4.3750000000000000E-01,  4.3750000000000000E-01,3,  8.1258034728458883E-01,37,3,496,494,2,  7.0831250228474019E-01,  9.9199999999999999E-01,  9.8799999999999999E-01,  8.2649042610967605E-01,  5.5480733999999997E-02,  8.4746599999999995E-04,0
2409,  3.8750000000000001E-01,55,  4.3750000000000000E-01,  4.3750000000000000E-01,4,  8.1258034728458883E-01,37,3,496,494,2,  7.0831250228474019E-01,  9.9199999999999999E-01,  9.8799999999999999E-01,  8.2649042610967605E-01,  5.5428549000000001E-02,  1.0554180000000000E-03,0
2410,  3.8750000000000001E-01,55,  4.3750000000000000E-01,  4.3750000000000000E-01,5,  8.1258034728458883E-01,37,3,496,494,2,  7.0831250228474019E-01,  9.9199999999999999E-01,  9.8799999999999999E-01,  8.2649042610967605E-01,  5.5489849000000001E-02,  8.3706199999999996E-04,0
2411,  3.8750000000000001E-01,55,  4.3750000000000000E-01,  6.2500000000000000E-01,1,  8.1258034728458883E-01,37,2,494,494,0,  8.9899709397073235E-01,  9.8799999999999999E-01,  9.8799999999999999E-01,  9.4139957256008344E-01,  5.3596857999999997E-02,  8.2299700000000001E-04,0
2412,  3.8750000000000001E-01,55,  4.3750000000000000E-01,  6.2500000000000000E-01,2,  8.1258034728458883E-01,37,2,494,494,0,  8.9899709397073235E-01,  9.8799999999999999E-01,  9.8799999999999999E-01,  9.4139957256008344E-01,  5.6840280000000000E-02,  8.2159300000000002E-04,0
2413,  3.8750000000000001E-01,55,  4.3750000000000000E-01,  6.2500000000000000E-01,3,  8.1258034728458883E-01,37,3,496,494,2,  7.0831250228474019E-01,  9.9199999999999999E-01,  9.8799999999999999E-01,  8.2649042610967605E-01,  5.5967010999999997E-02,  8.6582499999999997E-04,0
2414,  3.8750000000000001E-01,55,  4.3750000000000000E-01,  6.2500000000000000E-01,4,  8.1258034728458883E-01,37,3,496,494,2,  7.0831250228474019E-01,  9.9199999999999999E-01,  9.8799999999999999E-01,  8.2649042610967605E-01,  5.6940557000000003E-02,  8.5318299999999998E-04,0
2415,  3.8750000000000001E-01,55,  4.3750000000000000E-01,  6.2500000000000000E-01,5,  8.1258034728458883E-01,37,3,496,494,2,  7.0831250228474019E-01,  9.9199999999999999E-01,  9.8799999999999999E-01,  8.2649042610967605E-01,  5.5732122000000002E-02,  1.3385610000000000E-03,0
2416,  3.8750000000000001E-01,55,  4.3750000000000000E-01,  8.1250000000000000E-01,1,  8.1258034728458883E-01,37,2,494,494,0,  8.9899709397073235E-01,  9.8799999999999999E-01,  9.8799999999999999E-01,  9.4139957256008344E-01,  5.5318318999999998E-02,  8.2283699999999998E-04,0
2417,  3.8750000000000001E-01,55,  4.3750000000000000E-01,  8.1250000000000000E-01,2,  8.1258034728458883E-01,37,2,494,494,0,  8.9899709397073235E-01,  9.8799999999999999E-01,  9.8799999999999999E-01,  9.4139957256008344E-01,  5.8321102000000000E-02,  8.2323200000000002E-04,0
2418,  3.8750000000000001E-01,55,  4.3750000000000000E-01,  8.1250000000000000E-01,3,  8.1258034728458883E-01,37,3,496,494,2,  7.0831250228474019E-01,  9.9199999999999999E-01,  9.8799999999999999E-01,  8.2649042610967605E-01,  5.4283087000000001E-02,  8.3960000000000003E-04,0
2419,  3.8750000000000001E-01,55,  4.3750000000000000E-01,  8.1250000000000000E-01,4,  8.1258034728458883E-01,37,3,496,494,2,  7.0831250228474019E-01,  9.9199999999999999E-01,  9.8799999999999999E-01,  8.2649042610967605E-01,  5.5887337000000002E-02,  8.1912000000000000E-04,0
2420,  3.8750000000000001E-01,55,  4.3750000000000000E-01,  8.1250000000000000E-01,5,  8.1258034728458883E-01,37,3,496,494,2,  7.0831250228474019E-01,  9.9199999999999999E-01,  9.8799999999999999E-01,  8.2649042610967605E-01,  5.4585434000000002E-02,  8.2582800000000002E-04,0
2421,  3.8750000000000001E-01,55,  4.3750000000000000E-01,  1.0000000000000000E+00,1,  8.1258034728458883E-01,37,2,494,494,0,  8.9899709397073235E-01,  9.8799999999999999E-01,  9.8799999999999999E-01,  9.4139957256008344E-01,  5.4181727999999998E-02,  8.8217899999999997E-04,0
2422,  3.8750000000000001E-01,55,  4.3750000000000000E-01,  1.0000000000000000E+00,2,  8.1258034728458883E-01,37,2,494,494,0,  8.9899709397073235E-01,  9.8799999999999999E-01,  9.8799999999999999E-01,  9.4139957256008344E-01,  5.5948228000000003E-02,  8.5538900000000002E-04,0
2423,  3.8750000000000001E-01,55,  4.3750000000000000E-01,  1.0000000000000000E+00,3,  8.1258034728458883E-01,37,3,496,494,2,  7.0831250228474019E-01,  9.9199999999999999E-01,  9.8799999999999999E-01,  8.2649042610967605E-01,  5.7144027000000000E-02,  8.4013100000000004E-04,0
2424,  3.8750000000000001E-01,55,  4.3750000000000000E-01,  1.0000000000000000E+00,4,  8.1258034728458883E-01,37,3,496,494,2,  7.0831250228474019E-01,  9.9199999999999999E-01,  9.8799999999999999E-01,  8.2649042610967605E-01,  5.6500913999999999E-02,  8.1211900000000004E-04,0
2425,  3.8750000000000001E-01,55,  4.3750000000000000E-01,  1.0000000000000000E+00,5,  8.1258034728458883E-01,37,3,496,494,2,  7.0831250228474019E-01,  9.9199999999999999E-01,  9.8799999999999999E-01,  8.2649042610967605E-01,  5.7670139000000002E-02,  8.3420599999999999E-04,0
2426,  3.8750000000000001E-01,55,  6.2500000000000000E-01,  2.5000000000000000E-01,1,  8.1258034728458883E-01,37,2,497,497,0,  8.9455697332751261E-01,  9.9399999999999999E-01,  9.9399999999999999E-01,  9.4166037249154744E-01,  7.0956263000000006E-02,  8.1821200000000002E-04,0
2427,  3.8750000000000001E-01,55,  6.2500000000000000E-01,  2.5000000000000000E-01,2,  8.1258034728458883E-01,37,2,497,497,0,  8.9455697332751261E-01,  9.9399999999999999E-01,  9.9399999999999999E-01,  9.4166037249154744E-01,  6.5795512000000000E-02,  9.7045699999999998E-04,0
2428,  3.8750000000000001E-01,55,  6.2500000000000000E-01,  2.5000000000000000E-01,3,  8.1258034728458883E-01,37,2,497,497,0,  8.9455697332751261E-01,  9.9399999999999999E-01,  9.9399999999999999E-01,  9.4166037249154744E-01,  6.7216132999999997E-02,  1.2070040000000000E-03,0
2429,  3.8750000000000001E-01,55,  6.2500000000000000E-01,  2.5000000000000000E-01,4,  8.1258034728458883E-01,37,2,497,497,0,  8.9455697332751261E-01,  9.9399999999999999E-01,  9.9399999999999999E-01,  9.4166037249154744E-01,  6.9994089999999995E-02,  8.9105300000000005E-04,0
2430,  3.8750000000000001E-01,55,  6.2500000000000000E-01,  2.5000000000000000E-01,5,  8.1258034728458883E-01,37,2,497,497,0,  8.9455697332751261E-01,  9.9399999999999999E-01,  9.9399999999999999E-01,  9.4166037249154744E-01,  6.8274850999999998E-02,  8.7464900000000002E-04,0
2431,  3.8750000000000001E-01,55,  6.2500000000000000E-01,  4.3750000000000000E-01,1,  8.1258034728458883E-01,37,2,497,497,0,  8.9455697332751261E-01,  9.9399999999999999E-01,  9.9399999999999999E-01,  9.4166037249154744E-01,  7.1219080000000004E-02,  8.1596999999999995E-04,0
2432,  3.8750000000000001E-01,55,  6.2500000000000000E-01,  4.3750000000000000E-01,2,  8.1258034728458883E-01,37,2,497,497,0,  8.9455697332751261E-01,  9.9399999999999999E-01,  9.9399999999999999E-01,  9.4166037249154744E-01,  6.7544094999999998E-02,  8.2424099999999997E-04,0
2433,  3.8750000000000001E-01,55,  6.2500000000000000E-01,  4.3750000000000000E-01,3,  8.1258034728458883E-01,37,2,497,497,0,  8.9455697332751261E-01,  9.9399999999999999E-01,  9.9399999999999999E-01,  9.4166037249154744E-01,  6.7678326999999996E-02,  8.3806899999999999E-04,0
2434,  3.8750000000000001E-01,55,  6.2500000000000000E-01,  4.3750000000000000E-01,4,  8.1258034728458883E-01,37,2,497,497,0,  8.9455697332751261E-01,  9.9399999999999999E-01,  9.9399999999999999E-01,  9.4166037249154744E-01,  6.6755457000000004E-02,  8.6238700000000005E-04,0
2435,  3.8750000000000001E-01,55,  6.2500000000000000E-01,  4.3750000000000000E-01,5,  8.1258034728458883E-01,37,2,497,497,0,  8.9455697332751261E-01,  9.9399999999999999E-01,  9.9399999999999999E-01,  9.4166037249154744E-01,  6.8123164999999999E-02,  8.5851899999999997E-04,0
2436,  3.8750000000000001E-01,55,  6.2500000000000000E-01,  6.2500000000000000E-01,1,  8.1258034728458883E-01,37,2,497,497,0,  8.9455697332751261E-01,  9.9399999999999999E-01,  9.9399999999999999E-01,  9.4166037249154744E-01,  6.9097689000000004E-02,  8.8996500000000005E-04,0
2437,  3.8750000000000001E-01,55,  6.2500000000000000E-01,  6.2500000000000000E-01,2,  8.1258034728458883E-01,37,2,497,497,0,  8.9455697332751261E-01,  9.9399999999999999E-01,  9.9399999999999999E-01,  9.4166037249154744E-01,  6.5498799999999996E-02,  8.3765700000000001E-04,0
2438,  3.8750000000000001E-01,55,  6.2500000000000000E-01,  6.2500000000000000E-01,3,  8.1258034728458883E-01,37,2,497,497,0,  8.9455697332751261E-01,  9.9399999999999999E-01,  9.9399999999999999E-01,  9.4166037249154744E-01,  6.7041648999999995E-02,  8.4747700000000002E-04,0
2439,  3.8750000000000001E-01,55,  6.2500000000000000E-01,  6.2500000000000000E-01,4,  8.1258034728458883E-01,37,2,497,497,0,  8.9455697332751261E-01,  9.9399999999999999E-01,  9.9399999999999999E-01,  9.4166037249154744E-01,  6.7712041000000001E-02,  8.2571399999999996E-04,0
2440,  3.8750000000000001E-01,55,  6.2500000000000000E-01,  6.2500000000000000E-01,5,  8.1258034728458883E-01,37,2,497,497,0,  8.9455697332751261E-01,  9.9399999999999999E-01,  9.9399999999999999E-01,  9.4166037249154744E-01,  6.6929642999999997E-02,  8.1741599999999995E-04,0
2441,  3.8750000000000001E-01,55,  6.2500000000000000E-01,  8.1250000000000000E-01,1,  8.1258034728458883E-01,37,2,497,497,0,  8.9455697332751261E-01,  9.9399999999999999E-01,  9.9399999999999999E-01,  9.4166037249154744E-01,  6.7666362999999993E-02,  8.1222000000000000E-04,0
2442,  3.8750000000000001E-01,55,  6.2500000000000000E-01,  8.1250000000000000E-01,2,  8.1258034728458883E-01,37,2,497,497,0,  8.9455697332751261E-01,  9.9399999999999999E-01,  9.9399999999999999E-01,  9.4166037249154744E-01,  6.8690167999999996E-02,  9.3416799999999998E-04,0
2443,  3.8750000000000001E-01,55,  6.2500000000000000E-01,  8.1250000000000000E-01,3,  8.1258034728458883E-01,37,2,497,497,0,  8.9455697332751261E-01,  9.9399999999999999E-01,  9.9399999999999999E-01,  9.4166037249154744E-01,  6.6863091999999999E-02,  8.2688399999999995E-04,0
2444,  3.8750000000000001E-01,55,  6.2500000000000000E-01,  8.1250000000000000E-01,4,  8.1258034728458883E-01,37,2,497,497,0,  8.9455697332751261E-01,  9.9399999999999999E-01,  9.9399999999999999E-01,  9.4166037249154744E-01,  6.6793156000000006E-02,  8.9119000000000004E-04,0
2445,  3.8750000000000001E-01,55,  6.2500000000000000E-01,  8.1250000000000000E-01,5,  8.1258034728458883E-01,37,2,497,497,0,  8.9455697332751261E-01,  9.9399999999999999E-01,  9.9399999999999999E-01,  9.4166037249154744E-01,  6.8566264000000002E-02,  8.7384799999999999E-04,0
2446,  3.8750000000000001E-01,55,  6.2500000000000000E-01,  1.0000000000000000E+00,1,  8.1258034728458883E-01,37,2,497,497,0,  8.9455697332751261E-01,  9.9399999999999999E-01,  9.9399999999999999E-01,  9.4166037249154744E-01,  6.7505407000000003E-02,  8.5414099999999999E-04,0
2447,  3.8750000000000001E-01,55,  6.2500000000000000E-01,  1.0000000000000000E+00,2,  8.1258034728458883E-01,37,2,497,497,0,  8.9455697332751261E-01,  9.9399999999999999E-01,  9.9399999999999999E-01,  9.4166037249154744E-01,  6.8590820999999996E-02,  8.1648400000000002E-04,0
2448,  3.8750000000000001E-01,55,  6.2500000000000000E-01,  1.0000000000000000E+00,3,  8.1258034728458883E-01,37,2,497,497,0,  8.9455697332751261E-01,  9.9399999999999999E-01,  9.9399999999999999E-01,  9.4166037249154744E-01,  6.7904990999999998E-02,  8.1461399999999996E-04,0
2449,  3.8750000000000001E-01,55,  6.2500000000000000E-01,  1.0000000000000000E+00,4,  8.1258034728458883E-01,37,2,497,497,0,  8.9455697332751261E-01,  9.9399999999999999E-01,  9.9399999999999999E-01,  9.4166037249154744E-01,  6.6406225999999999E-02,  8.5569800000000001E-04,0
2450,  3.8750000000000001E-01,55,  6.2500000000000000E-01,  1.0000000000000000E+00,5,  8.1258034728458883E-01,37,2,497,497,0,  8.9455697332751261E-01,  9.9399999999999999E-01,  9.9399999999999999E-01,  9.4166037249154744E-01,  6.9080046000000006E-02,  8.4358399999999998E-04,0
2451,  3.8750000000000001E-01,55,  8.1250000000000000E-01,  2.5000000000000000E-01,1,  8.1258034728458883E-01,37,1,498,498,0,  9.9781522388574906E-01,  9.9600000000000000E-01,  9.9600000000000000E-01,  9.9690678562814983E-01,  8.0442331000000006E-02,  8.3830000000000005E-04,0
2452,  3.8750000000000001E-01,55,  8.1250000000000000E-01,  2.5000000000000000E-01,2,  8.1258034728458883E-01,37,1,498,498,0,  9.9781522388574906E-01,  9.9600000000000000E-01,  9.9600000000000000E-01,  9.9690678562814983E-01,  8.2492002999999994E-02,  8.3955200000000003E-04,0
2453,  3.8750000000000001E-01,55,  8.1250000000000000E-01,  2.5000000000000000E-01,3,  8.1258034728458883E-01,37,1,498,498,0,  9.9781522388574906E-01,  9.9600000000000000E-01,  9.9600000000000000E-01,  9.9690678562814983E-01,  8.4025460999999996E-02,  1.0991090000000000E-03,0
2454,  3.8750000000000001E-01,55,  8.1250000000000000E-01,  2.5000000000000000E-01,4,  8.1258034728458883E-01,37,1,498,498,0,  9.9781522388574906E-01,  9.9600000000000000E-01,  9.9600000000000000E-01,  9.9690678562814983E-01,  8.5717951000000001E-02,  8.5506199999999997E-04,0
2455,  3.8750000000000001E-01,55,  8.1250000000000000E-01,  2.5000000000000000E-01,5,  8.1258034728458883E-01,37,1,498,498,0,  9.9781522388574906E-01,  9.9600000000000000E-01,  9.9600000000000000E-01,  9.9690678562814983E-01,  8.0569604000000003E-02,  8.8204400000000001E-04,0
2456,  3.8750000000000001E-01,55,  8.1250000000000000E-01,  4.3750000000000000E-01,1,  8.1258034728458883E-01,37,1,498,498,0,  9.9781522388574906E-01,  9.9600000000000000E-01,  9.9600000000000000E-01,  9.9690678562814983E-01,  8.0089296000000004E-02,  9.6800300000000005E-04,0
2457,  3.8750000000000001E-01,55,  8.1250000000000000E-01,  4.3750000000000000E-01,2,  8.1258034728458883E-01,37,1,498,498,0,  9.9781522388574906E-01,  9.9600000000000000E-01,  9.9600000000000000E-01,  9.9690678562814983E-01,  8.1274216999999996E-02,  8.0557800000000004E-04,0
2458,  3.8750000000000001E-01,55,  8.1250000000000000E-01,  4.3750000000000000E-01,3,  8.1258034728458883E-01,37,1,498,498,0,  9.9781522388574906E-01,  9.9600000000000000E-01,  9.9600000000000000E-01,  9.9690678562814983E-01,  8.1594501999999999E-02,  9.2228999999999998E-04,0
2459,  3.8750000000000001E-01,55,  8.1250000000000000E-01,  4.3750000000000000E-01,4,  8.1258034728458883E-01,37,1,498,498,0,  9.9781522388574906E-01,  9.9600000000000000E-01,  9.9600000000000000E-01,  9.9690678562814983E-01,  8.1550821999999995E-02,  8.3583099999999999E-04,0
2460,  3.8750000000000001E-01,55,  8.1250000000000000E-01,  4.3750000000000000E-01,5,  8.1258034728458883E-01,37,1,498,498,0,  9.9781522388574906E-01,  9.9600000000000000E-01,  9.9600000000000000E-01,  9.9690678562814983E-01,  8.2743680000000000E-02,  8.2916399999999996E-04,0
2461,  3.8750000000000001E-01,55,  8.1250000000000000E-01,  6.2500000000000000E-01,1,  8.1258034728458883E-01,37,1,498,498,0,  9.9781522388574906E-01,  9.9600000000000000E-01,  9.9600000000000000E-01,  9.9690678562814983E-01,  8.2623709000000004E-02,  8.4800700000000001E-04,0
2462,  3.8750000000000001E-01,55,  8.1250000000000000E-01,  6.2500000000000000E-01,2,  8.1258034728458883E-01,37,1,498,498,0,  9.9781522388574906E-01,  9.9600000000000000E-01,  9.9600000000000000E-01,  9.9690678562814983E-01,  8.1449621999999999E-02,  8.3292000000000001E-04,0
2463,  3.8750000000000001E-01,55,  8.1250000000000000E-01,  6.2500000000000000E-01,3,  8.1258034728458883E-01,37,1,498,498,0,  9.9781522388574906E-01,  9.9600000000000000E-01,  9.9600000000000000E-01,  9.9690678562814983E-01,  8.2317694999999996E-02,  8.0749000000000001E-04,0
2464,  3.8750000000000001E-01,55,  8.1250000000000000E-01,  6.2500000000000000E-01,4,  8.1258034728458883E-01,37,1,498,498,0,  9.9781522388574906E-01,  9.9600000000000000E-01,  9.9600000000000000E-01,  9.9690678562814983E-01,  8.3792843000000006E-02,  8.8939100000000001E-04,0
2465,  3.8750000000000001E-01,55,  8.1250000000000000E-01,  6.2500000000000000E-01,5,  8.1258034728458883E-01,37,1,498,498,0,  9.9781522388574906E-01,  9.9600000000000000E-01,  9.9600000000000000E-01,  9.9690678562814983E-01,  8.1249231000000005E-02,  8.0530499999999997E-04,0
2466,  3.8750000000000001E-01,55,  8.1250000000000000E-01,  8.1250000000000000E-01,1,  8.1258034728458883E-01,37,1,498,498,0,  9.9781522388574906E-01,  9.9600000000000000E-01,  9.9600000000000000E-01,  9.9690678562814983E-01,  8.2754155999999995E-02,  8.5242100000000002E-04,0
2467,  3.8750000000000001E-01,55,  8.1250000000000000E-01,  8.1250000000000000E-01,2,  8.1258034728458883E-01,37,1,498,498,0,  9.9781522388574906E-01,  9.9600000000000000E-01,  9.9600000000000000E-01,  9.9690678562814983E-01,  8.0226548999999994E-02,  8.0315900000000001E-04,0
2468,  3.8750000000000001E-01,55,  8.1250000000000000E-01,  8.1250000000000000E-01,3,  8.1258034728458883E-01,37,1,498,498,0,  9.9781522388574906E-01,  9.9600000000000000E-01,  9.9600000000000000E-01,  9.9690678562814983E-01,  8.2586487000000000E-02,  8.3019400000000003E-04,0
2469,  3.8750000000000001E-01,55,  8.1250000000000000E-01,  8.1250000000000000E-01,4,  8.1258034728458883E-01,37,1,498,498,0,  9.9781522388574906E-01,  9.9600000000000000E-01,  9.9600000000000000E-01,  9.9690678562814983E-01,  8.2427899999999998E-02,  8.4857699999999999E-04,0
2470,  3.8750000000000001E-01,55,  8.1250000000000000E-01,  8.1250000000000000E-01,5,  8.1258034728458883E-01,37,1,498,498,0,  9.9781522388574906E-01,  9.9600000000000000E-01,  9.9600000000000000E-01,  9.9690678562814983E-01,  8.2652966999999994E-02,  8.3779500000000001E-04,0
2471,  3.8750000000000001E-01,55,  8.1250000000000000E-01,  1.0000000000000000E+00,1,  8.1258034728458883E-01,37,1,498,498,0,  9.9781522388574906E-01,  9.9600000000000000E-01,  9.9600000000000000E-01,  9.9690678562814983E-01,  8.1886934999999994E-02,  8.3097700000000000E-04,0
2472,  3.8750000000000001E-01,55,  8.1250000000000000E-01,  1.0000000000000000E+00,2,  8.1258034728458883E-01,37,1,498,498,0,  9.9781522388574906E-01,  9.9600000000000000E-01,  9.9600000000000000E-01,  9.9690678562814983E-01,  8.3778036000000000E-02,  8.3252000000000000E-04,0
2473,  3.8750000000000001E-01,55,  8.1250000000000000E-01,  1.0000000000000000E+00,3,  8.1258034728458883E-01,37,1,498,498,0,  9.9781522388574906E-01,  9.9600000000000000E-01,  9.9600000000000000E-01,  9.9690678562814983E-01,  8.2614256999999997E-02,  8.0221800000000005E-04,0
2474,  3.8750000000000001E-01,55,  8.1250000000000000E-01,  1.0000000000000000E+00,4,  8.1258034728458883E-01,37,1,498,498,0,  9.9781522388574906E-01,  9.9600000000000000E-01,  9.9600000000000000E-01,  9.9690678562814983E-01,  8.1174029999999994E-02,  8.2377100000000005E-04,0
2475,  3.8750000000000001E-01,55,  8.1250000000000000E-01,  1.0000000000000000E+00,5,  8.1258034728458883E-01,37,1,498,498,0,  9.9781522388574906E-01,  9.9600000000000000E-01,  9.9600000000000000E-01,  9.9690678562814983E-01,  8.3248237000000003E-02,  8.2219100000000000E-04,0
2476,  3.8750000000000001E-01,55,  1.0000000000000000E+00,  2.5000000000000000E-01,1,  8.1258034728458883E-01,37,1,500,500,0,  1.0000000000000000E+00,  1.0000000000000000E+00,  1.0000000000000000E+00,  1.0000000000000000E+00,  8.8757811000000006E-02,  9.6240099999999999E-04,0
2477,  3.8750000000000001E-01,55,  1.0000000000000000E+00,  2.5000000000000000E-01,2,  8.1258034728458883E-01,37,1,500,500,0,  1.0000000000000000E+00,  1.0000000000000000E+00,  1.0000000000000000E+00,  1.0000000000000000E+00,  8.5835235999999995E-02,  8.2914000000000002E-04,0
2478,  3.8750000000000001E-01,55,  1.0000000000000000E+00,  2.5000000000000000E-01,3,  8.1258034728458883E-01,37,1,500,500,0,  1.0000000000000000E+00,  1.0000000000000000E+00,  1.0000000000000000E+00,  1.0000000000000000E+00,  8.4354885000000004E-02,  8.4620500000000005E-04,0
2479,  3.8750000000000001E-01,55,  1.0000000000000000E+00,  2.5000000000000000E-01,4,  8.1258034728458883E-01,37,1,500,500,0,  1.0000000000000000E+00,  1.0000000000000000E+00,  1.0000000000000000E+00,  1.0000000000000000E+00,  8.5983967999999994E-02,  8.1094800000000003E-04,0
2480,  3.8750000000000001E-01,55,  1.0000000000000000E+00,  2.5000000000000000E-01,5,  8.1258034728458883E-01,37,1,500,500,0,  1.0000000000000000E+00,  1.0000000000000000E+00,  1.0000000000000000E+00,  1.0000000000000000E+00,  8.5180482000000002E-02,  8.4066299999999996E-04,0
2481,  3.8750000000000001E-01,55,  1.0000000000000000E+00,  4.3750000000000000E-01,1,  8.1258034728458883E-01,37,1,500,500,0,  1.0000000000000000E+00,  1.0000000000000000E+00,  1.0000000000000000E+00,  1.0000000000000000E+00,  8.6333462999999999E-02,  9.5303300000000005E-04,0
2482,  3.8750000000000001E-01,55,  1.0000000000000000E+00,  4.3750000000000000E-01,2,  8.1258034728458883E-01,37,1,500,500,0,  1.0000000000000000E+00,  1.0000000000000000E+00,  1.0000000000000000E+00,  1.0000000000000000E+00,  8.5841023000000002E-02,  8.1284399999999996E-04,0
2483,  3.8750000000000001E-01,55,  1.0000000000000000E+00,  4.3750000000000000E-01,3,  8.1258034728458883E-01,37,1,500,500,0,  1.0000000000000000E+00,  1.0000000000000000E+00,  1.0000000000000000E+00,  1.0000000000000000E+00,  8.6112154999999996E-02,  1.0504900000000001E-03,0
2484,  3.8750000000000001E-01,55,  1.0000000000000000E+00,  4.3750000000000000E-01,4,  8.1258034728458883E-01,37,1,500,500,0,  1.0000000000000000E+00,  1.0000000000000000E+00,  1.0000000000000000E+00,  1.0000000000000000E+00,  8.6920333000000002E-02,  8.5363200000000000E-04,0
2485,  3.8750000000000001E-01,55,  1.0000000000000000E+00,  4.3750000000000000E-01,5,  8.1258034728458883E-01,37,1,500,500,0,  1.0000000000000000E+00,  1.0000000000000000E+00,  1.0000000000000000E+00,  1.0000000000000000E+00,  8.6293269000000006E-02,  8.5373700000000003E-04,0
2486,  3.8750000000000001E-01,55,  1.0000000000000000E+00,  6.2500000000000000E-01,1,  8.1258034728458883E-01,37,1,500,500,0,  1.0000000000000000E+00,  1.0000000000000000E+00,  1.0000000000000000E+00,  1.0000000000000000E+00,  8.3818105000000004E-02,  1.0578639999999999E-03,0
2487,  3.8750000000000001E-01,55,  1.0000000000000000E+00,  6.2500000000000000E-01,2,  8.1258034728458883E-01,37,1,500,500,0,  1.0000000000000000E+00,  1.0000000000000000E+00,  1.0000000000000000E+00,  1.0000000000000000E+00,  8.8178354000000000E-02,  8.2346000000000003E-04,0
2488,  3.8750000000000001E-01,55,  1.0000000000000000E+00,  6.2500000000000000E-01,3,  8.1258034728458883E-01,37,1,500,500,0,  1.0000000000000000E+00,  1.0000000000000000E+00,  1.0000000000000000E+00,  1.0000000000000000E+00,  8.6235724000000000E-02,  8.6313199999999996E-04,0
2489,  3.8750000000000001E-01,55,  1.0000000000000000E+00,  6.2500000000000000E-01,4,  8.1258034728458883E-01,37,1,500,500,0,  1.0000000000000000E+00,  1.0000000000000000E+00,  1.0000000000000000E+00,  1.0000000000000000E+00,  8.6175861000000006E-02,  8.0430100000000000E-04,0
2490,  3.8750000000000001E-01,55,  1.0000000000000000E+00,  6.2500000000000000E-01,5,  8.1258034728458883E-01,37,1,500,500,0,  1.0000000000000000E+00,  1.0000000000000000E+00,  1.0000000000000000E+00,  1.0000000000000000E+00,  8.5011154000000005E-02,  8.1988299999999998E-04,0
2491,  3.8750000000000001E-01,55,  1.0000000000000000E+00,  8.1250000000000000E-01,1,  8.1258034728458883E-01,37,1,500,500,0,  1.0000000000000000E+00,  1.0000000000000000E+00,  1.0000000000000000E+00,  1.0000000000000000E+00,  8.4730547000000003E-02,  1.2278580000000001E-03,0
2492,  3.8750000000000001E-01,55,  1.0000000000000000E+00,  8.1250000000000000E-01,2,  8.1258034728458883E-01,37,1,500,500,0,  1.0000000000000000E+00,  1.0000000000000000E+00,  1.0000000000000000E+00,  1.0000000000000000E+00,  8.7613674000000002E-02,  8.6509900000000003E-04,0
2493,  3.8750000000000001E-01,55,  1.0000000000000000E+00,  8.1250000000000000E-01,3,  8.1258034728458883E-01,37,1,500,500,0,  1.0000000000000000E+00,  1.0000000000000000E+00,  1.0000000000000000E+00,  1.0000000000000000E+00,  8.5595226999999996E-02,  8.2336400000000004E-04,0
2494,  3.8750000000000001E-01,55,  1.0000000000000000E+00,  8.1250000000000000E-01,4,  8.1258034728458883E-01,37,1,500,500,0,  1.0000000000000000E+00,  1.0000000000000000E+00,  1.0000000000000000E+00,  1.0000000000000000E+00,  8.6291456000000002E-02,  9.8136500000000010E-04,0
2495,  3.8750000000000001E-01,55,  1.0000000000000000E+00,  8.1250000000000000E-01,5,  8.1258034728458883E-01,37,1,500,500,0,  1.0000000000000000E+00,  1.0000000000000000E+00,  1.0000000000000000E+00,  1.0000000000000000E+00,  8.6225375000000007E-02,  8.7314800000000002E-04,0
2496,  3.8750000000000001E-01,55,  1.0000000000000000E+00,  1.0000000000000000E+00,1,  8.1258034728458883E-01,37,1,500,500,0,  1.0000000000000000E+00,  1.0000000000000000E+00,  1.0000000000000000E+00,  1.0000000000000000E+00,  8.4259024000000002E-02,  8.2499199999999998E-04,0
2497,  3.8750000000000001E-01,55,  1.0000000000000000E+00,  1.0000000000000000E+00,2,  8.1258034728458883E-01,37,1,500,500,0,  1.0000000000000000E+00,  1.0000000000000000E+00,  1.0000000000000000E+00,  1.0000000000000000E+00,  8.9985525999999996E-02,  8.3788099999999996E-04,0
2498,  3.8750000000000001E-01,55,  1.0000000000000000E+00,  1.0000000000000000E+00,3,  8.1258034728458883E-01,37,1,500,500,0,  1.0000000000000000E+00,  1.0000000000000000E+00,  1.0000000000000000E+00,  1.0000000000000000E+00,  8.4948549999999998E-02,  8.1624699999999998E-04,0
2499,  3.8750000000000001E-01,55,  1.0000000000000000E+00,  1.0000000000000000E+00,4,  8.1258034728458883E-01,37,1,500,500,0,  1.0000000000000000E+00,  1.0000000000000000E+00,  1.0000000000000000E+00,  1.0000000000000000E+00,  8.5981995000000006E-02,  8.4393200000000004E-04,0
2500,  3.8750000000000001E-01,55,  1.0000000000000000E+00,  1.0000000000000000E+00,5,  8.1258034728458883E-01,37,1,500,500,0,  1.0000000000000000E+00,  1.0000000000000000E+00,  1.0000000000000000E+00,  1.0000000000000000E+00,  8.5572317999999994E-02,  8.2761700000000000E-04,0
2501,  5.0000000000000000E-01,15,  2.5000000000000000E-01,  2.5000000000000000E-01,1,  9.4162653602338398E-01,102,2,498,498,0,  8.8844552875783445E-01,  9.9600000000000000E-01,  9.9600000000000000E-01,  9.3915343599885870E-01,  1.4351099700000000E-01,  1.2251770000000000E-03,0
2502,  5.0000000000000000E-01,15,  2.5000000000000000E-01,  2.5000000000000000E-01,2,  9.4162653602338398E-01,102,2,498,498,0,  8.8844552875783445E-01,  9.9600000000000000E-01,  9.9600000000000000E-01,  9.3915343599885870E-01,  1.3026923000000001E-01,  1.0454640000000001E-03,0
2503,  5.0000000000000000E-01,15,  2.5000000000000000E-01,  2.5000000000000000E-01,3,  9.4162653602338398E-01,102,2,498,498,0,  8.8844552875783445E-01,  9.9600000000000000E-01,  9.9600000000000000E-01,  9.3915343599885870E-01,  1.4436548399999999E-01,  1.0527609999999999E-03,0
2504,  5.0000000000000000E-01,15,  2.5000000000000000E-01,  2.5000000000000000E-01,4,  9.4162653602338398E-01,102,2,498,498,0,  8.8844552875783445E-01,  9.9600000000000000E-01,  9.9600000000000000E-01,  9.3915343599885870E-01,  1.3157977000000001E-01,  1.0350240000000001E-03,0
2505,  5.0000000000000000E-01,15,  2.5000000000000000E-01,  2.5000000000000000E-01,5,  9.4162653602338398E-01,102,2,498,498,0,  8.8844552875783445E-01,  9.9600000000000000E-01,  9.9600000000000000E-01,  9.3915343599885870E-01,  1.3467668399999999E-01,  1.0671089999999999E-03,0
2506,  5.0000000000000000E-01,15,  2.5000000000000000E-01,  4.3750000000000000E-01,1,  9.4162653602338398E-01,102,2,498,498,0,  8.8844552875783445E-01,  9.9600000000000000E-01,  9.9600000000000000E-01,  9.3915343599885870E-01,  1.3101503900000000E-01,  1.0508700000000000E-03,0
2507,  5.0000000000000000E-01,15,  2.5000000000000000E-01,  4.3750000000000000E-01,2,  9.4162653602338398E-01,102,2,498,498,0,  8.8844552875783445E-01,  9.9600000000000000E-01,  9.9600000000000000E-01,  9.3915343599885870E-01,  1.3539875900000001E-01,  1.0901430000000000E-03,0
2508,  5.0000000000000000E-01,15,  2.5000000000000000E-01,  4.3750000000000000E-01,3,  9.4162653602338398E-01,102,2,498,498,0,  8.8844552875783445E-01,  9.9600000000000000E-01,  9.9600000000000000E-01,  9.3915343599885870E-01,  1.3507920300000001E-01,  1.0381160000000000E-03,0
2509,  5.0000000000000000E-01,15,  2.5000000000000000E-01,  4.3750000000000000E-01,4,  9.4162653602338398E-01,102,2,498,498,0,  8.8844552875783445E-01,  9.9600000000000000E-01,  9.9600000000000000E-01,  9.3915343599885870E-01,  1.3165498200000000E-01,  1.0018220000000001E-03,0
2510,  5.0000000000000000E-01,15,  2.5000000000000000E-01,  4.3750000000000000E-01,5,  9.4162653602338398E-01,102,2,498,498,0,  8.8844552875783445E-01,  9.9600000000000000E-01,  9.9600000000000000E-01,  9.3915343599885870E-01,  1.3145477500000000E-01,  1.0419369999999999E-03,0
2511,  5.0000000000000000E-01,15,  2.5000000000000000E-01,  6.2500000000000000E-01,1,  9.4162653602338398E-01,102,2,498,498,0,  8.8844552875783445E-01,  9.9600000000000000E-01,  9.9600000000000000E-01,  9.3915343599885870E-01,  1.3695375200000001E-01,  1.0643860000000001E-03,0
2512,  5.0000000000000000E-01,15,  2.5000000000000000E-01,  6.2500000000000000E-01,2,  9.4162653602338398E-01,102,2,498,498,0,  8.8844552875783445E-01,  9.9600000000000000E-01,  9.9600000000000000E-01,  9.3915343599885870E-01,  1.3325448300000001E-01,  1.1915490000000001E-03,0
2513,  5.0000000000000000E-01,15,  2.5000000000000000E-01,  6.2500000000000000E-01,3,  9.4162653602338398E-01,102,2,498,498,0,  8.8844552875783445E-01,  9.9600000000000000E-01,  9.9600000000000000E-01,  9.3915343599885870E-01,  1.3280265199999999E-01,  1.0655720000000001E-03,0
2514,  5.0000000000000000E-01,15,  2.5000000000000000E-01,  6.2500000000000000E-01,4,  9.4162653602338398E-01,102,2,498,498,0,  8.8844552875783445E-01,  9.9600000000000000E-01,  9.9600000000000000E-01,  9.3915343599885870E-01,  1.3461619899999999E-01,  1.1967330000000000E-03,0
2515,  5.0000000000000000E-01,15,  2.5000000000000000E-01,  6.2500000000000000E-01,5,  9.4162653602338398E-01,102,2,498,498,0,  8.8844552875783445E-01,  9.9600000000000000E-01,  9.9600000000000000E-01,  9.3915343599885870E-01,  1.3013938899999999E-01,  1.0720680000000000E-03,0
2516,  5.0000000000000000E-01,15,  2.5000000000000000E-01,  8.1250000000000000E-01,1,  9.4162653602338398E-01,102,2,498,498,0,  8.8844552875783445E-01,  9.9600000000000000E-01,  9.9600000000000000E-01,  9.3915343599885870E-01,  1.4252248500000000E-01,  1.0915219999999999E-03,0
2517,  5.0000000000000000E-01,15,  2.5000000000000000E-01,  8.1250000000000000E-01,2,  9.4162653602338398E-01,102,2,498,498,0,  8.8844552875783445E-01,  9.9600000000000000E-01,  9.9600000000000000E-01,  9.3915343599885870E-01,  1.3372419099999999E-01,  1.0946899999999999E-03,0
2518,  5.0000000000000000E-01,15,  2.5000000000000000E-01,  8.1250000000000000E-01,3,  9.4162653602338398E-01,102,2,498,498,0,  8.8844552875783445E-01,  9.9600000000000000E-01,  9.9600000000000000E-01,  9.3915343599885870E-01,  1.3248764800000001E-01,  1.0494070000000000E-03,0
2519,  5.0000000000000000E-01,15,  2.5000000000000000E-01,  8.1250000000000000E-01,4,  9.4162653602338398E-01,102,2,498,498,0,  8.8844552875783445E-01,  9.9600000000000000E-01,  9.9600000000000000E-01,  9.3915343599885870E-01,  1.3300382399999999E-01,  1.0140800000000001E-03,0
2520,  5.0000000000000000E-01,15,  2.5000000000000000E-01,  8.1250000000000000E-01,5,  9.4162653602338398E-01,102,2,498,498,0,  8.8844552875783445E-01,  9.9600000000000000E-01,  9.9600000000000000E-01,  9.3915343599885870E-01,  1.3124888900000001E-01,  1.1048950000000001E-03,0
2521,  5.0000000000000000E-01,15,  2.5000000000000000E-01,  1.0000000000000000E+00,1,  9.4162653602338398E-01,102,2,498,498,0,  8.8844552875783445E-01,  9.9600000000000000E-01,  9.9600000000000000E-01,  9.3915343599885870E-01,  1.2853807600000000E-01,  1.0566270000000001E-03,0
2522,  5.0000000000000000E-01,15,  2.5000000000000000E-01,  1.0000000000000000E+00,2,  9.4162653602338398E-01,102,2,498,498,0,  8.8844552875783445E-01,  9.9600000000000000E-01,  9.9600000000000000E-01,  9.3915343599885870E-01,  1.2858800800000000E-01,  1.1513030000000000E-03,0
2523,  5.0000000000000000E-01,15,  2.5000000000000000E-01,  1.0000000000000000E+00,3,  9.4162653602338398E-01,102,2,498,498,0,  8.8844552875783445E-01,  9.9600000000000000E-01,  9.9600000000000000E-01,  9.3915343599885870E-01,  1.3320864399999999E-01,  1.0568990000000000E-03,0
2524,  5.0000000000000000E-01,15,  2.5000000000000000E-01,  1.0000000000000000E+00,4,  9.4162653602338398E-01,102,2,498,498,0,  8.8844552875783445E-01,  9.9600000000000000E-01,  9.9600000000000000E-01,  9.3915343599885870E-01,  1.3281478999999999E-01,  1.0783069999999999E-03,0
2525,  5.0000000000000000E-01,15,  2.5000000000000000E-01,  1.0000000000000000E+00,5,  9.4162653602338398E-01,102,2,498,498,0,  8.8844552875783445E-01,  9.9600000000000000E-01,  9.9600000000000000E-01,  9.3915343599885870E-01,  1.3735540800000001E-01,  1.0967850000000001E-03,0
2526,  5.0000000000000000E-01,15,  4.3750000000000000E-01,  2.5000000000000000E-01,1,  9.4162653602338398E-01,102,2,499,499,0,  8.8964472893583302E-01,  9.9800000000000000E-01,  9.9800000000000000E-01,  9.4071244007711030E-01,  1.9497261799999999E-01,  1.1103660000000000E-03,0
2527,  5.0000000000000000E-01,15,  4.3750000000000000E-01,  2.5000000000000000E-01,2,  9.4162653602338398E-01,102,2,499,499,0,  8.8964472893583302E-01,  9.9800000000000000E-01,  9.9800000000000000E-01,  9.4071244007711030E-01,  1.9969168500000001E-01,  1.0466500000000001E-03,0
2528,  5.0000000000000000E-01,15,  4.3750000000000000E-01,  2.5000000000000000E-01,3,  9.4162653602338398E-01,102,2,499,499,0,  8.8964472893583302E-01,  9.9800000000000000E-01,  9.9800000000000000E-01,  9.4071244007711030E-01,  1.9934785499999999E-01,  1.0915960000000000E-03,0
2529,  5.0000000000000000E-01,15,  4.3750000000000000E-01,  2.5000000000000000E-01,4,  9.4162653602338398E-01,102,2,499,499,0,  8.8964472893583302E-01,  9.9800000000000000E-01,  9.9800000000000000E-01,  9.4071244007711030E-01,  2.0165212099999999E-01,  1.0860600000000000E-03,0
2530,  5.0000000000000000E-01,15,  4.3750000000000000E-01,  2.5000000000000000E-01,5,  9.4162653602338398E-01,102,2,499,499,0,  8.8964472893583302E-01,  9.9800000000000000E-01,  9.9800000000000000E-01,  9.4071244007711030E-01,  2.0230650500000000E-01,  1.0835969999999999E-03,0
2531,  5.0000000000000000E-01,15,  4.3750000000000000E-01,  4.3750000000000000E-01,1,  9.4162653602338398E-01,102,2,499,499,0,  8.8964472893583302E-01,  9.9800000000000000E-01,  9.9800000000000000E-01,  9.4071244007711030E-01,  2.0438077900000001E-01,  1.2410600000000000E-03,0
2532,  5.0000000000000000E-01,15,  4.3750000000000000E-01,  4.3750000000000000E-01,2,  9.4162653602338398E-01,102,2,499,499,0,  8.8964472893583302E-01,  9.9800000000000000E-01,  9.9800000000000000E-01,  9.4071244007711030E-01,  1.9693526600000000E-01,  1.0498850000000000E-03,0
2533,  5.0000000000000000E-01,15,  4.3750000000000000E-01,  4.3750000000000000E-01,3,  9.4162653602338398E-01,102,2,499,499,0,  8.8964472893583302E-01,  9.9800000000000000E-01,  9.9800000000000000E-01,  9.4071244007711030E-01,  1.8851606100000001E-01,  1.0628380000000000E-03,0
2534,  5.0000000000000000E-01,15,  4.3750000000000000E-01,  4.3750000000000000E-01,4,  9.4162653602338398E-01,102,2,499,499,0,  8.8964472893583302E-01,  9.9800000000000000E-01,  9.9800000000000000E-01,  9.4071244007711030E-01,  1.8800321800000000E-01,  1.0221570000000001E-03,0
2535,  5.0000000000000000E-01,15,  4.3750000000000000E-01,  4.3750000000000000E-01,5,  9.4162653602338398E-01,102,2,499,499,0,  8.8964472893583302E-01,  9.9800000000000000E-01,  9.9800000000000000E-01,  9.4071244007711030E-01,  1.8644342699999999E-01,  1.0235890000000001E-03,0
2536,  5.0000000000000000E-01,15,  4.3750000000000000E-01,  6.2500000000000000E-01,1,  9.4162653602338398E-01,102,2,499,499,0,  8.8964472893583302E-01,  9.9800000000000000E-01,  9.9800000000000000E-01,  9.4071244007711030E-01,  1.9204134600000000E-01,  1.0926250000000001E-03,0
2537,  5.0000000000000000E-01,15,  4.3750000000000000E-01,  6.2500000000000000E-01,2,  9.4162653602338398E-01,102,2,499,499,0,  8.8964472893583302E-01,  9.9800000000000000E-01,  9.9800000000000000E-01,  9.4071244007711030E-01,  1.8426990100000001E-01,  1.0312060000000000E-03,0
2538,  5.0000000000000000E-01,15,  4.3750000000000000E-01,  6.2500000000000000E-01,3,  9.4162653602338398E-01,102,2,499,499,0,  8.8964472893583302E-01,  9.9800000000000000E-01,  9.9800000000000000E-01,  9.4071244007711030E-01,  1.8831377599999999E-01,  1.0961660000000000E-03,0
2539,  5.0000000000000000E-01,15,  4.3750000000000000E-01,  6.2500000000000000E-01,4,  9.4162653602338398E-01,102,2,499,499,0,  8.8964472893583302E-01,  9.9800000000000000E-01,  9.9800000000000000E-01,  9.4071244007711030E-01,  1.9012382899999999E-01,  1.2541890000000000E-03,0
2540,  5.0000000000000000E-01,15,  4.3750000000000000E-01,  6.2500000000000000E-01,5,  9.4162653602338398E-01,102,2,499,499,0,  8.8964472893583302E-01,  9.9800000000000000E-01,  9.9800000000000000E-01,  9.4071244007711030E-01,  1.9042086599999999E-01,  1.0605870000000000E-03,0
2541,  5.0000000000000000E-01,15,  4.3750000000000000E-01,  8.1250000000000000E-01,1,  9.4162653602338398E-01,102,2,499,499,0,  8.8964472893583302E-01,  9.9800000000000000E-01,  9.9800000000000000E-01,  9.4071244007711030E-01,  1.8816349600000001E-01,  1.0292540000000001E-03,0
2542,  5.0000000000000000E-01,15,  4.3750000000000000E-01,  8.1250000000000000E-01,2,  9.4162653602338398E-01,102,2,499,499,0,  8.8964472893583302E-01,  9.9800000000000000E-01,  9.9800000000000000E-01,  9.4071244007711030E-01,  1.8549136999999999E-01,  1.0003659999999999E-03,0
2543,  5.0000000000000000E-01,15,  4.3750000000000000E-01,  8.1250000000000000E-01,3,  9.4162653602338398E-01,102,2,499,499,0,  8.8964472893583302E-01,  9.9800000000000000E-01,  9.9800000000000000E-01,  9.4071244007711030E-01,  1.8815978500000000E-01,  1.0855649999999999E-03,0
2544,  5.0000000000000000E-01,15,  4.3750000000000000E-01,  8.1250000000000000E-01,4,  9.4162653602338398E-01,102,2,499,499,0,  8.8964472893583302E-01,  9.9800000000000000E-01,  9.9800000000000000E-01,  9.4071244007711030E-01,  1.9065223300000000E-01,  1.0481200000000000E-03,0
2545,  5.0000000000000000E-01,15,  4.3750000000000000E-01,  8.1250000000000000E-01,5,  9.4162653602338398E-01,102,2,499,499,0,  8.8964472893583302E-01,  9.9800000000000000E-01,  9.9800000000000000E-01,  9.4071244007711030E-01,  1.9181508000000000E-01,  1.0157840000000000E-03,0
2546,  5.0000000000000000E-01,15,  4.3750000000000000E-01,  1.0000000000000000E+00,1,  9.4162653602338398E-01,102,2,499,499,0,  8.8964472893583302E-01,  9.9800000000000000E-01,  9.9800000000000000E-01,  9.4071244007711030E-01,  1.8583203200000001E-01,  1.0623340000000001E-03,0
2547,  5.0000000000000000E-01,15,  4.3750000000000000E-01,  1.0000000000000000E+00,2,  9.4162653602338398E-01,102,2,499,499,0,  8.8964472893583302E-01,  9.9800000000000000E-01,  9.9800000000000000E-01,  9.4071244007711030E-01,  1.8990619700000000E-01,  1.0635919999999999E-03,0
2548,  5.0000000000000000E-01,15,  4.3750000000000000E-01,  1.0000000000000000E+00,3,  9.4162653602338398E-01,102,2,499,499,0,  8.8964472893583302E-01,  9.9800000000000000E-01,  9.9800000000000000E-01,  9.4071244007711030E-01,  1.8672884600000000E-01,  1.0346240000000000E-03,0
2549,  5.0000000000000000E-01,15,  4.3750000000000000E-01,  1.0000000000000000E+00,4,  9.4162653602338398E-01,102,2,499,499,0,  8.8964472893583302E-01,  9.9800000000000000E-01,  9.9800000000000000E-01,  9.4071244007711030E-01,  1.8487713100000000E-01,  1.0389110000000000E-03,0
2550,  5.0000000000000000E-01,15,  4.3750000000000000E-01,  1.0000000000000000E+00,5,  9.4162653602338398E-01,102,2,499,499,0,  8.8964472893583302E-01,  9.9800000000000000E-01,  9.9800000000000000E-01,  9.4071244007711030E-01,  1.8712419799999999E-01,  1.0338780000000000E-03,0
2551,  5.0000000000000000E-01,15,  6.2500000000000000E-01,  2.5000000000000000E-01,1,  9.4162653602338398E-01,102,2,499,499,0,  8.8964472893583302E-01,  9.9800000000000000E-01,  9.9800000000000000E-01,  9.4071244007711030E-01,  2.4365674700000001E-01,  1.0172960000000000E-03,0
2552,  5.0000000000000000E-01,15,  6.2500000000000000E-01,  2.5000000000000000E-01,2,  9.4162653602338398E-01,102,2,499,499,0,  8.8964472893583302E-01,  9.9800000000000000E-01,  9.9800000000000000E-01,  9.4071244007711030E-01,  2.4905675699999999E-01,  1.2422659999999999E-03,0
2553,  5.0000000000000000E-01,15,  6.2500000000000000E-01,  2.5000000000000000E-01,3,  9.4162653602338398E-01,102,2,499,499,0,  8.8964472893583302E-01,  9.9800000000000000E-01,  9.9800000000000000E-01,  9.4071244007711030E-01,  2.4736668100000000E-01,  1.0520079999999999E-03,0
2554,  5.0000000000000000E-01,15,  6.2500000000000000E-01,  2.5000000000000000E-01,4,  9.4162653602338398E-01,102,2,499,499,0,  8.8964472893583302E-01,  9.9800000000000000E-01,  9.9800000000000000E-01,  9.4071244007711030E-01,  2.5075261100000001E-01,  1.2031349999999999E-03,0
2555,  5.0000000000000000E-01,15,  6.2500000000000000E-01,  2.5000000000000000E-01,5,  9.4162653602338398E-01,102,2,499,499,0,  8.8964472893583302E-01,  9.9800000000000000E-01,  9.9800000000000000E-01,  9.4071244007711030E-01,  2.6628696499999999E-01,  1.3484280000000000E-03,0
2556,  5.0000000000000000E-01,15,  6.2500000000000000E-01,  4.3750000000000000E-01,1,  9.4162653602338398E-01,102,2,499,499,0,  8.8964472893583302E-01,  9.9800000000000000E-01,  9.9800000000000000E-01,  9.4071244007711030E-01,  2.5910467300000001E-01,  1.0229470000000000E-03,0
2557,  5.0000000000000000E-01,15,  6.2500000000000000E-01,  4.3750000000000000E-01,2,  9.4162653602338398E-01,102,2,499,499,0,  8.8964472893583302E-01,  9.9800000000000000E-01,  9.9800000000000000E-01,  9.4071244007711030E-01,  2.4496909800000000E-01,  1.0538440000000000E-03,0
2558,  5.0000000000000000E-01,15,  6.2500000000000000E-01,  4.3750000000000000E-01,3,  9.4162653602338398E-01,102,2,499,499,0,  8.8964472893583302E-01,  9.9800000000000000E-01,  9.9800000000000000E-01,  9.4071244007711030E-01,  2.4514707899999999E-01,  1.0354610000000001E-03,0
2559,  5.0000000000000000E-01,15,  6.2500000000000000E-01,  4.3750000000000000E-01,4,  9.4162653602338398E-01,102,2,499,499,0,  8.8964472893583302E-01,  9.9800000000000000E-01,  9.9800000000000000E-01,  9.4071244007711030E-01,  2.5372531700000001E-01,  1.0332700000000000E-03,0
2560,  5.0000000000000000E-01,15,  6.2500000000000000E-01,  4.3750000000000000E-01,5,  9.4162653602338398E-01,102,2,499,499,0,  8.8964472893583302E-01,  9.9800000000000000E-01,  9.9800000000000000E-01,  9.4071244007711030E-01,  2.4951298699999999E-01,  1.0977649999999999E-03,0
2561,  5.0000000000000000E-01,15,  6.2500000000000000E-01,  6.2500000000000000E-01,1,  9.4162653602338398E-01,102,2,499,499,0,  8.8964472893583302E-01,  9.9800000000000000E-01,  9.9800000000000000E-01,  9.4071244007711030E-01,  2.4941316399999999E-01,  1.0981000000000001E-03,0
2562,  5.0000000000000000E-01,15,  6.2500000000000000E-01,  6.2500000000000000E-01,2,  9.4162653602338398E-01,102,2,499,499,0,  8.8964472893583302E-01,  9.9800000000000000E-01,  9.9800000000000000E-01,  9.4071244007711030E-01,  2.5000311600000003E-01,  1.0354180000000000E-03,0
2563,  5.0000000000000000E-01,15,  6.2500000000000000E-01,  6.2500000000000000E-01,3,  9.4162653602338398E-01,102,2,499,499,0,  8.8964472893583302E-01,  9.9800000000000000E-01,  9.9800000000000000E-01,  9.4071244007711030E-01,  2.5283316800000000E-01,  1.0323270000000000E-03,0
2564,  5.0000000000000000E-01,15,  6.2500000000000000E-01,  6.2500000000000000E-01,4,  9.4162653602338398E-01,102,2,499,499,0,  8.8964472893583302E-01,  9.9800000000000000E-01,  9.9800000000000000E-01,  9.4071244007711030E-01,  2.4583070000000001E-01,  1.0116880000000000E-03,0
2565,  5.0000000000000000E-01,15,  6.2500000000000000E-01,  6.2500000000000000E-01,5,  9.4162653602338398E-01,102,2,499,499,0,  8.8964472893583302E-01,  9.9800000000000000E-01,  9.9800000000000000E-01,  9.4071244007711030E-01,  2.5612726400000002E-01,  1.3202680000000001E-03,0
2566,  5.0000000000000000E-01,15,  6.2500000000000000E-01,  8.1250000000000000E-01,1,  9.4162653602338398E-01,102,2,499,499,0,  8.8964472893583302E-01,  9.9800000000000000E-01,  9.9800000000000000E-01,  9.4071244007711030E-01,  2.5085335600000003E-01,  1.0453080000000000E-03,0
2567,  5.0000000000000000E-01,15,  6.2500000000000000E-01,  8.1250000000000000E-01,2,  9.4162653602338398E-01,102,2,499,499,0,  8.8964472893583302E-01,  9.9800000000000000E-01,  9.9800000000000000E-01,  9.4071244007711030E-01,  2.5158912100000003E-01,  1.0224580000000000E-03,0
2568,  5.0000000000000000E-01,15,  6.2500000000000000E-01,  8.1250000000000000E-01,3,  9.4162653602338398E-01,102,2,499,499,0,  8.8964472893583302E-01,  9.9800000000000000E-01,  9.9800000000000000E-01,  9.4071244007711030E-01,  2.4651801100000001E-01,  1.0245670000000001E-03,0
2569,  5.0000000000000000E-01,15,  6.2500000000000000E-01,  8.1250000000000000E-01,4,  9.4162653602338398E-01,102,2,499,499,0,  8.8964472893583302E-01,  9.9800000000000000E-01,  9.9800000000000000E-01,  9.4071244007711030E-01,  2.4790135399999999E-01,  1.0732120000000000E-03,0
2570,  5.0000000000000000E-01,15,  6.2500000000000000E-01,  8.1250000000000000E-01,5,  9.4162653602338398E-01,102,2,499,499,0,  8.8964472893583302E-01,  9.9800000000000000E-01,  9.9800000000000000E-01,  9.4071244007711030E-01,  2.4762377099999999E-01,  1.1006250000000000E-03,0
2571,  5.0000000000000000E-01,15,  6.2500000000000000E-01,  1.0000000000000000E+00,1,  9.4162653602338398E-01,102,2,499,499,0,  8.8964472893583302E-01,  9.9800000000000000E-01,  9.9800000000000000E-01,  9.4071244007711030E-01,  2.4787744900000000E-01,  1.0221169999999999E-03,0
2572,  5.0000000000000000E-01,15,  6.2500000000000000E-01,  1.0000000000000000E+00,2,  9.4162653602338398E-01,102,2,499,499,0,  8.8964472893583302E-01,  9.9800000000000000E-01,  9.9800000000000000E-01,  9.4071244007711030E-01,  2.4856737900000000E-01,  1.0473640000000001E-03,0
2573,  5.0000000000000000E-01,15,  6.2500000000000000E-01,  1.0000000000000000E+00,3,  9.4162653602338398E-01,102,2,499,499,0,  8.8964472893583302E-01,  9.9800000000000000E-01,  9.9800000000000000E-01,  9.4071244007711030E-01,  2.4476225400000001E-01,  1.2114420000000001E-03,0
2574,  5.0000000000000000E-01,15,  6.2500000000000000E-01,  1.0000000000000000E+00,4,  9.4162653602338398E-01,102,2,499,499,0,  8.8964472893583302E-01,  9.9800000000000000E-01,  9.9800000000000000E-01,  9.4071244007711030E-01,  2.5059708000000003E-01,  1.0694800000000000E-03,0
2575,  5.0000000000000000E-01,15,  6.2500000000000000E-01,  1.0000000000000000E+00,5,  9.4162653602338398E-01,102,2,499,499,0,  8.8964472893583302E-01,  9.9800000000000000E-01,  9.9800000000000000E-01,  9.4071244007711030E-01,  2.4793028400000000E-01,  1.0221360000000001E-03,0
2576,  5.0000000000000000E-01,15,  8.1250000000000000E-01,  2.5000000000000000E-01,1,  9.4162653602338398E-01,102,1,500,500,0,  1.0000000000000000E+00,  1.0000000000000000E+00,  1.0000000000000000E+00,  1.0000000000000000E+00,  2.4712095600000000E-01,  1.0568559999999999E-03,0
2577,  5.0000000000000000E-01,15,  8.1250000000000000E-01,  2.5000000000000000E-01,2,  9.4162653602338398E-01,102,1,500,500,0,  1.0000000000000000E+00,  1.0000000000000000E+00,  1.0000000000000000E+00,  1.0000000000000000E+00,  2.5007709600000000E-01,  1.0514019999999999E-03,0
2578,  5.0000000000000000E-01,15,  8.1250000000000000E-01,  2.5000000000000000E-01,3,  9.4162653602338398E-01,102,1,500,500,0,  1.0000000000000000E+00,  1.0000000000000000E+00,  1.0000000000000000E+00,  1.0000000000000000E+00,  2.5498293900000002E-01,  1.0410199999999999E-03,0
2579,  5.0000000000000000E-01,15,  8.1250000000000000E-01,  2.5000000000000000E-01,4,  9.4162653602338398E-01,102,1,500,500,0,  1.0000000000000000E+00,  1.0000000000000000E+00,  1.0000000000000000E+00,  1.0000000000000000E+00,  2.4552142499999999E-01,  1.0711460000000000E-03,0
2580,  5.0000000000000000E-01,15,  8.1250000000000000E-01,  2.5000000000000000E-01,5,  9.4162653602338398E-01,102,1,500,500,0,  1.0000000000000000E+00,  1.0000000000000000E+00,  1.0000000000000000E+00,  1.0000000000000000E+00,  2.5354436000000002E-01,  1.0588520000000001E-03,0
2581,  5.0000000000000000E-01,15,  8.1250000000000000E-01,  4.3750000000000000E-01,1,  9.4162653602338398E-01,102,1,500,500,0,  1.0000000000000000E+00,  1.0000000000000000E+00,  1.0000000000000000E+00,  1.0000000000000000E+00,  2.5149632999999999E-01,  1.1367009999999999E-03,0
2582,  5.0000000000000000E-01,15,  8.1250000000000000E-01,  4.3750000000000000E-01,2,  9.4162653602338398E-01,102,1,500,500,0,  1.0000000000000000E+00,  1.0000000000000000E+00,  1.0000000000000000E+00,  1.0000000000000000E+00,  2.5155091400000001E-01,  1.5745130000000000E-03,0
2583,  5.0000000000000000E-01,15,  8.1250000000000000E-01,  4.3750000000000000E-01,3,  9.4162653602338398E-01,102,1,500,500,0,  1.0000000000000000E+00,  1.0000000000000000E+00,  1.0000000000000000E+00,  1.0000000000000000E+00,  2.4873244700000000E-01,  1.0381710000000001E-03,0
2584,  5.0000000000000000E-01,15,  8.1250000000000000E-01,  4.3750000000000000E-01,4,  9.4162653602338398E-01,102,1,500,500,0,  1.0000000000000000E+00,  1.0000000000000000E+00,  1.0000000000000000E+00,  1.0000000000000000E+00,  2.5075314199999998E-01,  1.1635850000000000E-03,0
2585,  5.0000000000000000E-01,15,  8.1250000000000000E-01,  4.3750000000000000E-01,5,  9.4162653602338398E-01,102,1,500,500,0,  1.0000000000000000E+00,  1.0000000000000000E+00,  1.0000000000000000E+00,  1.0000000000000000E+00,  2.5131406099999998E-01,  1.0100850000000000E-03,0
2586,  5.0000000000000000E-01,15,  8.1250000000000000E-01,  6.2500000000000000E-01,1,  9.4162653602338398E-01,102,1,500,500,0,  1.0000000000000000E+00,  1.0000000000000000E+00,  1.0000000000000000E+00,  1.0000000000000000E+00,  2.5252837900000003E-01,  1.1312799999999999E-03,0
2587,  5.0000000000000000E-01,15,  8.1250000000000000E-01,  6.2500000000000000E-01,2,  9.4162653602338398E-01,102,1,500,500,0,  1.0000000000000000E+00,  1.0000000000000000E+00,  1.0000000000000000E+00,  1.0000000000000000E+00,  2.4972863200000001E-01,  1.2626779999999999E-03,0
2588,  5.0000000000000000E-01,15,  8.1250000000000000E-01,  6.2500000000000000E-01,3,  9.4162653602338398E-01,102,1,500,500,0,  1.0000000000000000E+00,  1.0000000000000000E+00,  1.0000000000000000E+00,  1.0000000000000000E+00,  2.4905461200000001E-01,  1.0730080000000001E-03,0
2589,  5.0000000000000000E-01,15,  8.1250000000000000E-01,  6.2500000000000000E-01,4,  9.4162653602338398E-01,102,1,500,500,0,  1.0000000000000000E+00,  1.0000000000000000E+00,  1.0000000000000000E+00,  1.0000000000000000E+00,  2.4545674200000001E-01,  1.1870500000000000E-03,0
2590,  5.0000000000000000E-01,15,  8.1250000000000000E-01,  6.2500000000000000E-01,5,  9.4162653602338398E-01,102,1,500,500,0,  1.0000000000000000E+00,  1.0000000000000000E+00,  1.0000000000000000E+00,  1.0000000000000000E+00,  2.5186245699999998E-01,  9.9094299999999999E-04,0
2591,  5.0000000000000000E-01,15,  8.1250000000000000E-01,  8.1250000000000000E-01,1,  9.4162653602338398E-01,102,1,500,500,0,  1.0000000000000000E+00,  1.0000000000000000E+00,  1.0000000000000000E+00,  1.0000000000000000E+00,  2.5870813900000000E-01,  1.0323950000000000E-03,0
2592,  5.0000000000000000E-01,15,  8.1250000000000000E-01,  8.1250000000000000E-01,2,  9.4162653602338398E-01,102,1,500,500,0,  1.0000000000000000E+00,  1.0000000000000000E+00,  1.0000000000000000E+00,  1.0000000000000000E+00,  2.6407629599999999E-01,  1.1563060000000000E-03,0
2593,  5.0000000000000000E-01,15,  8.1250000000000000E-01,  8.1250000000000000E-01,3,  9.4162653602338398E-01,102,1,500,500,0,  1.0000000000000000E+00,  1.0000000000000000E+00,  1.0000000000000000E+00,  1.0000000000000000E+00,  2.5371719300000001E-01,  1.0791460000000000E-03,0
2594,  5.0000000000000000E-01,15,  8.1250000000000000E-01,  8.1250000000000000E-01,4,  9.4162653602338398E-01,102,1,500,500,0,  1.0000000000000000E+00,  1.0000000000000000E+00,  1.0000000000000000E+00,  1.0000000000000000E+00,  2.5088563699999999E-01,  1.0314370000000001E-03,0
2595,  5.0000000000000000E-01,15,  8.1250000000000000E-01,  8.1250000000000000E-01,5,  9.4162653602338398E-01,102,1,500,500,0,  1.0000000000000000E+00,  1.0000000000000000E+00,  1.0000000000000000E+00,  1.0000000000000000E+00,  2.5457628599999998E-01,  1.0256160000000000E-03,0
2596,  5.0000000000000000E-01,15,  8.1250000000000000E-01,  1.0000000000000000E+00,1,  9.4162653602338398E-01,102,1,500,500,0,  1.0000000000000000E+00,  1.0000000000000000E+00,  1.0000000000000000E+00,  1.0000000000000000E+00,  2.5029660500000001E-01,  1.1989670000000000E-03,0
2597,  5.0000000000000000E-01,15,  8.1250000000000000E-01,  1.0000000000000000E+00,2,  9.4162653602338398E-01,102,1,500,500,0,  1.0000000000000000E+00,  1.0000000000000000E+00,  1.0000000000000000E+00,  1.0000000000000000E+00,  2.4939818799999999E-01,  1.0743650000000001E-03,0
2598,  5.0000000000000000E-01,15,  8.1250000000000000E-01,  1.0000000000000000E+00,3,  9.4162653602338398E-01,102,1,500,500,0,  1.0000000000000000E+00,  1.0000000000000000E+00,  1.0000000000000000E+00,  1.0000000000000000E+00,  2.5196340299999997E-01,  9.9795599999999993E-04,0
2599,  5.0000000000000000E-01,15,  8.1250000000000000E-01,  1.0000000000000000E+00,4,  9.4162653602338398E-01,102,1,500,500,0,  1.0000000000000000E+00,  1.0000000000000000E+00,  1.0000000000000000E+00,  1.0000000000000000E+00,  2.5494299500000001E-01,  1.1007250000000001E-03,0
2600,  5.0000000000000000E-01,15,  8.1250000000000000E-01,  1.0000000000000000E+00,5,  9.4162653602338398E-01,102,1,500,500,0,  1.0000000000000000E+00,  1.0000000000000000E+00,  1.0000000000000000E+00,  1.0000000000000000E+00,  2.4695018599999999E-01,  1.4922010000000001E-03,0
2601,  5.0000000000000000E-01,15,  1.0000000000000000E+00,  2.5000000000000000E-01,1,  9.4162653602338398E-01,102,1,500,500,0,  1.0000000000000000E+00,  1.0000000000000000E+00,  1.0000000000000000E+00,  1.0000000000000000E+00,  2.4323702699999999E-01,  1.0584620000000000E-03,0
2602,  5.0000000000000000E-01,15,  1.0000000000000000E+00,  2.5000000000000000E-01,2,  9.4162653602338398E-01,102,1,500,500,0,  1.0000000000000000E+00,  1.0000000000000000E+00,  1.0000000000000000E+00,  1.0000000000000000E+00,  2.5296327400000002E-01,  1.0382980000000000E-03,0
2603,  5.0000000000000000E-01,15,  1.0000000000000000E+00,  2.5000000000000000E-01,3,  9.4162653602338398E-01,102,1,500,500,0,  1.0000000000000000E+00,  1.0000000000000000E+00,  1.0000000000000000E+00,  1.0000000000000000E+00,  2.5032661000000000E-01,  1.1173890000000001E-03,0
2604,  5.0000000000000000E-01,15,  1.0000000000000000E+00,  2.5000000000000000E-01,4,  9.4162653602338398E-01,102,1,500,500,0,  1.0000000000000000E+00,  1.0000000000000000E+00,  1.0000000000000000E+00,  1.0000000000000000E+00,  2.4582555900000000E-01,  9.9587599999999992E-04,0
2605,  5.0000000000000000E-01,15,  1.0000000000000000E+00,  2.5000000000000000E-01,5,  9.4162653602338398E-01,102,1,500,500,0,  1.0000000000000000E+00,  1.0000000000000000E+00,  1.0000000000000000E+00,  1.0000000000000000E+00,  2.4564804800000001E-01,  1.1657980000000000E-03,0
2606,  5.0000000000000000E-01,15,  1.0000000000000000E+00,  4.3750000000000000E-01,1,  9.4162653602338398E-01,102,1,500,500,0,  1.0000000000000000E+00,  1.0000000000000000E+00,  1.0000000000000000E+00,  1.0000000000000000E+00,  2.4886785400000000E-01,  1.1399789999999999E-03,0
2607,  5.0000000000000000E-01,15,  1.0000000000000000E+00,  4.3750000000000000E-01,2,  9.4162653602338398E-01,102,1,500,500,0,  1.0000000000000000E+00,  1.0000000000000000E+00,  1.0000000000000000E+00,  1.0000000000000000E+00,  2.4351415000000001E-01,  9.9345500000000008E-04,0
2608,  5.0000000000000000E-01,15,  1.0000000000000000E+00,  4.3750000000000000E-01,3,  9.4162653602338398E-01,102,1,500,500,0,  1.0000000000000000E+00,  1.0000000000000000E+00,  1.0000000000000000E+00,  1.0000000000000000E+00,  2.4833698700000001E-01,  1.1102410000000001E-03,0
2609,  5.0000000000000000E-01,15,  1.0000000000000000E+00,  4.3750000000000000E-01,4,  9.4162653602338398E-01,102,1,500,500,0,  1.0000000000000000E+00,  1.0000000000000000E+00,  1.0000000000000000E+00,  1.0000000000000000E+00,  2.5026126599999998E-01,  1.4096289999999999E-03,0
2610,  5.0000000000000000E-01,15,  1.0000000000000000E+00,  4.3750000000000000E-01,5,  9.4162653602338398E-01,102,1,500,500,0,  1.0000000000000000E+00,  1.0000000000000000E+00,  1.0000000000000000E+00,  1.0000000000000000E+00,  2.5392806699999998E-01,  1.1838249999999999E-03,0
2611,  5.0000000000000000E-01,15,  1.0000000000000000E+00,  6.2500000000000000E-01,1,  9.4162653602338398E-01,102,1,500,500,0,  1.0000000000000000E+00,  1.0000000000000000E+00,  1.0000000000000000E+00,  1.0000000000000000E+00,  2.4948983100000000E-01,  1.2093510000000000E-03,0
2612,  5.0000000000000000E-01,15,  1.0000000000000000E+00,  6.2500000000000000E-01,2,  9.4162653602338398E-01,102,1,500,500,0,  1.0000000000000000E+00,  1.0000000000000000E+00,  1.0000000000000000E+00,  1.0000000000000000E+00,  2.5038500000000002E-01,  1.2866600000000000E-03,0
2613,  5.0000000000000000E-01,15,  1.0000000000000000E+00,  6.2500000000000000E-01,3,  9.4162653602338398E-01,102,1,500,500,0,  1.0000000000000000E+00,  1.0000000000000000E+00,  1.0000000000000000E+00,  1.0000000000000000E+00,  2.4538783800000000E-01,  1.0713560000000001E-03,0
2614,  5.0000000000000000E-01,15,  1.0000000000000000E+00,  6.2500000000000000E-01,4,  9.4162653602338398E-01,102,1,500,500,0,  1.0000000000000000E+00,  1.0000000000000000E+00,  1.0000000000000000E+00,  1.0000000000000000E+00,  2.4412626000000001E-01,  1.0544440000000001E-03,0
2615,  5.0000000000000000E-01,15,  1.0000000000000000E+00,  6.2500000000000000E-01,5,  9.4162653602338398E-01,102,1,500,500,0,  1.0000000000000000E+00,  1.0000000000000000E+00,  1.0000000000000000E+00,  1.0000000000000000E+00,  2.4708662600000000E-01,  1.0398580000000001E-03,0
2616,  5.0000000000000000E-01,15,  1.0000000000000000E+00,  8.1250000000000000E-01,1,  9.4162653602338398E-01,102,1,500,500,0,  1.0000000000000000E+00,  1.0000000000000000E+00,  1.0000000000000000E+00,  1.0000000000000000E+00,  2.4913430000000000E-01,  1.0721470000000001E-03,0
2617,  5.0000000000000000E-01,15,  1.0000000000000000E+00,  8.1250000000000000E-01,2,  9.4162653602338398E-01,102,1,500,500,0,  1.0000000000000000E+00,  1.0000000000000000E+00,  1.0000000000000000E+00,  1.0000000000000000E+00,  2.4842998599999999E-01,  1.2308090000000000E-03,0
2618,  5.0000000000000000E-01,15,  1.0000000000000000E+00,  8.1250000000000000E-01,3,  9.4162653602338398E-01,102,1,500,500,0,  1.0000000000000000E+00,  1.0000000000000000E+00,  1.0000000000000000E+00,  1.0000000000000000E+00,  2.5065994300000000E-01,  1.0510900000000000E-03,0
2619,  5.0000000000000000E-01,15,  1.0000000000000000E+00,  8.1250000000000000E-01,4,  9.4162653602338398E-01,102,1,500,500,0,  1.0000000000000000E+00,  1.0000000000000000E+00,  1.0000000000000000E+00,  1.0000000000000000E+00,  2.4491079099999999E-01,  1.0319859999999999E-03,0
2620,  5.0000000000000000E-01,15,  1.0000000000000000E+00,  8.1250000000000000E-01,5,  9.4162653602338398E-01,102,1,500,500,0,  1.0000000000000000E+00,  1.0000000000000000E+00,  1.0000000000000000E+00,  1.0000000000000000E+00,  2.4667088100000001E-01,  1.5692919999999999E-03,0
2621,  5.0000000000000000E-01,15,  1.0000000000000000E+00,  1.0000000000000000E+00,1,  9.4162653602338398E-01,102,1,500,500,0,  1.0000000000000000E+00,  1.0000000000000000E+00,  1.0000000000000000E+00,  1.0000000000000000E+00,  2.5157252699999999E-01,  1.1361320000000000E-03,0
2622,  5.0000000000000000E-01,15,  1.0000000000000000E+00,  1.0000000000000000E+00,2,  9.4162653602338398E-01,102,1,500,500,0,  1.0000000000000000E+00,  1.0000000000000000E+00,  1.0000000000000000E+00,  1.0000000000000000E+00,  2.4983151700000000E-01,  1.0450640000000001E-03,0
2623,  5.0000000000000000E-01,15,  1.0000000000000000E+00,  1.0000000000000000E+00,3,  9.4162653602338398E-01,102,1,500,500,0,  1.0000000000000000E+00,  1.0000000000000000E+00,  1.0000000000000000E+00,  1.0000000000000000E+00,  2.4774377500000000E-01,  1.0415089999999999E-03,0
2624,  5.0000000000000000E-01,15,  1.0000000000000000E+00,  1.0000000000000000E+00,4,  9.4162653602338398E-01,102,1,500,500,0,  1.0000000000000000E+00,  1.0000000000000000E+00,  1.0000000000000000E+00,  1.0000000000000000E+00,  2.4683689200000000E-01,  1.6324490000000000E-03,0
2625,  5.0000000000000000E-01,15,  1.0000000000000000E+00,  1.0000000000000000E+00,5,  9.4162653602338398E-01,102,1,500,500,0,  1.0000000000000000E+00,  1.0000000000000000E+00,  1.0000000000000000E+00,  1.0000000000000000E+00,  2.5123580000000001E-01,  1.0723530000000001E-03,0
2626,  5.0000000000000000E-01,25,  2.5000000000000000E-01,  2.5000000000000000E-01,1,  9.4162653602338398E-01,69,3,498,498,0,  7.8157576011336150E-01,  9.9600000000000000E-01,  9.9600000000000000E-01,  8.7585516695306864E-01,  8.8002775000000005E-02,  1.0215760000000000E-03,0
2627,  5.0000000000000000E-01,25,  2.5000000000000000E-01,  2.5000000000000000E-01,2,  9.4162653602338398E-01,69,3,498,498,0,  7.8157576011336150E-01,  9.9600000000000000E-01,  9.9600000000000000E-01,  8.7585516695306864E-01,  8.7166994999999997E-02,  1.0913260000000001E-03,0
2628,  5.0000000000000000E-01,25,  2.5000000000000000E-01,  2.5000000000000000E-01,3,  9.4162653602338398E-01,69,3,498,498,0,  7.8157576011336150E-01,  9.9600000000000000E-01,  9.9600000000000000E-01,  8.7585516695306864E-01,  8.9151215000000006E-02,  1.0193180000000000E-03,0
2629,  5.0000000000000000E-01,25,  2.5000000000000000E-01,  2.5000000000000000E-01,4,  9.4162653602338398E-01,69,3,498,498,0,  7.8157576011336150E-01,  9.9600000000000000E-01,  9.9600000000000000E-01,  8.7585516695306864E-01,  8.7391907000000005E-02,  1.1315060000000000E-03,0
2630,  5.0000000000000000E-01,25,  2.5000000000000000E-01,  2.5000000000000000E-01,5,  9.4162653602338398E-01,69,4,502,498,4,  6.8492853780107743E-01,  1.0040000000000000E+00,  9.9600000000000000E-01,  8.1432486521614522E-01,  8.7501694000000005E-02,  1.0767140000000001E-03,0
2631,  5.0000000000000000E-01,25,  2.5000000000000000E-01,  4.3750000000000000E-01,1,  9.4162653602338398E-01,69,3,498,498,0,  7.8157576011336150E-01,  9.9600000000000000E-01,  9.9600000000000000E-01,  8.7585516695306864E-01,  8.8801817000000005E-02,  1.5860259999999999E-03,0
2632,  5.0000000000000000E-01,25,  2.5000000000000000E-01,  4.3750000000000000E-01,2,  9.4162653602338398E-01,69,3,498,498,0,  7.8157576011336150E-01,  9.9600000000000000E-01,  9.9600000000000000E-01,  8.7585516695306864E-01,  9.6216378000000005E-02,  1.0828750000000001E-03,0
2633,  5.0000000000000000E-01,25,  2.5000000000000000E-01,  4.3750000000000000E-01,3,  9.4162653602338398E-01,69,3,498,498,0,  7.8157576011336150E-01,  9.9600000000000000E-01,  9.9600000000000000E-01,  8.7585516695306864E-01,  8.8019838000000003E-02,  1.0323390000000000E-03,0
2634,  5.0000000000000000E-01,25,  2.5000000000000000E-01,  4.3750000000000000E-01,4,  9.4162653602338398E-01,69,3,498,498,0,  7.8157576011336150E-01,  9.9600000000000000E-01,  9.9600000000000000E-01,  8.7585516695306864E-01,  8.8553418999999994E-02,  1.0770890000000000E-03,0
2635,  5.0000000000000000E-01,25,  2.5000000000000000E-01,  4.3750000000000000E-01,5,  9.4162653602338398E-01,69,4,502,498,4,  6.8492853780107743E-01,  1.0040000000000000E+00,  9.9600000000000000E-01,  8.1432486521614522E-01,  9.9728394999999997E-02,  1.1750230000000001E-03,0
2636,  5.0000000000000000E-01,25,  2.5000000000000000E-01,  6.2500000000000000E-01,1,  9.4162653602338398E-01,69,3,498,498,0,  7.8157576011336150E-01,  9.9600000000000000E-01,  9.9600000000000000E-01,  8.7585516695306864E-01,  9.0726721999999996E-02,  1.1148160000000000E-03,0
2637,  5.0000000000000000E-01,25,  2.5000000000000000E-01,  6.2500000000000000E-01,2,  9.4162653602338398E-01,69,3,498,498,0,  7.8157576011336150E-01,  9.9600000000000000E-01,  9.9600000000000000E-01,  8.7585516695306864E-01,  8.9793298999999993E-02,  1.1553150000000001E-03,0
2638,  5.0000000000000000E-01,25,  2.5000000000000000E-01,  6.2500000000000000E-01,3,  9.4162653602338398E-01,69,3,498,498,0,  7.8157576011336150E-01,  9.9600000000000000E-01,  9.9600000000000000E-01,  8.7585516695306864E-01,  8.7179235999999993E-02,  1.0060869999999999E-03,0
2639,  5.0000000000000000E-01,25,  2.5000000000000000E-01,  6.2500000000000000E-01,4,  9.4162653602338398E-01,69,3,498,498,0,  7.8157576011336150E-01,  9.9600000000000000E-01,  9.9600000000000000E-01,  8.7585516695306864E-01,  9.0597981999999994E-02,  1.1003860000000001E-03,0
2640,  5.0000000000000000E-01,25,  2.5000000000000000E-01,  6.2500000000000000E-01,5,  9.4162653602338398E-01,69,4,502,498,4,  6.8492853780107743E-01,  1.0040000000000000E+00,  9.9600000000000000E-01,  8.1432486521614522E-01,  8.7506465000000005E-02,  1.0130980000000000E-03,0
2641,  5.0000000000000000E-01,25,  2.5000000000000000E-01,  8.1250000000000000E-01,1,  9.4162653602338398E-01,69,3,498,498,0,  7.8157576011336150E-01,  9.9600000000000000E-01,  9.9600000000000000E-01,  8.7585516695306864E-01,  8.6396349999999997E-02,  9.8545100000000004E-04,0
2642,  5.0000000000000000E-01,25,  2.5000000000000000E-01,  8.1250000000000000E-01,2,  9.4162653602338398E-01,69,3,498,498,0,  7.8157576011336150E-01,  9.9600000000000000E-01,  9.9600000000000000E-01,  8.7585516695306864E-01,  8.9708366999999997E-02,  1.0400209999999999E-03,0
2643,  5.0000000000000000E-01,25,  2.5000000000000000E-01,  8.1250000000000000E-01,3,  9.4162653602338398E-01,69,3,498,498,0,  7.8157576011336150E-01,  9.9600000000000000E-01,  9.9600000000000000E-01,  8.7585516695306864E-01,  9.1530315000000001E-02,  1.0544669999999999E-03,0
2644,  5.0000000000000000E-01,25,  2.5000000000000000E-01,  8.1250000000000000E-01,4,  9.4162653602338398E-01,69,3,498,498,0,  7.8157576011336150E-01,  9.9600000000000000E-01,  9.9600000000000000E-01,  8.7585516695306864E-01,  8.8143045000000003E-02,  1.0774129999999999E-03,0
2645,  5.0000000000000000E-01,25,  2.5000000000000000E-01,  8.1250000000000000E-01,5,  9.4162653602338398E-01,69,4,502,498,4,  6.8492853780107743E-01,  1.0040000000000000E+00,  9.9600000000000000E-01,  8.1432486521614522E-01,  8.6797522000000002E-02,  1.0293909999999999E-03,0
2646,  5.0000000000000000E-01,25,  2.5000000000000000E-01,  1.0000000000000000E+00,1,  9.4162653602338398E-01,69,3,498,498,0,  7.8157576011336150E-01,  9.9600000000000000E-01,  9.9600000000000000E-01,  8.7585516695306864E-01,  8.8964370000000001E-02,  1.0898390000000000E-03,0
2647,  5.0000000000000000E-01,25,  2.5000000000000000E-01,  1.0000000000000000E+00,2,  9.4162653602338398E-01,69,3,498,498,0,  7.8157576011336150E-01,  9.9600000000000000E-01,  9.9600000000000000E-01,  8.7585516695306864E-01,  8.7529643000000004E-02,  1.0181990000000000E-03,0
2648,  5.0000000000000000E-01,25,  2.5000000000000000E-01,  1.0000000000000000E+00,3,  9.4162653602338398E-01,69,3,498,498,0,  7.8157576011336150E-01,  9.9600000000000000E-01,  9.9600000000000000E-01,  8.7585516695306864E-01,  8.8774594999999998E-02,  1.0985120000000001E-03,0
2649,  5.0000000000000000E-01,25,  2.5000000000000000E-01,  1.0000000000000000E+00,4,  9.4162653602338398E-01,69,3,498,498,0,  7.8157576011336150E-01,  9.9600000000000000E-01,  9.9600000000000000E-01,  8.7585516695306864E-01,  9.0772640000000002E-02,  1.1206530000000001E-03,0
2650,  5.0000000000000000E-01,25,  2.5000000000000000E-01,  1.0000000000000000E+00,5,  9.4162653602338398E-01,69,4,502,498,4,  6.8492853780107743E-01,  1.0040000000000000E+00,  9.9600000000000000E-01,  8.1432486521614522E-01,  8.7720562000000002E-02,  1.1257820000000001E-03,0
2651,  5.0000000000000000E-01,25,  4.3750000000000000E-01,  2.5000000000000000E-01,1,  9.4162653602338398E-01,69,3,500,500,0,  7.8382430297107231E-01,  1.0000000000000000E+00,  1.0000000000000000E+00,  8.7881334688126322E-01,  1.2810626600000000E-01,  1.1324330000000000E-03,0
2652,  5.0000000000000000E-01,25,  4.3750000000000000E-01,  2.5000000000000000E-01,2,  9.4162653602338398E-01,69,3,500,500,0,  7.8382430297107231E-01,  1.0000000000000000E+00,  1.0000000000000000E+00,  8.7881334688126322E-01,  1.2643915500000000E-01,  1.1692390000000001E-03,0
2653,  5.0000000000000000E-01,25,  4.3750000000000000E-01,  2.5000000000000000E-01,3,  9.4162653602338398E-01,69,3,500,500,0,  7.8382430297107231E-01,  1.0000000000000000E+00,  1.0000000000000000E+00,  8.7881334688126322E-01,  1.3332891899999999E-01,  1.1450309999999999E-03,0
2654,  5.0000000000000000E-01,25,  4.3750000000000000E-01,  2.5000000000000000E-01,4,  9.4162653602338398E-01,69,3,500,500,0,  7.8382430297107231E-01,  1.0000000000000000E+00,  1.0000000000000000E+00,  8.7881334688126322E-01,  1.3328343000000001E-01,  1.0832039999999999E-03,0
2655,  5.0000000000000000E-01,25,  4.3750000000000000E-01,  2.5000000000000000E-01,5,  9.4162653602338398E-01,69,3,500,500,0,  7.8382430297107231E-01,  1.0000000000000000E+00,  1.0000000000000000E+00,  8.7881334688126322E-01,  1.2528560599999999E-01,  9.9640899999999997E-04,0
2656,  5.0000000000000000E-01,25,  4.3750000000000000E-01,  4.3750000000000000E-01,1,  9.4162653602338398E-01,69,3,500,500,0,  7.8382430297107231E-01,  1.0000000000000000E+00,  1.0000000000000000E+00,  8.7881334688126322E-01,  1.2609431300000001E-01,  1.5644520000000000E-03,0
2657,  5.0000000000000000E-01,25,  4.3750000000000000E-01,  4.3750000000000000E-01,2,  9.4162653602338398E-01,69,3,500,500,0,  7.8382430297107231E-01,  1.0000000000000000E+00,  1.0000000000000000E+00,  8.7881334688126322E-01,  1.2623620199999999E-01,  1.4476129999999999E-03,0
2658,  5.0000000000000000E-01,25,  4.3750000000000000E-01,  4.3750000000000000E-01,3,  9.4162653602338398E-01,69,3,500,500,0,  7.8382430297107231E-01,  1.0000000000000000E+00,  1.0000000000000000E+00,  8.7881334688126322E-01,  1.2907641800000000E-01,  1.0154980000000001E-03,0
2659,  5.0000000000000000E-01,25,  4.3750000000000000E-01,  4.3750000000000000E-01,4,  9.4162653602338398E-01,69,3,500,500,0,  7.8382430297107231E-01,  1.0000000000000000E+00,  1.0000000000000000E+00,  8.7881334688126322E-01,  1.2546646400000000E-01,  1.1036290000000001E-03,0
2660,  5.0000000000000000E-01,25,  4.3750000000000000E-01,  4.3750000000000000E-01,5,  9.4162653602338398E-01,69,3,500,500,0,  7.8382430297107231E-01,  1.0000000000000000E+00,  1.0000000000000000E+00,  8.7881334688126322E-01,  1.2612939800000000E-01,  1.0574840000000000E-03,0
2661,  5.0000000000000000E-01,25,  4.3750000000000000E-01,  6.2500000000000000E-01,1,  9.4162653602338398E-01,69,3,500,500,0,  7.8382430297107231E-01,  1.0000000000000000E+00,  1.0000000000000000E+00,  8.7881334688126322E-01,  1.2714402999999999E-01,  1.1239469999999999E-03,0
2662,  5.0000000000000000E-01,25,  4.3750000000000000E-01,  6.2500000000000000E-01,2,  9.4162653602338398E-01,69,3,500,500,0,  7.8382430297107231E-01,  1.0000000000000000E+00,  1.0000000000000000E+00,  8.7881334688126322E-01,  1.2680902499999999E-01,  1.0729620000000000E-03,0
2663,  5.0000000000000000E-01,25,  4.3750000000000000E-01,  6.2500000000000000E-01,3,  9.4162653602338398E-01,69,3,500,500,0,  7.8382430297107231E-01,  1.0000000000000000E+00,  1.0000000000000000E+00,  8.7881334688126322E-01,  1.2769615700000000E-01,  1.0250450000000000E-03,0
2664,  5.0000000000000000E-01,25,  4.3750000000000000E-01,  6.2500000000000000E-01,4,  9.4162653602338398E-01,69,3,500,500,0,  7.8382430297107231E-01,  1.0000000000000000E+00,  1.0000000000000000E+00,  8.7881334688126322E-01,  1.2538781500000001E-01,  1.0400970000000000E-03,0
2665,  5.0000000000000000E-01,25,  4.3750000000000000E-01,  6.2500000000000000E-01,5,  9.4162653602338398E-01,69,3,500,500,0,  7.8382430297107231E-01,  1.0000000000000000E+00,  1.0000000000000000E+00,  8.7881334688126322E-01,  1.2741247100000000E-01,  1.1039260000000001E-03,0
2666,  5.0000000000000000E-01,25,  4.3750000000000000E-01,  8.1250000000000000E-01,1,  9.4162653602338398E-01,69,3,500,500,0,  7.8382430297107231E-01,  1.0000000000000000E+00,  1.0000000000000000E+00,  8.7881334688126322E-01,  1.2753709099999999E-01,  1.0998410000000001E-03,0
2667,  5.0000000000000000E-01,25,  4.3750000000000000E-01,  8.1250000000000000E-01,2,  9.4162653602338398E-01,69,3,500,500,0,  7.8382430297107231E-01,  1.0000000000000000E+00,  1.0000000000000000E+00,  8.7881334688126322E-01,  1.2801012200000000E-01,  1.0092969999999999E-03,0
2668,  5.0000000000000000E-01,25,  4.3750000000000000E-01,  8.1250000000000000E-01,3,  9.4162653602338398E-01,69,3,500,500,0,  7.8382430297107231E-01,  1.0000000000000000E+00,  1.0000000000000000E+00,  8.7881334688126322E-01,  1.2930558300000000E-01,  1.3974689999999999E-03,0
2669,  5.0000000000000000E-01,25,  4.3750000000000000E-01,  8.1250000000000000E-01,4,  9.4162653602338398E-01,69,3,500,500,0,  7.8382430297107231E-01,  1.0000000000000000E+00,  1.0000000000000000E+00,  8.7881334688126322E-01,  1.2873203699999999E-01,  1.0538530000000000E-03,0
2670,  5.0000000000000000E-01,25,  4.3750000000000000E-01,  8.1250000000000000E-01,5,  9.4162653602338398E-01,69,3,500,500,0,  7.8382430297107231E-01,  1.0000000000000000E+00,  1.0000000000000000E+00,  8.7881334688126322E-01,  1.2641646000000001E-01,  9.9098900000000006E-04,0
2671,  5.0000000000000000E-01,25,  4.3750000000000000E-01,  1.0000000000000000E+00,1,  9.4162653602338398E-01,69,3,500,500,0,  7.8382430297107231E-01,  1.0000000000000000E+00,  1.0000000000000000E+00,  8.7881334688126322E-01,  1.2683001499999999E-01,  1.1117119999999999E-03,0
2672,  5.0000000000000000E-01,25,  4.3750000000000000E-01,  1.0000000000000000E+00,2,  9.4162653602338398E-01,69,3,500,500,0,  7.8382430297107231E-01,  1.0000000000000000E+00,  1.0000000000000000E+00,  8.7881334688126322E-01,  1.2532277000000000E-01,  1.1786650000000000E-03,0
2673,  5.0000000000000000E-01,25,  4.3750000000000000E-01,  1.0000000000000000E+00,3,  9.4162653602338398E-01,69,3,500,500,0,  7.8382430297107231E-01,  1.0000000000000000E+00,  1.0000000000000000E+00,  8.7881334688126322E-01,  1.5090078100000001E-01,  1.0767890000000001E-03,0
2674,  5.0000000000000000E-01,25,  4.3750000000000000E-01,  1.0000000000000000E+00,4,  9.4162653602338398E-01,69,3,500,500,0,  7.8382430297107231E-01,  1.0000000000000000E+00,  1.0000000000000000E+00,  8.7881334688126322E-01,  1.4383780900000001E-01,  1.3097860000000001E-03,0
2675,  5.0000000000000000E-01,25,  4.3750000000000000E-01,  1.0000000000000000E+00,5,  9.4162653602338398E-01,69,3,500,500,0,  7.8382430297107231E-01,  1.0000000000000000E+00,  1.0000000000000000E+00,  8.7881334688126322E-01,  1.4785796900000001E-01,  1.2087500000000000E-03,0
2676,  5.0000000000000000E-01,25,  6.2500000000000000E-01,  2.5000000000000000E-01,1,  9.4162653602338398E-01,69,2,500,500,0,  8.9065684136419798E-01,  1.0000000000000000E+00,  1.0000000000000000E+00,  9.4216657605781817E-01,  1.7634508300000001E-01,  1.1985240000000001E-03,0
2677,  5.0000000000000000E-01,25,  6.2500000000000000E-01,  2.5000000000000000E-01,2,  9.4162653602338398E-01,69,2,500,500,0,  8.9065684136419798E-01,  1.0000000000000000E+00,  1.0000000000000000E+00,  9.4216657605781817E-01,  1.8653770400000000E-01,  1.0748290000000000E-03,0
2678,  5.0000000000000000E-01,25,  6.2500000000000000E-01,  2.5000000000000000E-01,3,  9.4162653602338398E-01,69,2,500,500,0,  8.9065684136419798E-01,  1.0000000000000000E+00,  1.0000000000000000E+00,  9.4216657605781817E-01,  2.2043883400000000E-01,  1.0913050000000001E-03,0
2679,  5.0000000000000000E-01,25,  6.2500000000000000E-01,  2.5000000000000000E-01,4,  9.4162653602338398E-01,69,2,500,500,0,  8.9065684136419798E-01,  1.0000000000000000E+00,  1.0000000000000000E+00,  9.4216657605781817E-01,  1.8645725299999999E-01,  1.1903590000000000E-03,0
2680,  5.0000000000000000E-01,25,  6.2500000000000000E-01,  2.5000000000000000E-01,5,  9.4162653602338398E-01,69,2,500,500,0,  8.9065684136419798E-01,  1.0000000000000000E+00,  1.0000000000000000E+00,  9.4216657605781817E-01,  1.8892390200000000E-01,  1.1937890000000000E-03,0
2681,  5.0000000000000000E-01,25,  6.2500000000000000E-01,  4.3750000000000000E-01,1,  9.4162653602338398E-01,69,2,500,500,0,  8.9065684136419798E-01,  1.0000000000000000E+00,  1.0000000000000000E+00,  9.4216657605781817E-01,  1.8162878299999999E-01,  1.0574940000000000E-03,0
2682,  5.0000000000000000E-01,25,  6.2500000000000000E-01,  4.3750000000000000E-01,2,  9.4162653602338398E-01,69,2,500,500,0,  8.9065684136419798E-01,  1.0000000000000000E+00,  1.0000000000000000E+00,  9.4216657605781817E-01,  1.8468129400000000E-01,  1.0404040000000000E-03,0
2683,  5.0000000000000000E-01,25,  6.2500000000000000E-01,  4.3750000000000000E-01,3,  9.4162653602338398E-01,69,2,500,500,0,  8.9065684136419798E-01,  1.0000000000000000E+00,  1.0000000000000000E+00,  9.4216657605781817E-01,  1.7977990199999999E-01,  1.0688890000000000E-03,0
2684,  5.0000000000000000E-01,25,  6.2500000000000000E-01,  4.3750000000000000E-01,4,  9.4162653602338398E-01,69,2,500,500,0,  8.9065684136419798E-01,  1.0000000000000000E+00,  1.0000000000000000E+00,  9.4216657605781817E-01,  1.6821137400000000E-01,  1.0504300000000000E-03,0
2685,  5.0000000000000000E-01,25,  6.2500000000000000E-01,  4.3750000000000000E-01,5,  9.4162653602338398E-01,69,2,500,500,0,  8.9065684136419798E-01,  1.0000000000000000E+00,  1.0000000000000000E+00,  9.4216657605781817E-01,  1.6546864999999999E-01,  1.1315749999999999E-03,0
2686,  5.0000000000000000E-01,25,  6.2500000000000000E-01,  6.2500000000000000E-01,1,  9.4162653602338398E-01,69,2,500,500,0,  8.9065684136419798E-01,  1.0000000000000000E+00,  1.0000000000000000E+00,  9.4216657605781817E-01,  1.6812623300000001E-01,  9.7891600000000003E-04,0
2687,  5.0000000000000000E-01,25,  6.2500000000000000E-01,  6.2500000000000000E-01,2,  9.4162653602338398E-01,69,2,500,500,0,  8.9065684136419798E-01,  1.0000000000000000E+00,  1.0000000000000000E+00,  9.4216657605781817E-01,  1.6957313500000001E-01,  1.1596950000000001E-03,0
2688,  5.0000000000000000E-01,25,  6.2500000000000000E-01,  6.2500000000000000E-01,3,  9.4162653602338398E-01,69,2,500,500,0,  8.9065684136419798E-01,  1.0000000000000000E+00,  1.0000000000000000E+00,  9.4216657605781817E-01,  1.6745877800000000E-01,  1.0496100000000001E-03,0
2689,  5.0000000000000000E-01,25,  6.2500000000000000E-01,  6.2500000000000000E-01,4,  9.4162653602338398E-01,69,2,500,500,0,  8.9065684136419798E-01,  1.0000000000000000E+00,  1.0000000000000000E+00,  9.4216657605781817E-01,  1.6684149100000001E-01,  1.0693980000000000E-03,0
2690,  5.0000000000000000E-01,25,  6.2500000000000000E-01,  6.2500000000000000E-01,5,  9.4162653602338398E-01,69,2,500,500,0,  8.9065684136419798E-01,  1.0000000000000000E+00,  1.0000000000000000E+00,  9.4216657605781817E-01,  1.6684388400000000E-01,  1.0391459999999999E-03,0
2691,  5.0000000000000000E-01,25,  6.2500000000000000E-01,  8.1250000000000000E-01,1,  9.4162653602338398E-01,69,2,500,500,0,  8.9065684136419798E-01,  1.0000000000000000E+00,  1.0000000000000000E+00,  9.4216657605781817E-01,  1.6493782500000001E-01,  1.1371039999999999E-03,0
2692,  5.0000000000000000E-01,25,  6.2500000000000000E-01,  8.1250000000000000E-01,2,  9.4162653602338398E-01,69,2,500,500,0,  8.9065684136419798E-01,  1.0000000000000000E+00,  1.0000000000000000E+00,  9.4216657605781817E-01,  1.7022460600000000E-01,  1.0476299999999999E-03,0
2693,  5.0000000000000000E-01,25,  6.2500000000000000E-01,  8.1250000000000000E-01,3,  9.4162653602338398E-01,69,2,500,500,0,  8.9065684136419798E-01,  1.0000000000000000E+00,  1.0000000000000000E+00,  9.4216657605781817E-01,  1.6562888900000000E-01,  1.1665149999999999E-03,0
2694,  5.0000000000000000E-01,25,  6.2500000000000000E-01,  8.1250000000000000E-01,4,  9.4162653602338398E-01,69,2,500,500,0,  8.9065684136419798E-01,  1.0000000000000000E+00,  1.0000000000000000E+00,  9.4216657605781817E-01,  1.6882796000000000E-01,  1.3245040000000000E-03,0
2695,  5.0000000000000000E-01,25,  6.2500000000000000E-01,  8.1250000000000000E-01,5,  9.4162653602338398E-01,69,2,500,500,0,  8.9065684136419798E-01,  1.0000000000000000E+00,  1.0000000000000000E+00,  9.4216657605781817E-01,  1.6934800300000000E-01,  1.0269410000000000E-03,0
2696,  5.0000000000000000E-01,25,  6.2500000000000000E-01,  1.0000000000000000E+00,1,  9.4162653602338398E-01,69,2,500,500,0,  8.9065684136419798E-01,  1.0000000000000000E+00,  1.0000000000000000E+00,  9.4216657605781817E-01,  1.6512541000000000E-01,  1.0589840000000000E-03,0
2697,  5.0000000000000000E-01,25,  6.2500000000000000E-01,  1.0000000000000000E+00,2,  9.4162653602338398E-01,69,2,500,500,0,  8.9065684136419798E-01,  1.0000000000000000E+00,  1.0000000000000000E+00,  9.4216657605781817E-01,  1.6860383200000001E-01,  1.2594380000000001E-03,0
2698,  5.0000000000000000E-01,25,  6.2500000000000000E-01,  1.0000000000000000E+00,3,  9.4162653602338398E-01,69,2,500,500,0,  8.9065684136419798E-01,  1.0000000000000000E+00,  1.0000000000000000E+00,  9.4216657605781817E-01,  1.6692340000000000E-01,  1.0377819999999999E-03,0
2699,  5.0000000000000000E-01,25,  6.2500000000000000E-01,  1.0000000000000000E+00,4,  9.4162653602338398E-01,69,2,500,500,0,  8.9065684136419798E-01,  1.0000000000000000E+00,  1.0000000000000000E+00,  9.4216657605781817E-01,  1.7925288900000000E-01,  1.0486610000000000E-03,0
2700,  5.0000000000000000E-01,25,  6.2500000000000000E-01,  1.0000000000000000E+00,5,  9.4162653602338398E-01,69,2,500,500,0,  8.9065684136419798E-01,  1.0000000000000000E+00,  1.0000000000000000E+00,  9.4216657605781817E-01,  1.6745043000000001E-01,  1.0360980000000001E-03,0
2701,  5.0000000000000000E-01,25,  8.1250000000000000E-01,  2.5000000000000000E-01,1,  9.4162653602338398E-01,69,1,500,500,0,  1.0000000000000000E+00,  1.0000000000000000E+00,  1.0000000000000000E+00,  1.0000000000000000E+00,  1.8034754500000000E-01,  1.0967360000000001E-03,0
2702,  5.0000000000000000E-01,25,  8.1250000000000000E-01,  2.5000000000000000E-01,2,  9.4162653602338398E-01,69,1,500,500,0,  1.0000000000000000E+00,  1.0000000000000000E+00,  1.0000000000000000E+00,  1.0000000000000000E+00,  1.6740802699999999E-01,  1.0765230000000000E-03,0
2703,  5.0000000000000000E-01,25,  8.1250000000000000E-01,  2.5000000000000000E-01,3,  9.4162653602338398E-01,69,1,500,500,0,  1.0000000000000000E+00,  1.0000000000000000E+00,  1.0000000000000000E+00,  1.0000000000000000E+00,  1.6121931900000000E-01,  1.0005179999999999E-03,0
2704,  5.0000000000000000E-01,25,  8.1250000000000000E-01,  2.5000000000000000E-01,4,  9.4162653602338398E-01,69,1,500,500,0,  1.0000000000000000E+00,  1.0000000000000000E+00,  1.0000000000000000E+00,  1.0000000000000000E+00,  1.6634709700000000E-01,  1.0476920000000000E-03,0
2705,  5.0000000000000000E-01,25,  8.1250000000000000E-01,  2.5000000000000000E-01,5,  9.4162653602338398E-01,69,1,500,500,0,  1.0000000000000000E+00,  1.0000000000000000E+00,  1.0000000000000000E+00,  1.0000000000000000E+00,  1.7446196999999999E-01,  1.0061989999999999E-03,0
2706,  5.0000000000000000E-01,25,  8.1250000000000000E-01,  4.3750000000000000E-01,1,  9.4162653602338398E-01,69,1,500,500,0,  1.0000000000000000E+00,  1.0000000000000000E+00,  1.0000000000000000E+00,  1.0000000000000000E+00,  1.6516994600000001E-01,  1.2685909999999999E-03,0
2707,  5.0000000000000000E-01,25,  8.1250000000000000E-01,  4.3750000000000000E-01,2,  9.4162653602338398E-01,69,1,500,500,0,  1.0000000000000000E+00,  1.0000000000000000E+00,  1.0000000000000000E+00,  1.0000000000000000E+00,  1.6663708899999999E-01,  1.0459700000000000E-03,0
2708,  5.0000000000000000E-01,25,  8.1250000000000000E-01,  4.3750000000000000E-01,3,  9.4162653602338398E-01,69,1,500,500,0,  1.0000000000000000E+00,  1.0000000000000000E+00,  1.0000000000000000E+00,  1.0000000000000000E+00,  1.6422181000000000E-01,  1.1950940000000001E-03,0
2709,  5.0000000000000000E-01,25,  8.1250000000000000E-01,  4.3750000000000000E-01,4,  9.4162653602338398E-01,69,1,500,500,0,  1.0000000000000000E+00,  1.0000000000000000E+00,  1.0000000000000000E+00,  1.0000000000000000E+00,  1.6805715099999999E-01,  1.0466519999999999E-03,0
2710,  5.0000000000000000E-01,25,  8.1250000000000000E-01,  4.3750000000000000E-01,5,  9.4162653602338398E-01,69,1,500,500,0,  1.0000000000000000E+00,  1.0000000000000000E+00,  1.0000000000000000E+00,  1.0000000000000000E+00,  1.6644269400000000E-01,  1.0530349999999999E-03,0
2711,  5.0000000000000000E-01,25,  8.1250000000000000E-01,  6.2500000000000000E-01,1,  9.4162653602338398E-01,69,1,500,500,0,  1.0000000000000000E+00,  1.0000000000000000E+00,  1.0000000000000000E+00,  1.0000000000000000E+00,  1.7171414099999999E-01,  1.1125560000000000E-03,0
2712,  5.0000000000000000E-01,25,  8.1250000000000000E-01,  6.2500000000000000E-01,2,  9.4162653602338398E-01,69,1,500,500,0,  1.0000000000000000E+00,  1.0000000000000000E+00,  1.0000000000000000E+00,  1.0000000000000000E+00,  1.7102895000000001E-01,  9.9839999999999998E-04,0
2713,  5.0000000000000000E-01,25,  8.1250000000000000E-01,  6.2500000000000000E-01,3,  9.4162653602338398E-01,69,1,500,500,0,  1.0000000000000000E+00,  1.0000000000000000E+00,  1.0000000000000000E+00,  1.0000000000000000E+00,  1.6863731600000001E-01,  1.0827230000000001E-03,0
2714,  5.0000000000000000E-01,25,  8.1250000000000000E-01,  6.2500000000000000E-01,4,  9.4162653602338398E-01,69,1,500,500,0,  1.0000000000000000E+00,  1.0000000000000000E+00,  1.0000000000000000E+00,  1.0000000000000000E+00,  1.6703847099999999E-01,  1.1188500000000000E-03,0
2715,  5.0000000000000000E-01,25,  8.1250000000000000E-01,  6.2500000000000000E-01,5,  9.4162653602338398E-01,69,1,500,500,0,  1.0000000000000000E+00,  1.0000000000000000E+00,  1.0000000000000000E+00,  1.0000000000000000E+00,  1.6732989500000001E-01,  1.1575369999999999E-03,0
2716,  5.0000000000000000E-01,25,  8.1250000000000000E-01,  8.1250000000000000E-01,1,  9.4162653602338398E-01,69,1,500,500,0,  1.0000000000000000E+00,  1.0000000000000000E+00,  1.0000000000000000E+00,  1.0000000000000000E+00,  1.6561048700000000E-01,  1.0749930000000000E-03,0
2717,  5.0000000000000000E-01,25,  8.1250000000000000E-01,  8.1250000000000000E-01,2,  9.4162653602338398E-01,69,1,500,500,0,  1.0000000000000000E+00,  1.0000000000000000E+00,  1.0000000000000000E+00,  1.0000000000000000E+00,  1.6805153100000000E-01,  1.1021589999999999E-03,0
2718,  5.0000000000000000E-01,25,  8.1250000000000000E-01,  8.1250000000000000E-01,3,  9.4162653602338398E-01,69,1,500,500,0,  1.0000000000000000E+00,  1.0000000000000000E+00,  1.0000000000000000E+00,  1.0000000000000000E+00,  1.6876125500000000E-01,  9.9681899999999992E-04,0
2719,  5.0000000000000000E-01,25,  8.1250000000000000E-01,  8.1250000000000000E-01,4,  9.4162653602338398E-01,69,1,500,500,0,  1.0000000000000000E+00,  1.0000000000000000E+00,  1.0000000000000000E+00,  1.0000000000000000E+00,  1.6490365800000001E-01,  1.0764180000000000E-03,0
2720,  5.0000000000000000E-01,25,  8.1250000000000000E-01,  8.1250000000000000E-01,5,  9.4162653602338398E-01,69,1,500,500,0,  1.0000000000000000E+00,  1.0000000000000000E+00,  1.0000000000000000E+00,  1.0000000000000000E+00,  1.6412008200000000E-01,  1.0248869999999999E-03,0
2721,  5.0000000000000000E-01,25,  8.1250000000000000E-01,  1.0000000000000000E+00,1,  9.4162653602338398E-01,69,1,500,500,0,  1.0000000000000000E+00,  1.0000000000000000E+00,  1.0000000000000000E+00,  1.0000000000000000E+00,  1.6120675000000001E-01,  1.2498800000000001E-03,0
2722,  5.0000000000000000E-01,25,  8.1250000000000000E-01,  1.0000000000000000E+00,2,  9.4162653602338398E-01,69,1,500,500,0,  1.0000000000000000E+00,  1.0000000000000000E+00,  1.0000000000000000E+00,  1.0000000000000000E+00,  1.6908668900000001E-01,  9.9701900000000003E-04,0
2723,  5.0000000000000000E-01,25,  8.1250000000000000E-01,  1.0000000000000000E+00,3,  9.4162653602338398E-01,69,1,500,500,0,  1.0000000000000000E+00,  1.0000000000000000E+00,  1.0000000000000000E+00,  1.0000000000000000E+00,  1.6658579000000001E-01,  1.1246369999999999E-03,0
2724,  5.0000000000000000E-01,25,  8.1250000000000000E-01,  1.0000000000000000E+00,4,  9.4162653602338398E-01,69,1,500,500,0,  1.0000000000000000E+00,  1.0000000000000000E+00,  1.0000000000000000E+00,  1.0000000000000000E+00,  1.6886492300000000E-01,  1.0489570000000001E-03,0
2725,  5.0000000000000000E-01,25,  8.1250000000000000E-01,  1.0000000000000000E+00,5,  9.4162653602338398E-01,69,1,500,500,0,  1.0000000000000000E+00,  1.0000000000000000E+00,  1.0000000000000000E+00,  1.0000000000000000E+00,  1.6937173100000000E-01,  1.3685559999999999E-03,0
2726,  5.0000000000000000E-01,25,  1.0000000000000000E+00,  2.5000000000000000E-01,1,  9.4162653602338398E-01,69,1,500,500,0,  1.0000000000000000E+00,  1.0000000000000000E+00,  1.0000000000000000E+00,  1.0000000000000000E+00,  1.6471601599999999E-01,  1.0672930000000000E-03,0
2727,  5.0000000000000000E-01,25,  1.0000000000000000E+00,  2.5000000000000000E-01,2,  9.4162653602338398E-01,69,1,500,500,0,  1.0000000000000000E+00,  1.0000000000000000E+00,  1.0000000000000000E+00,  1.0000000000000000E+00,  1.6458264000000000E-01,  1.3142220000000001E-03,0
2728,  5.0000000000000000E-01,25,  1.0000000000000000E+00,  2.5000000000000000E-01,3,  9.4162653602338398E-01,69,1,500,500,0,  1.0000000000000000E+00,  1.0000000000000000E+00,  1.0000000000000000E+00,  1.0000000000000000E+00,  1.6442813500000000E-01,  1.0751000000000001E-03,0
2729,  5.0000000000000000E-01,25,  1.0000000000000000E+00,  2.5000000000000000E-01,4,  9.4162653602338398E-01,69,1,500,500,0,  1.0000000000000000E+00,  1.0000000000000000E+00,  1.0000000000000000E+00,  1.0000000000000000E+00,  1.6214695900000001E-01,  1.0509860000000001E-03,0
2730,  5.0000000000000000E-01,25,  1.0000000000000000E+00,  2.5000000000000000E-01,5,  9.4162653602338398E-01,69,1,500,500,0,  1.0000000000000000E+00,  1.0000000000000000E+00,  1.0000000000000000E+00,  1.0000000000000000E+00,  1.6222703599999999E-01,  1.0598039999999999E-03,0
2731,  5.0000000000000000E-01,25,  1.0000000000000000E+00,  4.3750000000000000E-01,1,  9.4162653602338398E-01,69,1,500,500,0,  1.0000000000000000E+00,  1.0000000000000000E+00,  1.0000000000000000E+00,  1.0000000000000000E+00,  1.6323006000000001E-01,  1.0315520000000000E-03,0
2732,  5.0000000000000000E-01,25,  1.0000000000000000E+00,  4.3750000000000000E-01,2,  9.4162653602338398E-01,69,1,500,500,0,  1.0000000000000000E+00,  1.0000000000000000E+00,  1.0000000000000000E+00,  1.0000000000000000E+00,  1.6174654499999999E-01,  1.0293320000000000E-03,0
2733,  5.0000000000000000E-01,25,  1.0000000000000000E+00,  4.3750000000000000E-01,3,  9.4162653602338398E-01,69,1,500,500,0,  1.0000000000000000E+00,  1.0000000000000000E+00,  1.0000000000000000E+00,  1.0000000000000000E+00,  1.6346959899999999E-01,  1.3801000000000000E-03,0
2734,  5.0000000000000000E-01,25,  1.0000000000000000E+00,  4.3750000000000000E-01,4,  9.4162653602338398E-01,69,1,500,500,0,  1.0000000000000000E+00,  1.0000000000000000E+00,  1.0000000000000000E+00,  1.0000000000000000E+00,  1.6397508599999999E-01,  1.0092190000000000E-03,0
2735,  5.0000000000000000E-01,25,  1.0000000000000000E+00,  4.3750000000000000E-01,5,  9.4162653602338398E-01,69,1,500,500,0,  1.0000000000000000E+00,  1.0000000000000000E+00,  1.0000000000000000E+00,  1.0000000000000000E+00,  1.6490309800000000E-01,  1.0307859999999999E-03,0
2736,  5.0000000000000000E-01,25,  1.0000000000000000E+00,  6.2500000000000000E-01,1,  9.4162653602338398E-01,69,1,500,500,0,  1.0000000000000000E+00,  1.0000000000000000E+00,  1.0000000000000000E+00,  1.0000000000000000E+00,  1.6831022100000001E-01,  1.3068000000000001E-03,0
2737,  5.0000000000000000E-01,25,  1.0000000000000000E+00,  6.2500000000000000E-01,2,  9.4162653602338398E-01,69,1,500,500,0,  1.0000000000000000E+00,  1.0000000000000000E+00,  1.0000000000000000E+00,  1.0000000000000000E+00,  1.6853685299999999E-01,  1.0237090000000000E-03,0
2738,  5.0000000000000000E-01,25,  1.0000000000000000E+00,  6.2500000000000000E-01,3,  9.4162653602338398E-01,69,1,500,500,0,  1.0000000000000000E+00,  1.0000000000000000E+00,  1.0000000000000000E+00,  1.0000000000000000E+00,  1.6239556099999999E-01,  1.0940410000000000E-03,0
2739,  5.0000000000000000E-01,25,  1.0000000000000000E+00,  6.2500000000000000E-01,4,  9.4162653602338398E-01,69,1,500,500,0,  1.0000000000000000E+00,  1.0000000000000000E+00,  1.0000000000000000E+00,  1.0000000000000000E+00,  1.6369523799999999E-01,  1.1580070000000000E-03,0
2740,  5.0000000000000000E-01,25,  1.0000000000000000E+00,  6.2500000000000000E-01,5,  9.4162653602338398E-01,69,1,500,500,0,  1.0000000000000000E+00,  1.0000000000000000E+00,  1.0000000000000000E+00,  1.0000000000000000E+00,  1.5939241900000001E-01,  1.1394739999999999E-03,0
2741,  5.0000000000000000E-01,25,  1.0000000000000000E+00,  8.1250000000000000E-01,1,  9.4162653602338398E-01,69,1,500,500,0,  1.0000000000000000E+00,  1.0000000000000000E+00,  1.0000000000000000E+00,  1.0000000000000000E+00,  1.6037611800000001E-01,  1.2546110000000001E-03,0
2742,  5.0000000000000000E-01,25,  1.0000000000000000E+00,  8.1250000000000000E-01,2,  9.4162653602338398E-01,69,1,500,500,0,  1.0000000000000000E+00,  1.0000000000000000E+00,  1.0000000000000000E+00,  1.0000000000000000E+00,  1.6282345200000001E-01,  1.1058260000000001E-03,0
2743,  5.0000000000000000E-01,25,  1.0000000000000000E+00,  8.1250000000000000E-01,3,  9.4162653602338398E-01,69,1,500,500,0,  1.0000000000000000E+00,  1.0000000000000000E+00,  1.0000000000000000E+00,  1.0000000000000000E+00,  1.6205443500000000E-01,  1.0650519999999999E-03,0
2744,  5.0000000000000000E-01,25,  1.0000000000000000E+00,  8.1250000000000000E-01,4,  9.4162653602338398E-01,69,1,500,500,0,  1.0000000000000000E+00,  1.0000000000000000E+00,  1.0000000000000000E+00,  1.0000000000000000E+00,  1.6174665699999999E-01,  1.0545260000000001E-03,0
2745,  5.0000000000000000E-01,25,  1.0000000000000000E+00,  8.1250000000000000E-01,5,  9.4162653602338398E-01,69,1,500,500,0,  1.0000000000000000E+00,  1.0000000000000000E+00,  1.0000000000000000E+00,  1.0000000000000000E+00,  1.5875448300000000E-01,  1.0562890000000000E-03,0
2746,  5.0000000000000000E-01,25,  1.0000000000000000E+00,  1.0000000000000000E+00,1,  9.4162653602338398E-01,69,1,500,500,0,  1.0000000000000000E+00,  1.0000000000000000E+00,  1.0000000000000000E+00,  1.0000000000000000E+00,  1.6451366200000000E-01,  9.9513000000000010E-04,0
2747,  5.0000000000000000E-01,25,  1.0000000000000000E+00,  1.0000000000000000E+00,2,  9.4162653602338398E-01,69,1,500,500,0,  1.0000000000000000E+00,  1.0000000000000000E+00,  1.0000000000000000E+00,  1.0000000000000000E+00,  1.6249510100000000E-01,  1.0245880000000001E-03,0
2748,  5.0000000000000000E-01,25,  1.0000000000000000E+00,  1.0000000000000000E+00,3,  9.4162653602338398E-01,69,1,500,500,0,  1.0000000000000000E+00,  1.0000000000000000E+00,  1.0000000000000000E+00,  1.0000000000000000E+00,  1.6295288499999999E-01,  1.0023520000000000E-03,0
2749,  5.0000000000000000E-01,25,  1.0000000000000000E+00,  1.0000000000000000E+00,4,  9.4162653602338398E-01,69,1,500,500,0,  1.0000000000000000E+00,  1.0000000000000000E+00,  1.0000000000000000E+00,  1.0000000000000000E+00,  1.6304150500000000E-01,  1.1673880000000001E-03,0
2750,  5.0000000000000000E-01,25,  1.0000000000000000E+00,  1.0000000000000000E+00,5,  9.4162653602338398E-01,69,1,500,500,0,  1.0000000000000000E+00,  1.0000000000000000E+00,  1.0000000000000000E+00,  1.0000000000000000E+00,  1.6582697399999999E-01,  1.1547590000000000E-03,0
2751,  5.0000000000000000E-01,35,  2.5000000000000000E-01,  2.5000000000000000E-01,1,  9.4162653602338398E-01,51,2,494,494,0,  8.8374978342111832E-01,  9.8799999999999999E-01,  9.8799999999999999E-01,  9.3297169712947592E-01,  6.2711016999999994E-02,  1.0049160000000000E-03,0
2752,  5.0000000000000000E-01,35,  2.5000000000000000E-01,  2.5000000000000000E-01,2,  9.4162653602338398E-01,51,2,494,494,0,  8.8374978342111832E-01,  9.8799999999999999E-01,  9.8799999999999999E-01,  9.3297169712947592E-01,  6.4207554999999999E-02,  1.1887730000000000E-03,0
2753,  5.0000000000000000E-01,35,  2.5000000000000000E-01,  2.5000000000000000E-01,3,  9.4162653602338398E-01,51,3,496,494,2,  7.5611700923352076E-01,  9.9199999999999999E-01,  9.8799999999999999E-01,  8.5814401347027380E-01,  6.5368207999999997E-02,  1.0793319999999999E-03,0
2754,  5.0000000000000000E-01,35,  2.5000000000000000E-01,  2.5000000000000000E-01,4,  9.4162653602338398E-01,51,4,499,494,5,  6.6420792566563791E-01,  9.9800000000000000E-01,  9.8799999999999999E-01,  7.9758915786525786E-01,  6.4410099999999998E-02,  1.0590720000000001E-03,0
2755,  5.0000000000000000E-01,35,  2.5000000000000000E-01,  2.5000000000000000E-01,5,  9.4162653602338398E-01,51,4,499,494,5,  6.6420792566563791E-01,  9.9800000000000000E-01,  9.8799999999999999E-01,  7.9758915786525786E-01,  6.3384308000000000E-02,  1.0534810000000000E-03,0
2756,  5.0000000000000000E-01,35,  2.5000000000000000E-01,  4.3750000000000000E-01,1,  9.4162653602338398E-01,51,2,494,494,0,  8.8374978342111832E-01,  9.8799999999999999E-01,  9.8799999999999999E-01,  9.3297169712947592E-01,  6.3161044999999999E-02,  1.3208160000000000E-03,0
2757,  5.0000000000000000E-01,35,  2.5000000000000000E-01,  4.3750000000000000E-01,2,  9.4162653602338398E-01,51,2,494,494,0,  8.8374978342111832E-01,  9.8799999999999999E-01,  9.8799999999999999E-01,  9.3297169712947592E-01,  6.6509341000000000E-02,  1.2369540000000000E-03,0
2758,  5.0000000000000000E-01,35,  2.5000000000000000E-01,  4.3750000000000000E-01,3,  9.4162653602338398E-01,51,3,496,494,2,  7.5611700923352076E-01,  9.9199999999999999E-01,  9.8799999999999999E-01,  8.5814401347027380E-01,  6.4145003000000006E-02,  1.0155690000000000E-03,0
2759,  5.0000000000000000E-01,35,  2.5000000000000000E-01,  4.3750000000000000E-01,4,  9.4162653602338398E-01,51,4,499,494,5,  6.6420792566563791E-01,  9.9800000000000000E-01,  9.8799999999999999E-01,  7.9758915786525786E-01,  6.3086940999999994E-02,  1.0683229999999999E-03,0
2760,  5.0000000000000000E-01,35,  2.5000000000000000E-01,  4.3750000000000000E-01,5,  9.4162653602338398E-01,51,4,499,494,5,  6.6420792566563791E-01,  9.9800000000000000E-01,  9.8799999999999999E-01,  7.9758915786525786E-01,  7.0926746999999998E-02,  1.2949200000000000E-03,0
2761,  5.0000000000000000E-01,35,  2.5000000000000000E-01,  6.2500000000000000E-01,1,  9.4162653602338398E-01,51,2,494,494,0,  8.8374978342111832E-01,  9.8799999999999999E-01,  9.8799999999999999E-01,  9.3297169712947592E-01,  6.5997148000000005E-02,  1.0314149999999999E-03,0
2762,  5.0000000000000000E-01,35,  2.5000000000000000E-01,  6.2500000000000000E-01,2,  9.4162653602338398E-01,51,2,494,494,0,  8.8374978342111832E-01,  9.8799999999999999E-01,  9.8799999999999999E-01,  9.3297169712947592E-01,  6.2978891999999995E-02,  1.0008140000000000E-03,0
2763,  5.0000000000000000E-01,35,  2.5000000000000000E-01,  6.2500000000000000E-01,3,  9.4162653602338398E-01,51,3,496,494,2,  7.5611700923352076E-01,  9.9199999999999999E-01,  9.8799999999999999E-01,  8.5814401347027380E-01,  6.3834334000000006E-02,  1.0360199999999999E-03,0
2764,  5.0000000000000000E-01,35,  2.5000000000000000E-01,  6.2500000000000000E-01,4,  9.4162653602338398E-01,51,4,499,494,5,  6.6420792566563791E-01,  9.9800000000000000E-01,  9.8799999999999999E-01,  7.9758915786525786E-01,  6.5948324000000003E-02,  1.0429940000000000E-03,0
2765,  5.0000000000000000E-01,35,  2.5000000000000000E-01,  6.2500000000000000E-01,5,  9.4162653602338398E-01,51,4,499,494,5,  6.6420792566563791E-01,  9.9800000000000000E-01,  9.8799999999999999E-01,  7.9758915786525786E-01,  7.5451114999999999E-02,  1.5147400000000001E-03,0
2766,  5.0000000000000000E-01,35,  2.5000000000000000E-01,  8.1250000000000000E-01,1,  9.4162653602338398E-01,51,2,494,494,0,  8.8374978342111832E-01,  9.8799999999999999E-01,  9.8799999999999999E-01,  9.3297169712947592E-01,  6.9056050999999993E-02,  1.0608300000000000E-03,0
2767,  5.0000000000000000E-01,35,  2.5000000000000000E-01,  8.1250000000000000E-01,2,  9.4162653602338398E-01,51,2,494,494,0,  8.8374978342111832E-01,  9.8799999999999999E-01,  9.8799999999999999E-01,  9.3297169712947592E-01,  6.5328678000000001E-02,  1.0543550000000001E-03,0
2768,  5.0000000000000000E-01,35,  2.5000000000000000E-01,  8.1250000000000000E-01,3,  9.4162653602338398E-01,51,3,496,494,2,  7.5611700923352076E-01,  9.9199999999999999E-01,  9.8799999999999999E-01,  8.5814401347027380E-01,  6.5864180999999994E-02,  1.0468290000000000E-03,0
2769,  5.0000000000000000E-01,35,  2.5000000000000000E-01,  8.1250000000000000E-01,4,  9.4162653602338398E-01,51,4,499,494,5,  6.6420792566563791E-01,  9.9800000000000000E-01,  9.8799999999999999E-01,  7.9758915786525786E-01,  6.3090544999999998E-02,  1.0345319999999999E-03,0
2770,  5.0000000000000000E-01,35,  2.5000000000000000E-01,  8.1250000000000000E-01,5,  9.4162653602338398E-01,51,4,499,494,5,  6.6420792566563791E-01,  9.9800000000000000E-01,  9.8799999999999999E-01,  7.9758915786525786E-01,  6.5217607999999996E-02,  1.1502280000000001E-03,0
2771,  5.0000000000000000E-01,35,  2.5000000000000000E-01,  1.0000000000000000E+00,1,  9.4162653602338398E-01,51,2,494,494,0,  8.8374978342111832E-01,  9.8799999999999999E-01,  9.8799999999999999E-01,  9.3297169712947592E-01,  6.6599902000000002E-02,  1.0053910000000000E-03,0
2772,  5.0000000000000000E-01,35,  2.5000000000000000E-01,  1.0000000000000000E+00,2,  9.4162653602338398E-01,51,2,494,494,0,  8.8374978342111832E-01,  9.8799999999999999E-01,  9.8799999999999999E-01,  9.3297169712947592E-01,  6.6796651999999998E-02,  1.1211719999999999E-03,0
2773,  5.0000000000000000E-01,35,  2.5000000000000000E-01,  1.0000000000000000E+00,3,  9.4162653602338398E-01,51,3,496,494,2,  7.5611700923352076E-01,  9.9199999999999999E-01,  9.8799999999999999E-01,  8.5814401347027380E-01,  6.9089528999999997E-02,  1.1096910000000001E-03,0
2774,  5.0000000000000000E-01,35,  2.5000000000000000E-01,  1.0000000000000000E+00,4,  9.4162653602338398E-01,51,4,499,494,5,  6.6420792566563791E-01,  9.9800000000000000E-01,  9.8799999999999999E-01,  7.9758915786525786E-01,  7.5370187000000005E-02,  1.1956600000000001E-03,0
2775,  5.0000000000000000E-01,35,  2.5000000000000000E-01,  1.0000000000000000E+00,5,  9.4162653602338398E-01,51,4,499,494,5,  6.6420792566563791E-01,  9.9800000000000000E-01,  9.8799999999999999E-01,  7.9758915786525786E-01,  8.8640598000000001E-02,  2.4821430000000000E-03,0
2776,  5.0000000000000000E-01,35,  4.3750000000000000E-01,  2.5000000000000000E-01,1,  9.4162653602338398E-01,51,2,499,499,0,  8.8964472893583302E-01,  9.9800000000000000E-01,  9.9800000000000000E-01,  9.4071244007711030E-01,  1.2090010399999999E-01,  1.4963180000000000E-03,0
2777,  5.0000000000000000E-01,35,  4.3750000000000000E-01,  2.5000000000000000E-01,2,  9.4162653602338398E-01,51,2,499,499,0,  8.8964472893583302E-01,  9.9800000000000000E-01,  9.9800000000000000E-01,  9.4071244007711030E-01,  9.7879531000000006E-02,  1.0727499999999999E-03,0
2778,  5.0000000000000000E-01,35,  4.3750000000000000E-01,  2.5000000000000000E-01,3,  9.4162653602338398E-01,51,2,499,499,0,  8.8964472893583302E-01,  9.9800000000000000E-01,  9.9800000000000000E-01,  9.4071244007711030E-01,  9.3241651999999994E-02,  1.0503850000000000E-03,0
2779,  5.0000000000000000E-01,35,  4.3750000000000000E-01,  2.5000000000000000E-01,4,  9.4162653602338398E-01,51,2,499,499,0,  8.8964472893583302E-01,  9.9800000000000000E-01,  9.9800000000000000E-01,  9.4071244007711030E-01,  9.2062877000000001E-02,  1.2479620000000000E-03,0
2780,  5.0000000000000000E-01,35,  4.3750000000000000E-01,  2.5000000000000000E-01,5,  9.4162653602338398E-01,51,2,499,499,0,  8.8964472893583302E-01,  9.9800000000000000E-01,  9.9800000000000000E-01,  9.4071244007711030E-01,  9.3467643000000003E-02,  1.1223880000000000E-03,0
2781,  5.0000000000000000E-01,35,  4.3750000000000000E-01,  4.3750000000000000E-01,1,  9.4162653602338398E-01,51,2,499,499,0,  8.8964472893583302E-01,  9.9800000000000000E-01,  9.9800000000000000E-01,  9.4071244007711030E-01,  9.2777041000000005E-02,  1.0827710000000000E-03,0
2782,  5.0000000000000000E-01,35,  4.3750000000000000E-01,  4.3750000000000000E-01,2,  9.4162653602338398E-01,51,2,499,499,0,  8.8964472893583302E-01,  9.9800000000000000E-01,  9.9800000000000000E-01,  9.4071244007711030E-01,  9.3611902999999996E-02,  1.1137350000000000E-03,0
2783,  5.0000000000000000E-01,35,  4.3750000000000000E-01,  4.3750000000000000E-01,3,  9.4162653602338398E-01,51,2,499,499,0,  8.8964472893583302E-01,  9.9800000000000000E-01,  9.9800000000000000E-01,  9.4071244007711030E-01,  9.0648741000000005E-02,  1.0594039999999999E-03,0
2784,  5.0000000000000000E-01,35,  4.3750000000000000E-01,  4.3750000000000000E-01,4,  9.4162653602338398E-01,51,2,499,499,0,  8.8964472893583302E-01,  9.9800000000000000E-01,  9.9800000000000000E-01,  9.4071244007711030E-01,  9.1803703000000000E-02,  1.0054619999999999E-03,0
2785,  5.0000000000000000E-01,35,  4.3750000000000000E-01,  4.3750000000000000E-01,5,  9.4162653602338398E-01,51,2,499,499,0,  8.8964472893583302E-01,  9.9800000000000000E-01,  9.9800000000000000E-01,  9.4071244007711030E-01,  9.4307234000000004E-02,  1.3183960000000001E-03,0
2786,  5.0000000000000000E-01,35,  4.3750000000000000E-01,  6.2500000000000000E-01,1,  9.4162653602338398E-01,51,2,499,499,0,  8.8964472893583302E-01,  9.9800000000000000E-01,  9.9800000000000000E-01,  9.4071244007711030E-01,  9.7695689000000002E-02,  1.0225630000000000E-03,0
2787,  5.0000000000000000E-01,35,  4.3750000000000000E-01,  6.2500000000000000E-01,2,  9.4162653602338398E-01,51,2,499,499,0,  8.8964472893583302E-01,  9.9800000000000000E-01,  9.9800000000000000E-01,  9.4071244007711030E-01,  9.1901578999999997E-02,  1.0535770000000000E-03,0
2788,  5.0000000000000000E-01,35,  4.3750000000000000E-01,  6.2500000000000000E-01,3,  9.4162653602338398E-01,51,2,499,499,0,  8.8964472893583302E-01,  9.9800000000000000E-01,  9.9800000000000000E-01,  9.4071244007711030E-01,  9.3310729999999995E-02,  1.0883729999999999E-03,0
2789,  5.0000000000000000E-01,35,  4.3750000000000000E-01,  6.2500000000000000E-01,4,  9.4162653602338398E-01,51,2,499,499,0,  8.8964472893583302E-01,  9.9800000000000000E-01,  9.9800000000000000E-01,  9.4071244007711030E-01,  9.1146026000000005E-02,  1.1973730000000001E-03,0
2790,  5.0000000000000000E-01,35,  4.3750000000000000E-01,  6.2500000000000000E-01,5,  9.4162653602338398E-01,51,2,499,499,0,  8.8964472893583302E-01,  9.9800000000000000E-01,  9.9800000000000000E-01,  9.4071244007711030E-01,  9.4292603000000003E-02,  1.0181109999999999E-03,0
2791,  5.0000000000000000E-01,35,  4.3750000000000000E-01,  8.1250000000000000E-01,1,  9.4162653602338398E-01,51,2,499,499,0,  8.8964472893583302E-01,  9.9800000000000000E-01,  9.9800000000000000E-01,  9.4071244007711030E-01,  9.6130726000000000E-02,  1.0353780000000000E-03,0
2792,  5.0000000000000000E-01,35,  4.3750000000000000E-01,  8.1250000000000000E-01,2,  9.4162653602338398E-01,51,2,499,499,0,  8.8964472893583302E-01,  9.9800000000000000E-01,  9.9800000000000000E-01,  9.4071244007711030E-01,  9.4106564000000004E-02,  1.0689510000000001E-03,0
2793,  5.0000000000000000E-01,35,  4.3750000000000000E-01,  8.1250000000000000E-01,3,  9.4162653602338398E-01,51,2,499,499,0,  8.8964472893583302E-01,  9.9800000000000000E-01,  9.9800000000000000E-01,  9.4071244007711030E-01,  9.2637704000000001E-02,  1.0504200000000000E-03,0
2794,  5.0000000000000000E-01,35,  4.3750000000000000E-01,  8.1250000000000000E-01,4,  9.4162653602338398E-01,51,2,499,499,0,  8.8964472893583302E-01,  9.9800000000000000E-01,  9.9800000000000000E-01,  9.4071244007711030E-01,  9.0001445999999999E-02,  1.0114600000000001E-03,0
2795,  5.0000000000000000E-01,35,  4.3750000000000000E-01,  8.1250000000000000E-01,5,  9.4162653602338398E-01,51,2,499,499,0,  8.8964472893583302E-01,  9.9800000000000000E-01,  9.9800000000000000E-01,  9.4071244007711030E-01,  9.1722304000000004E-02,  1.2380140000000000E-03,0
2796,  5.0000000000000000E-01,35,  4.3750000000000000E-01,  1.0000000000000000E+00,1,  9.4162653602338398E-01,51,2,499,499,0,  8.8964472893583302E-01,  9.9800000000000000E-01,  9.9800000000000000E-01,  9.4071244007711030E-01,  9.0825694999999998E-02,  1.0727379999999999E-03,0
2797,  5.0000000000000000E-01,35,  4.3750000000000000E-01,  1.0000000000000000E+00,2,  9.4162653602338398E-01,51,2,499,499,0,  8.8964472893583302E-01,  9.9800000000000000E-01,  9.9800000000000000E-01,  9.4071244007711030E-01,  9.2756993999999995E-02,  1.2257780000000001E-03,0
2798,  5.0000000000000000E-01,35,  4.3750000000000000E-01,  1.0000000000000000E+00,3,  9.4162653602338398E-01,51,2,499,499,0,  8.8964472893583302E-01,  9.9800000000000000E-01,  9.9800000000000000E-01,  9.4071244007711030E-01,  9.4232787999999998E-02,  1.0159200000000000E-03,0
2799,  5.0000000000000000E-01,35,  4.3750000000000000E-01,  1.0000000000000000E+00,4,  9.4162653602338398E-01,51,2,499,499,0,  8.8964472893583302E-01,  9.9800000000000000E-01,  9.9800000000000000E-01,  9.4071244007711030E-01,  9.4250296999999997E-02,  1.0012840000000001E-03,0
2800,  5.0000000000000000E-01,35,  4.3750000000000000E-01,  1.0000000000000000E+00,5,  9.4162653602338398E-01,51,2,499,499,0,  8.8964472893583302E-01,  9.9800000000000000E-01,  9.9800000000000000E-01,  9.4071244007711030E-01,  9.3964125999999995E-02,  1.2414860000000000E-03,0
2801,  5.0000000000000000E-01,35,  6.2500000000000000E-01,  2.5000000000000000E-01,1,  9.4162653602338398E-01,51,2,500,500,0,  8.9065684136419798E-01,  1.0000000000000000E+00,  1.0000000000000000E+00,  9.4216657605781817E-01,  1.2077141499999999E-01,  1.0209819999999999E-03,0
2802,  5.0000000000000000E-01,35,  6.2500000000000000E-01,  2.5000000000000000E-01,2,  9.4162653602338398E-01,51,2,500,500,0,  8.9065684136419798E-01,  1.0000000000000000E+00,  1.0000000000000000E+00,  9.4216657605781817E-01,  1.1894145100000000E-01,  1.0205780000000001E-03,0
2803,  5.0000000000000000E-01,35,  6.2500000000000000E-01,  2.5000000000000000E-01,3,  9.4162653602338398E-01,51,2,500,500,0,  8.9065684136419798E-01,  1.0000000000000000E+00,  1.0000000000000000E+00,  9.4216657605781817E-01,  1.1944226500000001E-01,  1.0234829999999999E-03,0
2804,  5.0000000000000000E-01,35,  6.2500000000000000E-01,  2.5000000000000000E-01,4,  9.4162653602338398E-01,51,2,500,500,0,  8.9065684136419798E-01,  1.0000000000000000E+00,  1.0000000000000000E+00,  9.4216657605781817E-01,  1.2264842400000001E-01,  1.0598540000000000E-03,0
2805,  5.0000000000000000E-01,35,  6.2500000000000000E-01,  2.5000000000000000E-01,5,  9.4162653602338398E-01,51,2,500,500,0,  8.9065684136419798E-01,  1.0000000000000000E+00,  1.0000000000000000E+00,  9.4216657605781817E-01,  1.2828948800000001E-01,  1.0057449999999999E-03,0
2806,  5.0000000000000000E-01,35,  6.2500000000000000E-01,  4.3750000000000000E-01,1,  9.4162653602338398E-01,51,2,500,500,0,  8.9065684136419798E-01,  1.0000000000000000E+00,  1.0000000000000000E+00,  9.4216657605781817E-01,  1.2094305200000000E-01,  1.2258490000000000E-03,0
2807,  5.0000000000000000E-01,35,  6.2500000000000000E-01,  4.3750000000000000E-01,2,  9.4162653602338398E-01,51,2,500,500,0,  8.9065684136419798E-01,  1.0000000000000000E+00,  1.0000000000000000E+00,  9.4216657605781817E-01,  1.2041094300000001E-01,  1.1005539999999999E-03,0
2808,  5.0000000000000000E-01,35,  6.2500000000000000E-01,  4.3750000000000000E-01,3,  9.4162653602338398E-01,51,2,500,500,0,  8.9065684136419798E-01,  1.0000000000000000E+00,  1.0000000000000000E+00,  9.4216657605781817E-01,  1.1803884700000000E-01,  1.1175740000000001E-03,0
2809,  5.0000000000000000E-01,35,  6.2500000000000000E-01,  4.3750000000000000E-01,4,  9.4162653602338398E-01,51,2,500,500,0,  8.9065684136419798E-01,  1.0000000000000000E+00,  1.0000000000000000E+00,  9.4216657605781817E-01,  1.2211514200000000E-01,  1.1559840000000001E-03,0
2810,  5.0000000000000000E-01,35,  6.2500000000000000E-01,  4.3750000000000000E-01,5,  9.4162653602338398E-01,51,2,500,500,0,  8.9065684136419798E-01,  1.0000000000000000E+00,  1.0000000000000000E+00,  9.4216657605781817E-01,  1.2189554300000000E-01,  1.0821860000000000E-03,0
2811,  5.0000000000000000E-01,35,  6.2500000000000000E-01,  6.2500000000000000E-01,1,  9.4162653602338398E-01,51,2,500,500,0,  8.9065684136419798E-01,  1.0000000000000000E+00,  1.0000000000000000E+00,  9.4216657605781817E-01,  1.2145202900000000E-01,  1.1949190000000000E-03,0
2812,  5.0000000000000000E-01,35,  6.2500000000000000E-01,  6.2500000000000000E-01,2,  9.4162653602338398E-01,51,2,500,500,0,  8.9065684136419798E-01,  1.0000000000000000E+00,  1.0000000000000000E+00,  9.4216657605781817E-01,  1.1840524400000001E-01,  1.0241070000000000E-03,0
2813,  5.0000000000000000E-01,35,  6.2500000000000000E-01,  6.2500000000000000E-01,3,  9.4162653602338398E-01,51,2,500,500,0,  8.9065684136419798E-01,  1.0000000000000000E+00,  1.0000000000000000E+00,  9.4216657605781817E-01,  1.2149720300000000E-01,  1.0245910000000000E-03,0
2814,  5.0000000000000000E-01,35,  6.2500000000000000E-01,  6.2500000000000000E-01,4,  9.4162653602338398E-01,51,2,500,500,0,  8.9065684136419798E-01,  1.0000000000000000E+00,  1.0000000000000000E+00,  9.4216657605781817E-01,  1.1764819500000000E-01,  1.0410070000000000E-03,0
2815,  5.0000000000000000E-01,35,  6.2500000000000000E-01,  6.2500000000000000E-01,5,  9.4162653602338398E-01,51,2,500,500,0,  8.9065684136419798E-01,  1.0000000000000000E+00,  1.0000000000000000E+00,  9.4216657605781817E-01,  1.2050464000000000E-01,  1.0235250000000000E-03,0
2816,  5.0000000000000000E-01,35,  6.2500000000000000E-01,  8.1250000000000000E-01,1,  9.4162653602338398E-01,51,2,500,500,0,  8.9065684136419798E-01,  1.0000000000000000E+00,  1.0000000000000000E+00,  9.4216657605781817E-01,  1.2198084700000000E-01,  1.0857639999999999E-03,0
2817,  5.0000000000000000E-01,35,  6.2500000000000000E-01,  8.1250000000000000E-01,2,  9.4162653602338398E-01,51,2,500,500,0,  8.9065684136419798E-01,  1.0000000000000000E+00,  1.0000000000000000E+00,  9.4216657605781817E-01,  1.1984091600000001E-01,  1.3460620000000001E-03,0
2818,  5.0000000000000000E-01,35,  6.2500000000000000E-01,  8.1250000000000000E-01,3,  9.4162653602338398E-01,51,2,500,500,0,  8.9065684136419798E-01,  1.0000000000000000E+00,  1.0000000000000000E+00,  9.4216657605781817E-01,  1.3094602299999999E-01,  1.1444580000000001E-03,0
2819,  5.0000000000000000E-01,35,  6.2500000000000000E-01,  8.1250000000000000E-01,4,  9.4162653602338398E-01,51,2,500,500,0,  8.9065684136419798E-01,  1.0000000000000000E+00,  1.0000000000000000E+00,  9.4216657605781817E-01,  1.2223906800000001E-01,  1.0439370000000000E-03,0
2820,  5.0000000000000000E-01,35,  6.2500000000000000E-01,  8.1250000000000000E-01,5,  9.4162653602338398E-01,51,2,500,500,0,  8.9065684136419798E-01,  1.0000000000000000E+00,  1.0000000000000000E+00,  9.4216657605781817E-01,  1.1661328700000000E-01,  1.0129670000000000E-03,0
2821,  5.0000000000000000E-01,35,  6.2500000000000000E-01,  1.0000000000000000E+00,1,  9.4162653602338398E-01,51,2,500,500,0,  8.9065684136419798E-01,  1.0000000000000000E+00,  1.0000000000000000E+00,  9.4216657605781817E-01,  1.1997841200000001E-01,  1.0582070000000000E-03,0
2822,  5.0000000000000000E-01,35,  6.2500000000000000E-01,  1.0000000000000000E+00,2,  9.4162653602338398E-01,51,2,500,500,0,  8.9065684136419798E-01,  1.0000000000000000E+00,  1.0000000000000000E+00,  9.4216657605781817E-01,  1.2220937900000001E-01,  1.1158609999999999E-03,0
2823,  5.0000000000000000E-01,35,  6.2500000000000000E-01,  1.0000000000000000E+00,3,  9.4162653602338398E-01,51,2,500,500,0,  8.9065684136419798E-01,  1.0000000000000000E+00,  1.0000000000000000E+00,  9.4216657605781817E-01,  1.2239501899999999E-01,  1.0166909999999999E-03,0
2824,  5.0000000000000000E-01,35,  6.2500000000000000E-01,  1.0000000000000000E+00,4,  9.4162653602338398E-01,51,2,500,500,0,  8.9065684136419798E-01,  1.0000000000000000E+00,  1.0000000000000000E+00,  9.4216657605781817E-01,  1.2019055200000001E-01,  1.1840869999999999E-03,0
2825,  5.0000000000000000E-01,35,  6.2500000000000000E-01,  1.0000000000000000E+00,5,  9.4162653602338398E-01,51,2,500,500,0,  8.9065684136419798E-01,  1.0000000000000000E+00,  1.0000000000000000E+00,  9.4216657605781817E-01,  1.2063080200000000E-01,  1.0383240000000000E-03,0
2826,  5.0000000000000000E-01,35,  8.1250000000000000E-01,  2.5000000000000000E-01,1,  9.4162653602338398E-01,51,1,500,500,0,  1.0000000000000000E+00,  1.0000000000000000E+00,  1.0000000000000000E+00,  1.0000000000000000E+00,  1.2234784700000000E-01,  1.0233289999999999E-03,0
2827,  5.0000000000000000E-01,35,  8.1250000000000000E-01,  2.5000000000000000E-01,2,  9.4162653602338398E-01,51,1,500,500,0,  1.0000000000000000E+00,  1.0000000000000000E+00,  1.0000000000000000E+00,  1.0000000000000000E+00,  1.2217451700000000E-01,  1.0458970000000001E-03,0
2828,  5.0000000000000000E-01,35,  8.1250000000000000E-01,  2.5000000000000000E-01,3,  9.4162653602338398E-01,51,1,500,500,0,  1.0000000000000000E+00,  1.0000000000000000E+00,  1.0000000000000000E+00,  1.0000000000000000E+00,  1.2185264799999999E-01,  1.0309910000000000E-03,0
2829,  5.0000000000000000E-01,35,  8.1250000000000000E-01,  2.5000000000000000E-01,4,  9.4162653602338398E-01,51,1,500,500,0,  1.0000000000000000E+00,  1.0000000000000000E+00,  1.0000000000000000E+00,  1.0000000000000000E+00,  1.2385130699999999E-01,  1.0562490000000000E-03,0
2830,  5.0000000000000000E-01,35,  8.1250000000000000E-01,  2.5000000000000000E-01,5,  9.4162653602338398E-01,51,1,500,500,0,  1.0000000000000000E+00,  1.0000000000000000E+00,  1.0000000000000000E+00,  1.0000000000000000E+00,  1.2158977400000000E-01,  1.0581329999999999E-03,0
2831,  5.0000000000000000E-01,35,  8.1250000000000000E-01,  4.3750000000000000E-01,1,  9.4162653602338398E-01,51,1,500,500,0,  1.0000000000000000E+00,  1.0000000000000000E+00,  1.0000000000000000E+00,  1.0000000000000000E+00,  1.2022983100000000E-01,  1.0586090000000001E-03,0
2832,  5.0000000000000000E-01,35,  8.1250000000000000E-01,  4.3750000000000000E-01,2,  9.4162653602338398E-01,51,1,500,500,0,  1.0000000000000000E+00,  1.0000000000000000E+00,  1.0000000000000000E+00,  1.0000000000000000E+00,  1.2288883800000000E-01,  1.0703430000000001E-03,0
2833,  5.0000000000000000E-01,35,  8.1250000000000000E-01,  4.3750000000000000E-01,3,  9.4162653602338398E-01,51,1,500,500,0,  1.0000000000000000E+00,  1.0000000000000000E+00,  1.0000000000000000E+00,  1.0000000000000000E+00,  1.2240018699999999E-01,  1.0713030000000000E-03,0
2834,  5.0000000000000000E-01,35,  8.1250000000000000E-01,  4.3750000000000000E-01,4,  9.4162653602338398E-01,51,1,500,500,0,  1.0000000000000000E+00,  1.0000000000000000E+00,  1.0000000000000000E+00,  1.0000000000000000E+00,  1.2301027800000000E-01,  1.0134110000000001E-03,0
2835,  5.0000000000000000E-01,35,  8.1250000000000000E-01,  4.3750000000000000E-01,5,  9.4162653602338398E-01,51,1,500,500,0,  1.0000000000000000E+00,  1.0000000000000000E+00,  1.0000000000000000E+00,  1.0000000000000000E+00,  1.2012428200000000E-01,  1.0864790000000000E-03,0
2836,  5.0000000000000000E-01,35,  8.1250000000000000E-01,  6.2500000000000000E-01,1,  9.4162653602338398E-01,51,1,500,500,0,  1.0000000000000000E+00,  1.0000000000000000E+00,  1.0000000000000000E+00,  1.0000000000000000E+00,  1.2191330900000000E-01,  1.1603830000000001E-03,0
2837,  5.0000000000000000E-01,35,  8.1250000000000000E-01,  6.2500000000000000E-01,2,  9.4162653602338398E-01,51,1,500,500,0,  1.0000000000000000E+00,  1.0000000000000000E+00,  1.0000000000000000E+00,  1.0000000000000000E+00,  1.2116191300000000E-01,  1.0344060000000001E-03,0
2838,  5.0000000000000000E-01,35,  8.1250000000000000E-01,  6.2500000000000000E-01,3,  9.4162653602338398E-01,51,1,500,500,0,  1.0000000000000000E+00,  1.0000000000000000E+00,  1.0000000000000000E+00,  1.0000000000000000E+00,  1.2411855099999999E-01,  1.0197839999999999E-03,0
2839,  5.0000000000000000E-01,35,  8.1250000000000000E-01,  6.2500000000000000E-01,4,  9.4162653602338398E-01,51,1,500,500,0,  1.0000000000000000E+00,  1.0000000000000000E+00,  1.0000000000000000E+00,  1.0000000000000000E+00,  1.1992310400000000E-01,  1.0243130000000000E-03,0
2840,  5.0000000000000000E-01,35,  8.1250000000000000E-01,  6.2500000000000000E-01,5,  9.4162653602338398E-01,51,1,500,500,0,  1.0000000000000000E+00,  1.0000000000000000E+00,  1.0000000000000000E+00,  1.0000000000000000E+00,  1.1978437800000000E-01,  9.9911700000000010E-04,0
2841,  5.0000000000000000E-01,35,  8.1250000000000000E-01,  8.1250000000000000E-01,1,  9.4162653602338398E-01,51,1,500,500,0,  1.0000000000000000E+00,  1.0000000000000000E+00,  1.0000000000000000E+00,  1.0000000000000000E+00,  1.2279493000000000E-01,  1.2049450000000000E-03,0
2842,  5.0000000000000000E-01,35,  8.1250000000000000E-01,  8.1250000000000000E-01,2,  9.4162653602338398E-01,51,1,500,500,0,  1.0000000000000000E+00,  1.0000000000000000E+00,  1.0000000000000000E+00,  1.0000000000000000E+00,  1.2253264000000000E-01,  1.0112830000000000E-03,0
2843,  5.0000000000000000E-01,35,  8.1250000000000000E-01,  8.1250000000000000E-01,3,  9.4162653602338398E-01,51,1,500,500,0,  1.0000000000000000E+00,  1.0000000000000000E+00,  1.0000000000000000E+00,  1.0000000000000000E+00,  1.1910148700000001E-01,  1.0324609999999999E-03,0
2844,  5.0000000000000000E-01,35,  8.1250000000000000E-01,  8.1250000000000000E-01,4,  9.4162653602338398E-01,51,1,500,500,0,  1.0000000000000000E+00,  1.0000000000000000E+00,  1.0000000000000000E+00,  1.0000000000000000E+00,  1.2185975200000000E-01,  1.0796340000000001E-03,0
2845,  5.0000000000000000E-01,35,  8.1250000000000000E-01,  8.1250000000000000E-01,5,  9.4162653602338398E-01,51,1,500,500,0,  1.0000000000000000E+00,  1.0000000000000000E+00,  1.0000000000000000E+00,  1.0000000000000000E+00,  1.2329541900000000E-01,  1.0795930000000000E-03,0
2846,  5.0000000000000000E-01,35,  8.1250000000000000E-01,  1.0000000000000000E+00,1,  9.4162653602338398E-01,51,1,500,500,0,  1.0000000000000000E+00,  1.0000000000000000E+00,  1.0000000000000000E+00,  1.0000000000000000E+00,  1.2434909700000001E-01,  1.0055629999999999E-03,0
2847,  5.0000000000000000E-01,35,  8.1250000000000000E-01,  1.0000000000000000E+00,2,  9.4162653602338398E-01,51,1,500,500,0,  1.0000000000000000E+00,  1.0000000000000000E+00,  1.0000000000000000E+00,  1.0000000000000000E+00,  1.3231883699999999E-01,  1.1100810000000000E-03,0
2848,  5.0000000000000000E-01,35,  8.1250000000000000E-01,  1.0000000000000000E+00,3,  9.4162653602338398E-01,51,1,500,500,0,  1.0000000000000000E+00,  1.0000000000000000E+00,  1.0000000000000000E+00,  1.0000000000000000E+00,  1.2459261900000000E-01,  1.1328989999999999E-03,0
2849,  5.0000000000000000E-01,35,  8.1250000000000000E-01,  1.0000000000000000E+00,4,  9.4162653602338398E-01,51,1,500,500,0,  1.0000000000000000E+00,  1.0000000000000000E+00,  1.0000000000000000E+00,  1.0000000000000000E+00,  1.2307869900000000E-01,  1.0167329999999999E-03,0
2850,  5.0000000000000000E-01,35,  8.1250000000000000E-01,  1.0000000000000000E+00,5,  9.4162653602338398E-01,51,1,500,500,0,  1.0000000000000000E+00,  1.0000000000000000E+00,  1.0000000000000000E+00,  1.0000000000000000E+00,  1.4053073699999999E-01,  1.1005790000000000E-03,0
2851,  5.0000000000000000E-01,35,  1.0000000000000000E+00,  2.5000000000000000E-01,1,  9.4162653602338398E-01,51,1,500,500,0,  1.0000000000000000E+00,  1.0000000000000000E+00,  1.0000000000000000E+00,  1.0000000000000000E+00,  1.2181171700000000E-01,  1.0026830000000001E-03,0
2852,  5.0000000000000000E-01,35,  1.0000000000000000E+00,  2.5000000000000000E-01,2,  9.4162653602338398E-01,51,1,500,500,0,  1.0000000000000000E+00,  1.0000000000000000E+00,  1.0000000000000000E+00,  1.0000000000000000E+00,  1.2163704800000000E-01,  1.0544030000000000E-03,0
2853,  5.0000000000000000E-01,35,  1.0000000000000000E+00,  2.5000000000000000E-01,3,  9.4162653602338398E-01,51,1,500,500,0,  1.0000000000000000E+00,  1.0000000000000000E+00,  1.0000000000000000E+00,  1.0000000000000000E+00,  1.2402119200000000E-01,  1.0144119999999999E-03,0
2854,  5.0000000000000000E-01,35,  1.0000000000000000E+00,  2.5000000000000000E-01,4,  9.4162653602338398E-01,51,1,500,500,0,  1.0000000000000000E+00,  1.0000000000000000E+00,  1.0000000000000000E+00,  1.0000000000000000E+00,  1.2199753900000000E-01,  1.0355640000000001E-03,0
2855,  5.0000000000000000E-01,35,  1.0000000000000000E+00,  2.5000000000000000E-01,5,  9.4162653602338398E-01,51,1,500,500,0,  1.0000000000000000E+00,  1.0000000000000000E+00,  1.0000000000000000E+00,  1.0000000000000000E+00,  1.2544869100000000E-01,  1.0334660000000000E-03,0
2856,  5.0000000000000000E-01,35,  1.0000000000000000E+00,  4.3750000000000000E-01,1,  9.4162653602338398E-01,51,1,500,500,0,  1.0000000000000000E+00,  1.0000000000000000E+00,  1.0000000000000000E+00,  1.0000000000000000E+00,  1.2418445500000000E-01,  1.0299269999999999E-03,0
2857,  5.0000000000000000E-01,35,  1.0000000000000000E+00,  4.3750000000000000E-01,2,  9.4162653602338398E-01,51,1,500,500,0,  1.0000000000000000E+00,  1.0000000000000000E+00,  1.0000000000000000E+00,  1.0000000000000000E+00,  1.2900791000000000E-01,  1.0038169999999999E-03,0
2858,  5.0000000000000000E-01,35,  1.0000000000000000E+00,  4.3750000000000000E-01,3,  9.4162653602338398E-01,51,1,500,500,0,  1.0000000000000000E+00,  1.0000000000000000E+00,  1.0000000000000000E+00,  1.0000000000000000E+00,  1.2271465099999999E-01,  1.1768320000000001E-03,0
2859,  5.0000000000000000E-01,35,  1.0000000000000000E+00,  4.3750000000000000E-01,4,  9.4162653602338398E-01,51,1,500,500,0,  1.0000000000000000E+00,  1.0000000000000000E+00,  1.0000000000000000E+00,  1.0000000000000000E+00,  1.2387611000000000E-01,  1.0139140000000001E-03,0
2860,  5.0000000000000000E-01,35,  1.0000000000000000E+00,  4.3750000000000000E-01,5,  9.4162653602338398E-01,51,1,500,500,0,  1.0000000000000000E+00,  1.0000000000000000E+00,  1.0000000000000000E+00,  1.0000000000000000E+00,  1.2250797300000001E-01,  1.1514839999999999E-03,0
2861,  5.0000000000000000E-01,35,  1.0000000000000000E+00,  6.2500000000000000E-01,1,  9.4162653602338398E-01,51,1,500,500,0,  1.0000000000000000E+00,  1.0000000000000000E+00,  1.0000000000000000E+00,  1.0000000000000000E+00,  1.1915825700000000E-01,  1.0605470000000000E-03,0
2862,  5.0000000000000000E-01,35,  1.0000000000000000E+00,  6.2500000000000000E-01,2,  9.4162653602338398E-01,51,1,500,500,0,  1.0000000000000000E+00,  1.0000000000000000E+00,  1.0000000000000000E+00,  1.0000000000000000E+00,  1.2123904500000000E-01,  1.2203870000000001E-03,0
2863,  5.0000000000000000E-01,35,  1.0000000000000000E+00,  6.2500000000000000E-01,3,  9.4162653602338398E-01,51,1,500,500,0,  1.0000000000000000E+00,  1.0000000000000000E+00,  1.0000000000000000E+00,  1.0000000000000000E+00,  1.2820811900000001E-01,  1.0662820000000000E-03,0
2864,  5.0000000000000000E-01,35,  1.0000000000000000E+00,  6.2500000000000000E-01,4,  9.4162653602338398E-01,51,1,500,500,0,  1.0000000000000000E+00,  1.0000000000000000E+00,  1.0000000000000000E+00,  1.0000000000000000E+00,  1.2376726300000000E-01,  1.0150129999999999E-03,0
2865,  5.0000000000000000E-01,35,  1.0000000000000000E+00,  6.2500000000000000E-01,5,  9.4162653602338398E-01,51,1,500,500,0,  1.0000000000000000E+00,  1.0000000000000000E+00,  1.0000000000000000E+00,  1.0000000000000000E+00,  1.2059271700000000E-01,  1.1322940000000001E-03,0
2866,  5.0000000000000000E-01,35,  1.0000000000000000E+00,  8.1250000000000000E-01,1,  9.4162653602338398E-01,51,1,500,500,0,  1.0000000000000000E+00,  1.0000000000000000E+00,  1.0000000000000000E+00,  1.0000000000000000E+00,  1.2373381100000000E-01,  1.0718139999999999E-03,0
2867,  5.0000000000000000E-01,35,  1.0000000000000000E+00,  8.1250000000000000E-01,2,  9.4162653602338398E-01,51,1,500,500,0,  1.0000000000000000E+00,  1.0000000000000000E+00,  1.0000000000000000E+00,  1.0000000000000000E+00,  1.2450882500000000E-01,  1.1155679999999999E-03,0
2868,  5.0000000000000000E-01,35,  1.0000000000000000E+00,  8.1250000000000000E-01,3,  9.4162653602338398E-01,51,1,500,500,0,  1.0000000000000000E+00,  1.0000000000000000E+00,  1.0000000000000000E+00,  1.0000000000000000E+00,  1.2488602100000000E-01,  1.0760089999999999E-03,0
2869,  5.0000000000000000E-01,35,  1.0000000000000000E+00,  8.1250000000000000E-01,4,  9.4162653602338398E-01,51,1,500,500,0,  1.0000000000000000E+00,  1.0000000000000000E+00,  1.0000000000000000E+00,  1.0000000000000000E+00,  1.2395553400000001E-01,  1.0017769999999999E-03,0
2870,  5.0000000000000000E-01,35,  1.0000000000000000E+00,  8.1250000000000000E-01,5,  9.4162653602338398E-01,51,1,500,500,0,  1.0000000000000000E+00,  1.0000000000000000E+00,  1.0000000000000000E+00,  1.0000000000000000E+00,  1.2110733700000000E-01,  1.1676040000000000E-03,0
2871,  5.0000000000000000E-01,35,  1.0000000000000000E+00,  1.0000000000000000E+00,1,  9.4162653602338398E-01,51,1,500,500,0,  1.0000000000000000E+00,  1.0000000000000000E+00,  1.0000000000000000E+00,  1.0000000000000000E+00,  1.2367321400000000E-01,  1.0432090000000000E-03,0
2872,  5.0000000000000000E-01,35,  1.0000000000000000E+00,  1.0000000000000000E+00,2,  9.4162653602338398E-01,51,1,500,500,0,  1.0000000000000000E+00,  1.0000000000000000E+00,  1.0000000000000000E+00,  1.0000000000000000E+00,  1.2665992700000001E-01,  1.0999050000000000E-03,0
2873,  5.0000000000000000E-01,35,  1.0000000000000000E+00,  1.0000000000000000E+00,3,  9.4162653602338398E-01,51,1,500,500,0,  1.0000000000000000E+00,  1.0000000000000000E+00,  1.0000000000000000E+00,  1.0000000000000000E+00,  1.2482898000000001E-01,  1.1003400000000000E-03,0
2874,  5.0000000000000000E-01,35,  1.0000000000000000E+00,  1.0000000000000000E+00,4,  9.4162653602338398E-01,51,1,500,500,0,  1.0000000000000000E+00,  1.0000000000000000E+00,  1.0000000000000000E+00,  1.0000000000000000E+00,  1.2439487800000000E-01,  9.9967400000000009E-04,0
2875,  5.0000000000000000E-01,35,  1.0000000000000000E+00,  1.0000000000000000E+00,5,  9.4162653602338398E-01,51,1,500,500,0,  1.0000000000000000E+00,  1.0000000000000000E+00,  1.0000000000000000E+00,  1.0000000000000000E+00,  1.2442822500000000E-01,  1.2612970000000000E-03,0
2876,  5.0000000000000000E-01,45,  2.5000000000000000E-01,  2.5000000000000000E-01,1,  9.4162653602338398E-01,38,3,478,478,0,  7.5976942799805081E-01,  9.5599999999999996E-01,  9.5599999999999996E-01,  8.4666338182004452E-01,  5.2378194000000003E-02,  1.0452479999999999E-03,0
2877,  5.0000000000000000E-01,45,  2.5000000000000000E-01,  2.5000000000000000E-01,2,  9.4162653602338398E-01,38,4,479,478,1,  5.8023253893926885E-01,  9.5799999999999996E-01,  9.5599999999999996E-01,  7.2272918200928216E-01,  5.2110022999999998E-02,  1.0334020000000001E-03,0
2878,  5.0000000000000000E-01,45,  2.5000000000000000E-01,  2.5000000000000000E-01,3,  9.4162653602338398E-01,38,4,479,478,1,  5.8023253893926885E-01,  9.5799999999999996E-01,  9.5599999999999996E-01,  7.2272918200928216E-01,  5.1188140000000000E-02,  1.0222180000000001E-03,0
2879,  5.0000000000000000E-01,45,  2.5000000000000000E-01,  2.5000000000000000E-01,4,  9.4162653602338398E-01,38,4,479,478,1,  5.8023253893926885E-01,  9.5799999999999996E-01,  9.5599999999999996E-01,  7.2272918200928216E-01,  5.1391253999999997E-02,  1.0036139999999999E-03,0
2880,  5.0000000000000000E-01,45,  2.5000000000000000E-01,  2.5000000000000000E-01,5,  9.4162653602338398E-01,38,5,483,478,5,  3.8886534667091111E-01,  9.6599999999999997E-01,  9.5599999999999996E-01,  5.5451108231103330E-01,  5.3218711000000002E-02,  1.1765780000000000E-03,0
2881,  5.0000000000000000E-01,45,  2.5000000000000000E-01,  4.3750000000000000E-01,1,  9.4162653602338398E-01,38,3,478,478,0,  7.5976942799805081E-01,  9.5599999999999996E-01,  9.5599999999999996E-01,  8.4666338182004452E-01,  5.2666945999999999E-02,  1.0209209999999999E-03,0
2882,  5.0000000000000000E-01,45,  2.5000000000000000E-01,  4.3750000000000000E-01,2,  9.4162653602338398E-01,38,4,479,478,1,  5.8023253893926885E-01,  9.5799999999999996E-01,  9.5599999999999996E-01,  7.2272918200928216E-01,  5.0244588999999999E-02,  1.0053750000000000E-03,0
2883,  5.0000000000000000E-01,45,  2.5000000000000000E-01,  4.3750000000000000E-01,3,  9.4162653602338398E-01,38,4,479,478,1,  5.8023253893926885E-01,  9.5799999999999996E-01,  9.5599999999999996E-01,  7.2272918200928216E-01,  5.2309031999999998E-02,  9.8952999999999997E-04,0
2884,  5.0000000000000000E-01,45,  2.5000000000000000E-01,  4.3750000000000000E-01,4,  9.4162653602338398E-01,38,4,479,478,1,  5.8023253893926885E-01,  9.5799999999999996E-01,  9.5599999999999996E-01,  7.2272918200928216E-01,  5.0719106000000000E-02,  1.0025740000000000E-03,0
2885,  5.0000000000000000E-01,45,  2.5000000000000000E-01,  4.3750000000000000E-01,5,  9.4162653602338398E-01,38,5,483,478,5,  3.8886534667091111E-01,  9.6599999999999997E-01,  9.5599999999999996E-01,  5.5451108231103330E-01,  4.9828755000000002E-02,  1.0347399999999999E-03,0
2886,  5.0000000000000000E-01,45,  2.5000000000000000E-01,  6.2500000000000000E-01,1,  9.4162653602338398E-01,38,3,478,478,0,  7.5976942799805081E-01,  9.5599999999999996E-01,  9.5599999999999996E-01,  8.4666338182004452E-01,  5.1301565000000000E-02,  1.0248939999999999E-03,0
2887,  5.0000000000000000E-01,45,  2.5000000000000000E-01,  6.2500000000000000E-01,2,  9.4162653602338398E-01,38,4,479,478,1,  5.8023253893926885E-01,  9.5799999999999996E-01,  9.5599999999999996E-01,  7.2272918200928216E-01,  5.0529611000000002E-02,  9.7610000000000004E-04,0
2888,  5.0000000000000000E-01,45,  2.5000000000000000E-01,  6.2500000000000000E-01,3,  9.4162653602338398E-01,38,4,479,478,1,  5.8023253893926885E-01,  9.5799999999999996E-01,  9.5599999999999996E-01,  7.2272918200928216E-01,  5.0781229999999997E-02,  1.0022500000000001E-03,0
2889,  5.0000000000000000E-01,45,  2.5000000000000000E-01,  6.2500000000000000E-01,4,  9.4162653602338398E-01,38,4,479,478,1,  5.8023253893926885E-01,  9.5799999999999996E-01,  9.5599999999999996E-01,  7.2272918200928216E-01,  5.2246860999999999E-02,  9.8303999999999991E-04,0
2890,  5.0000000000000000E-01,45,  2.5000000000000000E-01,  6.2500000000000000E-01,5,  9.4162653602338398E-01,38,5,483,478,5,  3.8886534667091111E-01,  9.6599999999999997E-01,  9.5599999999999996E-01,  5.5451108231103330E-01,  5.1866145000000002E-02,  1.0772700000000000E-03,0
2891,  5.0000000000000000E-01,45,  2.5000000000000000E-01,  8.1250000000000000E-01,1,  9.4162653602338398E-01,38,3,478,478,0,  7.5976942799805081E-01,  9.5599999999999996E-01,  9.5599999999999996E-01,  8.4666338182004452E-01,  5.1255427999999999E-02,  1.2567510000000000E-03,0
2892,  5.0000000000000000E-01,45,  2.5000000000000000E-01,  8.1250000000000000E-01,2,  9.4162653602338398E-01,38,4,479,478,1,  5.8023253893926885E-01,  9.5799999999999996E-01,  9.5599999999999996E-01,  7.2272918200928216E-01,  5.3397585999999997E-02,  1.1415390000000000E-03,0
2893,  5.0000000000000000E-01,45,  2.5000000000000000E-01,  8.1250000000000000E-01,3,  9.4162653602338398E-01,38,4,479,478,1,  5.8023253893926885E-01,  9.5799999999999996E-01,  9.5599999999999996E-01,  7.2272918200928216E-01,  5.1201800999999998E-02,  1.0024970000000000E-03,0
2894,  5.0000000000000000E-01,45,  2.5000000000000000E-01,  8.1250000000000000E-01,4,  9.4162653602338398E-01,38,4,479,478,1,  5.8023253893926885E-01,  9.5799999999999996E-01,  9.5599999999999996E-01,  7.2272918200928216E-01,  5.2487270000000003E-02,  1.0430120000000001E-03,0
2895,  5.0000000000000000E-01,45,  2.5000000000000000E-01,  8.1250000000000000E-01,5,  9.4162653602338398E-01,38,5,483,478,5,  3.8886534667091111E-01,  9.6599999999999997E-01,  9.5599999999999996E-01,  5.5451108231103330E-01,  5.7716919999999998E-02,  1.2197700000000000E-03,0
2896,  5.0000000000000000E-01,45,  2.5000000000000000E-01,  1.0000000000000000E+00,1,  9.4162653602338398E-01,38,3,478,478,0,  7.5976942799805081E-01,  9.5599999999999996E-01,  9.5599999999999996E-01,  8.4666338182004452E-01,  5.6851444000000001E-02,  1.0645209999999999E-03,0
2897,  5.0000000000000000E-01,45,  2.5000000000000000E-01,  1.0000000000000000E+00,2,  9.4162653602338398E-01,38,4,479,478,1,  5.8023253893926885E-01,  9.5799999999999996E-01,  9.5599999999999996E-01,  7.2272918200928216E-01,  5.7360937000000001E-02,  1.0420270000000001E-03,0
2898,  5.0000000000000000E-01,45,  2.5000000000000000E-01,  1.0000000000000000E+00,3,  9.4162653602338398E-01,38,4,479,478,1,  5.8023253893926885E-01,  9.5799999999999996E-01,  9.5599999999999996E-01,  7.2272918200928216E-01,  5.5258178999999998E-02,  1.0126219999999999E-03,0
2899,  5.0000000000000000E-01,45,  2.5000000000000000E-01,  1.0000000000000000E+00,4,  9.4162653602338398E-01,38,4,479,478,1,  5.8023253893926885E-01,  9.5799999999999996E-01,  9.5599999999999996E-01,  7.2272918200928216E-01,  5.6865338000000001E-02,  1.0440020000000000E-03,0
2900,  5.0000000000000000E-01,45,  2.5000000000000000E-01,  1.0000000000000000E+00,5,  9.4162653602338398E-01,38,5,483,478,5,  3.8886534667091111E-01,  9.6599999999999997E-01,  9.5599999999999996E-01,  5.5451108231103330E-01,  5.3298888000000003E-02,  1.4314650000000000E-03,0
2901,  5.0000000000000000E-01,45,  4.3750000000000000E-01,  2.5000000000000000E-01,1,  9.4162653602338398E-01,38,3,493,493,0,  7.7642446603036397E-01,  9.8599999999999999E-01,  9.8599999999999999E-01,  8.6875158426534183E-01,  7.2393694999999994E-02,  1.4482090000000000E-03,0
2902,  5.0000000000000000E-01,45,  4.3750000000000000E-01,  2.5000000000000000E-01,2,  9.4162653602338398E-01,38,3,493,493,0,  7.7642446603036397E-01,  9.8599999999999999E-01,  9.8599999999999999E-01,  8.6875158426534183E-01,  7.1547025000000000E-02,  1.0882950000000000E-03,0
2903,  5.0000000000000000E-01,45,  4.3750000000000000E-01,  2.5000000000000000E-01,3,  9.4162653602338398E-01,38,3,493,493,0,  7.7642446603036397E-01,  9.8599999999999999E-01,  9.8599999999999999E-01,  8.6875158426534183E-01,  7.0278626999999996E-02,  1.1138970000000000E-03,0
2904,  5.0000000000000000E-01,45,  4.3750000000000000E-01,  2.5000000000000000E-01,4,  9.4162653602338398E-01,38,3,493,493,0,  7.7642446603036397E-01,  9.8599999999999999E-01,  9.8599999999999999E-01,  8.6875158426534183E-01,  6.9945277000000000E-02,  1.0385850000000001E-03,0
2905,  5.0000000000000000E-01,45,  4.3750000000000000E-01,  2.5000000000000000E-01,5,  9.4162653602338398E-01,38,3,493,493,0,  7.7642446603036397E-01,  9.8599999999999999E-01,  9.8599999999999999E-01,  8.6875158426534183E-01,  7.3095008000000003E-02,  1.0711589999999999E-03,0
2906,  5.0000000000000000E-01,45,  4.3750000000000000E-01,  4.3750000000000000E-01,1,  9.4162653602338398E-01,38,3,493,493,0,  7.7642446603036397E-01,  9.8599999999999999E-01,  9.8599999999999999E-01,  8.6875158426534183E-01,  6.8836043000000000E-02,  1.1058369999999999E-03,0
2907,  5.0000000000000000E-01,45,  4.3750000000000000E-01,  4.3750000000000000E-01,2,  9.4162653602338398E-01,38,3,493,493,0,  7.7642446603036397E-01,  9.8599999999999999E-01,  9.8599999999999999E-01,  8.6875158426534183E-01,  7.2198114999999993E-02,  1.1200040000000000E-03,0
2908,  5.0000000000000000E-01,45,  4.3750000000000000E-01,  4.3750000000000000E-01,3,  9.4162653602338398E-01,38,3,493,493,0,  7.7642446603036397E-01,  9.8599999999999999E-01,  9.8599999999999999E-01,  8.6875158426534183E-01,  6.9939401999999998E-02,  1.0295170000000000E-03,0
2909,  5.0000000000000000E-01,45,  4.3750000000000000E-01,  4.3750000000000000E-01,4,  9.4162653602338398E-01,38,3,493,493,0,  7.7642446603036397E-01,  9.8599999999999999E-01,  9.8599999999999999E-01,  8.6875158426534183E-01,  6.8219040999999994E-02,  1.0277330000000001E-03,0
2910,  5.0000000000000000E-01,45,  4.3750000000000000E-01,  4.3750000000000000E-01,5,  9.4162653602338398E-01,38,3,493,493,0,  7.7642446603036397E-01,  9.8599999999999999E-01,  9.8599999999999999E-01,  8.6875158426534183E-01,  7.1832713000000006E-02,  1.2596780000000000E-03,0
2911,  5.0000000000000000E-01,45,  4.3750000000000000E-01,  6.2500000000000000E-01,1,  9.4162653602338398E-01,38,3,493,493,0,  7.7642446603036397E-01,  9.8599999999999999E-01,  9.8599999999999999E-01,  8.6875158426534183E-01,  7.3567768000000006E-02,  1.0544230000000001E-03,0
2912,  5.0000000000000000E-01,45,  4.3750000000000000E-01,  6.2500000000000000E-01,2,  9.4162653602338398E-01,38,3,493,493,0,  7.7642446603036397E-01,  9.8599999999999999E-01,  9.8599999999999999E-01,  8.6875158426534183E-01,  6.9774583000000001E-02,  1.0397029999999999E-03,0
2913,  5.0000000000000000E-01,45,  4.3750000000000000E-01,  6.2500000000000000E-01,3,  9.4162653602338398E-01,38,3,493,493,0,  7.7642446603036397E-01,  9.8599999999999999E-01,  9.8599999999999999E-01,  8.6875158426534183E-01,  6.7945674999999997E-02,  1.1970240000000001E-03,0
2914,  5.0000000000000000E-01,45,  4.3750000000000000E-01,  6.2500000000000000E-01,4,  9.4162653602338398E-01,38,3,493,493,0,  7.7642446603036397E-01,  9.8599999999999999E-01,  9.8599999999999999E-01,  8.6875158426534183E-01,  6.9315425000000000E-02,  1.2062930000000000E-03,0
2915,  5.0000000000000000E-01,45,  4.3750000000000000E-01,  6.2500000000000000E-01,5,  9.4162653602338398E-01,38,3,493,493,0,  7.7642446603036397E-01,  9.8599999999999999E-01,  9.8599999999999999E-01,  8.6875158426534183E-01,  6.8067354999999996E-02,  9.9293600000000004E-04,0
2916,  5.0000000000000000E-01,45,  4.3750000000000000E-01,  8.1250000000000000E-01,1,  9.4162653602338398E-01,38,3,493,493,0,  7.7642446603036397E-01,  9.8599999999999999E-01,  9.8599999999999999E-01,  8.6875158426534183E-01,  6.6847023000000005E-02,  1.0338179999999999E-03,0
2917,  5.0000000000000000E-01,45,  4.3750000000000000E-01,  8.1250000000000000E-01,2,  9.4162653602338398E-01,38,3,493,493,0,  7.7642446603036397E-01,  9.8599999999999999E-01,  9.8599999999999999E-01,  8.6875158426534183E-01,  6.7383001999999997E-02,  1.0602000000000001E-03,0
2918,  5.0000000000000000E-01,45,  4.3750000000000000E-01,  8.1250000000000000E-01,3,  9.4162653602338398E-01,38,3,493,493,0,  7.7642446603036397E-01,  9.8599999999999999E-01,  9.8599999999999999E-01,  8.6875158426534183E-01,  6.6831924000000001E-02,  1.0285380000000001E-03,0
2919,  5.0000000000000000E-01,45,  4.3750000000000000E-01,  8.1250000000000000E-01,4,  9.4162653602338398E-01,38,3,493,493,0,  7.7642446603036397E-01,  9.8599999999999999E-01,  9.8599999999999999E-01,  8.6875158426534183E-01,  6.7579914000000005E-02,  1.0183440000000000E-03,0
2920,  5.0000000000000000E-01,45,  4.3750000000000000E-01,  8.1250000000000000E-01,5,  9.4162653602338398E-01,38,3,493,493,0,  7.7642446603036397E-01,  9.8599999999999999E-01,  9.8599999999999999E-01,  8.6875158426534183E-01,  6.6100856000000000E-02,  1.0506350000000001E-03,0
2921,  5.0000000000000000E-01,45,  4.3750000000000000E-01,  1.0000000000000000E+00,1,  9.4162653602338398E-01,38,3,493,493,0,  7.7642446603036397E-01,  9.8599999999999999E-01,  9.8599999999999999E-01,  8.6875158426534183E-01,  6.6858955999999997E-02,  1.0192759999999999E-03,0
2922,  5.0000000000000000E-01,45,  4.3750000000000000E-01,  1.0000000000000000E+00,2,  9.4162653602338398E-01,38,3,493,493,0,  7.7642446603036397E-01,  9.8599999999999999E-01,  9.8599999999999999E-01,  8.6875158426534183E-01,  7.0085935000000002E-02,  1.0405869999999999E-03,0
2923,  5.0000000000000000E-01,45,  4.3750000000000000E-01,  1.0000000000000000E+00,3,  9.4162653602338398E-01,38,3,493,493,0,  7.7642446603036397E-01,  9.8599999999999999E-01,  9.8599999999999999E-01,  8.6875158426534183E-01,  6.6230035000000007E-02,  1.0638799999999999E-03,0
2924,  5.0000000000000000E-01,45,  4.3750000000000000E-01,  1.0000000000000000E+00,4,  9.4162653602338398E-01,38,3,493,493,0,  7.7642446603036397E-01,  9.8599999999999999E-01,  9.8599999999999999E-01,  8.6875158426534183E-01,  6.5578382000000005E-02,  1.3093560000000000E-03,0
2925,  5.0000000000000000E-01,45,  4.3750000000000000E-01,  1.0000000000000000E+00,5,  9.4162653602338398E-01,38,3,493,493,0,  7.7642446603036397E-01,  9.8599999999999999E-01,  9.8599999999999999E-01,  8.6875158426534183E-01,  6.4408389999999996E-02,  1.0217329999999999E-03,0
2926,  5.0000000000000000E-01,45,  6.2500000000000000E-01,  2.5000000000000000E-01,1,  9.4162653602338398E-01,38,2,489,489,0,  8.7849908440253710E-01,  9.7799999999999998E-01,  9.7799999999999998E-01,  9.2558311691511774E-01,  9.3953410000000001E-02,  1.2293770000000000E-03,0
2927,  5.0000000000000000E-01,45,  6.2500000000000000E-01,  2.5000000000000000E-01,2,  9.4162653602338398E-01,38,2,489,489,0,  8.7849908440253710E-01,  9.7799999999999998E-01,  9.7799999999999998E-01,  9.2558311691511774E-01,  9.0887954000000007E-02,  1.1372080000000000E-03,0
2928,  5.0000000000000000E-01,45,  6.2500000000000000E-01,  2.5000000000000000E-01,3,  9.4162653602338398E-01,38,2,489,489,0,  8.7849908440253710E-01,  9.7799999999999998E-01,  9.7799999999999998E-01,  9.2558311691511774E-01,  9.2679421999999997E-02,  1.0204360000000000E-03,0
2929,  5.0000000000000000E-01,45,  6.2500000000000000E-01,  2.5000000000000000E-01,4,  9.4162653602338398E-01,38,2,489,489,0,  8.7849908440253710E-01,  9.7799999999999998E-01,  9.7799999999999998E-01,  9.2558311691511774E-01,  9.4150580999999997E-02,  1.0903680000000000E-03,0
2930,  5.0000000000000000E-01,45,  6.2500000000000000E-01,  2.5000000000000000E-01,5,  9.4162653602338398E-01,38,2,489,489,0,  8.7849908440253710E-01,  9.7799999999999998E-01,  9.7799999999999998E-01,  9.2558311691511774E-01,  9.2630151999999993E-02,  1.0354550000000000E-03,0
2931,  5.0000000000000000E-01,45,  6.2500000000000000E-01,  4.3750000000000000E-01,1,  9.4162653602338398E-01,38,2,489,489,0,  8.7849908440253710E-01,  9.7799999999999998E-01,  9.7799999999999998E-01,  9.2558311691511774E-01,  9.3990731999999994E-02,  1.1553799999999999E-03,0
2932,  5.0000000000000000E-01,45,  6.2500000000000000E-01,  4.3750000000000000E-01,2,  9.4162653602338398E-01,38,2,489,489,0,  8.7849908440253710E-01,  9.7799999999999998E-01,  9.7799999999999998E-01,  9.2558311691511774E-01,  9.1426235999999994E-02,  1.0017860000000000E-03,0
2933,  5.0000000000000000E-01,45,  6.2500000000000000E-01,  4.3750000000000000E-01,3,  9.4162653602338398E-01,38,2,489,489,0,  8.7849908440253710E-01,  9.7799999999999998E-01,  9.7799999999999998E-01,  9.2558311691511774E-01,  9.2863599000000005E-02,  1.2498120000000001E-03,0
2934,  5.0000000000000000E-01,45,  6.2500000000000000E-01,  4.3750000000000000E-01,4,  9.4162653602338398E-01,38,2,489,489,0,  8.7849908440253710E-01,  9.7799999999999998E-01,  9.7799999999999998E-01,  9.2558311691511774E-01,  9.2824326999999998E-02,  1.0051859999999999E-03,0
2935,  5.0000000000000000E-01,45,  6.2500000000000000E-01,  4.3750000000000000E-01,5,  9.4162653602338398E-01,38,2,489,489,0,  8.7849908440253710E-01,  9.7799999999999998E-01,  9.7799999999999998E-01,  9.2558311691511774E-01,  9.0368536999999999E-02,  9.9276000000000008E-04,0
2936,  5.0000000000000000E-01,45,  6.2500000000000000E-01,  6.2500000000000000E-01,1,  9.4162653602338398E-01,38,2,489,489,0,  8.7849908440253710E-01,  9.7799999999999998E-01,  9.7799999999999998E-01,  9.2558311691511774E-01,  9.2476689000000001E-02,  1.0030149999999999E-03,0
2937,  5.0000000000000000E-01,45,  6.2500000000000000E-01,  6.2500000000000000E-01,2,  9.4162653602338398E-01,38,2,489,489,0,  8.7849908440253710E-01,  9.7799999999999998E-01,  9.7799999999999998E-01,  9.2558311691511774E-01,  9.4020693000000002E-02,  1.0040439999999999E-03,0
2938,  5.0000000000000000E-01,45,  6.2500000000000000E-01,  6.2500000000000000E-01,3,  9.4162653602338398E-01,38,2,489,489,0,  8.7849908440253710E-01,  9.7799999999999998E-01,  9.7799999999999998E-01,  9.2558311691511774E-01,  9.2250562999999994E-02,  1.0846450000000000E-03,0
2939,  5.0000000000000000E-01,45,  6.2500000000000000E-01,  6.2500000000000000E-01,4,  9.4162653602338398E-01,38,2,489,489,0,  8.7849908440253710E-01,  9.7799999999999998E-01,  9.7799999999999998E-01,  9.2558311691511774E-01,  9.3137340999999998E-02,  9.9968299999999991E-04,0
2940,  5.0000000000000000E-01,45,  6.2500000000000000E-01,  6.2500000000000000E-01,5,  9.4162653602338398E-01,38,2,489,489,0,  8.7849908440253710E-01,  9.7799999999999998E-01,  9.7799999999999998E-01,  9.2558311691511774E-01,  9.2487785000000003E-02,  1.3457549999999999E-03,0
2941,  5.0000000000000000E-01,45,  6.2500000000000000E-01,  8.1250000000000000E-01,1,  9.4162653602338398E-01,38,2,489,489,0,  8.7849908440253710E-01,  9.7799999999999998E-01,  9.7799999999999998E-01,  9.2558311691511774E-01,  9.2389266999999997E-02,  1.1106470000000000E-03,0
2942,  5.0000000000000000E-01,45,  6.2500000000000000E-01,  8.1250000000000000E-01,2,  9.4162653602338398E-01,38,2,489,489,0,  8.7849908440253710E-01,  9.7799999999999998E-01,  9.7799999999999998E-01,  9.2558311691511774E-01,  9.4111649000000006E-02,  1.0434050000000001E-03,0
2943,  5.0000000000000000E-01,45,  6.2500000000000000E-01,  8.1250000000000000E-01,3,  9.4162653602338398E-01,38,2,489,489,0,  8.7849908440253710E-01,  9.7799999999999998E-01,  9.7799999999999998E-01,  9.2558311691511774E-01,  9.0469261999999995E-02,  1.0911460000000001E-03,0
2944,  5.0000000000000000E-01,45,  6.2500000000000000E-01,  8.1250000000000000E-01,4,  9.4162653602338398E-01,38,2,489,489,0,  8.7849908440253710E-01,  9.7799999999999998E-01,  9.7799999999999998E-01,  9.2558311691511774E-01,  9.3787327000000004E-02,  1.0202350000000000E-03,0
2945,  5.0000000000000000E-01,45,  6.2500000000000000E-01,  8.1250000000000000E-01,5,  9.4162653602338398E-01,38,2,489,489,0,  8.7849908440253710E-01,  9.7799999999999998E-01,  9.7799999999999998E-01,  9.2558311691511774E-01,  9.1985609999999995E-02,  1.0871139999999999E-03,0
2946,  5.0000000000000000E-01,45,  6.2500000000000000E-01,  1.0000000000000000E+00,1,  9.4162653602338398E-01,38,2,489,489,0,  8.7849908440253710E-01,  9.7799999999999998E-01,  9.7799999999999998E-01,  9.2558311691511774E-01,  9.1895635000000003E-02,  1.1638650000000000E-03,0
2947,  5.0000000000000000E-01,45,  6.2500000000000000E-01,  1.0000000000000000E+00,2,  9.4162653602338398E-01,38,2,489,489,0,  8.7849908440253710E-01,  9.7799999999999998E-01,  9.7799999999999998E-01,  9.2558311691511774E-01,  9.1991499000000004E-02,  1.0097600000000000E-03,0
2948,  5.0000000000000000E-01,45,  6.2500000000000000E-01,  1.0000000000000000E+00,3,  9.4162653602338398E-01,38,2,489,489,0,  8.7849908440253710E-01,  9.7799999999999998E-01,  9.7799999999999998E-01,  9.2558311691511774E-01,  9.3848430999999996E-02,  1.0107569999999999E-03,0
2949,  5.0000000000000000E-01,45,  6.2500000000000000E-01,  1.0000000000000000E+00,4,  9.4162653602338398E-01,38,2,489,489,0,  8.7849908440253710E-01,  9.7799999999999998E-01,  9.7799999999999998E-01,  9.2558311691511774E-01,  9.2612436000000006E-02,  1.0121559999999999E-03,0
2950,  5.0000000000000000E-01,45,  6.2500000000000000E-01,  1.0000000000000000E+00,5,  9.4162653602338398E-01,38,2,489,489,0,  8.7849908440253710E-01,  9.7799999999999998E-01,  9.7799999999999998E-01,  9.2558311691511774E-01,  9.2749494000000002E-02,  1.0761750000000000E-03,0
2951,  5.0000000000000000E-01,45,  8.1250000000000000E-01,  2.5000000000000000E-01,1,  9.4162653602338398E-01,38,1,500,500,0,  1.0000000000000000E+00,  1.0000000000000000E+00,  1.0000000000000000E+00,  1.0000000000000000E+00,  8.9870143999999999E-02,  1.0354720000000000E-03,0
2952,  5.0000000000000000E-01,45,  8.1250000000000000E-01,  2.5000000000000000E-01,2,  9.4162653602338398E-01,38,1,500,500,0,  1.0000000000000000E+00,  1.0000000000000000E+00,  1.0000000000000000E+00,  1.0000000000000000E+00,  1.0051719800000000E-01,  1.3162470000000000E-03,0
2953,  5.0000000000000000E-01,45,  8.1250000000000000E-01,  2.5000000000000000E-01,3,  9.4162653602338398E-01,38,1,500,500,0,  1.0000000000000000E+00,  1.0000000000000000E+00,  1.0000000000000000E+00,  1.0000000000000000E+00,  9.1869279999999998E-02,  1.0260770000000000E-03,0
2954,  5.0000000000000000E-01,45,  8.1250000000000000E-01,  2.5000000000000000E-01,4,  9.4162653602338398E-01,38,1,500,500,0,  1.0000000000000000E+00,  1.0000000000000000E+00,  1.0000000000000000E+00,  1.0000000000000000E+00,  8.8675245000000000E-02,  1.3419800000000000E-03,0
2955,  5.0000000000000000E-01,45,  8.1250000000000000E-01,  2.5000000000000000E-01,5,  9.4162653602338398E-01,38,1,500,500,0,  1.0000000000000000E+00,  1.0000000000000000E+00,  1.0000000000000000E+00,  1.0000000000000000E+00,  9.4995075999999998E-02,  1.0192660000000000E-03,0
2956,  5.0000000000000000E-01,45,  8.1250000000000000E-01,  4.3750000000000000E-01,1,  9.4162653602338398E-01,38,1,500,500,0,  1.0000000000000000E+00,  1.0000000000000000E+00,  1.0000000000000000E+00,  1.0000000000000000E+00,  1.0806510499999999E-01,  1.2035880000000000E-03,0
2957,  5.0000000000000000E-01,45,  8.1250000000000000E-01,  4.3750000000000000E-01,2,  9.4162653602338398E-01,38,1,500,500,0,  1.0000000000000000E+00,  1.0000000000000000E+00,  1.0000000000000000E+00,  1.0000000000000000E+00,  9.7693236000000003E-02,  1.1567100000000000E-03,0
2958,  5.0000000000000000E-01,45,  8.1250000000000000E-01,  4.3750000000000000E-01,3,  9.4162653602338398E-01,38,1,500,500,0,  1.0000000000000000E+00,  1.0000000000000000E+00,  1.0000000000000000E+00,  1.0000000000000000E+00,  9.1944316999999998E-02,  1.0466049999999999E-03,0
2959,  5.0000000000000000E-01,45,  8.1250000000000000E-01,  4.3750000000000000E-01,4,  9.4162653602338398E-01,38,1,500,500,0,  1.0000000000000000E+00,  1.0000000000000000E+00,  1.0000000000000000E+00,  1.0000000000000000E+00,  9.4885155999999998E-02,  1.0524280000000000E-03,0
2960,  5.0000000000000000E-01,45,  8.1250000000000000E-01,  4.3750000000000000E-01,5,  9.4162653602338398E-01,38,1,500,500,0,  1.0000000000000000E+00,  1.0000000000000000E+00,  1.0000000000000000E+00,  1.0000000000000000E+00,  9.1772033000000003E-02,  1.0539770000000000E-03,0
2961,  5.0000000000000000E-01,45,  8.1250000000000000E-01,  6.2500000000000000E-01,1,  9.4162653602338398E-01,38,1,500,500,0,  1.0000000000000000E+00,  1.0000000000000000E+00,  1.0000000000000000E+00,  1.0000000000000000E+00,  9.0663484000000003E-02,  1.2782720000000000E-03,0
2962,  5.0000000000000000E-01,45,  8.1250000000000000E-01,  6.2500000000000000E-01,2,  9.4162653602338398E-01,38,1,500,500,0,  1.0000000000000000E+00,  1.0000000000000000E+00,  1.0000000000000000E+00,  1.0000000000000000E+00,  9.3582794999999996E-02,  1.0488979999999999E-03,0
2963,  5.0000000000000000E-01,45,  8.1250000000000000E-01,  6.2500000000000000E-01,3,  9.4162653602338398E-01,38,1,500,500,0,  1.0000000000000000E+00,  1.0000000000000000E+00,  1.0000000000000000E+00,  1.0000000000000000E+00,  1.0044531600000001E-01,  1.2626560000000000E-03,0
2964,  5.0000000000000000E-01,45,  8.1250000000000000E-01,  6.2500000000000000E-01,4,  9.4162653602338398E-01,38,1,500,500,0,  1.0000000000000000E+00,  1.0000000000000000E+00,  1.0000000000000000E+00,  1.0000000000000000E+00,  9.8988197999999999E-02,  1.0881860000000001E-03,0
2965,  5.0000000000000000E-01,45,  8.1250000000000000E-01,  6.2500000000000000E-01,5,  9.4162653602338398E-01,38,1,500,500,0,  1.0000000000000000E+00,  1.0000000000000000E+00,  1.0000000000000000E+00,  1.0000000000000000E+00,  9.2171563999999997E-02,  1.1159900000000001E-03,0
2966,  5.0000000000000000E-01,45,  8.1250000000000000E-01,  8.1250000000000000E-01,1,  9.4162653602338398E-01,38,1,500,500,0,  1.0000000000000000E+00,  1.0000000000000000E+00,  1.0000000000000000E+00,  1.0000000000000000E+00,  9.3140299999999995E-02,  1.0357000000000001E-03,0
2967,  5.0000000000000000E-01,45,  8.1250000000000000E-01,  8.1250000000000000E-01,2,  9.4162653602338398E-01,38,1,500,500,0,  1.0000000000000000E+00,  1.0000000000000000E+00,  1.0000000000000000E+00,  1.0000000000000000E+00,  9.0246780999999998E-02,  1.0308130000000000E-03,0
2968,  5.0000000000000000E-01,45,  8.1250000000000000E-01,  8.1250000000000000E-01,3,  9.4162653602338398E-01,38,1,500,500,0,  1.0000000000000000E+00,  1.0000000000000000E+00,  1.0000000000000000E+00,  1.0000000000000000E+00,  9.5197104000000005E-02,  1.0618830000000000E-03,0
2969,  5.0000000000000000E-01,45,  8.1250000000000000E-01,  8.1250000000000000E-01,4,  9.4162653602338398E-01,38,1,500,500,0,  1.0000000000000000E+00,  1.0000000000000000E+00,  1.0000000000000000E+00,  1.0000000000000000E+00,  9.3035106000000006E-02,  1.0790380000000000E-03,0
2970,  5.0000000000000000E-01,45,  8.1250000000000000E-01,  8.1250000000000000E-01,5,  9.4162653602338398E-01,38,1,500,500,0,  1.0000000000000000E+00,  1.0000000000000000E+00,  1.0000000000000000E+00,  1.0000000000000000E+00,  9.1685712000000003E-02,  1.0546209999999999E-03,0
2971,  5.0000000000000000E-01,45,  8.1250000000000000E-01,  1.0000000000000000E+00,1,  9.4162653602338398E-01,38,1,500,500,0,  1.0000000000000000E+00,  1.0000000000000000E+00,  1.0000000000000000E+00,  1.0000000000000000E+00,  9.0995504000000005E-02,  1.0237020000000000E-03,0
2972,  5.0000000000000000E-01,45,  8.1250000000000000E-01,  1.0000000000000000E+00,2,  9.4162653602338398E-01,38,1,500,500,0,  1.0000000000000000E+00,  1.0000000000000000E+00,  1.0000000000000000E+00,  1.0000000000000000E+00,  8.9217768000000003E-02,  1.0371989999999999E-03,0
2973,  5.0000000000000000E-01,45,  8.1250000000000000E-01,  1.0000000000000000E+00,3,  9.4162653602338398E-01,38,1,500,500,0,  1.0000000000000000E+00,  1.0000000000000000E+00,  1.0000000000000000E+00,  1.0000000000000000E+00,  9.0117351999999998E-02,  1.0294589999999999E-03,0
2974,  5.0000000000000000E-01,45,  8.1250000000000000E-01,  1.0000000000000000E+00,4,  9.4162653602338398E-01,38,1,500,500,0,  1.0000000000000000E+00,  1.0000000000000000E+00,  1.0000000000000000E+00,  1.0000000000000000E+00,  9.8702834000000003E-02,  1.0403420000000001E-03,0
2975,  5.0000000000000000E-01,45,  8.1250000000000000E-01,  1.0000000000000000E+00,5,  9.4162653602338398E-01,38,1,500,500,0,  1.0000000000000000E+00,  1.0000000000000000E+00,  1.0000000000000000E+00,  1.0000000000000000E+00,  8.9914733999999996E-02,  1.0296880000000000E-03,0
2976,  5.0000000000000000E-01,45,  1.0000000000000000E+00,  2.5000000000000000E-01,1,  9.4162653602338398E-01,38,1,500,500,0,  1.0000000000000000E+00,  1.0000000000000000E+00,  1.0000000000000000E+00,  1.0000000000000000E+00,  9.2852559000000001E-02,  1.0176120000000000E-03,0
2977,  5.0000000000000000E-01,45,  1.0000000000000000E+00,  2.5000000000000000E-01,2,  9.4162653602338398E-01,38,1,500,500,0,  1.0000000000000000E+00,  1.0000000000000000E+00,  1.0000000000000000E+00,  1.0000000000000000E+00,  9.1084912000000004E-02,  1.0150500000000000E-03,0
2978,  5.0000000000000000E-01,45,  1.0000000000000000E+00,  2.5000000000000000E-01,3,  9.4162653602338398E-01,38,1,500,500,0,  1.0000000000000000E+00,  1.0000000000000000E+00,  1.0000000000000000E+00,  1.0000000000000000E+00,  9.1207495999999999E-02,  1.0769309999999999E-03,0
2979,  5.0000000000000000E-01,45,  1.0000000000000000E+00,  2.5000000000000000E-01,4,  9.4162653602338398E-01,38,1,500,500,0,  1.0000000000000000E+00,  1.0000000000000000E+00,  1.0000000000000000E+00,  1.0000000000000000E+00,  9.7015145999999997E-02,  1.6244980000000000E-03,0
2980,  5.0000000000000000E-01,45,  1.0000000000000000E+00,  2.5000000000000000E-01,5,  9.4162653602338398E-01,38,1,500,500,0,  1.0000000000000000E+00,  1.0000000000000000E+00,  1.0000000000000000E+00,  1.0000000000000000E+00,  9.7825496999999997E-02,  1.0773009999999999E-03,0
2981,  5.0000000000000000E-01,45,  1.0000000000000000E+00,  4.3750000000000000E-01,1,  9.4162653602338398E-01,38,1,500,500,0,  1.0000000000000000E+00,  1.0000000000000000E+00,  1.0000000000000000E+00,  1.0000000000000000E+00,  9.5279909999999995E-02,  1.1129210000000000E-03,0
2982,  5.0000000000000000E-01,45,  1.0000000000000000E+00,  4.3750000000000000E-01,2,  9.4162653602338398E-01,38,1,500,500,0,  1.0000000000000000E+00,  1.0000000000000000E+00,  1.0000000000000000E+00,  1.0000000000000000E+00,  9.5597504999999999E-02,  1.0336340000000001E-03,0
2983,  5.0000000000000000E-01,45,  1.0000000000000000E+00,  4.3750000000000000E-01,3,  9.4162653602338398E-01,38,1,500,500,0,  1.0000000000000000E+00,  1.0000000000000000E+00,  1.0000000000000000E+00,  1.0000000000000000E+00,  9.1415757000000000E-02,  1.0427749999999999E-03,0
2984,  5.0000000000000000E-01,45,  1.0000000000000000E+00,  4.3750000000000000E-01,4,  9.4162653602338398E-01,38,1,500,500,0,  1.0000000000000000E+00,  1.0000000000000000E+00,  1.0000000000000000E+00,  1.0000000000000000E+00,  9.3687064000000000E-02,  1.1571290000000000E-03,0
2985,  5.0000000000000000E-01,45,  1.0000000000000000E+00,  4.3750000000000000E-01,5,  9.4162653602338398E-01,38,1,500,500,0,  1.0000000000000000E+00,  1.0000000000000000E+00,  1.0000000000000000E+00,  1.0000000000000000E+00,  9.1238557999999997E-02,  1.0363650000000000E-03,0
2986,  5.0000000000000000E-01,45,  1.0000000000000000E+00,  6.2500000000000000E-01,1,  9.4162653602338398E-01,38,1,500,500,0,  1.0000000000000000E+00,  1.0000000000000000E+00,  1.0000000000000000E+00,  1.0000000000000000E+00,  9.0449678000000006E-02,  1.1959099999999999E-03,0
2987,  5.0000000000000000E-01,45,  1.0000000000000000E+00,  6.2500000000000000E-01,2,  9.4162653602338398E-01,38,1,500,500,0,  1.0000000000000000E+00,  1.0000000000000000E+00,  1.0000000000000000E+00,  1.0000000000000000E+00,  9.2622033000000006E-02,  1.0165599999999999E-03,0
2988,  5.0000000000000000E-01,45,  1.0000000000000000E+00,  6.2500000000000000E-01,3,  9.4162653602338398E-01,38,1,500,500,0,  1.0000000000000000E+00,  1.0000000000000000E+00,  1.0000000000000000E+00,  1.0000000000000000E+00,  9.1050187000000005E-02,  1.4533260000000000E-03,0
2989,  5.0000000000000000E-01,45,  1.0000000000000000E+00,  6.2500000000000000E-01,4,  9.4162653602338398E-01,38,1,500,500,0,  1.0000000000000000E+00,  1.0000000000000000E+00,  1.0000000000000000E+00,  1.0000000000000000E+00,  9.2675256999999997E-02,  1.0201620000000000E-03,0
2990,  5.0000000000000000E-01,45,  1.0000000000000000E+00,  6.2500000000000000E-01,5,  9.4162653602338398E-01,38,1,500,500,0,  1.0000000000000000E+00,  1.0000000000000000E+00,  1.0000000000000000E+00,  1.0000000000000000E+00,  9.1731605999999993E-02,  1.0955340000000000E-03,0
2991,  5.0000000000000000E-01,45,  1.0000000000000000E+00,  8.1250000000000000E-01,1,  9.4162653602338398E-01,38,1,500,500,0,  1.0000000000000000E+00,  1.0000000000000000E+00,  1.0000000000000000E+00,  1.0000000000000000E+00,  9.1850184000000001E-02,  1.0148189999999999E-03,0
2992,  5.0000000000000000E-01,45,  1.0000000000000000E+00,  8.1250000000000000E-01,2,  9.4162653602338398E-01,38,1,500,500,0,  1.0000000000000000E+00,  1.0000000000000000E+00,  1.0000000000000000E+00,  1.0000000000000000E+00,  9.3167740999999998E-02,  1.0925740000000000E-03,0
2993,  5.0000000000000000E-01,45,  1.0000000000000000E+00,  8.1250000000000000E-01,3,  9.4162653602338398E-01,38,1,500,500,0,  1.0000000000000000E+00,  1.0000000000000000E+00,  1.0000000000000000E+00,  1.0000000000000000E+00,  9.2422540999999997E-02,  1.0504310000000001E-03,0
2994,  5.0000000000000000E-01,45,  1.0000000000000000E+00,  8.1250000000000000E-01,4,  9.4162653602338398E-01,38,1,500,500,0,  1.0000000000000000E+00,  1.0000000000000000E+00,  1.0000000000000000E+00,  1.0000000000000000E+00,  9.1400582999999994E-02,  1.0723160000000000E-03,0
2995,  5.0000000000000000E-01,45,  1.0000000000000000E+00,  8.1250000000000000E-01,5,  9.4162653602338398E-01,38,1,500,500,0,  1.0000000000000000E+00,  1.0000000000000000E+00,  1.0000000000000000E+00,  1.0000000000000000E+00,  9.2466547999999996E-02,  1.0488139999999999E-03,0
2996,  5.0000000000000000E-01,45,  1.0000000000000000E+00,  1.0000000000000000E+00,1,  9.4162653602338398E-01,38,1,500,500,0,  1.0000000000000000E+00,  1.0000000000000000E+00,  1.0000000000000000E+00,  1.0000000000000000E+00,  9.1749689999999995E-02,  1.0222320000000001E-03,0
2997,  5.0000000000000000E-01,45,  1.0000000000000000E+00,  1.0000000000000000E+00,2,  9.4162653602338398E-01,38,1,500,500,0,  1.0000000000000000E+00,  1.0000000000000000E+00,  1.0000000000000000E+00,  1.0000000000000000E+00,  9.1053493999999999E-02,  1.0382569999999999E-03,0
2998,  5.0000000000000000E-01,45,  1.0000000000000000E+00,  1.0000000000000000E+00,3,  9.4162653602338398E-01,38,1,500,500,0,  1.0000000000000000E+00,  1.0000000000000000E+00,  1.0000000000000000E+00,  1.0000000000000000E+00,  9.0907292000000001E-02,  1.0496550000000000E-03,0
2999,  5.0000000000000000E-01,45,  1.0000000000000000E+00,  1.0000000000000000E+00,4,  9.4162653602338398E-01,38,1,500,500,0,  1.0000000000000000E+00,  1.0000000000000000E+00,  1.0000000000000000E+00,  1.0000000000000000E+00,  9.0807263999999999E-02,  1.0250840000000001E-03,0
3000,  5.0000000000000000E-01,45,  1.0000000000000000E+00,  1.0000000000000000E+00,5,  9.4162653602338398E-01,38,1,500,500,0,  1.0000000000000000E+00,  1.0000000000000000E+00,  1.0000000000000000E+00,  1.0000000000000000E+00,  9.2226285000000005E-02,  1.0248420000000000E-03,0
3001,  5.0000000000000000E-01,55,  2.5000000000000000E-01,  2.5000000000000000E-01,1,  9.4162653602338398E-01,36,3,464,464,0,  7.4113848680225136E-01,  9.2800000000000005E-01,  9.2800000000000005E-01,  8.2410958849812033E-01,  4.4190768999999998E-02,  9.8911300000000001E-04,0
3002,  5.0000000000000000E-01,55,  2.5000000000000000E-01,  2.5000000000000000E-01,2,  9.4162653602338398E-01,36,4,465,464,1,  5.6536856312340833E-01,  9.3000000000000005E-01,  9.2800000000000005E-01,  7.0322832333259055E-01,  4.4892636999999999E-02,  9.8557900000000010E-04,0
3003,  5.0000000000000000E-01,55,  2.5000000000000000E-01,  2.5000000000000000E-01,3,  9.4162653602338398E-01,36,4,465,464,1,  5.6536856312340833E-01,  9.3000000000000005E-01,  9.2800000000000005E-01,  7.0322832333259055E-01,  4.4429839999999998E-02,  9.8930999999999997E-04,0
3004,  5.0000000000000000E-01,55,  2.5000000000000000E-01,  2.5000000000000000E-01,4,  9.4162653602338398E-01,36,4,465,464,1,  5.6536856312340833E-01,  9.3000000000000005E-01,  9.2800000000000005E-01,  7.0322832333259055E-01,  4.4458051999999998E-02,  9.9231300000000009E-04,0
3005,  5.0000000000000000E-01,55,  2.5000000000000000E-01,  2.5000000000000000E-01,5,  9.4162653602338398E-01,36,4,465,464,1,  5.6536856312340833E-01,  9.3000000000000005E-01,  9.2800000000000005E-01,  7.0322832333259055E-01,  4.4852191999999999E-02,  1.1597220000000000E-03,0
3006,  5.0000000000000000E-01,55,  2.5000000000000000E-01,  4.3750000000000000E-01,1,  9.4162653602338398E-01,36,3,464,464,0,  7.4113848680225136E-01,  9.2800000000000005E-01,  9.2800000000000005E-01,  8.2410958849812033E-01,  4.5303876000000000E-02,  9.7322200000000004E-04,0
3007,  5.0000000000000000E-01,55,  2.5000000000000000E-01,  4.3750000000000000E-01,2,  9.4162653602338398E-01,36,4,465,464,1,  5.6536856312340833E-01,  9.3000000000000005E-01,  9.2800000000000005E-01,  7.0322832333259055E-01,  4.5222804999999998E-02,  9.7650400000000000E-04,0
3008,  5.0000000000000000E-01,55,  2.5000000000000000E-01,  4.3750000000000000E-01,3,  9.4162653602338398E-01,36,4,465,464,1,  5.6536856312340833E-01,  9.3000000000000005E-01,  9.2800000000000005E-01,  7.0322832333259055E-01,  4.5164430999999998E-02,  1.5157490000000000E-03,0
3009,  5.0000000000000000E-01,55,  2.5000000000000000E-01,  4.3750000000000000E-01,4,  9.4162653602338398E-01,36,4,465,464,1,  5.6536856312340833E-01,  9.3000000000000005E-01,  9.2800000000000005E-01,  7.0322832333259055E-01,  4.4000643999999998E-02,  9.7280499999999998E-04,0
3010,  5.0000000000000000E-01,55,  2.5000000000000000E-01,  4.3750000000000000E-01,5,  9.4162653602338398E-01,36,4,465,464,1,  5.6536856312340833E-01,  9.3000000000000005E-01,  9.2800000000000005E-01,  7.0322832333259055E-01,  4.4454594000000000E-02,  1.3270500000000000E-03,0
3011,  5.0000000000000000E-01,55,  2.5000000000000000E-01,  6.2500000000000000E-01,1,  9.4162653602338398E-01,36,3,464,464,0,  7.4113848680225136E-01,  9.2800000000000005E-01,  9.2800000000000005E-01,  8.2410958849812033E-01,  4.6879334000000002E-02,  9.8621300000000011E-04,0
3012,  5.0000000000000000E-01,55,  2.5000000000000000E-01,  6.2500000000000000E-01,2,  9.4162653602338398E-01,36,4,465,464,1,  5.6536856312340833E-01,  9.3000000000000005E-01,  9.2800000000000005E-01,  7.0322832333259055E-01,  4.3633026999999998E-02,  1.1856449999999999E-03,0
3013,  5.0000000000000000E-01,55,  2.5000000000000000E-01,  6.2500000000000000E-01,3,  9.4162653602338398E-01,36,4,465,464,1,  5.6536856312340833E-01,  9.3000000000000005E-01,  9.2800000000000005E-01,  7.0322832333259055E-01,  4.3438545000000002E-02,  9.7692000000000005E-04,0
3014,  5.0000000000000000E-01,55,  2.5000000000000000E-01,  6.2500000000000000E-01,4,  9.4162653602338398E-01,36,4,465,464,1,  5.6536856312340833E-01,  9.3000000000000005E-01,  9.2800000000000005E-01,  7.0322832333259055E-01,  4.5239610999999999E-02,  9.9059499999999993E-04,0
3015,  5.0000000000000000E-01,55,  2.5000000000000000E-01,  6.2500000000000000E-01,5,  9.4162653602338398E-01,36,4,465,464,1,  5.6536856312340833E-01,  9.3000000000000005E-01,  9.2800000000000005E-01,  7.0322832333259055E-01,  4.5105210999999999E-02,  1.0383590000000000E-03,0
3016,  5.0000000000000000E-01,55,  2.5000000000000000E-01,  8.1250000000000000E-01,1,  9.4162653602338398E-01,36,3,464,464,0,  7.4113848680225136E-01,  9.2800000000000005E-01,  9.2800000000000005E-01,  8.2410958849812033E-01,  4.4827937999999998E-02,  9.8321299999999993E-04,0
3017,  5.0000000000000000E-01,55,  2.5000000000000000E-01,  8.1250000000000000E-01,2,  9.4162653602338398E-01,36,4,465,464,1,  5.6536856312340833E-01,  9.3000000000000005E-01,  9.2800000000000005E-01,  7.0322832333259055E-01,  4.5954066000000002E-02,  1.5518489999999999E-03,0
3018,  5.0000000000000000E-01,55,  2.5000000000000000E-01,  8.1250000000000000E-01,3,  9.4162653602338398E-01,36,4,465,464,1,  5.6536856312340833E-01,  9.3000000000000005E-01,  9.2800000000000005E-01,  7.0322832333259055E-01,  4.3891892000000002E-02,  9.5890199999999997E-04,0
3019,  5.0000000000000000E-01,55,  2.5000000000000000E-01,  8.1250000000000000E-01,4,  9.4162653602338398E-01,36,4,465,464,1,  5.6536856312340833E-01,  9.3000000000000005E-01,  9.2800000000000005E-01,  7.0322832333259055E-01,  4.4851990000000001E-02,  9.6862599999999999E-04,0
3020,  5.0000000000000000E-01,55,  2.5000000000000000E-01,  8.1250000000000000E-01,5,  9.4162653602338398E-01,36,4,465,464,1,  5.6536856312340833E-01,  9.3000000000000005E-01,  9.2800000000000005E-01,  7.0322832333259055E-01,  4.3576670999999997E-02,  1.0226250000000001E-03,0
3021,  5.0000000000000000E-01,55,  2.5000000000000000E-01,  1.0000000000000000E+00,1,  9.4162653602338398E-01,36,3,464,464,0,  7.4113848680225136E-01,  9.2800000000000005E-01,  9.2800000000000005E-01,  8.2410958849812033E-01,  4.5020085000000001E-02,  9.5821899999999995E-04,0
3022,  5.0000000000000000E-01,55,  2.5000000000000000E-01,  1.0000000000000000E+00,2,  9.4162653602338398E-01,36,4,465,464,1,  5.6536856312340833E-01,  9.3000000000000005E-01,  9.2800000000000005E-01,  7.0322832333259055E-01,  4.5417553999999999E-02,  9.7548600000000002E-04,0
3023,  5.0000000000000000E-01,55,  2.5000000000000000E-01,  1.0000000000000000E+00,3,  9.4162653602338398E-01,36,4,465,464,1,  5.6536856312340833E-01,  9.3000000000000005E-01,  9.2800000000000005E-01,  7.0322832333259055E-01,  4.3372152999999997E-02,  9.9848699999999994E-04,0
3024,  5.0000000000000000E-01,55,  2.5000000000000000E-01,  1.0000000000000000E+00,4,  9.4162653602338398E-01,36,4,465,464,1,  5.6536856312340833E-01,  9.3000000000000005E-01,  9.2800000000000005E-01,  7.0322832333259055E-01,  4.3927744999999997E-02,  9.7091699999999996E-04,0
3025,  5.0000000000000000E-01,55,  2.5000000000000000E-01,  1.0000000000000000E+00,5,  9.4162653602338398E-01,36,4,465,464,1,  5.6536856312340833E-01,  9.3000000000000005E-01,  9.2800000000000005E-01,  7.0322832333259055E-01,  4.9553760000000002E-02,  9.9203899999999990E-04,0
3026,  5.0000000000000000E-01,55,  4.3750000000000000E-01,  2.5000000000000000E-01,1,  9.4162653602338398E-01,36,3,493,493,0,  7.7642446603036397E-01,  9.8599999999999999E-01,  9.8599999999999999E-01,  8.6875158426534183E-01,  6.4638579000000002E-02,  1.0860580000000000E-03,0
3027,  5.0000000000000000E-01,55,  4.3750000000000000E-01,  2.5000000000000000E-01,2,  9.4162653602338398E-01,36,3,493,493,0,  7.7642446603036397E-01,  9.8599999999999999E-01,  9.8599999999999999E-01,  8.6875158426534183E-01,  6.7632333000000003E-02,  1.0031829999999999E-03,0
3028,  5.0000000000000000E-01,55,  4.3750000000000000E-01,  2.5000000000000000E-01,3,  9.4162653602338398E-01,36,3,493,493,0,  7.7642446603036397E-01,  9.8599999999999999E-01,  9.8599999999999999E-01,  8.6875158426534183E-01,  6.8217917000000003E-02,  1.0401670000000000E-03,0
3029,  5.0000000000000000E-01,55,  4.3750000000000000E-01,  2.5000000000000000E-01,4,  9.4162653602338398E-01,36,3,493,493,0,  7.7642446603036397E-01,  9.8599999999999999E-01,  9.8599999999999999E-01,  8.6875158426534183E-01,  6.9866434000000005E-02,  1.2243210000000000E-03,0
3030,  5.0000000000000000E-01,55,  4.3750000000000000E-01,  2.5000000000000000E-01,5,  9.4162653602338398E-01,36,3,493,493,0,  7.7642446603036397E-01,  9.8599999999999999E-01,  9.8599999999999999E-01,  8.6875158426534183E-01,  6.6093069000000004E-02,  1.0184129999999999E-03,0
3031,  5.0000000000000000E-01,55,  4.3750000000000000E-01,  4.3750000000000000E-01,1,  9.4162653602338398E-01,36,3,493,493,0,  7.7642446603036397E-01,  9.8599999999999999E-01,  9.8599999999999999E-01,  8.6875158426534183E-01,  6.7064568000000005E-02,  1.0033360000000001E-03,0
3032,  5.0000000000000000E-01,55,  4.3750000000000000E-01,  4.3750000000000000E-01,2,  9.4162653602338398E-01,36,3,493,493,0,  7.7642446603036397E-01,  9.8599999999999999E-01,  9.8599999999999999E-01,  8.6875158426534183E-01,  6.4652179000000004E-02,  1.0587719999999999E-03,0
3033,  5.0000000000000000E-01,55,  4.3750000000000000E-01,  4.3750000000000000E-01,3,  9.4162653602338398E-01,36,3,493,493,0,  7.7642446603036397E-01,  9.8599999999999999E-01,  9.8599999999999999E-01,  8.6875158426534183E-01,  6.5252657000000006E-02,  1.0090260000000001E-03,0
3034,  5.0000000000000000E-01,55,  4.3750000000000000E-01,  4.3750000000000000E-01,4,  9.4162653602338398E-01,36,3,493,493,0,  7.7642446603036397E-01,  9.8599999999999999E-01,  9.8599999999999999E-01,  8.6875158426534183E-01,  6.6625491999999994E-02,  1.0370500000000001E-03,0
3035,  5.0000000000000000E-01,55,  4.3750000000000000E-01,  4.3750000000000000E-01,5,  9.4162653602338398E-01,36,3,493,493,0,  7.7642446603036397E-01,  9.8599999999999999E-01,  9.8599999999999999E-01,  8.6875158426534183E-01,  6.6754971999999996E-02,  1.0033880000000000E-03,0
3036,  5.0000000000000000E-01,55,  4.3750000000000000E-01,  6.2500000000000000E-01,1,  9.4162653602338398E-01,36,3,493,493,0,  7.7642446603036397E-01,  9.8599999999999999E-01,  9.8599999999999999E-01,  8.6875158426534183E-01,  6.5856279000000004E-02,  1.0624630000000000E-03,0
3037,  5.0000000000000000E-01,55,  4.3750000000000000E-01,  6.2500000000000000E-01,2,  9.4162653602338398E-01,36,3,493,493,0,  7.7642446603036397E-01,  9.8599999999999999E-01,  9.8599999999999999E-01,  8.6875158426534183E-01,  6.6523401999999995E-02,  1.0235620000000000E-03,0
3038,  5.0000000000000000E-01,55,  4.3750000000000000E-01,  6.2500000000000000E-01,3,  9.4162653602338398E-01,36,3,493,493,0,  7.7642446603036397E-01,  9.8599999999999999E-01,  9.8599999999999999E-01,  8.6875158426534183E-01,  6.7134527999999999E-02,  1.0069870000000000E-03,0
3039,  5.0000000000000000E-01,55,  4.3750000000000000E-01,  6.2500000000000000E-01,4,  9.4162653602338398E-01,36,3,493,493,0,  7.7642446603036397E-01,  9.8599999999999999E-01,  9.8599999999999999E-01,  8.6875158426534183E-01,  6.5437333000000000E-02,  1.0193100000000001E-03,0
3040,  5.0000000000000000E-01,55,  4.3750000000000000E-01,  6.2500000000000000E-01,5,  9.4162653602338398E-01,36,3,493,493,0,  7.7642446603036397E-01,  9.8599999999999999E-01,  9.8599999999999999E-01,  8.6875158426534183E-01,  6.5368386000000001E-02,  1.0415390000000000E-03,0
3041,  5.0000000000000000E-01,55,  4.3750000000000000E-01,  8.1250000000000000E-01,1,  9.4162653602338398E-01,36,3,493,493,0,  7.7642446603036397E-01,  9.8599999999999999E-01,  9.8599999999999999E-01,  8.6875158426534183E-01,  6.5357392000000000E-02,  1.0683660000000001E-03,0
3042,  5.0000000000000000E-01,55,  4.3750000000000000E-01,  8.1250000000000000E-01,2,  9.4162653602338398E-01,36,3,493,493,0,  7.7642446603036397E-01,  9.8599999999999999E-01,  9.8599999999999999E-01,  8.6875158426534183E-01,  6.7823237999999994E-02,  1.2826540000000000E-03,0
3043,  5.0000000000000000E-01,55,  4.3750000000000000E-01,  8.1250000000000000E-01,3,  9.4162653602338398E-01,36,3,493,493,0,  7.7642446603036397E-01,  9.8599999999999999E-01,  9.8599999999999999E-01,  8.6875158426534183E-01,  6.7380140000000005E-02,  1.0349330000000000E-03,0
3044,  5.0000000000000000E-01,55,  4.3750000000000000E-01,  8.1250000000000000E-01,4,  9.4162653602338398E-01,36,3,493,493,0,  7.7642446603036397E-01,  9.8599999999999999E-01,  9.8599999999999999E-01,  8.6875158426534183E-01,  6.5866228999999998E-02,  1.0554760000000001E-03,0
3045,  5.0000000000000000E-01,55,  4.3750000000000000E-01,  8.1250000000000000E-01,5,  9.4162653602338398E-01,36,3,493,493,0,  7.7642446603036397E-01,  9.8599999999999999E-01,  9.8599999999999999E-01,  8.6875158426534183E-01,  6.4527209000000002E-02,  9.9803600000000011E-04,0
3046,  5.0000000000000000E-01,55,  4.3750000000000000E-01,  1.0000000000000000E+00,1,  9.4162653602338398E-01,36,3,493,493,0,  7.7642446603036397E-01,  9.8599999999999999E-01,  9.8599999999999999E-01,  8.6875158426534183E-01,  6.5787613999999994E-02,  1.0347110000000000E-03,0
3047,  5.0000000000000000E-01,55,  4.3750000000000000E-01,  1.0000000000000000E+00,2,  9.4162653602338398E-01,36,3,493,493,0,  7.7642446603036397E-01,  9.8599999999999999E-01,  9.8599999999999999E-01,  8.6875158426534183E-01,  6.7363988999999999E-02,  1.1997430000000001E-03,0
3048,  5.0000000000000000E-01,55,  4.3750000000000000E-01,  1.0000000000000000E+00,3,  9.4162653602338398E-01,36,3,493,493,0,  7.7642446603036397E-01,  9.8599999999999999E-01,  9.8599999999999999E-01,  8.6875158426534183E-01,  6.5608502999999999E-02,  1.0624680000000000E-03,0
3049,  5.0000000000000000E-01,55,  4.3750000000000000E-01,  1.0000000000000000E+00,4,  9.4162653602338398E-01,36,3,493,493,0,  7.7642446603036397E-01,  9.8599999999999999E-01,  9.8599999999999999E-01,  8.6875158426534183E-01,  6.6618858000000003E-02,  1.0292520000000000E-03,0
3050,  5.0000000000000000E-01,55,  4.3750000000000000E-01,  1.0000000000000000E+00,5,  9.4162653602338398E-01,36,3,493,493,0,  7.7642446603036397E-01,  9.8599999999999999E-01,  9.8599999999999999E-01,  8.6875158426534183E-01,  6.5887515999999993E-02,  1.1622700000000000E-03,0
3051,  5.0000000000000000E-01,55,  6.2500000000000000E-01,  2.5000000000000000E-01,1,  9.4162653602338398E-01,36,2,488,488,0,  8.7657455506161464E-01,  9.7599999999999998E-01,  9.7599999999999998E-01,  9.2361925559501334E-01,  8.8098341999999996E-02,  1.0085160000000001E-03,0
3052,  5.0000000000000000E-01,55,  6.2500000000000000E-01,  2.5000000000000000E-01,2,  9.4162653602338398E-01,36,2,488,488,0,  8.7657455506161464E-01,  9.7599999999999998E-01,  9.7599999999999998E-01,  9.2361925559501334E-01,  8.6666306999999998E-02,  1.0245390000000001E-03,0
3053,  5.0000000000000000E-01,55,  6.2500000000000000E-01,  2.5000000000000000E-01,3,  9.4162653602338398E-01,36,2,488,488,0,  8.7657455506161464E-01,  9.7599999999999998E-01,  9.7599999999999998E-01,  9.2361925559501334E-01,  8.6795670000000005E-02,  1.0012920000000000E-03,0
3054,  5.0000000000000000E-01,55,  6.2500000000000000E-01,  2.5000000000000000E-01,4,  9.4162653602338398E-01,36,2,488,488,0,  8.7657455506161464E-01,  9.7599999999999998E-01,  9.7599999999999998E-01,  9.2361925559501334E-01,  8.7793857000000003E-02,  9.7581000000000002E-04,0
3055,  5.0000000000000000E-01,55,  6.2500000000000000E-01,  2.5000000000000000E-01,5,  9.4162653602338398E-01,36,2,488,488,0,  8.7657455506161464E-01,  9.7599999999999998E-01,  9.7599999999999998E-01,  9.2361925559501334E-01,  8.9018497000000002E-02,  1.0435650000000000E-03,0
3056,  5.0000000000000000E-01,55,  6.2500000000000000E-01,  4.3750000000000000E-01,1,  9.4162653602338398E-01,36,2,488,488,0,  8.7657455506161464E-01,  9.7599999999999998E-01,  9.7599999999999998E-01,  9.2361925559501334E-01,  8.8797846999999999E-02,  1.0131840000000001E-03,0
3057,  5.0000000000000000E-01,55,  6.2500000000000000E-01,  4.3750000000000000E-01,2,  9.4162653602338398E-01,36,2,488,488,0,  8.7657455506161464E-01,  9.7599999999999998E-01,  9.7599999999999998E-01,  9.2361925559501334E-01,  8.8704069999999996E-02,  1.1253240000000000E-03,0
3058,  5.0000000000000000E-01,55,  6.2500000000000000E-01,  4.3750000000000000E-01,3,  9.4162653602338398E-01,36,2,488,488,0,  8.7657455506161464E-01,  9.7599999999999998E-01,  9.7599999999999998E-01,  9.2361925559501334E-01,  8.9916966000000001E-02,  1.0790050000000001E-03,0
3059,  5.0000000000000000E-01,55,  6.2500000000000000E-01,  4.3750000000000000E-01,4,  9.4162653602338398E-01,36,2,488,488,0,  8.7657455506161464E-01,  9.7599999999999998E-01,  9.7599999999999998E-01,  9.2361925559501334E-01,  8.6141329000000003E-02,  1.0075150000000001E-03,0
3060,  5.0000000000000000E-01,55,  6.2500000000000000E-01,  4.3750000000000000E-01,5,  9.4162653602338398E-01,36,2,488,488,0,  8.7657455506161464E-01,  9.7599999999999998E-01,  9.7599999999999998E-01,  9.2361925559501334E-01,  8.8395770999999998E-02,  1.0352610000000000E-03,0
3061,  5.0000000000000000E-01,55,  6.2500000000000000E-01,  6.2500000000000000E-01,1,  9.4162653602338398E-01,36,2,488,488,0,  8.7657455506161464E-01,  9.7599999999999998E-01,  9.7599999999999998E-01,  9.2361925559501334E-01,  8.6832451000000005E-02,  1.0349970000000000E-03,0
3062,  5.0000000000000000E-01,55,  6.2500000000000000E-01,  6.2500000000000000E-01,2,  9.4162653602338398E-01,36,2,488,488,0,  8.7657455506161464E-01,  9.7599999999999998E-01,  9.7599999999999998E-01,  9.2361925559501334E-01,  8.8512401000000004E-02,  1.0133280000000000E-03,0
3063,  5.0000000000000000E-01,55,  6.2500000000000000E-01,  6.2500000000000000E-01,3,  9.4162653602338398E-01,36,2,488,488,0,  8.7657455506161464E-01,  9.7599999999999998E-01,  9.7599999999999998E-01,  9.2361925559501334E-01,  8.9747815999999994E-02,  1.0462340000000001E-03,0
3064,  5.0000000000000000E-01,55,  6.2500000000000000E-01,  6.2500000000000000E-01,4,  9.4162653602338398E-01,36,2,488,488,0,  8.7657455506161464E-01,  9.7599999999999998E-01,  9.7599999999999998E-01,  9.2361925559501334E-01,  8.8544260999999999E-02,  9.9312399999999996E-04,0
3065,  5.0000000000000000E-01,55,  6.2500000000000000E-01,  6.2500000000000000E-01,5,  9.4162653602338398E-01,36,2,488,488,0,  8.7657455506161464E-01,  9.7599999999999998E-01,  9.7599999999999998E-01,  9.2361925559501334E-01,  9.1858931000000005E-02,  1.0167320000000000E-03,0
3066,  5.0000000000000000E-01,55,  6.2500000000000000E-01,  8.1250000000000000E-01,1,  9.4162653602338398E-01,36,2,488,488,0,  8.7657455506161464E-01,  9.7599999999999998E-01,  9.7599999999999998E-01,  9.2361925559501334E-01,  8.6704195999999997E-02,  1.0110000000000000E-03,0
3067,  5.0000000000000000E-01,55,  6.2500000000000000E-01,  8.1250000000000000E-01,2,  9.4162653602338398E-01,36,2,488,488,0,  8.7657455506161464E-01,  9.7599999999999998E-01,  9.7599999999999998E-01,  9.2361925559501334E-01,  8.8889162999999993E-02,  9.9475699999999998E-04,0
3068,  5.0000000000000000E-01,55,  6.2500000000000000E-01,  8.1250000000000000E-01,3,  9.4162653602338398E-01,36,2,488,488,0,  8.7657455506161464E-01,  9.7599999999999998E-01,  9.7599999999999998E-01,  9.2361925559501334E-01,  8.6007086999999996E-02,  1.0455820000000000E-03,0
3069,  5.0000000000000000E-01,55,  6.2500000000000000E-01,  8.1250000000000000E-01,4,  9.4162653602338398E-01,36,2,488,488,0,  8.7657455506161464E-01,  9.7599999999999998E-01,  9.7599999999999998E-01,  9.2361925559501334E-01,  8.6554845000000005E-02,  9.9482900000000003E-04,0
3070,  5.0000000000000000E-01,55,  6.2500000000000000E-01,  8.1250000000000000E-01,5,  9.4162653602338398E-01,36,2,488,488,0,  8.7657455506161464E-01,  9.7599999999999998E-01,  9.7599999999999998E-01,  9.2361925559501334E-01,  9.3700617000000000E-02,  1.3699370000000001E-03,0
3071,  5.0000000000000000E-01,55,  6.2500000000000000E-01,  1.0000000000000000E+00,1,  9.4162653602338398E-01,36,2,488,488,0,  8.7657455506161464E-01,  9.7599999999999998E-01,  9.7599999999999998E-01,  9.2361925559501334E-01,  9.4166782000000004E-02,  1.1151010000000001E-03,0
3072,  5.0000000000000000E-01,55,  6.2500000000000000E-01,  1.0000000000000000E+00,2,  9.4162653602338398E-01,36,2,488,488,0,  8.7657455506161464E-01,  9.7599999999999998E-01,  9.7599999999999998E-01,  9.2361925559501334E-01,  8.8303149999999997E-02,  1.0074730000000000E-03,0
3073,  5.0000000000000000E-01,55,  6.2500000000000000E-01,  1.0000000000000000E+00,3,  9.4162653602338398E-01,36,2,488,488,0,  8.7657455506161464E-01,  9.7599999999999998E-01,  9.7599999999999998E-01,  9.2361925559501334E-01,  8.7095538000000000E-02,  1.0201360000000000E-03,0
3074,  5.0000000000000000E-01,55,  6.2500000000000000E-01,  1.0000000000000000E+00,4,  9.4162653602338398E-01,36,2,488,488,0,  8.7657455506161464E-01,  9.7599999999999998E-01,  9.7599999999999998E-01,  9.2361925559501334E-01,  1.0172159400000000E-01,  1.0919230000000001E-03,0
3075,  5.0000000000000000E-01,55,  6.2500000000000000E-01,  1.0000000000000000E+00,5,  9.4162653602338398E-01,36,2,488,488,0,  8.7657455506161464E-01,  9.7599999999999998E-01,  9.7599999999999998E-01,  9.2361925559501334E-01,  9.0595708999999996E-02,  1.0249320000000001E-03,0
3076,  5.0000000000000000E-01,55,  8.1250000000000000E-01,  2.5000000000000000E-01,1,  9.4162653602338398E-01,36,1,500,500,0,  1.0000000000000000E+00,  1.0000000000000000E+00,  1.0000000000000000E+00,  1.0000000000000000E+00,  8.4541928000000002E-02,  1.0128890000000001E-03,0
3077,  5.0000000000000000E-01,55,  8.1250000000000000E-01,  2.5000000000000000E-01,2,  9.4162653602338398E-01,36,1,500,500,0,  1.0000000000000000E+00,  1.0000000000000000E+00,  1.0000000000000000E+00,  1.0000000000000000E+00,  8.3566783000000006E-02,  1.0571640000000000E-03,0
3078,  5.0000000000000000E-01,55,  8.1250000000000000E-01,  2.5000000000000000E-01,3,  9.4162653602338398E-01,36,1,500,500,0,  1.0000000000000000E+00,  1.0000000000000000E+00,  1.0000000000000000E+00,  1.0000000000000000E+00,  8.7541600999999997E-02,  1.0360219999999999E-03,0
3079,  5.0000000000000000E-01,55,  8.1250000000000000E-01,  2.5000000000000000E-01,4,  9.4162653602338398E-01,36,1,500,500,0,  1.0000000000000000E+00,  1.0000000000000000E+00,  1.0000000000000000E+00,  1.0000000000000000E+00,  8.5106554000000001E-02,  1.0432530000000001E-03,0
3080,  5.0000000000000000E-01,55,  8.1250000000000000E-01,  2.5000000000000000E-01,5,  9.4162653602338398E-01,36,1,500,500,0,  1.0000000000000000E+00,  1.0000000000000000E+00,  1.0000000000000000E+00,  1.0000000000000000E+00,  9.4900014000000005E-02,  9.9336400000000005E-04,0
3081,  5.0000000000000000E-01,55,  8.1250000000000000E-01,  4.3750000000000000E-01,1,  9.4162653602338398E-01,36,1,500,500,0,  1.0000000000000000E+00,  1.0000000000000000E+00,  1.0000000000000000E+00,  1.0000000000000000E+00,  8.6315936999999995E-02,  1.0423190000000001E-03,0
3082,  5.0000000000000000E-01,55,  8.1250000000000000E-01,  4.3750000000000000E-01,2,  9.4162653602338398E-01,36,1,500,500,0,  1.0000000000000000E+00,  1.0000000000000000E+00,  1.0000000000000000E+00,  1.0000000000000000E+00,  9.0885910000000000E-02,  1.1287549999999999E-03,0
3083,  5.0000000000000000E-01,55,  8.1250000000000000E-01,  4.3750000000000000E-01,3,  9.4162653602338398E-01,36,1,500,500,0,  1.0000000000000000E+00,  1.0000000000000000E+00,  1.0000000000000000E+00,  1.0000000000000000E+00,  8.5438621000000006E-02,  1.0309140000000000E-03,0
3084,  5.0000000000000000E-01,55,  8.1250000000000000E-01,  4.3750000000000000E-01,4,  9.4162653602338398E-01,36,1,500,500,0,  1.0000000000000000E+00,  1.0000000000000000E+00,  1.0000000000000000E+00,  1.0000000000000000E+00,  8.5300552000000002E-02,  1.0132880000000000E-03,0
3085,  5.0000000000000000E-01,55,  8.1250000000000000E-01,  4.3750000000000000E-01,5,  9.4162653602338398E-01,36,1,500,500,0,  1.0000000000000000E+00,  1.0000000000000000E+00,  1.0000000000000000E+00,  1.0000000000000000E+00,  8.8417078999999996E-02,  1.0313720000000000E-03,0
3086,  5.0000000000000000E-01,55,  8.1250000000000000E-01,  6.2500000000000000E-01,1,  9.4162653602338398E-01,36,1,500,500,0,  1.0000000000000000E+00,  1.0000000000000000E+00,  1.0000000000000000E+00,  1.0000000000000000E+00,  8.5369553000000001E-02,  1.2589240000000000E-03,0
3087,  5.0000000000000000E-01,55,  8.1250000000000000E-01,  6.2500000000000000E-01,2,  9.4162653602338398E-01,36,1,500,500,0,  1.0000000000000000E+00,  1.0000000000000000E+00,  1.0000000000000000E+00,  1.0000000000000000E+00,  8.5378284999999998E-02,  9.8506700000000006E-04,0
3088,  5.0000000000000000E-01,55,  8.1250000000000000E-01,  6.2500000000000000E-01,3,  9.4162653602338398E-01,36,1,500,500,0,  1.0000000000000000E+00,  1.0000000000000000E+00,  1.0000000000000000E+00,  1.0000000000000000E+00,  8.6565616999999997E-02,  1.0033279999999999E-03,0
3089,  5.0000000000000000E-01,55,  8.1250000000000000E-01,  6.2500000000000000E-01,4,  9.4162653602338398E-01,36,1,500,500,0,  1.0000000000000000E+00,  1.0000000000000000E+00,  1.0000000000000000E+00,  1.0000000000000000E+00,  8.6398061999999998E-02,  1.0772370000000000E-03,0
3090,  5.0000000000000000E-01,55,  8.1250000000000000E-01,  6.2500000000000000E-01,5,  9.4162653602338398E-01,36,1,500,500,0,  1.0000000000000000E+00,  1.0000000000000000E+00,  1.0000000000000000E+00,  1.0000000000000000E+00,  8.4831905999999999E-02,  1.0109110000000000E-03,0
3091,  5.0000000000000000E-01,55,  8.1250000000000000E-01,  8.1250000000000000E-01,1,  9.4162653602338398E-01,36,1,500,500,0,  1.0000000000000000E+00,  1.0000000000000000E+00,  1.0000000000000000E+00,  1.0000000000000000E+00,  8.6825650000000004E-02,  1.0454390000000000E-03,0
3092,  5.0000000000000000E-01,55,  8.1250000000000000E-01,  8.1250000000000000E-01,2,  9.4162653602338398E-01,36,1,500,500,0,  1.0000000000000000E+00,  1.0000000000000000E+00,  1.0000000000000000E+00,  1.0000000000000000E+00,  8.4896490000000005E-02,  1.0301900000000001E-03,0
3093,  5.0000000000000000E-01,55,  8.1250000000000000E-01,  8.1250000000000000E-01,3,  9.4162653602338398E-01,36,1,500,500,0,  1.0000000000000000E+00,  1.0000000000000000E+00,  1.0000000000000000E+00,  1.0000000000000000E+00,  9.0684204000000004E-02,  1.0718870000000001E-03,0
3094,  5.0000000000000000E-01,55,  8.1250000000000000E-01,  8.1250000000000000E-01,4,  9.4162653602338398E-01,36,1,500,500,0,  1.0000000000000000E+00,  1.0000000000000000E+00,  1.0000000000000000E+00,  1.0000000000000000E+00,  8.8593060000000001E-02,  1.0966870000000001E-03,0
3095,  5.0000000000000000E-01,55,  8.1250000000000000E-01,  8.1250000000000000E-01,5,  9.4162653602338398E-01,36,1,500,500,0,  1.0000000000000000E+00,  1.0000000000000000E+00,  1.0000000000000000E+00,  1.0000000000000000E+00,  8.4790432999999998E-02,  1.0560879999999999E-03,0
3096,  5.0000000000000000E-01,55,  8.1250000000000000E-01,  1.0000000000000000E+00,1,  9.4162653602338398E-01,36,1,500,500,0,  1.0000000000000000E+00,  1.0000000000000000E+00,  1.0000000000000000E+00,  1.0000000000000000E+00,  8.7811473000000001E-02,  1.1191710000000000E-03,0
3097,  5.0000000000000000E-01,55,  8.1250000000000000E-01,  1.0000000000000000E+00,2,  9.4162653602338398E-01,36,1,500,500,0,  1.0000000000000000E+00,  1.0000000000000000E+00,  1.0000000000000000E+00,  1.0000000000000000E+00,  8.4293115000000002E-02,  1.0621490000000001E-03,0
3098,  5.0000000000000000E-01,55,  8.1250000000000000E-01,  1.0000000000000000E+00,3,  9.4162653602338398E-01,36,1,500,500,0,  1.0000000000000000E+00,  1.0000000000000000E+00,  1.0000000000000000E+00,  1.0000000000000000E+00,  8.4757918000000002E-02,  1.0572050000000001E-03,0
3099,  5.0000000000000000E-01,55,  8.1250000000000000E-01,  1.0000000000000000E+00,4,  9.4162653602338398E-01,36,1,500,500,0,  1.0000000000000000E+00,  1.0000000000000000E+00,  1.0000000000000000E+00,  1.0000000000000000E+00,  8.4785653000000002E-02,  1.0334220000000000E-03,0
3100,  5.0000000000000000E-01,55,  8.1250000000000000E-01,  1.0000000000000000E+00,5,  9.4162653602338398E-01,36,1,500,500,0,  1.0000000000000000E+00,  1.0000000000000000E+00,  1.0000000000000000E+00,  1.0000000000000000E+00,  8.5797962000000005E-02,  1.0481799999999999E-03,0
3101,  5.0000000000000000E-01,55,  1.0000000000000000E+00,  2.5000000000000000E-01,1,  9.4162653602338398E-01,36,1,500,500,0,  1.0000000000000000E+00,  1.0000000000000000E+00,  1.0000000000000000E+00,  1.0000000000000000E+00,  8.7224872999999994E-02,  1.0630300000000000E-03,0
3102,  5.0000000000000000E-01,55,  1.0000000000000000E+00,  2.5000000000000000E-01,2,  9.4162653602338398E-01,36,1,500,500,0,  1.0000000000000000E+00,  1.0000000000000000E+00,  1.0000000000000000E+00,  1.0000000000000000E+00,  9.2753620999999994E-02,  1.0618130000000000E-03,0
3103,  5.0000000000000000E-01,55,  1.0000000000000000E+00,  2.5000000000000000E-01,3,  9.4162653602338398E-01,36,1,500,500,0,  1.0000000000000000E+00,  1.0000000000000000E+00,  1.0000000000000000E+00,  1.0000000000000000E+00,  8.7320316999999995E-02,  1.0148810000000000E-03,0
3104,  5.0000000000000000E-01,55,  1.0000000000000000E+00,  2.5000000000000000E-01,4,  9.4162653602338398E-01,36,1,500,500,0,  1.0000000000000000E+00,  1.0000000000000000E+00,  1.0000000000000000E+00,  1.0000000000000000E+00,  8.6696690000000007E-02,  1.0363320000000001E-03,0
3105,  5.0000000000000000E-01,55,  1.0000000000000000E+00,  2.5000000000000000E-01,5,  9.4162653602338398E-01,36,1,500,500,0,  1.0000000000000000E+00,  1.0000000000000000E+00,  1.0000000000000000E+00,  1.0000000000000000E+00,  9.0311702999999993E-02,  1.0119850000000000E-03,0
3106,  5.0000000000000000E-01,55,  1.0000000000000000E+00,  4.3750000000000000E-01,1,  9.4162653602338398E-01,36,1,500,500,0,  1.0000000000000000E+00,  1.0000000000000000E+00,  1.0000000000000000E+00,  1.0000000000000000E+00,  8.7309811000000001E-02,  1.0376300000000001E-03,0
3107,  5.0000000000000000E-01,55,  1.0000000000000000E+00,  4.3750000000000000E-01,2,  9.4162653602338398E-01,36,1,500,500,0,  1.0000000000000000E+00,  1.0000000000000000E+00,  1.0000000000000000E+00,  1.0000000000000000E+00,  8.7227632999999999E-02,  1.0335900000000000E-03,0
3108,  5.0000000000000000E-01,55,  1.0000000000000000E+00,  4.3750000000000000E-01,3,  9.4162653602338398E-01,36,1,500,500,0,  1.0000000000000000E+00,  1.0000000000000000E+00,  1.0000000000000000E+00,  1.0000000000000000E+00,  8.6294149000000001E-02,  1.1344650000000001E-03,0
3109,  5.0000000000000000E-01,55,  1.0000000000000000E+00,  4.3750000000000000E-01,4,  9.4162653602338398E-01,36,1,500,500,0,  1.0000000000000000E+00,  1.0000000000000000E+00,  1.0000000000000000E+00,  1.0000000000000000E+00,  8.5907784000000001E-02,  1.1140720000000000E-03,0
3110,  5.0000000000000000E-01,55,  1.0000000000000000E+00,  4.3750000000000000E-01,5,  9.4162653602338398E-01,36,1,500,500,0,  1.0000000000000000E+00,  1.0000000000000000E+00,  1.0000000000000000E+00,  1.0000000000000000E+00,  8.7202588999999997E-02,  1.0338579999999999E-03,0
3111,  5.0000000000000000E-01,55,  1.0000000000000000E+00,  6.2500000000000000E-01,1,  9.4162653602338398E-01,36,1,500,500,0,  1.0000000000000000E+00,  1.0000000000000000E+00,  1.0000000000000000E+00,  1.0000000000000000E+00,  8.7952427000000000E-02,  1.0458139999999999E-03,0
3112,  5.0000000000000000E-01,55,  1.0000000000000000E+00,  6.2500000000000000E-01,2,  9.4162653602338398E-01,36,1,500,500,0,  1.0000000000000000E+00,  1.0000000000000000E+00,  1.0000000000000000E+00,  1.0000000000000000E+00,  8.6683234999999997E-02,  1.0127199999999999E-03,0
3113,  5.0000000000000000E-01,55,  1.0000000000000000E+00,  6.2500000000000000E-01,3,  9.4162653602338398E-01,36,1,500,500,0,  1.0000000000000000E+00,  1.0000000000000000E+00,  1.0000000000000000E+00,  1.0000000000000000E+00,  8.9254019000000004E-02,  1.0543160000000000E-03,0
3114,  5.0000000000000000E-01,55,  1.0000000000000000E+00,  6.2500000000000000E-01,4,  9.4162653602338398E-01,36,1,500,500,0,  1.0000000000000000E+00,  1.0000000000000000E+00,  1.0000000000000000E+00,  1.0000000000000000E+00,  8.6303673999999997E-02,  1.0392929999999999E-03,0
3115,  5.0000000000000000E-01,55,  1.0000000000000000E+00,  6.2500000000000000E-01,5,  9.4162653602338398E-01,36,1,500,500,0,  1.0000000000000000E+00,  1.0000000000000000E+00,  1.0000000000000000E+00,  1.0000000000000000E+00,  8.8170208000000000E-02,  1.0297220000000001E-03,0
3116,  5.0000000000000000E-01,55,  1.0000000000000000E+00,  8.1250000000000000E-01,1,  9.4162653602338398E-01,36,1,500,500,0,  1.0000000000000000E+00,  1.0000000000000000E+00,  1.0000000000000000E+00,  1.0000000000000000E+00,  8.9094516999999998E-02,  1.0274830000000000E-03,0
3117,  5.0000000000000000E-01,55,  1.0000000000000000E+00,  8.1250000000000000E-01,2,  9.4162653602338398E-01,36,1,500,500,0,  1.0000000000000000E+00,  1.0000000000000000E+00,  1.0000000000000000E+00,  1.0000000000000000E+00,  8.7668856000000003E-02,  1.3044170000000000E-03,0
3118,  5.0000000000000000E-01,55,  1.0000000000000000E+00,  8.1250000000000000E-01,3,  9.4162653602338398E-01,36,1,500,500,0,  1.0000000000000000E+00,  1.0000000000000000E+00,  1.0000000000000000E+00,  1.0000000000000000E+00,  8.8716150999999993E-02,  1.1772960000000000E-03,0
3119,  5.0000000000000000E-01,55,  1.0000000000000000E+00,  8.1250000000000000E-01,4,  9.4162653602338398E-01,36,1,500,500,0,  1.0000000000000000E+00,  1.0000000000000000E+00,  1.0000000000000000E+00,  1.0000000000000000E+00,  8.7462345999999996E-02,  1.0212070000000001E-03,0
3120,  5.0000000000000000E-01,55,  1.0000000000000000E+00,  8.1250000000000000E-01,5,  9.4162653602338398E-01,36,1,500,500,0,  1.0000000000000000E+00,  1.0000000000000000E+00,  1.0000000000000000E+00,  1.0000000000000000E+00,  8.8722748000000004E-02,  1.0413589999999999E-03,0
3121,  5.0000000000000000E-01,55,  1.0000000000000000E+00,  1.0000000000000000E+00,1,  9.4162653602338398E-01,36,1,500,500,0,  1.0000000000000000E+00,  1.0000000000000000E+00,  1.0000000000000000E+00,  1.0000000000000000E+00,  8.4487540999999999E-02,  1.0029710000000001E-03,0
3122,  5.0000000000000000E-01,55,  1.0000000000000000E+00,  1.0000000000000000E+00,2,  9.4162653602338398E-01,36,1,500,500,0,  1.0000000000000000E+00,  1.0000000000000000E+00,  1.0000000000000000E+00,  1.0000000000000000E+00,  8.6010330999999995E-02,  1.0157409999999999E-03,0
3123,  5.0000000000000000E-01,55,  1.0000000000000000E+00,  1.0000000000000000E+00,3,  9.4162653602338398E-01,36,1,500,500,0,  1.0000000000000000E+00,  1.0000000000000000E+00,  1.0000000000000000E+00,  1.0000000000000000E+00,  8.6525286000000007E-02,  1.0183690000000001E-03,0
3124,  5.0000000000000000E-01,55,  1.0000000000000000E+00,  1.0000000000000000E+00,4,  9.4162653602338398E-01,36,1,500,500,0,  1.0000000000000000E+00,  1.0000000000000000E+00,  1.0000000000000000E+00,  1.0000000000000000E+00,  8.7252319999999994E-02,  1.0055130000000000E-03,0
3125,  5.0000000000000000E-01,55,  1.0000000000000000E+00,  1.0000000000000000E+00,5,  9.4162653602338398E-01,36,1,500,500,0,  1.0000000000000000E+00,  1.0000000000000000E+00,  1.0000000000000000E+00,  1.0000000000000000E+00,  8.6350050999999997E-02,  1.0347020000000000E-03,0
