vector_index,x,y_original,cluster_id,max_posterior,posterior_component_1,posterior_component_2,posterior_component_3,posterior_component_4,posterior_component_5,posterior_component_6,posterior_component_7,posterior_component_8
1,-1.0,-1.3802148857635972,7,0.9792484654922777,0.020745177515030296,9.411290705685254e-238,6.551625444795731e-20,4.328099544993869e-06,0.0,2.0288931469213644e-06,0.9792484654922777,3.1609933236758024e-104
2,-0.987878787878788,-0.9590986482482142,7,0.9429085414497773,0.05688802818268309,6.007351835405916e-221,2.033624942147648e-20,0.0001916110010056741,0.0,1.181936653376523e-05,0.9429085414497773,7.01141240232553e-107
3,-0.9757575757575756,-0.887864102198466,7,0.9374108335816562,0.062192526687853675,4.7915273089788044e-216,2.736970256683191e-20,0.0003848798498737099,0.0,1.175988061637153e-05,0.9374108335816562,3.5303127506259594e-106
4,-0.9636363636363636,-0.9929860305233188,7,0.9450726473082645,0.05477959709606172,5.1780593404958466e-217,9.343423362568284e-20,0.00012940833333707384,0.0,1.8347262336696687e-05,0.9450726473082645,1.0146939277835977e-103
5,-0.9515151515151516,-0.9152074984116436,7,0.9398209470126702,0.05988930859196214,5.986940556442862e-212,1.2502921606331058e-19,0.00026881454947336316,0.0,2.0929845894239676e-05,0.9398209470126702,4.246618683062335e-103
6,-0.9393939393939394,-0.8407258537084675,7,0.9369044514023227,0.06252783908641117,4.764614358769475e-207,1.6959443578266295e-19,0.0005455121338439752,0.0,2.2197377422063855e-05,0.9369044514023227,1.8432435646471904e-102
7,-0.9272727272727272,-0.7016255350183385,7,0.935726772228288,0.06204288161249147,3.998311135952617e-200,1.6113387808222738e-19,0.0022154072998163215,0.0,1.493885940419785e-05,0.935726772228288,1.6556343875613509e-102
8,-0.9151515151515152,-1.145279027795577,7,0.9418732434897731,0.05807941644672519,7.210789442712791e-212,1.893598981354064e-18,3.855189716045919e-05,0.0,8.788166341370817e-06,0.9418732434897731,1.2960188720325024e-96
9,-0.9030303030303032,-0.8549240137885359,7,0.9355666169292622,0.06395402395204929,3.5785172771019133e-200,1.3281256352060991e-18,0.0004376831645179574,0.0,4.16759541705431e-05,0.9355666169292622,3.5245740528963556e-98
10,-0.8909090909090909,-0.4801509622066359,7,0.9357433516289625,0.04402711488527647,5.013077569756723e-186,3.805748040373348e-19,0.0202227006849304,0.0,6.832800830563317e-06,0.9357433516289625,9.378100792537058e-101
11,-0.8787878787878788,-0.4742434959161663,7,0.9393559249104518,0.04109932917971974,1.5509084115220919e-183,7.71550086977392e-19,0.019534112337589386,0.0,1.0633572239031621e-05,0.9393559249104518,1.797611515500986e-99
12,-0.8666666666666667,-0.5631459477781774,7,0.9465021554677872,0.046605300015983536,5.726662108082855e-184,2.6166841134098364e-18,0.006855518122337198,0.0,3.702639389206875e-05,0.9465021554677872,3.5634501708840183e-97
13,-0.8545454545454545,-0.6017259722997738,7,0.9463989271728892,0.049177223857528846,7.76482167471753e-183,6.284246036164448e-18,0.0043589957404438886,0.0,6.48532291380277e-05,0.9463989271728892,2.0044541430906872e-95
14,-0.8424242424242424,-0.3539215351680671,7,0.92054475006168,0.025120169060872846,4.449077625792208e-173,3.3463439468027887e-18,0.05432322037006376,0.0,1.1860507383310967e-05,0.92054475006168,8.426711319494626e-97
15,-0.8303030303030303,-0.2770364602847275,7,0.8720056100870975,0.017422445383915592,1.3839941139321846e-168,4.18186643064375e-18,0.11056484889085749,0.0,7.095638129406965e-06,0.8720056100870975,2.3166111307713033e-96
16,-0.8181818181818181,-0.6621796339730067,7,0.9400750632995685,0.05752392986081492,9.54027366823451e-178,5.62125804118698e-17,0.0022562852330034583,0.0,0.00014472160661323726,0.9400750632995685,8.517540312626298e-91
17,-0.806060606060606,-0.8060077007788761,7,0.9143271545156354,0.0848806492357663,1.0872341886581084e-179,1.4812996149913572e-16,0.00070714870092547,0.0,8.504754767257748e-05,0.9143271545156354,6.072291230723826e-88
18,-0.793939393939394,-0.641937251403687,7,0.9392661366195829,0.05788989203352807,1.3510429796190406e-172,1.820659242830834e-16,0.002645641396714658,0.0,0.00019832995017413798,0.9392661366195829,2.167919163986405e-88
19,-0.7818181818181819,0.055702739118047,4,0.7997562191019777,0.0006323652244806963,5.363144652120991e-151,2.3003081950030777e-18,0.7997562191019777,0.0,6.560015882437887e-08,0.19961135007338277,1.2510799578354428e-95
20,-0.7696969696969697,-0.8532652079389782,7,0.8775133215043557,0.12186161203311609,3.8529877485453123e-174,8.034509235602151e-16,0.000584769400329595,0.0,4.029706219769266e-05,0.8775133215043557,1.6158414750670325e-83
21,-0.7575757575757576,-0.6092593430573986,7,0.9372863465951119,0.05891960915006826,6.206875142421481e-165,1.0121381306069968e-15,0.003497642354016237,0.0,0.0002964019008026759,0.9372863465951119,7.342879976860563e-85
22,-0.7454545454545455,-0.7734473214076172,7,0.8841411597720494,0.11466911618582426,2.5010853888498395e-167,2.1723394299102235e-15,0.0011121215771550672,0.0,7.76024649689809e-05,0.8841411597720494,8.624600187258657e-82
23,-0.7333333333333334,-0.4417138940911897,7,0.9553322377206191,0.030671063683598808,7.007058247424949e-156,2.2530877518626155e-15,0.01343022269589158,0.0,0.0005664758998882443,0.9553322377206191,3.5727077180035723e-84
24,-0.7212121212121212,-0.6829624482032159,7,0.9003724730995308,0.09720306184975036,2.3441530736351044e-160,5.923160523499921e-15,0.0022579391153461034,0.0,0.0001665259353668291,0.9003724730995308,3.1952879972110688e-80
25,-0.7090909090909091,-0.4399320227485417,7,0.9533620847826135,0.03245606295497818,1.4832149241895788e-151,7.519859825867696e-15,0.01339142660041149,0.0,0.000790425661989279,0.9533620847826135,1.1326883264596367e-81
26,-0.696969696969697,-0.7839584259431458,7,0.8188871040255332,0.17970953196680742,1.027655390045165e-158,1.5459520868696307e-14,0.0013736816867304508,0.0,2.9682320913502106e-05,0.8188871040255332,1.3286859384896994e-76
27,-0.6848484848484848,-0.2461728366800395,7,0.9281451785894063,0.010439757956194038,3.28202057672447e-142,1.5119082771791272e-14,0.0603070216948498,0.0,0.0011080417595346838,0.9281451785894063,1.971557692916456e-81
28,-0.6727272727272727,-0.1009854941609504,7,0.8139499308485828,0.003395380128083382,1.9866520019320854e-136,1.5747692166009727e-14,0.18198038057615273,0.0,0.0006743084471653771,0.8139499308485828,5.705468243264085e-82
29,-0.6606060606060606,-0.3980008456248131,7,0.9488670372085123,0.03087639886314521,4.6950526229290326e-142,7.069389293498365e-14,0.018868883593481406,0.0,0.0013876803347903145,0.9488670372085123,3.4456798160376757e-77
30,-0.6484848484848484,-0.3239956983848373,7,0.9462355209371077,0.01967806074510499,4.260528107558944e-138,1.1192253947642129e-13,0.03204045495856565,0.0,0.002045963359109653,0.9462355209371077,7.864910923148965e-77
31,-0.6363636363636364,-0.3054087188735351,7,0.942735322511642,0.018083518825375677,1.3480107579913952e-135,1.923936579260553e-13,0.03674509959987539,0.0,0.0024360590629144145,0.942735322511642,7.789167996254646e-76
32,-0.6242424242424243,-0.2123027134398434,7,0.9176446063309909,0.009097834729190513,2.904975591571436e-131,2.889062594265315e-13,0.06983768131306792,0.0,0.003419877626461774,0.9176446063309909,9.596984955882923e-76
33,-0.6121212121212121,-0.2318763416357097,7,0.9238067894274986,0.011189983314825805,9.08610277898845e-130,5.340312157968609e-13,0.061137071623562474,0.0,0.0038661556335791956,0.9238067894274986,2.6242954010887875e-74
34,-0.6,-0.0463766095138611,7,0.7887637988211025,0.002074830228155373,2.487825747993965e-123,5.937640416064418e-13,0.20499457862667148,0.0,0.004166792323476813,0.7887637988211025,1.9977933290254244e-75
35,-0.5878787878787879,0.0708502509326133,7,0.6037653242955835,0.0005506201435201927,1.0391516421774075e-118,6.35227579343317e-13,0.392984053119655,0.0,0.0027000024406059696,0.6037653242955835,8.395945712076274e-76
36,-0.5757575757575757,-0.314329396013588,7,0.9290898590713526,0.027863638936431567,7.349879089287716e-126,2.8707066307619108e-12,0.04031695683290204,0.0,0.002729545156443061,0.9290898590713526,9.572258837869342e-70
37,-0.5636363636363637,-0.1891384258275867,7,0.8994207610242048,0.009651141061407784,5.88321910912465e-121,4.610335170654243e-12,0.08423303045755641,0.0,0.006695067452220768,0.8994207610242048,4.25613160909282e-70
38,-0.5515151515151515,0.0772935867546459,7,0.6236308678386692,0.000535644090196319,5.421311470944763e-113,4.15918619109934e-12,0.3680176334889298,0.0,0.007815854578045749,0.6236308678386692,2.2184284526710185e-72
39,-0.5393939393939393,-0.3631216883996851,7,0.9018027683580199,0.058800268102193236,3.712008006191388e-121,1.1768895616661405e-11,0.03829593373389291,0.0,0.0011010297941250204,0.9018027683580199,1.20743961344414e-65
40,-0.5272727272727273,-0.4486897109145686,7,0.8327891030588174,0.13877395933821324,3.3159751972811933e-121,1.4746731206515282e-11,0.028232649093312984,0.0,0.00020428849490974156,0.8327891030588174,1.768889899196044e-63
41,-0.5151515151515151,0.0149601602766654,7,0.7208759524475139,0.001301934861279599,6.943157730331642e-109,2.966988273701297e-11,0.25881495172292157,0.0,0.01900716093861502,0.7208759524475139,4.234747115854689e-68
42,-0.503030303030303,0.0932086761534923,7,0.6114103179380784,0.0004910169800846056,2.059469006890418e-105,4.1661275859992716e-11,0.36627067003045377,0.0,0.02182799500972203,0.6114103179380784,5.0261238769097515e-68
43,-0.4909090909090909,-0.1262782194089003,7,0.8377489381377391,0.008094570553132095,2.6231718611739156e-108,9.67169253343048e-11,0.1432907962830917,0.0,0.010865694929320232,0.8377489381377391,5.409168903986089e-64
44,-0.4787878787878787,-0.0733059683998485,7,0.7928629837901677,0.004715344775282681,2.3263161061126692e-105,1.5722858179179187e-10,0.18617166917481068,0.0,0.016250002102510288,0.7928629837901677,1.485875890587949e-63
45,-0.4666666666666667,-0.0853717976815131,7,0.7937316248108783,0.005999906713582296,8.102861951980746e-104,2.541842211571419e-10,0.18618648692570197,0.0,0.014081981295653249,0.7937316248108783,2.7924830967234064e-62
46,-0.4545454545454546,-0.082475956959796,7,0.781670622347352,0.006389309456939124,5.675359111790437e-102,4.0582789937839304e-10,0.19852271607774727,0.0,0.013417351712133704,0.781670622347352,3.296317294018837e-61
47,-0.4424242424242424,0.2538506792724352,4,0.5916548373102392,5.164024630833652e-05,1.5292087665886975e-93,3.7551995155645064e-10,0.5916548373102392,0.0,0.04312657896170681,0.3651669431062259,9.115631567023281e-65
48,-0.4303030303030303,-0.0967057580055883,7,0.766064238089615,0.009533468588094713,9.977134345664274e-99,9.764437287250763e-10,0.21558316822189943,0.0,0.008819124123947118,0.766064238089615,8.00762226462785e-59
49,-0.4181818181818182,0.1105317913496938,7,0.546395601032877,0.0005588995838616577,6.3255755469901535e-93,1.5523760095990922e-09,0.4012385037949168,0.0,0.05180699403596856,0.546395601032877,1.5111823969230012e-60
50,-0.406060606060606,0.0068115543758174,7,0.6527716375965579,0.0028570910835385255,3.1739942545631995e-93,2.551145986163701e-09,0.3220978345438525,0.0,0.022273434224904996,0.6527716375965579,4.8731373646602775e-58
51,-0.3939393939393939,-0.0789365830590309,7,0.7007497265000158,0.010741969518206523,3.5789523570674835e-93,3.4496721441979534e-09,0.28237844148385133,0.0,0.0061298590482542405,0.7007497265000158,8.143390469516071e-56
52,-0.3818181818181818,0.4103992713129905,4,0.7404453476124793,3.689907284962489e-06,1.4437217522099243e-82,2.9398293277115075e-09,0.7404453476124793,0.0,0.07499324078592877,0.18455771875447774,8.980832616594344e-62
53,-0.3696969696969697,0.1566410161713527,4,0.49101384997674535,0.00036209770402544154,1.9078501639811764e-85,9.33171031537569e-09,0.49101384997674535,0.0,0.06440332406213707,0.44422071892538184,5.945603135262556e-57
54,-0.3575757575757575,0.3225365009326363,4,0.6206979918442657,2.0478237536060435e-05,6.018945507899213e-81,1.106321029967464e-08,0.6206979918442657,0.0,0.1267391334442017,0.2525423854107863,2.3421387721325793e-58
55,-0.3454545454545454,0.007475733130707,7,0.546717245086146,0.004860533556468074,7.216941892905344e-85,1.846505611447222e-08,0.4401648379811417,0.0,0.008257364911187956,0.546717245086146,8.857159134629462e-53
56,-0.3333333333333333,0.184945442582038,4,0.563462287075468,0.0002867561583703297,3.785695184975712e-80,3.2859933078193125e-08,0.563462287075468,0.0,0.06303789481986309,0.37321302908636556,2.955850963226626e-54
57,-0.3212121212121211,0.5087933337147588,4,0.7318817040732226,6.040721179662265e-07,2.6976941868792136e-73,2.6674271268936784e-08,0.7318817040732226,0.0,0.15900317453535692,0.10911449064503115,3.7294532325450995e-58
58,-0.3090909090909091,0.8992724729872438,4,0.9859990361342865,9.22646412099081e-11,6.040480975931591e-66,4.154829781967908e-09,0.9859990361342865,0.0,0.0028617883416722834,0.011139171276946755,1.3753550749606631e-63
59,-0.296969696969697,0.0108173931825436,4,0.5745717129476148,0.007186992426442525,2.1209503504676903e-78,6.607908822644302e-08,0.5745717129476148,0.0,0.0021097497742706252,0.41613147877258383,8.943810179806086e-49
60,-0.2848484848484848,0.3900814712451451,4,0.6507101712283898,7.6169523598493095e-06,9.778459214965059e-71,1.4107763637954593e-07,0.6507101712283898,0.0,0.19156329273443165,0.1577187780071823,2.5348184831253785e-53
61,-0.2727272727272727,0.5370015741741546,4,0.6449540457337857,3.629732085166888e-07,4.463489865441399e-67,1.5806589928494896e-07,0.6449540457337857,0.0,0.2737147386894552,0.08133069453765124,1.2028745003316858e-54
62,-0.2606060606060606,0.355567848140022,4,0.6961679197123424,1.8155975041266946e-05,2.5298221777727508e-68,3.3087997167876854e-07,0.6961679197123424,0.0,0.13676610530601682,0.16704748812662784,8.086961146971887e-51
63,-0.2484848484848485,0.6729347004291277,4,0.6532014932846847,1.976259929921542e-08,2.604940509491212e-62,2.7613837928694134e-07,0.6532014932846847,0.0,0.3045224011927286,0.042275809621608075,7.149568064511257e-55
64,-0.2363636363636363,0.3539261931406647,4,0.747664160691125,2.2357803014939685e-05,1.8458874463091377e-65,6.91617803735678e-07,0.747664160691125,0.0,0.10037393039892789,0.15193885948912847,7.40582794541208e-49
65,-0.2242424242424242,0.5822846835584797,4,0.5767121297303416,1.511682317845633e-07,6.827665455152456e-61,7.766575877637384e-07,0.5767121297303416,0.0,0.36957489050670217,0.05371205193713672,1.5377357047138003e-51
66,-0.2121212121212121,0.4713431948579037,4,0.6937504166012743,2.0937311647592625e-06,5.21227870797831e-61,1.4039067832670836e-06,0.6937504166012743,0.0,0.21860914629799078,0.08763693946278672,8.63110354555205e-49
67,-0.1999999999999999,0.8438862165909546,4,0.6012665649448291,3.993609831422366e-10,1.0106900715179188e-54,1.1092856143527888e-06,0.6012665649448291,0.0,0.3815784274121801,0.017153897958015536,7.083255713785892e-54
68,-0.1878787878787878,0.4889695236353031,4,0.7272648622070461,1.68816283499106e-06,4.790480577487744e-58,2.9100028575159538e-06,0.7272648622070461,0.0,0.19823777897448894,0.07449276065277255,3.4391605149688983e-47
69,-0.1757575757575757,0.5781100892275453,4,0.6118668497647437,2.2043338560773187e-07,1.3550576662402904e-55,3.8632034654297785e-06,0.6118668497647437,0.0,0.34173741306167704,0.046391653536728285,1.014499661951917e-47
70,-0.1636363636363637,0.8618650802267036,6,0.5686074774116324,2.1638514328658606e-10,7.457590877023194e-51,3.416922828133068e-06,0.42008090992751274,0.0,0.5686074774116324,0.011308195521641617,1.6246897530101658e-51
71,-0.1515151515151515,0.4913619651511243,4,0.8241671429873636,2.138171944381886e-06,4.9438315344023966e-54,7.884210554110413e-06,0.8241671429873636,0.0,0.1135702011893907,0.062252633440747364,1.8142826957028337e-44
72,-0.1393939393939394,0.7349621325648357,6,0.5765017431908795,4.986541377253345e-09,5.916770999548826e-50,8.743952710406509e-06,0.4069486959647041,0.0,0.5765017431908795,0.016540811905164564,1.1997945131105982e-47
73,-0.1272727272727273,0.380947676717225,4,0.9336121485785865,2.583773543317393e-05,6.861485908514421e-53,8.107301470822934e-06,0.9336121485785865,0.0,0.007490884114024324,0.058863022270485205,4.818842592935753e-41
74,-0.1151515151515151,0.5521102779711549,4,0.8396261266411963,7.018738121983124e-07,1.8466490460202062e-49,2.1457091527152697e-05,0.8396261266411963,0.0,0.11884939166911088,0.041502322724353426,9.559595838146338e-43
75,-0.103030303030303,0.8703656491175547,6,0.738435460404923,1.456487031837282e-10,5.980177080638952e-45,1.908075026499287e-05,0.2555009403413801,0.0,0.738435460404923,0.006044518357783279,2.303787279251318e-47
76,-0.0909090909090909,0.6200423162745716,4,0.7923390652027931,1.6733808736039847e-07,3.1817529155214287e-46,4.397012889466892e-05,0.7923390652027931,0.0,0.1787762117896576,0.028840585540567253,4.3991375212911107e-42
77,-0.0787878787878787,0.7335096560594841,4,0.5274944603338189,8.962726338281648e-09,6.941455006422946e-44,5.97152392989726e-05,0.5274944603338189,0.0,0.4574652003551546,0.014980615109001293,3.766874934781817e-43
78,-0.0666666666666666,0.9652839470762542,6,0.8328432629170902,1.050696478393361e-11,1.0942848845892267e-40,4.340618747071299e-05,0.16449053296754806,0.0,0.8328432629170902,0.0026227979173841396,1.6796872329814582e-46
79,-0.0545454545454545,0.7750718626797048,4,0.49649862360827735,3.5811672053761135e-09,3.6639905359831234e-41,0.00011474887014107469,0.49649862360827735,0.0,0.49238428755574626,0.01100233638466799,3.846728364745667e-42
80,-0.0424242424242424,1.0797199297947866,6,0.8927865678811436,3.9373367190381877e-13,1.5433826251680077e-37,6.876669212751281e-05,0.1060144701705132,0.0,0.8927865678811436,0.0011301952558218345,6.994964878586925e-47
81,-0.0303030303030302,0.9825264968911523,6,0.8602579212838719,6.8539340974587505e-12,2.4271252664495806e-37,0.00011511972574183527,0.13779452862507938,0.0,0.8602579212838719,0.001832430358452894,2.4876768378278554e-44
82,-0.0181818181818181,1.0507729860212642,6,0.904123290926235,8.591565245448554e-13,8.77578693377194e-36,0.00013162731786636598,0.09472002208889958,0.0,0.904123290926235,0.0010250596661399416,8.833431682617847e-45
83,-0.0060606060606061,1.2360719076264943,6,0.9377897386566995,3.964612110960994e-15,3.137516366370667e-33,0.00015595376659019927,0.06167354402165761,0.0,0.9377897386566995,0.0003807635550486124,3.0324214011972883e-47
84,0.0060606060606061,1.0760858246440252,6,0.9210067826685631,4.140402595353591e-13,1.3455779534927776e-33,0.00023655161736771212,0.078032760634659,0.0,0.9210067826685631,0.0007239050789961883,1.200909012987798e-43
85,0.018181818181818,1.344133094457505,6,0.9529889321841032,1.5890887749294596e-16,1.7057128824917435e-30,0.00029568443211263045,0.04651691449848405,0.0,0.9529889321841032,0.00019846888530012277,1.3959693611335584e-47
86,0.0303030303030302,1.2428585172136253,6,0.9658119771576249,2.199212352890637e-15,1.5281356358984999e-30,0.00031250126443594636,0.03367918003332412,0.0,0.9658119771576249,0.00019634154461284608,3.5476512078000724e-45
87,0.0424242424242424,0.9801579988815936,6,0.7543477475070239,1.8633364332889168e-11,4.8117947133908115e-31,0.0011773805742087973,0.24247470929799375,0.0,0.7543477475070239,0.0020001626021400355,3.034421460875633e-39
88,0.0545454545454544,1.367720524095163,6,0.9784508071809245,4.4590621835685785e-17,6.5940467131402945e-28,0.0005332327416965251,0.02093232606937403,0.0,0.9784508071809245,8.36340080048197e-05,6.3882595961902696e-46
89,0.0666666666666666,1.1861065375139224,6,0.9624089987571057,1.400582178315872e-14,3.2781863731730683e-28,0.0008521792207438613,0.03652919342448943,0.0,0.9624089987571057,0.00020962859764689346,7.683370483929756e-42
90,0.0787878787878788,1.078639815843657,6,0.8712798171820426,9.163619809856319e-13,1.1763570079595616e-27,0.002237658395332709,0.12575223126817908,0.0,0.8712798171820426,0.0007302931535292836,8.331308239944245e-39
91,0.0909090909090908,1.2374953208823585,6,0.9736224504232811,2.6480128569509537e-15,3.3650141830377553e-26,0.0013551787220862745,0.02490483023938319,0.0,0.9736224504232811,0.00011754061524672956,2.4825848516260616e-41
92,0.103030303030303,1.4285259709386586,6,0.9902598045436659,4.008904507402107e-18,1.957346055859728e-24,0.0012748970451413781,0.00843794817557848,0.0,0.9902598045436659,2.7350235614206314e-05,2.9122307539211246e-44
93,0.1151515151515152,1.3213120491514747,6,0.9853340954476014,1.4630354292800537e-16,3.490047599528686e-24,0.0018926563736728808,0.01272532947142146,0.0,0.9853340954476014,4.7918707304086514e-05,1.6114677864353016e-41
94,0.1272727272727272,1.619024021055734,6,0.9912612507686671,9.605500980137846e-21,8.585484529566528e-22,0.0029123272226214128,0.005815143641033634,0.0,0.9912612507686671,1.1278367677599802e-05,3.034951290010997e-46
95,0.1393939393939394,1.4960939903676431,6,0.993318312601261,3.2838332446256143e-19,6.436422519353587e-22,0.002473034648144155,0.0041976285704540175,0.0,0.993318312601261,1.1024180140793004e-05,1.7298372448817374e-43
96,0.1515151515151516,1.4076623097107357,6,0.9902646779597704,7.177467852092303e-18,1.5358567521543143e-21,0.0035574619523541687,0.006160185328257853,0.0,0.9902646779597704,1.7674759617567256e-05,4.321995608207222e-41
97,0.1636363636363635,1.1220591107244955,6,0.6339644313591757,1.2075761925546885e-12,6.089985262897798e-21,0.03040481987098882,0.33479540075703657,0.0,0.6339644313591757,0.0008353480115915629,4.954633709385811e-34
98,0.1757575757575757,1.3155686487131273,6,0.9687602642422976,3.813710053400793e-16,4.264700148230159e-20,0.011136986890546326,0.020051713623917024,0.0,0.9687602642422976,5.103524323871311e-05,1.2073335349088068e-37
99,0.1878787878787879,1.3900904037077462,6,0.9814141321383024,2.023965917098733e-17,2.779998506504578e-19,0.01012060441332112,0.008445592224560199,0.0,0.9814141321383024,1.9671223816205365e-05,1.499297578184108e-38
100,0.1999999999999999,1.539326300243549,6,0.9903399919793033,5.838097260436978e-20,2.172301748670181e-18,0.007727204529141362,0.0019288882684629974,0.0,0.9903399919793033,3.915223092308393e-06,5.28458166537737e-41
101,0.2121212121212121,1.5517090324968628,6,0.9885271528513896,3.742909244007996e-20,1.0340325021951827e-17,0.009790906241186323,0.0016787485969109157,0.0,0.9885271528513896,3.1923105131504977e-06,1.3746427412511595e-40
102,0.2242424242424241,1.4823929305285055,6,0.9791567543658604,6.962099207926496e-19,4.5112377656469567e-17,0.01725892277246395,0.003577874883788204,0.0,0.9791567543658604,6.447977887444002e-06,2.0276697905880205e-38
103,0.2363636363636363,1.496797255802707,6,0.9743210312128769,4.4579188469084315e-19,2.200524808451779e-16,0.0223877101822568,0.003285817866064801,0.0,0.9743210312128769,5.440738801239241e-06,4.934461369983792e-38
104,0.2484848484848485,1.641061075984911,6,0.9818333138483624,1.2413931924894266e-21,9.255291245037858e-16,0.017454216622300577,0.0007113870481536753,0.0,0.9818333138483624,1.0824811824902073e-06,1.7928326336716561e-40
105,0.2606060606060605,1.3494948760861238,6,0.7893866837049355,7.126342314302657e-16,1.4490393093983947e-14,0.1490395333266185,0.06150540677797662,0.0,0.7893866837049355,6.837619045407128e-05,4.423016685546633e-33
106,0.2727272727272727,1.8845577093045167,6,0.9699152902435823,1.2604351442438499e-25,2.481560446659927e-14,0.029914521418673262,0.0001699995497919933,0.0,0.9699152902435823,1.887879278142194e-07,4.78187620005418e-44
107,0.2848484848484849,1.1602635926642757,4,0.7959617200311878,1.9408702797855195e-12,3.626540727465854e-13,0.18608229451316285,0.7959617200311878,0.0,0.01759682569947888,0.00035915975386696333,7.905521349049509e-28
108,0.2969696969696969,1.8850212903738,6,0.9618716598680488,8.700079568868248e-26,1.6509494126063035e-13,0.038026457151423484,0.0001017731319961512,0.0,0.9618716598680488,1.0984836645106083e-07,5.603523364259791e-43
109,0.3090909090909091,1.6091447124967857,6,0.9102011992817948,9.607438817300085e-21,9.889296854502983e-13,0.08838260026884467,0.001414789691477629,0.0,0.9102011992817948,1.4107568938699879e-06,1.842635332890206e-36
110,0.3212121212121213,1.8429402052785613,6,0.9484970175814197,3.78091051784896e-25,1.1290587753880658e-12,0.051410071529229204,9.281510917187415e-05,0.0,0.9484970175814197,9.577905018220922e-08,5.125108789936553e-41
111,0.3333333333333332,1.739434753525189,6,0.9163992338484156,3.434495597593938e-23,5.1235206306095664e-12,0.08333449412837411,0.00026602338747740416,0.0,0.9163992338484156,2.4863060941407355e-07,3.63739724928761e-38
112,0.3454545454545454,1.7601159730912512,6,0.8989244519107208,1.5364384746660516e-23,1.4115357377422426e-11,0.10086028747849418,0.00021507313898368814,0.0,0.8989244519107208,1.874576859361631e-07,5.17295857514661e-38
113,0.3575757575757576,1.8260024103568195,6,0.8967041408576051,8.70307399853312e-25,2.6158150328563146e-11,0.10319884100707695,9.693598203106021e-05,0.0,0.8967041408576051,8.212712873862903e-08,6.790532224532704e-39
114,0.3696969696969696,1.901204797211495,6,0.8916930786899997,3.29481830327028e-26,4.268732176744885e-11,0.10826537167903007,4.151530484205893e-05,0.0,0.8916930786899997,3.428344076613371e-08,5.607826450735277e-40
115,0.3818181818181818,1.6978701983189155,6,0.6699674999228422,5.371118106912831e-22,8.428797322810631e-10,0.3292094278467283,0.0008226036610270589,0.0,0.6699674999228422,4.6772652287770984e-07,1.1690880110538678e-34
116,0.393939393939394,1.9948386139840355,6,0.8578208469291374,5.635454116499539e-28,1.2765844187757152e-10,0.14216441772669147,1.4723998256182656e-05,0.0,0.8578208469291374,1.1218256556615976e-08,6.520456217484234e-41
117,0.406060606060606,1.5952270874054553,3,0.787146847791251,1.1974822598289819e-19,2.7076761207372487e-08,0.787146847791251,0.006510786249658509,0.0,0.20634030471222162,2.034170107849187e-06,5.305309589483686e-31
118,0.4181818181818182,1.8352975216984115,6,0.6567977465580881,1.1179674872613904e-24,3.3578516437399923e-09,0.34308648834094946,0.00011570075426345852,0.0,0.6567977465580881,6.098884749116769e-08,3.753875112332602e-36
119,0.4303030303030304,2.0278000454605163,6,0.7700012476118616,1.2996842330238895e-28,8.37115592594901e-10,0.22999037979075648,8.366368406700992e-06,0.0,0.7700012476118616,5.391859587341722e-09,4.648209265405858e-40
120,0.4424242424242424,2.0838520007716625,6,0.7461742765669985,1.0131940677352398e-29,9.198906658898818e-10,0.25382144027689124,4.27951949424497e-06,2.8e-322,0.7461742765669985,2.716725326444836e-09,8.554900993468867e-41
121,0.4545454545454546,2.0012486787431896,6,0.6512448306764852,5.043501372253399e-28,4.3884443799977185e-09,0.3487440992668186,1.1059840108342209e-05,7.324645474174493e-307,0.6512448306764852,5.828143563830009e-09,2.1022348731470998e-38
122,0.4666666666666665,1.854654845742186,3,0.6706232736734332,7.881129228698814e-25,7.458903922581782e-08,0.6706232736734332,0.00011421702010334819,1.5405862947217434e-289,0.32926239707567406,3.764175014936115e-08,2.1716327757639024e-34
123,0.4787878787878787,2.1369173132494983,6,0.6305656450845208,8.472972269760611e-31,2.5082048565748323e-09,0.36943250874279954,1.8426533655577285e-06,1.313875008578493e-286,0.6305656450845208,1.0111092236340138e-09,1.6375478302127591e-40
124,0.4909090909090909,1.8479449339944312,3,0.8365106984647921,1.3976581533312054e-24,3.390615833679366e-07,0.8365106984647921,0.00013982650742978942,2.7667138618131434e-265,0.16334910273674647,3.3229448347019e-08,3.351073218446425e-33
125,0.5030303030303029,2.356342420810388,6,0.5152415286430587,3.122068729047682e-35,4.118894095916226e-10,0.48475828922721287,1.816097661402932e-07,7.605559338172594e-270,0.5152415286430587,1.0807296553032252e-10,1.89808112494329e-44
126,0.5151515151515151,2.0133688508030976,3,0.7091794773035373,4.359562361849443e-28,7.269590869097038e-08,0.7091794773035373,9.806363758067812e-06,1.1781184145219669e-247,0.2908106406108969,3.025899174701398e-09,3.737952640113495e-36
127,0.5272727272727273,1.7466203157042626,3,0.9886587385149592,3.0509573248588757e-22,1.2273346296135316e-05,0.9886587385149592,0.0009237332095195057,4.2833090311538147e-228,0.010405175087973822,7.984125145542893e-08,2.393624886679734e-29
128,0.5393939393939393,1.839851185184568,3,0.9750680007119874,3.293509876601969e-24,4.256128693951299e-06,0.9750680007119874,0.00018794898994168644,3.0265143180875145e-220,0.02473977303440057,2.1134976435780306e-08,4.444955826642935e-31
129,0.5515151515151515,2.1117590304062204,3,0.7701600176123584,3.746467462043636e-30,4.526393643619936e-08,0.7701600176123584,2.056081034058072e-06,2.916498462608369e-218,0.2298378804589364,5.837347646507277e-10,4.185069886353706e-37
130,0.5636363636363637,2.155237781537938,3,0.7763476127568126,4.31081444340737e-31,2.726106517637468e-08,0.7763476127568126,1.0225499516329026e-06,2.588188993695166e-209,0.22365133713853164,2.936389300106679e-10,1.0617471793258765e-37
131,0.5757575757575757,2.5454464885053705,3,0.7385953777170584,1.6505197429839253e-39,3.6232013683326556e-11,0.7385953777170584,8.390260112381113e-09,3.4944099921119136e-211,0.26140461385174835,4.700910415096851e-12,2.4461334240234005e-46
132,0.5878787878787879,1.9680577082347304,3,0.9806056632904464,7.943127706665888e-27,2.157348984043917e-06,0.9806056632904464,2.398795453457308e-05,1.061003865069294e-183,0.019368189070613117,2.3354218267983233e-09,2.5358360796064463e-32
133,0.6000000000000001,2.207892439860786,3,0.8655595002861793,3.3312352874783555e-32,1.8181373112062134e-08,0.8655595002861793,4.1110965212972314e-07,1.3552793475330546e-181,0.13444007032695932,9.583616714865744e-11,1.098041606844105e-37
134,0.6121212121212121,2.0123581428260127,3,0.9867650142078949,1.0283860856934787e-27,1.5755115361397326e-06,0.9867650142078949,1.205454199936899e-05,2.304700291426984e-166,0.013221354738569344,1.0000003624624394e-09,1.5922438483265107e-32
135,0.6242424242424243,2.149953877842168,3,0.9572772272986084,8.098105667289175e-31,8.770641159099621e-08,0.9572772272986084,1.0671612139065122e-06,1.3498818464214318e-161,0.042721617688281095,1.454849020543538e-10,1.8635989492778797e-35
136,0.6363636363636365,2.6095216787411406,3,0.8270999799525609,3.035667514325661e-41,3.754325623425901e-12,0.8270999799525609,1.2535952895873128e-09,1.0706291038858881e-166,0.17290001878945474,6.348533022817306e-13,4.142549982926128e-46
137,0.6484848484848484,2.0697024523384986,3,0.9933818929225531,7.598695277861988e-29,8.1692162470618e-07,0.9933818929225531,5.110271165920248e-06,4.973568042879027e-142,0.006612179566107399,3.185490039081097e-10,1.1543202742171574e-32
138,0.6606060606060606,2.438620606025688,3,0.882040075614613,1.9908262649201286e-37,1.0293962947129206e-10,0.882040075614613,8.644669714329537e-09,6.3910690129866605e-145,0.11795991563532472,2.452955766650306e-12,2.441696697173873e-41
139,0.6727272727272726,2.424036017257424,3,0.911891713857952,4.431587784809615e-37,1.2527519329107027e-10,0.911891713857952,1.0127282448500823e-08,1.5393425436158735e-136,0.08810827588705993,2.4304390621340196e-12,1.275315037546687e-40
140,0.6848484848484848,2.364862684425328,3,0.9536092879572523,1.1608974453003541e-35,4.874135479878789e-10,0.9536092879572523,2.6064347437630235e-08,4.188791588734674e-127,0.04639068548669328,4.293372988782714e-12,8.480707420944027e-39
141,0.696969696969697,2.4978267185777416,3,0.9241397055652485,8.413597538658858e-39,1.2435466373276831e-11,0.9241397055652485,2.758907296391947e-09,1.2817922315508537e-123,0.07586029166272058,6.88217126052409e-13,9.849852525835354e-42
142,0.709090909090909,2.18617774179316,3,0.9971400019566784,2.9880704446327156e-31,5.5516799952559394e-08,0.9971400019566784,8.232665102726087e-07,2.7148348678370563e-107,0.0028591192236252076,3.638608657047861e-11,1.423043595314707e-33
143,0.7212121212121212,2.773688743984954,3,0.9244002236159733,2.325996815581585e-45,4.168615746549082e-15,0.9244002236159733,4.016967676789875e-11,1.4560663637489177e-117,0.07559977634383301,1.969629000648982e-14,7.402340522549657e-48
144,0.7333333333333334,2.851635765691371,3,0.9421862253303707,3.006167979793672e-47,2.9655297736446064e-16,0.9421862253303707,1.222988003532772e-11,3.869935091812428e-113,0.05781377465739253,6.795591803520409e-15,1.804224027004109e-49
145,0.7454545454545454,2.5003300304609533,3,0.9740030039320913,8.939768495407907e-39,3.4028851644541167e-12,0.9740030039320913,2.2906202911487197e-09,1.1828489430191352e-96,0.025996993773546258,3.39223336700021e-13,1.915370852609065e-40
146,0.7575757575757576,2.999772741274226,3,0.972210507610099,6.744801887999856e-51,1.2695778800193093e-18,0.972210507610099,1.2819242033428344e-12,8.433324729919072e-105,0.027789492388618157,8.828386829668488e-16,1.471186603458184e-52
147,0.7696969696969698,2.4595883530839555,3,0.9908617878562587,1.1446062113948954e-37,5.971875583982167e-12,0.9908617878562587,5.165443340964191e-09,1.4872933089276168e-83,0.009138206971880773,4.4531119205887895e-13,9.716884137335678e-39
148,0.7818181818181817,2.64372276240762,3,0.9724989145926058,3.0187132564913775e-42,1.1380561868020293e-14,0.9724989145926058,1.6784734245581462e-10,2.975319978389505e-83,0.02750108523950317,3.234407248409406e-14,3.921573597171179e-43
149,0.793939393939394,2.8742566006336907,3,0.9605493485398988,5.368285230426165e-48,4.42750349705325e-18,0.9605493485398988,3.5451951380451943e-12,1.9113646748399043e-84,0.03945065145655454,1.5524486205748239e-15,1.0755690609282579e-48
150,0.8060606060606061,2.5203203200766304,3,0.9945877776762468,5.077997169062779e-39,2.4663035528910697e-13,0.9945877776762468,1.8425385444323483e-09,2.192465066620361e-69,0.005412220480835309,1.326740799619097e-13,2.5018004524480893e-39
151,0.8181818181818181,2.3600538245877485,3,0.9996006777516019,9.011833081642003e-35,4.603012075090924e-11,0.9996006777516019,6.85027178164266e-08,4.5727530162005107e-60,0.0003992536983129001,1.3372012454242014e-12,8.711718190225006e-35
152,0.8303030303030303,2.33826264748229,3,0.9998397409236706,4.4481769186677955e-34,7.436619991226044e-11,0.9998397409236706,1.3908753369147482e-07,5.92265765320359e-55,0.00016011991263218054,1.7974880776496998e-12,7.332574864786815e-34
153,0.8424242424242425,3.0970137976290166,3,0.9813195316721512,1.0203645410365121e-53,9.575133240271336e-23,0.9813195316721512,6.973648796195386e-14,7.248261640213355e-72,0.018680468327779056,4.757870377841859e-17,2.2671420992141986e-53
154,0.8545454545454545,2.6032859789631533,3,0.9972143340602898,6.8720533875428e-41,1.5924768963213088e-15,0.9972143340602898,4.543875120557364e-10,3.466401605507705e-54,0.002785665485294973,2.619212428946307e-14,2.8429437144635278e-40
155,0.8666666666666667,2.6961859806496338,3,0.9950465985121755,2.791025279733707e-43,2.574560862490542e-17,0.9950465985121755,6.886176720852843e-11,4.893124353293852e-53,0.004953401418956823,6.020281461107724e-15,1.8947902821283146e-42
156,0.8787878787878789,2.535022941911547,3,0.9995229404247599,7.200712924280529e-39,6.932860595834702e-15,0.9995229404247599,2.7827596560577454e-09,4.1784895397504074e-45,0.0004770567924091526,6.455175120736701e-14,7.746527003418264e-38
157,0.8909090909090909,2.9714860376840195,3,0.9853107301952438,1.64360910675566e-50,1.46918328972686e-22,0.9853107301952438,3.214427387558242e-13,6.904805649998756e-54,0.01468926980443461,9.762532385125837e-17,3.2095551128162222e-49
158,0.9030303030303032,2.649748634215689,3,0.9990687507740827,8.897026983602702e-42,1.9680107772353672e-17,0.9990687507740827,2.6285670229686456e-10,3.850718802214124e-42,0.0009312489630512441,9.355111280449891e-15,2.377372456289374e-40
159,0.915151515151515,2.7320504247707658,3,0.9983394893639648,6.172171968858779e-44,3.2130812827670104e-19,0.9983394893639648,4.569885041057092e-11,1.0324996511455619e-41,0.0016605105903338556,2.4140244789440325e-15,2.6291885636893705e-42
160,0.9272727272727272,2.914449538428687,3,0.9940429039150004,7.324039836937367e-49,7.389458611387146e-23,0.9940429039150004,9.522038491170093e-13,3.140516703952582e-44,0.005957096084047276,1.4123274150244595e-16,5.447152867149873e-47
161,0.9393939393939394,2.6659786933387646,3,0.9996992257276649,6.819089808545911e-42,1.1102931784176325e-18,0.9996992257276649,2.970774949951593e-10,2.3773555265113584e-35,0.00030077397525134285,6.167317294104229e-15,5.994167185065181e-40
162,0.9515151515151514,2.867313849127458,3,0.9977477933696577,2.019737414897976e-47,7.697639270632126e-23,0.9977477933696577,3.0111120957149242e-12,6.935722027064102e-39,0.002252206627330912,2.337541442305088e-16,3.1608973995702347e-45
163,0.9636363636363636,3.207714645173381,3,0.9910841226496785,8.14046330840463e-57,1.2647582485752248e-29,0.9910841226496785,2.925174405241953e-15,2.8101586585193075e-46,0.008915877350318535,1.4905079577247675e-18,2.908643625492029e-54
164,0.9757575757575758,3.037166031018524,3,0.9954084292799324,4.898036895637237e-52,5.655290725519158e-27,0.9954084292799324,8.445701657102835e-14,2.243159950594464e-40,0.004591570719983339,1.4578051672639487e-17,1.9836285187290184e-49
165,0.9878787878787878,3.0018660342432475,3,0.9972181163954694,5.668166195785143e-51,8.65339094688609e-27,0.9972181163954694,1.9349828696998605e-13,2.5667489294897393e-38,0.002781883604337113,2.2494091585162898e-17,3.046836379306749e-48
166,1.0,3.042972941892773,3,0.9971482816991956,4.5415645301638986e-52,4.162898864300869e-28,0.9971482816991956,8.348564111299201e-14,1.551412434993148e-38,0.002851718300721102,1.087931735069333e-17,3.604286574319977e-49
167,0.7071067811865476,-0.7849338003818602,8,0.9196066408627245,0.08033775279642137,4.376795487459255e-10,2.998404298235264e-51,5.560590317458336e-05,1.3194560503838407e-66,1.540848463537929e-129,6.003151478935484e-31,0.9196066408627245
168,0.7138062780276406,-0.3011127358077664,8,0.7420926868463525,0.24219360927987577,7.788027654885502e-05,4.4828146661538765e-37,0.015635823597222653,2.1394415993395947e-64,8.300019329163196e-96,2.4284898173262373e-23,0.7420926868463525
169,0.7204410831113777,-0.8559475728296602,8,0.9487611119528084,0.051217051503847276,1.8061165825883083e-10,2.006952840390945e-54,2.183636273261528e-05,3.2339141284532063e-60,2.8921473475068005e-137,1.0354915705548828e-32,0.9487611119528084
170,0.7270105951300738,-0.6444410084170274,8,0.9180792540528362,0.08175596734047634,3.8807609328273624e-08,2.3677564207900202e-48,0.0001647397990781278,1.4735966406556818e-57,2.2344036672146585e-122,1.4723030833483142e-29,0.9180792540528362
171,0.7335142186935081,-0.656668993178383,8,0.929344514129002,0.07052783662017997,4.090710835550591e-08,3.4483685727614985e-49,0.000127608343709612,1.1949375208348691e-54,2.263721808852924e-124,4.75919791860509e-30,0.929344514129002
172,0.7399513643828839,-0.4709078722746254,8,0.89904675056212,0.09996809748744521,4.240301505947254e-06,6.397191112160817e-44,0.0009809116489287552,4.11757489190656e-52,8.830615121346377e-112,2.9115707172729056e-27,0.89904675056212
173,0.746321448804247,-0.4449508904636401,8,0.9039488162977471,0.0948398191422914,1.0179263195395808e-05,1.4804731681069226e-43,0.0012011852967660276,1.9606316301535223e-49,6.378883898422467e-111,4.181814238297535e-27,0.9039488162977471
174,0.7526238946413588,-0.6648544220823452,8,0.9492129637455494,0.050702594914360355,9.012937739430009e-08,8.492750748153635e-51,8.435121071289451e-05,1.366871008933707e-46,3.414826783912677e-128,4.980720065851237e-31,0.9492129637455494
175,0.758858130708017,-0.5931226706078717,8,0.9450376620057234,0.05479529394939901,6.104265910518848e-07,5.3444625162919946e-49,0.0001664336182865666,3.630766241479919e-44,7.728652179887087e-124,4.109240499498564e-30,0.9450376620057234
176,0.7650235919998232,-0.5782953036260657,8,0.9479982220539654,0.051822208920139126,1.1272661962289483e-06,5.76248557345871e-49,0.0001784417596991629,8.845472163314615e-42,9.484004967224538e-124,3.9233073295759335e-30,0.9479982220539654
177,0.7711197197453876,-1.0911185052332095,8,0.9855366384117581,0.01446155784678308,2.4467782679090348e-11,1.0345649973224318e-65,1.803716991169803e-06,2.7129000794341307e-39,3.0524525687765586e-165,7.749750949681722e-39,0.9855366384117581
178,0.7771459614569709,-0.9471183115453924,8,0.9805891147290077,0.0194061443579312,7.42991373321305e-10,1.5767908762368592e-61,4.740170069626911e-06,3.7076681000136868e-37,1.4308525024347283e-154,9.298384317994758e-37,0.9805891147290077
179,0.7831017709805553,-0.7429063112637164,8,0.9710216017336293,0.028952575597765557,7.629611237002057e-08,1.9523087078638786e-55,2.5746372492783038e-05,4.245828422040146e-35,2.1309756816367483e-139,1.1897276868650751e-33,0.9710216017336293
180,0.7889866085453427,-0.7267301286901646,8,0.9716694168622195,0.02830218717653637,1.4380018987770684e-07,2.4161040691220954e-55,2.8252161054209875e-05,4.376322154034003e-33,3.748184618750917e-139,1.2324032301369935e-33,0.9716694168622195
181,0.7947999408126729,-0.8467280145243459,8,0.978924333128688,0.02106647111550667,1.6316195835341674e-08,1.3111108069038537e-59,9.179439609575926e-06,3.5892036106470264e-31,1.1585448298033813e-149,7.072666545851166e-36,0.978924333128688
182,0.8005412409243604,-0.4493611522366209,8,0.9563493293981576,0.04308691921313158,7.641887231810657e-05,2.3342253491713e-47,0.0004873325163926396,2.783698128804475e-29,6.185129482524659e-120,1.8153795978127183e-29,0.9563493293981576
183,0.8062099885504429,-0.5912058065772599,8,0.9683295982862024,0.031572071441280755,5.147958708702499e-06,3.056452073420242e-52,9.318231380813886e-05,1.6716081317953916e-27,1.3599274503178518e-131,4.2589355525075777e-32,0.9683295982862024
184,0.8118056699363386,-0.6268666055658579,8,0.9715842299215912,0.028351238755379794,3.1765382499092583e-06,9.025554464791286e-54,6.13547847790861e-05,8.200804211198931e-26,2.7404516692569215e-135,6.254157816842947e-33,0.9715842299215912
185,0.8173277779494069,-0.8274040353442302,8,0.9807115086314487,0.019279007994828408,7.860345186868993e-08,1.2446323258311776e-60,9.404770271016817e-06,2.6134211633148713e-24,4.046080114325686e-152,1.6161621184784144e-36,0.9807115086314487
186,0.8227758121249105,-0.5772750194968852,8,0.971283296034197,0.02860936789115034,1.3359634920003465e-05,6.022932669104567e-53,9.397643973257801e-05,1.2959022209653606e-22,2.653677394639976e-133,1.5099730717505797e-32,0.971283296034197
187,0.8281492787113708,-1.0858445534406165,8,0.9879873330278925,0.01201113341675022,1.0712367504791714e-09,6.47885025213057e-70,1.5324841205511454e-06,1.3280021146651635e-21,1.5784795471996955e-175,2.9564744138038134e-41,0.9879873330278925
188,0.8334476907153177,-0.5851896215880709,8,0.9732448750493164,0.026656800128170025,1.744381311496006e-05,6.102565978680177e-54,8.088100939862111e-05,9.854470550658096e-20,1.0294140901072494e-135,4.067109891823747e-33,0.9732448750493164
189,0.838670567945424,-0.5320023012534759,8,0.9717117497754794,0.02809282563378985,5.857185317145226e-05,1.3783513555350744e-52,0.000136852737559321,2.403048547392593e-18,1.8161948056536036e-132,2.0001247271060964e-32,0.9717117497754794
190,0.8438174370560263,-0.4882473534889011,8,0.9704911675379049,0.029134772000607892,0.00016057352370549911,1.5753594299393524e-51,0.00021348693778164296,5.026233008380755e-17,5.9459547982589515e-130,6.928299927189777e-32,0.9704911675379049
191,0.8488878315900227,-0.841393383958698,8,0.9821154368801553,0.017876392259556763,2.944853917435707e-07,2.1770754913896048e-63,7.876374895761398e-06,3.0124628963388925e-16,6.524003354764559e-159,4.5864201624438504e-38,0.9821154368801553
192,0.8538812920211482,-0.4755044606347773,8,0.970962611267713,0.02851938252852549,0.00028406304189586707,8.44361732672931e-52,0.00023394316185342017,1.218870726270915e-14,1.2336418637164623e-130,4.5668565190820385e-32,0.970962611267713
193,0.8587973657956209,-0.7206016690274455,8,0.9788946779592597,0.021080232442665627,4.03670583602357e-06,3.970904868752169e-60,2.105289217040458e-05,6.825474244140851e-14,8.022239224605901e-151,1.963330655941927e-36,0.9788946779592597
194,0.863635607373157,-0.6666105578112986,8,0.9774062947322218,0.02254694820975437,1.2842843856541115e-05,1.0714452154552205e-58,3.391421332147569e-05,8.45766556945196e-13,2.568998031086438e-147,1.0342923134083596e-35,0.9774062947322218
195,0.8683955782673496,-0.3522858027570084,8,0.9638615192793826,0.031176326740745774,0.004063319947610937,8.653304705425602e-49,0.0008988340089842812,2.3276397136899287e-11,1.3770804193857948e-123,1.6370574673353492e-30,0.9638615192793826
196,0.8730768470854081,-0.0847598832829474,8,0.6001364242555831,0.024441096083018993,0.35709253229173615,1.0377630119886783e-40,0.01832994707160305,2.980585120656671e-10,9.593293176554997e-105,3.1569563885543834e-26,0.6001364242555831
197,0.8776789895672557,-0.4689772349595208,8,0.9713191091936638,0.027774749690020972,0.0006694414022790844,3.4065227202710936e-53,0.00023669874669612575,9.67340023464299e-10,4.528368805967034e-134,6.999986416154857e-33,0.9713191091936638
198,0.8822015886239788,-0.6342910032170714,8,0.9757984020072998,0.024109394227837186,4.58024364541195e-05,6.241787931268496e-59,4.6398248326716177e-05,3.0800820847920775e-09,6.1947065642710755e-148,6.837339584507753e-36,0.9757984020072998
199,0.8866442343756287,-0.4247180719681951,8,0.9688078832299396,0.028961439207523546,0.0018504762675584008,2.381147099361282e-52,0.000380156707287871,4.458769058706223e-08,4.127314779795035e-132,1.8455284390354152e-32,0.9688078832299396
200,0.8910065241883679,-0.2661846682397176,8,0.936166502494435,0.03155642564086605,0.029940136733461895,1.7410613122177106e-47,0.0023364775207267005,4.576105102827375e-07,1.0769648225247095e-120,6.998488134624955e-30,0.936166502494435
201,0.8952880627109605,-0.3212881799969425,8,0.9546674971502027,0.031058377923904305,0.013055206895970539,1.5099715476405529e-49,0.0012171402769721312,1.7777529503017472e-06,1.4878461347614257e-125,5.399016557509288e-31,0.9546674971502027
202,0.8994884619106032,0.1116780621233896,2,0.9405751687622498,0.001589611279598719,0.9405751687622498,3.0620357095851853e-37,0.01919760450397183,2.1112375414239014e-06,7.790047641739751e-96,6.782609548005871e-25,0.0386355042166382
203,0.9036073411080916,-0.5714292454145147,8,0.9720116809012361,0.027621156019414565,0.0002698514388846632,2.495317708515194e-58,8.895462815832835e-05,8.357012306292073e-06,1.4746482484404384e-146,1.2356334810718033e-35,0.9720116809012361
204,0.907644327012322,-0.369293832717637,8,0.9601592225158565,0.03123122705631475,0.007810542528246765,6.325643564194297e-52,0.0007131047210211224,8.590317856090445e-05,2.9867475679642904e-131,2.755608216185711e-32,0.9601592225158565
205,0.9115990537541212,-0.1012968943732284,8,0.5674985380666377,0.02098493671541473,0.39906007636226887,1.1844955681257245e-43,0.01177961111313264,0.0006768377425459089,8.485060555873473e-112,6.007777099377056e-28,0.5674985380666377
206,0.915471162919406,-0.1051517380753614,8,0.5722154021739888,0.021214536476260648,0.3932299692707689,5.156097740527825e-44,0.01124065340803997,0.002099438670941522,1.1396887432346904e-112,3.7676700108898378e-28,0.5722154021739888
207,0.9192603035816655,-0.7836658034668175,8,0.9721459772687815,0.027650705457368727,1.763183011094205e-05,1.5432716329479562e-66,1.7208032383354928e-05,0.0001684774113555402,8.439468047909647e-167,7.211284776838959e-40,0.9721459772687815
208,0.9229661323337656,-0.3855526986123795,8,0.9526649557565853,0.033082092065468444,0.008457084681623732,1.7960169822802815e-53,0.0006244206552975131,0.005171446841025033,4.924366926012041e-135,3.9148222245331176e-33,0.9526649557565853
209,0.9265883133190714,-0.0791730963688598,2,0.5026258236924325,0.016550614113915778,0.5026258236924325,5.650282596220441e-44,0.012160617864398838,0.0349171972843944,1.4741584690956825e-112,3.348463016473087e-28,0.4337457470448584
210,0.930126518261886,0.2108893572217441,2,0.9677600482555808,0.0003090097967638184,0.9677600482555808,1.5233881018170522e-36,0.016681803610433008,0.007431066553336332,6.493906071481353e-94,7.259131680760466e-25,0.007818071783886058
211,0.9335804264972016,-0.2176087727951365,8,0.7380707565235802,0.02833133429026722,0.10613907144203098,1.019882520877738e-48,0.0035142962176047377,0.12394454152651675,7.740522138704842e-124,1.135243634843999e-30,0.7380707565235802
212,0.9369497249997616,-0.4230368383383951,8,0.8863756023193808,0.03373363587221785,0.0060999947345835095,1.1325880475945324e-55,0.0004260805634602859,0.07336468651035749,2.406678435144476e-140,2.5210167602032727e-34,0.8863756023193808
213,0.9402341084124294,-0.5423693684493188,8,0.9071449731113518,0.03489839692500229,0.001179194914172052,6.963280315107337e-60,0.00014097581082502162,0.0566364592386489,1.6400386381368433e-150,1.6275911776858275e-36,0.9071449731113518
214,0.9434332790738624,0.112186237059896,2,0.6990148586356563,0.001140156787411763,0.6990148586356563,6.0684884357473e-40,0.01263338252099505,0.2588887901469402,2.929919683433142e-102,1.546603783102765e-26,0.028322811908996732
215,0.94654694704549,-0.176817764368982,5,0.6290476036681772,0.011339762678434236,0.08507544173693658,1.276105686392833e-48,0.0022761588511854337,0.6290476036681772,3.412328312426527e-123,7.811053753468108e-31,0.2722610330652665
216,0.9495748301377892,-0.4831538803195847,8,0.7017728909533343,0.03004399761929499,0.0027181217904803812,1.2496176234383564e-58,0.00020784652378629372,0.265257143113104,2.1188985331967395e-147,6.280352383271606e-36,0.7017728909533343
217,0.9525166539358604,-0.3451177655366632,5,0.5926372462563894,0.016714313866757684,0.011129831778451987,1.863160230779134e-54,0.0004688393338272864,0.5926372462563894,4.2410799185366667e-137,7.0863634366075366e-34,0.3790497687645737
218,0.9553721518242968,-0.2333675908364592,5,0.8094209334202063,0.007114222812332481,0.024094918785367125,2.75033140700803e-51,0.0007078204661711752,0.8094209334202063,3.524548056646396e-129,2.2381136881066593e-32,0.15866210451592294
219,0.9581410650113468,-0.1775351930205568,5,0.8829551605351078,0.003798460667783913,0.029096317306847988,6.967776492852841e-50,0.0007423971075660246,0.8829551605351078,1.3890418392667567e-125,9.29962635902207e-32,0.08340766438269424
220,0.96082314255237,-0.4570859380521638,5,0.5891950818961876,0.018986490506127808,0.0028139999895643525,9.344681145891093e-59,0.00016697224474739259,0.5891950818961876,1.9076519680062073e-147,3.995482430442679e-36,0.3888374553633729
221,0.963418141372579,-0.3908408538984774,5,0.7496031112352414,0.011686151671773845,0.0044321371709989,6.52958382552715e-57,0.0001994229458574878,0.7496031112352414,9.384297400453911e-143,2.8576961408558805e-35,0.2340791769761284
222,0.9659258262890684,-0.5894059575771128,8,0.5691175560700837,0.030295524534518135,0.0007858732947327602,1.9946573888603912e-63,7.971011336470939e-05,0.3997213359873007,4.861801401839273e-159,1.8722267330772623e-38,0.5691175560700837
223,0.9683459700321304,-0.0416594054239819,5,0.9535264956201955,0.0006058780859613024,0.03252333020544073,8.015913669471397e-47,0.0006884284110210544,0.9535264956201955,1.2162589153605729e-117,1.729864033659263e-30,0.012655867677381458
224,0.9706783532658524,-0.3087057527950557,5,0.8989293738606243,0.004818823345923994,0.005905289471389736,4.966762488466351e-55,0.00019721847914770524,0.8989293738606243,8.273974825815445e-138,1.755271574369954e-34,0.0901492948429142
225,0.972922764607994,-0.1378661400446146,5,0.963291503986527,0.001081347213133414,0.01439280427896156,4.405386150544938e-50,0.00034064419135416,0.963291503986527,1.8788423579573955e-125,3.7814629102831466e-32,0.020893700330023992
226,0.9750790006491444,0.0625937685844767,5,0.9541969542237362,0.0001785865850130468,0.04105588315810842,2.588844533590086e-44,0.0008824320049124105,0.9541969542237362,2.102510915953356e-111,2.3021474147455666e-29,0.003686144028229963
227,0.9771468659711596,-0.1685912610781875,5,0.9648836877189815,0.0012549784958146683,0.010706699116714137,2.4823388167960374e-51,0.0002664150735373815,0.9648836877189815,1.8918817032360327e-128,8.449232909710863e-33,0.02288821959495235
228,0.9791261731648692,-0.2258474765233559,5,0.9546768450012576,0.0020285201708536596,0.00780372612389189,3.4526401325460004e-53,0.00021350059504732878,0.9546768450012576,4.8211494495811094e-133,1.0613559630397518e-33,0.03527740810894954
229,0.9810167428470652,-0.1551387570273443,5,0.9690508616990964,0.0010700921785353201,0.010829291228066099,3.3061043206024334e-51,0.00026734383086679113,0.9690508616990964,4.2085015894595377e-128,8.984985449272722e-33,0.018782411063435256
230,0.9828184036767555,-0.1719364275958,5,0.9672571118377545,0.0012494344183265344,0.00994974820180633,7.917938563446162e-52,0.0002522530108188258,0.9672571118377545,1.229142953793614e-129,4.4420100935380915e-33,0.021291452531293806
231,0.9845309923706962,0.0740224831629828,5,0.9645314164444203,0.00013214014658273834,0.03204979268502893,1.1773607006522122e-44,0.0007586823713099091,0.9645314164444203,4.0341870224197666e-112,1.2603466032899717e-29,0.002527968352658226
232,0.9861543537181866,-0.1036623257466161,5,0.9735412199667717,0.0006892987857083557,0.013740396137134155,5.265761907370373e-50,0.00033094118173790957,0.9735412199667717,3.894270020483555e-125,3.1854615903680944e-32,0.011698143928647809
233,0.9876883405951378,-0.2653146689560134,5,0.9400985614297934,0.003233502388815455,0.007141642725237145,6.485711074613856e-55,0.00021177482409065847,0.9400985614297934,2.1496134240956332e-137,1.5218635160603612e-34,0.04931451863206325
234,0.9891328139774056,0.0625450640966194,5,0.9667981391463011,0.00015227857141881132,0.02955224491107795,2.875643122580786e-45,0.0007315441388348592,0.9667981391463011,1.28004812752039e-113,6.0819257671373746e-30,0.002765793232367289
235,0.9904876429533908,0.1084951664979416,5,0.9603688259231944,0.00010119212017113247,0.036698277521001896,5.418809922918917e-44,0.000961805857655008,0.9603688259231944,1.4160021309086834e-110,2.548578911414535e-29,0.0018698985779775255
236,0.9917527047359028,-0.3958323168851854,5,0.816745077054669,0.01237814163320605,0.004883343772923459,4.413814510187886e-59,0.00019464684362462402,0.816745077054669,4.8511815524153994e-148,1.790054017166574e-36,0.16579879069557688
237,0.9929278846732884,0.1878377142963159,5,0.9438916000037428,5.0185222261608906e-05,0.05347475339466857,8.478966145195076e-42,0.0016243920608890851,0.9438916000037428,2.1582864007741234e-105,3.070406042059985e-28,0.0009590693184378368
238,0.9940130762598222,-0.0363188197272659,5,0.9703943439162387,0.00045700351095943903,0.02125323366270262,1.98401253842498e-48,0.0005341348422770896,0.9703943439162387,2.17078842866287e-121,1.8281763467425867e-31,0.007361284067822128
239,0.9950081811453596,-0.043139393788463,5,0.9694122194865955,0.0005115482600598983,0.021430165970199238,1.1244363342591062e-48,0.0005436429957242599,0.9694122194865955,5.070273693424555e-122,1.4076084469512587e-31,0.008102423287421102
240,0.9959131091442496,0.1110083772563879,5,0.9563978429506543,0.0001170711179031944,0.04029074407892714,3.4830880663305397e-44,0.0011432186915255461,0.9563978429506543,3.799089705060578e-111,2.0940971055841435e-29,0.0020511231609898653
241,0.9967277782435088,-0.194226807184037,5,0.948363680591134,0.0025108585192273013,0.013645186306013773,3.1533420686164147e-53,0.0003774629022412558,0.948363680591134,2.2456664481730147e-133,1.0214171338380753e-33,0.035102811681383676
242,0.9974521146102536,0.1194937196389525,5,0.9530790719805304,0.00011542132737584229,0.04352497584809944,5.297432001528403e-44,0.001278062552747046,0.9530790719805304,9.38040532075635e-111,2.611902823994133e-29,0.0020024682912472666
243,0.9980860525983922,-0.1371954659432139,5,0.9580077348943188,0.001554853158270949,0.017802172483282246,1.3803520983039366e-51,0.00047503431072045565,0.9580077348943188,2.5356416581536373e-129,6.166976513609722e-33,0.022160205153407622
244,0.9986295347545738,-0.3473260921850114,5,0.8264000442638828,0.012349379815505036,0.009041692939942324,6.538037619944351e-58,0.0003205819867170583,0.8264000442638828,2.778584696868522e-145,7.040831060033342e-36,0.15188830099395284
245,0.9990825118233956,-0.2423780531409893,5,0.9193289334304671,0.004745852887595673,0.013489218856672078,9.288963632525173e-55,0.0003997738738848729,0.9193289334304671,2.567697134259927e-137,2.0749644680674005e-34,0.0620362209513803
246,0.9994449427518668,0.0800906095466892,5,0.9552438739965057,0.00019022813315946335,0.04027499775581136,3.0981296606957365e-45,0.001160437700635737,0.9552438739965057,8.681858975576426e-114,6.766197587171375e-30,0.00313046241388778
247,0.999716794693129,-0.2128913655450391,5,0.9312187003835968,0.0037203722075177877,0.015479356089011803,6.706681083008368e-54,0.0004443247181394431,0.9312187003835968,3.512109278530993e-135,5.2889481041159906e-34,0.04913724660173413
248,0.9998980430094332,0.3077357433481426,5,0.8957831676003934,1.9779538301631302e-05,0.09927130100065941,1.2578772200198853e-38,0.004534340040489378,0.8957831676003934,4.086000880348949e-98,1.2123719716562185e-26,0.00039141182015609016
249,0.9999886712743732,0.2330967197937359,5,0.9227545815547388,4.2115873407708413e-05,0.07364123192552506,8.585297397181475e-41,0.002781119013890112,0.9227545815547388,3.3594763528037093e-103,1.0185060598853746e-27,0.000780951632438323
250,0.9999886712743732,0.2714478041007856,5,0.9100157221636077,2.863385675345878e-05,0.08584723069100637,1.1121692971451308e-39,0.0035597729982659305,0.9100157221636077,1.392214215042839e-100,3.625616109862216e-27,0.000548640290366578
251,0.9998980430094332,0.0392351972252696,5,0.9585249862740914,0.00029524534216151773,0.03550962732814578,1.888473235210862e-46,0.0009894583770616281,0.9585249862740914,9.501119508913567e-117,1.768436464800053e-30,0.004680682678539623
252,0.999716794693129,0.0753700210050994,5,0.9552797829466162,0.0002027281400531083,0.04005153783886206,2.2005251745405048e-45,0.001152548841972504,0.9552797829466162,3.712670023218244e-114,5.761259415546966e-30,0.0033134022324960858
253,0.9994449427518668,-0.2054286138148994,5,0.9354960361541911,0.003384590198860156,0.015559592373035563,1.146021039545761e-53,0.00044241342743173986,0.9354960361541911,1.3874258341512263e-134,6.744673490541016e-34,0.04511736784648145
254,0.9990825118233956,0.2419834993511005,5,0.921965684597969,3.686568132139836e-05,0.07448169144808993,1.6882429860142147e-40,0.002821070770935016,0.921965684597969,1.7700493660889479e-102,1.4068089859288677e-27,0.0006946875016845543
255,0.9986295347545738,0.1283026472503609,5,0.9497379389904478,0.00011216051428897176,0.046797751914484424,8.582243249339104e-44,0.0014172514515738684,0.9497379389904478,2.736048892674983e-110,3.356680843272041e-29,0.0019348971292049353
256,0.9980860525983922,0.1753014970540949,5,0.9415161011042148,6.837549660116822e-05,0.05538911782504767,2.126525393014236e-42,0.0017947848843403583,0.9415161011042148,6.059822713035084e-107,1.60527187404628e-28,0.0012316206897958753
257,0.9974521146102536,0.4090015454898087,5,0.8431314741996018,6.4908112500079804e-06,0.1478900195463303,1.3069149431753923e-35,0.008828953489733095,0.8431314741996018,4.579780073688797e-91,3.90513921317956e-25,0.00014306195308476247
258,0.9967277782435088,-0.0403610678063207,5,0.9672219938199651,0.000543957050594591,0.02318558520261261,1.1445922432454163e-48,0.0005986777196442047,0.9672219938199651,4.697886169070995e-122,1.4517524158289483e-31,0.008449786207183521
259,0.9959131091442496,0.0650882390874514,5,0.9622919564018293,0.00018385784602076508,0.03350653501746513,1.5702112275295485e-45,0.0009048969066362548,0.9622919564018293,2.1830856743960667e-114,4.6367779940554914e-30,0.0031127538280486433
260,0.9950081811453596,0.1651275681262162,5,0.9476288400914253,6.658921179885483e-05,0.04957833743083475,1.463348888737945e-42,0.001499531712297282,0.9476288400914253,3.020564874453715e-107,1.2996341095351097e-28,0.001226701553643704
261,0.9940130762598222,-0.0778259067227782,5,0.9699628509859473,0.0006861519026529231,0.01814511239819023,1.178397517804504e-49,0.0004574612296103765,0.9699628509859473,2.098949202373985e-124,4.7519427912468706e-32,0.01074842348359928
262,0.9929278846732884,0.0811992984019372,5,0.963113399782573,0.00014003266214374896,0.033389908107783146,6.423192825874659e-45,0.0008796219859498145,0.963113399782573,7.700726140995396e-113,9.004368672985114e-30,0.0024770374615502994
263,0.9917527047359028,0.2267561536144867,5,0.9334212172137162,3.369181847456843e-05,0.06383123310850025,1.3264873837596493e-40,0.002044211145141441,0.9334212172137162,1.4847328287340794e-102,1.2031234971175829e-27,0.0006696467141674952
264,0.9904876429533908,0.0725174504991625,5,0.9653258997257209,0.00014237593874540387,0.031174149837104217,4.764002802540371e-45,0.0007901428037544687,0.9653258997257209,4.1416390936729437e-113,7.756636359448964e-30,0.002567431694674938
265,0.9891328139774056,0.4088226292271532,5,0.830593758365291,5.728093511843993e-06,0.16133026548331084,3.3747723766197554e-35,0.007937095538292766,0.830593758365291,5.474054849832224e-90,6.464473277018245e-25,0.0001331525195935414
266,0.9876883405951378,-0.1457504473231679,5,0.9698092967018654,0.0010544297755418451,0.011687169546789746,2.410587722279309e-51,0.00029360988027723296,0.9698092967018654,1.8337090051819083e-128,7.296478521512041e-33,0.017155494095525817
267,0.9861543537181866,0.3903842533010425,5,0.8327481897441713,6.945757145517199e-06,0.16011565158984584,1.494037024085304e-35,0.006967251072761472,0.8327481897441713,8.763632861819331e-91,4.431109677119359e-25,0.00016196183607583074
268,0.9845309923706962,0.3074476113758071,5,0.8866753276963748,1.5527629657001983e-05,0.10928807524068933,7.700081128590299e-38,0.003676206737020601,0.8866753276963748,4.6762645591218605e-96,3.14635007553069e-26,0.0003448626962582662
269,0.9828184036767555,0.0708094308545272,5,0.9639136988622101,0.0001373645639512424,0.03252967990783009,1.2246591873776727e-44,0.0007546082707518507,0.9639136988622101,4.403813812588789e-112,1.3183303809426725e-29,0.0026646483952566455
270,0.9810167428470652,0.0090413387581315,5,0.9699767185507101,0.00024434297617917746,0.02457013226512209,2.4523355306521642e-46,0.0005505578019128867,0.9699767185507101,3.5024251081365865e-116,2.0062294314755865e-30,0.004658248406075835
271,0.9791261731648692,-0.212803142114948,5,0.9580399862337419,0.0018075783027694417,0.008318603035545708,8.488056774008605e-53,0.00022244989606204702,0.9580399862337419,4.549562874027098e-132,1.6256234206649595e-33,0.03161138253188094
272,0.9771468659711596,0.0535302870702098,5,0.9599799931859165,0.00017952389546006494,0.035440372594614085,9.649961454723174e-45,0.0007734923501688163,0.9599799931859165,2.171050608205075e-112,1.3300718706403022e-29,0.003626617973840569
273,0.9750790006491448,0.4312932641313879,5,0.6517113601678143,6.100176550490997e-06,0.334937095057654,1.1946418501264395e-33,0.013191771720715145,0.6517113601678143,1.707983397327122e-86,5.269372941406476e-24,0.00015367287726608415
274,0.972922764607994,0.2199133246255382,5,0.8765344743137803,5.033421204693259e-05,0.11942445401018788,1.5701804958444288e-39,0.002851682113454667,0.8765344743137803,3.822455532357059e-100,6.0363129827181016e-27,0.0011390553505301227
275,0.9706783532658524,0.4729782355193608,2,0.5113696544667174,4.449575118954236e-06,0.5113696544667174,3.4376476424204164e-32,0.021038168579830326,0.4674714218305851,3.424935089366791e-83,3.2181920709311794e-23,0.00011630554774814258
276,0.9683459700321304,0.125637649220028,5,0.9015105880912752,0.00014980604786851804,0.09306721327596261,6.901221147202346e-42,0.0019351617230005138,0.9015105880912752,7.893615650991268e-106,4.7884915504418605e-28,0.003337230861893222
277,0.9659258262890684,0.4002402771238332,2,0.5050939719513042,1.2264359814264893e-05,0.5050939719513042,7.54390838474027e-34,0.01547566999493618,0.4791059603203175,4.283426636257753e-87,5.552581203854879e-24,0.00031213337362786625
278,0.963418141372579,0.1245030498564945,5,0.8521623069740332,0.00021768403458767495,0.13983723078432936,1.8336259544301816e-41,0.0027922102304900414,0.8521623069740332,5.074219321444776e-105,9.88989682537051e-28,0.004990567976559774
279,0.96082314255237,0.084047205301038,5,0.8510899544103379,0.0003823058645063749,0.1370800348739663,2.163860941620682e-42,0.0026717382867314276,0.8510899544103379,2.4019419125584507e-107,3.922539865019782e-28,0.008775966564458035
280,0.9581410650113468,0.2648710803640452,5,0.5058896105898117,8.363410450357015e-05,0.4816857369328855,5.648973584563624e-37,0.010283034565031452,0.5058896105898117,1.2770443577624277e-94,2.1569501180105073e-25,0.0020579838077677904
281,0.9553721518242968,0.1624115919382007,5,0.6169004500690157,0.0002998912406485787,0.3685241942947619,1.343247978592169e-39,0.00705013025354548,0.6169004500690157,5.800151357973887e-101,1.2794944846837174e-26,0.007225334142028242
282,0.9525166539358604,-0.0040779375375355,5,0.7748455552361062,0.0017817769849636047,0.17789100274633293,4.1536725269383446e-44,0.003515727689216097,0.7748455552361062,6.38445187891818e-112,9.173743616408411e-29,0.04196593734338114
283,0.9495748301377892,0.2770775547991025,2,0.7895295868332498,0.0001021721231129161,0.7895295868332498,5.316845194740057e-36,0.015735808644745736,0.1920592741545073,1.7676700504546474e-92,8.5597205156572e-25,0.0025731582443842094
284,0.94654694704549,0.3438531649483917,2,0.9127002464329014,3.950407258673565e-05,0.9127002464329014,4.342549331307213e-34,0.01927996833897015,0.0669674786560895,7.610456363894882e-88,6.990192865925192e-24,0.0010128024994522995
285,0.9434332790738624,0.5852341567454873,2,0.9624614763059188,7.780922790467307e-07,0.9624614763059188,6.412068131484277e-28,0.034560564626869364,0.0029561407050283576,5.4890974810456346e-73,4.991090193843823e-21,2.1040269904411682e-05
286,0.9402341084124294,0.5278898733884527,2,0.9693583506941782,1.9109507345582695e-06,0.9693583506941782,3.4809993848992673e-29,0.027935394288531354,0.002653847948306494,5.987439516369907e-76,1.3263927677576393e-21,5.049611824944628e-05
287,0.9369497249997616,0.5934528194456646,2,0.9673138772050462,6.020709927443804e-07,0.9673138772050462,1.914435021329452e-27,0.03211211300321682,0.0005574847268272234,9.168886449724486e-72,8.636530284503575e-21,1.5922993916976165e-05
288,0.9335804264972016,0.502439449224002,2,0.9750915259044474,2.639790403209287e-06,0.9750915259044474,1.6549165324578314e-29,0.024161649334406232,0.0006761976728036102,1.2155314067044801e-76,9.979980145317446e-22,6.79872979396145e-05
289,0.930126518261886,0.4337617926480782,2,0.9787976195183952,7.974498263507151e-06,0.9787976195183952,5.055230599534047e-31,0.02038793537007958,0.0006045568296539725,2.8563810007073266e-80,2.118603725442921e-22,0.00020191378360771454
290,0.9265883133190714,0.1302882682442212,2,0.9468663281694769,0.0011041643471050957,0.9468663281694769,2.244137367451776e-38,0.016748000252068497,0.007205295140849648,1.533697281948092e-98,1.2102869538889068e-25,0.028076212090499934
291,0.9229661323337656,0.4148556141914382,2,0.9808752276717021,1.0171424313222099e-05,0.9808752276717021,3.8827690676814584e-31,0.018763397677783147,0.00010029588536160205,1.6979490331574437e-80,2.0525504040606261e-22,0.00025090734083990293
292,0.9192603035816655,0.5130089736281043,2,0.9785763922800798,1.8300805523849164e-06,0.9785763922800798,1.335446036244726e-28,0.02136854202515265,9.174590085894555e-06,2.6287895223417592e-74,2.9852548886005373e-21,4.406102412932933e-05
293,0.915471162919406,0.693871175353155,2,0.9676858127314248,7.28446021193942e-08,0.9676858127314248,3.522306909668063e-24,0.032312208526864644,2.1766455006249747e-07,9.616592528095105e-64,3.2520625458974884e-19,1.6882325583144268e-06
294,0.9115990537541212,0.5483381934032318,2,0.9785122394614225,9.072436507481866e-07,0.9785122394614225,2.0374900004734884e-27,0.02146574470383757,4.279385778266049e-07,2.2102582866379046e-71,1.1182076874603276e-20,2.0680652511332017e-05
295,0.907644327012322,0.667816815622581,2,0.9726767095682818,1.032384416427511e-07,0.9726767095682818,1.822700635388023e-24,0.0273209349625999,1.7881168381583016e-08,2.6497452395563915e-64,2.5687145193573335e-19,2.234349508292645e-06
296,0.9036073411080916,0.2219621533225335,2,0.9768115673863599,0.000248090053613939,0.9768115673863599,8.575500557583665e-35,0.017075104313267708,2.1770327645982233e-06,1.4264919678487564e-89,7.005234379436908e-24,0.005863061213993856
297,0.8994884619106032,0.3716609871397406,2,0.9827962846271188,1.860040674632737e-05,0.9827962846271188,5.35725468926042e-31,0.0167785204397303,5.874737072023562e-08,4.623806630565984e-80,3.40422457413005e-22,0.0004065357790339348
298,0.8952880627109605,0.5313578359037436,2,0.9809997084296637,1.0629093448254353e-06,0.9809997084296637,4.525020146349588e-27,0.018978053138550173,9.961578679095068e-10,2.074044730366573e-70,1.9825835722957637e-20,2.11745262834182e-05
299,0.8910065241883679,0.6861810378880591,2,0.9753222001595456,6.028003226518289e-08,0.9753222001595456,2.3059108459362473e-23,0.024676655664201835,1.3104299823677973e-11,1.7297003859919616e-61,9.73172542574722e-19,1.0838831160157875e-06
300,0.8866442343756287,0.433406432302411,2,0.982613139195362,6.022721925155446e-06,0.982613139195362,6.546263035701787e-29,0.017265699371230354,1.1045384527214716e-10,7.07887391199388e-75,3.529595273148594e-21,0.00011513860102864498
301,0.8822015886239788,0.4543827196591943,2,0.9824099470945982,4.0859177790703956e-06,0.9824099470945982,3.2829260285026375e-28,0.017512116622738026,1.0447457150677462e-11,3.850992962886563e-73,7.759649476101862e-21,7.385035443729929e-05
302,0.8776789895672557,0.6166770479206525,2,0.9796924415130841,1.9847775971235676e-07,0.9796924415130841,2.3936566865069813e-24,0.020304252177971757,7.607944915681894e-14,1.0424122614301885e-63,4.2186672719716727e-19,3.1078311083302644e-06
303,0.8730768470854081,0.2624084625258713,2,0.9772213297336524,0.00013817364922247047,0.9772213297336524,3.9673277516988643e-32,0.020063845342469588,3.2516212270611787e-12,5.364027085096029e-83,1.9718491932400366e-22,0.0025766512714039697
304,0.8683955782673496,0.8173529898862271,2,0.9705278997971964,3.942671589689443e-09,0.9705278997971964,1.346026455549167e-19,0.029472048506969464,1.4643471819825404e-17,2.2964261448353557e-52,6.49852856639109e-17,4.775316241338724e-08
305,0.863635607373157,0.328289372731295,2,0.9789268748744591,4.407623198015673e-05,0.9789268748744591,4.168986030640616e-30,0.020323023508874726,8.946082426947876e-15,6.25113572462242e-78,1.7947015730217544e-21,0.0007060253846771448
306,0.8587973657956209,0.1285975303426763,2,0.9353186588701274,0.001780488931095671,0.9353186588701274,2.227294717401375e-34,0.030563348613809316,2.2205150534035618e-14,5.7261413415671656e-89,3.379861508406146e-23,0.032337503584945415
307,0.8538812920211482,0.5224812096775884,2,0.9801488891575757,1.1647906644584403e-06,0.9801488891575757,2.5793994268287197e-25,0.019836119897741745,1.080523114927418e-18,5.577001150220015e-66,2.4879859627602963e-19,1.382615401810993e-05
308,0.8488878315900227,0.868264771737955,2,0.9692528019383283,1.2201238616409466e-09,0.9692528019383283,8.44145527880994e-18,0.030747186994557515,4.6325711728096296e-23,6.081982029140846e-48,5.442413955237903e-16,9.846989850812422e-09
309,0.8438174370560262,0.653920976419923,2,0.9779850309807677,8.996843691002685e-08,0.9779850309807677,4.7955202370543315e-22,0.022014083522325173,1.6333340796004095e-22,5.671203753211561e-58,7.93920430954325e-18,7.955284701562281e-07
310,0.838670567945424,0.6948571436157536,2,0.9767226285401978,3.9777095911460516e-08,0.9767226285401978,5.746291058895013e-21,0.023277026028150637,2.41327901807956e-24,2.3855551103796464e-55,2.5885681433682306e-17,3.0565455569749594e-07
311,0.8334476907153177,0.5608755118883254,2,0.9767784975331418,6.031950935330809e-07,0.9767784975331418,1.626881431926223e-23,0.02321607126586213,1.3079943900503315e-24,1.4682493705633747e-61,2.3492732425873416e-18,4.828005902476878e-06
312,0.8281492787113708,0.5300321027866586,2,0.9750587650502688,1.1682594091956931e-06,0.9750587650502688,6.692533908117644e-24,0.024931318853551557,6.914835197552341e-26,1.5605204993979564e-62,1.8490603220116444e-18,8.747836770459376e-06
313,0.8227758121249105,0.2593841727293044,2,0.9539066937681042,0.00027544758773004785,0.9539066937681042,2.54584725278228e-29,0.043172030103239036,5.808305839494976e-25,2.0927255143061342e-76,1.2954750841659353e-20,0.002645828540926749
314,0.817327777949407,0.1242957288619155,2,0.8795454081173296,0.004113322276366229,0.8795454081173296,6.449699616939988e-32,0.0725876587316544,2.2387084905157446e-25,2.5091081473627573e-83,1.4289590075129054e-21,0.0437536108746498
315,0.8118056699363386,0.6231821637766631,2,0.9710630451320102,2.001768811971014e-07,0.9710630451320102,3.2370376301161482e-21,0.028935816767286657,5.689491608993023e-32,6.147444049592935e-56,3.802870153320345e-17,9.379238218255243e-07
316,0.8062099885504429,0.8541393296487996,2,0.9671363929192446,1.5324666374619139e-09,0.9671363929192446,1.892618483849291e-16,0.032863600997601904,2.4566727087631354e-36,2.0861692834578865e-44,4.58169058277342e-15,4.550682106530766e-09
317,0.8005412409243604,0.66810440747696,2,0.9670448331096995,8.674979228851769e-08,0.9670448331096995,8.299259253903846e-20,0.032954790178775346,2.6077600041392654e-36,1.680476190189697e-52,1.9973296017194777e-16,2.8996173272445163e-07
318,0.7947999408126729,0.731591435541922,2,0.9650417787208454,2.3467556662038443e-08,0.9650417787208454,2.5330523045010027e-18,0.034958136548396974,4.456869452878032e-39,7.024674715087392e-49,9.697222108956061e-16,6.126320005238336e-08
319,0.7889866085453427,0.9311539025426988,2,0.9589596017311244,3.030782219390352e-10,0.9589596017311244,2.4389673584604713e-14,0.041040397474352217,1.492660913491648e-43,2.4200658280267168e-39,5.390946187433927e-14,4.913668358464991e-10
320,0.7831017709805553,0.6876469434075339,2,0.9572900752333489,7.024267850855969e-08,0.9572900752333489,1.2385906839369242e-18,0.04270971189548494,5.65230369467297e-43,1.1213640852499756e-49,1.0060479072326783e-15,1.4262848669362227e-07
321,0.7771459614569709,0.6047893709883136,2,0.9472149177206938,4.738734105399882e-07,0.9472149177206938,6.425654007385352e-20,0.052783666550116674,2.515575922172271e-44,6.408797242510768e-53,3.665007954453316e-16,9.418557786443906e-07
322,0.7711197197453876,0.4729852129890751,2,0.9200617458619272,9.446259762391917e-06,0.9200617458619272,4.039742083326094e-22,0.0799084585489354,3.6191557324562246e-45,1.3363577466583324e-58,6.097146425486058e-17,2.034932937494575e-05
323,0.7650235919998232,1.0484447670032726,2,0.9404882520093863,2.3756004037833837e-11,0.9404882520093863,2.2135189705078833e-11,0.05951174792864142,8.632880499640796e-55,2.564708356621038e-32,1.7027873347587278e-12,1.4378187993587844e-11
324,0.758858130708017,0.7565655250612178,2,0.9368204953667654,2.1702714257277993e-08,0.9368204953667654,2.848105549967474e-16,0.06317946437775589,1.0525535216657192e-53,5.5640210307131895e-44,1.9405327051132722e-14,1.8552744736879997e-08
325,0.7526238946413587,0.4697303180010649,2,0.8684513940438593,1.562986542614769e-05,0.8684513940438593,3.357621395806825e-21,0.13151301490809378,8.546662626111551e-53,1.5530448950828284e-56,2.844963278424705e-16,1.9961182620549577e-05
326,0.7463214488042471,0.4313521446621207,2,0.8232282393986264,4.2543655236591875e-05,0.8232282393986264,1.40738492978803e-21,0.17668031591960756,4.5508583481302134e-55,1.2289109739377358e-57,2.631899254565143e-16,4.890102652910361e-05
327,0.7399513643828839,0.9232731190870348,2,0.9179339311792649,6.006347043794221e-10,0.9179339311792649,1.389542438637337e-12,0.08206606803068531,1.953393293661262e-64,4.4265469796230935e-35,1.070757441573091e-12,1.8695477588442547e-10
328,0.7335142186935081,0.4721857671652794,2,0.7768881860244391,2.3843610139699715e-05,0.7768881860244391,3.7878780113368347e-20,0.22307135503174988,2.128315738844209e-61,3.819172256250568e-54,1.5554065409159048e-15,1.6615333669743595e-05
329,0.7270105951300737,1.0573930723102576,2,0.8965134433918772,2.8198337452365247e-11,0.8965134433918772,6.763030063854087e-10,0.10348655588053911,1.2986603445677334e-72,1.0376255701107238e-28,1.916888533360909e-11,3.913254512446048e-12
330,0.7204410831113776,0.1422235873047045,4,0.7126159873610113,0.02411414998524259,0.23755448684303251,8.47034632354087e-26,0.7126159873610113,1.2680046435066288e-63,3.7211306325833325e-69,1.510596597774405e-17,0.025715375810713755
331,0.7138062780276406,0.984862239316747,2,0.8633226140953703,2.0769347172178292e-10,0.8633226140953703,1.4532880605285508e-10,0.1366773855161814,2.825311617140746e-78,2.7273774580375215e-30,1.566277162310174e-11,1.9763209547594153e-11
332,0.7071067811865476,0.8044857434189403,2,0.7992163599245816,1.9722976906117862e-08,0.7992163599245816,3.5290758478702443e-13,0.20078361809983003,4.2353880944756373e-79,1.0298969258031211e-36,1.9417391694960546e-12,2.250316722161804e-09
333,0.4706906436284044,0.2852675469717092,4,0.9985079968779568,0.0014919924437303634,7.0523414326027255e-09,1.1764340747745476e-13,0.9985079968779568,4.839050011744022e-247,1.6831205407901404e-36,3.6356310002620187e-10,3.26229064452814e-09
334,-0.4564424515833973,-0.8526991307893161,1,0.966364209005255,0.966364209005255,5.711769998353663e-120,7.374400210231412e-13,0.0021564518883705214,0.0,2.5449365186990602e-12,0.031479339103091905,2.7103939506424973e-53
335,0.9860160725683288,-0.9871011140705984,8,0.9087980023281556,0.0762296629930193,1.8190565894971325e-05,2.0302797108327826e-78,1.4993062167298221e-05,0.014939151050762937,5.408314090330257e-197,7.657044201720393e-46,0.9087980023281556
336,-0.6336686910122258,-0.6986910226787324,7,0.7710373771609478,0.22549014766579126,3.4797613508280816e-145,1.8157893535117403e-13,0.0034445666803237553,0.0,2.7908492755651476e-05,0.7710373771609478,4.4281766523191294e-71
337,-0.571012251221235,-0.1541867362921614,7,0.8840001733423014,0.006625649011664796,2.6548517691480406e-121,3.1753161669389396e-12,0.10206150122756935,0.0,0.007312676415289112,0.8840001733423014,3.03441352923399e-71
338,-0.4221563363683063,0.6046879979639059,4,0.9518132493133235,5.767017163721637e-08,1.5042254412249551e-84,8.113206741176179e-11,0.9518132493133235,0.0,0.0015157386181019218,0.04667095431727092,1.6471541851613413e-68
339,0.9506648602131578,-0.4364290067908827,8,0.5980284419925768,0.02593096526294581,0.004609553163996141,3.3656109297769907e-57,0.000282286930892778,0.3711487526495886,7.019575990082223e-144,3.221480197131096e-35,0.5980284419925768
340,0.976577178707812,0.2513464247775172,5,0.8815835088146363,3.211604757428109e-05,0.11464103624608261,6.597924530855081e-39,0.003019902110330571,0.8815835088146363,1.3053203460023207e-98,1.1000261823843165e-26,0.000723436781376228
341,0.589787499412995,-0.1776867240893866,1,0.7150032913646763,0.7150032913646763,4.1037424880691476e-07,6.25268230021069e-27,0.2690252440981737,4.535893071276563e-140,3.5508656042052584e-71,3.8356291629577174e-17,0.015971054162901333
342,0.2581151971192674,-0.5313364160679841,1,0.9889632898183243,0.9889632898183243,7.639684234538354e-31,1.3495657556586808e-21,0.011036710147586433,0.0,5.015069427471306e-53,1.4077199164399733e-12,3.2681757486240794e-11
343,0.0401251503692268,0.0284942285657172,4,0.9702497855544125,0.029196944913890084,7.51413342127615e-41,4.3011063747668046e-08,0.9702497855544125,0.0,9.52754154458705e-15,0.0005532265206239371,1.307610324122816e-25
344,0.9412416913736914,0.5949289807452465,2,0.9639565255096468,6.352448863014359e-07,0.9639565255096468,1.3694026136739637e-27,0.034438041968740146,0.0015877058592959022,3.5687716861545255e-72,7.194917527863467e-21,1.709141743075339e-05
345,0.391245605716495,0.6649847401122884,4,0.9999974581455142,6.21717238447214e-07,2.020916343982735e-10,9.726202834175483e-07,0.9999974581455142,0.0,1.1969066134267873e-17,9.473148722243517e-07,2.702547102983118e-16
346,0.8894602566520604,0.6930390637544734,2,0.9751988629092665,5.221323940117287e-08,0.9751988629092665,3.8032798735853385e-23,0.024800166131745512,5.793350982545118e-12,5.89090600033933e-61,1.2432625422786969e-18,9.187399551708897e-07
347,-0.3668984010447522,-0.3228843748900412,7,0.5199316212038142,0.29181578147455195,3.9200022425202064e-94,2.239623210421266e-09,0.1882427460938125,0.0,9.848988198291035e-06,0.5199316212038142,2.1212585790002065e-50
348,-0.3324504154608687,0.5869121294315061,4,0.8413395209005903,1.18559843707311e-07,2.0457769328246405e-73,1.1773714509551857e-08,0.8413395209005903,0.0,0.08111309485451215,0.07754725391133954,2.523095443786996e-60
349,0.7094491882368712,-0.5756430897821843,8,0.861974212184158,0.1375114335717387,8.060432356601378e-08,5.0448121112366736e-45,0.0005142736397796292,6.865108510106455e-66,1.8868552252583004e-114,1.191000315046259e-27,0.861974212184158
350,-0.7002901588294113,0.4768502024857666,4,0.9962450052876932,2.532139876720518e-07,6.639981814324609e-128,4.542239547810772e-19,0.9962450052876932,0.0,1.1586966003362394e-11,0.0037547414867320377,4.659162550996935e-94
351,0.8918557225921515,0.8967688525452333,2,0.9521605737663441,1.1616978730802103e-09,0.9521605737663441,9.967013014125728e-19,0.047839405311586765,5.571346852750435e-13,9.848862021927558e-51,1.3032326913765e-16,1.9759813917651807e-08
352,0.014948709326815,-0.9725123306180856,1,0.9996141635065885,0.9996141635065885,6.69173794268581e-61,8.415562371894882e-22,0.0003858364457445048,0.0,2.2643561185167832e-49,4.766710356061194e-11,2.056600466506694e-20
353,0.8528277571673955,-0.1192721376424039,8,0.7702744076089986,0.034572176771303184,0.17818768291442208,1.9553648882744412e-40,0.016965732705263196,1.3050271448278343e-14,4.498666662008813e-104,5.833943461445739e-26,0.7702744076089986
354,-0.3264144225483738,0.2955419768280092,4,0.6126691565192186,3.9347338632613786e-05,2.090364033217463e-77,3.786675303790204e-08,0.6126691565192186,0.0,0.13015340810057585,0.2571380501748199,2.5802330768851087e-55
355,0.431917808278794,0.403551540975106,4,0.9998516754342435,0.00014831347844489098,5.581684576119957e-10,6.878437550681421e-11,0.9998516754342435,5.5864780015883854e-288,7.188216400752569e-29,1.045094341601264e-08,9.415313258784101e-12
356,-0.0342497560546206,-0.6478244834615956,1,0.9939905154099826,0.9939905154099826,5.868695008886073e-60,1.7918127623670897e-15,0.006009218345807761,0.0,1.1907080623500117e-31,2.6624420789069347e-07,7.694503143606733e-25
357,0.253607260490946,0.9443665504771857,4,0.9895129088674695,5.249751094077909e-10,4.3093379430447405e-16,0.01008850634015812,0.9895129088674695,0.0,6.821744385675527e-05,0.0003303668235400524,4.0320845972372985e-26
358,0.0087449862783044,0.2305307359419459,4,0.9954158082803359,0.0008289402576265333,2.7147533212299856e-41,2.1698646701056654e-06,0.9954158082803359,0.0,6.365773674327298e-09,0.003753075231593818,5.608051292358693e-30
359,0.9342312347427228,-0.6713187975434645,8,0.9579551063357258,0.033517632199058595,0.00015934264856477332,8.457843052536993e-64,4.643628904480601e-05,0.008321482527605974,4.538128838074399e-160,1.6622649547671778e-38,0.9579551063357258
360,0.3842107956278344,-0.9589549765749694,1,0.9996965130301282,0.9996965130301282,7.171382007588986e-28,2.5716861391470258e-36,0.0002830513725224878,1.12261e-318,5.8238170368567006e-92,5.081542364264157e-21,2.043559734945818e-05
361,-0.4973620627473691,0.5665283975795519,4,0.9678018344616957,9.488604122659407e-08,1.87133263738106e-95,9.78966822277433e-13,0.9678018344616957,0.0,3.475399363523186e-05,0.032163316657648794,6.777747196786561e-75
362,0.8193538438101691,-0.8405905211090818,8,0.9813021324386556,0.01868942513723634,6.755445940384872e-08,3.3008317830544106e-61,8.374869648706653e-06,9.548425341646543e-24,1.5097743465186173e-153,8.006049289093994e-37,0.9813021324386556
363,-0.4119405236897913,-0.7178981578595269,1,0.9527259081262571,0.9527259081262571,7.34930911621565e-110,5.846210389854151e-12,0.006702314746890298,0.0,2.494981207596419e-11,0.04057177709605651,1.1888545916059064e-50
364,-0.2567898013982874,0.1496600537113812,4,0.7239191957755178,0.0009509350638292828,4.868311908640571e-71,2.6903251913400543e-07,0.7239191957755178,0.0,0.008081417484271297,0.2670481826438625,1.7947266453233316e-47
365,-0.7957526039595733,0.2070110068992394,4,0.9754747397375034,4.1900182153500015e-05,6.637348429873793e-150,3.311368854070324e-20,0.9754747397375034,0.0,5.939795474749937e-11,0.024483360020945186,9.173045754306403e-100
366,0.7999330395923816,0.3737742371847969,2,0.9476067714455044,4.231777340236675e-05,0.9476067714455044,1.226879805595168e-25,0.05213056742307882,2.1098463380333998e-33,3.177596761044491e-67,8.644860054523556e-19,0.00022034335801437136
367,-0.427775953544274,-0.2129719746727585,7,0.7995551613224512,0.04184444310065689,1.0129250525200339e-100,8.310609563423271e-10,0.157212994214581,0.0,0.00138740053124996,0.7995551613224512,4.2680681838159715e-57
368,-0.4821647641372353,0.5477973379336458,4,0.9549498076660433,1.5361447821549188e-07,1.1581826308684972e-93,3.4656262064804297e-12,0.9549498076660433,0.0,0.00014984113376469962,0.04490019758224815,4.0121888184630266e-73
369,0.8405251959899078,0.9487171992317772,2,0.9631152336362746,2.2052176949207634e-10,0.9631152336362746,7.248663545556963e-16,0.03688476475999639,3.25746821509867e-26,2.2486144773772806e-43,4.535416639237312e-15,1.3832020236070526e-09
370,0.6110537248100667,-0.4578101138402339,1,0.8329973228147683,0.8329973228147683,2.379470690715822e-09,2.28366991008211e-35,0.011141681597202179,2.8173503557912945e-123,2.383548656993351e-91,8.778751558658813e-22,0.1558609932085588
371,-0.7178421569612512,0.4060572330758918,4,0.9929592659919229,1.0688042367600216e-06,2.960331148897333e-132,4.392912275000287e-19,0.9929592659919229,0.0,3.8866940357199305e-11,0.00703966516497367,1.1178216160540493e-94
372,0.5386490078073614,0.8569373047903137,4,0.9991204734862716,1.5196461237013134e-08,0.000879148182052452,3.3042595386312653e-07,0.9991204734862716,3.9024938595771987e-196,3.9234194199203116e-21,3.270909236988066e-08,1.6832197175696168e-13
373,0.8260661961075815,0.3725735252340854,2,0.968399642195021,2.7962008920481203e-05,0.968399642195021,4.2619221870095154e-27,0.03132751909062082,4.966914140490795e-25,1.285950947192923e-70,9.29477255304029e-20,0.00024487670543771236
374,-0.8429775635785122,0.362218997288519,4,0.9992063402379522,1.438872418960926e-06,9.918581883265846e-155,7.25653394520513e-24,0.9992063402379522,0.0,1.1726857113757767e-16,0.0007922208896287842,4.7845425895236595e-108
375,0.6504299898091461,-0.5524548618295868,8,0.5276951444996567,0.4699719925626624,4.3902809674626175e-09,2.2510502037888876e-40,0.002332858547399941,8.766312986514872e-98,1.789553851376914e-103,1.0298000116265823e-24,0.5276951444996567
376,0.0948401037461119,0.0702604006393858,4,0.9820478655582802,0.017819248181810222,1.8783577156216138e-35,2.260581432001791e-08,0.9820478655582802,0.0,1.1019426445640818e-16,0.00013286365409503635,5.032843475068161e-23
377,0.3383948987576013,0.1250456872091603,4,0.984550875421925,0.015449105161113459,5.381632357402328e-17,2.239289824404666e-12,0.984550875421925,0.0,1.3235280617988629e-31,1.941158371252521e-08,3.138645825031876e-12
378,-0.0142913221901261,0.4002591249119056,4,0.9894319712520103,2.9647351277268405e-05,2.0356640017388725e-41,2.1261650824098134e-05,0.9894319712520103,0.0,2.804551674095495e-05,0.010489074229147402,1.1000448633726237e-33
379,0.3956061698105573,0.9936428997923652,4,0.9975914837079524,3.0365751334814023e-10,1.4395182478546958e-08,0.002394393805508783,0.9975914837079524,0.0,2.208054668062762e-09,1.4105579643966026e-05,2.2517173494136422e-20
380,-0.9318042766664936,-0.9327123549124758,7,0.9391942700506662,0.06055795209839005,1.7701225299156864e-208,3.964945253794328e-19,0.00021997406416169894,0.0,2.7803786781984823e-05,0.9391942700506662,1.171590062993334e-100
381,0.5254134464465674,-0.8695346774650263,1,0.9659653096663183,0.9659653096663183,5.616379256490239e-18,1.352678396771116e-41,0.00042918371128385183,1.0522669882120595e-184,2.9012902875058517e-106,1.4831561947374527e-24,0.03360550662239797
382,-0.9333126042820832,-0.8440998611381625,7,0.9370837774278128,0.06237361912017,6.329563646581103e-206,2.4259529653832046e-19,0.0005172614602325984,0.0,2.534199178457247e-05,0.9370837774278128,9.897347771145003e-102
383,-0.0894003045053131,0.4859582689779136,4,0.9473231762504676,3.611239742651589e-06,1.203856762224828e-47,2.6113385099723376e-05,0.9473231762504676,0.0,0.016340160245254566,0.036306938879435514,6.5915011286556486e-40
384,-0.6980700137394102,-0.727292409778485,7,0.8572173999199064,0.14079779150763713,2.247376328744136e-157,1.5565530915132217e-14,0.0019121740338932452,0.0,7.26345385476848e-05,0.8572173999199064,2.4938956123406475e-77
385,0.6471485547026143,0.2449037489806904,4,0.9832297947708575,0.005013754617392869,0.011493295286634465,1.90153630408764e-20,0.9832297947708575,6.325179111572226e-106,2.155288125014852e-55,1.4897541441813376e-14,0.00026315532510050587
386,-0.3726781816486628,-0.3506622442130831,7,0.48990919450936804,0.35140858956405974,1.5446049400807466e-95,1.5661640036423e-09,0.15867664530789766,0.0,5.569052510620209e-06,0.48990919450936804,1.3788026973392355e-50
387,-0.091812910791335,-0.085360087578578,4,0.8836575833606592,0.10490280124338541,1.2894921988974606e-55,7.19553360071255e-08,0.8836575833606592,0.0,6.304905623181026e-11,0.01143954337757021,2.023607996982424e-32
388,-0.1424985174033768,-0.5686736803651722,1,0.982879011541477,0.982879011541477,1.3842499662564376e-70,1.64147219275808e-12,0.017036067938149203,0.0,2.544647203606597e-21,8.492051873237782e-05,6.367551291655599e-32
389,0.545003931369413,0.7322131226090842,4,0.9994456459488268,2.620576055437195e-07,0.0005540819188215384,4.602926766562907e-09,0.9994456459488268,1.8635538259357444e-188,9.26331509118065e-26,5.463925179549801e-09,7.894226607407356e-12
390,-0.037711280408049,0.1723006483260527,4,0.9891120440786431,0.0019808215256164365,1.7824438959458807e-46,1.5022045985011728e-06,0.9891120440786431,0.0,3.390015441921638e-08,0.008905598290987627,3.9727770845690156e-32
391,0.5779166700206921,0.8891265271645052,4,0.9861780111040398,8.32497444983089e-09,0.013821850085401887,1.2033342401226816e-07,0.9861780111040398,9.526750463406815e-165,9.399469499455087e-23,1.0151181801872444e-08,9.78218966365582e-13
392,-0.8529834463946495,0.149192499408659,4,0.982041283930929,9.819964453694735e-05,1.7024947092356037e-161,6.560273147770182e-22,0.982041283930929,0.0,1.743668374577453e-12,0.017860516422790514,2.681518755734427e-105
393,-0.6168120641940098,-0.7521839388061067,7,0.6544521936049223,0.3426519363489967,1.212133302591535e-143,2.6060038007364546e-13,0.002890825354793131,0.0,5.044691027038027e-06,0.6544521936049223,7.802407699655384e-69
394,0.1030684992927213,-0.6582591323230491,1,0.995817510005559,0.995817510005559,3.035328353294922e-46,4.572727936760635e-19,0.004182489683975997,0.0,8.780489942017837e-44,3.1046515797157055e-10,1.6956277105687036e-17
395,0.89417664950539,0.9781479527356944,2,0.9308455612799661,2.540464493165989e-10,0.9308455612799661,4.939168074348541e-17,0.06915443407993184,3.999951546574068e-13,6.055351866034915e-47,7.985233190346836e-16,4.385654730361502e-09
396,-0.8504843065564394,0.4511303946617355,4,0.9998551529769386,2.0294817683773983e-07,4.767904186463098e-154,2.742982420570364e-25,0.9998551529769386,0.0,2.5597310890898454e-19,0.00014464407488444595,1.2699736736340613e-110
397,-0.9138315676862714,-0.9014424999418208,7,0.9365532737063957,0.06312284445206652,8.015460761907585e-204,9.049398656929825e-19,0.00028874758614916643,0.0,3.5134255388522355e-05,0.9365532737063957,6.312233559695593e-99
398,-0.6868986501442886,0.4075620100693295,4,0.9876245518984145,1.2036050479225984e-06,3.666676358987782e-127,6.393084473979546e-18,0.9876245518984145,0.0,8.562663822442061e-10,0.01237424364027126,2.3639853962040584e-91
399,0.282306257720313,-0.1756539063807767,1,0.5625887442953116,0.5625887442953116,1.0373124489793132e-23,2.0763683706234803e-15,0.4374112532073457,0.0,1.1179881068353621e-38,2.489150014177654e-09,8.190504098936958e-12
400,-0.2020141666595056,-0.3855832263536189,1,0.8428542742694615,0.8428542742694615,8.748642776931696e-74,8.586339306668991e-10,0.14624940246919266,0.0,7.907410189280707e-13,0.010896322401921047,4.071954406646544e-37
401,0.6511047588353724,-0.6918784125389315,8,0.6612543371377269,0.33824986709559546,1.269840895675505e-10,1.781378937558757e-44,0.0004957956396933538,7.550947909710811e-97,2.2846885665491104e-113,6.492691404472254e-27,0.6612543371377269
402,-0.8561336970372684,0.6798079091131313,4,0.9999980784168662,9.90594714489556e-10,5.989587635656186e-150,1.388627459093441e-28,0.9999980784168662,0.0,3.7739573858425627e-26,1.9205925392490743e-06,8.360203284338493e-116
403,-0.6071718263705979,-0.8723172420217986,1,0.5734366835730232,0.5734366835730232,4.0838889187188706e-145,1.7274294054839306e-13,0.0015305775084648444,0.0,1.249943929387845e-07,0.4250326139239465,1.1178437830878188e-66
404,-0.3999471890702086,-0.4203290752407194,7,0.4553941688382729,0.4547281460306277,5.4397708303048325e-101,4.900933706961264e-10,0.0898751406643495,0.0,2.5439766566903278e-06,0.4553941688382729,3.410322848636641e-52
405,0.2534601733775705,-0.3872342123485912,1,0.9472837442084298,0.9472837442084298,6.284998581558312e-29,1.4868089864429495e-18,0.05271625571488666,0.0,1.3463075463474863e-45,7.087214982214769e-11,5.81155098168841e-12
406,0.3703453806030945,-0.6781894320729993,1,0.9977192338727554,0.9977192338727554,6.163779823013176e-25,3.6151713046979053e-29,0.0022797683824146288,0.0,1.698221804459805e-73,2.8651658634802825e-17,9.977448296958722e-07
407,-0.7515934120724523,0.0163697665737405,4,0.6159531051625206,0.0011237050045076807,1.0197734427510306e-146,4.044961471719919e-17,0.6159531051625206,0.0,1.8872802372137008e-06,0.38292130255273427,9.693629505148793e-92
408,0.887609417983479,-0.9765947463782148,8,0.981967690910881,0.018028380044957628,2.0665025463853416e-07,9.53441241006535e-71,3.7180822588226992e-06,4.311647798450559e-09,2.180211864990333e-177,6.704957036767782e-42,0.981967690910881
409,-0.3179117296195817,-0.3980489691791817,1,0.6968622196047477,0.6968622196047477,6.052033239144907e-89,1.45775782665663e-09,0.14357898917554476,0.0,2.379194583095707e-08,0.1595587659700037,1.2535341214930122e-45
410,0.4263375260005662,0.867258888066128,4,0.9999491876307496,7.4262695026399474e-09,8.074688781792735e-08,4.8760639805240445e-05,0.9999491876307496,1.3914442351350934e-303,4.893558638501428e-14,1.9635562390914117e-06,1.7309570479359136e-17
411,0.0484154378953975,-0.3789408613159886,1,0.9106577321410879,0.9106577321410879,2.313347824662148e-46,4.4717689121994475e-13,0.08934064672986228,0.0,7.988845752483473e-28,1.6211286026997822e-06,1.1501896135199503e-21
412,-0.5544837729057868,-0.2790812257864967,7,0.9193018287324032,0.02397366871951991,1.3128907555397153e-121,7.011935754095108e-12,0.05324889176663802,0.0,0.0034756107744270265,0.9193018287324032,4.134097219495923e-68
413,0.6924566462308221,-0.0536699035318568,4,0.47760512112601833,0.2896829974659673,0.006993178732885681,7.284949801917444e-29,0.47760512112601833,3.0881738676742356e-76,9.390195433160274e-77,9.855994834539726e-19,0.22571870267512836
414,0.6364760563838598,0.1233867497029495,4,0.9607658575963657,0.035526347879679884,0.0018662449343735655,2.245984761728748e-22,0.9607658575963657,3.262479059556292e-111,2.775503109523266e-60,2.7643666341493565e-15,0.0018415495895782515
415,-0.2078562921666198,0.617417289641488,4,0.5446761306381237,7.065959620455426e-08,1.3123486889738609e-58,1.2483411888769282e-06,0.5446761306381237,0.0,0.41309742591588444,0.04222512444520671,7.664925025932178e-51
416,0.1772151713877108,-0.6193575536879647,1,0.9946911170217394,0.9946911170217394,7.135014314548875e-39,1.2926686337268315e-20,0.005308882963414177,0.0,4.1593406564498485e-49,1.4815183695540313e-11,3.119060509052496e-14
417,-0.4843486081281205,0.7434927543851144,4,0.9938216518299842,1.6906921230430118e-09,1.3776161667786387e-90,1.9210004358844061e-13,0.9938216518299842,0.0,5.460837481318694e-07,0.006177800395383374,8.828247225394078e-77
418,0.3797032574926029,0.5150987142877788,4,0.9999859042497034,1.3753641951832828e-05,6.9709570775904336e-12,2.732705417059456e-08,0.9999859042497034,0.0,2.0435193099200704e-21,3.147743133615002e-07,6.084031750490822e-15
419,-0.3819463747591372,0.4453006693231105,4,0.7828483107440944,1.8806678814182864e-06,5.551792359639014e-82,2.4626136102817466e-09,0.7828483107440944,0.0,0.06071677734506703,0.15643302878034354,2.518155461790395e-62
420,0.6881574687644698,-0.8263908525707295,8,0.8960921549784009,0.10385311798743677,4.82728895076448e-11,3.8716427721870354e-51,5.472698588950733e-05,5.4869893320172477e-76,2.0423395711785594e-129,9.678796999184354e-31,0.8960921549784009
421,-0.5652297914454514,-0.9567186200508306,1,0.8465722936070774,0.8465722936070774,3.404823337419073e-140,1.5189694895740012e-13,0.0010149475142291245,0.0,3.90015133654282e-10,0.15241275848852648,5.890026856790989e-62
422,-0.9703931543630716,0.188025401816168,4,0.9994722476226156,2.6490104561025754e-05,1.2173867619852971e-182,1.2341563828127236e-27,0.9994722476226156,0.0,6.799459085724198e-20,0.0005012622728235433,3.709566352526994e-120
423,-0.4629839160641631,0.7262679250463224,4,0.9900195292351781,2.8569507411364446e-09,5.657122145118058e-88,1.2013749374914662e-12,0.9900195292351781,0.0,5.3090880156712465e-06,0.009975158818653886,1.984515785028718e-74
424,-0.6178950270810266,0.1688829282812718,4,0.6645784994081831,0.0001352460410064784,3.3981798152883503e-121,4.901768039523808e-14,0.6645784994081831,0.0,0.00018915814337718464,0.3350970964073841,3.5003472286925e-80
425,0.0165728794498485,-0.5735302691089383,1,0.9885674851556132,0.9885674851556132,3.566393012820319e-53,1.9115686170919296e-15,0.011432394750708475,0.0,8.430666903585889e-33,1.2009367631917618e-07,2.213033591820609e-22
426,-0.5925934166868474,-0.8189602041015736,1,0.5485452157443899,0.5485452157443899,3.287362076894879e-141,3.397772407919069e-13,0.00228711007242602,0.0,2.821897553588321e-07,0.449167391993089,8.487613126765893e-66
427,0.5263797414389895,0.3991929056354699,4,0.9997734902407859,0.00022078756924195868,5.71175990527828e-06,1.5493629151749486e-13,0.9997734902407859,2.335294452009639e-198,8.955464766207798e-37,1.289791305391596e-10,1.0300932800605495e-08
428,-0.5172587239919921,0.443540554635619,4,0.9178421846743717,1.2020920470425735e-06,1.6195343008409098e-100,1.259526289381406e-12,0.9178421846743717,0.0,0.0001860654185881532,0.08197054781373349,1.0410788092519703e-74
429,0.4139363598253114,-0.6549365986257827,1,0.9973481905976702,0.9973481905976702,8.832604245321335e-22,1.3980106415911418e-30,0.0026346031798798707,1.153949658757529e-290,1.507187897153364e-77,2.9587300572494504e-18,1.7206222450067045e-05
430,0.1569418460274481,-0.9436193690069274,1,0.9996089297772948,0.9996089297772948,3.8362045748623175e-46,4.521931089529498e-26,0.00039107022257606926,0.0,7.001580750066283e-63,2.735807756272867e-14,1.0159731465443043e-13
431,0.9724997129437688,-0.183432973553606,5,0.9559521071895319,0.0016146161343365034,0.011332039381269537,2.0749349584239422e-51,0.00028707367005912634,0.9559521071895319,9.751767932500044e-129,8.826300791909992e-33,0.030814163624802902
432,0.9998019540184632,0.1654374042660442,5,0.9404120344438429,8.231060567708421e-05,0.05621683732717699,9.374386390032585e-43,0.001843646224732978,0.9404120344438429,7.572634619723279e-108,1.0994190830954439e-28,0.0014451713985700618
433,0.7390521666346599,0.4120048191343823,2,0.7686951340194629,7.809894850057944e-05,0.7686951340194629,1.5134878480822142e-21,0.231151750228294,4.414434346496897e-58,1.0722158317248467e-57,3.645176757573276e-16,7.501680374222009e-05
434,0.5199667385975022,0.6198900183058056,4,0.9999667096682785,2.667032304891514e-06,3.061907773006562e-05,4.82971861367421e-10,0.9999667096682785,7.468952612125415e-208,7.364922545100577e-28,3.7115913577026893e-09,2.7123407268446008e-11
435,-0.2270871719988525,0.2210748546134646,4,0.7976144278370784,0.00031944859246303757,2.4148544408315103e-66,6.573384996450449e-07,0.7976144278370784,0.0,0.011550558008604163,0.1905149082233547,3.660685218084637e-46
436,0.5065534542626071,-0.7782387828030299,1,0.9908993409797529,0.9908993409797529,6.5477909394850206e-18,3.400008524533019e-38,0.0008530613339716287,2.187242381098105e-201,1.6277766195276775e-97,1.0274808797018959e-22,0.008247597686275617
437,0.9133510741589814,0.3651633442848296,2,0.9823822787432769,2.2031974474230004e-05,0.9823822787432769,7.3596321654977e-32,0.017062616212520743,9.272111084318248e-06,3.168750840931394e-82,1.123133509568212e-22,0.0005238009586438069
438,-0.9532448492091116,0.968353285789764,4,0.999999999909142,3.248272506680555e-13,6.171693531251824e-161,9.72830927601205e-39,0.999999999909142,0.0,1.0233724683153328e-44,9.053296142297367e-11,6.027410678213738e-134
439,0.0758294003954775,0.8111691691948077,4,0.9588627206285661,5.491231401021112e-09,2.3377449247266083e-29,0.0019963669068829336,0.9588627206285661,0.0,0.034179916171636564,0.004960990801682879,5.485674040139778e-34
440,-0.5640033912231308,0.7433378185390254,4,0.9983970333509916,1.1044625315111519e-09,8.11990707682798e-102,3.1132894211923347e-16,0.9983970333509916,0.0,2.8390829940696985e-10,0.0016029652606372874,1.167977798930105e-84
441,0.1157526317377009,-0.3956596932833183,1,0.9360696476303032,0.9360696476303032,2.0519705164174146e-40,7.517486756599262e-15,0.06393029534086063,0.0,1.0199742900755615e-33,5.702882882371724e-08,4.143801093990763e-18
442,-0.0671058204822176,0.5015763529080013,4,0.9630226896811945,2.915078031978113e-06,3.006748273089186e-45,3.8837588677663495e-05,0.9630226896811945,0.0,0.009349110143132416,0.027586447508963476,1.3332095862266323e-38
443,0.1515371631045687,0.7022068919302911,4,0.9984218451409799,9.99845557264513e-08,1.329906119295939e-24,0.0005603312952840452,0.9984218451409799,0.0,1.1236025258529921e-05,0.0010064875539219083,4.900328264001648e-28
444,0.1019244428374483,0.3566524092625263,4,0.9992307481259921,0.00011090577222780966,1.018432665094282e-31,4.287739113838003e-06,0.9992307481259921,0.0,2.6596956185023927e-10,0.0006540580966966472,3.7659300787940577e-26
445,0.920214078337124,-0.4988764868640389,8,0.965510828315658,0.03158580080484508,0.0013826115172786797,4.774096847072073e-57,0.00019360071982976919,0.0013271586423883772,1.4697796322216318e-143,5.306049881949677e-35,0.965510828315658
446,0.1043722178694721,0.9076679437499168,4,0.8862322219931461,5.669880915981987e-10,2.3981286486008404e-26,0.005864715014032842,0.8862322219931461,0.0,0.1043660967824406,0.0035369656433924548,9.290278129795813e-34
447,0.6924641762497346,-0.0983611770826482,1,0.35856982505302337,0.35856982505302337,0.0030590819053273035,5.063259299300695e-30,0.3171974060205027,5.85180735671543e-76,1.7482581336932845e-79,2.4548867287379476e-19,0.3211736870211467
448,-0.360359426398307,-0.7403888826682412,1,0.9869109673471973,0.9869109673471973,6.54621011167105e-103,2.6409686115910293e-12,0.004934149340981132,0.0,4.2226807981036536e-14,0.008154883309138113,2.3270846074867578e-46
449,-0.1237986224179021,-0.780444209885216,1,0.9978985409285523,0.9978985409285523,7.8081261935265e-73,1.472750115301885e-15,0.002100320755953885,0.0,1.069998147997683e-29,1.1383154924126474e-06,1.8168976272032574e-29
450,-0.0591730479103802,0.2950379745980915,4,0.9805392490327832,0.00019010549882357802,4.94546096186754e-47,6.768265265565418e-06,0.9805392490327832,0.0,1.7060241132552642e-05,0.019246816961995167,3.707155173122081e-35
451,-0.4425439133292406,-0.1245807071665217,7,0.7963377205601966,0.01210540866358631,4.440105750399363e-101,6.080327914313664e-10,0.18428513383742998,0.0,0.00727173633075432,0.7963377205601966,1.4445796351768413e-59
452,-0.2404194770440895,-0.8110322496420728,1,0.9979114616674503,0.9979114616674503,4.0964971839913535e-88,4.410183097371395e-14,0.002021359785154311,0.0,1.1371023517625959e-22,6.717854735133656e-05,5.313962275762485e-37
453,0.1970261589335504,0.4807291443121892,4,0.9998790035040277,1.3776600408476573e-05,2.805044181523917e-23,6.187798148987829e-06,0.9998790035040277,0.0,6.189473488274382e-12,0.00010103209122533564,1.1086362991736375e-22
454,0.1603755266090647,0.5986503345172394,4,0.999375581461745,1.01302686757613e-06,7.243628290656031e-25,0.00010236284173811239,0.999375581461745,0.0,7.473624416799198e-08,0.000520967933405232,3.887345714117616e-26
455,0.272870689146961,0.4508312615729026,4,0.9999584612408395,3.3512175848836794e-05,1.865463559757129e-18,3.6174967307941315e-07,0.9999584612408395,0.0,1.0744559095392686e-16,7.6648336383891e-06,1.1310159408639358e-18
456,-0.2963641691597178,-0.5954782446319742,1,0.9733084796396735,0.9733084796396735,1.34111452919395e-90,2.524133251222675e-11,0.018321638902624025,0.0,1.296236538228191e-13,0.008369881432331309,1.7057445719285207e-42
457,-0.3683370096938858,0.3795509119921387,4,0.6848041318488098,6.842133009244554e-06,2.34909725663831e-81,5.992706480135893e-09,0.6848041318488098,0.0,0.10789122162566853,0.20729779839980594,3.869750720678742e-60
458,0.2232357655083261,-0.9785543942112298,1,0.999708854695863,0.999708854695863,9.191846289423454e-41,2.243945611807383e-29,0.00029114522487627296,0.0,2.0268155528367718e-72,1.9501165887439036e-16,7.926032953290202e-11
459,-0.7342765031449501,-0.3897757206431815,7,0.95503130757712,0.02359960362036966,1.2942517746028522e-154,1.8382308330766444e-15,0.020836196232398945,0.0,0.0005328925701094953,0.95503130757712,7.334303088955247e-85
460,-0.49393691293572,-0.2023569371849125,7,0.8733633222825306,0.018561463896843426,2.0197072839900004e-110,8.223055472213889e-11,0.10299723721194966,0.0,0.005077976526445807,0.8733633222825306,2.6093712075458245e-63
461,-0.9157445260940096,0.6704938977710031,4,0.9999997178565309,8.768106995597311e-10,8.003299844058573e-161,1.1937965023008254e-31,0.9999997178565309,0.0,2.015925418061911e-30,2.812666585829232e-07,6.884524125947016e-123
462,-0.8547782948078397,-0.2192112538611914,7,0.7351128474956425,0.014789457463681531,2.307717127822134e-171,5.093529680227333e-19,0.2500970647285511,0.0,6.303121247611635e-07,0.7351128474956425,9.948824781238666e-100
463,-0.5132334414787822,-0.9774611076212034,1,0.9560872473787546,0.9560872473787546,3.684314674554843e-132,1.3645186862478577e-13,0.0008738201654797297,0.0,1.668130839503929e-12,0.043038932453960836,3.8204179150108476e-57
464,-0.960941439406162,-0.2953071763439812,7,0.5968330665274261,0.044265463968116855,1.0662502172459388e-193,5.711370309084712e-22,0.35890146688062685,0.0,2.623830109143322e-09,0.5968330665274261,8.810650303008192e-111
465,-0.509178815825077,-0.0021518032814256,7,0.7393547301512738,0.0016493506835007308,2.309109196643082e-108,4.025332729329491e-11,0.23902048803367304,0.0,0.019975431091298883,0.7393547301512738,2.588425751561544e-67
466,0.309952646124052,0.8980095733455469,4,0.9978493450431957,2.125884472531369e-09,3.2372432614257703e-13,0.002080153973473188,0.9978493450431957,0.0,8.340380183055755e-08,7.041545332121757e-05,8.910871671104491e-23
467,-0.8777858430621339,0.8820686075790896,4,0.9999999847268543,5.272010907391332e-12,2.394446997740341e-149,9.451578319973075e-33,0.9999999847268543,0.0,1.5744300737725033e-34,1.5267873760251233e-08,1.2932350175522777e-122
468,-0.126526644410718,-0.6382519235571769,1,0.9919744889028269,0.9919744889028269,3.5545880587954524e-70,1.2313743408010113e-13,0.008011230091169549,0.0,1.301906749218482e-24,1.428100588038217e-05,1.7634049016716016e-30
469,0.8262175738390989,-0.6297069165210969,8,0.9741426956155885,0.02579791484585447,5.524664461143599e-06,7.154183609832621e-55,5.386487409585883e-05,1.0721300148467621e-21,5.845501305708101e-138,1.4193980061696972e-33,0.9741426956155885
470,0.582569657850802,-0.673237087070899,1,0.8630066230545247,0.8630066230545247,6.338286158919467e-13,1.2656997467355808e-39,0.0015817833131286257,6.976590569870741e-142,1.6284877564387434e-101,7.026891733856097e-24,0.13541159363171296
471,-0.3891249954102855,0.5778438648282065,4,0.9177532661761251,1.19964276457305e-07,1.1085169933504301e-80,7.04790928011514e-10,0.9177532661761251,0.0,0.011856091947697016,0.07039052120711048,4.3710024911162066e-65
472,0.849610958383294,-0.9879559192631872,8,0.9854561958359066,0.014540935457894012,2.2257762147738464e-08,2.723020517056718e-68,2.846448437034975e-06,2.676526844856323e-16,2.9212662373163936e-171,1.5315662164536965e-40,0.9854561958359066
473,-0.3407070065045503,-0.7456456036162453,1,0.9911481086055858,0.9911481086055858,2.9968566331499727e-100,1.8452483271773755e-12,0.00450506365821195,0.0,3.4977144250305678e-15,0.004346827734353636,8.437886933731293e-45
474,-0.854969007324875,0.0759192632881979,4,0.9500774458731485,0.00037238072347226453,1.2885076665529918e-163,3.1090454372925334e-21,0.9500774458731485,0.0,3.7727892895829785e-11,0.049550173365651345,3.116481983892511e-104
475,0.9881119135362272,-0.504875866226469,5,0.6447215908627772,0.0243290067368629,0.002327284352775118,2.845145321352886e-62,0.00013274228193603703,0.6447215908627772,4.286215351455627e-156,5.576178681561072e-38,0.32848937576564874
476,0.7400450543783434,-0.8152870835214758,8,0.9582129602224724,0.04176407215090245,1.5016957545660907e-09,1.3506298741802092e-54,2.29661249294303e-05,1.21918714330486e-51,1.5158905476084036e-137,6.092852305316436e-33,0.9582129602224724
477,-0.0681344333978153,-0.2802439753323313,1,0.6782259070731559,0.6782259070731559,2.395528559986306e-56,7.495224423264276e-10,0.32096916327496855,0.0,6.103640488747273e-17,0.0008049289023531836,4.9448469475036396e-29
478,0.3327530483848078,-0.4515847898795104,1,0.9777078480975318,0.9777078480975318,3.202202136935712e-24,1.2780666070326647e-22,0.022292141911547377,0.0,7.542488377146816e-57,1.4919461720704846e-13,9.990771658809717e-09
479,0.3424561557133403,0.022208613028569,4,0.9235172805211255,0.07648271537110957,1.2826164704529877e-17,6.097429526518673e-14,0.9235172805211255,0.0,7.792785882983023e-36,4.060189094223725e-09,4.751487037578159e-11
480,-0.6110355385390793,0.9584671876603916,4,0.9999734675680453,3.5964341958620377e-12,7.676337664741905e-105,3.4310065465488356e-20,0.9999734675680453,0.0,2.741446902600502e-17,2.6532428358199595e-05,1.1450346391693688e-93
481,-0.5999027336927354,-0.7513907263701631,7,0.5949535964099419,0.40177707784115074,1.0406931575413725e-140,4.24931461089209e-13,0.003266722861472951,0.0,2.602887009087924e-06,0.5949535964099419,3.483462428089903e-67
482,-0.0608385932963484,-0.2545465903318114,1,0.6029628685644082,0.6029628685644082,4.257316786968695e-55,1.2181552132679993e-09,0.3961180362969722,0.0,1.2889343916888463e-16,0.0009190939204640261,8.928380766087238e-29
483,0.8231462802753959,0.8639700357449493,2,0.9694729402910899,1.21330381867649e-09,0.9694729402910899,6.458671468744075e-17,0.030527052999093203,9.81200243872731e-31,1.2743708888201522e-45,2.0449151496521074e-15,5.49651096932598e-09
484,-0.9800124502828584,0.7537460869876451,4,0.9999999961785231,7.604809243244865e-11,8.865235756462652e-171,1.0677700520071964e-36,0.9999999961785231,0.0,7.789882117317221e-39,3.745428844589843e-09,9.5978393135744e-133
485,0.5650112718987186,-0.2114579304314388,1,0.791757846419032,0.791757846419032,1.924546511370426e-08,1.250535825886673e-26,0.2018905779454562,2.5674350695813505e-158,3.9320818640134925e-70,7.296033434871598e-17,0.006351556390046822
486,-0.8849464325706917,0.397906529039473,4,0.999862423353624,5.392406733143549e-07,1.7437721655456668e-161,2.9539874824682517e-26,0.999862423353624,0.0,4.348077249007469e-20,0.00013703740570289043,1.040973135542961e-113
487,-0.0435557702337643,-0.8242859728373089,1,0.9987430242723685,0.9987430242723685,1.8302639525099613e-64,6.782936919326855e-18,0.0012569609316579705,0.0,9.638431640125727e-38,1.4795973708927233e-08,2.055505889285179e-24
488,0.2757456661469528,0.4250821110872302,4,0.9999380045701749,5.625732805170163e-05,1.7764385814469088e-18,1.7635936047908846e-07,0.9999380045701749,0.0,1.4219510161156908e-17,5.561742412927334e-06,3.1274175567983276e-18
489,0.3735185341649296,0.945715458969483,4,0.9985408373940401,8.938546523110649e-10,8.749544806191743e-10,0.0014409573668713903,0.9985408373940401,0.0,1.7577702415080564e-09,1.8201712509075812e-05,1.2262009218936082e-20
490,-0.8830414727681772,0.0749763056683832,4,0.9708496341640099,0.00033989163777933747,7.963880523409899e-169,2.3552360661248466e-22,0.9708496341640099,0.0,1.9992330114796068e-12,0.02881047419621151,1.7024681759889104e-107
491,-0.1627927652320635,-0.0030195459311714,4,0.9021399519110554,0.02292988048194338,3.002041280461088e-62,3.087423447070865e-07,0.9021399519110554,0.0,9.667156063807136e-07,0.07492889214905014,2.668182866253886e-38
492,0.1676745210046493,-0.6253627605961793,1,0.9949038938947781,0.9949038938947781,8.391279522832823e-40,2.0080608632130186e-20,0.005096106083597903,0.0,1.8892201278588073e-48,2.1611544447984935e-11,1.2482696477162663e-14
493,-0.8679089253879861,0.2675763978145837,4,0.9980041790642475,8.99962807053621e-06,2.014494554991307e-161,7.19539411380808e-24,0.9980041790642475,0.0,7.848095629128676e-16,0.0019868213076810444,3.2674144562577066e-109
494,-0.7298108868093804,0.1808745615578297,4,0.8984734491556946,8.742423797100512e-05,3.863212499897746e-139,1.486570006313425e-17,0.8984734491556946,0.0,7.32900816099167e-08,0.10143905331625283,5.1013079757669014e-92
495,0.327297979008077,0.303866118951501,4,0.9993298463229995,0.0006699020146970087,2.9672959728254e-16,8.370950596855977e-10,0.9993298463229995,0.0,1.401472895842797e-24,2.5082519489565e-07,1.3228404079216471e-14
496,0.0432763931813033,-0.9478334266305564,1,0.9995616385830656,0.9995616385830656,1.9534996358938852e-57,2.9403194489509414e-22,0.00043836140007299195,0.0,4.6662333223333215e-51,1.6861584834470323e-11,4.503659757158219e-19
497,-0.6763426774634189,0.0974469766981471,4,0.626015469532844,0.00037028356399409774,3.634378360312958e-132,2.5141068774380337e-15,0.626015469532844,0.0,3.119701320907814e-05,0.37358304988995,4.813419474632572e-85
498,0.0704786738294669,0.189869686994746,4,0.9972342688752112,0.00215296564949446,3.378341216985658e-36,4.224968470973569e-07,0.9972342688752112,0.0,1.7280013209800721e-12,0.0006123429767191955,8.083623196703319e-26
499,0.8253847468888316,-0.5849397291743956,8,0.972082774039803,0.02781925646591499,1.2755060548448507e-05,2.253516727198823e-53,8.521443373357282e-05,6.797953560183628e-22,2.4654304250550485e-134,8.758680468290154e-33,0.972082774039803
500,-0.968824830449272,-0.583334285022928,7,0.9123535771946971,0.07534681090716883,1.5134682673166613e-204,5.577843009558879e-21,0.012298851390418693,0.0,7.605077151507718e-07,0.9123535771946971,1.755238327503699e-108
