Orthogroup	Gene1	Species1	Gene2	Species2
OG0000000	FBpp0071280	dmel	FBpp0078649	dmel
OG0000000	FBpp0071280	dmel	FBpp0085250	dmel
OG0000000	FBpp0071280	dmel	FBpp0091051	dmel
OG0000000	FBpp0071280	dmel	FBpp0091053	dmel
OG0000000	FBpp0071280	dmel	FBpp0091056	dmel
OG0000000	FBpp0071280	dmel	FBpp0091058	dmel
OG0000000	FBpp0071280	dmel	FBpp0091061	dmel
OG0000000	FBpp0071280	dmel	FBpp0091064	dmel
OG0000000	FBpp0071280	dmel	FBpp0091067	dmel
OG0000000	FBpp0071280	dmel	FBpp0091070	dmel
OG0000000	FBpp0071280	dmel	FBpp0091073	dmel
OG0000000	FBpp0071280	dmel	FBpp0091076	dmel
OG0000000	FBpp0071280	dmel	FBpp0091079	dmel
OG0000000	FBpp0071280	dmel	FBpp0091082	dmel
OG0000000	FBpp0071280	dmel	FBpp0091085	dmel
OG0000000	FBpp0071280	dmel	FBpp0091088	dmel
OG0000000	FBpp0071280	dmel	FBpp0091091	dmel
OG0000000	FBpp0071280	dmel	FBpp0091094	dmel
OG0000000	FBpp0071280	dmel	FBpp0091097	dmel
OG0000000	FBpp0071280	dmel	FBpp0091100	dmel
OG0000000	FBpp0071280	dmel	FBpp0091103	dmel
OG0000000	FBpp0071280	dmel	FBpp0091106	dmel
OG0000000	FBpp0071280	dmel	FBpp0091109	dmel
OG0000000	FBpp0071280	dmel	FBpp0091112	dmel
OG0000000	FBpp0078649	dmel	FBpp0085250	dmel
OG0000000	FBpp0078649	dmel	FBpp0091051	dmel
OG0000000	FBpp0078649	dmel	FBpp0091053	dmel
OG0000000	FBpp0078649	dmel	FBpp0091056	dmel
OG0000000	FBpp0078649	dmel	FBpp0091058	dmel
OG0000000	FBpp0078649	dmel	FBpp0091061	dmel
OG0000000	FBpp0078649	dmel	FBpp0091064	dmel
OG0000000	FBpp0078649	dmel	FBpp0091067	dmel
OG0000000	FBpp0078649	dmel	FBpp0091070	dmel
OG0000000	FBpp0078649	dmel	FBpp0091073	dmel
OG0000000	FBpp0078649	dmel	FBpp0091076	dmel
OG0000000	FBpp0078649	dmel	FBpp0091079	dmel
OG0000000	FBpp0078649	dmel	FBpp0091082	dmel
OG0000000	FBpp0078649	dmel	FBpp0091085	dmel
OG0000000	FBpp0078649	dmel	FBpp0091088	dmel
OG0000000	FBpp0078649	dmel	FBpp0091091	dmel
OG0000000	FBpp0078649	dmel	FBpp0091094	dmel
OG0000000	FBpp0078649	dmel	FBpp0091097	dmel
OG0000000	FBpp0078649	dmel	FBpp0091100	dmel
OG0000000	FBpp0078649	dmel	FBpp0091103	dmel
OG0000000	FBpp0078649	dmel	FBpp0091106	dmel
OG0000000	FBpp0078649	dmel	FBpp0091109	dmel
OG0000000	FBpp0078649	dmel	FBpp0091112	dmel
OG0000000	FBpp0085250	dmel	FBpp0091051	dmel
OG0000000	FBpp0085250	dmel	FBpp0091053	dmel
OG0000000	FBpp0085250	dmel	FBpp0091056	dmel
OG0000000	FBpp0085250	dmel	FBpp0091058	dmel
OG0000000	FBpp0085250	dmel	FBpp0091061	dmel
OG0000000	FBpp0085250	dmel	FBpp0091064	dmel
OG0000000	FBpp0085250	dmel	FBpp0091067	dmel
OG0000000	FBpp0085250	dmel	FBpp0091070	dmel
OG0000000	FBpp0085250	dmel	FBpp0091073	dmel
OG0000000	FBpp0085250	dmel	FBpp0091076	dmel
OG0000000	FBpp0085250	dmel	FBpp0091079	dmel
OG0000000	FBpp0085250	dmel	FBpp0091082	dmel
OG0000000	FBpp0085250	dmel	FBpp0091085	dmel
OG0000000	FBpp0085250	dmel	FBpp0091088	dmel
OG0000000	FBpp0085250	dmel	FBpp0091091	dmel
OG0000000	FBpp0085250	dmel	FBpp0091094	dmel
OG0000000	FBpp0085250	dmel	FBpp0091097	dmel
OG0000000	FBpp0085250	dmel	FBpp0091100	dmel
OG0000000	FBpp0085250	dmel	FBpp0091103	dmel
OG0000000	FBpp0085250	dmel	FBpp0091106	dmel
OG0000000	FBpp0085250	dmel	FBpp0091109	dmel
OG0000000	FBpp0085250	dmel	FBpp0091112	dmel
OG0000000	FBpp0091051	dmel	FBpp0091058	dmel
OG0000000	FBpp0091051	dmel	FBpp0091079	dmel
OG0000000	FBpp0091051	dmel	FBpp0091100	dmel
OG0000000	FBpp0091051	dmel	FBpp0091112	dmel
OG0000000	FBpp0091053	dmel	FBpp0091058	dmel
OG0000000	FBpp0091053	dmel	FBpp0091079	dmel
OG0000000	FBpp0091053	dmel	FBpp0091100	dmel
OG0000000	FBpp0091053	dmel	FBpp0091112	dmel
OG0000000	FBpp0091056	dmel	FBpp0091058	dmel
OG0000000	FBpp0091056	dmel	FBpp0091079	dmel
OG0000000	FBpp0091056	dmel	FBpp0091100	dmel
OG0000000	FBpp0091056	dmel	FBpp0091112	dmel
OG0000000	FBpp0091058	dmel	FBpp0091061	dmel
OG0000000	FBpp0091058	dmel	FBpp0091064	dmel
OG0000000	FBpp0091058	dmel	FBpp0091067	dmel
OG0000000	FBpp0091058	dmel	FBpp0091070	dmel
OG0000000	FBpp0091058	dmel	FBpp0091073	dmel
OG0000000	FBpp0091058	dmel	FBpp0091076	dmel
OG0000000	FBpp0091058	dmel	FBpp0091079	dmel
OG0000000	FBpp0091058	dmel	FBpp0091082	dmel
OG0000000	FBpp0091058	dmel	FBpp0091085	dmel
OG0000000	FBpp0091058	dmel	FBpp0091088	dmel
OG0000000	FBpp0091058	dmel	FBpp0091091	dmel
OG0000000	FBpp0091058	dmel	FBpp0091094	dmel
OG0000000	FBpp0091058	dmel	FBpp0091097	dmel
OG0000000	FBpp0091058	dmel	FBpp0091100	dmel
OG0000000	FBpp0091058	dmel	FBpp0091103	dmel
OG0000000	FBpp0091058	dmel	FBpp0091106	dmel
OG0000000	FBpp0091058	dmel	FBpp0091109	dmel
OG0000000	FBpp0091058	dmel	FBpp0091112	dmel
OG0000000	FBpp0091061	dmel	FBpp0091079	dmel
OG0000000	FBpp0091061	dmel	FBpp0091100	dmel
OG0000000	FBpp0091061	dmel	FBpp0091112	dmel
OG0000000	FBpp0091064	dmel	FBpp0091079	dmel
OG0000000	FBpp0091064	dmel	FBpp0091100	dmel
OG0000000	FBpp0091064	dmel	FBpp0091112	dmel
OG0000000	FBpp0091067	dmel	FBpp0091079	dmel
OG0000000	FBpp0091067	dmel	FBpp0091100	dmel
OG0000000	FBpp0091067	dmel	FBpp0091112	dmel
OG0000000	FBpp0091070	dmel	FBpp0091079	dmel
OG0000000	FBpp0091070	dmel	FBpp0091100	dmel
OG0000000	FBpp0091070	dmel	FBpp0091112	dmel
OG0000000	FBpp0091073	dmel	FBpp0091079	dmel
OG0000000	FBpp0091073	dmel	FBpp0091100	dmel
OG0000000	FBpp0091073	dmel	FBpp0091112	dmel
OG0000000	FBpp0091076	dmel	FBpp0091079	dmel
OG0000000	FBpp0091076	dmel	FBpp0091100	dmel
OG0000000	FBpp0091076	dmel	FBpp0091112	dmel
OG0000000	FBpp0091079	dmel	FBpp0091082	dmel
OG0000000	FBpp0091079	dmel	FBpp0091085	dmel
OG0000000	FBpp0091079	dmel	FBpp0091088	dmel
OG0000000	FBpp0091079	dmel	FBpp0091091	dmel
OG0000000	FBpp0091079	dmel	FBpp0091094	dmel
OG0000000	FBpp0091079	dmel	FBpp0091097	dmel
OG0000000	FBpp0091079	dmel	FBpp0091100	dmel
OG0000000	FBpp0091079	dmel	FBpp0091103	dmel
OG0000000	FBpp0091079	dmel	FBpp0091106	dmel
OG0000000	FBpp0091079	dmel	FBpp0091109	dmel
OG0000000	FBpp0091079	dmel	FBpp0091112	dmel
OG0000000	FBpp0091082	dmel	FBpp0091100	dmel
OG0000000	FBpp0091082	dmel	FBpp0091112	dmel
OG0000000	FBpp0091085	dmel	FBpp0091100	dmel
OG0000000	FBpp0091085	dmel	FBpp0091112	dmel
OG0000000	FBpp0091088	dmel	FBpp0091100	dmel
OG0000000	FBpp0091088	dmel	FBpp0091112	dmel
OG0000000	FBpp0091091	dmel	FBpp0091100	dmel
OG0000000	FBpp0091091	dmel	FBpp0091112	dmel
OG0000000	FBpp0091094	dmel	FBpp0091100	dmel
OG0000000	FBpp0091094	dmel	FBpp0091112	dmel
OG0000000	FBpp0091097	dmel	FBpp0091100	dmel
OG0000000	FBpp0091097	dmel	FBpp0091112	dmel
OG0000000	FBpp0091100	dmel	FBpp0091103	dmel
OG0000000	FBpp0091100	dmel	FBpp0091106	dmel
OG0000000	FBpp0091100	dmel	FBpp0091109	dmel
OG0000000	FBpp0091100	dmel	FBpp0091112	dmel
OG0000000	FBpp0091103	dmel	FBpp0091112	dmel
OG0000000	FBpp0091106	dmel	FBpp0091112	dmel
OG0000000	FBpp0091109	dmel	FBpp0091112	dmel
OG0000000	FBpp0192282	dsec	FBpp0193185	dsec
OG0000000	FBpp0192282	dsec	FBpp0194670	dsec
OG0000000	FBpp0192282	dsec	FBpp0194673	dsec
OG0000000	FBpp0192282	dsec	FBpp0194675	dsec
OG0000000	FBpp0192282	dsec	FBpp0195153	dsec
OG0000000	FBpp0192282	dsec	FBpp0200000	dsec
OG0000000	FBpp0192282	dsec	FBpp0201186	dsec
OG0000000	FBpp0192282	dsec	FBpp0201188	dsec
OG0000000	FBpp0192282	dsec	FBpp0201196	dsec
OG0000000	FBpp0192282	dsec	FBpp0201199	dsec
OG0000000	FBpp0192282	dsec	FBpp0201203	dsec
OG0000000	FBpp0192282	dsec	FBpp0201206	dsec
OG0000000	FBpp0192519	dsec	FBpp0193185	dsec
OG0000000	FBpp0192519	dsec	FBpp0194670	dsec
OG0000000	FBpp0192519	dsec	FBpp0194673	dsec
OG0000000	FBpp0192519	dsec	FBpp0194675	dsec
OG0000000	FBpp0192519	dsec	FBpp0195153	dsec
OG0000000	FBpp0192519	dsec	FBpp0200000	dsec
OG0000000	FBpp0192519	dsec	FBpp0201186	dsec
OG0000000	FBpp0192519	dsec	FBpp0201188	dsec
OG0000000	FBpp0192519	dsec	FBpp0201196	dsec
OG0000000	FBpp0192519	dsec	FBpp0201199	dsec
OG0000000	FBpp0192519	dsec	FBpp0201203	dsec
OG0000000	FBpp0192519	dsec	FBpp0201206	dsec
OG0000000	FBpp0192625	dsec	FBpp0193185	dsec
OG0000000	FBpp0192625	dsec	FBpp0194670	dsec
OG0000000	FBpp0192625	dsec	FBpp0194673	dsec
OG0000000	FBpp0192625	dsec	FBpp0194675	dsec
OG0000000	FBpp0192625	dsec	FBpp0195153	dsec
OG0000000	FBpp0192625	dsec	FBpp0200000	dsec
OG0000000	FBpp0192625	dsec	FBpp0201186	dsec
OG0000000	FBpp0192625	dsec	FBpp0201188	dsec
OG0000000	FBpp0192625	dsec	FBpp0201196	dsec
OG0000000	FBpp0192625	dsec	FBpp0201199	dsec
OG0000000	FBpp0192625	dsec	FBpp0201203	dsec
OG0000000	FBpp0192625	dsec	FBpp0201206	dsec
OG0000000	FBpp0192643	dsec	FBpp0193185	dsec
OG0000000	FBpp0192643	dsec	FBpp0194670	dsec
OG0000000	FBpp0192643	dsec	FBpp0194673	dsec
OG0000000	FBpp0192643	dsec	FBpp0194675	dsec
OG0000000	FBpp0192643	dsec	FBpp0195153	dsec
OG0000000	FBpp0192643	dsec	FBpp0200000	dsec
OG0000000	FBpp0192643	dsec	FBpp0201186	dsec
OG0000000	FBpp0192643	dsec	FBpp0201188	dsec
OG0000000	FBpp0192643	dsec	FBpp0201196	dsec
OG0000000	FBpp0192643	dsec	FBpp0201199	dsec
OG0000000	FBpp0192643	dsec	FBpp0201203	dsec
OG0000000	FBpp0192643	dsec	FBpp0201206	dsec
OG0000000	FBpp0192658	dsec	FBpp0193185	dsec
OG0000000	FBpp0192658	dsec	FBpp0194670	dsec
OG0000000	FBpp0192658	dsec	FBpp0194673	dsec
OG0000000	FBpp0192658	dsec	FBpp0194675	dsec
OG0000000	FBpp0192658	dsec	FBpp0195153	dsec
OG0000000	FBpp0192658	dsec	FBpp0200000	dsec
OG0000000	FBpp0192658	dsec	FBpp0201186	dsec
OG0000000	FBpp0192658	dsec	FBpp0201188	dsec
OG0000000	FBpp0192658	dsec	FBpp0201196	dsec
OG0000000	FBpp0192658	dsec	FBpp0201199	dsec
OG0000000	FBpp0192658	dsec	FBpp0201203	dsec
OG0000000	FBpp0192658	dsec	FBpp0201206	dsec
OG0000000	FBpp0192661	dsec	FBpp0193185	dsec
OG0000000	FBpp0192661	dsec	FBpp0194670	dsec
OG0000000	FBpp0192661	dsec	FBpp0194673	dsec
OG0000000	FBpp0192661	dsec	FBpp0194675	dsec
OG0000000	FBpp0192661	dsec	FBpp0195153	dsec
OG0000000	FBpp0192661	dsec	FBpp0200000	dsec
OG0000000	FBpp0192661	dsec	FBpp0201186	dsec
OG0000000	FBpp0192661	dsec	FBpp0201188	dsec
OG0000000	FBpp0192661	dsec	FBpp0201196	dsec
OG0000000	FBpp0192661	dsec	FBpp0201199	dsec
OG0000000	FBpp0192661	dsec	FBpp0201203	dsec
OG0000000	FBpp0192661	dsec	FBpp0201206	dsec
OG0000000	FBpp0193130	dsec	FBpp0193185	dsec
OG0000000	FBpp0193130	dsec	FBpp0194670	dsec
OG0000000	FBpp0193130	dsec	FBpp0194673	dsec
OG0000000	FBpp0193130	dsec	FBpp0194675	dsec
OG0000000	FBpp0193130	dsec	FBpp0195153	dsec
OG0000000	FBpp0193130	dsec	FBpp0200000	dsec
OG0000000	FBpp0193130	dsec	FBpp0201186	dsec
OG0000000	FBpp0193130	dsec	FBpp0201188	dsec
OG0000000	FBpp0193130	dsec	FBpp0201196	dsec
OG0000000	FBpp0193130	dsec	FBpp0201199	dsec
OG0000000	FBpp0193130	dsec	FBpp0201203	dsec
OG0000000	FBpp0193130	dsec	FBpp0201206	dsec
OG0000000	FBpp0193185	dsec	FBpp0193188	dsec
OG0000000	FBpp0193185	dsec	FBpp0193551	dsec
OG0000000	FBpp0193185	dsec	FBpp0193862	dsec
OG0000000	FBpp0193185	dsec	FBpp0194479	dsec
OG0000000	FBpp0193185	dsec	FBpp0194601	dsec
OG0000000	FBpp0193185	dsec	FBpp0194616	dsec
OG0000000	FBpp0193185	dsec	FBpp0194656	dsec
OG0000000	FBpp0193185	dsec	FBpp0194670	dsec
OG0000000	FBpp0193185	dsec	FBpp0194673	dsec
OG0000000	FBpp0193185	dsec	FBpp0194675	dsec
OG0000000	FBpp0193185	dsec	FBpp0195020	dsec
OG0000000	FBpp0193185	dsec	FBpp0195059	dsec
OG0000000	FBpp0193185	dsec	FBpp0195103	dsec
OG0000000	FBpp0193185	dsec	FBpp0195106	dsec
OG0000000	FBpp0193185	dsec	FBpp0195153	dsec
OG0000000	FBpp0193185	dsec	FBpp0196610	dsec
OG0000000	FBpp0193185	dsec	FBpp0196930	dsec
OG0000000	FBpp0193185	dsec	FBpp0197585	dsec
OG0000000	FBpp0193185	dsec	FBpp0197709	dsec
OG0000000	FBpp0193185	dsec	FBpp0197734	dsec
OG0000000	FBpp0193185	dsec	FBpp0197757	dsec
OG0000000	FBpp0193185	dsec	FBpp0197874	dsec
OG0000000	FBpp0193185	dsec	FBpp0197880	dsec
OG0000000	FBpp0193185	dsec	FBpp0198355	dsec
OG0000000	FBpp0193185	dsec	FBpp0198875	dsec
OG0000000	FBpp0193185	dsec	FBpp0198919	dsec
OG0000000	FBpp0193185	dsec	FBpp0200000	dsec
OG0000000	FBpp0193185	dsec	FBpp0200212	dsec
OG0000000	FBpp0193185	dsec	FBpp0200282	dsec
OG0000000	FBpp0193185	dsec	FBpp0200288	dsec
OG0000000	FBpp0193185	dsec	FBpp0200309	dsec
OG0000000	FBpp0193185	dsec	FBpp0200788	dsec
OG0000000	FBpp0193185	dsec	FBpp0200791	dsec
OG0000000	FBpp0193185	dsec	FBpp0200802	dsec
OG0000000	FBpp0193185	dsec	FBpp0200820	dsec
OG0000000	FBpp0193185	dsec	FBpp0200828	dsec
OG0000000	FBpp0193185	dsec	FBpp0201125	dsec
OG0000000	FBpp0193185	dsec	FBpp0201132	dsec
OG0000000	FBpp0193185	dsec	FBpp0201147	dsec
OG0000000	FBpp0193185	dsec	FBpp0201186	dsec
OG0000000	FBpp0193185	dsec	FBpp0201188	dsec
OG0000000	FBpp0193185	dsec	FBpp0201196	dsec
OG0000000	FBpp0193185	dsec	FBpp0201199	dsec
OG0000000	FBpp0193185	dsec	FBpp0201203	dsec
OG0000000	FBpp0193185	dsec	FBpp0201206	dsec
OG0000000	FBpp0193185	dsec	FBpp0201215	dsec
OG0000000	FBpp0193185	dsec	FBpp0201217	dsec
OG0000000	FBpp0193185	dsec	FBpp0201228	dsec
OG0000000	FBpp0193185	dsec	FBpp0201230	dsec
OG0000000	FBpp0193185	dsec	FBpp0201236	dsec
OG0000000	FBpp0193185	dsec	FBpp0202429	dsec
OG0000000	FBpp0193185	dsec	FBpp0203427	dsec
OG0000000	FBpp0193185	dsec	FBpp0203580	dsec
OG0000000	FBpp0193185	dsec	FBpp0204902	dsec
OG0000000	FBpp0193185	dsec	FBpp0205671	dsec
OG0000000	FBpp0193185	dsec	FBpp0206444	dsec
OG0000000	FBpp0193185	dsec	FBpp0206602	dsec
OG0000000	FBpp0193185	dsec	FBpp0208138	dsec
OG0000000	FBpp0193185	dsec	FBpp0208204	dsec
OG0000000	FBpp0193188	dsec	FBpp0194670	dsec
OG0000000	FBpp0193188	dsec	FBpp0194673	dsec
OG0000000	FBpp0193188	dsec	FBpp0194675	dsec
OG0000000	FBpp0193188	dsec	FBpp0195153	dsec
OG0000000	FBpp0193188	dsec	FBpp0200000	dsec
OG0000000	FBpp0193188	dsec	FBpp0201186	dsec
OG0000000	FBpp0193188	dsec	FBpp0201188	dsec
OG0000000	FBpp0193188	dsec	FBpp0201196	dsec
OG0000000	FBpp0193188	dsec	FBpp0201199	dsec
OG0000000	FBpp0193188	dsec	FBpp0201203	dsec
OG0000000	FBpp0193188	dsec	FBpp0201206	dsec
OG0000000	FBpp0193551	dsec	FBpp0194670	dsec
OG0000000	FBpp0193551	dsec	FBpp0194673	dsec
OG0000000	FBpp0193551	dsec	FBpp0194675	dsec
OG0000000	FBpp0193551	dsec	FBpp0195153	dsec
OG0000000	FBpp0193551	dsec	FBpp0200000	dsec
OG0000000	FBpp0193551	dsec	FBpp0201186	dsec
OG0000000	FBpp0193551	dsec	FBpp0201188	dsec
OG0000000	FBpp0193551	dsec	FBpp0201196	dsec
OG0000000	FBpp0193551	dsec	FBpp0201199	dsec
OG0000000	FBpp0193551	dsec	FBpp0201203	dsec
OG0000000	FBpp0193551	dsec	FBpp0201206	dsec
OG0000000	FBpp0193862	dsec	FBpp0194670	dsec
OG0000000	FBpp0193862	dsec	FBpp0194673	dsec
OG0000000	FBpp0193862	dsec	FBpp0194675	dsec
OG0000000	FBpp0193862	dsec	FBpp0195153	dsec
OG0000000	FBpp0193862	dsec	FBpp0200000	dsec
OG0000000	FBpp0193862	dsec	FBpp0201186	dsec
OG0000000	FBpp0193862	dsec	FBpp0201188	dsec
OG0000000	FBpp0193862	dsec	FBpp0201196	dsec
OG0000000	FBpp0193862	dsec	FBpp0201199	dsec
OG0000000	FBpp0193862	dsec	FBpp0201203	dsec
OG0000000	FBpp0193862	dsec	FBpp0201206	dsec
OG0000000	FBpp0194479	dsec	FBpp0194670	dsec
OG0000000	FBpp0194479	dsec	FBpp0194673	dsec
OG0000000	FBpp0194479	dsec	FBpp0194675	dsec
OG0000000	FBpp0194479	dsec	FBpp0195153	dsec
OG0000000	FBpp0194479	dsec	FBpp0200000	dsec
OG0000000	FBpp0194479	dsec	FBpp0201186	dsec
OG0000000	FBpp0194479	dsec	FBpp0201188	dsec
OG0000000	FBpp0194479	dsec	FBpp0201196	dsec
OG0000000	FBpp0194479	dsec	FBpp0201199	dsec
OG0000000	FBpp0194479	dsec	FBpp0201203	dsec
OG0000000	FBpp0194479	dsec	FBpp0201206	dsec
OG0000000	FBpp0194601	dsec	FBpp0194670	dsec
OG0000000	FBpp0194601	dsec	FBpp0194673	dsec
OG0000000	FBpp0194601	dsec	FBpp0194675	dsec
OG0000000	FBpp0194601	dsec	FBpp0195153	dsec
OG0000000	FBpp0194601	dsec	FBpp0200000	dsec
OG0000000	FBpp0194601	dsec	FBpp0201186	dsec
OG0000000	FBpp0194601	dsec	FBpp0201188	dsec
OG0000000	FBpp0194601	dsec	FBpp0201196	dsec
OG0000000	FBpp0194601	dsec	FBpp0201199	dsec
OG0000000	FBpp0194601	dsec	FBpp0201203	dsec
OG0000000	FBpp0194601	dsec	FBpp0201206	dsec
OG0000000	FBpp0194616	dsec	FBpp0194670	dsec
OG0000000	FBpp0194616	dsec	FBpp0194673	dsec
OG0000000	FBpp0194616	dsec	FBpp0194675	dsec
OG0000000	FBpp0194616	dsec	FBpp0195153	dsec
OG0000000	FBpp0194616	dsec	FBpp0200000	dsec
OG0000000	FBpp0194616	dsec	FBpp0201186	dsec
OG0000000	FBpp0194616	dsec	FBpp0201188	dsec
OG0000000	FBpp0194616	dsec	FBpp0201196	dsec
OG0000000	FBpp0194616	dsec	FBpp0201199	dsec
OG0000000	FBpp0194616	dsec	FBpp0201203	dsec
OG0000000	FBpp0194616	dsec	FBpp0201206	dsec
OG0000000	FBpp0194656	dsec	FBpp0194670	dsec
OG0000000	FBpp0194656	dsec	FBpp0194673	dsec
OG0000000	FBpp0194656	dsec	FBpp0194675	dsec
OG0000000	FBpp0194656	dsec	FBpp0195153	dsec
OG0000000	FBpp0194656	dsec	FBpp0200000	dsec
OG0000000	FBpp0194656	dsec	FBpp0201186	dsec
OG0000000	FBpp0194656	dsec	FBpp0201188	dsec
OG0000000	FBpp0194656	dsec	FBpp0201196	dsec
OG0000000	FBpp0194656	dsec	FBpp0201199	dsec
OG0000000	FBpp0194656	dsec	FBpp0201203	dsec
OG0000000	FBpp0194656	dsec	FBpp0201206	dsec
OG0000000	FBpp0194670	dsec	FBpp0194673	dsec
OG0000000	FBpp0194670	dsec	FBpp0194675	dsec
OG0000000	FBpp0194670	dsec	FBpp0195020	dsec
OG0000000	FBpp0194670	dsec	FBpp0195059	dsec
OG0000000	FBpp0194670	dsec	FBpp0195103	dsec
OG0000000	FBpp0194670	dsec	FBpp0195106	dsec
OG0000000	FBpp0194670	dsec	FBpp0195153	dsec
OG0000000	FBpp0194670	dsec	FBpp0196610	dsec
OG0000000	FBpp0194670	dsec	FBpp0196930	dsec
OG0000000	FBpp0194670	dsec	FBpp0197585	dsec
OG0000000	FBpp0194670	dsec	FBpp0197709	dsec
OG0000000	FBpp0194670	dsec	FBpp0197734	dsec
OG0000000	FBpp0194670	dsec	FBpp0197757	dsec
OG0000000	FBpp0194670	dsec	FBpp0197874	dsec
OG0000000	FBpp0194670	dsec	FBpp0197880	dsec
OG0000000	FBpp0194670	dsec	FBpp0198355	dsec
OG0000000	FBpp0194670	dsec	FBpp0198875	dsec
OG0000000	FBpp0194670	dsec	FBpp0198919	dsec
OG0000000	FBpp0194670	dsec	FBpp0200000	dsec
OG0000000	FBpp0194670	dsec	FBpp0200212	dsec
OG0000000	FBpp0194670	dsec	FBpp0200282	dsec
OG0000000	FBpp0194670	dsec	FBpp0200288	dsec
OG0000000	FBpp0194670	dsec	FBpp0200309	dsec
OG0000000	FBpp0194670	dsec	FBpp0200788	dsec
OG0000000	FBpp0194670	dsec	FBpp0200791	dsec
OG0000000	FBpp0194670	dsec	FBpp0200802	dsec
OG0000000	FBpp0194670	dsec	FBpp0200820	dsec
OG0000000	FBpp0194670	dsec	FBpp0200828	dsec
OG0000000	FBpp0194670	dsec	FBpp0201125	dsec
OG0000000	FBpp0194670	dsec	FBpp0201132	dsec
OG0000000	FBpp0194670	dsec	FBpp0201147	dsec
OG0000000	FBpp0194670	dsec	FBpp0201186	dsec
OG0000000	FBpp0194670	dsec	FBpp0201188	dsec
OG0000000	FBpp0194670	dsec	FBpp0201196	dsec
OG0000000	FBpp0194670	dsec	FBpp0201199	dsec
OG0000000	FBpp0194670	dsec	FBpp0201203	dsec
OG0000000	FBpp0194670	dsec	FBpp0201206	dsec
OG0000000	FBpp0194670	dsec	FBpp0201215	dsec
OG0000000	FBpp0194670	dsec	FBpp0201217	dsec
OG0000000	FBpp0194670	dsec	FBpp0201228	dsec
OG0000000	FBpp0194670	dsec	FBpp0201230	dsec
OG0000000	FBpp0194670	dsec	FBpp0201236	dsec
OG0000000	FBpp0194670	dsec	FBpp0202429	dsec
OG0000000	FBpp0194670	dsec	FBpp0203427	dsec
OG0000000	FBpp0194670	dsec	FBpp0203580	dsec
OG0000000	FBpp0194670	dsec	FBpp0204902	dsec
OG0000000	FBpp0194670	dsec	FBpp0205671	dsec
OG0000000	FBpp0194670	dsec	FBpp0206444	dsec
OG0000000	FBpp0194670	dsec	FBpp0206602	dsec
OG0000000	FBpp0194670	dsec	FBpp0208138	dsec
OG0000000	FBpp0194670	dsec	FBpp0208204	dsec
OG0000000	FBpp0194673	dsec	FBpp0194675	dsec
OG0000000	FBpp0194673	dsec	FBpp0195020	dsec
OG0000000	FBpp0194673	dsec	FBpp0195059	dsec
OG0000000	FBpp0194673	dsec	FBpp0195103	dsec
OG0000000	FBpp0194673	dsec	FBpp0195106	dsec
OG0000000	FBpp0194673	dsec	FBpp0195153	dsec
OG0000000	FBpp0194673	dsec	FBpp0196610	dsec
OG0000000	FBpp0194673	dsec	FBpp0196930	dsec
OG0000000	FBpp0194673	dsec	FBpp0197585	dsec
OG0000000	FBpp0194673	dsec	FBpp0197709	dsec
OG0000000	FBpp0194673	dsec	FBpp0197734	dsec
OG0000000	FBpp0194673	dsec	FBpp0197757	dsec
OG0000000	FBpp0194673	dsec	FBpp0197874	dsec
OG0000000	FBpp0194673	dsec	FBpp0197880	dsec
OG0000000	FBpp0194673	dsec	FBpp0198355	dsec
OG0000000	FBpp0194673	dsec	FBpp0198875	dsec
OG0000000	FBpp0194673	dsec	FBpp0198919	dsec
OG0000000	FBpp0194673	dsec	FBpp0200000	dsec
OG0000000	FBpp0194673	dsec	FBpp0200212	dsec
OG0000000	FBpp0194673	dsec	FBpp0200282	dsec
OG0000000	FBpp0194673	dsec	FBpp0200288	dsec
OG0000000	FBpp0194673	dsec	FBpp0200309	dsec
OG0000000	FBpp0194673	dsec	FBpp0200788	dsec
OG0000000	FBpp0194673	dsec	FBpp0200791	dsec
OG0000000	FBpp0194673	dsec	FBpp0200802	dsec
OG0000000	FBpp0194673	dsec	FBpp0200820	dsec
OG0000000	FBpp0194673	dsec	FBpp0200828	dsec
OG0000000	FBpp0194673	dsec	FBpp0201125	dsec
OG0000000	FBpp0194673	dsec	FBpp0201132	dsec
OG0000000	FBpp0194673	dsec	FBpp0201147	dsec
OG0000000	FBpp0194673	dsec	FBpp0201186	dsec
OG0000000	FBpp0194673	dsec	FBpp0201188	dsec
OG0000000	FBpp0194673	dsec	FBpp0201196	dsec
OG0000000	FBpp0194673	dsec	FBpp0201199	dsec
OG0000000	FBpp0194673	dsec	FBpp0201203	dsec
OG0000000	FBpp0194673	dsec	FBpp0201206	dsec
OG0000000	FBpp0194673	dsec	FBpp0201215	dsec
OG0000000	FBpp0194673	dsec	FBpp0201217	dsec
OG0000000	FBpp0194673	dsec	FBpp0201228	dsec
OG0000000	FBpp0194673	dsec	FBpp0201230	dsec
OG0000000	FBpp0194673	dsec	FBpp0201236	dsec
OG0000000	FBpp0194673	dsec	FBpp0202429	dsec
OG0000000	FBpp0194673	dsec	FBpp0203427	dsec
OG0000000	FBpp0194673	dsec	FBpp0203580	dsec
OG0000000	FBpp0194673	dsec	FBpp0204902	dsec
OG0000000	FBpp0194673	dsec	FBpp0205671	dsec
OG0000000	FBpp0194673	dsec	FBpp0206444	dsec
OG0000000	FBpp0194673	dsec	FBpp0206602	dsec
OG0000000	FBpp0194673	dsec	FBpp0208138	dsec
OG0000000	FBpp0194673	dsec	FBpp0208204	dsec
OG0000000	FBpp0194675	dsec	FBpp0195020	dsec
OG0000000	FBpp0194675	dsec	FBpp0195059	dsec
OG0000000	FBpp0194675	dsec	FBpp0195103	dsec
OG0000000	FBpp0194675	dsec	FBpp0195106	dsec
OG0000000	FBpp0194675	dsec	FBpp0195153	dsec
OG0000000	FBpp0194675	dsec	FBpp0196610	dsec
OG0000000	FBpp0194675	dsec	FBpp0196930	dsec
OG0000000	FBpp0194675	dsec	FBpp0197585	dsec
OG0000000	FBpp0194675	dsec	FBpp0197709	dsec
OG0000000	FBpp0194675	dsec	FBpp0197734	dsec
OG0000000	FBpp0194675	dsec	FBpp0197757	dsec
OG0000000	FBpp0194675	dsec	FBpp0197874	dsec
OG0000000	FBpp0194675	dsec	FBpp0197880	dsec
OG0000000	FBpp0194675	dsec	FBpp0198355	dsec
OG0000000	FBpp0194675	dsec	FBpp0198875	dsec
OG0000000	FBpp0194675	dsec	FBpp0198919	dsec
OG0000000	FBpp0194675	dsec	FBpp0200000	dsec
OG0000000	FBpp0194675	dsec	FBpp0200212	dsec
OG0000000	FBpp0194675	dsec	FBpp0200282	dsec
OG0000000	FBpp0194675	dsec	FBpp0200288	dsec
OG0000000	FBpp0194675	dsec	FBpp0200309	dsec
OG0000000	FBpp0194675	dsec	FBpp0200788	dsec
OG0000000	FBpp0194675	dsec	FBpp0200791	dsec
OG0000000	FBpp0194675	dsec	FBpp0200802	dsec
OG0000000	FBpp0194675	dsec	FBpp0200820	dsec
OG0000000	FBpp0194675	dsec	FBpp0200828	dsec
OG0000000	FBpp0194675	dsec	FBpp0201125	dsec
OG0000000	FBpp0194675	dsec	FBpp0201132	dsec
OG0000000	FBpp0194675	dsec	FBpp0201147	dsec
OG0000000	FBpp0194675	dsec	FBpp0201186	dsec
OG0000000	FBpp0194675	dsec	FBpp0201188	dsec
OG0000000	FBpp0194675	dsec	FBpp0201196	dsec
OG0000000	FBpp0194675	dsec	FBpp0201199	dsec
OG0000000	FBpp0194675	dsec	FBpp0201203	dsec
OG0000000	FBpp0194675	dsec	FBpp0201206	dsec
OG0000000	FBpp0194675	dsec	FBpp0201215	dsec
OG0000000	FBpp0194675	dsec	FBpp0201217	dsec
OG0000000	FBpp0194675	dsec	FBpp0201228	dsec
OG0000000	FBpp0194675	dsec	FBpp0201230	dsec
OG0000000	FBpp0194675	dsec	FBpp0201236	dsec
OG0000000	FBpp0194675	dsec	FBpp0202429	dsec
OG0000000	FBpp0194675	dsec	FBpp0203427	dsec
OG0000000	FBpp0194675	dsec	FBpp0203580	dsec
OG0000000	FBpp0194675	dsec	FBpp0204902	dsec
OG0000000	FBpp0194675	dsec	FBpp0205671	dsec
OG0000000	FBpp0194675	dsec	FBpp0206444	dsec
OG0000000	FBpp0194675	dsec	FBpp0206602	dsec
OG0000000	FBpp0194675	dsec	FBpp0208138	dsec
OG0000000	FBpp0194675	dsec	FBpp0208204	dsec
OG0000000	FBpp0195020	dsec	FBpp0195153	dsec
OG0000000	FBpp0195020	dsec	FBpp0200000	dsec
OG0000000	FBpp0195020	dsec	FBpp0201186	dsec
OG0000000	FBpp0195020	dsec	FBpp0201188	dsec
OG0000000	FBpp0195020	dsec	FBpp0201196	dsec
OG0000000	FBpp0195020	dsec	FBpp0201199	dsec
OG0000000	FBpp0195020	dsec	FBpp0201203	dsec
OG0000000	FBpp0195020	dsec	FBpp0201206	dsec
OG0000000	FBpp0195059	dsec	FBpp0195153	dsec
OG0000000	FBpp0195059	dsec	FBpp0200000	dsec
OG0000000	FBpp0195059	dsec	FBpp0201186	dsec
OG0000000	FBpp0195059	dsec	FBpp0201188	dsec
OG0000000	FBpp0195059	dsec	FBpp0201196	dsec
OG0000000	FBpp0195059	dsec	FBpp0201199	dsec
OG0000000	FBpp0195059	dsec	FBpp0201203	dsec
OG0000000	FBpp0195059	dsec	FBpp0201206	dsec
OG0000000	FBpp0195103	dsec	FBpp0195153	dsec
OG0000000	FBpp0195103	dsec	FBpp0200000	dsec
OG0000000	FBpp0195103	dsec	FBpp0201186	dsec
OG0000000	FBpp0195103	dsec	FBpp0201188	dsec
OG0000000	FBpp0195103	dsec	FBpp0201196	dsec
OG0000000	FBpp0195103	dsec	FBpp0201199	dsec
OG0000000	FBpp0195103	dsec	FBpp0201203	dsec
OG0000000	FBpp0195103	dsec	FBpp0201206	dsec
OG0000000	FBpp0195106	dsec	FBpp0195153	dsec
OG0000000	FBpp0195106	dsec	FBpp0200000	dsec
OG0000000	FBpp0195106	dsec	FBpp0201186	dsec
OG0000000	FBpp0195106	dsec	FBpp0201188	dsec
OG0000000	FBpp0195106	dsec	FBpp0201196	dsec
OG0000000	FBpp0195106	dsec	FBpp0201199	dsec
OG0000000	FBpp0195106	dsec	FBpp0201203	dsec
OG0000000	FBpp0195106	dsec	FBpp0201206	dsec
OG0000000	FBpp0195153	dsec	FBpp0196610	dsec
OG0000000	FBpp0195153	dsec	FBpp0196930	dsec
OG0000000	FBpp0195153	dsec	FBpp0197585	dsec
OG0000000	FBpp0195153	dsec	FBpp0197709	dsec
OG0000000	FBpp0195153	dsec	FBpp0197734	dsec
OG0000000	FBpp0195153	dsec	FBpp0197757	dsec
OG0000000	FBpp0195153	dsec	FBpp0197874	dsec
OG0000000	FBpp0195153	dsec	FBpp0197880	dsec
OG0000000	FBpp0195153	dsec	FBpp0198355	dsec
OG0000000	FBpp0195153	dsec	FBpp0198875	dsec
OG0000000	FBpp0195153	dsec	FBpp0198919	dsec
OG0000000	FBpp0195153	dsec	FBpp0200000	dsec
OG0000000	FBpp0195153	dsec	FBpp0200212	dsec
OG0000000	FBpp0195153	dsec	FBpp0200282	dsec
OG0000000	FBpp0195153	dsec	FBpp0200288	dsec
OG0000000	FBpp0195153	dsec	FBpp0200309	dsec
OG0000000	FBpp0195153	dsec	FBpp0200788	dsec
OG0000000	FBpp0195153	dsec	FBpp0200791	dsec
OG0000000	FBpp0195153	dsec	FBpp0200802	dsec
OG0000000	FBpp0195153	dsec	FBpp0200820	dsec
OG0000000	FBpp0195153	dsec	FBpp0200828	dsec
OG0000000	FBpp0195153	dsec	FBpp0201125	dsec
OG0000000	FBpp0195153	dsec	FBpp0201132	dsec
OG0000000	FBpp0195153	dsec	FBpp0201147	dsec
OG0000000	FBpp0195153	dsec	FBpp0201186	dsec
OG0000000	FBpp0195153	dsec	FBpp0201188	dsec
OG0000000	FBpp0195153	dsec	FBpp0201196	dsec
OG0000000	FBpp0195153	dsec	FBpp0201199	dsec
OG0000000	FBpp0195153	dsec	FBpp0201203	dsec
OG0000000	FBpp0195153	dsec	FBpp0201206	dsec
OG0000000	FBpp0195153	dsec	FBpp0201215	dsec
OG0000000	FBpp0195153	dsec	FBpp0201217	dsec
OG0000000	FBpp0195153	dsec	FBpp0201228	dsec
OG0000000	FBpp0195153	dsec	FBpp0201230	dsec
OG0000000	FBpp0195153	dsec	FBpp0201236	dsec
OG0000000	FBpp0195153	dsec	FBpp0202429	dsec
OG0000000	FBpp0195153	dsec	FBpp0203427	dsec
OG0000000	FBpp0195153	dsec	FBpp0203580	dsec
OG0000000	FBpp0195153	dsec	FBpp0204902	dsec
OG0000000	FBpp0195153	dsec	FBpp0205671	dsec
OG0000000	FBpp0195153	dsec	FBpp0206444	dsec
OG0000000	FBpp0195153	dsec	FBpp0206602	dsec
OG0000000	FBpp0195153	dsec	FBpp0208138	dsec
OG0000000	FBpp0195153	dsec	FBpp0208204	dsec
OG0000000	FBpp0196610	dsec	FBpp0200000	dsec
OG0000000	FBpp0196610	dsec	FBpp0201186	dsec
OG0000000	FBpp0196610	dsec	FBpp0201188	dsec
OG0000000	FBpp0196610	dsec	FBpp0201196	dsec
OG0000000	FBpp0196610	dsec	FBpp0201199	dsec
OG0000000	FBpp0196610	dsec	FBpp0201203	dsec
OG0000000	FBpp0196610	dsec	FBpp0201206	dsec
OG0000000	FBpp0196930	dsec	FBpp0200000	dsec
OG0000000	FBpp0196930	dsec	FBpp0201186	dsec
OG0000000	FBpp0196930	dsec	FBpp0201188	dsec
OG0000000	FBpp0196930	dsec	FBpp0201196	dsec
OG0000000	FBpp0196930	dsec	FBpp0201199	dsec
OG0000000	FBpp0196930	dsec	FBpp0201203	dsec
OG0000000	FBpp0196930	dsec	FBpp0201206	dsec
OG0000000	FBpp0197585	dsec	FBpp0200000	dsec
OG0000000	FBpp0197585	dsec	FBpp0201186	dsec
OG0000000	FBpp0197585	dsec	FBpp0201188	dsec
OG0000000	FBpp0197585	dsec	FBpp0201196	dsec
OG0000000	FBpp0197585	dsec	FBpp0201199	dsec
OG0000000	FBpp0197585	dsec	FBpp0201203	dsec
OG0000000	FBpp0197585	dsec	FBpp0201206	dsec
OG0000000	FBpp0197709	dsec	FBpp0200000	dsec
OG0000000	FBpp0197709	dsec	FBpp0201186	dsec
OG0000000	FBpp0197709	dsec	FBpp0201188	dsec
OG0000000	FBpp0197709	dsec	FBpp0201196	dsec
OG0000000	FBpp0197709	dsec	FBpp0201199	dsec
OG0000000	FBpp0197709	dsec	FBpp0201203	dsec
OG0000000	FBpp0197709	dsec	FBpp0201206	dsec
OG0000000	FBpp0197734	dsec	FBpp0200000	dsec
OG0000000	FBpp0197734	dsec	FBpp0201186	dsec
OG0000000	FBpp0197734	dsec	FBpp0201188	dsec
OG0000000	FBpp0197734	dsec	FBpp0201196	dsec
OG0000000	FBpp0197734	dsec	FBpp0201199	dsec
OG0000000	FBpp0197734	dsec	FBpp0201203	dsec
OG0000000	FBpp0197734	dsec	FBpp0201206	dsec
OG0000000	FBpp0197757	dsec	FBpp0200000	dsec
OG0000000	FBpp0197757	dsec	FBpp0201186	dsec
OG0000000	FBpp0197757	dsec	FBpp0201188	dsec
OG0000000	FBpp0197757	dsec	FBpp0201196	dsec
OG0000000	FBpp0197757	dsec	FBpp0201199	dsec
OG0000000	FBpp0197757	dsec	FBpp0201203	dsec
OG0000000	FBpp0197757	dsec	FBpp0201206	dsec
OG0000000	FBpp0197874	dsec	FBpp0200000	dsec
OG0000000	FBpp0197874	dsec	FBpp0201186	dsec
OG0000000	FBpp0197874	dsec	FBpp0201188	dsec
OG0000000	FBpp0197874	dsec	FBpp0201196	dsec
OG0000000	FBpp0197874	dsec	FBpp0201199	dsec
OG0000000	FBpp0197874	dsec	FBpp0201203	dsec
OG0000000	FBpp0197874	dsec	FBpp0201206	dsec
OG0000000	FBpp0197880	dsec	FBpp0200000	dsec
OG0000000	FBpp0197880	dsec	FBpp0201186	dsec
OG0000000	FBpp0197880	dsec	FBpp0201188	dsec
OG0000000	FBpp0197880	dsec	FBpp0201196	dsec
OG0000000	FBpp0197880	dsec	FBpp0201199	dsec
OG0000000	FBpp0197880	dsec	FBpp0201203	dsec
OG0000000	FBpp0197880	dsec	FBpp0201206	dsec
OG0000000	FBpp0198355	dsec	FBpp0200000	dsec
OG0000000	FBpp0198355	dsec	FBpp0201186	dsec
OG0000000	FBpp0198355	dsec	FBpp0201188	dsec
OG0000000	FBpp0198355	dsec	FBpp0201196	dsec
OG0000000	FBpp0198355	dsec	FBpp0201199	dsec
OG0000000	FBpp0198355	dsec	FBpp0201203	dsec
OG0000000	FBpp0198355	dsec	FBpp0201206	dsec
OG0000000	FBpp0198875	dsec	FBpp0200000	dsec
OG0000000	FBpp0198875	dsec	FBpp0201186	dsec
OG0000000	FBpp0198875	dsec	FBpp0201188	dsec
OG0000000	FBpp0198875	dsec	FBpp0201196	dsec
OG0000000	FBpp0198875	dsec	FBpp0201199	dsec
OG0000000	FBpp0198875	dsec	FBpp0201203	dsec
OG0000000	FBpp0198875	dsec	FBpp0201206	dsec
OG0000000	FBpp0198919	dsec	FBpp0200000	dsec
OG0000000	FBpp0198919	dsec	FBpp0201186	dsec
OG0000000	FBpp0198919	dsec	FBpp0201188	dsec
OG0000000	FBpp0198919	dsec	FBpp0201196	dsec
OG0000000	FBpp0198919	dsec	FBpp0201199	dsec
OG0000000	FBpp0198919	dsec	FBpp0201203	dsec
OG0000000	FBpp0198919	dsec	FBpp0201206	dsec
OG0000000	FBpp0200000	dsec	FBpp0200212	dsec
OG0000000	FBpp0200000	dsec	FBpp0200282	dsec
OG0000000	FBpp0200000	dsec	FBpp0200288	dsec
OG0000000	FBpp0200000	dsec	FBpp0200309	dsec
OG0000000	FBpp0200000	dsec	FBpp0200788	dsec
OG0000000	FBpp0200000	dsec	FBpp0200791	dsec
OG0000000	FBpp0200000	dsec	FBpp0200802	dsec
OG0000000	FBpp0200000	dsec	FBpp0200820	dsec
OG0000000	FBpp0200000	dsec	FBpp0200828	dsec
OG0000000	FBpp0200000	dsec	FBpp0201125	dsec
OG0000000	FBpp0200000	dsec	FBpp0201132	dsec
OG0000000	FBpp0200000	dsec	FBpp0201147	dsec
OG0000000	FBpp0200000	dsec	FBpp0201186	dsec
OG0000000	FBpp0200000	dsec	FBpp0201188	dsec
OG0000000	FBpp0200000	dsec	FBpp0201196	dsec
OG0000000	FBpp0200000	dsec	FBpp0201199	dsec
OG0000000	FBpp0200000	dsec	FBpp0201203	dsec
OG0000000	FBpp0200000	dsec	FBpp0201206	dsec
OG0000000	FBpp0200000	dsec	FBpp0201215	dsec
OG0000000	FBpp0200000	dsec	FBpp0201217	dsec
OG0000000	FBpp0200000	dsec	FBpp0201228	dsec
OG0000000	FBpp0200000	dsec	FBpp0201230	dsec
OG0000000	FBpp0200000	dsec	FBpp0201236	dsec
OG0000000	FBpp0200000	dsec	FBpp0202429	dsec
OG0000000	FBpp0200000	dsec	FBpp0203427	dsec
OG0000000	FBpp0200000	dsec	FBpp0203580	dsec
OG0000000	FBpp0200000	dsec	FBpp0204902	dsec
OG0000000	FBpp0200000	dsec	FBpp0205671	dsec
OG0000000	FBpp0200000	dsec	FBpp0206444	dsec
OG0000000	FBpp0200000	dsec	FBpp0206602	dsec
OG0000000	FBpp0200000	dsec	FBpp0208138	dsec
OG0000000	FBpp0200000	dsec	FBpp0208204	dsec
OG0000000	FBpp0200212	dsec	FBpp0201186	dsec
OG0000000	FBpp0200212	dsec	FBpp0201188	dsec
OG0000000	FBpp0200212	dsec	FBpp0201196	dsec
OG0000000	FBpp0200212	dsec	FBpp0201199	dsec
OG0000000	FBpp0200212	dsec	FBpp0201203	dsec
OG0000000	FBpp0200212	dsec	FBpp0201206	dsec
OG0000000	FBpp0200282	dsec	FBpp0201186	dsec
OG0000000	FBpp0200282	dsec	FBpp0201188	dsec
OG0000000	FBpp0200282	dsec	FBpp0201196	dsec
OG0000000	FBpp0200282	dsec	FBpp0201199	dsec
OG0000000	FBpp0200282	dsec	FBpp0201203	dsec
OG0000000	FBpp0200282	dsec	FBpp0201206	dsec
OG0000000	FBpp0200288	dsec	FBpp0201186	dsec
OG0000000	FBpp0200288	dsec	FBpp0201188	dsec
OG0000000	FBpp0200288	dsec	FBpp0201196	dsec
OG0000000	FBpp0200288	dsec	FBpp0201199	dsec
OG0000000	FBpp0200288	dsec	FBpp0201203	dsec
OG0000000	FBpp0200288	dsec	FBpp0201206	dsec
OG0000000	FBpp0200309	dsec	FBpp0201186	dsec
OG0000000	FBpp0200309	dsec	FBpp0201188	dsec
OG0000000	FBpp0200309	dsec	FBpp0201196	dsec
OG0000000	FBpp0200309	dsec	FBpp0201199	dsec
OG0000000	FBpp0200309	dsec	FBpp0201203	dsec
OG0000000	FBpp0200309	dsec	FBpp0201206	dsec
OG0000000	FBpp0200788	dsec	FBpp0201186	dsec
OG0000000	FBpp0200788	dsec	FBpp0201188	dsec
OG0000000	FBpp0200788	dsec	FBpp0201196	dsec
OG0000000	FBpp0200788	dsec	FBpp0201199	dsec
OG0000000	FBpp0200788	dsec	FBpp0201203	dsec
OG0000000	FBpp0200788	dsec	FBpp0201206	dsec
OG0000000	FBpp0200791	dsec	FBpp0201186	dsec
OG0000000	FBpp0200791	dsec	FBpp0201188	dsec
OG0000000	FBpp0200791	dsec	FBpp0201196	dsec
OG0000000	FBpp0200791	dsec	FBpp0201199	dsec
OG0000000	FBpp0200791	dsec	FBpp0201203	dsec
OG0000000	FBpp0200791	dsec	FBpp0201206	dsec
OG0000000	FBpp0200802	dsec	FBpp0201186	dsec
OG0000000	FBpp0200802	dsec	FBpp0201188	dsec
OG0000000	FBpp0200802	dsec	FBpp0201196	dsec
OG0000000	FBpp0200802	dsec	FBpp0201199	dsec
OG0000000	FBpp0200802	dsec	FBpp0201203	dsec
OG0000000	FBpp0200802	dsec	FBpp0201206	dsec
OG0000000	FBpp0200820	dsec	FBpp0201186	dsec
OG0000000	FBpp0200820	dsec	FBpp0201188	dsec
OG0000000	FBpp0200820	dsec	FBpp0201196	dsec
OG0000000	FBpp0200820	dsec	FBpp0201199	dsec
OG0000000	FBpp0200820	dsec	FBpp0201203	dsec
OG0000000	FBpp0200820	dsec	FBpp0201206	dsec
OG0000000	FBpp0200828	dsec	FBpp0201186	dsec
OG0000000	FBpp0200828	dsec	FBpp0201188	dsec
OG0000000	FBpp0200828	dsec	FBpp0201196	dsec
OG0000000	FBpp0200828	dsec	FBpp0201199	dsec
OG0000000	FBpp0200828	dsec	FBpp0201203	dsec
OG0000000	FBpp0200828	dsec	FBpp0201206	dsec
OG0000000	FBpp0201125	dsec	FBpp0201186	dsec
OG0000000	FBpp0201125	dsec	FBpp0201188	dsec
OG0000000	FBpp0201125	dsec	FBpp0201196	dsec
OG0000000	FBpp0201125	dsec	FBpp0201199	dsec
OG0000000	FBpp0201125	dsec	FBpp0201203	dsec
OG0000000	FBpp0201125	dsec	FBpp0201206	dsec
OG0000000	FBpp0201132	dsec	FBpp0201186	dsec
OG0000000	FBpp0201132	dsec	FBpp0201188	dsec
OG0000000	FBpp0201132	dsec	FBpp0201196	dsec
OG0000000	FBpp0201132	dsec	FBpp0201199	dsec
OG0000000	FBpp0201132	dsec	FBpp0201203	dsec
OG0000000	FBpp0201132	dsec	FBpp0201206	dsec
OG0000000	FBpp0201147	dsec	FBpp0201186	dsec
OG0000000	FBpp0201147	dsec	FBpp0201188	dsec
OG0000000	FBpp0201147	dsec	FBpp0201196	dsec
OG0000000	FBpp0201147	dsec	FBpp0201199	dsec
OG0000000	FBpp0201147	dsec	FBpp0201203	dsec
OG0000000	FBpp0201147	dsec	FBpp0201206	dsec
OG0000000	FBpp0201186	dsec	FBpp0201188	dsec
OG0000000	FBpp0201186	dsec	FBpp0201196	dsec
OG0000000	FBpp0201186	dsec	FBpp0201199	dsec
OG0000000	FBpp0201186	dsec	FBpp0201203	dsec
OG0000000	FBpp0201186	dsec	FBpp0201206	dsec
OG0000000	FBpp0201186	dsec	FBpp0201215	dsec
OG0000000	FBpp0201186	dsec	FBpp0201217	dsec
OG0000000	FBpp0201186	dsec	FBpp0201228	dsec
OG0000000	FBpp0201186	dsec	FBpp0201230	dsec
OG0000000	FBpp0201186	dsec	FBpp0201236	dsec
OG0000000	FBpp0201186	dsec	FBpp0202429	dsec
OG0000000	FBpp0201186	dsec	FBpp0203427	dsec
OG0000000	FBpp0201186	dsec	FBpp0203580	dsec
OG0000000	FBpp0201186	dsec	FBpp0204902	dsec
OG0000000	FBpp0201186	dsec	FBpp0205671	dsec
OG0000000	FBpp0201186	dsec	FBpp0206444	dsec
OG0000000	FBpp0201186	dsec	FBpp0206602	dsec
OG0000000	FBpp0201186	dsec	FBpp0208138	dsec
OG0000000	FBpp0201186	dsec	FBpp0208204	dsec
OG0000000	FBpp0201188	dsec	FBpp0201196	dsec
OG0000000	FBpp0201188	dsec	FBpp0201199	dsec
OG0000000	FBpp0201188	dsec	FBpp0201203	dsec
OG0000000	FBpp0201188	dsec	FBpp0201206	dsec
OG0000000	FBpp0201188	dsec	FBpp0201215	dsec
OG0000000	FBpp0201188	dsec	FBpp0201217	dsec
OG0000000	FBpp0201188	dsec	FBpp0201228	dsec
OG0000000	FBpp0201188	dsec	FBpp0201230	dsec
OG0000000	FBpp0201188	dsec	FBpp0201236	dsec
OG0000000	FBpp0201188	dsec	FBpp0202429	dsec
OG0000000	FBpp0201188	dsec	FBpp0203427	dsec
OG0000000	FBpp0201188	dsec	FBpp0203580	dsec
OG0000000	FBpp0201188	dsec	FBpp0204902	dsec
OG0000000	FBpp0201188	dsec	FBpp0205671	dsec
OG0000000	FBpp0201188	dsec	FBpp0206444	dsec
OG0000000	FBpp0201188	dsec	FBpp0206602	dsec
OG0000000	FBpp0201188	dsec	FBpp0208138	dsec
OG0000000	FBpp0201188	dsec	FBpp0208204	dsec
OG0000000	FBpp0201196	dsec	FBpp0201199	dsec
OG0000000	FBpp0201196	dsec	FBpp0201203	dsec
OG0000000	FBpp0201196	dsec	FBpp0201206	dsec
OG0000000	FBpp0201196	dsec	FBpp0201215	dsec
OG0000000	FBpp0201196	dsec	FBpp0201217	dsec
OG0000000	FBpp0201196	dsec	FBpp0201228	dsec
OG0000000	FBpp0201196	dsec	FBpp0201230	dsec
OG0000000	FBpp0201196	dsec	FBpp0201236	dsec
OG0000000	FBpp0201196	dsec	FBpp0202429	dsec
OG0000000	FBpp0201196	dsec	FBpp0203427	dsec
OG0000000	FBpp0201196	dsec	FBpp0203580	dsec
OG0000000	FBpp0201196	dsec	FBpp0204902	dsec
OG0000000	FBpp0201196	dsec	FBpp0205671	dsec
OG0000000	FBpp0201196	dsec	FBpp0206444	dsec
OG0000000	FBpp0201196	dsec	FBpp0206602	dsec
OG0000000	FBpp0201196	dsec	FBpp0208138	dsec
OG0000000	FBpp0201196	dsec	FBpp0208204	dsec
OG0000000	FBpp0201199	dsec	FBpp0201203	dsec
OG0000000	FBpp0201199	dsec	FBpp0201206	dsec
OG0000000	FBpp0201199	dsec	FBpp0201215	dsec
OG0000000	FBpp0201199	dsec	FBpp0201217	dsec
OG0000000	FBpp0201199	dsec	FBpp0201228	dsec
OG0000000	FBpp0201199	dsec	FBpp0201230	dsec
OG0000000	FBpp0201199	dsec	FBpp0201236	dsec
OG0000000	FBpp0201199	dsec	FBpp0202429	dsec
OG0000000	FBpp0201199	dsec	FBpp0203427	dsec
OG0000000	FBpp0201199	dsec	FBpp0203580	dsec
OG0000000	FBpp0201199	dsec	FBpp0204902	dsec
OG0000000	FBpp0201199	dsec	FBpp0205671	dsec
OG0000000	FBpp0201199	dsec	FBpp0206444	dsec
OG0000000	FBpp0201199	dsec	FBpp0206602	dsec
OG0000000	FBpp0201199	dsec	FBpp0208138	dsec
OG0000000	FBpp0201199	dsec	FBpp0208204	dsec
OG0000000	FBpp0201203	dsec	FBpp0201206	dsec
OG0000000	FBpp0201203	dsec	FBpp0201215	dsec
OG0000000	FBpp0201203	dsec	FBpp0201217	dsec
OG0000000	FBpp0201203	dsec	FBpp0201228	dsec
OG0000000	FBpp0201203	dsec	FBpp0201230	dsec
OG0000000	FBpp0201203	dsec	FBpp0201236	dsec
OG0000000	FBpp0201203	dsec	FBpp0202429	dsec
OG0000000	FBpp0201203	dsec	FBpp0203427	dsec
OG0000000	FBpp0201203	dsec	FBpp0203580	dsec
OG0000000	FBpp0201203	dsec	FBpp0204902	dsec
OG0000000	FBpp0201203	dsec	FBpp0205671	dsec
OG0000000	FBpp0201203	dsec	FBpp0206444	dsec
OG0000000	FBpp0201203	dsec	FBpp0206602	dsec
OG0000000	FBpp0201203	dsec	FBpp0208138	dsec
OG0000000	FBpp0201203	dsec	FBpp0208204	dsec
OG0000000	FBpp0201206	dsec	FBpp0201215	dsec
OG0000000	FBpp0201206	dsec	FBpp0201217	dsec
OG0000000	FBpp0201206	dsec	FBpp0201228	dsec
OG0000000	FBpp0201206	dsec	FBpp0201230	dsec
OG0000000	FBpp0201206	dsec	FBpp0201236	dsec
OG0000000	FBpp0201206	dsec	FBpp0202429	dsec
OG0000000	FBpp0201206	dsec	FBpp0203427	dsec
OG0000000	FBpp0201206	dsec	FBpp0203580	dsec
OG0000000	FBpp0201206	dsec	FBpp0204902	dsec
OG0000000	FBpp0201206	dsec	FBpp0205671	dsec
OG0000000	FBpp0201206	dsec	FBpp0206444	dsec
OG0000000	FBpp0201206	dsec	FBpp0206602	dsec
OG0000000	FBpp0201206	dsec	FBpp0208138	dsec
OG0000000	FBpp0201206	dsec	FBpp0208204	dsec
OG0000000	FBpp0221721	dsim	FBpp0313116	dsim
OG0000000	FBpp0221721	dsim	FBpp0323186	dsim
OG0000000	FBpp0313116	dsim	FBpp0323186	dsim
OG0000001	FBpp0085248	dmel	FBpp0091050	dmel
OG0000001	FBpp0085248	dmel	FBpp0091052	dmel
OG0000001	FBpp0085248	dmel	FBpp0091054	dmel
OG0000001	FBpp0085248	dmel	FBpp0091057	dmel
OG0000001	FBpp0085248	dmel	FBpp0091059	dmel
OG0000001	FBpp0085248	dmel	FBpp0091062	dmel
OG0000001	FBpp0085248	dmel	FBpp0091065	dmel
OG0000001	FBpp0085248	dmel	FBpp0091068	dmel
OG0000001	FBpp0085248	dmel	FBpp0091071	dmel
OG0000001	FBpp0085248	dmel	FBpp0091074	dmel
OG0000001	FBpp0085248	dmel	FBpp0091077	dmel
OG0000001	FBpp0085248	dmel	FBpp0091080	dmel
OG0000001	FBpp0085248	dmel	FBpp0091083	dmel
OG0000001	FBpp0085248	dmel	FBpp0091086	dmel
OG0000001	FBpp0085248	dmel	FBpp0091089	dmel
OG0000001	FBpp0085248	dmel	FBpp0091092	dmel
OG0000001	FBpp0085248	dmel	FBpp0091095	dmel
OG0000001	FBpp0085248	dmel	FBpp0091098	dmel
OG0000001	FBpp0085248	dmel	FBpp0091101	dmel
OG0000001	FBpp0085248	dmel	FBpp0091104	dmel
OG0000001	FBpp0085248	dmel	FBpp0091107	dmel
OG0000001	FBpp0085248	dmel	FBpp0091110	dmel
OG0000001	FBpp0091050	dmel	FBpp0091052	dmel
OG0000001	FBpp0091050	dmel	FBpp0091054	dmel
OG0000001	FBpp0091050	dmel	FBpp0091057	dmel
OG0000001	FBpp0091050	dmel	FBpp0091059	dmel
OG0000001	FBpp0091050	dmel	FBpp0091062	dmel
OG0000001	FBpp0091050	dmel	FBpp0091065	dmel
OG0000001	FBpp0091050	dmel	FBpp0091068	dmel
OG0000001	FBpp0091050	dmel	FBpp0091071	dmel
OG0000001	FBpp0091050	dmel	FBpp0091074	dmel
OG0000001	FBpp0091050	dmel	FBpp0091077	dmel
OG0000001	FBpp0091050	dmel	FBpp0091080	dmel
OG0000001	FBpp0091050	dmel	FBpp0091083	dmel
OG0000001	FBpp0091050	dmel	FBpp0091086	dmel
OG0000001	FBpp0091050	dmel	FBpp0091089	dmel
OG0000001	FBpp0091050	dmel	FBpp0091092	dmel
OG0000001	FBpp0091050	dmel	FBpp0091095	dmel
OG0000001	FBpp0091050	dmel	FBpp0091098	dmel
OG0000001	FBpp0091050	dmel	FBpp0091101	dmel
OG0000001	FBpp0091050	dmel	FBpp0091104	dmel
OG0000001	FBpp0091050	dmel	FBpp0091107	dmel
OG0000001	FBpp0091050	dmel	FBpp0091110	dmel
OG0000001	FBpp0091052	dmel	FBpp0091057	dmel
OG0000001	FBpp0091052	dmel	FBpp0091059	dmel
OG0000001	FBpp0091052	dmel	FBpp0091062	dmel
OG0000001	FBpp0091052	dmel	FBpp0091080	dmel
OG0000001	FBpp0091052	dmel	FBpp0091101	dmel
OG0000001	FBpp0091054	dmel	FBpp0091057	dmel
OG0000001	FBpp0091054	dmel	FBpp0091059	dmel
OG0000001	FBpp0091054	dmel	FBpp0091062	dmel
OG0000001	FBpp0091054	dmel	FBpp0091080	dmel
OG0000001	FBpp0091054	dmel	FBpp0091101	dmel
OG0000001	FBpp0091057	dmel	FBpp0091059	dmel
OG0000001	FBpp0091057	dmel	FBpp0091062	dmel
OG0000001	FBpp0091057	dmel	FBpp0091065	dmel
OG0000001	FBpp0091057	dmel	FBpp0091068	dmel
OG0000001	FBpp0091057	dmel	FBpp0091071	dmel
OG0000001	FBpp0091057	dmel	FBpp0091074	dmel
OG0000001	FBpp0091057	dmel	FBpp0091077	dmel
OG0000001	FBpp0091057	dmel	FBpp0091080	dmel
OG0000001	FBpp0091057	dmel	FBpp0091083	dmel
OG0000001	FBpp0091057	dmel	FBpp0091086	dmel
OG0000001	FBpp0091057	dmel	FBpp0091089	dmel
OG0000001	FBpp0091057	dmel	FBpp0091092	dmel
OG0000001	FBpp0091057	dmel	FBpp0091095	dmel
OG0000001	FBpp0091057	dmel	FBpp0091098	dmel
OG0000001	FBpp0091057	dmel	FBpp0091101	dmel
OG0000001	FBpp0091057	dmel	FBpp0091104	dmel
OG0000001	FBpp0091057	dmel	FBpp0091107	dmel
OG0000001	FBpp0091057	dmel	FBpp0091110	dmel
OG0000001	FBpp0091059	dmel	FBpp0091062	dmel
OG0000001	FBpp0091059	dmel	FBpp0091065	dmel
OG0000001	FBpp0091059	dmel	FBpp0091068	dmel
OG0000001	FBpp0091059	dmel	FBpp0091071	dmel
OG0000001	FBpp0091059	dmel	FBpp0091074	dmel
OG0000001	FBpp0091059	dmel	FBpp0091077	dmel
OG0000001	FBpp0091059	dmel	FBpp0091080	dmel
OG0000001	FBpp0091059	dmel	FBpp0091083	dmel
OG0000001	FBpp0091059	dmel	FBpp0091086	dmel
OG0000001	FBpp0091059	dmel	FBpp0091089	dmel
OG0000001	FBpp0091059	dmel	FBpp0091092	dmel
OG0000001	FBpp0091059	dmel	FBpp0091095	dmel
OG0000001	FBpp0091059	dmel	FBpp0091098	dmel
OG0000001	FBpp0091059	dmel	FBpp0091101	dmel
OG0000001	FBpp0091059	dmel	FBpp0091104	dmel
OG0000001	FBpp0091059	dmel	FBpp0091107	dmel
OG0000001	FBpp0091059	dmel	FBpp0091110	dmel
OG0000001	FBpp0091062	dmel	FBpp0091065	dmel
OG0000001	FBpp0091062	dmel	FBpp0091068	dmel
OG0000001	FBpp0091062	dmel	FBpp0091071	dmel
OG0000001	FBpp0091062	dmel	FBpp0091074	dmel
OG0000001	FBpp0091062	dmel	FBpp0091077	dmel
OG0000001	FBpp0091062	dmel	FBpp0091080	dmel
OG0000001	FBpp0091062	dmel	FBpp0091083	dmel
OG0000001	FBpp0091062	dmel	FBpp0091086	dmel
OG0000001	FBpp0091062	dmel	FBpp0091089	dmel
OG0000001	FBpp0091062	dmel	FBpp0091092	dmel
OG0000001	FBpp0091062	dmel	FBpp0091095	dmel
OG0000001	FBpp0091062	dmel	FBpp0091098	dmel
OG0000001	FBpp0091062	dmel	FBpp0091101	dmel
OG0000001	FBpp0091062	dmel	FBpp0091104	dmel
OG0000001	FBpp0091062	dmel	FBpp0091107	dmel
OG0000001	FBpp0091062	dmel	FBpp0091110	dmel
OG0000001	FBpp0091065	dmel	FBpp0091080	dmel
OG0000001	FBpp0091065	dmel	FBpp0091101	dmel
OG0000001	FBpp0091068	dmel	FBpp0091080	dmel
OG0000001	FBpp0091068	dmel	FBpp0091101	dmel
OG0000001	FBpp0091071	dmel	FBpp0091080	dmel
OG0000001	FBpp0091071	dmel	FBpp0091101	dmel
OG0000001	FBpp0091074	dmel	FBpp0091080	dmel
OG0000001	FBpp0091074	dmel	FBpp0091101	dmel
OG0000001	FBpp0091077	dmel	FBpp0091080	dmel
OG0000001	FBpp0091077	dmel	FBpp0091101	dmel
OG0000001	FBpp0091080	dmel	FBpp0091083	dmel
OG0000001	FBpp0091080	dmel	FBpp0091086	dmel
OG0000001	FBpp0091080	dmel	FBpp0091089	dmel
OG0000001	FBpp0091080	dmel	FBpp0091092	dmel
OG0000001	FBpp0091080	dmel	FBpp0091095	dmel
OG0000001	FBpp0091080	dmel	FBpp0091098	dmel
OG0000001	FBpp0091080	dmel	FBpp0091101	dmel
OG0000001	FBpp0091080	dmel	FBpp0091104	dmel
OG0000001	FBpp0091080	dmel	FBpp0091107	dmel
OG0000001	FBpp0091080	dmel	FBpp0091110	dmel
OG0000001	FBpp0091083	dmel	FBpp0091101	dmel
OG0000001	FBpp0091086	dmel	FBpp0091101	dmel
OG0000001	FBpp0091089	dmel	FBpp0091101	dmel
OG0000001	FBpp0091092	dmel	FBpp0091101	dmel
OG0000001	FBpp0091095	dmel	FBpp0091101	dmel
OG0000001	FBpp0091098	dmel	FBpp0091101	dmel
OG0000001	FBpp0091101	dmel	FBpp0091104	dmel
OG0000001	FBpp0091101	dmel	FBpp0091107	dmel
OG0000001	FBpp0091101	dmel	FBpp0091110	dmel
OG0000001	FBpp0191892	dsec	FBpp0193183	dsec
OG0000001	FBpp0191892	dsec	FBpp0194671	dsec
OG0000001	FBpp0191892	dsec	FBpp0194674	dsec
OG0000001	FBpp0191892	dsec	FBpp0201185	dsec
OG0000001	FBpp0191892	dsec	FBpp0201191	dsec
OG0000001	FBpp0191892	dsec	FBpp0201194	dsec
OG0000001	FBpp0191892	dsec	FBpp0201197	dsec
OG0000001	FBpp0191892	dsec	FBpp0201200	dsec
OG0000001	FBpp0191892	dsec	FBpp0201204	dsec
OG0000001	FBpp0191942	dsec	FBpp0193183	dsec
OG0000001	FBpp0191942	dsec	FBpp0194671	dsec
OG0000001	FBpp0191942	dsec	FBpp0194674	dsec
OG0000001	FBpp0191942	dsec	FBpp0201185	dsec
OG0000001	FBpp0191942	dsec	FBpp0201191	dsec
OG0000001	FBpp0191942	dsec	FBpp0201194	dsec
OG0000001	FBpp0191942	dsec	FBpp0201197	dsec
OG0000001	FBpp0191942	dsec	FBpp0201200	dsec
OG0000001	FBpp0191942	dsec	FBpp0201204	dsec
OG0000001	FBpp0192517	dsec	FBpp0193183	dsec
OG0000001	FBpp0192517	dsec	FBpp0194671	dsec
OG0000001	FBpp0192517	dsec	FBpp0194674	dsec
OG0000001	FBpp0192517	dsec	FBpp0201185	dsec
OG0000001	FBpp0192517	dsec	FBpp0201191	dsec
OG0000001	FBpp0192517	dsec	FBpp0201194	dsec
OG0000001	FBpp0192517	dsec	FBpp0201197	dsec
OG0000001	FBpp0192517	dsec	FBpp0201200	dsec
OG0000001	FBpp0192517	dsec	FBpp0201204	dsec
OG0000001	FBpp0192587	dsec	FBpp0193183	dsec
OG0000001	FBpp0192587	dsec	FBpp0194671	dsec
OG0000001	FBpp0192587	dsec	FBpp0194674	dsec
OG0000001	FBpp0192587	dsec	FBpp0201185	dsec
OG0000001	FBpp0192587	dsec	FBpp0201191	dsec
OG0000001	FBpp0192587	dsec	FBpp0201194	dsec
OG0000001	FBpp0192587	dsec	FBpp0201197	dsec
OG0000001	FBpp0192587	dsec	FBpp0201200	dsec
OG0000001	FBpp0192587	dsec	FBpp0201204	dsec
OG0000001	FBpp0192600	dsec	FBpp0193183	dsec
OG0000001	FBpp0192600	dsec	FBpp0194671	dsec
OG0000001	FBpp0192600	dsec	FBpp0194674	dsec
OG0000001	FBpp0192600	dsec	FBpp0201185	dsec
OG0000001	FBpp0192600	dsec	FBpp0201191	dsec
OG0000001	FBpp0192600	dsec	FBpp0201194	dsec
OG0000001	FBpp0192600	dsec	FBpp0201197	dsec
OG0000001	FBpp0192600	dsec	FBpp0201200	dsec
OG0000001	FBpp0192600	dsec	FBpp0201204	dsec
OG0000001	FBpp0192641	dsec	FBpp0193183	dsec
OG0000001	FBpp0192641	dsec	FBpp0194671	dsec
OG0000001	FBpp0192641	dsec	FBpp0194674	dsec
OG0000001	FBpp0192641	dsec	FBpp0201185	dsec
OG0000001	FBpp0192641	dsec	FBpp0201191	dsec
OG0000001	FBpp0192641	dsec	FBpp0201194	dsec
OG0000001	FBpp0192641	dsec	FBpp0201197	dsec
OG0000001	FBpp0192641	dsec	FBpp0201200	dsec
OG0000001	FBpp0192641	dsec	FBpp0201204	dsec
OG0000001	FBpp0192644	dsec	FBpp0193183	dsec
OG0000001	FBpp0192644	dsec	FBpp0194671	dsec
OG0000001	FBpp0192644	dsec	FBpp0194674	dsec
OG0000001	FBpp0192644	dsec	FBpp0201185	dsec
OG0000001	FBpp0192644	dsec	FBpp0201191	dsec
OG0000001	FBpp0192644	dsec	FBpp0201194	dsec
OG0000001	FBpp0192644	dsec	FBpp0201197	dsec
OG0000001	FBpp0192644	dsec	FBpp0201200	dsec
OG0000001	FBpp0192644	dsec	FBpp0201204	dsec
OG0000001	FBpp0192659	dsec	FBpp0193183	dsec
OG0000001	FBpp0192659	dsec	FBpp0194671	dsec
OG0000001	FBpp0192659	dsec	FBpp0194674	dsec
OG0000001	FBpp0192659	dsec	FBpp0201185	dsec
OG0000001	FBpp0192659	dsec	FBpp0201191	dsec
OG0000001	FBpp0192659	dsec	FBpp0201194	dsec
OG0000001	FBpp0192659	dsec	FBpp0201197	dsec
OG0000001	FBpp0192659	dsec	FBpp0201200	dsec
OG0000001	FBpp0192659	dsec	FBpp0201204	dsec
OG0000001	FBpp0192958	dsec	FBpp0193183	dsec
OG0000001	FBpp0192958	dsec	FBpp0194671	dsec
OG0000001	FBpp0192958	dsec	FBpp0194674	dsec
OG0000001	FBpp0192958	dsec	FBpp0201185	dsec
OG0000001	FBpp0192958	dsec	FBpp0201191	dsec
OG0000001	FBpp0192958	dsec	FBpp0201194	dsec
OG0000001	FBpp0192958	dsec	FBpp0201197	dsec
OG0000001	FBpp0192958	dsec	FBpp0201200	dsec
OG0000001	FBpp0192958	dsec	FBpp0201204	dsec
OG0000001	FBpp0193115	dsec	FBpp0193183	dsec
OG0000001	FBpp0193115	dsec	FBpp0194671	dsec
OG0000001	FBpp0193115	dsec	FBpp0194674	dsec
OG0000001	FBpp0193115	dsec	FBpp0201185	dsec
OG0000001	FBpp0193115	dsec	FBpp0201191	dsec
OG0000001	FBpp0193115	dsec	FBpp0201194	dsec
OG0000001	FBpp0193115	dsec	FBpp0201197	dsec
OG0000001	FBpp0193115	dsec	FBpp0201200	dsec
OG0000001	FBpp0193115	dsec	FBpp0201204	dsec
OG0000001	FBpp0193183	dsec	FBpp0193186	dsec
OG0000001	FBpp0193183	dsec	FBpp0193424	dsec
OG0000001	FBpp0193183	dsec	FBpp0193646	dsec
OG0000001	FBpp0193183	dsec	FBpp0194435	dsec
OG0000001	FBpp0193183	dsec	FBpp0194443	dsec
OG0000001	FBpp0193183	dsec	FBpp0194671	dsec
OG0000001	FBpp0193183	dsec	FBpp0194674	dsec
OG0000001	FBpp0193183	dsec	FBpp0194681	dsec
OG0000001	FBpp0193183	dsec	FBpp0195022	dsec
OG0000001	FBpp0193183	dsec	FBpp0195036	dsec
OG0000001	FBpp0193183	dsec	FBpp0195077	dsec
OG0000001	FBpp0193183	dsec	FBpp0195104	dsec
OG0000001	FBpp0193183	dsec	FBpp0196951	dsec
OG0000001	FBpp0193183	dsec	FBpp0197717	dsec
OG0000001	FBpp0193183	dsec	FBpp0198365	dsec
OG0000001	FBpp0193183	dsec	FBpp0198393	dsec
OG0000001	FBpp0193183	dsec	FBpp0198396	dsec
OG0000001	FBpp0193183	dsec	FBpp0198420	dsec
OG0000001	FBpp0193183	dsec	FBpp0199327	dsec
OG0000001	FBpp0193183	dsec	FBpp0200753	dsec
OG0000001	FBpp0193183	dsec	FBpp0200787	dsec
OG0000001	FBpp0193183	dsec	FBpp0200798	dsec
OG0000001	FBpp0193183	dsec	FBpp0201077	dsec
OG0000001	FBpp0193183	dsec	FBpp0201086	dsec
OG0000001	FBpp0193183	dsec	FBpp0201150	dsec
OG0000001	FBpp0193183	dsec	FBpp0201185	dsec
OG0000001	FBpp0193183	dsec	FBpp0201191	dsec
OG0000001	FBpp0193183	dsec	FBpp0201194	dsec
OG0000001	FBpp0193183	dsec	FBpp0201197	dsec
OG0000001	FBpp0193183	dsec	FBpp0201200	dsec
OG0000001	FBpp0193183	dsec	FBpp0201204	dsec
OG0000001	FBpp0193183	dsec	FBpp0201216	dsec
OG0000001	FBpp0193183	dsec	FBpp0201218	dsec
OG0000001	FBpp0193183	dsec	FBpp0201231	dsec
OG0000001	FBpp0193183	dsec	FBpp0201234	dsec
OG0000001	FBpp0193183	dsec	FBpp0203684	dsec
OG0000001	FBpp0193183	dsec	FBpp0207673	dsec
OG0000001	FBpp0193183	dsec	FBpp0208179	dsec
OG0000001	FBpp0193183	dsec	FBpp0208183	dsec
OG0000001	FBpp0193186	dsec	FBpp0194671	dsec
OG0000001	FBpp0193186	dsec	FBpp0194674	dsec
OG0000001	FBpp0193186	dsec	FBpp0201185	dsec
OG0000001	FBpp0193186	dsec	FBpp0201191	dsec
OG0000001	FBpp0193186	dsec	FBpp0201194	dsec
OG0000001	FBpp0193186	dsec	FBpp0201197	dsec
OG0000001	FBpp0193186	dsec	FBpp0201200	dsec
OG0000001	FBpp0193186	dsec	FBpp0201204	dsec
OG0000001	FBpp0193424	dsec	FBpp0194671	dsec
OG0000001	FBpp0193424	dsec	FBpp0194674	dsec
OG0000001	FBpp0193424	dsec	FBpp0201185	dsec
OG0000001	FBpp0193424	dsec	FBpp0201191	dsec
OG0000001	FBpp0193424	dsec	FBpp0201194	dsec
OG0000001	FBpp0193424	dsec	FBpp0201197	dsec
OG0000001	FBpp0193424	dsec	FBpp0201200	dsec
OG0000001	FBpp0193424	dsec	FBpp0201204	dsec
OG0000001	FBpp0193646	dsec	FBpp0194671	dsec
OG0000001	FBpp0193646	dsec	FBpp0194674	dsec
OG0000001	FBpp0193646	dsec	FBpp0201185	dsec
OG0000001	FBpp0193646	dsec	FBpp0201191	dsec
OG0000001	FBpp0193646	dsec	FBpp0201194	dsec
OG0000001	FBpp0193646	dsec	FBpp0201197	dsec
OG0000001	FBpp0193646	dsec	FBpp0201200	dsec
OG0000001	FBpp0193646	dsec	FBpp0201204	dsec
OG0000001	FBpp0194435	dsec	FBpp0194671	dsec
OG0000001	FBpp0194435	dsec	FBpp0194674	dsec
OG0000001	FBpp0194435	dsec	FBpp0201185	dsec
OG0000001	FBpp0194435	dsec	FBpp0201191	dsec
OG0000001	FBpp0194435	dsec	FBpp0201194	dsec
OG0000001	FBpp0194435	dsec	FBpp0201197	dsec
OG0000001	FBpp0194435	dsec	FBpp0201200	dsec
OG0000001	FBpp0194435	dsec	FBpp0201204	dsec
OG0000001	FBpp0194443	dsec	FBpp0194671	dsec
OG0000001	FBpp0194443	dsec	FBpp0194674	dsec
OG0000001	FBpp0194443	dsec	FBpp0201185	dsec
OG0000001	FBpp0194443	dsec	FBpp0201191	dsec
OG0000001	FBpp0194443	dsec	FBpp0201194	dsec
OG0000001	FBpp0194443	dsec	FBpp0201197	dsec
OG0000001	FBpp0194443	dsec	FBpp0201200	dsec
OG0000001	FBpp0194443	dsec	FBpp0201204	dsec
OG0000001	FBpp0194671	dsec	FBpp0194674	dsec
OG0000001	FBpp0194671	dsec	FBpp0194681	dsec
OG0000001	FBpp0194671	dsec	FBpp0195022	dsec
OG0000001	FBpp0194671	dsec	FBpp0195036	dsec
OG0000001	FBpp0194671	dsec	FBpp0195077	dsec
OG0000001	FBpp0194671	dsec	FBpp0195104	dsec
OG0000001	FBpp0194671	dsec	FBpp0196951	dsec
OG0000001	FBpp0194671	dsec	FBpp0197717	dsec
OG0000001	FBpp0194671	dsec	FBpp0198365	dsec
OG0000001	FBpp0194671	dsec	FBpp0198393	dsec
OG0000001	FBpp0194671	dsec	FBpp0198396	dsec
OG0000001	FBpp0194671	dsec	FBpp0198420	dsec
OG0000001	FBpp0194671	dsec	FBpp0199327	dsec
OG0000001	FBpp0194671	dsec	FBpp0200753	dsec
OG0000001	FBpp0194671	dsec	FBpp0200787	dsec
OG0000001	FBpp0194671	dsec	FBpp0200798	dsec
OG0000001	FBpp0194671	dsec	FBpp0201077	dsec
OG0000001	FBpp0194671	dsec	FBpp0201086	dsec
OG0000001	FBpp0194671	dsec	FBpp0201150	dsec
OG0000001	FBpp0194671	dsec	FBpp0201185	dsec
OG0000001	FBpp0194671	dsec	FBpp0201191	dsec
OG0000001	FBpp0194671	dsec	FBpp0201194	dsec
OG0000001	FBpp0194671	dsec	FBpp0201197	dsec
OG0000001	FBpp0194671	dsec	FBpp0201200	dsec
OG0000001	FBpp0194671	dsec	FBpp0201204	dsec
OG0000001	FBpp0194671	dsec	FBpp0201216	dsec
OG0000001	FBpp0194671	dsec	FBpp0201218	dsec
OG0000001	FBpp0194671	dsec	FBpp0201231	dsec
OG0000001	FBpp0194671	dsec	FBpp0201234	dsec
OG0000001	FBpp0194671	dsec	FBpp0203684	dsec
OG0000001	FBpp0194671	dsec	FBpp0207673	dsec
OG0000001	FBpp0194671	dsec	FBpp0208179	dsec
OG0000001	FBpp0194671	dsec	FBpp0208183	dsec
OG0000001	FBpp0194674	dsec	FBpp0194681	dsec
OG0000001	FBpp0194674	dsec	FBpp0195022	dsec
OG0000001	FBpp0194674	dsec	FBpp0195036	dsec
OG0000001	FBpp0194674	dsec	FBpp0195077	dsec
OG0000001	FBpp0194674	dsec	FBpp0195104	dsec
OG0000001	FBpp0194674	dsec	FBpp0196951	dsec
OG0000001	FBpp0194674	dsec	FBpp0197717	dsec
OG0000001	FBpp0194674	dsec	FBpp0198365	dsec
OG0000001	FBpp0194674	dsec	FBpp0198393	dsec
OG0000001	FBpp0194674	dsec	FBpp0198396	dsec
OG0000001	FBpp0194674	dsec	FBpp0198420	dsec
OG0000001	FBpp0194674	dsec	FBpp0199327	dsec
OG0000001	FBpp0194674	dsec	FBpp0200753	dsec
OG0000001	FBpp0194674	dsec	FBpp0200787	dsec
OG0000001	FBpp0194674	dsec	FBpp0200798	dsec
OG0000001	FBpp0194674	dsec	FBpp0201077	dsec
OG0000001	FBpp0194674	dsec	FBpp0201086	dsec
OG0000001	FBpp0194674	dsec	FBpp0201150	dsec
OG0000001	FBpp0194674	dsec	FBpp0201185	dsec
OG0000001	FBpp0194674	dsec	FBpp0201191	dsec
OG0000001	FBpp0194674	dsec	FBpp0201194	dsec
OG0000001	FBpp0194674	dsec	FBpp0201197	dsec
OG0000001	FBpp0194674	dsec	FBpp0201200	dsec
OG0000001	FBpp0194674	dsec	FBpp0201204	dsec
OG0000001	FBpp0194674	dsec	FBpp0201216	dsec
OG0000001	FBpp0194674	dsec	FBpp0201218	dsec
OG0000001	FBpp0194674	dsec	FBpp0201231	dsec
OG0000001	FBpp0194674	dsec	FBpp0201234	dsec
OG0000001	FBpp0194674	dsec	FBpp0203684	dsec
OG0000001	FBpp0194674	dsec	FBpp0207673	dsec
OG0000001	FBpp0194674	dsec	FBpp0208179	dsec
OG0000001	FBpp0194674	dsec	FBpp0208183	dsec
OG0000001	FBpp0194681	dsec	FBpp0201185	dsec
OG0000001	FBpp0194681	dsec	FBpp0201191	dsec
OG0000001	FBpp0194681	dsec	FBpp0201194	dsec
OG0000001	FBpp0194681	dsec	FBpp0201197	dsec
OG0000001	FBpp0194681	dsec	FBpp0201200	dsec
OG0000001	FBpp0194681	dsec	FBpp0201204	dsec
OG0000001	FBpp0195022	dsec	FBpp0201185	dsec
OG0000001	FBpp0195022	dsec	FBpp0201191	dsec
OG0000001	FBpp0195022	dsec	FBpp0201194	dsec
OG0000001	FBpp0195022	dsec	FBpp0201197	dsec
OG0000001	FBpp0195022	dsec	FBpp0201200	dsec
OG0000001	FBpp0195022	dsec	FBpp0201204	dsec
OG0000001	FBpp0195036	dsec	FBpp0201185	dsec
OG0000001	FBpp0195036	dsec	FBpp0201191	dsec
OG0000001	FBpp0195036	dsec	FBpp0201194	dsec
OG0000001	FBpp0195036	dsec	FBpp0201197	dsec
OG0000001	FBpp0195036	dsec	FBpp0201200	dsec
OG0000001	FBpp0195036	dsec	FBpp0201204	dsec
OG0000001	FBpp0195077	dsec	FBpp0201185	dsec
OG0000001	FBpp0195077	dsec	FBpp0201191	dsec
OG0000001	FBpp0195077	dsec	FBpp0201194	dsec
OG0000001	FBpp0195077	dsec	FBpp0201197	dsec
OG0000001	FBpp0195077	dsec	FBpp0201200	dsec
OG0000001	FBpp0195077	dsec	FBpp0201204	dsec
OG0000001	FBpp0195104	dsec	FBpp0201185	dsec
OG0000001	FBpp0195104	dsec	FBpp0201191	dsec
OG0000001	FBpp0195104	dsec	FBpp0201194	dsec
OG0000001	FBpp0195104	dsec	FBpp0201197	dsec
OG0000001	FBpp0195104	dsec	FBpp0201200	dsec
OG0000001	FBpp0195104	dsec	FBpp0201204	dsec
OG0000001	FBpp0196951	dsec	FBpp0201185	dsec
OG0000001	FBpp0196951	dsec	FBpp0201191	dsec
OG0000001	FBpp0196951	dsec	FBpp0201194	dsec
OG0000001	FBpp0196951	dsec	FBpp0201197	dsec
OG0000001	FBpp0196951	dsec	FBpp0201200	dsec
OG0000001	FBpp0196951	dsec	FBpp0201204	dsec
OG0000001	FBpp0197717	dsec	FBpp0201185	dsec
OG0000001	FBpp0197717	dsec	FBpp0201191	dsec
OG0000001	FBpp0197717	dsec	FBpp0201194	dsec
OG0000001	FBpp0197717	dsec	FBpp0201197	dsec
OG0000001	FBpp0197717	dsec	FBpp0201200	dsec
OG0000001	FBpp0197717	dsec	FBpp0201204	dsec
OG0000001	FBpp0198365	dsec	FBpp0201185	dsec
OG0000001	FBpp0198365	dsec	FBpp0201191	dsec
OG0000001	FBpp0198365	dsec	FBpp0201194	dsec
OG0000001	FBpp0198365	dsec	FBpp0201197	dsec
OG0000001	FBpp0198365	dsec	FBpp0201200	dsec
OG0000001	FBpp0198365	dsec	FBpp0201204	dsec
OG0000001	FBpp0198393	dsec	FBpp0201185	dsec
OG0000001	FBpp0198393	dsec	FBpp0201191	dsec
OG0000001	FBpp0198393	dsec	FBpp0201194	dsec
OG0000001	FBpp0198393	dsec	FBpp0201197	dsec
OG0000001	FBpp0198393	dsec	FBpp0201200	dsec
OG0000001	FBpp0198393	dsec	FBpp0201204	dsec
OG0000001	FBpp0198396	dsec	FBpp0201185	dsec
OG0000001	FBpp0198396	dsec	FBpp0201191	dsec
OG0000001	FBpp0198396	dsec	FBpp0201194	dsec
OG0000001	FBpp0198396	dsec	FBpp0201197	dsec
OG0000001	FBpp0198396	dsec	FBpp0201200	dsec
OG0000001	FBpp0198396	dsec	FBpp0201204	dsec
OG0000001	FBpp0198420	dsec	FBpp0201185	dsec
OG0000001	FBpp0198420	dsec	FBpp0201191	dsec
OG0000001	FBpp0198420	dsec	FBpp0201194	dsec
OG0000001	FBpp0198420	dsec	FBpp0201197	dsec
OG0000001	FBpp0198420	dsec	FBpp0201200	dsec
OG0000001	FBpp0198420	dsec	FBpp0201204	dsec
OG0000001	FBpp0199327	dsec	FBpp0201185	dsec
OG0000001	FBpp0199327	dsec	FBpp0201191	dsec
OG0000001	FBpp0199327	dsec	FBpp0201194	dsec
OG0000001	FBpp0199327	dsec	FBpp0201197	dsec
OG0000001	FBpp0199327	dsec	FBpp0201200	dsec
OG0000001	FBpp0199327	dsec	FBpp0201204	dsec
OG0000001	FBpp0200753	dsec	FBpp0201185	dsec
OG0000001	FBpp0200753	dsec	FBpp0201191	dsec
OG0000001	FBpp0200753	dsec	FBpp0201194	dsec
OG0000001	FBpp0200753	dsec	FBpp0201197	dsec
OG0000001	FBpp0200753	dsec	FBpp0201200	dsec
OG0000001	FBpp0200753	dsec	FBpp0201204	dsec
OG0000001	FBpp0200787	dsec	FBpp0201185	dsec
OG0000001	FBpp0200787	dsec	FBpp0201191	dsec
OG0000001	FBpp0200787	dsec	FBpp0201194	dsec
OG0000001	FBpp0200787	dsec	FBpp0201197	dsec
OG0000001	FBpp0200787	dsec	FBpp0201200	dsec
OG0000001	FBpp0200787	dsec	FBpp0201204	dsec
OG0000001	FBpp0200798	dsec	FBpp0201185	dsec
OG0000001	FBpp0200798	dsec	FBpp0201191	dsec
OG0000001	FBpp0200798	dsec	FBpp0201194	dsec
OG0000001	FBpp0200798	dsec	FBpp0201197	dsec
OG0000001	FBpp0200798	dsec	FBpp0201200	dsec
OG0000001	FBpp0200798	dsec	FBpp0201204	dsec
OG0000001	FBpp0201077	dsec	FBpp0201185	dsec
OG0000001	FBpp0201077	dsec	FBpp0201191	dsec
OG0000001	FBpp0201077	dsec	FBpp0201194	dsec
OG0000001	FBpp0201077	dsec	FBpp0201197	dsec
OG0000001	FBpp0201077	dsec	FBpp0201200	dsec
OG0000001	FBpp0201077	dsec	FBpp0201204	dsec
OG0000001	FBpp0201086	dsec	FBpp0201185	dsec
OG0000001	FBpp0201086	dsec	FBpp0201191	dsec
OG0000001	FBpp0201086	dsec	FBpp0201194	dsec
OG0000001	FBpp0201086	dsec	FBpp0201197	dsec
OG0000001	FBpp0201086	dsec	FBpp0201200	dsec
OG0000001	FBpp0201086	dsec	FBpp0201204	dsec
OG0000001	FBpp0201150	dsec	FBpp0201185	dsec
OG0000001	FBpp0201150	dsec	FBpp0201191	dsec
OG0000001	FBpp0201150	dsec	FBpp0201194	dsec
OG0000001	FBpp0201150	dsec	FBpp0201197	dsec
OG0000001	FBpp0201150	dsec	FBpp0201200	dsec
OG0000001	FBpp0201150	dsec	FBpp0201204	dsec
OG0000001	FBpp0201185	dsec	FBpp0201191	dsec
OG0000001	FBpp0201185	dsec	FBpp0201194	dsec
OG0000001	FBpp0201185	dsec	FBpp0201197	dsec
OG0000001	FBpp0201185	dsec	FBpp0201200	dsec
OG0000001	FBpp0201185	dsec	FBpp0201204	dsec
OG0000001	FBpp0201185	dsec	FBpp0201216	dsec
OG0000001	FBpp0201185	dsec	FBpp0201218	dsec
OG0000001	FBpp0201185	dsec	FBpp0201231	dsec
OG0000001	FBpp0201185	dsec	FBpp0201234	dsec
OG0000001	FBpp0201185	dsec	FBpp0203684	dsec
OG0000001	FBpp0201185	dsec	FBpp0207673	dsec
OG0000001	FBpp0201185	dsec	FBpp0208179	dsec
OG0000001	FBpp0201185	dsec	FBpp0208183	dsec
OG0000001	FBpp0201191	dsec	FBpp0201194	dsec
OG0000001	FBpp0201191	dsec	FBpp0201197	dsec
OG0000001	FBpp0201191	dsec	FBpp0201200	dsec
OG0000001	FBpp0201191	dsec	FBpp0201204	dsec
OG0000001	FBpp0201191	dsec	FBpp0201216	dsec
OG0000001	FBpp0201191	dsec	FBpp0201218	dsec
OG0000001	FBpp0201191	dsec	FBpp0201231	dsec
OG0000001	FBpp0201191	dsec	FBpp0201234	dsec
OG0000001	FBpp0201191	dsec	FBpp0203684	dsec
OG0000001	FBpp0201191	dsec	FBpp0207673	dsec
OG0000001	FBpp0201191	dsec	FBpp0208179	dsec
OG0000001	FBpp0201191	dsec	FBpp0208183	dsec
OG0000001	FBpp0201194	dsec	FBpp0201197	dsec
OG0000001	FBpp0201194	dsec	FBpp0201200	dsec
OG0000001	FBpp0201194	dsec	FBpp0201204	dsec
OG0000001	FBpp0201194	dsec	FBpp0201216	dsec
OG0000001	FBpp0201194	dsec	FBpp0201218	dsec
OG0000001	FBpp0201194	dsec	FBpp0201231	dsec
OG0000001	FBpp0201194	dsec	FBpp0201234	dsec
OG0000001	FBpp0201194	dsec	FBpp0203684	dsec
OG0000001	FBpp0201194	dsec	FBpp0207673	dsec
OG0000001	FBpp0201194	dsec	FBpp0208179	dsec
OG0000001	FBpp0201194	dsec	FBpp0208183	dsec
OG0000001	FBpp0201197	dsec	FBpp0201200	dsec
OG0000001	FBpp0201197	dsec	FBpp0201204	dsec
OG0000001	FBpp0201197	dsec	FBpp0201216	dsec
OG0000001	FBpp0201197	dsec	FBpp0201218	dsec
OG0000001	FBpp0201197	dsec	FBpp0201231	dsec
OG0000001	FBpp0201197	dsec	FBpp0201234	dsec
OG0000001	FBpp0201197	dsec	FBpp0203684	dsec
OG0000001	FBpp0201197	dsec	FBpp0207673	dsec
OG0000001	FBpp0201197	dsec	FBpp0208179	dsec
OG0000001	FBpp0201197	dsec	FBpp0208183	dsec
OG0000001	FBpp0201200	dsec	FBpp0201204	dsec
OG0000001	FBpp0201200	dsec	FBpp0201216	dsec
OG0000001	FBpp0201200	dsec	FBpp0201218	dsec
OG0000001	FBpp0201200	dsec	FBpp0201231	dsec
OG0000001	FBpp0201200	dsec	FBpp0201234	dsec
OG0000001	FBpp0201200	dsec	FBpp0203684	dsec
OG0000001	FBpp0201200	dsec	FBpp0207673	dsec
OG0000001	FBpp0201200	dsec	FBpp0208179	dsec
OG0000001	FBpp0201200	dsec	FBpp0208183	dsec
OG0000001	FBpp0201204	dsec	FBpp0201216	dsec
OG0000001	FBpp0201204	dsec	FBpp0201218	dsec
OG0000001	FBpp0201204	dsec	FBpp0201231	dsec
OG0000001	FBpp0201204	dsec	FBpp0201234	dsec
OG0000001	FBpp0201204	dsec	FBpp0203684	dsec
OG0000001	FBpp0201204	dsec	FBpp0207673	dsec
OG0000001	FBpp0201204	dsec	FBpp0208179	dsec
OG0000001	FBpp0201204	dsec	FBpp0208183	dsec
OG0000002	FBpp0085249	dmel	FBpp0091055	dmel
OG0000002	FBpp0085249	dmel	FBpp0091060	dmel
OG0000002	FBpp0085249	dmel	FBpp0091063	dmel
OG0000002	FBpp0085249	dmel	FBpp0091066	dmel
OG0000002	FBpp0085249	dmel	FBpp0091069	dmel
OG0000002	FBpp0085249	dmel	FBpp0091072	dmel
OG0000002	FBpp0085249	dmel	FBpp0091075	dmel
OG0000002	FBpp0085249	dmel	FBpp0091078	dmel
OG0000002	FBpp0085249	dmel	FBpp0091081	dmel
OG0000002	FBpp0085249	dmel	FBpp0091084	dmel
OG0000002	FBpp0085249	dmel	FBpp0091087	dmel
OG0000002	FBpp0085249	dmel	FBpp0091090	dmel
OG0000002	FBpp0085249	dmel	FBpp0091093	dmel
OG0000002	FBpp0085249	dmel	FBpp0091096	dmel
OG0000002	FBpp0085249	dmel	FBpp0091099	dmel
OG0000002	FBpp0085249	dmel	FBpp0091102	dmel
OG0000002	FBpp0085249	dmel	FBpp0091105	dmel
OG0000002	FBpp0085249	dmel	FBpp0091108	dmel
OG0000002	FBpp0085249	dmel	FBpp0091111	dmel
OG0000002	FBpp0091055	dmel	FBpp0091111	dmel
OG0000002	FBpp0091060	dmel	FBpp0091111	dmel
OG0000002	FBpp0091063	dmel	FBpp0091111	dmel
OG0000002	FBpp0091066	dmel	FBpp0091111	dmel
OG0000002	FBpp0091069	dmel	FBpp0091111	dmel
OG0000002	FBpp0091072	dmel	FBpp0091111	dmel
OG0000002	FBpp0091075	dmel	FBpp0091111	dmel
OG0000002	FBpp0091078	dmel	FBpp0091111	dmel
OG0000002	FBpp0091081	dmel	FBpp0091111	dmel
OG0000002	FBpp0091084	dmel	FBpp0091111	dmel
OG0000002	FBpp0091087	dmel	FBpp0091111	dmel
OG0000002	FBpp0091090	dmel	FBpp0091111	dmel
OG0000002	FBpp0091093	dmel	FBpp0091111	dmel
OG0000002	FBpp0091096	dmel	FBpp0091111	dmel
OG0000002	FBpp0091099	dmel	FBpp0091111	dmel
OG0000002	FBpp0091102	dmel	FBpp0091111	dmel
OG0000002	FBpp0091105	dmel	FBpp0091111	dmel
OG0000002	FBpp0091108	dmel	FBpp0091111	dmel
OG0000002	FBpp0192051	dsec	FBpp0201195	dsec
OG0000002	FBpp0192051	dsec	FBpp0201202	dsec
OG0000002	FBpp0197579	dsec	FBpp0201195	dsec
OG0000002	FBpp0197579	dsec	FBpp0201202	dsec
OG0000002	FBpp0197639	dsec	FBpp0201195	dsec
OG0000002	FBpp0197639	dsec	FBpp0201202	dsec
OG0000002	FBpp0197663	dsec	FBpp0201195	dsec
OG0000002	FBpp0197663	dsec	FBpp0201202	dsec
OG0000002	FBpp0197708	dsec	FBpp0201195	dsec
OG0000002	FBpp0197708	dsec	FBpp0201202	dsec
OG0000002	FBpp0197867	dsec	FBpp0201195	dsec
OG0000002	FBpp0197867	dsec	FBpp0201202	dsec
OG0000002	FBpp0198021	dsec	FBpp0201195	dsec
OG0000002	FBpp0198021	dsec	FBpp0201202	dsec
OG0000002	FBpp0198022	dsec	FBpp0201195	dsec
OG0000002	FBpp0198022	dsec	FBpp0201202	dsec
OG0000002	FBpp0198341	dsec	FBpp0201195	dsec
OG0000002	FBpp0198341	dsec	FBpp0201202	dsec
OG0000002	FBpp0198917	dsec	FBpp0201195	dsec
OG0000002	FBpp0198917	dsec	FBpp0201202	dsec
OG0000002	FBpp0200263	dsec	FBpp0201195	dsec
OG0000002	FBpp0200263	dsec	FBpp0201202	dsec
OG0000002	FBpp0200293	dsec	FBpp0201195	dsec
OG0000002	FBpp0200293	dsec	FBpp0201202	dsec
OG0000002	FBpp0200797	dsec	FBpp0201195	dsec
OG0000002	FBpp0200797	dsec	FBpp0201202	dsec
OG0000002	FBpp0200816	dsec	FBpp0201195	dsec
OG0000002	FBpp0200816	dsec	FBpp0201202	dsec
OG0000002	FBpp0200827	dsec	FBpp0201195	dsec
OG0000002	FBpp0200827	dsec	FBpp0201202	dsec
OG0000002	FBpp0200918	dsec	FBpp0201195	dsec
OG0000002	FBpp0200918	dsec	FBpp0201202	dsec
OG0000002	FBpp0201087	dsec	FBpp0201195	dsec
OG0000002	FBpp0201087	dsec	FBpp0201202	dsec
OG0000002	FBpp0201195	dsec	FBpp0201202	dsec
OG0000002	FBpp0201195	dsec	FBpp0201205	dsec
OG0000002	FBpp0201195	dsec	FBpp0201219	dsec
OG0000002	FBpp0201195	dsec	FBpp0201495	dsec
OG0000002	FBpp0201195	dsec	FBpp0203325	dsec
OG0000002	FBpp0201195	dsec	FBpp0203622	dsec
OG0000002	FBpp0201195	dsec	FBpp0203792	dsec
OG0000002	FBpp0201195	dsec	FBpp0203976	dsec
OG0000002	FBpp0201202	dsec	FBpp0201205	dsec
OG0000002	FBpp0201202	dsec	FBpp0201219	dsec
OG0000002	FBpp0201202	dsec	FBpp0201495	dsec
OG0000002	FBpp0201202	dsec	FBpp0203325	dsec
OG0000002	FBpp0201202	dsec	FBpp0203622	dsec
OG0000002	FBpp0201202	dsec	FBpp0203792	dsec
OG0000002	FBpp0201202	dsec	FBpp0203976	dsec
OG0000003	FBpp0085281	dmel	FBpp0091113	dmel
OG0000003	FBpp0085281	dmel	FBpp0091149	dmel
OG0000003	FBpp0091113	dmel	FBpp0091115	dmel
OG0000003	FBpp0091113	dmel	FBpp0091117	dmel
OG0000003	FBpp0091113	dmel	FBpp0091119	dmel
OG0000003	FBpp0091113	dmel	FBpp0091121	dmel
OG0000003	FBpp0091113	dmel	FBpp0091123	dmel
OG0000003	FBpp0091113	dmel	FBpp0091125	dmel
OG0000003	FBpp0091113	dmel	FBpp0091127	dmel
OG0000003	FBpp0091113	dmel	FBpp0091129	dmel
OG0000003	FBpp0091113	dmel	FBpp0091131	dmel
OG0000003	FBpp0091113	dmel	FBpp0091133	dmel
OG0000003	FBpp0091113	dmel	FBpp0091135	dmel
OG0000003	FBpp0091113	dmel	FBpp0091137	dmel
OG0000003	FBpp0091113	dmel	FBpp0091139	dmel
OG0000003	FBpp0091113	dmel	FBpp0091141	dmel
OG0000003	FBpp0091113	dmel	FBpp0091143	dmel
OG0000003	FBpp0091113	dmel	FBpp0091145	dmel
OG0000003	FBpp0091113	dmel	FBpp0091147	dmel
OG0000003	FBpp0091113	dmel	FBpp0091149	dmel
OG0000003	FBpp0091113	dmel	FBpp0091151	dmel
OG0000003	FBpp0091113	dmel	FBpp0091153	dmel
OG0000003	FBpp0091113	dmel	FBpp0091155	dmel
OG0000003	FBpp0091115	dmel	FBpp0091149	dmel
OG0000003	FBpp0091117	dmel	FBpp0091149	dmel
OG0000003	FBpp0091119	dmel	FBpp0091149	dmel
OG0000003	FBpp0091121	dmel	FBpp0091149	dmel
OG0000003	FBpp0091123	dmel	FBpp0091149	dmel
OG0000003	FBpp0091125	dmel	FBpp0091149	dmel
OG0000003	FBpp0091127	dmel	FBpp0091149	dmel
OG0000003	FBpp0091129	dmel	FBpp0091149	dmel
OG0000003	FBpp0091131	dmel	FBpp0091149	dmel
OG0000003	FBpp0091133	dmel	FBpp0091149	dmel
OG0000003	FBpp0091135	dmel	FBpp0091149	dmel
OG0000003	FBpp0091137	dmel	FBpp0091149	dmel
OG0000003	FBpp0091139	dmel	FBpp0091149	dmel
OG0000003	FBpp0091141	dmel	FBpp0091149	dmel
OG0000003	FBpp0091143	dmel	FBpp0091149	dmel
OG0000003	FBpp0091145	dmel	FBpp0091149	dmel
OG0000003	FBpp0091147	dmel	FBpp0091149	dmel
OG0000003	FBpp0091149	dmel	FBpp0091151	dmel
OG0000003	FBpp0091149	dmel	FBpp0091153	dmel
OG0000003	FBpp0091149	dmel	FBpp0091155	dmel
OG0000003	FBpp0191557	dsec	FBpp0201173	dsec
OG0000003	FBpp0191557	dsec	FBpp0201174	dsec
OG0000003	FBpp0191557	dsec	FBpp0201178	dsec
OG0000003	FBpp0191557	dsec	FBpp0201180	dsec
OG0000003	FBpp0194442	dsec	FBpp0201173	dsec
OG0000003	FBpp0194442	dsec	FBpp0201174	dsec
OG0000003	FBpp0194442	dsec	FBpp0201178	dsec
OG0000003	FBpp0194442	dsec	FBpp0201180	dsec
OG0000003	FBpp0196950	dsec	FBpp0201173	dsec
OG0000003	FBpp0196950	dsec	FBpp0201174	dsec
OG0000003	FBpp0196950	dsec	FBpp0201178	dsec
OG0000003	FBpp0196950	dsec	FBpp0201180	dsec
OG0000003	FBpp0197645	dsec	FBpp0201173	dsec
OG0000003	FBpp0197645	dsec	FBpp0201174	dsec
OG0000003	FBpp0197645	dsec	FBpp0201178	dsec
OG0000003	FBpp0197645	dsec	FBpp0201180	dsec
OG0000003	FBpp0197947	dsec	FBpp0201173	dsec
OG0000003	FBpp0197947	dsec	FBpp0201174	dsec
OG0000003	FBpp0197947	dsec	FBpp0201178	dsec
OG0000003	FBpp0197947	dsec	FBpp0201180	dsec
OG0000003	FBpp0198019	dsec	FBpp0201173	dsec
OG0000003	FBpp0198019	dsec	FBpp0201174	dsec
OG0000003	FBpp0198019	dsec	FBpp0201178	dsec
OG0000003	FBpp0198019	dsec	FBpp0201180	dsec
OG0000003	FBpp0198387	dsec	FBpp0201173	dsec
OG0000003	FBpp0198387	dsec	FBpp0201174	dsec
OG0000003	FBpp0198387	dsec	FBpp0201178	dsec
OG0000003	FBpp0198387	dsec	FBpp0201180	dsec
OG0000003	FBpp0198389	dsec	FBpp0201173	dsec
OG0000003	FBpp0198389	dsec	FBpp0201174	dsec
OG0000003	FBpp0198389	dsec	FBpp0201178	dsec
OG0000003	FBpp0198389	dsec	FBpp0201180	dsec
OG0000003	FBpp0198419	dsec	FBpp0201173	dsec
OG0000003	FBpp0198419	dsec	FBpp0201174	dsec
OG0000003	FBpp0198419	dsec	FBpp0201178	dsec
OG0000003	FBpp0198419	dsec	FBpp0201180	dsec
OG0000003	FBpp0198902	dsec	FBpp0201173	dsec
OG0000003	FBpp0198902	dsec	FBpp0201174	dsec
OG0000003	FBpp0198902	dsec	FBpp0201178	dsec
OG0000003	FBpp0198902	dsec	FBpp0201180	dsec
OG0000003	FBpp0199188	dsec	FBpp0201173	dsec
OG0000003	FBpp0199188	dsec	FBpp0201174	dsec
OG0000003	FBpp0199188	dsec	FBpp0201178	dsec
OG0000003	FBpp0199188	dsec	FBpp0201180	dsec
OG0000003	FBpp0200286	dsec	FBpp0201173	dsec
OG0000003	FBpp0200286	dsec	FBpp0201174	dsec
OG0000003	FBpp0200286	dsec	FBpp0201178	dsec
OG0000003	FBpp0200286	dsec	FBpp0201180	dsec
OG0000003	FBpp0200296	dsec	FBpp0201173	dsec
OG0000003	FBpp0200296	dsec	FBpp0201174	dsec
OG0000003	FBpp0200296	dsec	FBpp0201178	dsec
OG0000003	FBpp0200296	dsec	FBpp0201180	dsec
OG0000003	FBpp0200754	dsec	FBpp0201173	dsec
OG0000003	FBpp0200754	dsec	FBpp0201174	dsec
OG0000003	FBpp0200754	dsec	FBpp0201178	dsec
OG0000003	FBpp0200754	dsec	FBpp0201180	dsec
OG0000003	FBpp0200805	dsec	FBpp0201173	dsec
OG0000003	FBpp0200805	dsec	FBpp0201174	dsec
OG0000003	FBpp0200805	dsec	FBpp0201178	dsec
OG0000003	FBpp0200805	dsec	FBpp0201180	dsec
OG0000003	FBpp0200907	dsec	FBpp0201173	dsec
OG0000003	FBpp0200907	dsec	FBpp0201174	dsec
OG0000003	FBpp0200907	dsec	FBpp0201178	dsec
OG0000003	FBpp0200907	dsec	FBpp0201180	dsec
OG0000003	FBpp0201085	dsec	FBpp0201173	dsec
OG0000003	FBpp0201085	dsec	FBpp0201174	dsec
OG0000003	FBpp0201085	dsec	FBpp0201178	dsec
OG0000003	FBpp0201085	dsec	FBpp0201180	dsec
OG0000003	FBpp0201149	dsec	FBpp0201173	dsec
OG0000003	FBpp0201149	dsec	FBpp0201174	dsec
OG0000003	FBpp0201149	dsec	FBpp0201178	dsec
OG0000003	FBpp0201149	dsec	FBpp0201180	dsec
OG0000003	FBpp0201173	dsec	FBpp0201174	dsec
OG0000003	FBpp0201173	dsec	FBpp0201178	dsec
OG0000003	FBpp0201173	dsec	FBpp0201180	dsec
OG0000003	FBpp0201173	dsec	FBpp0201211	dsec
OG0000003	FBpp0201173	dsec	FBpp0201213	dsec
OG0000003	FBpp0201173	dsec	FBpp0201238	dsec
OG0000003	FBpp0201173	dsec	FBpp0203901	dsec
OG0000003	FBpp0201173	dsec	FBpp0204061	dsec
OG0000003	FBpp0201173	dsec	FBpp0204726	dsec
OG0000003	FBpp0201173	dsec	FBpp0204911	dsec
OG0000003	FBpp0201173	dsec	FBpp0205282	dsec
OG0000003	FBpp0201173	dsec	FBpp0205514	dsec
OG0000003	FBpp0201174	dsec	FBpp0201178	dsec
OG0000003	FBpp0201174	dsec	FBpp0201180	dsec
OG0000003	FBpp0201174	dsec	FBpp0201211	dsec
OG0000003	FBpp0201174	dsec	FBpp0201213	dsec
OG0000003	FBpp0201174	dsec	FBpp0201238	dsec
OG0000003	FBpp0201174	dsec	FBpp0203901	dsec
OG0000003	FBpp0201174	dsec	FBpp0204061	dsec
OG0000003	FBpp0201174	dsec	FBpp0204726	dsec
OG0000003	FBpp0201174	dsec	FBpp0204911	dsec
OG0000003	FBpp0201174	dsec	FBpp0205282	dsec
OG0000003	FBpp0201174	dsec	FBpp0205514	dsec
OG0000003	FBpp0201178	dsec	FBpp0201180	dsec
OG0000003	FBpp0201178	dsec	FBpp0201211	dsec
OG0000003	FBpp0201178	dsec	FBpp0201213	dsec
OG0000003	FBpp0201178	dsec	FBpp0201238	dsec
OG0000003	FBpp0201178	dsec	FBpp0203901	dsec
OG0000003	FBpp0201178	dsec	FBpp0204061	dsec
OG0000003	FBpp0201178	dsec	FBpp0204726	dsec
OG0000003	FBpp0201178	dsec	FBpp0204911	dsec
OG0000003	FBpp0201178	dsec	FBpp0205282	dsec
OG0000003	FBpp0201178	dsec	FBpp0205514	dsec
OG0000003	FBpp0201180	dsec	FBpp0201211	dsec
OG0000003	FBpp0201180	dsec	FBpp0201213	dsec
OG0000003	FBpp0201180	dsec	FBpp0201238	dsec
OG0000003	FBpp0201180	dsec	FBpp0203901	dsec
OG0000003	FBpp0201180	dsec	FBpp0204061	dsec
OG0000003	FBpp0201180	dsec	FBpp0204726	dsec
OG0000003	FBpp0201180	dsec	FBpp0204911	dsec
OG0000003	FBpp0201180	dsec	FBpp0205282	dsec
OG0000003	FBpp0201180	dsec	FBpp0205514	dsec
OG0000005	FBpp0072283	dmel	FBpp0090991	dmel
OG0000005	FBpp0072283	dmel	FBpp0090992	dmel
OG0000005	FBpp0072283	dmel	FBpp0091019	dmel
OG0000005	FBpp0072283	dmel	FBpp0091027	dmel
OG0000005	FBpp0072283	dmel	FBpp0091035	dmel
OG0000005	FBpp0072283	dmel	FBpp0091038	dmel
OG0000005	FBpp0072283	dmel	FBpp0091048	dmel
OG0000005	FBpp0072283	dmel	FBpp0091157	dmel
OG0000005	FBpp0072283	dmel	FBpp0091160	dmel
OG0000005	FBpp0072283	dmel	FBpp0091161	dmel
OG0000005	FBpp0072283	dmel	FBpp0091166	dmel
OG0000005	FBpp0072283	dmel	FBpp0110156	dmel
OG0000005	FBpp0072283	dmel	FBpp0292484	dmel
OG0000005	FBpp0072283	dmel	FBpp0310392	dmel
OG0000005	FBpp0072283	dmel	FBpp0428277	dmel
OG0000005	FBpp0090991	dmel	FBpp0090992	dmel
OG0000005	FBpp0090991	dmel	FBpp0091019	dmel
OG0000005	FBpp0090991	dmel	FBpp0091027	dmel
OG0000005	FBpp0090991	dmel	FBpp0091035	dmel
OG0000005	FBpp0090991	dmel	FBpp0091038	dmel
OG0000005	FBpp0090991	dmel	FBpp0091048	dmel
OG0000005	FBpp0090991	dmel	FBpp0091157	dmel
OG0000005	FBpp0090991	dmel	FBpp0091160	dmel
OG0000005	FBpp0090991	dmel	FBpp0091161	dmel
OG0000005	FBpp0090991	dmel	FBpp0091166	dmel
OG0000005	FBpp0090991	dmel	FBpp0110156	dmel
OG0000005	FBpp0090991	dmel	FBpp0292484	dmel
OG0000005	FBpp0090991	dmel	FBpp0310392	dmel
OG0000005	FBpp0090991	dmel	FBpp0428277	dmel
OG0000005	FBpp0090992	dmel	FBpp0091019	dmel
OG0000005	FBpp0090992	dmel	FBpp0091027	dmel
OG0000005	FBpp0090992	dmel	FBpp0091035	dmel
OG0000005	FBpp0090992	dmel	FBpp0091038	dmel
OG0000005	FBpp0090992	dmel	FBpp0091048	dmel
OG0000005	FBpp0090992	dmel	FBpp0091157	dmel
OG0000005	FBpp0090992	dmel	FBpp0091160	dmel
OG0000005	FBpp0090992	dmel	FBpp0091161	dmel
OG0000005	FBpp0090992	dmel	FBpp0091166	dmel
OG0000005	FBpp0090992	dmel	FBpp0110156	dmel
OG0000005	FBpp0090992	dmel	FBpp0292484	dmel
OG0000005	FBpp0090992	dmel	FBpp0310392	dmel
OG0000005	FBpp0090992	dmel	FBpp0428277	dmel
OG0000005	FBpp0091019	dmel	FBpp0091027	dmel
OG0000005	FBpp0091019	dmel	FBpp0091035	dmel
OG0000005	FBpp0091019	dmel	FBpp0091038	dmel
OG0000005	FBpp0091019	dmel	FBpp0091048	dmel
OG0000005	FBpp0091019	dmel	FBpp0091157	dmel
OG0000005	FBpp0091019	dmel	FBpp0091160	dmel
OG0000005	FBpp0091019	dmel	FBpp0091161	dmel
OG0000005	FBpp0091019	dmel	FBpp0091166	dmel
OG0000005	FBpp0091019	dmel	FBpp0110156	dmel
OG0000005	FBpp0091019	dmel	FBpp0292484	dmel
OG0000005	FBpp0091019	dmel	FBpp0310392	dmel
OG0000005	FBpp0091019	dmel	FBpp0428277	dmel
OG0000005	FBpp0091027	dmel	FBpp0091035	dmel
OG0000005	FBpp0091027	dmel	FBpp0091038	dmel
OG0000005	FBpp0091027	dmel	FBpp0091048	dmel
OG0000005	FBpp0091027	dmel	FBpp0091157	dmel
OG0000005	FBpp0091027	dmel	FBpp0091160	dmel
OG0000005	FBpp0091027	dmel	FBpp0091161	dmel
OG0000005	FBpp0091027	dmel	FBpp0091166	dmel
OG0000005	FBpp0091027	dmel	FBpp0110156	dmel
OG0000005	FBpp0091027	dmel	FBpp0292484	dmel
OG0000005	FBpp0091027	dmel	FBpp0310392	dmel
OG0000005	FBpp0091027	dmel	FBpp0428277	dmel
OG0000005	FBpp0091035	dmel	FBpp0091038	dmel
OG0000005	FBpp0091035	dmel	FBpp0091048	dmel
OG0000005	FBpp0091035	dmel	FBpp0091157	dmel
OG0000005	FBpp0091035	dmel	FBpp0091160	dmel
OG0000005	FBpp0091035	dmel	FBpp0091161	dmel
OG0000005	FBpp0091035	dmel	FBpp0091166	dmel
OG0000005	FBpp0091035	dmel	FBpp0110156	dmel
OG0000005	FBpp0091035	dmel	FBpp0292484	dmel
OG0000005	FBpp0091035	dmel	FBpp0310392	dmel
OG0000005	FBpp0091035	dmel	FBpp0428277	dmel
OG0000005	FBpp0091038	dmel	FBpp0091048	dmel
OG0000005	FBpp0091038	dmel	FBpp0091157	dmel
OG0000005	FBpp0091038	dmel	FBpp0091160	dmel
OG0000005	FBpp0091038	dmel	FBpp0091161	dmel
OG0000005	FBpp0091038	dmel	FBpp0091166	dmel
OG0000005	FBpp0091038	dmel	FBpp0110156	dmel
OG0000005	FBpp0091038	dmel	FBpp0292484	dmel
OG0000005	FBpp0091038	dmel	FBpp0310392	dmel
OG0000005	FBpp0091038	dmel	FBpp0428277	dmel
OG0000005	FBpp0091048	dmel	FBpp0091157	dmel
OG0000005	FBpp0091048	dmel	FBpp0091160	dmel
OG0000005	FBpp0091048	dmel	FBpp0091161	dmel
OG0000005	FBpp0091048	dmel	FBpp0091166	dmel
OG0000005	FBpp0091048	dmel	FBpp0110156	dmel
OG0000005	FBpp0091048	dmel	FBpp0292484	dmel
OG0000005	FBpp0091048	dmel	FBpp0310392	dmel
OG0000005	FBpp0091048	dmel	FBpp0428277	dmel
OG0000005	FBpp0091157	dmel	FBpp0091160	dmel
OG0000005	FBpp0091157	dmel	FBpp0091161	dmel
OG0000005	FBpp0091157	dmel	FBpp0091166	dmel
OG0000005	FBpp0091157	dmel	FBpp0110156	dmel
OG0000005	FBpp0091157	dmel	FBpp0292484	dmel
OG0000005	FBpp0091157	dmel	FBpp0310392	dmel
OG0000005	FBpp0091157	dmel	FBpp0428277	dmel
OG0000005	FBpp0091160	dmel	FBpp0091161	dmel
OG0000005	FBpp0091160	dmel	FBpp0091166	dmel
OG0000005	FBpp0091160	dmel	FBpp0110156	dmel
OG0000005	FBpp0091160	dmel	FBpp0292484	dmel
OG0000005	FBpp0091160	dmel	FBpp0310392	dmel
OG0000005	FBpp0091160	dmel	FBpp0428277	dmel
OG0000005	FBpp0091161	dmel	FBpp0091166	dmel
OG0000005	FBpp0091161	dmel	FBpp0110156	dmel
OG0000005	FBpp0091161	dmel	FBpp0292484	dmel
OG0000005	FBpp0091161	dmel	FBpp0310392	dmel
OG0000005	FBpp0091161	dmel	FBpp0428277	dmel
OG0000005	FBpp0091166	dmel	FBpp0110156	dmel
OG0000005	FBpp0091166	dmel	FBpp0292484	dmel
OG0000005	FBpp0091166	dmel	FBpp0310392	dmel
OG0000005	FBpp0091166	dmel	FBpp0428277	dmel
OG0000005	FBpp0110156	dmel	FBpp0292484	dmel
OG0000005	FBpp0110156	dmel	FBpp0310392	dmel
OG0000005	FBpp0110156	dmel	FBpp0428277	dmel
OG0000005	FBpp0292484	dmel	FBpp0310392	dmel
OG0000005	FBpp0292484	dmel	FBpp0428277	dmel
OG0000005	FBpp0310392	dmel	FBpp0428277	dmel
OG0000005	FBpp0193377	dsec	FBpp0193589	dsec
OG0000005	FBpp0193377	dsec	FBpp0193597	dsec
OG0000005	FBpp0193377	dsec	FBpp0193598	dsec
OG0000005	FBpp0193377	dsec	FBpp0193929	dsec
OG0000005	FBpp0193377	dsec	FBpp0194394	dsec
OG0000005	FBpp0193377	dsec	FBpp0195468	dsec
OG0000005	FBpp0193377	dsec	FBpp0198607	dsec
OG0000005	FBpp0193377	dsec	FBpp0199255	dsec
OG0000005	FBpp0193377	dsec	FBpp0201589	dsec
OG0000005	FBpp0193377	dsec	FBpp0202914	dsec
OG0000005	FBpp0193377	dsec	FBpp0203669	dsec
OG0000005	FBpp0193377	dsec	FBpp0204933	dsec
OG0000005	FBpp0193377	dsec	FBpp0205228	dsec
OG0000005	FBpp0193377	dsec	FBpp0207451	dsec
OG0000005	FBpp0193377	dsec	FBpp0207716	dsec
OG0000005	FBpp0193589	dsec	FBpp0193597	dsec
OG0000005	FBpp0193589	dsec	FBpp0193598	dsec
OG0000005	FBpp0193589	dsec	FBpp0193929	dsec
OG0000005	FBpp0193589	dsec	FBpp0194394	dsec
OG0000005	FBpp0193589	dsec	FBpp0195468	dsec
OG0000005	FBpp0193589	dsec	FBpp0198607	dsec
OG0000005	FBpp0193589	dsec	FBpp0199255	dsec
OG0000005	FBpp0193589	dsec	FBpp0201589	dsec
OG0000005	FBpp0193589	dsec	FBpp0202914	dsec
OG0000005	FBpp0193589	dsec	FBpp0203669	dsec
OG0000005	FBpp0193589	dsec	FBpp0204933	dsec
OG0000005	FBpp0193589	dsec	FBpp0205228	dsec
OG0000005	FBpp0193589	dsec	FBpp0207451	dsec
OG0000005	FBpp0193589	dsec	FBpp0207716	dsec
OG0000005	FBpp0193597	dsec	FBpp0193598	dsec
OG0000005	FBpp0193597	dsec	FBpp0193929	dsec
OG0000005	FBpp0193597	dsec	FBpp0194394	dsec
OG0000005	FBpp0193597	dsec	FBpp0195468	dsec
OG0000005	FBpp0193597	dsec	FBpp0198607	dsec
OG0000005	FBpp0193597	dsec	FBpp0199255	dsec
OG0000005	FBpp0193597	dsec	FBpp0201589	dsec
OG0000005	FBpp0193597	dsec	FBpp0202914	dsec
OG0000005	FBpp0193597	dsec	FBpp0203669	dsec
OG0000005	FBpp0193597	dsec	FBpp0204933	dsec
OG0000005	FBpp0193597	dsec	FBpp0205228	dsec
OG0000005	FBpp0193597	dsec	FBpp0207451	dsec
OG0000005	FBpp0193597	dsec	FBpp0207716	dsec
OG0000005	FBpp0193598	dsec	FBpp0193929	dsec
OG0000005	FBpp0193598	dsec	FBpp0194394	dsec
OG0000005	FBpp0193598	dsec	FBpp0195468	dsec
OG0000005	FBpp0193598	dsec	FBpp0198607	dsec
OG0000005	FBpp0193598	dsec	FBpp0199255	dsec
OG0000005	FBpp0193598	dsec	FBpp0201589	dsec
OG0000005	FBpp0193598	dsec	FBpp0202914	dsec
OG0000005	FBpp0193598	dsec	FBpp0203669	dsec
OG0000005	FBpp0193598	dsec	FBpp0204933	dsec
OG0000005	FBpp0193598	dsec	FBpp0205228	dsec
OG0000005	FBpp0193598	dsec	FBpp0207451	dsec
OG0000005	FBpp0193598	dsec	FBpp0207716	dsec
OG0000005	FBpp0193929	dsec	FBpp0194394	dsec
OG0000005	FBpp0193929	dsec	FBpp0195468	dsec
OG0000005	FBpp0193929	dsec	FBpp0198607	dsec
OG0000005	FBpp0193929	dsec	FBpp0199255	dsec
OG0000005	FBpp0193929	dsec	FBpp0201589	dsec
OG0000005	FBpp0193929	dsec	FBpp0202914	dsec
OG0000005	FBpp0193929	dsec	FBpp0203669	dsec
OG0000005	FBpp0193929	dsec	FBpp0204933	dsec
OG0000005	FBpp0193929	dsec	FBpp0205228	dsec
OG0000005	FBpp0193929	dsec	FBpp0207451	dsec
OG0000005	FBpp0193929	dsec	FBpp0207716	dsec
OG0000005	FBpp0194394	dsec	FBpp0195468	dsec
OG0000005	FBpp0194394	dsec	FBpp0198607	dsec
OG0000005	FBpp0194394	dsec	FBpp0199255	dsec
OG0000005	FBpp0194394	dsec	FBpp0201589	dsec
OG0000005	FBpp0194394	dsec	FBpp0202914	dsec
OG0000005	FBpp0194394	dsec	FBpp0203669	dsec
OG0000005	FBpp0194394	dsec	FBpp0204933	dsec
OG0000005	FBpp0194394	dsec	FBpp0205228	dsec
OG0000005	FBpp0194394	dsec	FBpp0207451	dsec
OG0000005	FBpp0194394	dsec	FBpp0207716	dsec
OG0000005	FBpp0195468	dsec	FBpp0198607	dsec
OG0000005	FBpp0195468	dsec	FBpp0199255	dsec
OG0000005	FBpp0195468	dsec	FBpp0201589	dsec
OG0000005	FBpp0195468	dsec	FBpp0202914	dsec
OG0000005	FBpp0195468	dsec	FBpp0203669	dsec
OG0000005	FBpp0195468	dsec	FBpp0204933	dsec
OG0000005	FBpp0195468	dsec	FBpp0205228	dsec
OG0000005	FBpp0195468	dsec	FBpp0207451	dsec
OG0000005	FBpp0195468	dsec	FBpp0207716	dsec
OG0000005	FBpp0198607	dsec	FBpp0199255	dsec
OG0000005	FBpp0198607	dsec	FBpp0201589	dsec
OG0000005	FBpp0198607	dsec	FBpp0202914	dsec
OG0000005	FBpp0198607	dsec	FBpp0203669	dsec
OG0000005	FBpp0198607	dsec	FBpp0204933	dsec
OG0000005	FBpp0198607	dsec	FBpp0205228	dsec
OG0000005	FBpp0198607	dsec	FBpp0207451	dsec
OG0000005	FBpp0198607	dsec	FBpp0207716	dsec
OG0000005	FBpp0199255	dsec	FBpp0201589	dsec
OG0000005	FBpp0199255	dsec	FBpp0202914	dsec
OG0000005	FBpp0199255	dsec	FBpp0203669	dsec
OG0000005	FBpp0199255	dsec	FBpp0204933	dsec
OG0000005	FBpp0199255	dsec	FBpp0205228	dsec
OG0000005	FBpp0199255	dsec	FBpp0207451	dsec
OG0000005	FBpp0199255	dsec	FBpp0207716	dsec
OG0000005	FBpp0201589	dsec	FBpp0202914	dsec
OG0000005	FBpp0201589	dsec	FBpp0203669	dsec
OG0000005	FBpp0201589	dsec	FBpp0204933	dsec
OG0000005	FBpp0201589	dsec	FBpp0205228	dsec
OG0000005	FBpp0201589	dsec	FBpp0207451	dsec
OG0000005	FBpp0201589	dsec	FBpp0207716	dsec
OG0000005	FBpp0202914	dsec	FBpp0203669	dsec
OG0000005	FBpp0202914	dsec	FBpp0204933	dsec
OG0000005	FBpp0202914	dsec	FBpp0205228	dsec
OG0000005	FBpp0202914	dsec	FBpp0207451	dsec
OG0000005	FBpp0202914	dsec	FBpp0207716	dsec
OG0000005	FBpp0203669	dsec	FBpp0204933	dsec
OG0000005	FBpp0203669	dsec	FBpp0205228	dsec
OG0000005	FBpp0203669	dsec	FBpp0207451	dsec
OG0000005	FBpp0203669	dsec	FBpp0207716	dsec
OG0000005	FBpp0204933	dsec	FBpp0205228	dsec
OG0000005	FBpp0204933	dsec	FBpp0207451	dsec
OG0000005	FBpp0204933	dsec	FBpp0207716	dsec
OG0000005	FBpp0205228	dsec	FBpp0207451	dsec
OG0000005	FBpp0205228	dsec	FBpp0207716	dsec
OG0000005	FBpp0207451	dsec	FBpp0207716	dsec
OG0000005	FBpp0209298	dsim	FBpp0209337	dsim
OG0000005	FBpp0209298	dsim	FBpp0210570	dsim
OG0000005	FBpp0209298	dsim	FBpp0211672	dsim
OG0000005	FBpp0209298	dsim	FBpp0215067	dsim
OG0000005	FBpp0209298	dsim	FBpp0215165	dsim
OG0000005	FBpp0209298	dsim	FBpp0216665	dsim
OG0000005	FBpp0209298	dsim	FBpp0219182	dsim
OG0000005	FBpp0209298	dsim	FBpp0219957	dsim
OG0000005	FBpp0209298	dsim	FBpp0220273	dsim
OG0000005	FBpp0209298	dsim	FBpp0220757	dsim
OG0000005	FBpp0209298	dsim	FBpp0221317	dsim
OG0000005	FBpp0209298	dsim	FBpp0223991	dsim
OG0000005	FBpp0209298	dsim	FBpp0312715	dsim
OG0000005	FBpp0209298	dsim	FBpp0322478	dsim
OG0000005	FBpp0209298	dsim	FBpp0322964	dsim
OG0000005	FBpp0209298	dsim	FBpp0322983	dsim
OG0000005	FBpp0209298	dsim	FBpp0324071	dsim
OG0000005	FBpp0209298	dsim	FBpp0324371	dsim
OG0000005	FBpp0209298	dsim	FBpp0327479	dsim
OG0000005	FBpp0209337	dsim	FBpp0210570	dsim
OG0000005	FBpp0209337	dsim	FBpp0211672	dsim
OG0000005	FBpp0209337	dsim	FBpp0215067	dsim
OG0000005	FBpp0209337	dsim	FBpp0215165	dsim
OG0000005	FBpp0209337	dsim	FBpp0216665	dsim
OG0000005	FBpp0209337	dsim	FBpp0219182	dsim
OG0000005	FBpp0209337	dsim	FBpp0219957	dsim
OG0000005	FBpp0209337	dsim	FBpp0220273	dsim
OG0000005	FBpp0209337	dsim	FBpp0220757	dsim
OG0000005	FBpp0209337	dsim	FBpp0221317	dsim
OG0000005	FBpp0209337	dsim	FBpp0223991	dsim
OG0000005	FBpp0209337	dsim	FBpp0312715	dsim
OG0000005	FBpp0209337	dsim	FBpp0322478	dsim
OG0000005	FBpp0209337	dsim	FBpp0322964	dsim
OG0000005	FBpp0209337	dsim	FBpp0322983	dsim
OG0000005	FBpp0209337	dsim	FBpp0324071	dsim
OG0000005	FBpp0209337	dsim	FBpp0324371	dsim
OG0000005	FBpp0209337	dsim	FBpp0327479	dsim
OG0000005	FBpp0210570	dsim	FBpp0211672	dsim
OG0000005	FBpp0210570	dsim	FBpp0215067	dsim
OG0000005	FBpp0210570	dsim	FBpp0215165	dsim
OG0000005	FBpp0210570	dsim	FBpp0216665	dsim
OG0000005	FBpp0210570	dsim	FBpp0219182	dsim
OG0000005	FBpp0210570	dsim	FBpp0219957	dsim
OG0000005	FBpp0210570	dsim	FBpp0220273	dsim
OG0000005	FBpp0210570	dsim	FBpp0220757	dsim
OG0000005	FBpp0210570	dsim	FBpp0221317	dsim
OG0000005	FBpp0210570	dsim	FBpp0223991	dsim
OG0000005	FBpp0210570	dsim	FBpp0312715	dsim
OG0000005	FBpp0210570	dsim	FBpp0322478	dsim
OG0000005	FBpp0210570	dsim	FBpp0322964	dsim
OG0000005	FBpp0210570	dsim	FBpp0322983	dsim
OG0000005	FBpp0210570	dsim	FBpp0324071	dsim
OG0000005	FBpp0210570	dsim	FBpp0324371	dsim
OG0000005	FBpp0210570	dsim	FBpp0327479	dsim
OG0000005	FBpp0211672	dsim	FBpp0215067	dsim
OG0000005	FBpp0211672	dsim	FBpp0215165	dsim
OG0000005	FBpp0211672	dsim	FBpp0216665	dsim
OG0000005	FBpp0211672	dsim	FBpp0219182	dsim
OG0000005	FBpp0211672	dsim	FBpp0219957	dsim
OG0000005	FBpp0211672	dsim	FBpp0220273	dsim
OG0000005	FBpp0211672	dsim	FBpp0220757	dsim
OG0000005	FBpp0211672	dsim	FBpp0221317	dsim
OG0000005	FBpp0211672	dsim	FBpp0223991	dsim
OG0000005	FBpp0211672	dsim	FBpp0312715	dsim
OG0000005	FBpp0211672	dsim	FBpp0322478	dsim
OG0000005	FBpp0211672	dsim	FBpp0322964	dsim
OG0000005	FBpp0211672	dsim	FBpp0322983	dsim
OG0000005	FBpp0211672	dsim	FBpp0324071	dsim
OG0000005	FBpp0211672	dsim	FBpp0324371	dsim
OG0000005	FBpp0211672	dsim	FBpp0327479	dsim
OG0000005	FBpp0215067	dsim	FBpp0215165	dsim
OG0000005	FBpp0215067	dsim	FBpp0216665	dsim
OG0000005	FBpp0215067	dsim	FBpp0219182	dsim
OG0000005	FBpp0215067	dsim	FBpp0219957	dsim
OG0000005	FBpp0215067	dsim	FBpp0220273	dsim
OG0000005	FBpp0215067	dsim	FBpp0220757	dsim
OG0000005	FBpp0215067	dsim	FBpp0221317	dsim
OG0000005	FBpp0215067	dsim	FBpp0223991	dsim
OG0000005	FBpp0215067	dsim	FBpp0312715	dsim
OG0000005	FBpp0215067	dsim	FBpp0322478	dsim
OG0000005	FBpp0215067	dsim	FBpp0322964	dsim
OG0000005	FBpp0215067	dsim	FBpp0322983	dsim
OG0000005	FBpp0215067	dsim	FBpp0324071	dsim
OG0000005	FBpp0215067	dsim	FBpp0324371	dsim
OG0000005	FBpp0215067	dsim	FBpp0327479	dsim
OG0000005	FBpp0215165	dsim	FBpp0216665	dsim
OG0000005	FBpp0215165	dsim	FBpp0219182	dsim
OG0000005	FBpp0215165	dsim	FBpp0219957	dsim
OG0000005	FBpp0215165	dsim	FBpp0220273	dsim
OG0000005	FBpp0215165	dsim	FBpp0220757	dsim
OG0000005	FBpp0215165	dsim	FBpp0221317	dsim
OG0000005	FBpp0215165	dsim	FBpp0223991	dsim
OG0000005	FBpp0215165	dsim	FBpp0312715	dsim
OG0000005	FBpp0215165	dsim	FBpp0322478	dsim
OG0000005	FBpp0215165	dsim	FBpp0322964	dsim
OG0000005	FBpp0215165	dsim	FBpp0322983	dsim
OG0000005	FBpp0215165	dsim	FBpp0324071	dsim
OG0000005	FBpp0215165	dsim	FBpp0324371	dsim
OG0000005	FBpp0215165	dsim	FBpp0327479	dsim
OG0000005	FBpp0216665	dsim	FBpp0219182	dsim
OG0000005	FBpp0216665	dsim	FBpp0219957	dsim
OG0000005	FBpp0216665	dsim	FBpp0220273	dsim
OG0000005	FBpp0216665	dsim	FBpp0220757	dsim
OG0000005	FBpp0216665	dsim	FBpp0221317	dsim
OG0000005	FBpp0216665	dsim	FBpp0223991	dsim
OG0000005	FBpp0216665	dsim	FBpp0312715	dsim
OG0000005	FBpp0216665	dsim	FBpp0322478	dsim
OG0000005	FBpp0216665	dsim	FBpp0322964	dsim
OG0000005	FBpp0216665	dsim	FBpp0322983	dsim
OG0000005	FBpp0216665	dsim	FBpp0324071	dsim
OG0000005	FBpp0216665	dsim	FBpp0324371	dsim
OG0000005	FBpp0216665	dsim	FBpp0327479	dsim
OG0000005	FBpp0219182	dsim	FBpp0219957	dsim
OG0000005	FBpp0219182	dsim	FBpp0220273	dsim
OG0000005	FBpp0219182	dsim	FBpp0220757	dsim
OG0000005	FBpp0219182	dsim	FBpp0221317	dsim
OG0000005	FBpp0219182	dsim	FBpp0223991	dsim
OG0000005	FBpp0219182	dsim	FBpp0312715	dsim
OG0000005	FBpp0219182	dsim	FBpp0322478	dsim
OG0000005	FBpp0219182	dsim	FBpp0322964	dsim
OG0000005	FBpp0219182	dsim	FBpp0322983	dsim
OG0000005	FBpp0219182	dsim	FBpp0324071	dsim
OG0000005	FBpp0219182	dsim	FBpp0324371	dsim
OG0000005	FBpp0219182	dsim	FBpp0327479	dsim
OG0000005	FBpp0219957	dsim	FBpp0220273	dsim
OG0000005	FBpp0219957	dsim	FBpp0220757	dsim
OG0000005	FBpp0219957	dsim	FBpp0221317	dsim
OG0000005	FBpp0219957	dsim	FBpp0223991	dsim
OG0000005	FBpp0219957	dsim	FBpp0312715	dsim
OG0000005	FBpp0219957	dsim	FBpp0322478	dsim
OG0000005	FBpp0219957	dsim	FBpp0322964	dsim
OG0000005	FBpp0219957	dsim	FBpp0322983	dsim
OG0000005	FBpp0219957	dsim	FBpp0324071	dsim
OG0000005	FBpp0219957	dsim	FBpp0324371	dsim
OG0000005	FBpp0219957	dsim	FBpp0327479	dsim
OG0000005	FBpp0220273	dsim	FBpp0220757	dsim
OG0000005	FBpp0220273	dsim	FBpp0221317	dsim
OG0000005	FBpp0220273	dsim	FBpp0223991	dsim
OG0000005	FBpp0220273	dsim	FBpp0312715	dsim
OG0000005	FBpp0220273	dsim	FBpp0322478	dsim
OG0000005	FBpp0220273	dsim	FBpp0322964	dsim
OG0000005	FBpp0220273	dsim	FBpp0322983	dsim
OG0000005	FBpp0220273	dsim	FBpp0324071	dsim
OG0000005	FBpp0220273	dsim	FBpp0324371	dsim
OG0000005	FBpp0220273	dsim	FBpp0327479	dsim
OG0000005	FBpp0220757	dsim	FBpp0221317	dsim
OG0000005	FBpp0220757	dsim	FBpp0223991	dsim
OG0000005	FBpp0220757	dsim	FBpp0312715	dsim
OG0000005	FBpp0220757	dsim	FBpp0322478	dsim
OG0000005	FBpp0220757	dsim	FBpp0322964	dsim
OG0000005	FBpp0220757	dsim	FBpp0322983	dsim
OG0000005	FBpp0220757	dsim	FBpp0324071	dsim
OG0000005	FBpp0220757	dsim	FBpp0324371	dsim
OG0000005	FBpp0220757	dsim	FBpp0327479	dsim
OG0000005	FBpp0221317	dsim	FBpp0223991	dsim
OG0000005	FBpp0221317	dsim	FBpp0312715	dsim
OG0000005	FBpp0221317	dsim	FBpp0322478	dsim
OG0000005	FBpp0221317	dsim	FBpp0322964	dsim
OG0000005	FBpp0221317	dsim	FBpp0322983	dsim
OG0000005	FBpp0221317	dsim	FBpp0324071	dsim
OG0000005	FBpp0221317	dsim	FBpp0324371	dsim
OG0000005	FBpp0221317	dsim	FBpp0327479	dsim
OG0000005	FBpp0223991	dsim	FBpp0312715	dsim
OG0000005	FBpp0223991	dsim	FBpp0322478	dsim
OG0000005	FBpp0223991	dsim	FBpp0322964	dsim
OG0000005	FBpp0223991	dsim	FBpp0322983	dsim
OG0000005	FBpp0223991	dsim	FBpp0324071	dsim
OG0000005	FBpp0223991	dsim	FBpp0324371	dsim
OG0000005	FBpp0223991	dsim	FBpp0327479	dsim
OG0000005	FBpp0312715	dsim	FBpp0322478	dsim
OG0000005	FBpp0312715	dsim	FBpp0322964	dsim
OG0000005	FBpp0312715	dsim	FBpp0322983	dsim
OG0000005	FBpp0312715	dsim	FBpp0324071	dsim
OG0000005	FBpp0312715	dsim	FBpp0324371	dsim
OG0000005	FBpp0312715	dsim	FBpp0327479	dsim
OG0000005	FBpp0322478	dsim	FBpp0322964	dsim
OG0000005	FBpp0322478	dsim	FBpp0322983	dsim
OG0000005	FBpp0322478	dsim	FBpp0324071	dsim
OG0000005	FBpp0322478	dsim	FBpp0324371	dsim
OG0000005	FBpp0322478	dsim	FBpp0327479	dsim
OG0000005	FBpp0322964	dsim	FBpp0322983	dsim
OG0000005	FBpp0322964	dsim	FBpp0324071	dsim
OG0000005	FBpp0322964	dsim	FBpp0324371	dsim
OG0000005	FBpp0322964	dsim	FBpp0327479	dsim
OG0000005	FBpp0322983	dsim	FBpp0324071	dsim
OG0000005	FBpp0322983	dsim	FBpp0324371	dsim
OG0000005	FBpp0322983	dsim	FBpp0327479	dsim
OG0000005	FBpp0324071	dsim	FBpp0324371	dsim
OG0000005	FBpp0324071	dsim	FBpp0327479	dsim
OG0000005	FBpp0324371	dsim	FBpp0327479	dsim
OG0000006	FBpp0073445	dmel	FBpp0075504	dmel
OG0000006	FBpp0073445	dmel	FBpp0081956	dmel
OG0000006	FBpp0073445	dmel	FBpp0081986	dmel
OG0000006	FBpp0073445	dmel	FBpp0082105	dmel
OG0000006	FBpp0073445	dmel	FBpp0082106	dmel
OG0000006	FBpp0073445	dmel	FBpp0082107	dmel
OG0000006	FBpp0073445	dmel	FBpp0082147	dmel
OG0000006	FBpp0073445	dmel	FBpp0082175	dmel
OG0000006	FBpp0073445	dmel	FBpp0082514	dmel
OG0000006	FBpp0073445	dmel	FBpp0083974	dmel
OG0000006	FBpp0075504	dmel	FBpp0081956	dmel
OG0000006	FBpp0075504	dmel	FBpp0081986	dmel
OG0000006	FBpp0075504	dmel	FBpp0082105	dmel
OG0000006	FBpp0075504	dmel	FBpp0082106	dmel
OG0000006	FBpp0075504	dmel	FBpp0082107	dmel
OG0000006	FBpp0075504	dmel	FBpp0082147	dmel
OG0000006	FBpp0075504	dmel	FBpp0082175	dmel
OG0000006	FBpp0075504	dmel	FBpp0082514	dmel
OG0000006	FBpp0075504	dmel	FBpp0083974	dmel
OG0000006	FBpp0081956	dmel	FBpp0081986	dmel
OG0000006	FBpp0081956	dmel	FBpp0082105	dmel
OG0000006	FBpp0081956	dmel	FBpp0082106	dmel
OG0000006	FBpp0081956	dmel	FBpp0082107	dmel
OG0000006	FBpp0081956	dmel	FBpp0082147	dmel
OG0000006	FBpp0081956	dmel	FBpp0082175	dmel
OG0000006	FBpp0081956	dmel	FBpp0082514	dmel
OG0000006	FBpp0081956	dmel	FBpp0083974	dmel
OG0000006	FBpp0081986	dmel	FBpp0082105	dmel
OG0000006	FBpp0081986	dmel	FBpp0082106	dmel
OG0000006	FBpp0081986	dmel	FBpp0082107	dmel
OG0000006	FBpp0081986	dmel	FBpp0082147	dmel
OG0000006	FBpp0081986	dmel	FBpp0082175	dmel
OG0000006	FBpp0081986	dmel	FBpp0082514	dmel
OG0000006	FBpp0081986	dmel	FBpp0083974	dmel
OG0000006	FBpp0082105	dmel	FBpp0082106	dmel
OG0000006	FBpp0082105	dmel	FBpp0082107	dmel
OG0000006	FBpp0082105	dmel	FBpp0082147	dmel
OG0000006	FBpp0082105	dmel	FBpp0082175	dmel
OG0000006	FBpp0082105	dmel	FBpp0082514	dmel
OG0000006	FBpp0082105	dmel	FBpp0083974	dmel
OG0000006	FBpp0082106	dmel	FBpp0082107	dmel
OG0000006	FBpp0082106	dmel	FBpp0082147	dmel
OG0000006	FBpp0082106	dmel	FBpp0082175	dmel
OG0000006	FBpp0082106	dmel	FBpp0082514	dmel
OG0000006	FBpp0082106	dmel	FBpp0083974	dmel
OG0000006	FBpp0082107	dmel	FBpp0082147	dmel
OG0000006	FBpp0082107	dmel	FBpp0082175	dmel
OG0000006	FBpp0082107	dmel	FBpp0082514	dmel
OG0000006	FBpp0082107	dmel	FBpp0083974	dmel
OG0000006	FBpp0082147	dmel	FBpp0082175	dmel
OG0000006	FBpp0082147	dmel	FBpp0082514	dmel
OG0000006	FBpp0082147	dmel	FBpp0083974	dmel
OG0000006	FBpp0082175	dmel	FBpp0082514	dmel
OG0000006	FBpp0082175	dmel	FBpp0083974	dmel
OG0000006	FBpp0082514	dmel	FBpp0083974	dmel
OG0000006	FBpp0194521	dsec	FBpp0204993	dsec
OG0000006	FBpp0194521	dsec	FBpp0205465	dsec
OG0000006	FBpp0194521	dsec	FBpp0205519	dsec
OG0000006	FBpp0194521	dsec	FBpp0205559	dsec
OG0000006	FBpp0194521	dsec	FBpp0205685	dsec
OG0000006	FBpp0194521	dsec	FBpp0206916	dsec
OG0000006	FBpp0194521	dsec	FBpp0207479	dsec
OG0000006	FBpp0194521	dsec	FBpp0207535	dsec
OG0000006	FBpp0204993	dsec	FBpp0205465	dsec
OG0000006	FBpp0204993	dsec	FBpp0205519	dsec
OG0000006	FBpp0204993	dsec	FBpp0205559	dsec
OG0000006	FBpp0204993	dsec	FBpp0205685	dsec
OG0000006	FBpp0204993	dsec	FBpp0206916	dsec
OG0000006	FBpp0204993	dsec	FBpp0207479	dsec
OG0000006	FBpp0204993	dsec	FBpp0207535	dsec
OG0000006	FBpp0205465	dsec	FBpp0205519	dsec
OG0000006	FBpp0205465	dsec	FBpp0205559	dsec
OG0000006	FBpp0205465	dsec	FBpp0205685	dsec
OG0000006	FBpp0205465	dsec	FBpp0206916	dsec
OG0000006	FBpp0205465	dsec	FBpp0207479	dsec
OG0000006	FBpp0205465	dsec	FBpp0207535	dsec
OG0000006	FBpp0205519	dsec	FBpp0205559	dsec
OG0000006	FBpp0205519	dsec	FBpp0205685	dsec
OG0000006	FBpp0205519	dsec	FBpp0206916	dsec
OG0000006	FBpp0205519	dsec	FBpp0207479	dsec
OG0000006	FBpp0205519	dsec	FBpp0207535	dsec
OG0000006	FBpp0205559	dsec	FBpp0205685	dsec
OG0000006	FBpp0205559	dsec	FBpp0206916	dsec
OG0000006	FBpp0205559	dsec	FBpp0207479	dsec
OG0000006	FBpp0205559	dsec	FBpp0207535	dsec
OG0000006	FBpp0205685	dsec	FBpp0206916	dsec
OG0000006	FBpp0205685	dsec	FBpp0207479	dsec
OG0000006	FBpp0205685	dsec	FBpp0207535	dsec
OG0000006	FBpp0206916	dsec	FBpp0207479	dsec
OG0000006	FBpp0206916	dsec	FBpp0207535	dsec
OG0000006	FBpp0207479	dsec	FBpp0207535	dsec
OG0000006	FBpp0212868	dsim	FBpp0217280	dsim
OG0000006	FBpp0212868	dsim	FBpp0217400	dsim
OG0000006	FBpp0212868	dsim	FBpp0219023	dsim
OG0000006	FBpp0212868	dsim	FBpp0316480	dsim
OG0000006	FBpp0212868	dsim	FBpp0318395	dsim
OG0000006	FBpp0212868	dsim	FBpp0321376	dsim
OG0000006	FBpp0212868	dsim	FBpp0322811	dsim
OG0000006	FBpp0212868	dsim	FBpp0324678	dsim
OG0000006	FBpp0217280	dsim	FBpp0217400	dsim
OG0000006	FBpp0217280	dsim	FBpp0219023	dsim
OG0000006	FBpp0217280	dsim	FBpp0316480	dsim
OG0000006	FBpp0217280	dsim	FBpp0318395	dsim
OG0000006	FBpp0217280	dsim	FBpp0321376	dsim
OG0000006	FBpp0217280	dsim	FBpp0322811	dsim
OG0000006	FBpp0217280	dsim	FBpp0324678	dsim
OG0000006	FBpp0217400	dsim	FBpp0219023	dsim
OG0000006	FBpp0217400	dsim	FBpp0316480	dsim
OG0000006	FBpp0217400	dsim	FBpp0318395	dsim
OG0000006	FBpp0217400	dsim	FBpp0321376	dsim
OG0000006	FBpp0217400	dsim	FBpp0322811	dsim
OG0000006	FBpp0217400	dsim	FBpp0324678	dsim
OG0000006	FBpp0219023	dsim	FBpp0316480	dsim
OG0000006	FBpp0219023	dsim	FBpp0318395	dsim
OG0000006	FBpp0219023	dsim	FBpp0321376	dsim
OG0000006	FBpp0219023	dsim	FBpp0322811	dsim
OG0000006	FBpp0219023	dsim	FBpp0324678	dsim
OG0000006	FBpp0316480	dsim	FBpp0318395	dsim
OG0000006	FBpp0316480	dsim	FBpp0321376	dsim
OG0000006	FBpp0316480	dsim	FBpp0322811	dsim
OG0000006	FBpp0316480	dsim	FBpp0324678	dsim
OG0000006	FBpp0318395	dsim	FBpp0321376	dsim
OG0000006	FBpp0318395	dsim	FBpp0322811	dsim
OG0000006	FBpp0318395	dsim	FBpp0324678	dsim
OG0000006	FBpp0321376	dsim	FBpp0322811	dsim
OG0000006	FBpp0322811	dsim	FBpp0324678	dsim
OG0000009	FBpp0071381	dmel	FBpp0071650	dmel
OG0000009	FBpp0071381	dmel	FBpp0071719	dmel
OG0000009	FBpp0071381	dmel	FBpp0073834	dmel
OG0000009	FBpp0071381	dmel	FBpp0077344	dmel
OG0000009	FBpp0071381	dmel	FBpp0082067	dmel
OG0000009	FBpp0071381	dmel	FBpp0084026	dmel
OG0000009	FBpp0071381	dmel	FBpp0085996	dmel
OG0000009	FBpp0071381	dmel	FBpp0312286	dmel
OG0000009	FBpp0071381	dmel	FBpp0312287	dmel
OG0000009	FBpp0071650	dmel	FBpp0071719	dmel
OG0000009	FBpp0071650	dmel	FBpp0073834	dmel
OG0000009	FBpp0071650	dmel	FBpp0077344	dmel
OG0000009	FBpp0071650	dmel	FBpp0082067	dmel
OG0000009	FBpp0071650	dmel	FBpp0084026	dmel
OG0000009	FBpp0071650	dmel	FBpp0085996	dmel
OG0000009	FBpp0071650	dmel	FBpp0312286	dmel
OG0000009	FBpp0071650	dmel	FBpp0312287	dmel
OG0000009	FBpp0071719	dmel	FBpp0073834	dmel
OG0000009	FBpp0071719	dmel	FBpp0077344	dmel
OG0000009	FBpp0071719	dmel	FBpp0082067	dmel
OG0000009	FBpp0071719	dmel	FBpp0084026	dmel
OG0000009	FBpp0071719	dmel	FBpp0085996	dmel
OG0000009	FBpp0071719	dmel	FBpp0312286	dmel
OG0000009	FBpp0071719	dmel	FBpp0312287	dmel
OG0000009	FBpp0073834	dmel	FBpp0077344	dmel
OG0000009	FBpp0073834	dmel	FBpp0082067	dmel
OG0000009	FBpp0073834	dmel	FBpp0084026	dmel
OG0000009	FBpp0073834	dmel	FBpp0085996	dmel
OG0000009	FBpp0073834	dmel	FBpp0312286	dmel
OG0000009	FBpp0073834	dmel	FBpp0312287	dmel
OG0000009	FBpp0077344	dmel	FBpp0082067	dmel
OG0000009	FBpp0077344	dmel	FBpp0084026	dmel
OG0000009	FBpp0077344	dmel	FBpp0085996	dmel
OG0000009	FBpp0077344	dmel	FBpp0312286	dmel
OG0000009	FBpp0077344	dmel	FBpp0312287	dmel
OG0000009	FBpp0082067	dmel	FBpp0084026	dmel
OG0000009	FBpp0082067	dmel	FBpp0085996	dmel
OG0000009	FBpp0082067	dmel	FBpp0312286	dmel
OG0000009	FBpp0082067	dmel	FBpp0312287	dmel
OG0000009	FBpp0084026	dmel	FBpp0085996	dmel
OG0000009	FBpp0084026	dmel	FBpp0312286	dmel
OG0000009	FBpp0084026	dmel	FBpp0312287	dmel
OG0000009	FBpp0085996	dmel	FBpp0312286	dmel
OG0000009	FBpp0085996	dmel	FBpp0312287	dmel
OG0000009	FBpp0192898	dsec	FBpp0197149	dsec
OG0000009	FBpp0192898	dsec	FBpp0197156	dsec
OG0000009	FBpp0192898	dsec	FBpp0199872	dsec
OG0000009	FBpp0192898	dsec	FBpp0201416	dsec
OG0000009	FBpp0192898	dsec	FBpp0205458	dsec
OG0000009	FBpp0192898	dsec	FBpp0207487	dsec
OG0000009	FBpp0192898	dsec	FBpp0208082	dsec
OG0000009	FBpp0197149	dsec	FBpp0197156	dsec
OG0000009	FBpp0197149	dsec	FBpp0199872	dsec
OG0000009	FBpp0197149	dsec	FBpp0201416	dsec
OG0000009	FBpp0197149	dsec	FBpp0205458	dsec
OG0000009	FBpp0197149	dsec	FBpp0207487	dsec
OG0000009	FBpp0197149	dsec	FBpp0208082	dsec
OG0000009	FBpp0197156	dsec	FBpp0199872	dsec
OG0000009	FBpp0197156	dsec	FBpp0201416	dsec
OG0000009	FBpp0197156	dsec	FBpp0205458	dsec
OG0000009	FBpp0197156	dsec	FBpp0207487	dsec
OG0000009	FBpp0197156	dsec	FBpp0208082	dsec
OG0000009	FBpp0199872	dsec	FBpp0201416	dsec
OG0000009	FBpp0199872	dsec	FBpp0205458	dsec
OG0000009	FBpp0199872	dsec	FBpp0207487	dsec
OG0000009	FBpp0199872	dsec	FBpp0208082	dsec
OG0000009	FBpp0201416	dsec	FBpp0205458	dsec
OG0000009	FBpp0201416	dsec	FBpp0207487	dsec
OG0000009	FBpp0201416	dsec	FBpp0208082	dsec
OG0000009	FBpp0205458	dsec	FBpp0207487	dsec
OG0000009	FBpp0205458	dsec	FBpp0208082	dsec
OG0000009	FBpp0207487	dsec	FBpp0208082	dsec
OG0000009	FBpp0213613	dsim	FBpp0214208	dsim
OG0000009	FBpp0213613	dsim	FBpp0218969	dsim
OG0000009	FBpp0213613	dsim	FBpp0219508	dsim
OG0000009	FBpp0213613	dsim	FBpp0221610	dsim
OG0000009	FBpp0213613	dsim	FBpp0223560	dsim
OG0000009	FBpp0213613	dsim	FBpp0319499	dsim
OG0000009	FBpp0213613	dsim	FBpp0328093	dsim
OG0000009	FBpp0214208	dsim	FBpp0218969	dsim
OG0000009	FBpp0214208	dsim	FBpp0219508	dsim
OG0000009	FBpp0214208	dsim	FBpp0221610	dsim
OG0000009	FBpp0214208	dsim	FBpp0223560	dsim
OG0000009	FBpp0214208	dsim	FBpp0319499	dsim
OG0000009	FBpp0214208	dsim	FBpp0328093	dsim
OG0000009	FBpp0218969	dsim	FBpp0219508	dsim
OG0000009	FBpp0218969	dsim	FBpp0221610	dsim
OG0000009	FBpp0218969	dsim	FBpp0223560	dsim
OG0000009	FBpp0218969	dsim	FBpp0319499	dsim
OG0000009	FBpp0218969	dsim	FBpp0328093	dsim
OG0000009	FBpp0219508	dsim	FBpp0221610	dsim
OG0000009	FBpp0219508	dsim	FBpp0223560	dsim
OG0000009	FBpp0219508	dsim	FBpp0319499	dsim
OG0000009	FBpp0219508	dsim	FBpp0328093	dsim
OG0000009	FBpp0221610	dsim	FBpp0223560	dsim
OG0000009	FBpp0221610	dsim	FBpp0319499	dsim
OG0000009	FBpp0221610	dsim	FBpp0328093	dsim
OG0000009	FBpp0223560	dsim	FBpp0319499	dsim
OG0000009	FBpp0223560	dsim	FBpp0328093	dsim
OG0000009	FBpp0319499	dsim	FBpp0328093	dsim
OG0000014	FBpp0070788	dmel	FBpp0071448	dmel
OG0000014	FBpp0070788	dmel	FBpp0078131	dmel
OG0000014	FBpp0070788	dmel	FBpp0082253	dmel
OG0000014	FBpp0070788	dmel	FBpp0082597	dmel
OG0000014	FBpp0070788	dmel	FBpp0085365	dmel
OG0000014	FBpp0070788	dmel	FBpp0309075	dmel
OG0000014	FBpp0071448	dmel	FBpp0078131	dmel
OG0000014	FBpp0071448	dmel	FBpp0082253	dmel
OG0000014	FBpp0071448	dmel	FBpp0082597	dmel
OG0000014	FBpp0071448	dmel	FBpp0085365	dmel
OG0000014	FBpp0071448	dmel	FBpp0309075	dmel
OG0000014	FBpp0078131	dmel	FBpp0082253	dmel
OG0000014	FBpp0078131	dmel	FBpp0082597	dmel
OG0000014	FBpp0078131	dmel	FBpp0085365	dmel
OG0000014	FBpp0078131	dmel	FBpp0309075	dmel
OG0000014	FBpp0082253	dmel	FBpp0082597	dmel
OG0000014	FBpp0082253	dmel	FBpp0085365	dmel
OG0000014	FBpp0082253	dmel	FBpp0309075	dmel
OG0000014	FBpp0082597	dmel	FBpp0085365	dmel
OG0000014	FBpp0082597	dmel	FBpp0309075	dmel
OG0000014	FBpp0085365	dmel	FBpp0309075	dmel
OG0000014	FBpp0193924	dsec	FBpp0197969	dsec
OG0000014	FBpp0193924	dsec	FBpp0200756	dsec
OG0000014	FBpp0193924	dsec	FBpp0203197	dsec
OG0000014	FBpp0193924	dsec	FBpp0203903	dsec
OG0000014	FBpp0193924	dsec	FBpp0205586	dsec
OG0000014	FBpp0193924	dsec	FBpp0205713	dsec
OG0000014	FBpp0197969	dsec	FBpp0200756	dsec
OG0000014	FBpp0197969	dsec	FBpp0203197	dsec
OG0000014	FBpp0197969	dsec	FBpp0203903	dsec
OG0000014	FBpp0197969	dsec	FBpp0205586	dsec
OG0000014	FBpp0197969	dsec	FBpp0205713	dsec
OG0000014	FBpp0200756	dsec	FBpp0203197	dsec
OG0000014	FBpp0200756	dsec	FBpp0203903	dsec
OG0000014	FBpp0200756	dsec	FBpp0205586	dsec
OG0000014	FBpp0203197	dsec	FBpp0203903	dsec
OG0000014	FBpp0203197	dsec	FBpp0205586	dsec
OG0000014	FBpp0203197	dsec	FBpp0205713	dsec
OG0000014	FBpp0203903	dsec	FBpp0205586	dsec
OG0000014	FBpp0203903	dsec	FBpp0205713	dsec
OG0000014	FBpp0205586	dsec	FBpp0205713	dsec
OG0000014	FBpp0208744	dsim	FBpp0209617	dsim
OG0000014	FBpp0208744	dsim	FBpp0209950	dsim
OG0000014	FBpp0208744	dsim	FBpp0213417	dsim
OG0000014	FBpp0208744	dsim	FBpp0215166	dsim
OG0000014	FBpp0208744	dsim	FBpp0217311	dsim
OG0000014	FBpp0208744	dsim	FBpp0217427	dsim
OG0000014	FBpp0209617	dsim	FBpp0209950	dsim
OG0000014	FBpp0209617	dsim	FBpp0213417	dsim
OG0000014	FBpp0209617	dsim	FBpp0215166	dsim
OG0000014	FBpp0209617	dsim	FBpp0217311	dsim
OG0000014	FBpp0209617	dsim	FBpp0217427	dsim
OG0000014	FBpp0209950	dsim	FBpp0213417	dsim
OG0000014	FBpp0209950	dsim	FBpp0215166	dsim
OG0000014	FBpp0209950	dsim	FBpp0217311	dsim
OG0000014	FBpp0209950	dsim	FBpp0217427	dsim
OG0000014	FBpp0213417	dsim	FBpp0215166	dsim
OG0000014	FBpp0213417	dsim	FBpp0217311	dsim
OG0000014	FBpp0213417	dsim	FBpp0217427	dsim
OG0000014	FBpp0215166	dsim	FBpp0217311	dsim
OG0000014	FBpp0215166	dsim	FBpp0217427	dsim
OG0000014	FBpp0217311	dsim	FBpp0217427	dsim
OG0000015	FBpp0084449	dmel	FBpp0084450	dmel
OG0000015	FBpp0084449	dmel	FBpp0084519	dmel
OG0000015	FBpp0084449	dmel	FBpp0084520	dmel
OG0000015	FBpp0084449	dmel	FBpp0084521	dmel
OG0000015	FBpp0084449	dmel	FBpp0084522	dmel
OG0000015	FBpp0084449	dmel	FBpp0084523	dmel
OG0000015	FBpp0084450	dmel	FBpp0084519	dmel
OG0000015	FBpp0084450	dmel	FBpp0084520	dmel
OG0000015	FBpp0084450	dmel	FBpp0084521	dmel
OG0000015	FBpp0084450	dmel	FBpp0084522	dmel
OG0000015	FBpp0084450	dmel	FBpp0084523	dmel
OG0000015	FBpp0084519	dmel	FBpp0084520	dmel
OG0000015	FBpp0084519	dmel	FBpp0084521	dmel
OG0000015	FBpp0084519	dmel	FBpp0084522	dmel
OG0000015	FBpp0084519	dmel	FBpp0084523	dmel
OG0000015	FBpp0084520	dmel	FBpp0084521	dmel
OG0000015	FBpp0084520	dmel	FBpp0084522	dmel
OG0000015	FBpp0084520	dmel	FBpp0084523	dmel
OG0000015	FBpp0084521	dmel	FBpp0084522	dmel
OG0000015	FBpp0084521	dmel	FBpp0084523	dmel
OG0000015	FBpp0084522	dmel	FBpp0084523	dmel
OG0000015	FBpp0191618	dsec	FBpp0191619	dsec
OG0000015	FBpp0191618	dsec	FBpp0191620	dsec
OG0000015	FBpp0191618	dsec	FBpp0191621	dsec
OG0000015	FBpp0191618	dsec	FBpp0191622	dsec
OG0000015	FBpp0191618	dsec	FBpp0191624	dsec
OG0000015	FBpp0191618	dsec	FBpp0191625	dsec
OG0000015	FBpp0191618	dsec	FBpp0191626	dsec
OG0000015	FBpp0191618	dsec	FBpp0191627	dsec
OG0000015	FBpp0191619	dsec	FBpp0191620	dsec
OG0000015	FBpp0191619	dsec	FBpp0191621	dsec
OG0000015	FBpp0191619	dsec	FBpp0191622	dsec
OG0000015	FBpp0191619	dsec	FBpp0191624	dsec
OG0000015	FBpp0191619	dsec	FBpp0191625	dsec
OG0000015	FBpp0191619	dsec	FBpp0191626	dsec
OG0000015	FBpp0191619	dsec	FBpp0191627	dsec
OG0000015	FBpp0191620	dsec	FBpp0191621	dsec
OG0000015	FBpp0191620	dsec	FBpp0191622	dsec
OG0000015	FBpp0191620	dsec	FBpp0191624	dsec
OG0000015	FBpp0191620	dsec	FBpp0191625	dsec
OG0000015	FBpp0191620	dsec	FBpp0191626	dsec
OG0000015	FBpp0191620	dsec	FBpp0191627	dsec
OG0000015	FBpp0191621	dsec	FBpp0191622	dsec
OG0000015	FBpp0191621	dsec	FBpp0191624	dsec
OG0000015	FBpp0191621	dsec	FBpp0191625	dsec
OG0000015	FBpp0191621	dsec	FBpp0191626	dsec
OG0000015	FBpp0191621	dsec	FBpp0191627	dsec
OG0000015	FBpp0191622	dsec	FBpp0191624	dsec
OG0000015	FBpp0191622	dsec	FBpp0191625	dsec
OG0000015	FBpp0191622	dsec	FBpp0191626	dsec
OG0000015	FBpp0191622	dsec	FBpp0191627	dsec
OG0000015	FBpp0191624	dsec	FBpp0191625	dsec
OG0000015	FBpp0191624	dsec	FBpp0191626	dsec
OG0000015	FBpp0191624	dsec	FBpp0191627	dsec
OG0000015	FBpp0191625	dsec	FBpp0191626	dsec
OG0000015	FBpp0191625	dsec	FBpp0191627	dsec
OG0000015	FBpp0191626	dsec	FBpp0191627	dsec
OG0000015	FBpp0216502	dsim	FBpp0216503	dsim
OG0000015	FBpp0216502	dsim	FBpp0216504	dsim
OG0000015	FBpp0216502	dsim	FBpp0216506	dsim
OG0000015	FBpp0216502	dsim	FBpp0216507	dsim
OG0000015	FBpp0216502	dsim	FBpp0315859	dsim
OG0000015	FBpp0216502	dsim	FBpp0325986	dsim
OG0000015	FBpp0216503	dsim	FBpp0216504	dsim
OG0000015	FBpp0216503	dsim	FBpp0216506	dsim
OG0000015	FBpp0216503	dsim	FBpp0216507	dsim
OG0000015	FBpp0216503	dsim	FBpp0315859	dsim
OG0000015	FBpp0216503	dsim	FBpp0325986	dsim
OG0000015	FBpp0216504	dsim	FBpp0216506	dsim
OG0000015	FBpp0216504	dsim	FBpp0216507	dsim
OG0000015	FBpp0216504	dsim	FBpp0315859	dsim
OG0000015	FBpp0216504	dsim	FBpp0325986	dsim
OG0000015	FBpp0216506	dsim	FBpp0216507	dsim
OG0000015	FBpp0216506	dsim	FBpp0315859	dsim
OG0000015	FBpp0216506	dsim	FBpp0325986	dsim
OG0000015	FBpp0216507	dsim	FBpp0315859	dsim
OG0000015	FBpp0216507	dsim	FBpp0325986	dsim
OG0000015	FBpp0315859	dsim	FBpp0325986	dsim
OG0000016	FBpp0082041	dmel	FBpp0082043	dmel
OG0000016	FBpp0082041	dmel	FBpp0082044	dmel
OG0000016	FBpp0082041	dmel	FBpp0082045	dmel
OG0000016	FBpp0082041	dmel	FBpp0082046	dmel
OG0000016	FBpp0082041	dmel	FBpp0082077	dmel
OG0000016	FBpp0082041	dmel	FBpp0082078	dmel
OG0000016	FBpp0082043	dmel	FBpp0082044	dmel
OG0000016	FBpp0082043	dmel	FBpp0082045	dmel
OG0000016	FBpp0082043	dmel	FBpp0082046	dmel
OG0000016	FBpp0082043	dmel	FBpp0082077	dmel
OG0000016	FBpp0082043	dmel	FBpp0082078	dmel
OG0000016	FBpp0082044	dmel	FBpp0082045	dmel
OG0000016	FBpp0082044	dmel	FBpp0082046	dmel
OG0000016	FBpp0082044	dmel	FBpp0082077	dmel
OG0000016	FBpp0082044	dmel	FBpp0082078	dmel
OG0000016	FBpp0082045	dmel	FBpp0082046	dmel
OG0000016	FBpp0082045	dmel	FBpp0082077	dmel
OG0000016	FBpp0082045	dmel	FBpp0082078	dmel
OG0000016	FBpp0082046	dmel	FBpp0082077	dmel
OG0000016	FBpp0082046	dmel	FBpp0082078	dmel
OG0000016	FBpp0082077	dmel	FBpp0082078	dmel
OG0000016	FBpp0205492	dsec	FBpp0205495	dsec
OG0000016	FBpp0205492	dsec	FBpp0205497	dsec
OG0000016	FBpp0205492	dsec	FBpp0207496	dsec
OG0000016	FBpp0205492	dsec	FBpp0207498	dsec
OG0000016	FBpp0205495	dsec	FBpp0205496	dsec
OG0000016	FBpp0205495	dsec	FBpp0205497	dsec
OG0000016	FBpp0205495	dsec	FBpp0207496	dsec
OG0000016	FBpp0205495	dsec	FBpp0207498	dsec
OG0000016	FBpp0205496	dsec	FBpp0205497	dsec
OG0000016	FBpp0205496	dsec	FBpp0207496	dsec
OG0000016	FBpp0205496	dsec	FBpp0207498	dsec
OG0000016	FBpp0205497	dsec	FBpp0207496	dsec
OG0000016	FBpp0205497	dsec	FBpp0207498	dsec
OG0000016	FBpp0207496	dsec	FBpp0207498	dsec
OG0000016	FBpp0218979	dsim	FBpp0315149	dsim
OG0000016	FBpp0218979	dsim	FBpp0318897	dsim
OG0000016	FBpp0218979	dsim	FBpp0319035	dsim
OG0000016	FBpp0315149	dsim	FBpp0318897	dsim
OG0000016	FBpp0315149	dsim	FBpp0319035	dsim
OG0000016	FBpp0318897	dsim	FBpp0319035	dsim
OG0000022	FBpp0072524	dmel	FBpp0072526	dmel
OG0000022	FBpp0072524	dmel	FBpp0072527	dmel
OG0000022	FBpp0072524	dmel	FBpp0072529	dmel
OG0000022	FBpp0072524	dmel	FBpp0072530	dmel
OG0000022	FBpp0072524	dmel	FBpp0072533	dmel
OG0000022	FBpp0072526	dmel	FBpp0072527	dmel
OG0000022	FBpp0072526	dmel	FBpp0072529	dmel
OG0000022	FBpp0072526	dmel	FBpp0072530	dmel
OG0000022	FBpp0072526	dmel	FBpp0072533	dmel
OG0000022	FBpp0072527	dmel	FBpp0072529	dmel
OG0000022	FBpp0072527	dmel	FBpp0072530	dmel
OG0000022	FBpp0072527	dmel	FBpp0072533	dmel
OG0000022	FBpp0072529	dmel	FBpp0072530	dmel
OG0000022	FBpp0072529	dmel	FBpp0072533	dmel
OG0000022	FBpp0072530	dmel	FBpp0072533	dmel
OG0000022	FBpp0195706	dsec	FBpp0195855	dsec
OG0000022	FBpp0195706	dsec	FBpp0195857	dsec
OG0000022	FBpp0195706	dsec	FBpp0195859	dsec
OG0000022	FBpp0195855	dsec	FBpp0195857	dsec
OG0000022	FBpp0195855	dsec	FBpp0195859	dsec
OG0000022	FBpp0195857	dsec	FBpp0195859	dsec
OG0000022	FBpp0211895	dsim	FBpp0211995	dsim
OG0000022	FBpp0211895	dsim	FBpp0211996	dsim
OG0000022	FBpp0211895	dsim	FBpp0216019	dsim
OG0000022	FBpp0211895	dsim	FBpp0314094	dsim
OG0000022	FBpp0211895	dsim	FBpp0319699	dsim
OG0000022	FBpp0211895	dsim	FBpp0322087	dsim
OG0000022	FBpp0211895	dsim	FBpp0324482	dsim
OG0000022	FBpp0211995	dsim	FBpp0211996	dsim
OG0000022	FBpp0211995	dsim	FBpp0216019	dsim
OG0000022	FBpp0211995	dsim	FBpp0314094	dsim
OG0000022	FBpp0211995	dsim	FBpp0319699	dsim
OG0000022	FBpp0211995	dsim	FBpp0322087	dsim
OG0000022	FBpp0211995	dsim	FBpp0324482	dsim
OG0000022	FBpp0211996	dsim	FBpp0216019	dsim
OG0000022	FBpp0211996	dsim	FBpp0314094	dsim
OG0000022	FBpp0211996	dsim	FBpp0319699	dsim
OG0000022	FBpp0211996	dsim	FBpp0322087	dsim
OG0000022	FBpp0211996	dsim	FBpp0324482	dsim
OG0000022	FBpp0216019	dsim	FBpp0314094	dsim
OG0000022	FBpp0216019	dsim	FBpp0319699	dsim
OG0000022	FBpp0216019	dsim	FBpp0322087	dsim
OG0000022	FBpp0216019	dsim	FBpp0324482	dsim
OG0000022	FBpp0314094	dsim	FBpp0319699	dsim
OG0000022	FBpp0314094	dsim	FBpp0322087	dsim
OG0000022	FBpp0314094	dsim	FBpp0324482	dsim
OG0000022	FBpp0319699	dsim	FBpp0322087	dsim
OG0000022	FBpp0319699	dsim	FBpp0324482	dsim
OG0000026	FBpp0081799	dmel	FBpp0083741	dmel
OG0000026	FBpp0081799	dmel	FBpp0083743	dmel
OG0000026	FBpp0081799	dmel	FBpp0083744	dmel
OG0000026	FBpp0081799	dmel	FBpp0083745	dmel
OG0000026	FBpp0081799	dmel	FBpp0083746	dmel
OG0000026	FBpp0083741	dmel	FBpp0083743	dmel
OG0000026	FBpp0083741	dmel	FBpp0083744	dmel
OG0000026	FBpp0083741	dmel	FBpp0083745	dmel
OG0000026	FBpp0083741	dmel	FBpp0083746	dmel
OG0000026	FBpp0083743	dmel	FBpp0083744	dmel
OG0000026	FBpp0083743	dmel	FBpp0083745	dmel
OG0000026	FBpp0083743	dmel	FBpp0083746	dmel
OG0000026	FBpp0083744	dmel	FBpp0083745	dmel
OG0000026	FBpp0083744	dmel	FBpp0083746	dmel
OG0000026	FBpp0083745	dmel	FBpp0083746	dmel
OG0000026	FBpp0207642	dsec	FBpp0207643	dsec
OG0000026	FBpp0207642	dsec	FBpp0207960	dsec
OG0000026	FBpp0207642	dsec	FBpp0207962	dsec
OG0000026	FBpp0207642	dsec	FBpp0207963	dsec
OG0000026	FBpp0207642	dsec	FBpp0207964	dsec
OG0000026	FBpp0207642	dsec	FBpp0207965	dsec
OG0000026	FBpp0207643	dsec	FBpp0207960	dsec
OG0000026	FBpp0207643	dsec	FBpp0207962	dsec
OG0000026	FBpp0207643	dsec	FBpp0207963	dsec
OG0000026	FBpp0207643	dsec	FBpp0207964	dsec
OG0000026	FBpp0207643	dsec	FBpp0207965	dsec
OG0000026	FBpp0207960	dsec	FBpp0207962	dsec
OG0000026	FBpp0207960	dsec	FBpp0207963	dsec
OG0000026	FBpp0207960	dsec	FBpp0207964	dsec
OG0000026	FBpp0207960	dsec	FBpp0207965	dsec
OG0000026	FBpp0207962	dsec	FBpp0207963	dsec
OG0000026	FBpp0207962	dsec	FBpp0207964	dsec
OG0000026	FBpp0207962	dsec	FBpp0207965	dsec
OG0000026	FBpp0207963	dsec	FBpp0207964	dsec
OG0000026	FBpp0207963	dsec	FBpp0207965	dsec
OG0000026	FBpp0207964	dsec	FBpp0207965	dsec
OG0000026	FBpp0219119	dsim	FBpp0219398	dsim
OG0000026	FBpp0219119	dsim	FBpp0219400	dsim
OG0000026	FBpp0219119	dsim	FBpp0219401	dsim
OG0000026	FBpp0219119	dsim	FBpp0219402	dsim
OG0000026	FBpp0219119	dsim	FBpp0219403	dsim
OG0000026	FBpp0219119	dsim	FBpp0317280	dsim
OG0000026	FBpp0219398	dsim	FBpp0219400	dsim
OG0000026	FBpp0219398	dsim	FBpp0219401	dsim
OG0000026	FBpp0219398	dsim	FBpp0219402	dsim
OG0000026	FBpp0219398	dsim	FBpp0219403	dsim
OG0000026	FBpp0219398	dsim	FBpp0317280	dsim
OG0000026	FBpp0219400	dsim	FBpp0219401	dsim
OG0000026	FBpp0219400	dsim	FBpp0219402	dsim
OG0000026	FBpp0219400	dsim	FBpp0219403	dsim
OG0000026	FBpp0219400	dsim	FBpp0317280	dsim
OG0000026	FBpp0219401	dsim	FBpp0219402	dsim
OG0000026	FBpp0219401	dsim	FBpp0219403	dsim
OG0000026	FBpp0219401	dsim	FBpp0317280	dsim
OG0000026	FBpp0219402	dsim	FBpp0219403	dsim
OG0000026	FBpp0219402	dsim	FBpp0317280	dsim
OG0000026	FBpp0219403	dsim	FBpp0317280	dsim
OG0000029	FBpp0087223	dmel	FBpp0087224	dmel
OG0000029	FBpp0087223	dmel	FBpp0087225	dmel
OG0000029	FBpp0087223	dmel	FBpp0087254	dmel
OG0000029	FBpp0087223	dmel	FBpp0087255	dmel
OG0000029	FBpp0087223	dmel	FBpp0087256	dmel
OG0000029	FBpp0087223	dmel	FBpp0087257	dmel
OG0000029	FBpp0087224	dmel	FBpp0087225	dmel
OG0000029	FBpp0087224	dmel	FBpp0087254	dmel
OG0000029	FBpp0087224	dmel	FBpp0087255	dmel
OG0000029	FBpp0087224	dmel	FBpp0087256	dmel
OG0000029	FBpp0087224	dmel	FBpp0087257	dmel
OG0000029	FBpp0087225	dmel	FBpp0087254	dmel
OG0000029	FBpp0087225	dmel	FBpp0087255	dmel
OG0000029	FBpp0087225	dmel	FBpp0087256	dmel
OG0000029	FBpp0087225	dmel	FBpp0087257	dmel
OG0000029	FBpp0087254	dmel	FBpp0087255	dmel
OG0000029	FBpp0087254	dmel	FBpp0087256	dmel
OG0000029	FBpp0087254	dmel	FBpp0087257	dmel
OG0000029	FBpp0087255	dmel	FBpp0087256	dmel
OG0000029	FBpp0087255	dmel	FBpp0087257	dmel
OG0000029	FBpp0087256	dmel	FBpp0087257	dmel
OG0000029	FBpp0201916	dsec	FBpp0201917	dsec
OG0000029	FBpp0201916	dsec	FBpp0201918	dsec
OG0000029	FBpp0201917	dsec	FBpp0201918	dsec
OG0000029	FBpp0209195	dsim	FBpp0213793	dsim
OG0000029	FBpp0209195	dsim	FBpp0313350	dsim
OG0000029	FBpp0209195	dsim	FBpp0324178	dsim
OG0000029	FBpp0213793	dsim	FBpp0313350	dsim
OG0000029	FBpp0213793	dsim	FBpp0324178	dsim
OG0000029	FBpp0313350	dsim	FBpp0324178	dsim
OG0000031	FBpp0074699	dmel	FBpp0074701	dmel
OG0000031	FBpp0074699	dmel	FBpp0074752	dmel
OG0000031	FBpp0074699	dmel	FBpp0074754	dmel
OG0000031	FBpp0074699	dmel	FBpp0271914	dmel
OG0000031	FBpp0074699	dmel	FBpp0271917	dmel
OG0000031	FBpp0074699	dmel	FBpp0271919	dmel
OG0000031	FBpp0074701	dmel	FBpp0074752	dmel
OG0000031	FBpp0074701	dmel	FBpp0074754	dmel
OG0000031	FBpp0074701	dmel	FBpp0271914	dmel
OG0000031	FBpp0074701	dmel	FBpp0271917	dmel
OG0000031	FBpp0074701	dmel	FBpp0271919	dmel
OG0000031	FBpp0074752	dmel	FBpp0074754	dmel
OG0000031	FBpp0074752	dmel	FBpp0271914	dmel
OG0000031	FBpp0074752	dmel	FBpp0271917	dmel
OG0000031	FBpp0074752	dmel	FBpp0271919	dmel
OG0000031	FBpp0074754	dmel	FBpp0271914	dmel
OG0000031	FBpp0074754	dmel	FBpp0271917	dmel
OG0000031	FBpp0074754	dmel	FBpp0271919	dmel
OG0000031	FBpp0271914	dmel	FBpp0271917	dmel
OG0000031	FBpp0271914	dmel	FBpp0271919	dmel
OG0000031	FBpp0271917	dmel	FBpp0271919	dmel
OG0000031	FBpp0200124	dsec	FBpp0201002	dsec
OG0000031	FBpp0316334	dsim	FBpp0318278	dsim
OG0000031	FBpp0316334	dsim	FBpp0322958	dsim
OG0000031	FBpp0316334	dsim	FBpp0323429	dsim
OG0000031	FBpp0318278	dsim	FBpp0322958	dsim
OG0000031	FBpp0318278	dsim	FBpp0323429	dsim
OG0000031	FBpp0322958	dsim	FBpp0323429	dsim
OG0000034	FBpp0076730	dmel	FBpp0076764	dmel
OG0000034	FBpp0076730	dmel	FBpp0076765	dmel
OG0000034	FBpp0076730	dmel	FBpp0076766	dmel
OG0000034	FBpp0076730	dmel	FBpp0076767	dmel
OG0000034	FBpp0076730	dmel	FBpp0076769	dmel
OG0000034	FBpp0076730	dmel	FBpp0111379	dmel
OG0000034	FBpp0076764	dmel	FBpp0076765	dmel
OG0000034	FBpp0076764	dmel	FBpp0076766	dmel
OG0000034	FBpp0076764	dmel	FBpp0076767	dmel
OG0000034	FBpp0076764	dmel	FBpp0076769	dmel
OG0000034	FBpp0076764	dmel	FBpp0111379	dmel
OG0000034	FBpp0076765	dmel	FBpp0076766	dmel
OG0000034	FBpp0076765	dmel	FBpp0076767	dmel
OG0000034	FBpp0076765	dmel	FBpp0076769	dmel
OG0000034	FBpp0076765	dmel	FBpp0111379	dmel
OG0000034	FBpp0076766	dmel	FBpp0076767	dmel
OG0000034	FBpp0076766	dmel	FBpp0076769	dmel
OG0000034	FBpp0076766	dmel	FBpp0111379	dmel
OG0000034	FBpp0076767	dmel	FBpp0076769	dmel
OG0000034	FBpp0076767	dmel	FBpp0111379	dmel
OG0000034	FBpp0076769	dmel	FBpp0111379	dmel
OG0000034	FBpp0195339	dsec	FBpp0195342	dsec
OG0000034	FBpp0195339	dsec	FBpp0195343	dsec
OG0000034	FBpp0195339	dsec	FBpp0195345	dsec
OG0000034	FBpp0195342	dsec	FBpp0195343	dsec
OG0000034	FBpp0195342	dsec	FBpp0195345	dsec
OG0000034	FBpp0195343	dsec	FBpp0195345	dsec
OG0000034	FBpp0211547	dsim	FBpp0211555	dsim
OG0000034	FBpp0211547	dsim	FBpp0213355	dsim
OG0000034	FBpp0211547	dsim	FBpp0318419	dsim
OG0000034	FBpp0211555	dsim	FBpp0213355	dsim
OG0000034	FBpp0211555	dsim	FBpp0318419	dsim
OG0000034	FBpp0213355	dsim	FBpp0318419	dsim
OG0000036	FBpp0075509	dmel	FBpp0075529	dmel
OG0000036	FBpp0075509	dmel	FBpp0077132	dmel
OG0000036	FBpp0075509	dmel	FBpp0078048	dmel
OG0000036	FBpp0075509	dmel	FBpp0306251	dmel
OG0000036	FBpp0075529	dmel	FBpp0077132	dmel
OG0000036	FBpp0075529	dmel	FBpp0078048	dmel
OG0000036	FBpp0075529	dmel	FBpp0306251	dmel
OG0000036	FBpp0077132	dmel	FBpp0078048	dmel
OG0000036	FBpp0077132	dmel	FBpp0306251	dmel
OG0000036	FBpp0078048	dmel	FBpp0306251	dmel
OG0000036	FBpp0199639	dsec	FBpp0199640	dsec
OG0000036	FBpp0199639	dsec	FBpp0199955	dsec
OG0000036	FBpp0199639	dsec	FBpp0203615	dsec
OG0000036	FBpp0199639	dsec	FBpp0206043	dsec
OG0000036	FBpp0199639	dsec	FBpp0206920	dsec
OG0000036	FBpp0199640	dsec	FBpp0199955	dsec
OG0000036	FBpp0199640	dsec	FBpp0203615	dsec
OG0000036	FBpp0199640	dsec	FBpp0206043	dsec
OG0000036	FBpp0199640	dsec	FBpp0206920	dsec
OG0000036	FBpp0199955	dsec	FBpp0203615	dsec
OG0000036	FBpp0199955	dsec	FBpp0206043	dsec
OG0000036	FBpp0199955	dsec	FBpp0206920	dsec
OG0000036	FBpp0203615	dsec	FBpp0206043	dsec
OG0000036	FBpp0203615	dsec	FBpp0206920	dsec
OG0000036	FBpp0206043	dsec	FBpp0206920	dsec
OG0000036	FBpp0212872	dsim	FBpp0221174	dsim
OG0000036	FBpp0212872	dsim	FBpp0221175	dsim
OG0000036	FBpp0212872	dsim	FBpp0316504	dsim
OG0000036	FBpp0212872	dsim	FBpp0321253	dsim
OG0000036	FBpp0212872	dsim	FBpp0328190	dsim
OG0000036	FBpp0221174	dsim	FBpp0221175	dsim
OG0000036	FBpp0221174	dsim	FBpp0316504	dsim
OG0000036	FBpp0221174	dsim	FBpp0321253	dsim
OG0000036	FBpp0221174	dsim	FBpp0328190	dsim
OG0000036	FBpp0221175	dsim	FBpp0316504	dsim
OG0000036	FBpp0221175	dsim	FBpp0321253	dsim
OG0000036	FBpp0221175	dsim	FBpp0328190	dsim
OG0000036	FBpp0316504	dsim	FBpp0321253	dsim
OG0000036	FBpp0316504	dsim	FBpp0328190	dsim
OG0000036	FBpp0321253	dsim	FBpp0328190	dsim
OG0000040	FBpp0072260	dmel	FBpp0072261	dmel
OG0000040	FBpp0072260	dmel	FBpp0084710	dmel
OG0000040	FBpp0072260	dmel	FBpp0085748	dmel
OG0000040	FBpp0072260	dmel	FBpp0085749	dmel
OG0000040	FBpp0072261	dmel	FBpp0084710	dmel
OG0000040	FBpp0072261	dmel	FBpp0085748	dmel
OG0000040	FBpp0072261	dmel	FBpp0085749	dmel
OG0000040	FBpp0084710	dmel	FBpp0085748	dmel
OG0000040	FBpp0084710	dmel	FBpp0085749	dmel
OG0000040	FBpp0085748	dmel	FBpp0085749	dmel
OG0000040	FBpp0193304	dsec	FBpp0193305	dsec
OG0000040	FBpp0193304	dsec	FBpp0194229	dsec
OG0000040	FBpp0193304	dsec	FBpp0201322	dsec
OG0000040	FBpp0193304	dsec	FBpp0201323	dsec
OG0000040	FBpp0193305	dsec	FBpp0194229	dsec
OG0000040	FBpp0193305	dsec	FBpp0201322	dsec
OG0000040	FBpp0193305	dsec	FBpp0201323	dsec
OG0000040	FBpp0194229	dsec	FBpp0201322	dsec
OG0000040	FBpp0194229	dsec	FBpp0201323	dsec
OG0000040	FBpp0201322	dsec	FBpp0201323	dsec
OG0000040	FBpp0219801	dsim	FBpp0223349	dsim
OG0000040	FBpp0219801	dsim	FBpp0223350	dsim
OG0000040	FBpp0219801	dsim	FBpp0223351	dsim
OG0000040	FBpp0219801	dsim	FBpp0223736	dsim
OG0000040	FBpp0219801	dsim	FBpp0327044	dsim
OG0000040	FBpp0223349	dsim	FBpp0223350	dsim
OG0000040	FBpp0223349	dsim	FBpp0223351	dsim
OG0000040	FBpp0223349	dsim	FBpp0223736	dsim
OG0000040	FBpp0223349	dsim	FBpp0327044	dsim
OG0000040	FBpp0223350	dsim	FBpp0223351	dsim
OG0000040	FBpp0223350	dsim	FBpp0223736	dsim
OG0000040	FBpp0223350	dsim	FBpp0327044	dsim
OG0000040	FBpp0223351	dsim	FBpp0223736	dsim
OG0000040	FBpp0223351	dsim	FBpp0327044	dsim
OG0000040	FBpp0223736	dsim	FBpp0327044	dsim
OG0000041	FBpp0091001	dmel	FBpp0091022	dmel
OG0000041	FBpp0091001	dmel	FBpp0091037	dmel
OG0000041	FBpp0091001	dmel	FBpp0091042	dmel
OG0000041	FBpp0091001	dmel	FBpp0091043	dmel
OG0000041	FBpp0091022	dmel	FBpp0091037	dmel
OG0000041	FBpp0091022	dmel	FBpp0091042	dmel
OG0000041	FBpp0091022	dmel	FBpp0091043	dmel
OG0000041	FBpp0091037	dmel	FBpp0091042	dmel
OG0000041	FBpp0091037	dmel	FBpp0091043	dmel
OG0000041	FBpp0091042	dmel	FBpp0091043	dmel
OG0000041	FBpp0194205	dsec	FBpp0197382	dsec
OG0000041	FBpp0194205	dsec	FBpp0201829	dsec
OG0000041	FBpp0194205	dsec	FBpp0205336	dsec
OG0000041	FBpp0194205	dsec	FBpp0205337	dsec
OG0000041	FBpp0197382	dsec	FBpp0201829	dsec
OG0000041	FBpp0197382	dsec	FBpp0205336	dsec
OG0000041	FBpp0197382	dsec	FBpp0205337	dsec
OG0000041	FBpp0201829	dsec	FBpp0205336	dsec
OG0000041	FBpp0201829	dsec	FBpp0205337	dsec
OG0000041	FBpp0205336	dsec	FBpp0205337	dsec
OG0000041	FBpp0217070	dsim	FBpp0222393	dsim
OG0000041	FBpp0217070	dsim	FBpp0224233	dsim
OG0000041	FBpp0217070	dsim	FBpp0314006	dsim
OG0000041	FBpp0217070	dsim	FBpp0319686	dsim
OG0000041	FBpp0217070	dsim	FBpp0324876	dsim
OG0000041	FBpp0222393	dsim	FBpp0224233	dsim
OG0000041	FBpp0222393	dsim	FBpp0314006	dsim
OG0000041	FBpp0222393	dsim	FBpp0319686	dsim
OG0000041	FBpp0222393	dsim	FBpp0324876	dsim
OG0000041	FBpp0224233	dsim	FBpp0314006	dsim
OG0000041	FBpp0224233	dsim	FBpp0319686	dsim
OG0000041	FBpp0224233	dsim	FBpp0324876	dsim
OG0000041	FBpp0314006	dsim	FBpp0319686	dsim
OG0000041	FBpp0314006	dsim	FBpp0324876	dsim
OG0000041	FBpp0319686	dsim	FBpp0324876	dsim
OG0000042	FBpp0079296	dmel	FBpp0082074	dmel
OG0000042	FBpp0079296	dmel	FBpp0082779	dmel
OG0000042	FBpp0079296	dmel	FBpp0082780	dmel
OG0000042	FBpp0079296	dmel	FBpp0099966	dmel
OG0000042	FBpp0079296	dmel	FBpp0290087	dmel
OG0000042	FBpp0082074	dmel	FBpp0082779	dmel
OG0000042	FBpp0082074	dmel	FBpp0082780	dmel
OG0000042	FBpp0082074	dmel	FBpp0099966	dmel
OG0000042	FBpp0082074	dmel	FBpp0290087	dmel
OG0000042	FBpp0082779	dmel	FBpp0082780	dmel
OG0000042	FBpp0082779	dmel	FBpp0099966	dmel
OG0000042	FBpp0082779	dmel	FBpp0290087	dmel
OG0000042	FBpp0082780	dmel	FBpp0099966	dmel
OG0000042	FBpp0082780	dmel	FBpp0290087	dmel
OG0000042	FBpp0099966	dmel	FBpp0290087	dmel
OG0000042	FBpp0192530	dsec	FBpp0196649	dsec
OG0000042	FBpp0192530	dsec	FBpp0196650	dsec
OG0000042	FBpp0192530	dsec	FBpp0196651	dsec
OG0000042	FBpp0192530	dsec	FBpp0198522	dsec
OG0000042	FBpp0192530	dsec	FBpp0207492	dsec
OG0000042	FBpp0192530	dsec	FBpp0207493	dsec
OG0000042	FBpp0196649	dsec	FBpp0196650	dsec
OG0000042	FBpp0196649	dsec	FBpp0196651	dsec
OG0000042	FBpp0196649	dsec	FBpp0198522	dsec
OG0000042	FBpp0196649	dsec	FBpp0207492	dsec
OG0000042	FBpp0196649	dsec	FBpp0207493	dsec
OG0000042	FBpp0196650	dsec	FBpp0196651	dsec
OG0000042	FBpp0196650	dsec	FBpp0198522	dsec
OG0000042	FBpp0196650	dsec	FBpp0207492	dsec
OG0000042	FBpp0196650	dsec	FBpp0207493	dsec
OG0000042	FBpp0196651	dsec	FBpp0198522	dsec
OG0000042	FBpp0196651	dsec	FBpp0207492	dsec
OG0000042	FBpp0196651	dsec	FBpp0207493	dsec
OG0000042	FBpp0198522	dsec	FBpp0207492	dsec
OG0000042	FBpp0198522	dsec	FBpp0207493	dsec
OG0000042	FBpp0207492	dsec	FBpp0207493	dsec
OG0000042	FBpp0217516	dsim	FBpp0217517	dsim
OG0000042	FBpp0217516	dsim	FBpp0217518	dsim
OG0000042	FBpp0217516	dsim	FBpp0218975	dsim
OG0000042	FBpp0217516	dsim	FBpp0218976	dsim
OG0000042	FBpp0217516	dsim	FBpp0221955	dsim
OG0000042	FBpp0217517	dsim	FBpp0217518	dsim
OG0000042	FBpp0217517	dsim	FBpp0218975	dsim
OG0000042	FBpp0217517	dsim	FBpp0218976	dsim
OG0000042	FBpp0217517	dsim	FBpp0221955	dsim
OG0000042	FBpp0217518	dsim	FBpp0218975	dsim
OG0000042	FBpp0217518	dsim	FBpp0218976	dsim
OG0000042	FBpp0217518	dsim	FBpp0221955	dsim
OG0000042	FBpp0218975	dsim	FBpp0218976	dsim
OG0000042	FBpp0218975	dsim	FBpp0221955	dsim
OG0000042	FBpp0218976	dsim	FBpp0221955	dsim
OG0000044	FBpp0076733	dmel	FBpp0083204	dmel
OG0000044	FBpp0076733	dmel	FBpp0083208	dmel
OG0000044	FBpp0076733	dmel	FBpp0083209	dmel
OG0000044	FBpp0076733	dmel	FBpp0290125	dmel
OG0000044	FBpp0083204	dmel	FBpp0083208	dmel
OG0000044	FBpp0083204	dmel	FBpp0083209	dmel
OG0000044	FBpp0083204	dmel	FBpp0290125	dmel
OG0000044	FBpp0083208	dmel	FBpp0083209	dmel
OG0000044	FBpp0083208	dmel	FBpp0290125	dmel
OG0000044	FBpp0083209	dmel	FBpp0290125	dmel
OG0000044	FBpp0194613	dsec	FBpp0196201	dsec
OG0000044	FBpp0194613	dsec	FBpp0196202	dsec
OG0000044	FBpp0194613	dsec	FBpp0202352	dsec
OG0000044	FBpp0194613	dsec	FBpp0208339	dsec
OG0000044	FBpp0194613	dsec	FBpp0208372	dsec
OG0000044	FBpp0196201	dsec	FBpp0196202	dsec
OG0000044	FBpp0196201	dsec	FBpp0202352	dsec
OG0000044	FBpp0196201	dsec	FBpp0208339	dsec
OG0000044	FBpp0196201	dsec	FBpp0208372	dsec
OG0000044	FBpp0196202	dsec	FBpp0202352	dsec
OG0000044	FBpp0196202	dsec	FBpp0208339	dsec
OG0000044	FBpp0196202	dsec	FBpp0208372	dsec
OG0000044	FBpp0202352	dsec	FBpp0208339	dsec
OG0000044	FBpp0202352	dsec	FBpp0208372	dsec
OG0000044	FBpp0208339	dsec	FBpp0208372	dsec
OG0000044	FBpp0212306	dsim	FBpp0212308	dsim
OG0000044	FBpp0212306	dsim	FBpp0217715	dsim
OG0000044	FBpp0212306	dsim	FBpp0315419	dsim
OG0000044	FBpp0212308	dsim	FBpp0217715	dsim
OG0000044	FBpp0212308	dsim	FBpp0315419	dsim
OG0000044	FBpp0217715	dsim	FBpp0315419	dsim
OG0000049	FBpp0085935	dmel	FBpp0085937	dmel
OG0000049	FBpp0085935	dmel	FBpp0085938	dmel
OG0000049	FBpp0085935	dmel	FBpp0085939	dmel
OG0000049	FBpp0085935	dmel	FBpp0298013	dmel
OG0000049	FBpp0085937	dmel	FBpp0085938	dmel
OG0000049	FBpp0085937	dmel	FBpp0085939	dmel
OG0000049	FBpp0085937	dmel	FBpp0298013	dmel
OG0000049	FBpp0085938	dmel	FBpp0085939	dmel
OG0000049	FBpp0085938	dmel	FBpp0298013	dmel
OG0000049	FBpp0085939	dmel	FBpp0298013	dmel
OG0000049	FBpp0203337	dsec	FBpp0203338	dsec
OG0000049	FBpp0203337	dsec	FBpp0203339	dsec
OG0000049	FBpp0203337	dsec	FBpp0203340	dsec
OG0000049	FBpp0203338	dsec	FBpp0203339	dsec
OG0000049	FBpp0203338	dsec	FBpp0203340	dsec
OG0000049	FBpp0203339	dsec	FBpp0203340	dsec
OG0000049	FBpp0209759	dsim	FBpp0209760	dsim
OG0000049	FBpp0209759	dsim	FBpp0316683	dsim
OG0000049	FBpp0209759	dsim	FBpp0325527	dsim
OG0000049	FBpp0209759	dsim	FBpp0327607	dsim
OG0000049	FBpp0209760	dsim	FBpp0316683	dsim
OG0000049	FBpp0209760	dsim	FBpp0325527	dsim
OG0000049	FBpp0209760	dsim	FBpp0327607	dsim
OG0000049	FBpp0316683	dsim	FBpp0325527	dsim
OG0000049	FBpp0325527	dsim	FBpp0327607	dsim
OG0000051	FBpp0073917	dmel	FBpp0297551	dmel
OG0000051	FBpp0073917	dmel	FBpp0428157	dmel
OG0000051	FBpp0297551	dmel	FBpp0428157	dmel
OG0000051	FBpp0192253	dsec	FBpp0203084	dsec
OG0000051	FBpp0192253	dsec	FBpp0203916	dsec
OG0000051	FBpp0192253	dsec	FBpp0203983	dsec
OG0000051	FBpp0192253	dsec	FBpp0203984	dsec
OG0000051	FBpp0192253	dsec	FBpp0204041	dsec
OG0000051	FBpp0192583	dsec	FBpp0203084	dsec
OG0000051	FBpp0192583	dsec	FBpp0203916	dsec
OG0000051	FBpp0192583	dsec	FBpp0203983	dsec
OG0000051	FBpp0192583	dsec	FBpp0203984	dsec
OG0000051	FBpp0192583	dsec	FBpp0204041	dsec
OG0000051	FBpp0192667	dsec	FBpp0203084	dsec
OG0000051	FBpp0192667	dsec	FBpp0203916	dsec
OG0000051	FBpp0192667	dsec	FBpp0203983	dsec
OG0000051	FBpp0192667	dsec	FBpp0203984	dsec
OG0000051	FBpp0192667	dsec	FBpp0204041	dsec
OG0000051	FBpp0193224	dsec	FBpp0203084	dsec
OG0000051	FBpp0193224	dsec	FBpp0203916	dsec
OG0000051	FBpp0193224	dsec	FBpp0203983	dsec
OG0000051	FBpp0193224	dsec	FBpp0203984	dsec
OG0000051	FBpp0193224	dsec	FBpp0204041	dsec
OG0000051	FBpp0193420	dsec	FBpp0203084	dsec
OG0000051	FBpp0193420	dsec	FBpp0203916	dsec
OG0000051	FBpp0193420	dsec	FBpp0203983	dsec
OG0000051	FBpp0193420	dsec	FBpp0203984	dsec
OG0000051	FBpp0193420	dsec	FBpp0204041	dsec
OG0000051	FBpp0196526	dsec	FBpp0203084	dsec
OG0000051	FBpp0196526	dsec	FBpp0203916	dsec
OG0000051	FBpp0196526	dsec	FBpp0203983	dsec
OG0000051	FBpp0196526	dsec	FBpp0203984	dsec
OG0000051	FBpp0196526	dsec	FBpp0204041	dsec
OG0000051	FBpp0196601	dsec	FBpp0203084	dsec
OG0000051	FBpp0196601	dsec	FBpp0203916	dsec
OG0000051	FBpp0196601	dsec	FBpp0203983	dsec
OG0000051	FBpp0196601	dsec	FBpp0203984	dsec
OG0000051	FBpp0196601	dsec	FBpp0204041	dsec
OG0000051	FBpp0197713	dsec	FBpp0203084	dsec
OG0000051	FBpp0197713	dsec	FBpp0203916	dsec
OG0000051	FBpp0197713	dsec	FBpp0203983	dsec
OG0000051	FBpp0197713	dsec	FBpp0203984	dsec
OG0000051	FBpp0197713	dsec	FBpp0204041	dsec
OG0000051	FBpp0197741	dsec	FBpp0203084	dsec
OG0000051	FBpp0197741	dsec	FBpp0203916	dsec
OG0000051	FBpp0197741	dsec	FBpp0203983	dsec
OG0000051	FBpp0197741	dsec	FBpp0203984	dsec
OG0000051	FBpp0197741	dsec	FBpp0204041	dsec
OG0000051	FBpp0198370	dsec	FBpp0203084	dsec
OG0000051	FBpp0198370	dsec	FBpp0203916	dsec
OG0000051	FBpp0198370	dsec	FBpp0203983	dsec
OG0000051	FBpp0198370	dsec	FBpp0203984	dsec
OG0000051	FBpp0198370	dsec	FBpp0204041	dsec
OG0000051	FBpp0198405	dsec	FBpp0203084	dsec
OG0000051	FBpp0198405	dsec	FBpp0203916	dsec
OG0000051	FBpp0198405	dsec	FBpp0203983	dsec
OG0000051	FBpp0198405	dsec	FBpp0203984	dsec
OG0000051	FBpp0198405	dsec	FBpp0204041	dsec
OG0000051	FBpp0203084	dsec	FBpp0203916	dsec
OG0000051	FBpp0203084	dsec	FBpp0203983	dsec
OG0000051	FBpp0203084	dsec	FBpp0203984	dsec
OG0000051	FBpp0203084	dsec	FBpp0204041	dsec
OG0000051	FBpp0203916	dsec	FBpp0203983	dsec
OG0000051	FBpp0203916	dsec	FBpp0203984	dsec
OG0000051	FBpp0203916	dsec	FBpp0204041	dsec
OG0000051	FBpp0203983	dsec	FBpp0203984	dsec
OG0000051	FBpp0203983	dsec	FBpp0204041	dsec
OG0000051	FBpp0203984	dsec	FBpp0204041	dsec
OG0000051	FBpp0313886	dsim	FBpp0314205	dsim
OG0000051	FBpp0313886	dsim	FBpp0323101	dsim
OG0000051	FBpp0314205	dsim	FBpp0323101	dsim
OG0000056	FBpp0072470	dmel	FBpp0076796	dmel
OG0000056	FBpp0072470	dmel	FBpp0086111	dmel
OG0000056	FBpp0072470	dmel	FBpp0086113	dmel
OG0000056	FBpp0076796	dmel	FBpp0086111	dmel
OG0000056	FBpp0076796	dmel	FBpp0086113	dmel
OG0000056	FBpp0086111	dmel	FBpp0086113	dmel
OG0000056	FBpp0192624	dsec	FBpp0195758	dsec
OG0000056	FBpp0192624	dsec	FBpp0196188	dsec
OG0000056	FBpp0192624	dsec	FBpp0201459	dsec
OG0000056	FBpp0195038	dsec	FBpp0195758	dsec
OG0000056	FBpp0195038	dsec	FBpp0196188	dsec
OG0000056	FBpp0195038	dsec	FBpp0201459	dsec
OG0000056	FBpp0195133	dsec	FBpp0195758	dsec
OG0000056	FBpp0195133	dsec	FBpp0196188	dsec
OG0000056	FBpp0195133	dsec	FBpp0201459	dsec
OG0000056	FBpp0195134	dsec	FBpp0195758	dsec
OG0000056	FBpp0195134	dsec	FBpp0196188	dsec
OG0000056	FBpp0195134	dsec	FBpp0201459	dsec
OG0000056	FBpp0195758	dsec	FBpp0196188	dsec
OG0000056	FBpp0195758	dsec	FBpp0197652	dsec
OG0000056	FBpp0195758	dsec	FBpp0197653	dsec
OG0000056	FBpp0195758	dsec	FBpp0201459	dsec
OG0000056	FBpp0195758	dsec	FBpp0208130	dsec
OG0000056	FBpp0196188	dsec	FBpp0197652	dsec
OG0000056	FBpp0196188	dsec	FBpp0197653	dsec
OG0000056	FBpp0196188	dsec	FBpp0201459	dsec
OG0000056	FBpp0196188	dsec	FBpp0208130	dsec
OG0000056	FBpp0197652	dsec	FBpp0201459	dsec
OG0000056	FBpp0197653	dsec	FBpp0201459	dsec
OG0000056	FBpp0201459	dsec	FBpp0208130	dsec
OG0000056	FBpp0212295	dsim	FBpp0315920	dsim
OG0000056	FBpp0212295	dsim	FBpp0317769	dsim
OG0000056	FBpp0212295	dsim	FBpp0319767	dsim
OG0000056	FBpp0212295	dsim	FBpp0324199	dsim
OG0000056	FBpp0212295	dsim	FBpp0327394	dsim
OG0000056	FBpp0315920	dsim	FBpp0317769	dsim
OG0000056	FBpp0315920	dsim	FBpp0319767	dsim
OG0000056	FBpp0315920	dsim	FBpp0324199	dsim
OG0000056	FBpp0315920	dsim	FBpp0327394	dsim
OG0000056	FBpp0317769	dsim	FBpp0319767	dsim
OG0000056	FBpp0317769	dsim	FBpp0324199	dsim
OG0000056	FBpp0317769	dsim	FBpp0327394	dsim
OG0000056	FBpp0319767	dsim	FBpp0324199	dsim
OG0000056	FBpp0319767	dsim	FBpp0327394	dsim
OG0000057	FBpp0072177	dmel	FBpp0081524	dmel
OG0000057	FBpp0072177	dmel	FBpp0085721	dmel
OG0000057	FBpp0072177	dmel	FBpp0289838	dmel
OG0000057	FBpp0081524	dmel	FBpp0085721	dmel
OG0000057	FBpp0081524	dmel	FBpp0289838	dmel
OG0000057	FBpp0085721	dmel	FBpp0289838	dmel
OG0000057	FBpp0193329	dsec	FBpp0197779	dsec
OG0000057	FBpp0193329	dsec	FBpp0201305	dsec
OG0000057	FBpp0193329	dsec	FBpp0207737	dsec
OG0000057	FBpp0197779	dsec	FBpp0201305	dsec
OG0000057	FBpp0197779	dsec	FBpp0207737	dsec
OG0000057	FBpp0201305	dsec	FBpp0207737	dsec
OG0000057	FBpp0219200	dsim	FBpp0223721	dsim
OG0000057	FBpp0219200	dsim	FBpp0314991	dsim
OG0000057	FBpp0219200	dsim	FBpp0319110	dsim
OG0000057	FBpp0223721	dsim	FBpp0314991	dsim
OG0000057	FBpp0223721	dsim	FBpp0319110	dsim
OG0000057	FBpp0314991	dsim	FBpp0319110	dsim
OG0000058	FBpp0078691	dmel	FBpp0084868	dmel
OG0000058	FBpp0078691	dmel	FBpp0084878	dmel
OG0000058	FBpp0078691	dmel	FBpp0085014	dmel
OG0000058	FBpp0078691	dmel	FBpp0085052	dmel
OG0000058	FBpp0078691	dmel	FBpp0087783	dmel
OG0000058	FBpp0084868	dmel	FBpp0084878	dmel
OG0000058	FBpp0084868	dmel	FBpp0085014	dmel
OG0000058	FBpp0084868	dmel	FBpp0085052	dmel
OG0000058	FBpp0084868	dmel	FBpp0087783	dmel
OG0000058	FBpp0084878	dmel	FBpp0085014	dmel
OG0000058	FBpp0084878	dmel	FBpp0085052	dmel
OG0000058	FBpp0084878	dmel	FBpp0087783	dmel
OG0000058	FBpp0085014	dmel	FBpp0085052	dmel
OG0000058	FBpp0085014	dmel	FBpp0087783	dmel
OG0000058	FBpp0085052	dmel	FBpp0087783	dmel
OG0000058	FBpp0194316	dsec	FBpp0194360	dsec
OG0000058	FBpp0194316	dsec	FBpp0199534	dsec
OG0000058	FBpp0194316	dsec	FBpp0202533	dsec
OG0000058	FBpp0194360	dsec	FBpp0199534	dsec
OG0000058	FBpp0194360	dsec	FBpp0202533	dsec
OG0000058	FBpp0199534	dsec	FBpp0202533	dsec
OG0000058	FBpp0208992	dsim	FBpp0209885	dsim
OG0000058	FBpp0208992	dsim	FBpp0215448	dsim
OG0000058	FBpp0208992	dsim	FBpp0219924	dsim
OG0000058	FBpp0208992	dsim	FBpp0221079	dsim
OG0000058	FBpp0208992	dsim	FBpp0313302	dsim
OG0000058	FBpp0209885	dsim	FBpp0215448	dsim
OG0000058	FBpp0209885	dsim	FBpp0219924	dsim
OG0000058	FBpp0209885	dsim	FBpp0221079	dsim
OG0000058	FBpp0209885	dsim	FBpp0313302	dsim
OG0000058	FBpp0215448	dsim	FBpp0219924	dsim
OG0000058	FBpp0215448	dsim	FBpp0221079	dsim
OG0000058	FBpp0215448	dsim	FBpp0313302	dsim
OG0000058	FBpp0219924	dsim	FBpp0221079	dsim
OG0000058	FBpp0219924	dsim	FBpp0313302	dsim
OG0000058	FBpp0221079	dsim	FBpp0313302	dsim
OG0000060	FBpp0085853	dmel	FBpp0085854	dmel
OG0000060	FBpp0085853	dmel	FBpp0085855	dmel
OG0000060	FBpp0085853	dmel	FBpp0085856	dmel
OG0000060	FBpp0085853	dmel	FBpp0085857	dmel
OG0000060	FBpp0085854	dmel	FBpp0085855	dmel
OG0000060	FBpp0085854	dmel	FBpp0085856	dmel
OG0000060	FBpp0085854	dmel	FBpp0085857	dmel
OG0000060	FBpp0085855	dmel	FBpp0085856	dmel
OG0000060	FBpp0085855	dmel	FBpp0085857	dmel
OG0000060	FBpp0085856	dmel	FBpp0085857	dmel
OG0000060	FBpp0203356	dsec	FBpp0203357	dsec
OG0000060	FBpp0203356	dsec	FBpp0203358	dsec
OG0000060	FBpp0203356	dsec	FBpp0203359	dsec
OG0000060	FBpp0203357	dsec	FBpp0203358	dsec
OG0000060	FBpp0203357	dsec	FBpp0203359	dsec
OG0000060	FBpp0203358	dsec	FBpp0203359	dsec
OG0000060	FBpp0209775	dsim	FBpp0209776	dsim
OG0000060	FBpp0209775	dsim	FBpp0209777	dsim
OG0000060	FBpp0209775	dsim	FBpp0209778	dsim
OG0000060	FBpp0209775	dsim	FBpp0209779	dsim
OG0000060	FBpp0209776	dsim	FBpp0209777	dsim
OG0000060	FBpp0209776	dsim	FBpp0209778	dsim
OG0000060	FBpp0209776	dsim	FBpp0209779	dsim
OG0000060	FBpp0209777	dsim	FBpp0209778	dsim
OG0000060	FBpp0209777	dsim	FBpp0209779	dsim
OG0000060	FBpp0209778	dsim	FBpp0209779	dsim
OG0000064	FBpp0077183	dmel	FBpp0084278	dmel
OG0000064	FBpp0077183	dmel	FBpp0087929	dmel
OG0000064	FBpp0077183	dmel	FBpp0087930	dmel
OG0000064	FBpp0084278	dmel	FBpp0087929	dmel
OG0000064	FBpp0084278	dmel	FBpp0087930	dmel
OG0000064	FBpp0087929	dmel	FBpp0087930	dmel
OG0000064	FBpp0191742	dsec	FBpp0202471	dsec
OG0000064	FBpp0191742	dsec	FBpp0202472	dsec
OG0000064	FBpp0202471	dsec	FBpp0202472	dsec
OG0000064	FBpp0313610	dsim	FBpp0320474	dsim
OG0000064	FBpp0313610	dsim	FBpp0325517	dsim
OG0000064	FBpp0320474	dsim	FBpp0325517	dsim
OG0000065	FBpp0080249	dmel	FBpp0080250	dmel
OG0000065	FBpp0080249	dmel	FBpp0086417	dmel
OG0000065	FBpp0080249	dmel	FBpp0100028	dmel
OG0000065	FBpp0080249	dmel	FBpp0271804	dmel
OG0000065	FBpp0080249	dmel	FBpp0291690	dmel
OG0000065	FBpp0080249	dmel	FBpp0297783	dmel
OG0000065	FBpp0080250	dmel	FBpp0086417	dmel
OG0000065	FBpp0080250	dmel	FBpp0100028	dmel
OG0000065	FBpp0080250	dmel	FBpp0271804	dmel
OG0000065	FBpp0080250	dmel	FBpp0291690	dmel
OG0000065	FBpp0080250	dmel	FBpp0297783	dmel
OG0000065	FBpp0086417	dmel	FBpp0100028	dmel
OG0000065	FBpp0086417	dmel	FBpp0271804	dmel
OG0000065	FBpp0086417	dmel	FBpp0291690	dmel
OG0000065	FBpp0086417	dmel	FBpp0297783	dmel
OG0000065	FBpp0100028	dmel	FBpp0271804	dmel
OG0000065	FBpp0100028	dmel	FBpp0291690	dmel
OG0000065	FBpp0100028	dmel	FBpp0297783	dmel
OG0000065	FBpp0271804	dmel	FBpp0291690	dmel
OG0000065	FBpp0271804	dmel	FBpp0297783	dmel
OG0000065	FBpp0291690	dmel	FBpp0297783	dmel
OG0000065	FBpp0196153	dsec	FBpp0196163	dsec
OG0000065	FBpp0196153	dsec	FBpp0196174	dsec
OG0000065	FBpp0196153	dsec	FBpp0197437	dsec
OG0000065	FBpp0196153	dsec	FBpp0203108	dsec
OG0000065	FBpp0196153	dsec	FBpp0203109	dsec
OG0000065	FBpp0196153	dsec	FBpp0203110	dsec
OG0000065	FBpp0196153	dsec	FBpp0205721	dsec
OG0000065	FBpp0196153	dsec	FBpp0205722	dsec
OG0000065	FBpp0196163	dsec	FBpp0196174	dsec
OG0000065	FBpp0196163	dsec	FBpp0197437	dsec
OG0000065	FBpp0196163	dsec	FBpp0203108	dsec
OG0000065	FBpp0196163	dsec	FBpp0203109	dsec
OG0000065	FBpp0196163	dsec	FBpp0203110	dsec
OG0000065	FBpp0196163	dsec	FBpp0205721	dsec
OG0000065	FBpp0196163	dsec	FBpp0205722	dsec
OG0000065	FBpp0196174	dsec	FBpp0197437	dsec
OG0000065	FBpp0196174	dsec	FBpp0203108	dsec
OG0000065	FBpp0196174	dsec	FBpp0203109	dsec
OG0000065	FBpp0196174	dsec	FBpp0203110	dsec
OG0000065	FBpp0196174	dsec	FBpp0205721	dsec
OG0000065	FBpp0196174	dsec	FBpp0205722	dsec
OG0000065	FBpp0197437	dsec	FBpp0203108	dsec
OG0000065	FBpp0197437	dsec	FBpp0203109	dsec
OG0000065	FBpp0197437	dsec	FBpp0203110	dsec
OG0000065	FBpp0197437	dsec	FBpp0205721	dsec
OG0000065	FBpp0197437	dsec	FBpp0205722	dsec
OG0000065	FBpp0203108	dsec	FBpp0203109	dsec
OG0000065	FBpp0203108	dsec	FBpp0203110	dsec
OG0000065	FBpp0203108	dsec	FBpp0205721	dsec
OG0000065	FBpp0203108	dsec	FBpp0205722	dsec
OG0000065	FBpp0203109	dsec	FBpp0203110	dsec
OG0000065	FBpp0203109	dsec	FBpp0205721	dsec
OG0000065	FBpp0203109	dsec	FBpp0205722	dsec
OG0000065	FBpp0203110	dsec	FBpp0205721	dsec
OG0000065	FBpp0203110	dsec	FBpp0205722	dsec
OG0000065	FBpp0205721	dsec	FBpp0205722	dsec
OG0000065	FBpp0209535	dsim	FBpp0209537	dsim
OG0000065	FBpp0209535	dsim	FBpp0217435	dsim
OG0000065	FBpp0209535	dsim	FBpp0217436	dsim
OG0000065	FBpp0209535	dsim	FBpp0220387	dsim
OG0000065	FBpp0209535	dsim	FBpp0220389	dsim
OG0000065	FBpp0209535	dsim	FBpp0315435	dsim
OG0000065	FBpp0209535	dsim	FBpp0320047	dsim
OG0000065	FBpp0209535	dsim	FBpp0324661	dsim
OG0000065	FBpp0209537	dsim	FBpp0217435	dsim
OG0000065	FBpp0209537	dsim	FBpp0217436	dsim
OG0000065	FBpp0209537	dsim	FBpp0220387	dsim
OG0000065	FBpp0209537	dsim	FBpp0220389	dsim
OG0000065	FBpp0209537	dsim	FBpp0315435	dsim
OG0000065	FBpp0209537	dsim	FBpp0320047	dsim
OG0000065	FBpp0209537	dsim	FBpp0324661	dsim
OG0000065	FBpp0217435	dsim	FBpp0217436	dsim
OG0000065	FBpp0217435	dsim	FBpp0220387	dsim
OG0000065	FBpp0217435	dsim	FBpp0220389	dsim
OG0000065	FBpp0217435	dsim	FBpp0315435	dsim
OG0000065	FBpp0217435	dsim	FBpp0320047	dsim
OG0000065	FBpp0217435	dsim	FBpp0324661	dsim
OG0000065	FBpp0217436	dsim	FBpp0220387	dsim
OG0000065	FBpp0217436	dsim	FBpp0220389	dsim
OG0000065	FBpp0217436	dsim	FBpp0315435	dsim
OG0000065	FBpp0217436	dsim	FBpp0320047	dsim
OG0000065	FBpp0217436	dsim	FBpp0324661	dsim
OG0000065	FBpp0220387	dsim	FBpp0220389	dsim
OG0000065	FBpp0220387	dsim	FBpp0315435	dsim
OG0000065	FBpp0220387	dsim	FBpp0320047	dsim
OG0000065	FBpp0220387	dsim	FBpp0324661	dsim
OG0000065	FBpp0220389	dsim	FBpp0315435	dsim
OG0000065	FBpp0220389	dsim	FBpp0320047	dsim
OG0000065	FBpp0220389	dsim	FBpp0324661	dsim
OG0000065	FBpp0315435	dsim	FBpp0320047	dsim
OG0000065	FBpp0315435	dsim	FBpp0324661	dsim
OG0000065	FBpp0320047	dsim	FBpp0324661	dsim
OG0000066	FBpp0084553	dmel	FBpp0086585	dmel
OG0000066	FBpp0084553	dmel	FBpp0086586	dmel
OG0000066	FBpp0084553	dmel	FBpp0289405	dmel
OG0000066	FBpp0086585	dmel	FBpp0086586	dmel
OG0000066	FBpp0086585	dmel	FBpp0289405	dmel
OG0000066	FBpp0086586	dmel	FBpp0289405	dmel
OG0000066	FBpp0191870	dsec	FBpp0201644	dsec
OG0000066	FBpp0191870	dsec	FBpp0201646	dsec
OG0000066	FBpp0191870	dsec	FBpp0201647	dsec
OG0000066	FBpp0191870	dsec	FBpp0203058	dsec
OG0000066	FBpp0201644	dsec	FBpp0201646	dsec
OG0000066	FBpp0201644	dsec	FBpp0201647	dsec
OG0000066	FBpp0201644	dsec	FBpp0203058	dsec
OG0000066	FBpp0201646	dsec	FBpp0201647	dsec
OG0000066	FBpp0201646	dsec	FBpp0203058	dsec
OG0000066	FBpp0201647	dsec	FBpp0203058	dsec
OG0000066	FBpp0224047	dsim	FBpp0224049	dsim
OG0000066	FBpp0224047	dsim	FBpp0315040	dsim
OG0000066	FBpp0224047	dsim	FBpp0318022	dsim
OG0000066	FBpp0224049	dsim	FBpp0315040	dsim
OG0000066	FBpp0224049	dsim	FBpp0318022	dsim
OG0000066	FBpp0315040	dsim	FBpp0318022	dsim
OG0000072	FBpp0076746	dmel	FBpp0076749	dmel
OG0000072	FBpp0076746	dmel	FBpp0076776	dmel
OG0000072	FBpp0076749	dmel	FBpp0076776	dmel
OG0000072	FBpp0195354	dsec	FBpp0195355	dsec
OG0000072	FBpp0195354	dsec	FBpp0196215	dsec
OG0000072	FBpp0195354	dsec	FBpp0196218	dsec
OG0000072	FBpp0195355	dsec	FBpp0196215	dsec
OG0000072	FBpp0195355	dsec	FBpp0196218	dsec
OG0000072	FBpp0196215	dsec	FBpp0196218	dsec
OG0000072	FBpp0211561	dsim	FBpp0212322	dsim
OG0000072	FBpp0211561	dsim	FBpp0212325	dsim
OG0000072	FBpp0211561	dsim	FBpp0317353	dsim
OG0000072	FBpp0211561	dsim	FBpp0317636	dsim
OG0000072	FBpp0211561	dsim	FBpp0318483	dsim
OG0000072	FBpp0211561	dsim	FBpp0319460	dsim
OG0000072	FBpp0212322	dsim	FBpp0212325	dsim
OG0000072	FBpp0212322	dsim	FBpp0317353	dsim
OG0000072	FBpp0212322	dsim	FBpp0317636	dsim
OG0000072	FBpp0212322	dsim	FBpp0318483	dsim
OG0000072	FBpp0212322	dsim	FBpp0319460	dsim
OG0000072	FBpp0212325	dsim	FBpp0317353	dsim
OG0000072	FBpp0212325	dsim	FBpp0317636	dsim
OG0000072	FBpp0212325	dsim	FBpp0318483	dsim
OG0000072	FBpp0212325	dsim	FBpp0319460	dsim
OG0000072	FBpp0317353	dsim	FBpp0318483	dsim
OG0000072	FBpp0317353	dsim	FBpp0319460	dsim
OG0000072	FBpp0317636	dsim	FBpp0318483	dsim
OG0000072	FBpp0317636	dsim	FBpp0319460	dsim
OG0000072	FBpp0318483	dsim	FBpp0319460	dsim
OG0000081	FBpp0081813	dmel	FBpp0081814	dmel
OG0000081	FBpp0081813	dmel	FBpp0081854	dmel
OG0000081	FBpp0081814	dmel	FBpp0081854	dmel
OG0000081	FBpp0205395	dsec	FBpp0205396	dsec
OG0000081	FBpp0205395	dsec	FBpp0207608	dsec
OG0000081	FBpp0205396	dsec	FBpp0207608	dsec
OG0000081	FBpp0217133	dsim	FBpp0314544	dsim
OG0000081	FBpp0217133	dsim	FBpp0321874	dsim
OG0000081	FBpp0314544	dsim	FBpp0321874	dsim
OG0000096	FBpp0081827	dmel	FBpp0081833	dmel
OG0000096	FBpp0081827	dmel	FBpp0081838	dmel
OG0000096	FBpp0081833	dmel	FBpp0081838	dmel
OG0000096	FBpp0198350	dsec	FBpp0205404	dsec
OG0000096	FBpp0198350	dsec	FBpp0205411	dsec
OG0000096	FBpp0198350	dsec	FBpp0207587	dsec
OG0000096	FBpp0198350	dsec	FBpp0207591	dsec
OG0000096	FBpp0205404	dsec	FBpp0205411	dsec
OG0000096	FBpp0205404	dsec	FBpp0207587	dsec
OG0000096	FBpp0205404	dsec	FBpp0207591	dsec
OG0000096	FBpp0205411	dsec	FBpp0207587	dsec
OG0000096	FBpp0205411	dsec	FBpp0207591	dsec
OG0000096	FBpp0207587	dsec	FBpp0207591	dsec
OG0000096	FBpp0314184	dsim	FBpp0317437	dsim
OG0000096	FBpp0314184	dsim	FBpp0325856	dsim
OG0000096	FBpp0317437	dsim	FBpp0325856	dsim
OG0000098	FBpp0090984	dmel	FBpp0090985	dmel
OG0000098	FBpp0090984	dmel	FBpp0423070	dmel
OG0000098	FBpp0192063	dsec	FBpp0192074	dsec
OG0000098	FBpp0192063	dsec	FBpp0201010	dsec
OG0000098	FBpp0192074	dsec	FBpp0201010	dsec
OG0000098	FBpp0222308	dsim	FBpp0320550	dsim
OG0000098	FBpp0222308	dsim	FBpp0324177	dsim
OG0000098	FBpp0313919	dsim	FBpp0320550	dsim
OG0000098	FBpp0313919	dsim	FBpp0324177	dsim
OG0000098	FBpp0320550	dsim	FBpp0324177	dsim
OG0000099	FBpp0085850	dmel	FBpp0085851	dmel
OG0000099	FBpp0203351	dsec	FBpp0203352	dsec
OG0000099	FBpp0203351	dsec	FBpp0203355	dsec
OG0000099	FBpp0203352	dsec	FBpp0203355	dsec
OG0000099	FBpp0209772	dsim	FBpp0209774	dsim
OG0000099	FBpp0209772	dsim	FBpp0315945	dsim
OG0000099	FBpp0209772	dsim	FBpp0323308	dsim
OG0000099	FBpp0209774	dsim	FBpp0315945	dsim
OG0000099	FBpp0209774	dsim	FBpp0323308	dsim
OG0000099	FBpp0315945	dsim	FBpp0323308	dsim
OG0000100	FBpp0086581	dmel	FBpp0086582	dmel
OG0000100	FBpp0086581	dmel	FBpp0086583	dmel
OG0000100	FBpp0086581	dmel	FBpp0289404	dmel
OG0000100	FBpp0086582	dmel	FBpp0086583	dmel
OG0000100	FBpp0086582	dmel	FBpp0289404	dmel
OG0000100	FBpp0086583	dmel	FBpp0289404	dmel
OG0000100	FBpp0203055	dsec	FBpp0203056	dsec
OG0000100	FBpp0209485	dsim	FBpp0209489	dsim
OG0000100	FBpp0209485	dsim	FBpp0318326	dsim
OG0000100	FBpp0209489	dsim	FBpp0318326	dsim
OG0000104	FBpp0082209	dmel	FBpp0082211	dmel
OG0000104	FBpp0082209	dmel	FBpp0288476	dmel
OG0000104	FBpp0082211	dmel	FBpp0288476	dmel
OG0000104	FBpp0204910	dsec	FBpp0205574	dsec
OG0000104	FBpp0204910	dsec	FBpp0205575	dsec
OG0000104	FBpp0204910	dsec	FBpp0205577	dsec
OG0000104	FBpp0205574	dsec	FBpp0205575	dsec
OG0000104	FBpp0205574	dsec	FBpp0205577	dsec
OG0000104	FBpp0205575	dsec	FBpp0205577	dsec
OG0000105	FBpp0079857	dmel	FBpp0310542	dmel
OG0000105	FBpp0079857	dmel	FBpp0310819	dmel
OG0000105	FBpp0310540	dmel	FBpp0310542	dmel
OG0000105	FBpp0310540	dmel	FBpp0310819	dmel
OG0000105	FBpp0310542	dmel	FBpp0310819	dmel
OG0000105	FBpp0208005	dsec	FBpp0208079	dsec
OG0000105	FBpp0324600	dsim	FBpp0327142	dsim
OG0000105	FBpp0324600	dsim	FBpp0327156	dsim
OG0000105	FBpp0327142	dsim	FBpp0327156	dsim
OG0000109	FBpp0075218	dmel	FBpp0075220	dmel
OG0000109	FBpp0075218	dmel	FBpp0111683	dmel
OG0000109	FBpp0075220	dmel	FBpp0111683	dmel
OG0000109	FBpp0205909	dsec	FBpp0207082	dsec
OG0000109	FBpp0205909	dsec	FBpp0207085	dsec
OG0000109	FBpp0207082	dsec	FBpp0207085	dsec
OG0000109	FBpp0213015	dsim	FBpp0322197	dsim
OG0000109	FBpp0213015	dsim	FBpp0328373	dsim
OG0000109	FBpp0322197	dsim	FBpp0328373	dsim
OG0000111	FBpp0082439	dmel	FBpp0082440	dmel
OG0000111	FBpp0082439	dmel	FBpp0082441	dmel
OG0000111	FBpp0082440	dmel	FBpp0082441	dmel
OG0000111	FBpp0201093	dsec	FBpp0207319	dsec
OG0000111	FBpp0201093	dsec	FBpp0207320	dsec
OG0000111	FBpp0207310	dsec	FBpp0207319	dsec
OG0000111	FBpp0207310	dsec	FBpp0207320	dsec
OG0000111	FBpp0207318	dsec	FBpp0207319	dsec
OG0000111	FBpp0207318	dsec	FBpp0207320	dsec
OG0000111	FBpp0207319	dsec	FBpp0207320	dsec
OG0000111	FBpp0207319	dsec	FBpp0208146	dsec
OG0000111	FBpp0207319	dsec	FBpp0208147	dsec
OG0000111	FBpp0207320	dsec	FBpp0208146	dsec
OG0000111	FBpp0207320	dsec	FBpp0208147	dsec
OG0000111	FBpp0218814	dsim	FBpp0218815	dsim
OG0000111	FBpp0218814	dsim	FBpp0218816	dsim
OG0000111	FBpp0218815	dsim	FBpp0218816	dsim
OG0000112	FBpp0073791	dmel	FBpp0073800	dmel
OG0000112	FBpp0073791	dmel	FBpp0310796	dmel
OG0000112	FBpp0073800	dmel	FBpp0310796	dmel
OG0000112	FBpp0193493	dsec	FBpp0193503	dsec
OG0000112	FBpp0193493	dsec	FBpp0193505	dsec
OG0000112	FBpp0193503	dsec	FBpp0193505	dsec
OG0000112	FBpp0320110	dsim	FBpp0322250	dsim
OG0000114	FBpp0073064	dmel	FBpp0080316	dmel
OG0000114	FBpp0073064	dmel	FBpp0080318	dmel
OG0000114	FBpp0073064	dmel	FBpp0080557	dmel
OG0000114	FBpp0073064	dmel	FBpp0289585	dmel
OG0000114	FBpp0073064	dmel	FBpp0290124	dmel
OG0000114	FBpp0080316	dmel	FBpp0080318	dmel
OG0000114	FBpp0080316	dmel	FBpp0080557	dmel
OG0000114	FBpp0080316	dmel	FBpp0289585	dmel
OG0000114	FBpp0080316	dmel	FBpp0290124	dmel
OG0000114	FBpp0080318	dmel	FBpp0080557	dmel
OG0000114	FBpp0080318	dmel	FBpp0289585	dmel
OG0000114	FBpp0080318	dmel	FBpp0290124	dmel
OG0000114	FBpp0080557	dmel	FBpp0289585	dmel
OG0000114	FBpp0080557	dmel	FBpp0290124	dmel
OG0000114	FBpp0289585	dmel	FBpp0290124	dmel
OG0000114	FBpp0196100	dsec	FBpp0198604	dsec
OG0000114	FBpp0196100	dsec	FBpp0199406	dsec
OG0000114	FBpp0196100	dsec	FBpp0199665	dsec
OG0000114	FBpp0196100	dsec	FBpp0202192	dsec
OG0000114	FBpp0198604	dsec	FBpp0199406	dsec
OG0000114	FBpp0198604	dsec	FBpp0199665	dsec
OG0000114	FBpp0198604	dsec	FBpp0202192	dsec
OG0000114	FBpp0199406	dsec	FBpp0199665	dsec
OG0000114	FBpp0199406	dsec	FBpp0202192	dsec
OG0000114	FBpp0199665	dsec	FBpp0202192	dsec
OG0000114	FBpp0212213	dsim	FBpp0220270	dsim
OG0000114	FBpp0212213	dsim	FBpp0221197	dsim
OG0000114	FBpp0212213	dsim	FBpp0317468	dsim
OG0000114	FBpp0220270	dsim	FBpp0221197	dsim
OG0000114	FBpp0220270	dsim	FBpp0317468	dsim
OG0000114	FBpp0221197	dsim	FBpp0317468	dsim
OG0000115	FBpp0091005	dmel	FBpp0311814	dmel
OG0000115	FBpp0091005	dmel	FBpp0312384	dmel
OG0000115	FBpp0091005	dmel	FBpp0428225	dmel
OG0000115	FBpp0311814	dmel	FBpp0312384	dmel
OG0000115	FBpp0311814	dmel	FBpp0428225	dmel
OG0000115	FBpp0312384	dmel	FBpp0428225	dmel
OG0000115	FBpp0207070	dsec	FBpp0207071	dsec
OG0000115	FBpp0213005	dsim	FBpp0319629	dsim
OG0000115	FBpp0213005	dsim	FBpp0323193	dsim
OG0000115	FBpp0213005	dsim	FBpp0326263	dsim
OG0000115	FBpp0319629	dsim	FBpp0323193	dsim
OG0000115	FBpp0319629	dsim	FBpp0326263	dsim
OG0000115	FBpp0323193	dsim	FBpp0326263	dsim
OG0000121	FBpp0091159	dmel	FBpp0302635	dmel
OG0000121	FBpp0091159	dmel	FBpp0309011	dmel
OG0000121	FBpp0302635	dmel	FBpp0309011	dmel
OG0000121	FBpp0201637	dsec	FBpp0202349	dsec
OG0000121	FBpp0201637	dsec	FBpp0202925	dsec
OG0000121	FBpp0201637	dsec	FBpp0203036	dsec
OG0000121	FBpp0202349	dsec	FBpp0202925	dsec
OG0000121	FBpp0202349	dsec	FBpp0203036	dsec
OG0000121	FBpp0202925	dsec	FBpp0203036	dsec
OG0000121	FBpp0316923	dsim	FBpp0326278	dsim
OG0000121	FBpp0316923	dsim	FBpp0326727	dsim
OG0000121	FBpp0326278	dsim	FBpp0326727	dsim
OG0000127	FBpp0073944	dmel	FBpp0073987	dmel
OG0000127	FBpp0073944	dmel	FBpp0307691	dmel
OG0000127	FBpp0073987	dmel	FBpp0307691	dmel
OG0000127	FBpp0193158	dsec	FBpp0194462	dsec
OG0000127	FBpp0193158	dsec	FBpp0207623	dsec
OG0000127	FBpp0194462	dsec	FBpp0207623	dsec
OG0000127	FBpp0219101	dsim	FBpp0223228	dsim
OG0000127	FBpp0219101	dsim	FBpp0223229	dsim
OG0000127	FBpp0223228	dsim	FBpp0223229	dsim
OG0000129	FBpp0078996	dmel	FBpp0081754	dmel
OG0000129	FBpp0078996	dmel	FBpp0292970	dmel
OG0000129	FBpp0081754	dmel	FBpp0292970	dmel
OG0000129	FBpp0195211	dsec	FBpp0195226	dsec
OG0000129	FBpp0195211	dsec	FBpp0205373	dsec
OG0000129	FBpp0195226	dsec	FBpp0205373	dsec
OG0000129	FBpp0217110	dsim	FBpp0317370	dsim
OG0000132	FBpp0074067	dmel	FBpp0074069	dmel
OG0000132	FBpp0074067	dmel	FBpp0085094	dmel
OG0000132	FBpp0074069	dmel	FBpp0085094	dmel
OG0000132	FBpp0194395	dsec	FBpp0194866	dsec
OG0000132	FBpp0194395	dsec	FBpp0194867	dsec
OG0000132	FBpp0194866	dsec	FBpp0194867	dsec
OG0000132	FBpp0316017	dsim	FBpp0323295	dsim
OG0000135	FBpp0080742	dmel	FBpp0293179	dmel
OG0000135	FBpp0080742	dmel	FBpp0293181	dmel
OG0000135	FBpp0099709	dmel	FBpp0293179	dmel
OG0000135	FBpp0099709	dmel	FBpp0293181	dmel
OG0000135	FBpp0293179	dmel	FBpp0293181	dmel
OG0000135	FBpp0192276	dsec	FBpp0198818	dsec
OG0000135	FBpp0192276	dsec	FBpp0198819	dsec
OG0000135	FBpp0218175	dsim	FBpp0222602	dsim
OG0000135	FBpp0218175	dsim	FBpp0222603	dsim
OG0000135	FBpp0218175	dsim	FBpp0314725	dsim
OG0000135	FBpp0218175	dsim	FBpp0327945	dsim
OG0000135	FBpp0222602	dsim	FBpp0314725	dsim
OG0000135	FBpp0222602	dsim	FBpp0327945	dsim
OG0000135	FBpp0222603	dsim	FBpp0314725	dsim
OG0000135	FBpp0222603	dsim	FBpp0327945	dsim
OG0000135	FBpp0314725	dsim	FBpp0327945	dsim
OG0000137	FBpp0197753	dsec	FBpp0199715	dsec
OG0000137	FBpp0197753	dsec	FBpp0207475	dsec
OG0000137	FBpp0199715	dsec	FBpp0207475	dsec
OG0000137	FBpp0221245	dsim	FBpp0320353	dsim
OG0000143	FBpp0290223	dmel	FBpp0290224	dmel
OG0000143	FBpp0290223	dmel	FBpp0309225	dmel
OG0000143	FBpp0290224	dmel	FBpp0309225	dmel
OG0000143	FBpp0198705	dsec	FBpp0207055	dsec
OG0000143	FBpp0212992	dsim	FBpp0221974	dsim
OG0000143	FBpp0212992	dsim	FBpp0316106	dsim
OG0000143	FBpp0221974	dsim	FBpp0316106	dsim
OG0000149	FBpp0082969	dmel	FBpp0111645	dmel
OG0000149	FBpp0082969	dmel	FBpp0111646	dmel
OG0000149	FBpp0111645	dmel	FBpp0111646	dmel
OG0000149	FBpp0194376	dsec	FBpp0196756	dsec
OG0000149	FBpp0217605	dsim	FBpp0313176	dsim
OG0000149	FBpp0217605	dsim	FBpp0315708	dsim
OG0000149	FBpp0313176	dsim	FBpp0315708	dsim
OG0000151	FBpp0084196	dmel	FBpp0100074	dmel
OG0000151	FBpp0084196	dmel	FBpp0422605	dmel
OG0000151	FBpp0100074	dmel	FBpp0422605	dmel
OG0000151	FBpp0199306	dsec	FBpp0199307	dsec
OG0000151	FBpp0199306	dsec	FBpp0199308	dsec
OG0000151	FBpp0199306	dsec	FBpp0199310	dsec
OG0000151	FBpp0199307	dsec	FBpp0199308	dsec
OG0000151	FBpp0199307	dsec	FBpp0199310	dsec
OG0000151	FBpp0199308	dsec	FBpp0199310	dsec
OG0000151	FBpp0219599	dsim	FBpp0219601	dsim
OG0000151	FBpp0219599	dsim	FBpp0314674	dsim
OG0000151	FBpp0219599	dsim	FBpp0318035	dsim
OG0000151	FBpp0219599	dsim	FBpp0325293	dsim
OG0000151	FBpp0219601	dsim	FBpp0314674	dsim
OG0000151	FBpp0219601	dsim	FBpp0318035	dsim
OG0000151	FBpp0219601	dsim	FBpp0325293	dsim
OG0000151	FBpp0314674	dsim	FBpp0318035	dsim
OG0000151	FBpp0314674	dsim	FBpp0325293	dsim
OG0000151	FBpp0318035	dsim	FBpp0325293	dsim
OG0000163	FBpp0084061	dmel	FBpp0289395	dmel
OG0000163	FBpp0202908	dsec	FBpp0203971	dsec
OG0000163	FBpp0202908	dsec	FBpp0204958	dsec
OG0000163	FBpp0202918	dsec	FBpp0203971	dsec
OG0000163	FBpp0202918	dsec	FBpp0204958	dsec
OG0000163	FBpp0203971	dsec	FBpp0204958	dsec
OG0000163	FBpp0216690	dsim	FBpp0313133	dsim
OG0000163	FBpp0216690	dsim	FBpp0317917	dsim
OG0000163	FBpp0216690	dsim	FBpp0320743	dsim
OG0000163	FBpp0216690	dsim	FBpp0321611	dsim
OG0000163	FBpp0313133	dsim	FBpp0317917	dsim
OG0000163	FBpp0313133	dsim	FBpp0320743	dsim
OG0000163	FBpp0313133	dsim	FBpp0321611	dsim
OG0000163	FBpp0317917	dsim	FBpp0320743	dsim
OG0000163	FBpp0317917	dsim	FBpp0321611	dsim
OG0000163	FBpp0320743	dsim	FBpp0321611	dsim
OG0000167	FBpp0201582	dsec	FBpp0201583	dsec
OG0000167	FBpp0314323	dsim	FBpp0327225	dsim
OG0000169	FBpp0077274	dmel	FBpp0077275	dmel
OG0000169	FBpp0199887	dsec	FBpp0199888	dsec
OG0000185	FBpp0079253	dmel	FBpp0291992	dmel
OG0000185	FBpp0079253	dmel	FBpp0300177	dmel
OG0000185	FBpp0079253	dmel	FBpp0300178	dmel
OG0000185	FBpp0291992	dmel	FBpp0300177	dmel
OG0000185	FBpp0291992	dmel	FBpp0300178	dmel
OG0000185	FBpp0300177	dmel	FBpp0300178	dmel
OG0000185	FBpp0194619	dsec	FBpp0196854	dsec
OG0000185	FBpp0194619	dsec	FBpp0199736	dsec
OG0000185	FBpp0194619	dsec	FBpp0200767	dsec
OG0000185	FBpp0196854	dsec	FBpp0199736	dsec
OG0000185	FBpp0196854	dsec	FBpp0200767	dsec
OG0000185	FBpp0199736	dsec	FBpp0200767	dsec
OG0000185	FBpp0218645	dsim	FBpp0313271	dsim
OG0000185	FBpp0218645	dsim	FBpp0315589	dsim
OG0000185	FBpp0218645	dsim	FBpp0323029	dsim
OG0000185	FBpp0218645	dsim	FBpp0325381	dsim
OG0000185	FBpp0313271	dsim	FBpp0315589	dsim
OG0000185	FBpp0313271	dsim	FBpp0323029	dsim
OG0000185	FBpp0313271	dsim	FBpp0325381	dsim
OG0000185	FBpp0315589	dsim	FBpp0323029	dsim
OG0000185	FBpp0315589	dsim	FBpp0325381	dsim
OG0000185	FBpp0323029	dsim	FBpp0325381	dsim
OG0000187	FBpp0084234	dmel	FBpp0288491	dmel
OG0000187	FBpp0199206	dsec	FBpp0199207	dsec
OG0000187	FBpp0216614	dsim	FBpp0320798	dsim
OG0000187	FBpp0216614	dsim	FBpp0322895	dsim
OG0000187	FBpp0320798	dsim	FBpp0322895	dsim
OG0000194	FBpp0071296	dmel	FBpp0084383	dmel
OG0000194	FBpp0191798	dsec	FBpp0192853	dsec
OG0000194	FBpp0191798	dsec	FBpp0192854	dsec
OG0000194	FBpp0192853	dsec	FBpp0192854	dsec
OG0000194	FBpp0219684	dsim	FBpp0326509	dsim
OG0000195	FBpp0076699	dmel	FBpp0076700	dmel
OG0000195	FBpp0192548	dsec	FBpp0196236	dsec
OG0000195	FBpp0192548	dsec	FBpp0196237	dsec
OG0000195	FBpp0196236	dsec	FBpp0196237	dsec
OG0000195	FBpp0196236	dsec	FBpp0201155	dsec
OG0000195	FBpp0196237	dsec	FBpp0201155	dsec
OG0000195	FBpp0212340	dsim	FBpp0212341	dsim
OG0000197	FBpp0085931	dmel	FBpp0312614	dmel
OG0000197	FBpp0209750	dsim	FBpp0209751	dsim
OG0000197	FBpp0209750	dsim	FBpp0209752	dsim
OG0000197	FBpp0209750	dsim	FBpp0327839	dsim
OG0000197	FBpp0209751	dsim	FBpp0209752	dsim
OG0000197	FBpp0209752	dsim	FBpp0327839	dsim
OG0000213	FBpp0071243	dmel	FBpp0310736	dmel
OG0000213	FBpp0071243	dmel	FBpp0310744	dmel
OG0000213	FBpp0310736	dmel	FBpp0310744	dmel
OG0000213	FBpp0193138	dsec	FBpp0205273	dsec
OG0000213	FBpp0215342	dsim	FBpp0313288	dsim
OG0000213	FBpp0215342	dsim	FBpp0313973	dsim
OG0000213	FBpp0313288	dsim	FBpp0313973	dsim
OG0000217	FBpp0084646	dmel	FBpp0084647	dmel
OG0000217	FBpp0197852	dsec	FBpp0197853	dsec
OG0000217	FBpp0219770	dsim	FBpp0219771	dsim
OG0000217	FBpp0219770	dsim	FBpp0318465	dsim
OG0000217	FBpp0219771	dsim	FBpp0318465	dsim
OG0000223	FBpp0071595	dmel	FBpp0086780	dmel
OG0000223	FBpp0071595	dmel	FBpp0086782	dmel
OG0000223	FBpp0071595	dmel	FBpp0428453	dmel
OG0000223	FBpp0086780	dmel	FBpp0086782	dmel
OG0000223	FBpp0086780	dmel	FBpp0428453	dmel
OG0000223	FBpp0086782	dmel	FBpp0428453	dmel
OG0000223	FBpp0197172	dsec	FBpp0202557	dsec
OG0000223	FBpp0197172	dsec	FBpp0202943	dsec
OG0000223	FBpp0202557	dsec	FBpp0202943	dsec
OG0000223	FBpp0209017	dsim	FBpp0209367	dsim
OG0000223	FBpp0209017	dsim	FBpp0223576	dsim
OG0000223	FBpp0209367	dsim	FBpp0223576	dsim
OG0000225	FBpp0111438	dmel	FBpp0302543	dmel
OG0000225	FBpp0111438	dmel	FBpp0428094	dmel
OG0000225	FBpp0302543	dmel	FBpp0428094	dmel
OG0000225	FBpp0195073	dsec	FBpp0204058	dsec
OG0000225	FBpp0215643	dsim	FBpp0312901	dsim
OG0000225	FBpp0215643	dsim	FBpp0322196	dsim
OG0000225	FBpp0312901	dsim	FBpp0322196	dsim
OG0000227	FBpp0100168	dmel	FBpp0100169	dmel
OG0000227	FBpp0192857	dsec	FBpp0192868	dsec
OG0000227	FBpp0220622	dsim	FBpp0220623	dsim
OG0000229	FBpp0082113	dmel	FBpp0110078	dmel
OG0000229	FBpp0082113	dmel	FBpp0292848	dmel
OG0000229	FBpp0082113	dmel	FBpp0292849	dmel
OG0000229	FBpp0110078	dmel	FBpp0292848	dmel
OG0000229	FBpp0110078	dmel	FBpp0292849	dmel
OG0000229	FBpp0292848	dmel	FBpp0292849	dmel
OG0000229	FBpp0195084	dsec	FBpp0205524	dsec
OG0000229	FBpp0195084	dsec	FBpp0205526	dsec
OG0000229	FBpp0195084	dsec	FBpp0205527	dsec
OG0000229	FBpp0195084	dsec	FBpp0205528	dsec
OG0000229	FBpp0195084	dsec	FBpp0205529	dsec
OG0000229	FBpp0205524	dsec	FBpp0205526	dsec
OG0000229	FBpp0205524	dsec	FBpp0205527	dsec
OG0000229	FBpp0205524	dsec	FBpp0205528	dsec
OG0000229	FBpp0205524	dsec	FBpp0205529	dsec
OG0000229	FBpp0205526	dsec	FBpp0205527	dsec
OG0000229	FBpp0205526	dsec	FBpp0205528	dsec
OG0000229	FBpp0205526	dsec	FBpp0205529	dsec
OG0000229	FBpp0205527	dsec	FBpp0205528	dsec
OG0000229	FBpp0205527	dsec	FBpp0205529	dsec
OG0000229	FBpp0205528	dsec	FBpp0205529	dsec
OG0000229	FBpp0217249	dsim	FBpp0217250	dsim
OG0000229	FBpp0217249	dsim	FBpp0318438	dsim
OG0000229	FBpp0217249	dsim	FBpp0325900	dsim
OG0000229	FBpp0217250	dsim	FBpp0318438	dsim
OG0000229	FBpp0217250	dsim	FBpp0325900	dsim
OG0000229	FBpp0318438	dsim	FBpp0325900	dsim
OG0000234	FBpp0075125	dmel	FBpp0075192	dmel
OG0000234	FBpp0205896	dsec	FBpp0207091	dsec
OG0000234	FBpp0210892	dsim	FBpp0213021	dsim
OG0000236	FBpp0076949	dmel	FBpp0088641	dmel
OG0000236	FBpp0076949	dmel	FBpp0112618	dmel
OG0000236	FBpp0088641	dmel	FBpp0112618	dmel
OG0000236	FBpp0197566	dsec	FBpp0204113	dsec
OG0000236	FBpp0197566	dsec	FBpp0204692	dsec
OG0000236	FBpp0204113	dsec	FBpp0204692	dsec
OG0000236	FBpp0222836	dsim	FBpp0316652	dsim
OG0000239	FBpp0083982	dmel	FBpp0083983	dmel
OG0000239	FBpp0208056	dsec	FBpp0208057	dsec
OG0000239	FBpp0208056	dsec	FBpp0208058	dsec
OG0000239	FBpp0208057	dsec	FBpp0208058	dsec
OG0000239	FBpp0219484	dsim	FBpp0321408	dsim
OG0000250	FBpp0198333	dsec	FBpp0204114	dsec
OG0000250	FBpp0198333	dsec	FBpp0204542	dsec
OG0000250	FBpp0198333	dsec	FBpp0204543	dsec
OG0000250	FBpp0198333	dsec	FBpp0204544	dsec
OG0000250	FBpp0198333	dsec	FBpp0204545	dsec
OG0000250	FBpp0203548	dsec	FBpp0204114	dsec
OG0000250	FBpp0203548	dsec	FBpp0204542	dsec
OG0000250	FBpp0203548	dsec	FBpp0204543	dsec
OG0000250	FBpp0203548	dsec	FBpp0204544	dsec
OG0000250	FBpp0203548	dsec	FBpp0204545	dsec
OG0000250	FBpp0204114	dsec	FBpp0204542	dsec
OG0000250	FBpp0204114	dsec	FBpp0204543	dsec
OG0000250	FBpp0204114	dsec	FBpp0204544	dsec
OG0000250	FBpp0204114	dsec	FBpp0204545	dsec
OG0000250	FBpp0204542	dsec	FBpp0204543	dsec
OG0000250	FBpp0204542	dsec	FBpp0204544	dsec
OG0000250	FBpp0204542	dsec	FBpp0204545	dsec
OG0000250	FBpp0204543	dsec	FBpp0204544	dsec
OG0000250	FBpp0204543	dsec	FBpp0204545	dsec
OG0000250	FBpp0204544	dsec	FBpp0204545	dsec
OG0000250	FBpp0324241	dsim	FBpp0327174	dsim
OG0000256	FBpp0075461	dmel	FBpp0085615	dmel
OG0000256	FBpp0198337	dsec	FBpp0201272	dsec
OG0000256	FBpp0198337	dsec	FBpp0206945	dsec
OG0000256	FBpp0201272	dsec	FBpp0206945	dsec
OG0000256	FBpp0212893	dsim	FBpp0323033	dsim
OG0000260	FBpp0082224	dmel	FBpp0082229	dmel
OG0000260	FBpp0082224	dmel	FBpp0310800	dmel
OG0000260	FBpp0082229	dmel	FBpp0310800	dmel
OG0000260	FBpp0205584	dsec	FBpp0207417	dsec
OG0000260	FBpp0217309	dsim	FBpp0218903	dsim
OG0000260	FBpp0217309	dsim	FBpp0318454	dsim
OG0000260	FBpp0218903	dsim	FBpp0318454	dsim
OG0000263	FBpp0200352	dsec	FBpp0200353	dsec
OG0000263	FBpp0200352	dsec	FBpp0200354	dsec
OG0000263	FBpp0200352	dsec	FBpp0204978	dsec
OG0000263	FBpp0200353	dsec	FBpp0200354	dsec
OG0000263	FBpp0200353	dsec	FBpp0204978	dsec
OG0000263	FBpp0200354	dsec	FBpp0204978	dsec
OG0000267	FBpp0073670	dmel	FBpp0111393	dmel
OG0000267	FBpp0198260	dsec	FBpp0199067	dsec
OG0000267	FBpp0319861	dsim	FBpp0325762	dsim
OG0000270	FBpp0080224	dmel	FBpp0080253	dmel
OG0000270	FBpp0080224	dmel	FBpp0080393	dmel
OG0000270	FBpp0080224	dmel	FBpp0290954	dmel
OG0000270	FBpp0080253	dmel	FBpp0080393	dmel
OG0000270	FBpp0080253	dmel	FBpp0290954	dmel
OG0000270	FBpp0080393	dmel	FBpp0290954	dmel
OG0000270	FBpp0196194	dsec	FBpp0197187	dsec
OG0000270	FBpp0196194	dsec	FBpp0200146	dsec
OG0000270	FBpp0197187	dsec	FBpp0200146	dsec
OG0000270	FBpp0220395	dsim	FBpp0222374	dsim
OG0000270	FBpp0220395	dsim	FBpp0222456	dsim
OG0000270	FBpp0222374	dsim	FBpp0222456	dsim
OG0000275	FBpp0084666	dmel	FBpp0112410	dmel
OG0000275	FBpp0192208	dsec	FBpp0197773	dsec
OG0000275	FBpp0318337	dsim	FBpp0319373	dsim
OG0000275	FBpp0318337	dsim	FBpp0324462	dsim
OG0000275	FBpp0319373	dsim	FBpp0324462	dsim
OG0000276	FBpp0091011	dmel	FBpp0091039	dmel
OG0000276	FBpp0207609	dsec	FBpp0207842	dsec
OG0000276	FBpp0213514	dsim	FBpp0219290	dsim
OG0000276	FBpp0213514	dsim	FBpp0222172	dsim
OG0000276	FBpp0219290	dsim	FBpp0222172	dsim
OG0000284	FBpp0075095	dmel	FBpp0084295	dmel
OG0000284	FBpp0075095	dmel	FBpp0084296	dmel
OG0000284	FBpp0075095	dmel	FBpp0288643	dmel
OG0000284	FBpp0084295	dmel	FBpp0084296	dmel
OG0000284	FBpp0084296	dmel	FBpp0288643	dmel
OG0000284	FBpp0191696	dsec	FBpp0191697	dsec
OG0000284	FBpp0191696	dsec	FBpp0191698	dsec
OG0000284	FBpp0191696	dsec	FBpp0207143	dsec
OG0000284	FBpp0191697	dsec	FBpp0191698	dsec
OG0000284	FBpp0191697	dsec	FBpp0207143	dsec
OG0000284	FBpp0191698	dsec	FBpp0207143	dsec
OG0000284	FBpp0213075	dsim	FBpp0216572	dsim
OG0000284	FBpp0213075	dsim	FBpp0216573	dsim
OG0000284	FBpp0216572	dsim	FBpp0216573	dsim
OG0000285	FBpp0112298	dmel	FBpp0290685	dmel
OG0000285	FBpp0191700	dsec	FBpp0191702	dsec
OG0000285	FBpp0191700	dsec	FBpp0199329	dsec
OG0000285	FBpp0191702	dsec	FBpp0199329	dsec
OG0000285	FBpp0313509	dsim	FBpp0325713	dsim
OG0000290	FBpp0071364	dmel	FBpp0307845	dmel
OG0000290	FBpp0313736	dsim	FBpp0313951	dsim
OG0000295	FBpp0076691	dmel	FBpp0303373	dmel
OG0000295	FBpp0196270	dsec	FBpp0200222	dsec
OG0000295	FBpp0196270	dsec	FBpp0204567	dsec
OG0000295	FBpp0196270	dsec	FBpp0206603	dsec
OG0000295	FBpp0200222	dsec	FBpp0206603	dsec
OG0000295	FBpp0204567	dsec	FBpp0206603	dsec
OG0000295	FBpp0212367	dsim	FBpp0212564	dsim
OG0000296	FBpp0086905	dmel	FBpp0308250	dmel
OG0000296	FBpp0201797	dsec	FBpp0202913	dsec
OG0000296	FBpp0209336	dsim	FBpp0317238	dsim
OG0000303	FBpp0072547	dmel	FBpp0099861	dmel
OG0000303	FBpp0194660	dsec	FBpp0195866	dsec
OG0000303	FBpp0194660	dsec	FBpp0195868	dsec
OG0000303	FBpp0194661	dsec	FBpp0195866	dsec
OG0000303	FBpp0194661	dsec	FBpp0195868	dsec
OG0000303	FBpp0194662	dsec	FBpp0195866	dsec
OG0000303	FBpp0194662	dsec	FBpp0195868	dsec
OG0000303	FBpp0195866	dsec	FBpp0195868	dsec
OG0000303	FBpp0212000	dsim	FBpp0212001	dsim
OG0000307	FBpp0085613	dmel	FBpp0086175	dmel
OG0000307	FBpp0201270	dsec	FBpp0203199	dsec
OG0000307	FBpp0223687	dsim	FBpp0323787	dsim
OG0000307	FBpp0223687	dsim	FBpp0325978	dsim
OG0000307	FBpp0323787	dsim	FBpp0325978	dsim
OG0000310	FBpp0087354	dmel	FBpp0087356	dmel
OG0000310	FBpp0087354	dmel	FBpp0087406	dmel
OG0000310	FBpp0087356	dmel	FBpp0087406	dmel
OG0000310	FBpp0202001	dsec	FBpp0202690	dsec
OG0000310	FBpp0202001	dsec	FBpp0202693	dsec
OG0000310	FBpp0202690	dsec	FBpp0202693	dsec
OG0000310	FBpp0315805	dsim	FBpp0323692	dsim
OG0000313	FBpp0085846	dmel	FBpp0085848	dmel
OG0000313	FBpp0085846	dmel	FBpp0085906	dmel
OG0000313	FBpp0085848	dmel	FBpp0085906	dmel
OG0000313	FBpp0201386	dsec	FBpp0203349	dsec
OG0000313	FBpp0209768	dsim	FBpp0223797	dsim
OG0000314	FBpp0071633	dmel	FBpp0071764	dmel
OG0000314	FBpp0071633	dmel	FBpp0071772	dmel
OG0000314	FBpp0071633	dmel	FBpp0298043	dmel
OG0000314	FBpp0071764	dmel	FBpp0071772	dmel
OG0000314	FBpp0071764	dmel	FBpp0298043	dmel
OG0000314	FBpp0071772	dmel	FBpp0298043	dmel
OG0000314	FBpp0197119	dsec	FBpp0197342	dsec
OG0000314	FBpp0197119	dsec	FBpp0197399	dsec
OG0000314	FBpp0197119	dsec	FBpp0197407	dsec
OG0000314	FBpp0197119	dsec	FBpp0204761	dsec
OG0000314	FBpp0197119	dsec	FBpp0204775	dsec
OG0000314	FBpp0197342	dsec	FBpp0197399	dsec
OG0000314	FBpp0197342	dsec	FBpp0197407	dsec
OG0000314	FBpp0197342	dsec	FBpp0204761	dsec
OG0000314	FBpp0197342	dsec	FBpp0204775	dsec
OG0000314	FBpp0197399	dsec	FBpp0197407	dsec
OG0000314	FBpp0197399	dsec	FBpp0204761	dsec
OG0000314	FBpp0197399	dsec	FBpp0204775	dsec
OG0000314	FBpp0197407	dsec	FBpp0204761	dsec
OG0000314	FBpp0197407	dsec	FBpp0204775	dsec
OG0000314	FBpp0210028	dsim	FBpp0223533	dsim
OG0000314	FBpp0210028	dsim	FBpp0316686	dsim
OG0000314	FBpp0210028	dsim	FBpp0324121	dsim
OG0000314	FBpp0210028	dsim	FBpp0326358	dsim
OG0000314	FBpp0223533	dsim	FBpp0316686	dsim
OG0000314	FBpp0223533	dsim	FBpp0324121	dsim
OG0000314	FBpp0223533	dsim	FBpp0326358	dsim
OG0000314	FBpp0316686	dsim	FBpp0324121	dsim
OG0000314	FBpp0316686	dsim	FBpp0326358	dsim
OG0000314	FBpp0324121	dsim	FBpp0326358	dsim
OG0000323	FBpp0072636	dmel	FBpp0111773	dmel
OG0000323	FBpp0195905	dsec	FBpp0207154	dsec
OG0000323	FBpp0314429	dsim	FBpp0325099	dsim
OG0000324	FBpp0292391	dmel	FBpp0303008	dmel
OG0000324	FBpp0198699	dsec	FBpp0198702	dsec
OG0000324	FBpp0320443	dsim	FBpp0324922	dsim
OG0000337	FBpp0085145	dmel	FBpp0304140	dmel
OG0000337	FBpp0194416	dsec	FBpp0197581	dsec
OG0000337	FBpp0194416	dsec	FBpp0200714	dsec
OG0000337	FBpp0197581	dsec	FBpp0200714	dsec
OG0000337	FBpp0219976	dsim	FBpp0325112	dsim
OG0000342	FBpp0200200	dsec	FBpp0204400	dsec
OG0000342	FBpp0200200	dsec	FBpp0204401	dsec
OG0000342	FBpp0200201	dsec	FBpp0204400	dsec
OG0000342	FBpp0200201	dsec	FBpp0204401	dsec
OG0000342	FBpp0204400	dsec	FBpp0204401	dsec
OG0000345	FBpp0196353	dsec	FBpp0196354	dsec
OG0000345	FBpp0196353	dsec	FBpp0196355	dsec
OG0000345	FBpp0196353	dsec	FBpp0196356	dsec
OG0000345	FBpp0196354	dsec	FBpp0196355	dsec
OG0000345	FBpp0196354	dsec	FBpp0196356	dsec
OG0000345	FBpp0196355	dsec	FBpp0196356	dsec
OG0000345	FBpp0318376	dsim	FBpp0318731	dsim
OG0000348	FBpp0203262	dsec	FBpp0203263	dsec
OG0000348	FBpp0203262	dsec	FBpp0203265	dsec
OG0000348	FBpp0203263	dsec	FBpp0203265	dsec
OG0000378	FBpp0079525	dmel	FBpp0085633	dmel
OG0000378	FBpp0192336	dsec	FBpp0192337	dsec
OG0000378	FBpp0192336	dsec	FBpp0199371	dsec
OG0000378	FBpp0192336	dsec	FBpp0201285	dsec
OG0000378	FBpp0192336	dsec	FBpp0201286	dsec
OG0000378	FBpp0192337	dsec	FBpp0199371	dsec
OG0000378	FBpp0192337	dsec	FBpp0201285	dsec
OG0000378	FBpp0192337	dsec	FBpp0201286	dsec
OG0000378	FBpp0199371	dsec	FBpp0201285	dsec
OG0000378	FBpp0199371	dsec	FBpp0201286	dsec
OG0000378	FBpp0201285	dsec	FBpp0201286	dsec
OG0000378	FBpp0218244	dsim	FBpp0223705	dsim
OG0000378	FBpp0218244	dsim	FBpp0321316	dsim
OG0000378	FBpp0223705	dsim	FBpp0321316	dsim
OG0000387	FBpp0087410	dmel	FBpp0087411	dmel
OG0000387	FBpp0087410	dmel	FBpp0087412	dmel
OG0000387	FBpp0087411	dmel	FBpp0087412	dmel
OG0000387	FBpp0202005	dsec	FBpp0202006	dsec
OG0000387	FBpp0319000	dsim	FBpp0320686	dsim
OG0000387	FBpp0319000	dsim	FBpp0323060	dsim
OG0000387	FBpp0320686	dsim	FBpp0323060	dsim
OG0000388	FBpp0073278	dmel	FBpp0073281	dmel
OG0000388	FBpp0192763	dsec	FBpp0192764	dsec
OG0000388	FBpp0214415	dsim	FBpp0314405	dsim
OG0000393	FBpp0073868	dmel	FBpp0073878	dmel
OG0000393	FBpp0204017	dsec	FBpp0204038	dsec
OG0000394	FBpp0080913	dmel	FBpp0080914	dmel
OG0000394	FBpp0080913	dmel	FBpp0291150	dmel
OG0000394	FBpp0080913	dmel	FBpp0293369	dmel
OG0000394	FBpp0080913	dmel	FBpp0293416	dmel
OG0000394	FBpp0080914	dmel	FBpp0291150	dmel
OG0000394	FBpp0080914	dmel	FBpp0293369	dmel
OG0000394	FBpp0080914	dmel	FBpp0293416	dmel
OG0000394	FBpp0291150	dmel	FBpp0293369	dmel
OG0000394	FBpp0291150	dmel	FBpp0293416	dmel
OG0000394	FBpp0293369	dmel	FBpp0293416	dmel
OG0000394	FBpp0204832	dsec	FBpp0204833	dsec
OG0000394	FBpp0204832	dsec	FBpp0204834	dsec
OG0000394	FBpp0204833	dsec	FBpp0204834	dsec
OG0000394	FBpp0222667	dsim	FBpp0222671	dsim
OG0000394	FBpp0222667	dsim	FBpp0313370	dsim
OG0000394	FBpp0222667	dsim	FBpp0317543	dsim
OG0000394	FBpp0222667	dsim	FBpp0324299	dsim
OG0000394	FBpp0222667	dsim	FBpp0327664	dsim
OG0000394	FBpp0222671	dsim	FBpp0313370	dsim
OG0000394	FBpp0222671	dsim	FBpp0317543	dsim
OG0000394	FBpp0222671	dsim	FBpp0324299	dsim
OG0000394	FBpp0222671	dsim	FBpp0327664	dsim
OG0000394	FBpp0313370	dsim	FBpp0317543	dsim
OG0000394	FBpp0313370	dsim	FBpp0324299	dsim
OG0000394	FBpp0313370	dsim	FBpp0327664	dsim
OG0000394	FBpp0317543	dsim	FBpp0324299	dsim
OG0000394	FBpp0317543	dsim	FBpp0327664	dsim
OG0000394	FBpp0324299	dsim	FBpp0327664	dsim
OG0000398	FBpp0081641	dmel	FBpp0110435	dmel
OG0000398	FBpp0204901	dsec	FBpp0207692	dsec
OG0000398	FBpp0317997	dsim	FBpp0323936	dsim
OG0000399	FBpp0076701	dmel	FBpp0076702	dmel
OG0000399	FBpp0196238	dsec	FBpp0196240	dsec
OG0000399	FBpp0196238	dsec	FBpp0196241	dsec
OG0000399	FBpp0196238	dsec	FBpp0201156	dsec
OG0000399	FBpp0196238	dsec	FBpp0201157	dsec
OG0000399	FBpp0196240	dsec	FBpp0196241	dsec
OG0000399	FBpp0196240	dsec	FBpp0201156	dsec
OG0000399	FBpp0196240	dsec	FBpp0201157	dsec
OG0000399	FBpp0196241	dsec	FBpp0201156	dsec
OG0000399	FBpp0196241	dsec	FBpp0201157	dsec
OG0000399	FBpp0212342	dsim	FBpp0212343	dsim
OG0000399	FBpp0212342	dsim	FBpp0315556	dsim
OG0000399	FBpp0212342	dsim	FBpp0322708	dsim
OG0000399	FBpp0212342	dsim	FBpp0328054	dsim
OG0000399	FBpp0212343	dsim	FBpp0315556	dsim
OG0000399	FBpp0212343	dsim	FBpp0322708	dsim
OG0000399	FBpp0212343	dsim	FBpp0328054	dsim
OG0000402	FBpp0193303	dsec	FBpp0199029	dsec
OG0000402	FBpp0193303	dsec	FBpp0199032	dsec
OG0000402	FBpp0193303	dsec	FBpp0199033	dsec
OG0000402	FBpp0193303	dsec	FBpp0199034	dsec
OG0000402	FBpp0193303	dsec	FBpp0199047	dsec
OG0000402	FBpp0199029	dsec	FBpp0199032	dsec
OG0000402	FBpp0199029	dsec	FBpp0199033	dsec
OG0000402	FBpp0199029	dsec	FBpp0199034	dsec
OG0000402	FBpp0199029	dsec	FBpp0199047	dsec
OG0000402	FBpp0199032	dsec	FBpp0199033	dsec
OG0000402	FBpp0199032	dsec	FBpp0199034	dsec
OG0000402	FBpp0199032	dsec	FBpp0199047	dsec
OG0000402	FBpp0199033	dsec	FBpp0199034	dsec
OG0000402	FBpp0199033	dsec	FBpp0199047	dsec
OG0000402	FBpp0199034	dsec	FBpp0199047	dsec
OG0000402	FBpp0214262	dsim	FBpp0315208	dsim
OG0000402	FBpp0214262	dsim	FBpp0323062	dsim
OG0000402	FBpp0214262	dsim	FBpp0324888	dsim
OG0000402	FBpp0214262	dsim	FBpp0328617	dsim
OG0000402	FBpp0315208	dsim	FBpp0323062	dsim
OG0000402	FBpp0315208	dsim	FBpp0324888	dsim
OG0000402	FBpp0315208	dsim	FBpp0328617	dsim
OG0000402	FBpp0323062	dsim	FBpp0324888	dsim
OG0000402	FBpp0323062	dsim	FBpp0328617	dsim
OG0000402	FBpp0324888	dsim	FBpp0328617	dsim
OG0000403	FBpp0072767	dmel	FBpp0085636	dmel
OG0000403	FBpp0195963	dsec	FBpp0203459	dsec
OG0000403	FBpp0195963	dsec	FBpp0204680	dsec
OG0000403	FBpp0203459	dsec	FBpp0204680	dsec
OG0000403	FBpp0209882	dsim	FBpp0212084	dsim
OG0000409	FBpp0087827	dmel	FBpp0087828	dmel
OG0000409	FBpp0202512	dsec	FBpp0202513	dsec
OG0000409	FBpp0312923	dsim	FBpp0313500	dsim
OG0000413	FBpp0309421	dmel	FBpp0309422	dmel
OG0000413	FBpp0309421	dmel	FBpp0309423	dmel
OG0000413	FBpp0309422	dmel	FBpp0309423	dmel
OG0000413	FBpp0201361	dsec	FBpp0201362	dsec
OG0000413	FBpp0316223	dsim	FBpp0318192	dsim
OG0000413	FBpp0316223	dsim	FBpp0328744	dsim
OG0000413	FBpp0318192	dsim	FBpp0328744	dsim
OG0000414	FBpp0086501	dmel	FBpp0086503	dmel
OG0000414	FBpp0086501	dmel	FBpp0423081	dmel
OG0000414	FBpp0086503	dmel	FBpp0423081	dmel
OG0000414	FBpp0197503	dsec	FBpp0203077	dsec
OG0000414	FBpp0197503	dsec	FBpp0203078	dsec
OG0000414	FBpp0203077	dsec	FBpp0203078	dsec
OG0000414	FBpp0209508	dsim	FBpp0210178	dsim
OG0000414	FBpp0209508	dsim	FBpp0315875	dsim
OG0000414	FBpp0210178	dsim	FBpp0315875	dsim
OG0000415	FBpp0086682	dmel	FBpp0312132	dmel
OG0000415	FBpp0203014	dsec	FBpp0203015	dsec
OG0000415	FBpp0209449	dsim	FBpp0209450	dsim
OG0000418	FBpp0078701	dmel	FBpp0078703	dmel
OG0000418	FBpp0078701	dmel	FBpp0289683	dmel
OG0000418	FBpp0078703	dmel	FBpp0289683	dmel
OG0000418	FBpp0200019	dsec	FBpp0200020	dsec
OG0000418	FBpp0221734	dsim	FBpp0316312	dsim
OG0000418	FBpp0221734	dsim	FBpp0319833	dsim
OG0000418	FBpp0316312	dsim	FBpp0319833	dsim
OG0000427	FBpp0080422	dmel	FBpp0289246	dmel
OG0000427	FBpp0198657	dsec	FBpp0198658	dsec
OG0000427	FBpp0198657	dsec	FBpp0199421	dsec
OG0000427	FBpp0198657	dsec	FBpp0207970	dsec
OG0000427	FBpp0198658	dsec	FBpp0199421	dsec
OG0000427	FBpp0198658	dsec	FBpp0207970	dsec
OG0000427	FBpp0199421	dsec	FBpp0207970	dsec
OG0000427	FBpp0326950	dsim	FBpp0327612	dsim
OG0000431	FBpp0079243	dmel	FBpp0080979	dmel
OG0000431	FBpp0079243	dmel	FBpp0289586	dmel
OG0000431	FBpp0080979	dmel	FBpp0289586	dmel
OG0000431	FBpp0194595	dsec	FBpp0194598	dsec
OG0000431	FBpp0194595	dsec	FBpp0202381	dsec
OG0000431	FBpp0194598	dsec	FBpp0202381	dsec
OG0000431	FBpp0208834	dsim	FBpp0326805	dsim
OG0000438	FBpp0088502	dmel	FBpp0312297	dmel
OG0000438	FBpp0192193	dsec	FBpp0196532	dsec
OG0000438	FBpp0217790	dsim	FBpp0218093	dsim
OG0000441	FBpp0073686	dmel	FBpp0080227	dmel
OG0000441	FBpp0196239	dsec	FBpp0198029	dsec
OG0000441	FBpp0196239	dsec	FBpp0199126	dsec
OG0000441	FBpp0198029	dsec	FBpp0199126	dsec
OG0000441	FBpp0220401	dsim	FBpp0321075	dsim
OG0000445	FBpp0071177	dmel	FBpp0292989	dmel
OG0000445	FBpp0192241	dsec	FBpp0202723	dsec
OG0000445	FBpp0202713	dsec	FBpp0202723	dsec
OG0000445	FBpp0326981	dsim	FBpp0327039	dsim
OG0000449	FBpp0194000	dsec	FBpp0194001	dsec
OG0000449	FBpp0194000	dsec	FBpp0194002	dsec
OG0000449	FBpp0194000	dsec	FBpp0194003	dsec
OG0000449	FBpp0194000	dsec	FBpp0194004	dsec
OG0000449	FBpp0194001	dsec	FBpp0194002	dsec
OG0000449	FBpp0194001	dsec	FBpp0194003	dsec
OG0000449	FBpp0194001	dsec	FBpp0194004	dsec
OG0000449	FBpp0194002	dsec	FBpp0194003	dsec
OG0000449	FBpp0194002	dsec	FBpp0194004	dsec
OG0000449	FBpp0194003	dsec	FBpp0194004	dsec
OG0000470	FBpp0072901	dmel	FBpp0072902	dmel
OG0000470	FBpp0072901	dmel	FBpp0289810	dmel
OG0000470	FBpp0072902	dmel	FBpp0289810	dmel
OG0000470	FBpp0196020	dsec	FBpp0196021	dsec
OG0000470	FBpp0196020	dsec	FBpp0196023	dsec
OG0000470	FBpp0196021	dsec	FBpp0196023	dsec
OG0000470	FBpp0212138	dsim	FBpp0212139	dsim
OG0000470	FBpp0212138	dsim	FBpp0314284	dsim
OG0000470	FBpp0212139	dsim	FBpp0314284	dsim
OG0000478	FBpp0084699	dmel	FBpp0307566	dmel
OG0000478	FBpp0194220	dsec	FBpp0194221	dsec
OG0000478	FBpp0219788	dsim	FBpp0317594	dsim
OG0000482	FBpp0081527	dmel	FBpp0084345	dmel
OG0000482	FBpp0191674	dsec	FBpp0205393	dsec
OG0000482	FBpp0191674	dsec	FBpp0207741	dsec
OG0000482	FBpp0205393	dsec	FBpp0207741	dsec
OG0000482	FBpp0216549	dsim	FBpp0219203	dsim
OG0000493	FBpp0201324	dsec	FBpp0204196	dsec
OG0000493	FBpp0313495	dsim	FBpp0318882	dsim
OG0000493	FBpp0313495	dsim	FBpp0324713	dsim
OG0000493	FBpp0318882	dsim	FBpp0324713	dsim
OG0000498	FBpp0070586	dmel	FBpp0311141	dmel
OG0000498	FBpp0070586	dmel	FBpp0311142	dmel
OG0000498	FBpp0311141	dmel	FBpp0311142	dmel
OG0000498	FBpp0191545	dsec	FBpp0193793	dsec
OG0000498	FBpp0193793	dsec	FBpp0204573	dsec
OG0000498	FBpp0193793	dsec	FBpp0208173	dsec
OG0000498	FBpp0193793	dsec	FBpp0208222	dsec
OG0000498	FBpp0322144	dsim	FBpp0325180	dsim
OG0000499	FBpp0070076	dmel	FBpp0070077	dmel
OG0000499	FBpp0070076	dmel	FBpp0111860	dmel
OG0000499	FBpp0070077	dmel	FBpp0111860	dmel
OG0000499	FBpp0197720	dsec	FBpp0200543	dsec
OG0000499	FBpp0197720	dsec	FBpp0200544	dsec
OG0000499	FBpp0197721	dsec	FBpp0200543	dsec
OG0000499	FBpp0197721	dsec	FBpp0200544	dsec
OG0000499	FBpp0200543	dsec	FBpp0200544	dsec
OG0000499	FBpp0200543	dsec	FBpp0204704	dsec
OG0000499	FBpp0200544	dsec	FBpp0204704	dsec
OG0000499	FBpp0214907	dsim	FBpp0214908	dsim
OG0000502	FBpp0087786	dmel	FBpp0087787	dmel
OG0000502	FBpp0202536	dsec	FBpp0202537	dsec
OG0000502	FBpp0208991	dsim	FBpp0208996	dsim
OG0000502	FBpp0208991	dsim	FBpp0321803	dsim
OG0000502	FBpp0208996	dsim	FBpp0321803	dsim
OG0000530	FBpp0088126	dmel	FBpp0088127	dmel
OG0000530	FBpp0202294	dsec	FBpp0202296	dsec
OG0000530	FBpp0202294	dsec	FBpp0202298	dsec
OG0000530	FBpp0202296	dsec	FBpp0202298	dsec
OG0000530	FBpp0208675	dsim	FBpp0315464	dsim
OG0000535	FBpp0073842	dmel	FBpp0074120	dmel
OG0000535	FBpp0073842	dmel	FBpp0292387	dmel
OG0000535	FBpp0073842	dmel	FBpp0293378	dmel
OG0000535	FBpp0074120	dmel	FBpp0292387	dmel
OG0000535	FBpp0074120	dmel	FBpp0293378	dmel
OG0000535	FBpp0292387	dmel	FBpp0293378	dmel
OG0000535	FBpp0193474	dsec	FBpp0193476	dsec
OG0000535	FBpp0193474	dsec	FBpp0194831	dsec
OG0000535	FBpp0193474	dsec	FBpp0194832	dsec
OG0000535	FBpp0193474	dsec	FBpp0194833	dsec
OG0000535	FBpp0193476	dsec	FBpp0194831	dsec
OG0000535	FBpp0193476	dsec	FBpp0194832	dsec
OG0000535	FBpp0193476	dsec	FBpp0194833	dsec
OG0000535	FBpp0194831	dsec	FBpp0194832	dsec
OG0000535	FBpp0194831	dsec	FBpp0194833	dsec
OG0000535	FBpp0194832	dsec	FBpp0194833	dsec
OG0000535	FBpp0214115	dsim	FBpp0318000	dsim
OG0000535	FBpp0214115	dsim	FBpp0319968	dsim
OG0000535	FBpp0214115	dsim	FBpp0322332	dsim
OG0000535	FBpp0214115	dsim	FBpp0322449	dsim
OG0000535	FBpp0214115	dsim	FBpp0326434	dsim
OG0000535	FBpp0214115	dsim	FBpp0326713	dsim
OG0000535	FBpp0318000	dsim	FBpp0319968	dsim
OG0000535	FBpp0318000	dsim	FBpp0322332	dsim
OG0000535	FBpp0318000	dsim	FBpp0326713	dsim
OG0000535	FBpp0319968	dsim	FBpp0322332	dsim
OG0000535	FBpp0319968	dsim	FBpp0322449	dsim
OG0000535	FBpp0319968	dsim	FBpp0326434	dsim
OG0000535	FBpp0319968	dsim	FBpp0326713	dsim
OG0000535	FBpp0322332	dsim	FBpp0322449	dsim
OG0000535	FBpp0322332	dsim	FBpp0326434	dsim
OG0000535	FBpp0322332	dsim	FBpp0326713	dsim
OG0000535	FBpp0322449	dsim	FBpp0326713	dsim
OG0000535	FBpp0326434	dsim	FBpp0326713	dsim
OG0000559	FBpp0306267	dmel	FBpp0306269	dmel
OG0000559	FBpp0204915	dsec	FBpp0207242	dsec
OG0000559	FBpp0204915	dsec	FBpp0207243	dsec
OG0000559	FBpp0207242	dsec	FBpp0207243	dsec
OG0000559	FBpp0218745	dsim	FBpp0317119	dsim
OG0000563	FBpp0073922	dmel	FBpp0087977	dmel
OG0000563	FBpp0202233	dsec	FBpp0202234	dsec
OG0000563	FBpp0202233	dsec	FBpp0204069	dsec
OG0000563	FBpp0202234	dsec	FBpp0204069	dsec
OG0000563	FBpp0317420	dsim	FBpp0318988	dsim
OG0000564	FBpp0099666	dmel	FBpp0290914	dmel
OG0000564	FBpp0199169	dsec	FBpp0199170	dsec
OG0000564	FBpp0217737	dsim	FBpp0317966	dsim
OG0000565	FBpp0082818	dmel	FBpp0082819	dmel
OG0000565	FBpp0196872	dsec	FBpp0203542	dsec
OG0000565	FBpp0196872	dsec	FBpp0205599	dsec
OG0000565	FBpp0218662	dsim	FBpp0218663	dsim
OG0000575	FBpp0203543	dsec	FBpp0204476	dsec
OG0000575	FBpp0203543	dsec	FBpp0204477	dsec
OG0000575	FBpp0204476	dsec	FBpp0204477	dsec
OG0000576	FBpp0192908	dsec	FBpp0204411	dsec
OG0000576	FBpp0192908	dsec	FBpp0206780	dsec
OG0000576	FBpp0204411	dsec	FBpp0206780	dsec
OG0000576	FBpp0212737	dsim	FBpp0215388	dsim
OG0000577	FBpp0088428	dmel	FBpp0088559	dmel
OG0000577	FBpp0088428	dmel	FBpp0089016	dmel
OG0000577	FBpp0088428	dmel	FBpp0312288	dmel
OG0000577	FBpp0088428	dmel	FBpp0401438	dmel
OG0000577	FBpp0088428	dmel	FBpp0401439	dmel
OG0000577	FBpp0088428	dmel	FBpp0401440	dmel
OG0000577	FBpp0088428	dmel	FBpp0423400	dmel
OG0000577	FBpp0088559	dmel	FBpp0089016	dmel
OG0000577	FBpp0088559	dmel	FBpp0312288	dmel
OG0000577	FBpp0088559	dmel	FBpp0401438	dmel
OG0000577	FBpp0088559	dmel	FBpp0401439	dmel
OG0000577	FBpp0088559	dmel	FBpp0401440	dmel
OG0000577	FBpp0088559	dmel	FBpp0423400	dmel
OG0000577	FBpp0089016	dmel	FBpp0312288	dmel
OG0000577	FBpp0089016	dmel	FBpp0401438	dmel
OG0000577	FBpp0089016	dmel	FBpp0401439	dmel
OG0000577	FBpp0089016	dmel	FBpp0401440	dmel
OG0000577	FBpp0089016	dmel	FBpp0423400	dmel
OG0000577	FBpp0312288	dmel	FBpp0401438	dmel
OG0000577	FBpp0312288	dmel	FBpp0401439	dmel
OG0000577	FBpp0312288	dmel	FBpp0401440	dmel
OG0000577	FBpp0312288	dmel	FBpp0423400	dmel
OG0000577	FBpp0401438	dmel	FBpp0423400	dmel
OG0000577	FBpp0401439	dmel	FBpp0423400	dmel
OG0000577	FBpp0401440	dmel	FBpp0423400	dmel
OG0000583	FBpp0079916	dmel	FBpp0291994	dmel
OG0000583	FBpp0203387	dsec	FBpp0208215	dsec
OG0000583	FBpp0203387	dsec	FBpp0208216	dsec
OG0000583	FBpp0208215	dsec	FBpp0208216	dsec
OG0000583	FBpp0222221	dsim	FBpp0222222	dsim
OG0000584	FBpp0071182	dmel	FBpp0071186	dmel
OG0000584	FBpp0071182	dmel	FBpp0073619	dmel
OG0000584	FBpp0071186	dmel	FBpp0073619	dmel
OG0000584	FBpp0192970	dsec	FBpp0194440	dsec
OG0000584	FBpp0192970	dsec	FBpp0202789	dsec
OG0000584	FBpp0192970	dsec	FBpp0202822	dsec
OG0000584	FBpp0192970	dsec	FBpp0204135	dsec
OG0000584	FBpp0194440	dsec	FBpp0202789	dsec
OG0000584	FBpp0194440	dsec	FBpp0202822	dsec
OG0000584	FBpp0202789	dsec	FBpp0202822	dsec
OG0000584	FBpp0202789	dsec	FBpp0204135	dsec
OG0000584	FBpp0202822	dsec	FBpp0204135	dsec
OG0000584	FBpp0214512	dsim	FBpp0214516	dsim
OG0000584	FBpp0214512	dsim	FBpp0315822	dsim
OG0000584	FBpp0214516	dsim	FBpp0315822	dsim
OG0000587	FBpp0073467	dmel	FBpp0074074	dmel
OG0000587	FBpp0073467	dmel	FBpp0084803	dmel
OG0000587	FBpp0074074	dmel	FBpp0084803	dmel
OG0000587	FBpp0193722	dsec	FBpp0194627	dsec
OG0000587	FBpp0193722	dsec	FBpp0194872	dsec
OG0000587	FBpp0194627	dsec	FBpp0194872	dsec
OG0000587	FBpp0214337	dsim	FBpp0316997	dsim
OG0000587	FBpp0214337	dsim	FBpp0323536	dsim
OG0000587	FBpp0316997	dsim	FBpp0323536	dsim
OG0000594	FBpp0100058	dmel	FBpp0291083	dmel
OG0000594	FBpp0201533	dsec	FBpp0201534	dsec
OG0000594	FBpp0223939	dsim	FBpp0223940	dsim
OG0000603	FBpp0085843	dmel	FBpp0085844	dmel
OG0000603	FBpp0085843	dmel	FBpp0085845	dmel
OG0000603	FBpp0085844	dmel	FBpp0085845	dmel
OG0000603	FBpp0203343	dsec	FBpp0203344	dsec
OG0000603	FBpp0203343	dsec	FBpp0203345	dsec
OG0000603	FBpp0203344	dsec	FBpp0203345	dsec
OG0000603	FBpp0209766	dsim	FBpp0209767	dsim
OG0000603	FBpp0209766	dsim	FBpp0314450	dsim
OG0000603	FBpp0209767	dsim	FBpp0314450	dsim
OG0000604	FBpp0203353	dsec	FBpp0203354	dsec
OG0000604	FBpp0203353	dsec	FBpp0204570	dsec
OG0000604	FBpp0203354	dsec	FBpp0204570	dsec
OG0000604	FBpp0209773	dsim	FBpp0316462	dsim
OG0000606	FBpp0087744	dmel	FBpp0291496	dmel
OG0000606	FBpp0197457	dsec	FBpp0198332	dsec
OG0000606	FBpp0197457	dsec	FBpp0202115	dsec
OG0000606	FBpp0198332	dsec	FBpp0202115	dsec
OG0000606	FBpp0210135	dsim	FBpp0326053	dsim
OG0000607	FBpp0087178	dmel	FBpp0087180	dmel
OG0000607	FBpp0197565	dsec	FBpp0202775	dsec
OG0000607	FBpp0197565	dsec	FBpp0202776	dsec
OG0000607	FBpp0202775	dsec	FBpp0202776	dsec
OG0000607	FBpp0202775	dsec	FBpp0204528	dsec
OG0000607	FBpp0202776	dsec	FBpp0204528	dsec
OG0000607	FBpp0209210	dsim	FBpp0319507	dsim
OG0000624	FBpp0079318	dmel	FBpp0079319	dmel
OG0000624	FBpp0194437	dsec	FBpp0194438	dsec
OG0000624	FBpp0220807	dsim	FBpp0220808	dsim
OG0000631	FBpp0082810	dmel	FBpp0082812	dmel
OG0000631	FBpp0196666	dsec	FBpp0196670	dsec
OG0000631	FBpp0196666	dsec	FBpp0197676	dsec
OG0000631	FBpp0196666	dsec	FBpp0203541	dsec
OG0000631	FBpp0196670	dsec	FBpp0197676	dsec
OG0000631	FBpp0196670	dsec	FBpp0203541	dsec
OG0000636	FBpp0082873	dmel	FBpp0301286	dmel
OG0000636	FBpp0196697	dsec	FBpp0196698	dsec
OG0000636	FBpp0217550	dsim	FBpp0217551	dsim
OG0000637	FBpp0081884	dmel	FBpp0290641	dmel
OG0000637	FBpp0207581	dsec	FBpp0207582	dsec
OG0000637	FBpp0322979	dsim	FBpp0325495	dsim
OG0000644	FBpp0071262	dmel	FBpp0071263	dmel
OG0000644	FBpp0195043	dsec	FBpp0203729	dsec
OG0000644	FBpp0195043	dsec	FBpp0203739	dsec
OG0000644	FBpp0195043	dsec	FBpp0203750	dsec
OG0000644	FBpp0201956	dsec	FBpp0203729	dsec
OG0000644	FBpp0201956	dsec	FBpp0203739	dsec
OG0000644	FBpp0201956	dsec	FBpp0203750	dsec
OG0000644	FBpp0203729	dsec	FBpp0203739	dsec
OG0000644	FBpp0203729	dsec	FBpp0203750	dsec
OG0000644	FBpp0203739	dsec	FBpp0203750	dsec
OG0000644	FBpp0320338	dsim	FBpp0322091	dsim
OG0000645	FBpp0192778	dsec	FBpp0192779	dsec
OG0000645	FBpp0192778	dsec	FBpp0201082	dsec
OG0000645	FBpp0192779	dsec	FBpp0201082	dsec
OG0000646	FBpp0198126	dsec	FBpp0201225	dsec
OG0000646	FBpp0198126	dsec	FBpp0201233	dsec
OG0000646	FBpp0199582	dsec	FBpp0201225	dsec
OG0000646	FBpp0199582	dsec	FBpp0201233	dsec
OG0000646	FBpp0201225	dsec	FBpp0201233	dsec
OG0000648	FBpp0194900	dsec	FBpp0194901	dsec
OG0000648	FBpp0194900	dsec	FBpp0196514	dsec
OG0000648	FBpp0194901	dsec	FBpp0196514	dsec
OG0000656	FBpp0091023	dmel	FBpp0091024	dmel
OG0000656	FBpp0202076	dsec	FBpp0202077	dsec
OG0000656	FBpp0320641	dsim	FBpp0325168	dsim
OG0000668	FBpp0074479	dmel	FBpp0084637	dmel
OG0000668	FBpp0197787	dsec	FBpp0205871	dsec
OG0000668	FBpp0223274	dsim	FBpp0328775	dsim
OG0000679	FBpp0111672	dmel	FBpp0288793	dmel
OG0000679	FBpp0288793	dmel	FBpp0292930	dmel
OG0000679	FBpp0320969	dsim	FBpp0321879	dsim
OG0000679	FBpp0320969	dsim	FBpp0324458	dsim
OG0000679	FBpp0321879	dsim	FBpp0324458	dsim
OG0000691	FBpp0288953	dmel	FBpp0423052	dmel
OG0000691	FBpp0198059	dsec	FBpp0200909	dsec
OG0000691	FBpp0210398	dsim	FBpp0221279	dsim
OG0000691	FBpp0210398	dsim	FBpp0319023	dsim
OG0000691	FBpp0221279	dsim	FBpp0319023	dsim
OG0000696	FBpp0076315	dmel	FBpp0076316	dmel
OG0000696	FBpp0206390	dsec	FBpp0206391	dsec
OG0000696	FBpp0211362	dsim	FBpp0211363	dsim
OG0000721	FBpp0081359	dmel	FBpp0081360	dmel
OG0000721	FBpp0205213	dsec	FBpp0205214	dsec
OG0000721	FBpp0205213	dsec	FBpp0205215	dsec
OG0000721	FBpp0205214	dsec	FBpp0205215	dsec
OG0000721	FBpp0216948	dsim	FBpp0216949	dsim
OG0000734	FBpp0198345	dsec	FBpp0199258	dsec
OG0000734	FBpp0198345	dsec	FBpp0204934	dsec
OG0000734	FBpp0198345	dsec	FBpp0204935	dsec
OG0000734	FBpp0198345	dsec	FBpp0204937	dsec
OG0000734	FBpp0199258	dsec	FBpp0201064	dsec
OG0000734	FBpp0199258	dsec	FBpp0204934	dsec
OG0000734	FBpp0199258	dsec	FBpp0204935	dsec
OG0000734	FBpp0199258	dsec	FBpp0204937	dsec
OG0000734	FBpp0201064	dsec	FBpp0204934	dsec
OG0000734	FBpp0201064	dsec	FBpp0204935	dsec
OG0000734	FBpp0201064	dsec	FBpp0204937	dsec
OG0000734	FBpp0204934	dsec	FBpp0204935	dsec
OG0000734	FBpp0204934	dsec	FBpp0204937	dsec
OG0000734	FBpp0204935	dsec	FBpp0204937	dsec
OG0000745	FBpp0084963	dmel	FBpp0084964	dmel
OG0000745	FBpp0193665	dsec	FBpp0193666	dsec
OG0000745	FBpp0215812	dsim	FBpp0215823	dsim
OG0000749	FBpp0073939	dmel	FBpp0080586	dmel
OG0000749	FBpp0193154	dsec	FBpp0198741	dsec
OG0000749	FBpp0215662	dsim	FBpp0222531	dsim
OG0000760	FBpp0193783	dsec	FBpp0193784	dsec
OG0000760	FBpp0193783	dsec	FBpp0200196	dsec
OG0000760	FBpp0193784	dsec	FBpp0200196	dsec
OG0000763	FBpp0100099	dmel	FBpp0292856	dmel
OG0000763	FBpp0194814	dsec	FBpp0194815	dsec
OG0000763	FBpp0317452	dsim	FBpp0318613	dsim
OG0000770	FBpp0087782	dmel	FBpp0290997	dmel
OG0000770	FBpp0210332	dsim	FBpp0316980	dsim
OG0000770	FBpp0210332	dsim	FBpp0319705	dsim
OG0000770	FBpp0210332	dsim	FBpp0323267	dsim
OG0000770	FBpp0210332	dsim	FBpp0324179	dsim
OG0000770	FBpp0210332	dsim	FBpp0326622	dsim
OG0000770	FBpp0316980	dsim	FBpp0319705	dsim
OG0000770	FBpp0316980	dsim	FBpp0323267	dsim
OG0000770	FBpp0316980	dsim	FBpp0324179	dsim
OG0000770	FBpp0316980	dsim	FBpp0326622	dsim
OG0000770	FBpp0319705	dsim	FBpp0323267	dsim
OG0000770	FBpp0319705	dsim	FBpp0324179	dsim
OG0000770	FBpp0319705	dsim	FBpp0326622	dsim
OG0000770	FBpp0323267	dsim	FBpp0324179	dsim
OG0000770	FBpp0323267	dsim	FBpp0326622	dsim
OG0000770	FBpp0324179	dsim	FBpp0326622	dsim
OG0000793	FBpp0303890	dmel	FBpp0310083	dmel
OG0000793	FBpp0303890	dmel	FBpp0310084	dmel
OG0000793	FBpp0313573	dsim	FBpp0315957	dsim
OG0000793	FBpp0313573	dsim	FBpp0320505	dsim
OG0000793	FBpp0315957	dsim	FBpp0320505	dsim
OG0000794	FBpp0087939	dmel	FBpp0087940	dmel
OG0000794	FBpp0213762	dsim	FBpp0328637	dsim
OG0000805	FBpp0289229	dmel	FBpp0301999	dmel
OG0000805	FBpp0194455	dsec	FBpp0194456	dsec
OG0000805	FBpp0316138	dsim	FBpp0318388	dsim
OG0000808	FBpp0083378	dmel	FBpp0083379	dmel
OG0000808	FBpp0083378	dmel	FBpp0083380	dmel
OG0000808	FBpp0083379	dmel	FBpp0083380	dmel
OG0000808	FBpp0204619	dsec	FBpp0204620	dsec
OG0000808	FBpp0204619	dsec	FBpp0204621	dsec
OG0000808	FBpp0204619	dsec	FBpp0204622	dsec
OG0000808	FBpp0204620	dsec	FBpp0204621	dsec
OG0000808	FBpp0204620	dsec	FBpp0204622	dsec
OG0000808	FBpp0204621	dsec	FBpp0204622	dsec
OG0000808	FBpp0217783	dsim	FBpp0217784	dsim
OG0000808	FBpp0217783	dsim	FBpp0217785	dsim
OG0000808	FBpp0217783	dsim	FBpp0217786	dsim
OG0000808	FBpp0217784	dsim	FBpp0217785	dsim
OG0000808	FBpp0217784	dsim	FBpp0217786	dsim
OG0000808	FBpp0217785	dsim	FBpp0217786	dsim
OG0000820	FBpp0077612	dmel	FBpp0077613	dmel
OG0000820	FBpp0198092	dsec	FBpp0198093	dsec
OG0000820	FBpp0319646	dsim	FBpp0320779	dsim
OG0000859	FBpp0074431	dmel	FBpp0074432	dmel
OG0000859	FBpp0319651	dsim	FBpp0321766	dsim
OG0000859	FBpp0321584	dsim	FBpp0321766	dsim
OG0000880	FBpp0073268	dmel	FBpp0085617	dmel
OG0000880	FBpp0195055	dsec	FBpp0201274	dsec
OG0000880	FBpp0223692	dsim	FBpp0321718	dsim
OG0000901	FBpp0193860	dsec	FBpp0196796	dsec
OG0000901	FBpp0193860	dsec	FBpp0200696	dsec
OG0000901	FBpp0196796	dsec	FBpp0200696	dsec
OG0000901	FBpp0215006	dsim	FBpp0215120	dsim
OG0000904	FBpp0322294	dsim	FBpp0323712	dsim
OG0000904	FBpp0322294	dsim	FBpp0327985	dsim
OG0000904	FBpp0323712	dsim	FBpp0327985	dsim
OG0000912	FBpp0076538	dmel	FBpp0076539	dmel
OG0000912	FBpp0195224	dsec	FBpp0195227	dsec
OG0000912	FBpp0211450	dsim	FBpp0211451	dsim
OG0000914	FBpp0288961	dmel	FBpp0311008	dmel
OG0000914	FBpp0315800	dsim	FBpp0321483	dsim
OG0000930	FBpp0288945	dmel	FBpp0288946	dmel
OG0000930	FBpp0312990	dsim	FBpp0324059	dsim
OG0000974	FBpp0200230	dsec	FBpp0205333	dsec
OG0000974	FBpp0200230	dsec	FBpp0207166	dsec
OG0000974	FBpp0205333	dsec	FBpp0207166	dsec
OG0000974	FBpp0213097	dsim	FBpp0328394	dsim
OG0000994	FBpp0081018	dmel	FBpp0081019	dmel
OG0000994	FBpp0203526	dsec	FBpp0204743	dsec
OG0001007	FBpp0292465	dmel	FBpp0292466	dmel
OG0001007	FBpp0292465	dmel	FBpp0292467	dmel
OG0001007	FBpp0292465	dmel	FBpp0292468	dmel
OG0001007	FBpp0191895	dsec	FBpp0191896	dsec
OG0001007	FBpp0323543	dsim	FBpp0328169	dsim
OG0001012	FBpp0292835	dmel	FBpp0292836	dmel
OG0001012	FBpp0321630	dsim	FBpp0326496	dsim
OG0001012	FBpp0321630	dsim	FBpp0328765	dsim
OG0001012	FBpp0326496	dsim	FBpp0328765	dsim
OG0001024	FBpp0082070	dmel	FBpp0422628	dmel
OG0001024	FBpp0203521	dsec	FBpp0207491	dsec
OG0001056	FBpp0191639	dsec	FBpp0199128	dsec
OG0001056	FBpp0215554	dsim	FBpp0216518	dsim
OG0001056	FBpp0215554	dsim	FBpp0321729	dsim
OG0001056	FBpp0216518	dsim	FBpp0321729	dsim
OG0001065	FBpp0195158	dsec	FBpp0195159	dsec
OG0001065	FBpp0195158	dsec	FBpp0205588	dsec
OG0001065	FBpp0195159	dsec	FBpp0205588	dsec
OG0001065	FBpp0214665	dsim	FBpp0326299	dsim
OG0001066	FBpp0070573	dmel	FBpp0070575	dmel
OG0001066	FBpp0193782	dsec	FBpp0200194	dsec
OG0001066	FBpp0193782	dsec	FBpp0200195	dsec
OG0001068	FBpp0191554	dsec	FBpp0204258	dsec
OG0001068	FBpp0191554	dsec	FBpp0204259	dsec
OG0001068	FBpp0200198	dsec	FBpp0204258	dsec
OG0001068	FBpp0200198	dsec	FBpp0204259	dsec
OG0001068	FBpp0204258	dsec	FBpp0204259	dsec
OG0001105	FBpp0193805	dsec	FBpp0193806	dsec
OG0001105	FBpp0193805	dsec	FBpp0193966	dsec
OG0001105	FBpp0193805	dsec	FBpp0193967	dsec
OG0001105	FBpp0193806	dsec	FBpp0193966	dsec
OG0001105	FBpp0193806	dsec	FBpp0193967	dsec
OG0001118	FBpp0192989	dsec	FBpp0192990	dsec
OG0001118	FBpp0192989	dsec	FBpp0198645	dsec
OG0001118	FBpp0192990	dsec	FBpp0198645	dsec
OG0001118	FBpp0320842	dsim	FBpp0323024	dsim
OG0001118	FBpp0320842	dsim	FBpp0325815	dsim
OG0001118	FBpp0323024	dsim	FBpp0325815	dsim
OG0001123	FBpp0073414	dmel	FBpp0073415	dmel
OG0001123	FBpp0215457	dsim	FBpp0215458	dsim
OG0001144	FBpp0085046	dmel	FBpp0085047	dmel
OG0001144	FBpp0193623	dsec	FBpp0193625	dsec
OG0001144	FBpp0193623	dsec	FBpp0194665	dsec
OG0001144	FBpp0193625	dsec	FBpp0194665	dsec
OG0001144	FBpp0215382	dsim	FBpp0215393	dsim
OG0001154	FBpp0075501	dmel	FBpp0424322	dmel
OG0001154	FBpp0317550	dsim	FBpp0326045	dsim
OG0001192	FBpp0202634	dsec	FBpp0202635	dsec
OG0001192	FBpp0202634	dsec	FBpp0205883	dsec
OG0001192	FBpp0202635	dsec	FBpp0205883	dsec
OG0001235	FBpp0070166	dmel	FBpp0070173	dmel
OG0001235	FBpp0200475	dsec	FBpp0200504	dsec
OG0001235	FBpp0200475	dsec	FBpp0200575	dsec
OG0001235	FBpp0200475	dsec	FBpp0200581	dsec
OG0001235	FBpp0200475	dsec	FBpp0200591	dsec
OG0001235	FBpp0200504	dsec	FBpp0200575	dsec
OG0001235	FBpp0200504	dsec	FBpp0200581	dsec
OG0001235	FBpp0200504	dsec	FBpp0200591	dsec
OG0001235	FBpp0200575	dsec	FBpp0200581	dsec
OG0001235	FBpp0200575	dsec	FBpp0200591	dsec
OG0001235	FBpp0200581	dsec	FBpp0200591	dsec
OG0001235	FBpp0214866	dsim	FBpp0214929	dsim
OG0001235	FBpp0214866	dsim	FBpp0214935	dsim
OG0001235	FBpp0214866	dsim	FBpp0214940	dsim
OG0001235	FBpp0214866	dsim	FBpp0324314	dsim
OG0001235	FBpp0214929	dsim	FBpp0214935	dsim
OG0001235	FBpp0214929	dsim	FBpp0214940	dsim
OG0001235	FBpp0214929	dsim	FBpp0324314	dsim
OG0001235	FBpp0214935	dsim	FBpp0214940	dsim
OG0001235	FBpp0214935	dsim	FBpp0324314	dsim
OG0001235	FBpp0214940	dsim	FBpp0324314	dsim
OG0001359	FBpp0297757	dmel	FBpp0297758	dmel
OG0001359	FBpp0321662	dsim	FBpp0327774	dsim
OG0001381	FBpp0310812	dmel	FBpp0310816	dmel
OG0001381	FBpp0310812	dmel	FBpp0310817	dmel
OG0001381	FBpp0310816	dmel	FBpp0310817	dmel
OG0001436	FBpp0194445	dsec	FBpp0207207	dsec
OG0001436	FBpp0194445	dsec	FBpp0207208	dsec
OG0001436	FBpp0207207	dsec	FBpp0207208	dsec
OG0001518	FBpp0070049	dmel	FBpp0070052	dmel
OG0001518	FBpp0070049	dmel	FBpp0070056	dmel
OG0001518	FBpp0070052	dmel	FBpp0070056	dmel
OG0001518	FBpp0195012	dsec	FBpp0204088	dsec
OG0001648	FBpp0198004	dsec	FBpp0198005	dsec
OG0001648	FBpp0198004	dsec	FBpp0208185	dsec
OG0001648	FBpp0198005	dsec	FBpp0208185	dsec
OG0001655	FBpp0080315	dmel	FBpp0080317	dmel
OG0001655	FBpp0080315	dmel	FBpp0289839	dmel
OG0001655	FBpp0080317	dmel	FBpp0289839	dmel
OG0001655	FBpp0197595	dsec	FBpp0200118	dsec
OG0001655	FBpp0222420	dsim	FBpp0313249	dsim
OG0001655	FBpp0222420	dsim	FBpp0323903	dsim
OG0001655	FBpp0313249	dsim	FBpp0323903	dsim
OG0001658	FBpp0195093	dsec	FBpp0202200	dsec
OG0001658	FBpp0195093	dsec	FBpp0202201	dsec
OG0001658	FBpp0202200	dsec	FBpp0202201	dsec
OG0001670	FBpp0311893	dmel	FBpp0311895	dmel
OG0001670	FBpp0311893	dmel	FBpp0311896	dmel
OG0001670	FBpp0311893	dmel	FBpp0311902	dmel
OG0001670	FBpp0311894	dmel	FBpp0311895	dmel
OG0001670	FBpp0311894	dmel	FBpp0311896	dmel
OG0001670	FBpp0311894	dmel	FBpp0311902	dmel
OG0001670	FBpp0311895	dmel	FBpp0311896	dmel
OG0001670	FBpp0311895	dmel	FBpp0311897	dmel
OG0001670	FBpp0311895	dmel	FBpp0311898	dmel
OG0001670	FBpp0311895	dmel	FBpp0311899	dmel
OG0001670	FBpp0311895	dmel	FBpp0311900	dmel
OG0001670	FBpp0311895	dmel	FBpp0311901	dmel
OG0001670	FBpp0311895	dmel	FBpp0311902	dmel
OG0001670	FBpp0311895	dmel	FBpp0311903	dmel
OG0001670	FBpp0311896	dmel	FBpp0311897	dmel
OG0001670	FBpp0311896	dmel	FBpp0311898	dmel
OG0001670	FBpp0311896	dmel	FBpp0311899	dmel
OG0001670	FBpp0311896	dmel	FBpp0311900	dmel
OG0001670	FBpp0311896	dmel	FBpp0311901	dmel
OG0001670	FBpp0311896	dmel	FBpp0311902	dmel
OG0001670	FBpp0311896	dmel	FBpp0311903	dmel
OG0001670	FBpp0311897	dmel	FBpp0311902	dmel
OG0001670	FBpp0311898	dmel	FBpp0311902	dmel
OG0001670	FBpp0311899	dmel	FBpp0311902	dmel
OG0001670	FBpp0311900	dmel	FBpp0311902	dmel
OG0001670	FBpp0311901	dmel	FBpp0311902	dmel
OG0001670	FBpp0311902	dmel	FBpp0311903	dmel
OG0001730	FBpp0197561	dsec	FBpp0199766	dsec
OG0001730	FBpp0197561	dsec	FBpp0200747	dsec
OG0001730	FBpp0199766	dsec	FBpp0200747	dsec
OG0001756	FBpp0195212	dsec	FBpp0197986	dsec
OG0001756	FBpp0313229	dsim	FBpp0323954	dsim
OG0001783	FBpp0314297	dsim	FBpp0315183	dsim
OG0001783	FBpp0314297	dsim	FBpp0321602	dsim
OG0001783	FBpp0314297	dsim	FBpp0324035	dsim
OG0001783	FBpp0314297	dsim	FBpp0327795	dsim
OG0001783	FBpp0315183	dsim	FBpp0321602	dsim
OG0001783	FBpp0315183	dsim	FBpp0324035	dsim
OG0001783	FBpp0315183	dsim	FBpp0327795	dsim
OG0001783	FBpp0321602	dsim	FBpp0324035	dsim
OG0001783	FBpp0321602	dsim	FBpp0327795	dsim
OG0001783	FBpp0324035	dsim	FBpp0327795	dsim
OG0001785	FBpp0075831	dmel	FBpp0075876	dmel
OG0001785	FBpp0075831	dmel	FBpp0296929	dmel
OG0001785	FBpp0075876	dmel	FBpp0296929	dmel
OG0001785	FBpp0206759	dsec	FBpp0206760	dsec
OG0001785	FBpp0211196	dsim	FBpp0212715	dsim
OG0001785	FBpp0211196	dsim	FBpp0212716	dsim
OG0001785	FBpp0211196	dsim	FBpp0315760	dsim
OG0001785	FBpp0212715	dsim	FBpp0212716	dsim
OG0001785	FBpp0212715	dsim	FBpp0315760	dsim
OG0001785	FBpp0212716	dsim	FBpp0315760	dsim
OG0002350	FBpp0200752	dsec	FBpp0205715	dsec
OG0002350	FBpp0200752	dsec	FBpp0205717	dsec
OG0002350	FBpp0205715	dsec	FBpp0205717	dsec
OG0002441	FBpp0200199	dsec	FBpp0204398	dsec
OG0002441	FBpp0200199	dsec	FBpp0204399	dsec
OG0002441	FBpp0204398	dsec	FBpp0204399	dsec
OG0002595	FBpp0204031	dsec	FBpp0204078	dsec
OG0002595	FBpp0204031	dsec	FBpp0208159	dsec
OG0002595	FBpp0204078	dsec	FBpp0208159	dsec
OG0002595	FBpp0215622	dsim	FBpp0215655	dsim
OG0002609	FBpp0198346	dsec	FBpp0206637	dsec
OG0002609	FBpp0198346	dsec	FBpp0206639	dsec
OG0002609	FBpp0206637	dsec	FBpp0206639	dsec
OG0002819	FBpp0073731	dmel	FBpp0073732	dmel
OG0002819	FBpp0073731	dmel	FBpp0073735	dmel
OG0002819	FBpp0073731	dmel	FBpp0073736	dmel
OG0002819	FBpp0073731	dmel	FBpp0088324	dmel
OG0002819	FBpp0073732	dmel	FBpp0073735	dmel
OG0002819	FBpp0073732	dmel	FBpp0073736	dmel
OG0002819	FBpp0073732	dmel	FBpp0088324	dmel
OG0002819	FBpp0073735	dmel	FBpp0073736	dmel
OG0002819	FBpp0073735	dmel	FBpp0088324	dmel
OG0002819	FBpp0073736	dmel	FBpp0088324	dmel
OG0002819	FBpp0199030	dsec	FBpp0199153	dsec
OG0002819	FBpp0199030	dsec	FBpp0206136	dsec
OG0002819	FBpp0199153	dsec	FBpp0206136	dsec
OG0002819	FBpp0215573	dsim	FBpp0323655	dsim
OG0003339	FBpp0085605	dmel	FBpp0085606	dmel
OG0003339	FBpp0203495	dsec	FBpp0203496	dsec
OG0003339	FBpp0209919	dsim	FBpp0314545	dsim
OG0003457	FBpp0193385	dsec	FBpp0193386	dsec
OG0003457	FBpp0193385	dsec	FBpp0200228	dsec
OG0003457	FBpp0193386	dsec	FBpp0200228	dsec
OG0006962	FBpp0085746	dmel	FBpp0289819	dmel
OG0006962	FBpp0194641	dsec	FBpp0201319	dsec
OG0006962	FBpp0194641	dsec	FBpp0203420	dsec
OG0006962	FBpp0194642	dsec	FBpp0201319	dsec
OG0006962	FBpp0194642	dsec	FBpp0203420	dsec
OG0006962	FBpp0201319	dsec	FBpp0203419	dsec
OG0006962	FBpp0201319	dsec	FBpp0203420	dsec
OG0006962	FBpp0203419	dsec	FBpp0203420	dsec
OG0006962	FBpp0209842	dsim	FBpp0223734	dsim
OG0006962	FBpp0209842	dsim	FBpp0314775	dsim
OG0006962	FBpp0223734	dsim	FBpp0314775	dsim
OG0009421	FBpp0193146	dsec	FBpp0193991	dsec
OG0009421	FBpp0193146	dsec	FBpp0193992	dsec
OG0009421	FBpp0193146	dsec	FBpp0193993	dsec
OG0009421	FBpp0193146	dsec	FBpp0193995	dsec
OG0009421	FBpp0193146	dsec	FBpp0194035	dsec
OG0009421	FBpp0193146	dsec	FBpp0194036	dsec
OG0009421	FBpp0193146	dsec	FBpp0194041	dsec
OG0009421	FBpp0193991	dsec	FBpp0193992	dsec
OG0009421	FBpp0193991	dsec	FBpp0193993	dsec
OG0009421	FBpp0193991	dsec	FBpp0193995	dsec
OG0009421	FBpp0193991	dsec	FBpp0194035	dsec
OG0009421	FBpp0193991	dsec	FBpp0194036	dsec
OG0009421	FBpp0193991	dsec	FBpp0194041	dsec
OG0009421	FBpp0193992	dsec	FBpp0193993	dsec
OG0009421	FBpp0193992	dsec	FBpp0193995	dsec
OG0009421	FBpp0193992	dsec	FBpp0194035	dsec
OG0009421	FBpp0193992	dsec	FBpp0194036	dsec
OG0009421	FBpp0193992	dsec	FBpp0194041	dsec
OG0009421	FBpp0193993	dsec	FBpp0193995	dsec
OG0009421	FBpp0193993	dsec	FBpp0194035	dsec
OG0009421	FBpp0193993	dsec	FBpp0194036	dsec
OG0009421	FBpp0193993	dsec	FBpp0194041	dsec
OG0009421	FBpp0193995	dsec	FBpp0194035	dsec
OG0009421	FBpp0193995	dsec	FBpp0194036	dsec
OG0009421	FBpp0193995	dsec	FBpp0194041	dsec
OG0009421	FBpp0194035	dsec	FBpp0194036	dsec
OG0009421	FBpp0194035	dsec	FBpp0194041	dsec
OG0009421	FBpp0194036	dsec	FBpp0194041	dsec
OG0009421	FBpp0222989	dsim	FBpp0223161	dsim
OG0009686	FBpp0111390	dmel	FBpp0306060	dmel
OG0009686	FBpp0321753	dsim	FBpp0322786	dsim
OG0009920	FBpp0192752	dsec	FBpp0192771	dsec
OG0009920	FBpp0192752	dsec	FBpp0192902	dsec
OG0009920	FBpp0192771	dsec	FBpp0192902	dsec
OG0009920	FBpp0209680	dsim	FBpp0215380	dsim
OG0009920	FBpp0209680	dsim	FBpp0316719	dsim
OG0009920	FBpp0209680	dsim	FBpp0317853	dsim
OG0009920	FBpp0209680	dsim	FBpp0326615	dsim
OG0009920	FBpp0215380	dsim	FBpp0316719	dsim
OG0009920	FBpp0215380	dsim	FBpp0317853	dsim
OG0009920	FBpp0215380	dsim	FBpp0326615	dsim
OG0009920	FBpp0316719	dsim	FBpp0317853	dsim
OG0009920	FBpp0316719	dsim	FBpp0326615	dsim
OG0009920	FBpp0317853	dsim	FBpp0326615	dsim
OG0010909	FBpp0086075	dmel	FBpp0306130	dmel
OG0010909	FBpp0086075	dmel	FBpp0423058	dmel
OG0010909	FBpp0306130	dmel	FBpp0423058	dmel
OG0010909	FBpp0197078	dsec	FBpp0203252	dsec
OG0010909	FBpp0209670	dsim	FBpp0318456	dsim
OG0010909	FBpp0209670	dsim	FBpp0325840	dsim
OG0010909	FBpp0318456	dsim	FBpp0325840	dsim
OG0011204	FBpp0112496	dmel	FBpp0291442	dmel
OG0011204	FBpp0312993	dsim	FBpp0313848	dsim
OG0011204	FBpp0312993	dsim	FBpp0314565	dsim
OG0011204	FBpp0312993	dsim	FBpp0319214	dsim
OG0011204	FBpp0313848	dsim	FBpp0314565	dsim
OG0011204	FBpp0313848	dsim	FBpp0319214	dsim
OG0011204	FBpp0314565	dsim	FBpp0319214	dsim
OG0011533	FBpp0100103	dmel	FBpp0301124	dmel
OG0011533	FBpp0209538	dsim	FBpp0210693	dsim
OG0011763	FBpp0083651	dmel	FBpp0290698	dmel
OG0011763	FBpp0209711	dsim	FBpp0219361	dsim
OG0011787	FBpp0074612	dmel	FBpp0077830	dmel
OG0011787	FBpp0203751	dsec	FBpp0203753	dsec
OG0011787	FBpp0203751	dsec	FBpp0203754	dsec
OG0011787	FBpp0203753	dsec	FBpp0203754	dsec
OG0011787	FBpp0213277	dsim	FBpp0322157	dsim
OG0011788	FBpp0192976	dsec	FBpp0192978	dsec
OG0011788	FBpp0192976	dsec	FBpp0192979	dsec
OG0011788	FBpp0192976	dsec	FBpp0200814	dsec
OG0011788	FBpp0192976	dsec	FBpp0201348	dsec
OG0011788	FBpp0192978	dsec	FBpp0192979	dsec
OG0011788	FBpp0192978	dsec	FBpp0200814	dsec
OG0011788	FBpp0192978	dsec	FBpp0201348	dsec
OG0011788	FBpp0192979	dsec	FBpp0200814	dsec
OG0011788	FBpp0192979	dsec	FBpp0201348	dsec
OG0011788	FBpp0315206	dsim	FBpp0317809	dsim
OG0011792	FBpp0204518	dsec	FBpp0204523	dsec
OG0011792	FBpp0213936	dsim	FBpp0317806	dsim
OG0011792	FBpp0213936	dsim	FBpp0324587	dsim
OG0011792	FBpp0213936	dsim	FBpp0327756	dsim
OG0011792	FBpp0313618	dsim	FBpp0317806	dsim
OG0011792	FBpp0313618	dsim	FBpp0324587	dsim
OG0011792	FBpp0313618	dsim	FBpp0327756	dsim
OG0011792	FBpp0317806	dsim	FBpp0322794	dsim
OG0011792	FBpp0317806	dsim	FBpp0324587	dsim
OG0011792	FBpp0317806	dsim	FBpp0326671	dsim
OG0011792	FBpp0317806	dsim	FBpp0327756	dsim
OG0011792	FBpp0322794	dsim	FBpp0324587	dsim
OG0011792	FBpp0322794	dsim	FBpp0327756	dsim
OG0011792	FBpp0324587	dsim	FBpp0326671	dsim
OG0011792	FBpp0324587	dsim	FBpp0327756	dsim
OG0011792	FBpp0326671	dsim	FBpp0327756	dsim
OG0011928	FBpp0306234	dmel	FBpp0306235	dmel
OG0011928	FBpp0316729	dsim	FBpp0320594	dsim
OG0012327	FBpp0194741	dsec	FBpp0204171	dsec
OG0012327	FBpp0204171	dsec	FBpp0204487	dsec
OG0012327	FBpp0320698	dsim	FBpp0324025	dsim
OG0012327	FBpp0320698	dsim	FBpp0325804	dsim
OG0012327	FBpp0324025	dsim	FBpp0325804	dsim
OG0012651	FBpp0204419	dsec	FBpp0204420	dsec
OG0012651	FBpp0204419	dsec	FBpp0204425	dsec
OG0012651	FBpp0204419	dsec	FBpp0206157	dsec
OG0012651	FBpp0204420	dsec	FBpp0204425	dsec
OG0012651	FBpp0204420	dsec	FBpp0206157	dsec
OG0012651	FBpp0204425	dsec	FBpp0206157	dsec
OG0013027	FBpp0289321	dmel	FBpp0300560	dmel
OG0013027	FBpp0289321	dmel	FBpp0307622	dmel
OG0013027	FBpp0300560	dmel	FBpp0307622	dmel
OG0013065	FBpp0203564	dsec	FBpp0203940	dsec
OG0013065	FBpp0213448	dsim	FBpp0324554	dsim
OG0013065	FBpp0213448	dsim	FBpp0327778	dsim
OG0013065	FBpp0324554	dsim	FBpp0327778	dsim
OG0000000	FBpp0071280	dmel	FBpp0192282	dsec
OG0000000	FBpp0071280	dmel	FBpp0192519	dsec
OG0000000	FBpp0071280	dmel	FBpp0192625	dsec
OG0000000	FBpp0071280	dmel	FBpp0192643	dsec
OG0000000	FBpp0071280	dmel	FBpp0192658	dsec
OG0000000	FBpp0071280	dmel	FBpp0192661	dsec
OG0000000	FBpp0071280	dmel	FBpp0193130	dsec
OG0000000	FBpp0071280	dmel	FBpp0193185	dsec
OG0000000	FBpp0071280	dmel	FBpp0193188	dsec
OG0000000	FBpp0071280	dmel	FBpp0193551	dsec
OG0000000	FBpp0071280	dmel	FBpp0193862	dsec
OG0000000	FBpp0071280	dmel	FBpp0194479	dsec
OG0000000	FBpp0071280	dmel	FBpp0194601	dsec
OG0000000	FBpp0071280	dmel	FBpp0194616	dsec
OG0000000	FBpp0071280	dmel	FBpp0194656	dsec
OG0000000	FBpp0071280	dmel	FBpp0194670	dsec
OG0000000	FBpp0071280	dmel	FBpp0194673	dsec
OG0000000	FBpp0071280	dmel	FBpp0194675	dsec
OG0000000	FBpp0071280	dmel	FBpp0195020	dsec
OG0000000	FBpp0071280	dmel	FBpp0195059	dsec
OG0000000	FBpp0071280	dmel	FBpp0195103	dsec
OG0000000	FBpp0071280	dmel	FBpp0195106	dsec
OG0000000	FBpp0071280	dmel	FBpp0196610	dsec
OG0000000	FBpp0071280	dmel	FBpp0196930	dsec
OG0000000	FBpp0071280	dmel	FBpp0197585	dsec
OG0000000	FBpp0071280	dmel	FBpp0197709	dsec
OG0000000	FBpp0071280	dmel	FBpp0197734	dsec
OG0000000	FBpp0071280	dmel	FBpp0197757	dsec
OG0000000	FBpp0071280	dmel	FBpp0197874	dsec
OG0000000	FBpp0071280	dmel	FBpp0197880	dsec
OG0000000	FBpp0071280	dmel	FBpp0198355	dsec
OG0000000	FBpp0071280	dmel	FBpp0198875	dsec
OG0000000	FBpp0071280	dmel	FBpp0198919	dsec
OG0000000	FBpp0071280	dmel	FBpp0200000	dsec
OG0000000	FBpp0071280	dmel	FBpp0200212	dsec
OG0000000	FBpp0071280	dmel	FBpp0200282	dsec
OG0000000	FBpp0071280	dmel	FBpp0200288	dsec
OG0000000	FBpp0071280	dmel	FBpp0200309	dsec
OG0000000	FBpp0071280	dmel	FBpp0200788	dsec
OG0000000	FBpp0071280	dmel	FBpp0200791	dsec
OG0000000	FBpp0071280	dmel	FBpp0200802	dsec
OG0000000	FBpp0071280	dmel	FBpp0200820	dsec
OG0000000	FBpp0071280	dmel	FBpp0200828	dsec
OG0000000	FBpp0071280	dmel	FBpp0201125	dsec
OG0000000	FBpp0071280	dmel	FBpp0201132	dsec
OG0000000	FBpp0071280	dmel	FBpp0201147	dsec
OG0000000	FBpp0071280	dmel	FBpp0201186	dsec
OG0000000	FBpp0071280	dmel	FBpp0201188	dsec
OG0000000	FBpp0071280	dmel	FBpp0201196	dsec
OG0000000	FBpp0071280	dmel	FBpp0201199	dsec
OG0000000	FBpp0071280	dmel	FBpp0201203	dsec
OG0000000	FBpp0071280	dmel	FBpp0201206	dsec
OG0000000	FBpp0071280	dmel	FBpp0201215	dsec
OG0000000	FBpp0071280	dmel	FBpp0201217	dsec
OG0000000	FBpp0071280	dmel	FBpp0201228	dsec
OG0000000	FBpp0071280	dmel	FBpp0201230	dsec
OG0000000	FBpp0071280	dmel	FBpp0201236	dsec
OG0000000	FBpp0071280	dmel	FBpp0202429	dsec
OG0000000	FBpp0071280	dmel	FBpp0203427	dsec
OG0000000	FBpp0071280	dmel	FBpp0203580	dsec
OG0000000	FBpp0071280	dmel	FBpp0204902	dsec
OG0000000	FBpp0071280	dmel	FBpp0205671	dsec
OG0000000	FBpp0071280	dmel	FBpp0206444	dsec
OG0000000	FBpp0071280	dmel	FBpp0206602	dsec
OG0000000	FBpp0071280	dmel	FBpp0208138	dsec
OG0000000	FBpp0071280	dmel	FBpp0208204	dsec
OG0000000	FBpp0078649	dmel	FBpp0192282	dsec
OG0000000	FBpp0078649	dmel	FBpp0192519	dsec
OG0000000	FBpp0078649	dmel	FBpp0192625	dsec
OG0000000	FBpp0078649	dmel	FBpp0192643	dsec
OG0000000	FBpp0078649	dmel	FBpp0192658	dsec
OG0000000	FBpp0078649	dmel	FBpp0192661	dsec
OG0000000	FBpp0078649	dmel	FBpp0193130	dsec
OG0000000	FBpp0078649	dmel	FBpp0193185	dsec
OG0000000	FBpp0078649	dmel	FBpp0193188	dsec
OG0000000	FBpp0078649	dmel	FBpp0193551	dsec
OG0000000	FBpp0078649	dmel	FBpp0193862	dsec
OG0000000	FBpp0078649	dmel	FBpp0194479	dsec
OG0000000	FBpp0078649	dmel	FBpp0194601	dsec
OG0000000	FBpp0078649	dmel	FBpp0194616	dsec
OG0000000	FBpp0078649	dmel	FBpp0194656	dsec
OG0000000	FBpp0078649	dmel	FBpp0194670	dsec
OG0000000	FBpp0078649	dmel	FBpp0194673	dsec
OG0000000	FBpp0078649	dmel	FBpp0194675	dsec
OG0000000	FBpp0078649	dmel	FBpp0195020	dsec
OG0000000	FBpp0078649	dmel	FBpp0195059	dsec
OG0000000	FBpp0078649	dmel	FBpp0195103	dsec
OG0000000	FBpp0078649	dmel	FBpp0195106	dsec
OG0000000	FBpp0078649	dmel	FBpp0195153	dsec
OG0000000	FBpp0078649	dmel	FBpp0196610	dsec
OG0000000	FBpp0078649	dmel	FBpp0196930	dsec
OG0000000	FBpp0078649	dmel	FBpp0197585	dsec
OG0000000	FBpp0078649	dmel	FBpp0197709	dsec
OG0000000	FBpp0078649	dmel	FBpp0197734	dsec
OG0000000	FBpp0078649	dmel	FBpp0197757	dsec
OG0000000	FBpp0078649	dmel	FBpp0197874	dsec
OG0000000	FBpp0078649	dmel	FBpp0197880	dsec
OG0000000	FBpp0078649	dmel	FBpp0198355	dsec
OG0000000	FBpp0078649	dmel	FBpp0198875	dsec
OG0000000	FBpp0078649	dmel	FBpp0198919	dsec
OG0000000	FBpp0078649	dmel	FBpp0200212	dsec
OG0000000	FBpp0078649	dmel	FBpp0200282	dsec
OG0000000	FBpp0078649	dmel	FBpp0200288	dsec
OG0000000	FBpp0078649	dmel	FBpp0200309	dsec
OG0000000	FBpp0078649	dmel	FBpp0200788	dsec
OG0000000	FBpp0078649	dmel	FBpp0200791	dsec
OG0000000	FBpp0078649	dmel	FBpp0200802	dsec
OG0000000	FBpp0078649	dmel	FBpp0200820	dsec
OG0000000	FBpp0078649	dmel	FBpp0200828	dsec
OG0000000	FBpp0078649	dmel	FBpp0201125	dsec
OG0000000	FBpp0078649	dmel	FBpp0201132	dsec
OG0000000	FBpp0078649	dmel	FBpp0201147	dsec
OG0000000	FBpp0078649	dmel	FBpp0201186	dsec
OG0000000	FBpp0078649	dmel	FBpp0201188	dsec
OG0000000	FBpp0078649	dmel	FBpp0201196	dsec
OG0000000	FBpp0078649	dmel	FBpp0201199	dsec
OG0000000	FBpp0078649	dmel	FBpp0201203	dsec
OG0000000	FBpp0078649	dmel	FBpp0201206	dsec
OG0000000	FBpp0078649	dmel	FBpp0201215	dsec
OG0000000	FBpp0078649	dmel	FBpp0201217	dsec
OG0000000	FBpp0078649	dmel	FBpp0201228	dsec
OG0000000	FBpp0078649	dmel	FBpp0201230	dsec
OG0000000	FBpp0078649	dmel	FBpp0201236	dsec
OG0000000	FBpp0078649	dmel	FBpp0202429	dsec
OG0000000	FBpp0078649	dmel	FBpp0203427	dsec
OG0000000	FBpp0078649	dmel	FBpp0203580	dsec
OG0000000	FBpp0078649	dmel	FBpp0204902	dsec
OG0000000	FBpp0078649	dmel	FBpp0205671	dsec
OG0000000	FBpp0078649	dmel	FBpp0206444	dsec
OG0000000	FBpp0078649	dmel	FBpp0206602	dsec
OG0000000	FBpp0078649	dmel	FBpp0208138	dsec
OG0000000	FBpp0078649	dmel	FBpp0208204	dsec
OG0000000	FBpp0085250	dmel	FBpp0192282	dsec
OG0000000	FBpp0085250	dmel	FBpp0192519	dsec
OG0000000	FBpp0085250	dmel	FBpp0192625	dsec
OG0000000	FBpp0085250	dmel	FBpp0192643	dsec
OG0000000	FBpp0085250	dmel	FBpp0192658	dsec
OG0000000	FBpp0085250	dmel	FBpp0192661	dsec
OG0000000	FBpp0085250	dmel	FBpp0193130	dsec
OG0000000	FBpp0085250	dmel	FBpp0193188	dsec
OG0000000	FBpp0085250	dmel	FBpp0193551	dsec
OG0000000	FBpp0085250	dmel	FBpp0193862	dsec
OG0000000	FBpp0085250	dmel	FBpp0194479	dsec
OG0000000	FBpp0085250	dmel	FBpp0194601	dsec
OG0000000	FBpp0085250	dmel	FBpp0194616	dsec
OG0000000	FBpp0085250	dmel	FBpp0194656	dsec
OG0000000	FBpp0085250	dmel	FBpp0195020	dsec
OG0000000	FBpp0085250	dmel	FBpp0195059	dsec
OG0000000	FBpp0085250	dmel	FBpp0195103	dsec
OG0000000	FBpp0085250	dmel	FBpp0195106	dsec
OG0000000	FBpp0085250	dmel	FBpp0195153	dsec
OG0000000	FBpp0085250	dmel	FBpp0196610	dsec
OG0000000	FBpp0085250	dmel	FBpp0196930	dsec
OG0000000	FBpp0085250	dmel	FBpp0197585	dsec
OG0000000	FBpp0085250	dmel	FBpp0197709	dsec
OG0000000	FBpp0085250	dmel	FBpp0197734	dsec
OG0000000	FBpp0085250	dmel	FBpp0197757	dsec
OG0000000	FBpp0085250	dmel	FBpp0197874	dsec
OG0000000	FBpp0085250	dmel	FBpp0197880	dsec
OG0000000	FBpp0085250	dmel	FBpp0198355	dsec
OG0000000	FBpp0085250	dmel	FBpp0198875	dsec
OG0000000	FBpp0085250	dmel	FBpp0198919	dsec
OG0000000	FBpp0085250	dmel	FBpp0200000	dsec
OG0000000	FBpp0085250	dmel	FBpp0200212	dsec
OG0000000	FBpp0085250	dmel	FBpp0200282	dsec
OG0000000	FBpp0085250	dmel	FBpp0200288	dsec
OG0000000	FBpp0085250	dmel	FBpp0200309	dsec
OG0000000	FBpp0085250	dmel	FBpp0200788	dsec
OG0000000	FBpp0085250	dmel	FBpp0200791	dsec
OG0000000	FBpp0085250	dmel	FBpp0200802	dsec
OG0000000	FBpp0085250	dmel	FBpp0200820	dsec
OG0000000	FBpp0085250	dmel	FBpp0200828	dsec
OG0000000	FBpp0085250	dmel	FBpp0201125	dsec
OG0000000	FBpp0085250	dmel	FBpp0201132	dsec
OG0000000	FBpp0085250	dmel	FBpp0201147	dsec
OG0000000	FBpp0085250	dmel	FBpp0201215	dsec
OG0000000	FBpp0085250	dmel	FBpp0201217	dsec
OG0000000	FBpp0085250	dmel	FBpp0201228	dsec
OG0000000	FBpp0085250	dmel	FBpp0201230	dsec
OG0000000	FBpp0085250	dmel	FBpp0201236	dsec
OG0000000	FBpp0085250	dmel	FBpp0202429	dsec
OG0000000	FBpp0085250	dmel	FBpp0203427	dsec
OG0000000	FBpp0085250	dmel	FBpp0203580	dsec
OG0000000	FBpp0085250	dmel	FBpp0204902	dsec
OG0000000	FBpp0085250	dmel	FBpp0205671	dsec
OG0000000	FBpp0085250	dmel	FBpp0206444	dsec
OG0000000	FBpp0085250	dmel	FBpp0206602	dsec
OG0000000	FBpp0085250	dmel	FBpp0208138	dsec
OG0000000	FBpp0085250	dmel	FBpp0208204	dsec
OG0000000	FBpp0091051	dmel	FBpp0193185	dsec
OG0000000	FBpp0091051	dmel	FBpp0194670	dsec
OG0000000	FBpp0091051	dmel	FBpp0194673	dsec
OG0000000	FBpp0091051	dmel	FBpp0194675	dsec
OG0000000	FBpp0091051	dmel	FBpp0195153	dsec
OG0000000	FBpp0091051	dmel	FBpp0200000	dsec
OG0000000	FBpp0091051	dmel	FBpp0201186	dsec
OG0000000	FBpp0091051	dmel	FBpp0201188	dsec
OG0000000	FBpp0091051	dmel	FBpp0201196	dsec
OG0000000	FBpp0091051	dmel	FBpp0201199	dsec
OG0000000	FBpp0091051	dmel	FBpp0201203	dsec
OG0000000	FBpp0091051	dmel	FBpp0201206	dsec
OG0000000	FBpp0091053	dmel	FBpp0193185	dsec
OG0000000	FBpp0091053	dmel	FBpp0194670	dsec
OG0000000	FBpp0091053	dmel	FBpp0194673	dsec
OG0000000	FBpp0091053	dmel	FBpp0194675	dsec
OG0000000	FBpp0091053	dmel	FBpp0195153	dsec
OG0000000	FBpp0091053	dmel	FBpp0200000	dsec
OG0000000	FBpp0091053	dmel	FBpp0201186	dsec
OG0000000	FBpp0091053	dmel	FBpp0201188	dsec
OG0000000	FBpp0091053	dmel	FBpp0201196	dsec
OG0000000	FBpp0091053	dmel	FBpp0201199	dsec
OG0000000	FBpp0091053	dmel	FBpp0201203	dsec
OG0000000	FBpp0091053	dmel	FBpp0201206	dsec
OG0000000	FBpp0091056	dmel	FBpp0193185	dsec
OG0000000	FBpp0091056	dmel	FBpp0194670	dsec
OG0000000	FBpp0091056	dmel	FBpp0194673	dsec
OG0000000	FBpp0091056	dmel	FBpp0194675	dsec
OG0000000	FBpp0091056	dmel	FBpp0195153	dsec
OG0000000	FBpp0091056	dmel	FBpp0200000	dsec
OG0000000	FBpp0091056	dmel	FBpp0201186	dsec
OG0000000	FBpp0091056	dmel	FBpp0201188	dsec
OG0000000	FBpp0091056	dmel	FBpp0201196	dsec
OG0000000	FBpp0091056	dmel	FBpp0201199	dsec
OG0000000	FBpp0091056	dmel	FBpp0201203	dsec
OG0000000	FBpp0091056	dmel	FBpp0201206	dsec
OG0000000	FBpp0091058	dmel	FBpp0192282	dsec
OG0000000	FBpp0091058	dmel	FBpp0192519	dsec
OG0000000	FBpp0091058	dmel	FBpp0192625	dsec
OG0000000	FBpp0091058	dmel	FBpp0192643	dsec
OG0000000	FBpp0091058	dmel	FBpp0192658	dsec
OG0000000	FBpp0091058	dmel	FBpp0192661	dsec
OG0000000	FBpp0091058	dmel	FBpp0193130	dsec
OG0000000	FBpp0091058	dmel	FBpp0193185	dsec
OG0000000	FBpp0091058	dmel	FBpp0193188	dsec
OG0000000	FBpp0091058	dmel	FBpp0193551	dsec
OG0000000	FBpp0091058	dmel	FBpp0193862	dsec
OG0000000	FBpp0091058	dmel	FBpp0194479	dsec
OG0000000	FBpp0091058	dmel	FBpp0194601	dsec
OG0000000	FBpp0091058	dmel	FBpp0194616	dsec
OG0000000	FBpp0091058	dmel	FBpp0194656	dsec
OG0000000	FBpp0091058	dmel	FBpp0194670	dsec
OG0000000	FBpp0091058	dmel	FBpp0194673	dsec
OG0000000	FBpp0091058	dmel	FBpp0194675	dsec
OG0000000	FBpp0091058	dmel	FBpp0195020	dsec
OG0000000	FBpp0091058	dmel	FBpp0195059	dsec
OG0000000	FBpp0091058	dmel	FBpp0195103	dsec
OG0000000	FBpp0091058	dmel	FBpp0195106	dsec
OG0000000	FBpp0091058	dmel	FBpp0195153	dsec
OG0000000	FBpp0091058	dmel	FBpp0196610	dsec
OG0000000	FBpp0091058	dmel	FBpp0196930	dsec
OG0000000	FBpp0091058	dmel	FBpp0197585	dsec
OG0000000	FBpp0091058	dmel	FBpp0197709	dsec
OG0000000	FBpp0091058	dmel	FBpp0197734	dsec
OG0000000	FBpp0091058	dmel	FBpp0197757	dsec
OG0000000	FBpp0091058	dmel	FBpp0197874	dsec
OG0000000	FBpp0091058	dmel	FBpp0197880	dsec
OG0000000	FBpp0091058	dmel	FBpp0198355	dsec
OG0000000	FBpp0091058	dmel	FBpp0198875	dsec
OG0000000	FBpp0091058	dmel	FBpp0198919	dsec
OG0000000	FBpp0091058	dmel	FBpp0200000	dsec
OG0000000	FBpp0091058	dmel	FBpp0200212	dsec
OG0000000	FBpp0091058	dmel	FBpp0200282	dsec
OG0000000	FBpp0091058	dmel	FBpp0200288	dsec
OG0000000	FBpp0091058	dmel	FBpp0200309	dsec
OG0000000	FBpp0091058	dmel	FBpp0200788	dsec
OG0000000	FBpp0091058	dmel	FBpp0200791	dsec
OG0000000	FBpp0091058	dmel	FBpp0200802	dsec
OG0000000	FBpp0091058	dmel	FBpp0200820	dsec
OG0000000	FBpp0091058	dmel	FBpp0200828	dsec
OG0000000	FBpp0091058	dmel	FBpp0201125	dsec
OG0000000	FBpp0091058	dmel	FBpp0201132	dsec
OG0000000	FBpp0091058	dmel	FBpp0201147	dsec
OG0000000	FBpp0091058	dmel	FBpp0201186	dsec
OG0000000	FBpp0091058	dmel	FBpp0201188	dsec
OG0000000	FBpp0091058	dmel	FBpp0201199	dsec
OG0000000	FBpp0091058	dmel	FBpp0201203	dsec
OG0000000	FBpp0091058	dmel	FBpp0201206	dsec
OG0000000	FBpp0091058	dmel	FBpp0201215	dsec
OG0000000	FBpp0091058	dmel	FBpp0201217	dsec
OG0000000	FBpp0091058	dmel	FBpp0201228	dsec
OG0000000	FBpp0091058	dmel	FBpp0201230	dsec
OG0000000	FBpp0091058	dmel	FBpp0201236	dsec
OG0000000	FBpp0091058	dmel	FBpp0202429	dsec
OG0000000	FBpp0091058	dmel	FBpp0203427	dsec
OG0000000	FBpp0091058	dmel	FBpp0203580	dsec
OG0000000	FBpp0091058	dmel	FBpp0204902	dsec
OG0000000	FBpp0091058	dmel	FBpp0205671	dsec
OG0000000	FBpp0091058	dmel	FBpp0206444	dsec
OG0000000	FBpp0091058	dmel	FBpp0206602	dsec
OG0000000	FBpp0091058	dmel	FBpp0208138	dsec
OG0000000	FBpp0091058	dmel	FBpp0208204	dsec
OG0000000	FBpp0091061	dmel	FBpp0193185	dsec
OG0000000	FBpp0091061	dmel	FBpp0194670	dsec
OG0000000	FBpp0091061	dmel	FBpp0194673	dsec
OG0000000	FBpp0091061	dmel	FBpp0194675	dsec
OG0000000	FBpp0091061	dmel	FBpp0195153	dsec
OG0000000	FBpp0091061	dmel	FBpp0200000	dsec
OG0000000	FBpp0091061	dmel	FBpp0201186	dsec
OG0000000	FBpp0091061	dmel	FBpp0201188	dsec
OG0000000	FBpp0091061	dmel	FBpp0201196	dsec
OG0000000	FBpp0091061	dmel	FBpp0201199	dsec
OG0000000	FBpp0091061	dmel	FBpp0201203	dsec
OG0000000	FBpp0091061	dmel	FBpp0201206	dsec
OG0000000	FBpp0091064	dmel	FBpp0193185	dsec
OG0000000	FBpp0091064	dmel	FBpp0194670	dsec
OG0000000	FBpp0091064	dmel	FBpp0194673	dsec
OG0000000	FBpp0091064	dmel	FBpp0194675	dsec
OG0000000	FBpp0091064	dmel	FBpp0195153	dsec
OG0000000	FBpp0091064	dmel	FBpp0200000	dsec
OG0000000	FBpp0091064	dmel	FBpp0201186	dsec
OG0000000	FBpp0091064	dmel	FBpp0201188	dsec
OG0000000	FBpp0091064	dmel	FBpp0201196	dsec
OG0000000	FBpp0091064	dmel	FBpp0201199	dsec
OG0000000	FBpp0091064	dmel	FBpp0201203	dsec
OG0000000	FBpp0091064	dmel	FBpp0201206	dsec
OG0000000	FBpp0091067	dmel	FBpp0193185	dsec
OG0000000	FBpp0091067	dmel	FBpp0194670	dsec
OG0000000	FBpp0091067	dmel	FBpp0194673	dsec
OG0000000	FBpp0091067	dmel	FBpp0194675	dsec
OG0000000	FBpp0091067	dmel	FBpp0195153	dsec
OG0000000	FBpp0091067	dmel	FBpp0200000	dsec
OG0000000	FBpp0091067	dmel	FBpp0201186	dsec
OG0000000	FBpp0091067	dmel	FBpp0201188	dsec
OG0000000	FBpp0091067	dmel	FBpp0201196	dsec
OG0000000	FBpp0091067	dmel	FBpp0201199	dsec
OG0000000	FBpp0091067	dmel	FBpp0201203	dsec
OG0000000	FBpp0091067	dmel	FBpp0201206	dsec
OG0000000	FBpp0091070	dmel	FBpp0193185	dsec
OG0000000	FBpp0091070	dmel	FBpp0194670	dsec
OG0000000	FBpp0091070	dmel	FBpp0194673	dsec
OG0000000	FBpp0091070	dmel	FBpp0194675	dsec
OG0000000	FBpp0091070	dmel	FBpp0195153	dsec
OG0000000	FBpp0091070	dmel	FBpp0200000	dsec
OG0000000	FBpp0091070	dmel	FBpp0201186	dsec
OG0000000	FBpp0091070	dmel	FBpp0201188	dsec
OG0000000	FBpp0091070	dmel	FBpp0201196	dsec
OG0000000	FBpp0091070	dmel	FBpp0201199	dsec
OG0000000	FBpp0091070	dmel	FBpp0201203	dsec
OG0000000	FBpp0091070	dmel	FBpp0201206	dsec
OG0000000	FBpp0091073	dmel	FBpp0193185	dsec
OG0000000	FBpp0091073	dmel	FBpp0194670	dsec
OG0000000	FBpp0091073	dmel	FBpp0194673	dsec
OG0000000	FBpp0091073	dmel	FBpp0194675	dsec
OG0000000	FBpp0091073	dmel	FBpp0195153	dsec
OG0000000	FBpp0091073	dmel	FBpp0200000	dsec
OG0000000	FBpp0091073	dmel	FBpp0201186	dsec
OG0000000	FBpp0091073	dmel	FBpp0201188	dsec
OG0000000	FBpp0091073	dmel	FBpp0201196	dsec
OG0000000	FBpp0091073	dmel	FBpp0201199	dsec
OG0000000	FBpp0091073	dmel	FBpp0201203	dsec
OG0000000	FBpp0091073	dmel	FBpp0201206	dsec
OG0000000	FBpp0091076	dmel	FBpp0193185	dsec
OG0000000	FBpp0091076	dmel	FBpp0194670	dsec
OG0000000	FBpp0091076	dmel	FBpp0194673	dsec
OG0000000	FBpp0091076	dmel	FBpp0194675	dsec
OG0000000	FBpp0091076	dmel	FBpp0195153	dsec
OG0000000	FBpp0091076	dmel	FBpp0200000	dsec
OG0000000	FBpp0091076	dmel	FBpp0201186	dsec
OG0000000	FBpp0091076	dmel	FBpp0201188	dsec
OG0000000	FBpp0091076	dmel	FBpp0201196	dsec
OG0000000	FBpp0091076	dmel	FBpp0201199	dsec
OG0000000	FBpp0091076	dmel	FBpp0201203	dsec
OG0000000	FBpp0091076	dmel	FBpp0201206	dsec
OG0000000	FBpp0091079	dmel	FBpp0192282	dsec
OG0000000	FBpp0091079	dmel	FBpp0192519	dsec
OG0000000	FBpp0091079	dmel	FBpp0192625	dsec
OG0000000	FBpp0091079	dmel	FBpp0192643	dsec
OG0000000	FBpp0091079	dmel	FBpp0192658	dsec
OG0000000	FBpp0091079	dmel	FBpp0192661	dsec
OG0000000	FBpp0091079	dmel	FBpp0193130	dsec
OG0000000	FBpp0091079	dmel	FBpp0193185	dsec
OG0000000	FBpp0091079	dmel	FBpp0193188	dsec
OG0000000	FBpp0091079	dmel	FBpp0193551	dsec
OG0000000	FBpp0091079	dmel	FBpp0193862	dsec
OG0000000	FBpp0091079	dmel	FBpp0194479	dsec
OG0000000	FBpp0091079	dmel	FBpp0194601	dsec
OG0000000	FBpp0091079	dmel	FBpp0194616	dsec
OG0000000	FBpp0091079	dmel	FBpp0194656	dsec
OG0000000	FBpp0091079	dmel	FBpp0194670	dsec
OG0000000	FBpp0091079	dmel	FBpp0194673	dsec
OG0000000	FBpp0091079	dmel	FBpp0194675	dsec
OG0000000	FBpp0091079	dmel	FBpp0195020	dsec
OG0000000	FBpp0091079	dmel	FBpp0195059	dsec
OG0000000	FBpp0091079	dmel	FBpp0195103	dsec
OG0000000	FBpp0091079	dmel	FBpp0195106	dsec
OG0000000	FBpp0091079	dmel	FBpp0195153	dsec
OG0000000	FBpp0091079	dmel	FBpp0196610	dsec
OG0000000	FBpp0091079	dmel	FBpp0196930	dsec
OG0000000	FBpp0091079	dmel	FBpp0197585	dsec
OG0000000	FBpp0091079	dmel	FBpp0197709	dsec
OG0000000	FBpp0091079	dmel	FBpp0197734	dsec
OG0000000	FBpp0091079	dmel	FBpp0197757	dsec
OG0000000	FBpp0091079	dmel	FBpp0197874	dsec
OG0000000	FBpp0091079	dmel	FBpp0197880	dsec
OG0000000	FBpp0091079	dmel	FBpp0198355	dsec
OG0000000	FBpp0091079	dmel	FBpp0198875	dsec
OG0000000	FBpp0091079	dmel	FBpp0198919	dsec
OG0000000	FBpp0091079	dmel	FBpp0200000	dsec
OG0000000	FBpp0091079	dmel	FBpp0200212	dsec
OG0000000	FBpp0091079	dmel	FBpp0200282	dsec
OG0000000	FBpp0091079	dmel	FBpp0200288	dsec
OG0000000	FBpp0091079	dmel	FBpp0200309	dsec
OG0000000	FBpp0091079	dmel	FBpp0200788	dsec
OG0000000	FBpp0091079	dmel	FBpp0200791	dsec
OG0000000	FBpp0091079	dmel	FBpp0200802	dsec
OG0000000	FBpp0091079	dmel	FBpp0200820	dsec
OG0000000	FBpp0091079	dmel	FBpp0200828	dsec
OG0000000	FBpp0091079	dmel	FBpp0201125	dsec
OG0000000	FBpp0091079	dmel	FBpp0201132	dsec
OG0000000	FBpp0091079	dmel	FBpp0201147	dsec
OG0000000	FBpp0091079	dmel	FBpp0201188	dsec
OG0000000	FBpp0091079	dmel	FBpp0201196	dsec
OG0000000	FBpp0091079	dmel	FBpp0201199	dsec
OG0000000	FBpp0091079	dmel	FBpp0201203	dsec
OG0000000	FBpp0091079	dmel	FBpp0201206	dsec
OG0000000	FBpp0091079	dmel	FBpp0201215	dsec
OG0000000	FBpp0091079	dmel	FBpp0201217	dsec
OG0000000	FBpp0091079	dmel	FBpp0201228	dsec
OG0000000	FBpp0091079	dmel	FBpp0201230	dsec
OG0000000	FBpp0091079	dmel	FBpp0201236	dsec
OG0000000	FBpp0091079	dmel	FBpp0202429	dsec
OG0000000	FBpp0091079	dmel	FBpp0203427	dsec
OG0000000	FBpp0091079	dmel	FBpp0203580	dsec
OG0000000	FBpp0091079	dmel	FBpp0204902	dsec
OG0000000	FBpp0091079	dmel	FBpp0205671	dsec
OG0000000	FBpp0091079	dmel	FBpp0206444	dsec
OG0000000	FBpp0091079	dmel	FBpp0206602	dsec
OG0000000	FBpp0091079	dmel	FBpp0208138	dsec
OG0000000	FBpp0091079	dmel	FBpp0208204	dsec
OG0000000	FBpp0091082	dmel	FBpp0193185	dsec
OG0000000	FBpp0091082	dmel	FBpp0194670	dsec
OG0000000	FBpp0091082	dmel	FBpp0194673	dsec
OG0000000	FBpp0091082	dmel	FBpp0194675	dsec
OG0000000	FBpp0091082	dmel	FBpp0195153	dsec
OG0000000	FBpp0091082	dmel	FBpp0200000	dsec
OG0000000	FBpp0091082	dmel	FBpp0201186	dsec
OG0000000	FBpp0091082	dmel	FBpp0201188	dsec
OG0000000	FBpp0091082	dmel	FBpp0201196	dsec
OG0000000	FBpp0091082	dmel	FBpp0201199	dsec
OG0000000	FBpp0091082	dmel	FBpp0201203	dsec
OG0000000	FBpp0091082	dmel	FBpp0201206	dsec
OG0000000	FBpp0091085	dmel	FBpp0193185	dsec
OG0000000	FBpp0091085	dmel	FBpp0194670	dsec
OG0000000	FBpp0091085	dmel	FBpp0194673	dsec
OG0000000	FBpp0091085	dmel	FBpp0194675	dsec
OG0000000	FBpp0091085	dmel	FBpp0195153	dsec
OG0000000	FBpp0091085	dmel	FBpp0200000	dsec
OG0000000	FBpp0091085	dmel	FBpp0201186	dsec
OG0000000	FBpp0091085	dmel	FBpp0201188	dsec
OG0000000	FBpp0091085	dmel	FBpp0201196	dsec
OG0000000	FBpp0091085	dmel	FBpp0201199	dsec
OG0000000	FBpp0091085	dmel	FBpp0201203	dsec
OG0000000	FBpp0091085	dmel	FBpp0201206	dsec
OG0000000	FBpp0091088	dmel	FBpp0193185	dsec
OG0000000	FBpp0091088	dmel	FBpp0194670	dsec
OG0000000	FBpp0091088	dmel	FBpp0194673	dsec
OG0000000	FBpp0091088	dmel	FBpp0194675	dsec
OG0000000	FBpp0091088	dmel	FBpp0195153	dsec
OG0000000	FBpp0091088	dmel	FBpp0200000	dsec
OG0000000	FBpp0091088	dmel	FBpp0201186	dsec
OG0000000	FBpp0091088	dmel	FBpp0201188	dsec
OG0000000	FBpp0091088	dmel	FBpp0201196	dsec
OG0000000	FBpp0091088	dmel	FBpp0201199	dsec
OG0000000	FBpp0091088	dmel	FBpp0201203	dsec
OG0000000	FBpp0091088	dmel	FBpp0201206	dsec
OG0000000	FBpp0091091	dmel	FBpp0193185	dsec
OG0000000	FBpp0091091	dmel	FBpp0194670	dsec
OG0000000	FBpp0091091	dmel	FBpp0194673	dsec
OG0000000	FBpp0091091	dmel	FBpp0194675	dsec
OG0000000	FBpp0091091	dmel	FBpp0195153	dsec
OG0000000	FBpp0091091	dmel	FBpp0200000	dsec
OG0000000	FBpp0091091	dmel	FBpp0201186	dsec
OG0000000	FBpp0091091	dmel	FBpp0201188	dsec
OG0000000	FBpp0091091	dmel	FBpp0201196	dsec
OG0000000	FBpp0091091	dmel	FBpp0201199	dsec
OG0000000	FBpp0091091	dmel	FBpp0201203	dsec
OG0000000	FBpp0091091	dmel	FBpp0201206	dsec
OG0000000	FBpp0091094	dmel	FBpp0193185	dsec
OG0000000	FBpp0091094	dmel	FBpp0194670	dsec
OG0000000	FBpp0091094	dmel	FBpp0194673	dsec
OG0000000	FBpp0091094	dmel	FBpp0194675	dsec
OG0000000	FBpp0091094	dmel	FBpp0195153	dsec
OG0000000	FBpp0091094	dmel	FBpp0200000	dsec
OG0000000	FBpp0091094	dmel	FBpp0201186	dsec
OG0000000	FBpp0091094	dmel	FBpp0201188	dsec
OG0000000	FBpp0091094	dmel	FBpp0201196	dsec
OG0000000	FBpp0091094	dmel	FBpp0201199	dsec
OG0000000	FBpp0091094	dmel	FBpp0201203	dsec
OG0000000	FBpp0091094	dmel	FBpp0201206	dsec
OG0000000	FBpp0091097	dmel	FBpp0193185	dsec
OG0000000	FBpp0091097	dmel	FBpp0194670	dsec
OG0000000	FBpp0091097	dmel	FBpp0194673	dsec
OG0000000	FBpp0091097	dmel	FBpp0194675	dsec
OG0000000	FBpp0091097	dmel	FBpp0195153	dsec
OG0000000	FBpp0091097	dmel	FBpp0200000	dsec
OG0000000	FBpp0091097	dmel	FBpp0201186	dsec
OG0000000	FBpp0091097	dmel	FBpp0201188	dsec
OG0000000	FBpp0091097	dmel	FBpp0201196	dsec
OG0000000	FBpp0091097	dmel	FBpp0201199	dsec
OG0000000	FBpp0091097	dmel	FBpp0201203	dsec
OG0000000	FBpp0091097	dmel	FBpp0201206	dsec
OG0000000	FBpp0091100	dmel	FBpp0192282	dsec
OG0000000	FBpp0091100	dmel	FBpp0192519	dsec
OG0000000	FBpp0091100	dmel	FBpp0192625	dsec
OG0000000	FBpp0091100	dmel	FBpp0192643	dsec
OG0000000	FBpp0091100	dmel	FBpp0192658	dsec
OG0000000	FBpp0091100	dmel	FBpp0192661	dsec
OG0000000	FBpp0091100	dmel	FBpp0193130	dsec
OG0000000	FBpp0091100	dmel	FBpp0193185	dsec
OG0000000	FBpp0091100	dmel	FBpp0193188	dsec
OG0000000	FBpp0091100	dmel	FBpp0193551	dsec
OG0000000	FBpp0091100	dmel	FBpp0193862	dsec
OG0000000	FBpp0091100	dmel	FBpp0194479	dsec
OG0000000	FBpp0091100	dmel	FBpp0194601	dsec
OG0000000	FBpp0091100	dmel	FBpp0194616	dsec
OG0000000	FBpp0091100	dmel	FBpp0194656	dsec
OG0000000	FBpp0091100	dmel	FBpp0194670	dsec
OG0000000	FBpp0091100	dmel	FBpp0194673	dsec
OG0000000	FBpp0091100	dmel	FBpp0194675	dsec
OG0000000	FBpp0091100	dmel	FBpp0195020	dsec
OG0000000	FBpp0091100	dmel	FBpp0195059	dsec
OG0000000	FBpp0091100	dmel	FBpp0195103	dsec
OG0000000	FBpp0091100	dmel	FBpp0195106	dsec
OG0000000	FBpp0091100	dmel	FBpp0195153	dsec
OG0000000	FBpp0091100	dmel	FBpp0196610	dsec
OG0000000	FBpp0091100	dmel	FBpp0196930	dsec
OG0000000	FBpp0091100	dmel	FBpp0197585	dsec
OG0000000	FBpp0091100	dmel	FBpp0197709	dsec
OG0000000	FBpp0091100	dmel	FBpp0197734	dsec
OG0000000	FBpp0091100	dmel	FBpp0197757	dsec
OG0000000	FBpp0091100	dmel	FBpp0197874	dsec
OG0000000	FBpp0091100	dmel	FBpp0197880	dsec
OG0000000	FBpp0091100	dmel	FBpp0198355	dsec
OG0000000	FBpp0091100	dmel	FBpp0198875	dsec
OG0000000	FBpp0091100	dmel	FBpp0198919	dsec
OG0000000	FBpp0091100	dmel	FBpp0200000	dsec
OG0000000	FBpp0091100	dmel	FBpp0200212	dsec
OG0000000	FBpp0091100	dmel	FBpp0200282	dsec
OG0000000	FBpp0091100	dmel	FBpp0200288	dsec
OG0000000	FBpp0091100	dmel	FBpp0200309	dsec
OG0000000	FBpp0091100	dmel	FBpp0200788	dsec
OG0000000	FBpp0091100	dmel	FBpp0200791	dsec
OG0000000	FBpp0091100	dmel	FBpp0200802	dsec
OG0000000	FBpp0091100	dmel	FBpp0200820	dsec
OG0000000	FBpp0091100	dmel	FBpp0200828	dsec
OG0000000	FBpp0091100	dmel	FBpp0201125	dsec
OG0000000	FBpp0091100	dmel	FBpp0201132	dsec
OG0000000	FBpp0091100	dmel	FBpp0201147	dsec
OG0000000	FBpp0091100	dmel	FBpp0201188	dsec
OG0000000	FBpp0091100	dmel	FBpp0201196	dsec
OG0000000	FBpp0091100	dmel	FBpp0201199	dsec
OG0000000	FBpp0091100	dmel	FBpp0201203	dsec
OG0000000	FBpp0091100	dmel	FBpp0201206	dsec
OG0000000	FBpp0091100	dmel	FBpp0201215	dsec
OG0000000	FBpp0091100	dmel	FBpp0201217	dsec
OG0000000	FBpp0091100	dmel	FBpp0201228	dsec
OG0000000	FBpp0091100	dmel	FBpp0201230	dsec
OG0000000	FBpp0091100	dmel	FBpp0201236	dsec
OG0000000	FBpp0091100	dmel	FBpp0202429	dsec
OG0000000	FBpp0091100	dmel	FBpp0203427	dsec
OG0000000	FBpp0091100	dmel	FBpp0203580	dsec
OG0000000	FBpp0091100	dmel	FBpp0204902	dsec
OG0000000	FBpp0091100	dmel	FBpp0205671	dsec
OG0000000	FBpp0091100	dmel	FBpp0206444	dsec
OG0000000	FBpp0091100	dmel	FBpp0206602	dsec
OG0000000	FBpp0091100	dmel	FBpp0208138	dsec
OG0000000	FBpp0091100	dmel	FBpp0208204	dsec
OG0000000	FBpp0091103	dmel	FBpp0193185	dsec
OG0000000	FBpp0091103	dmel	FBpp0194670	dsec
OG0000000	FBpp0091103	dmel	FBpp0194673	dsec
OG0000000	FBpp0091103	dmel	FBpp0194675	dsec
OG0000000	FBpp0091103	dmel	FBpp0195153	dsec
OG0000000	FBpp0091103	dmel	FBpp0200000	dsec
OG0000000	FBpp0091103	dmel	FBpp0201186	dsec
OG0000000	FBpp0091103	dmel	FBpp0201188	dsec
OG0000000	FBpp0091103	dmel	FBpp0201196	dsec
OG0000000	FBpp0091103	dmel	FBpp0201199	dsec
OG0000000	FBpp0091103	dmel	FBpp0201203	dsec
OG0000000	FBpp0091103	dmel	FBpp0201206	dsec
OG0000000	FBpp0091106	dmel	FBpp0193185	dsec
OG0000000	FBpp0091106	dmel	FBpp0194670	dsec
OG0000000	FBpp0091106	dmel	FBpp0194673	dsec
OG0000000	FBpp0091106	dmel	FBpp0194675	dsec
OG0000000	FBpp0091106	dmel	FBpp0195153	dsec
OG0000000	FBpp0091106	dmel	FBpp0200000	dsec
OG0000000	FBpp0091106	dmel	FBpp0201186	dsec
OG0000000	FBpp0091106	dmel	FBpp0201188	dsec
OG0000000	FBpp0091106	dmel	FBpp0201196	dsec
OG0000000	FBpp0091106	dmel	FBpp0201199	dsec
OG0000000	FBpp0091106	dmel	FBpp0201203	dsec
OG0000000	FBpp0091106	dmel	FBpp0201206	dsec
OG0000000	FBpp0091109	dmel	FBpp0193185	dsec
OG0000000	FBpp0091109	dmel	FBpp0194670	dsec
OG0000000	FBpp0091109	dmel	FBpp0194673	dsec
OG0000000	FBpp0091109	dmel	FBpp0194675	dsec
OG0000000	FBpp0091109	dmel	FBpp0195153	dsec
OG0000000	FBpp0091109	dmel	FBpp0200000	dsec
OG0000000	FBpp0091109	dmel	FBpp0201186	dsec
OG0000000	FBpp0091109	dmel	FBpp0201188	dsec
OG0000000	FBpp0091109	dmel	FBpp0201196	dsec
OG0000000	FBpp0091109	dmel	FBpp0201199	dsec
OG0000000	FBpp0091109	dmel	FBpp0201203	dsec
OG0000000	FBpp0091109	dmel	FBpp0201206	dsec
OG0000000	FBpp0091112	dmel	FBpp0192282	dsec
OG0000000	FBpp0091112	dmel	FBpp0192519	dsec
OG0000000	FBpp0091112	dmel	FBpp0192625	dsec
OG0000000	FBpp0091112	dmel	FBpp0192643	dsec
OG0000000	FBpp0091112	dmel	FBpp0192658	dsec
OG0000000	FBpp0091112	dmel	FBpp0192661	dsec
OG0000000	FBpp0091112	dmel	FBpp0193130	dsec
OG0000000	FBpp0091112	dmel	FBpp0193185	dsec
OG0000000	FBpp0091112	dmel	FBpp0193188	dsec
OG0000000	FBpp0091112	dmel	FBpp0193551	dsec
OG0000000	FBpp0091112	dmel	FBpp0193862	dsec
OG0000000	FBpp0091112	dmel	FBpp0194479	dsec
OG0000000	FBpp0091112	dmel	FBpp0194601	dsec
OG0000000	FBpp0091112	dmel	FBpp0194616	dsec
OG0000000	FBpp0091112	dmel	FBpp0194656	dsec
OG0000000	FBpp0091112	dmel	FBpp0194670	dsec
OG0000000	FBpp0091112	dmel	FBpp0194673	dsec
OG0000000	FBpp0091112	dmel	FBpp0194675	dsec
OG0000000	FBpp0091112	dmel	FBpp0195020	dsec
OG0000000	FBpp0091112	dmel	FBpp0195059	dsec
OG0000000	FBpp0091112	dmel	FBpp0195103	dsec
OG0000000	FBpp0091112	dmel	FBpp0195106	dsec
OG0000000	FBpp0091112	dmel	FBpp0195153	dsec
OG0000000	FBpp0091112	dmel	FBpp0196610	dsec
OG0000000	FBpp0091112	dmel	FBpp0196930	dsec
OG0000000	FBpp0091112	dmel	FBpp0197585	dsec
OG0000000	FBpp0091112	dmel	FBpp0197709	dsec
OG0000000	FBpp0091112	dmel	FBpp0197734	dsec
OG0000000	FBpp0091112	dmel	FBpp0197757	dsec
OG0000000	FBpp0091112	dmel	FBpp0197874	dsec
OG0000000	FBpp0091112	dmel	FBpp0197880	dsec
OG0000000	FBpp0091112	dmel	FBpp0198355	dsec
OG0000000	FBpp0091112	dmel	FBpp0198875	dsec
OG0000000	FBpp0091112	dmel	FBpp0198919	dsec
OG0000000	FBpp0091112	dmel	FBpp0200000	dsec
OG0000000	FBpp0091112	dmel	FBpp0200212	dsec
OG0000000	FBpp0091112	dmel	FBpp0200282	dsec
OG0000000	FBpp0091112	dmel	FBpp0200288	dsec
OG0000000	FBpp0091112	dmel	FBpp0200309	dsec
OG0000000	FBpp0091112	dmel	FBpp0200788	dsec
OG0000000	FBpp0091112	dmel	FBpp0200791	dsec
OG0000000	FBpp0091112	dmel	FBpp0200802	dsec
OG0000000	FBpp0091112	dmel	FBpp0200820	dsec
OG0000000	FBpp0091112	dmel	FBpp0200828	dsec
OG0000000	FBpp0091112	dmel	FBpp0201125	dsec
OG0000000	FBpp0091112	dmel	FBpp0201132	dsec
OG0000000	FBpp0091112	dmel	FBpp0201147	dsec
OG0000000	FBpp0091112	dmel	FBpp0201188	dsec
OG0000000	FBpp0091112	dmel	FBpp0201196	dsec
OG0000000	FBpp0091112	dmel	FBpp0201199	dsec
OG0000000	FBpp0091112	dmel	FBpp0201203	dsec
OG0000000	FBpp0091112	dmel	FBpp0201206	dsec
OG0000000	FBpp0091112	dmel	FBpp0201215	dsec
OG0000000	FBpp0091112	dmel	FBpp0201217	dsec
OG0000000	FBpp0091112	dmel	FBpp0201228	dsec
OG0000000	FBpp0091112	dmel	FBpp0201230	dsec
OG0000000	FBpp0091112	dmel	FBpp0201236	dsec
OG0000000	FBpp0091112	dmel	FBpp0202429	dsec
OG0000000	FBpp0091112	dmel	FBpp0203427	dsec
OG0000000	FBpp0091112	dmel	FBpp0203580	dsec
OG0000000	FBpp0091112	dmel	FBpp0204902	dsec
OG0000000	FBpp0091112	dmel	FBpp0205671	dsec
OG0000000	FBpp0091112	dmel	FBpp0206444	dsec
OG0000000	FBpp0091112	dmel	FBpp0206602	dsec
OG0000000	FBpp0091112	dmel	FBpp0208138	dsec
OG0000000	FBpp0091112	dmel	FBpp0208204	dsec
OG0000000	FBpp0071280	dmel	FBpp0221721	dsim
OG0000000	FBpp0071280	dmel	FBpp0313116	dsim
OG0000000	FBpp0078649	dmel	FBpp0313116	dsim
OG0000000	FBpp0078649	dmel	FBpp0323186	dsim
OG0000000	FBpp0085250	dmel	FBpp0221721	dsim
OG0000000	FBpp0085250	dmel	FBpp0313116	dsim
OG0000000	FBpp0085250	dmel	FBpp0323186	dsim
OG0000000	FBpp0091051	dmel	FBpp0221721	dsim
OG0000000	FBpp0091051	dmel	FBpp0323186	dsim
OG0000000	FBpp0091053	dmel	FBpp0221721	dsim
OG0000000	FBpp0091053	dmel	FBpp0323186	dsim
OG0000000	FBpp0091056	dmel	FBpp0221721	dsim
OG0000000	FBpp0091056	dmel	FBpp0323186	dsim
OG0000000	FBpp0091058	dmel	FBpp0221721	dsim
OG0000000	FBpp0091058	dmel	FBpp0313116	dsim
OG0000000	FBpp0091058	dmel	FBpp0323186	dsim
OG0000000	FBpp0091061	dmel	FBpp0221721	dsim
OG0000000	FBpp0091061	dmel	FBpp0323186	dsim
OG0000000	FBpp0091064	dmel	FBpp0221721	dsim
OG0000000	FBpp0091064	dmel	FBpp0323186	dsim
OG0000000	FBpp0091067	dmel	FBpp0221721	dsim
OG0000000	FBpp0091067	dmel	FBpp0323186	dsim
OG0000000	FBpp0091070	dmel	FBpp0221721	dsim
OG0000000	FBpp0091070	dmel	FBpp0323186	dsim
OG0000000	FBpp0091073	dmel	FBpp0221721	dsim
OG0000000	FBpp0091073	dmel	FBpp0323186	dsim
OG0000000	FBpp0091076	dmel	FBpp0221721	dsim
OG0000000	FBpp0091076	dmel	FBpp0323186	dsim
OG0000000	FBpp0091079	dmel	FBpp0221721	dsim
OG0000000	FBpp0091079	dmel	FBpp0313116	dsim
OG0000000	FBpp0091079	dmel	FBpp0323186	dsim
OG0000000	FBpp0091082	dmel	FBpp0221721	dsim
OG0000000	FBpp0091082	dmel	FBpp0323186	dsim
OG0000000	FBpp0091085	dmel	FBpp0221721	dsim
OG0000000	FBpp0091085	dmel	FBpp0323186	dsim
OG0000000	FBpp0091088	dmel	FBpp0221721	dsim
OG0000000	FBpp0091088	dmel	FBpp0323186	dsim
OG0000000	FBpp0091091	dmel	FBpp0221721	dsim
OG0000000	FBpp0091091	dmel	FBpp0323186	dsim
OG0000000	FBpp0091094	dmel	FBpp0221721	dsim
OG0000000	FBpp0091094	dmel	FBpp0323186	dsim
OG0000000	FBpp0091097	dmel	FBpp0221721	dsim
OG0000000	FBpp0091097	dmel	FBpp0323186	dsim
OG0000000	FBpp0091100	dmel	FBpp0221721	dsim
OG0000000	FBpp0091100	dmel	FBpp0313116	dsim
OG0000000	FBpp0091100	dmel	FBpp0323186	dsim
OG0000000	FBpp0091103	dmel	FBpp0221721	dsim
OG0000000	FBpp0091103	dmel	FBpp0323186	dsim
OG0000000	FBpp0091106	dmel	FBpp0221721	dsim
OG0000000	FBpp0091106	dmel	FBpp0323186	dsim
OG0000000	FBpp0091109	dmel	FBpp0221721	dsim
OG0000000	FBpp0091109	dmel	FBpp0323186	dsim
OG0000000	FBpp0091112	dmel	FBpp0221721	dsim
OG0000000	FBpp0091112	dmel	FBpp0313116	dsim
OG0000000	FBpp0091112	dmel	FBpp0323186	dsim
OG0000000	FBpp0192282	dsec	FBpp0221721	dsim
OG0000000	FBpp0192282	dsec	FBpp0323186	dsim
OG0000000	FBpp0192519	dsec	FBpp0221721	dsim
OG0000000	FBpp0192519	dsec	FBpp0323186	dsim
OG0000000	FBpp0192625	dsec	FBpp0221721	dsim
OG0000000	FBpp0192625	dsec	FBpp0323186	dsim
OG0000000	FBpp0192643	dsec	FBpp0221721	dsim
OG0000000	FBpp0192643	dsec	FBpp0323186	dsim
OG0000000	FBpp0192658	dsec	FBpp0221721	dsim
OG0000000	FBpp0192658	dsec	FBpp0323186	dsim
OG0000000	FBpp0192661	dsec	FBpp0221721	dsim
OG0000000	FBpp0192661	dsec	FBpp0323186	dsim
OG0000000	FBpp0193130	dsec	FBpp0221721	dsim
OG0000000	FBpp0193130	dsec	FBpp0323186	dsim
OG0000000	FBpp0193185	dsec	FBpp0221721	dsim
OG0000000	FBpp0193185	dsec	FBpp0313116	dsim
OG0000000	FBpp0193185	dsec	FBpp0323186	dsim
OG0000000	FBpp0193188	dsec	FBpp0221721	dsim
OG0000000	FBpp0193188	dsec	FBpp0323186	dsim
OG0000000	FBpp0193551	dsec	FBpp0221721	dsim
OG0000000	FBpp0193551	dsec	FBpp0323186	dsim
OG0000000	FBpp0193862	dsec	FBpp0221721	dsim
OG0000000	FBpp0193862	dsec	FBpp0323186	dsim
OG0000000	FBpp0194479	dsec	FBpp0221721	dsim
OG0000000	FBpp0194479	dsec	FBpp0323186	dsim
OG0000000	FBpp0194601	dsec	FBpp0221721	dsim
OG0000000	FBpp0194601	dsec	FBpp0323186	dsim
OG0000000	FBpp0194616	dsec	FBpp0221721	dsim
OG0000000	FBpp0194616	dsec	FBpp0323186	dsim
OG0000000	FBpp0194656	dsec	FBpp0221721	dsim
OG0000000	FBpp0194656	dsec	FBpp0323186	dsim
OG0000000	FBpp0194670	dsec	FBpp0221721	dsim
OG0000000	FBpp0194670	dsec	FBpp0313116	dsim
OG0000000	FBpp0194670	dsec	FBpp0323186	dsim
OG0000000	FBpp0194673	dsec	FBpp0221721	dsim
OG0000000	FBpp0194673	dsec	FBpp0313116	dsim
OG0000000	FBpp0194673	dsec	FBpp0323186	dsim
OG0000000	FBpp0194675	dsec	FBpp0221721	dsim
OG0000000	FBpp0194675	dsec	FBpp0313116	dsim
OG0000000	FBpp0194675	dsec	FBpp0323186	dsim
OG0000000	FBpp0195020	dsec	FBpp0221721	dsim
OG0000000	FBpp0195020	dsec	FBpp0323186	dsim
OG0000000	FBpp0195059	dsec	FBpp0221721	dsim
OG0000000	FBpp0195059	dsec	FBpp0323186	dsim
OG0000000	FBpp0195103	dsec	FBpp0221721	dsim
OG0000000	FBpp0195103	dsec	FBpp0323186	dsim
OG0000000	FBpp0195106	dsec	FBpp0221721	dsim
OG0000000	FBpp0195106	dsec	FBpp0323186	dsim
OG0000000	FBpp0195153	dsec	FBpp0221721	dsim
OG0000000	FBpp0195153	dsec	FBpp0313116	dsim
OG0000000	FBpp0196610	dsec	FBpp0221721	dsim
OG0000000	FBpp0196610	dsec	FBpp0323186	dsim
OG0000000	FBpp0196930	dsec	FBpp0221721	dsim
OG0000000	FBpp0196930	dsec	FBpp0323186	dsim
OG0000000	FBpp0197585	dsec	FBpp0221721	dsim
OG0000000	FBpp0197585	dsec	FBpp0323186	dsim
OG0000000	FBpp0197709	dsec	FBpp0221721	dsim
OG0000000	FBpp0197709	dsec	FBpp0323186	dsim
OG0000000	FBpp0197734	dsec	FBpp0221721	dsim
OG0000000	FBpp0197734	dsec	FBpp0323186	dsim
OG0000000	FBpp0197757	dsec	FBpp0221721	dsim
OG0000000	FBpp0197757	dsec	FBpp0323186	dsim
OG0000000	FBpp0197874	dsec	FBpp0221721	dsim
OG0000000	FBpp0197874	dsec	FBpp0323186	dsim
OG0000000	FBpp0197880	dsec	FBpp0221721	dsim
OG0000000	FBpp0197880	dsec	FBpp0323186	dsim
OG0000000	FBpp0198355	dsec	FBpp0221721	dsim
OG0000000	FBpp0198355	dsec	FBpp0323186	dsim
OG0000000	FBpp0198875	dsec	FBpp0221721	dsim
OG0000000	FBpp0198875	dsec	FBpp0323186	dsim
OG0000000	FBpp0198919	dsec	FBpp0221721	dsim
OG0000000	FBpp0198919	dsec	FBpp0323186	dsim
OG0000000	FBpp0200000	dsec	FBpp0313116	dsim
OG0000000	FBpp0200000	dsec	FBpp0323186	dsim
OG0000000	FBpp0200212	dsec	FBpp0221721	dsim
OG0000000	FBpp0200212	dsec	FBpp0323186	dsim
OG0000000	FBpp0200282	dsec	FBpp0221721	dsim
OG0000000	FBpp0200282	dsec	FBpp0323186	dsim
OG0000000	FBpp0200288	dsec	FBpp0221721	dsim
OG0000000	FBpp0200288	dsec	FBpp0323186	dsim
OG0000000	FBpp0200309	dsec	FBpp0221721	dsim
OG0000000	FBpp0200309	dsec	FBpp0323186	dsim
OG0000000	FBpp0200788	dsec	FBpp0221721	dsim
OG0000000	FBpp0200788	dsec	FBpp0323186	dsim
OG0000000	FBpp0200791	dsec	FBpp0221721	dsim
OG0000000	FBpp0200791	dsec	FBpp0323186	dsim
OG0000000	FBpp0200802	dsec	FBpp0221721	dsim
OG0000000	FBpp0200802	dsec	FBpp0323186	dsim
OG0000000	FBpp0200820	dsec	FBpp0221721	dsim
OG0000000	FBpp0200820	dsec	FBpp0323186	dsim
OG0000000	FBpp0200828	dsec	FBpp0221721	dsim
OG0000000	FBpp0200828	dsec	FBpp0323186	dsim
OG0000000	FBpp0201125	dsec	FBpp0221721	dsim
OG0000000	FBpp0201125	dsec	FBpp0323186	dsim
OG0000000	FBpp0201132	dsec	FBpp0221721	dsim
OG0000000	FBpp0201132	dsec	FBpp0323186	dsim
OG0000000	FBpp0201147	dsec	FBpp0221721	dsim
OG0000000	FBpp0201147	dsec	FBpp0323186	dsim
OG0000000	FBpp0201186	dsec	FBpp0221721	dsim
OG0000000	FBpp0201186	dsec	FBpp0313116	dsim
OG0000000	FBpp0201186	dsec	FBpp0323186	dsim
OG0000000	FBpp0201188	dsec	FBpp0221721	dsim
OG0000000	FBpp0201188	dsec	FBpp0313116	dsim
OG0000000	FBpp0201188	dsec	FBpp0323186	dsim
OG0000000	FBpp0201196	dsec	FBpp0221721	dsim
OG0000000	FBpp0201196	dsec	FBpp0313116	dsim
OG0000000	FBpp0201196	dsec	FBpp0323186	dsim
OG0000000	FBpp0201199	dsec	FBpp0221721	dsim
OG0000000	FBpp0201199	dsec	FBpp0313116	dsim
OG0000000	FBpp0201199	dsec	FBpp0323186	dsim
OG0000000	FBpp0201203	dsec	FBpp0221721	dsim
OG0000000	FBpp0201203	dsec	FBpp0313116	dsim
OG0000000	FBpp0201203	dsec	FBpp0323186	dsim
OG0000000	FBpp0201206	dsec	FBpp0221721	dsim
OG0000000	FBpp0201206	dsec	FBpp0313116	dsim
OG0000000	FBpp0201206	dsec	FBpp0323186	dsim
OG0000000	FBpp0201215	dsec	FBpp0221721	dsim
OG0000000	FBpp0201215	dsec	FBpp0323186	dsim
OG0000000	FBpp0201217	dsec	FBpp0221721	dsim
OG0000000	FBpp0201217	dsec	FBpp0323186	dsim
OG0000000	FBpp0201228	dsec	FBpp0221721	dsim
OG0000000	FBpp0201228	dsec	FBpp0323186	dsim
OG0000000	FBpp0201230	dsec	FBpp0221721	dsim
OG0000000	FBpp0201230	dsec	FBpp0323186	dsim
OG0000000	FBpp0201236	dsec	FBpp0221721	dsim
OG0000000	FBpp0201236	dsec	FBpp0323186	dsim
OG0000000	FBpp0202429	dsec	FBpp0221721	dsim
OG0000000	FBpp0202429	dsec	FBpp0323186	dsim
OG0000000	FBpp0203427	dsec	FBpp0221721	dsim
OG0000000	FBpp0203427	dsec	FBpp0323186	dsim
OG0000000	FBpp0203580	dsec	FBpp0221721	dsim
OG0000000	FBpp0203580	dsec	FBpp0323186	dsim
OG0000000	FBpp0204902	dsec	FBpp0221721	dsim
OG0000000	FBpp0204902	dsec	FBpp0323186	dsim
OG0000000	FBpp0205671	dsec	FBpp0221721	dsim
OG0000000	FBpp0205671	dsec	FBpp0323186	dsim
OG0000000	FBpp0206444	dsec	FBpp0221721	dsim
OG0000000	FBpp0206444	dsec	FBpp0323186	dsim
OG0000000	FBpp0206602	dsec	FBpp0221721	dsim
OG0000000	FBpp0206602	dsec	FBpp0323186	dsim
OG0000000	FBpp0208138	dsec	FBpp0221721	dsim
OG0000000	FBpp0208138	dsec	FBpp0323186	dsim
OG0000000	FBpp0208204	dsec	FBpp0221721	dsim
OG0000000	FBpp0208204	dsec	FBpp0323186	dsim
OG0000001	FBpp0085248	dmel	FBpp0191892	dsec
OG0000001	FBpp0085248	dmel	FBpp0191942	dsec
OG0000001	FBpp0085248	dmel	FBpp0192517	dsec
OG0000001	FBpp0085248	dmel	FBpp0192587	dsec
OG0000001	FBpp0085248	dmel	FBpp0192600	dsec
OG0000001	FBpp0085248	dmel	FBpp0192641	dsec
OG0000001	FBpp0085248	dmel	FBpp0192644	dsec
OG0000001	FBpp0085248	dmel	FBpp0192659	dsec
OG0000001	FBpp0085248	dmel	FBpp0192958	dsec
OG0000001	FBpp0085248	dmel	FBpp0193115	dsec
OG0000001	FBpp0085248	dmel	FBpp0193186	dsec
OG0000001	FBpp0085248	dmel	FBpp0193424	dsec
OG0000001	FBpp0085248	dmel	FBpp0193646	dsec
OG0000001	FBpp0085248	dmel	FBpp0194435	dsec
OG0000001	FBpp0085248	dmel	FBpp0194443	dsec
OG0000001	FBpp0085248	dmel	FBpp0194674	dsec
OG0000001	FBpp0085248	dmel	FBpp0194681	dsec
OG0000001	FBpp0085248	dmel	FBpp0195022	dsec
OG0000001	FBpp0085248	dmel	FBpp0195036	dsec
OG0000001	FBpp0085248	dmel	FBpp0195077	dsec
OG0000001	FBpp0085248	dmel	FBpp0195104	dsec
OG0000001	FBpp0085248	dmel	FBpp0196951	dsec
OG0000001	FBpp0085248	dmel	FBpp0197717	dsec
OG0000001	FBpp0085248	dmel	FBpp0198365	dsec
OG0000001	FBpp0085248	dmel	FBpp0198393	dsec
OG0000001	FBpp0085248	dmel	FBpp0198396	dsec
OG0000001	FBpp0085248	dmel	FBpp0198420	dsec
OG0000001	FBpp0085248	dmel	FBpp0199327	dsec
OG0000001	FBpp0085248	dmel	FBpp0200753	dsec
OG0000001	FBpp0085248	dmel	FBpp0200787	dsec
OG0000001	FBpp0085248	dmel	FBpp0200798	dsec
OG0000001	FBpp0085248	dmel	FBpp0201077	dsec
OG0000001	FBpp0085248	dmel	FBpp0201086	dsec
OG0000001	FBpp0085248	dmel	FBpp0201150	dsec
OG0000001	FBpp0085248	dmel	FBpp0201191	dsec
OG0000001	FBpp0085248	dmel	FBpp0201194	dsec
OG0000001	FBpp0085248	dmel	FBpp0201197	dsec
OG0000001	FBpp0085248	dmel	FBpp0201200	dsec
OG0000001	FBpp0085248	dmel	FBpp0201204	dsec
OG0000001	FBpp0085248	dmel	FBpp0201216	dsec
OG0000001	FBpp0085248	dmel	FBpp0201218	dsec
OG0000001	FBpp0085248	dmel	FBpp0201231	dsec
OG0000001	FBpp0085248	dmel	FBpp0201234	dsec
OG0000001	FBpp0085248	dmel	FBpp0203684	dsec
OG0000001	FBpp0085248	dmel	FBpp0207673	dsec
OG0000001	FBpp0085248	dmel	FBpp0208179	dsec
OG0000001	FBpp0085248	dmel	FBpp0208183	dsec
OG0000001	FBpp0091050	dmel	FBpp0191892	dsec
OG0000001	FBpp0091050	dmel	FBpp0191942	dsec
OG0000001	FBpp0091050	dmel	FBpp0192517	dsec
OG0000001	FBpp0091050	dmel	FBpp0192587	dsec
OG0000001	FBpp0091050	dmel	FBpp0192600	dsec
OG0000001	FBpp0091050	dmel	FBpp0192641	dsec
OG0000001	FBpp0091050	dmel	FBpp0192644	dsec
OG0000001	FBpp0091050	dmel	FBpp0192659	dsec
OG0000001	FBpp0091050	dmel	FBpp0192958	dsec
OG0000001	FBpp0091050	dmel	FBpp0193115	dsec
OG0000001	FBpp0091050	dmel	FBpp0193183	dsec
OG0000001	FBpp0091050	dmel	FBpp0193186	dsec
OG0000001	FBpp0091050	dmel	FBpp0193424	dsec
OG0000001	FBpp0091050	dmel	FBpp0193646	dsec
OG0000001	FBpp0091050	dmel	FBpp0194435	dsec
OG0000001	FBpp0091050	dmel	FBpp0194443	dsec
OG0000001	FBpp0091050	dmel	FBpp0194671	dsec
OG0000001	FBpp0091050	dmel	FBpp0194674	dsec
OG0000001	FBpp0091050	dmel	FBpp0194681	dsec
OG0000001	FBpp0091050	dmel	FBpp0195022	dsec
OG0000001	FBpp0091050	dmel	FBpp0195036	dsec
OG0000001	FBpp0091050	dmel	FBpp0195077	dsec
OG0000001	FBpp0091050	dmel	FBpp0195104	dsec
OG0000001	FBpp0091050	dmel	FBpp0196951	dsec
OG0000001	FBpp0091050	dmel	FBpp0197717	dsec
OG0000001	FBpp0091050	dmel	FBpp0198365	dsec
OG0000001	FBpp0091050	dmel	FBpp0198393	dsec
OG0000001	FBpp0091050	dmel	FBpp0198396	dsec
OG0000001	FBpp0091050	dmel	FBpp0198420	dsec
OG0000001	FBpp0091050	dmel	FBpp0199327	dsec
OG0000001	FBpp0091050	dmel	FBpp0200753	dsec
OG0000001	FBpp0091050	dmel	FBpp0200787	dsec
OG0000001	FBpp0091050	dmel	FBpp0200798	dsec
OG0000001	FBpp0091050	dmel	FBpp0201077	dsec
OG0000001	FBpp0091050	dmel	FBpp0201086	dsec
OG0000001	FBpp0091050	dmel	FBpp0201150	dsec
OG0000001	FBpp0091050	dmel	FBpp0201185	dsec
OG0000001	FBpp0091050	dmel	FBpp0201191	dsec
OG0000001	FBpp0091050	dmel	FBpp0201194	dsec
OG0000001	FBpp0091050	dmel	FBpp0201200	dsec
OG0000001	FBpp0091050	dmel	FBpp0201204	dsec
OG0000001	FBpp0091050	dmel	FBpp0201216	dsec
OG0000001	FBpp0091050	dmel	FBpp0201218	dsec
OG0000001	FBpp0091050	dmel	FBpp0201231	dsec
OG0000001	FBpp0091050	dmel	FBpp0201234	dsec
OG0000001	FBpp0091050	dmel	FBpp0203684	dsec
OG0000001	FBpp0091050	dmel	FBpp0207673	dsec
OG0000001	FBpp0091050	dmel	FBpp0208179	dsec
OG0000001	FBpp0091050	dmel	FBpp0208183	dsec
OG0000001	FBpp0091052	dmel	FBpp0193183	dsec
OG0000001	FBpp0091052	dmel	FBpp0194671	dsec
OG0000001	FBpp0091052	dmel	FBpp0194674	dsec
OG0000001	FBpp0091052	dmel	FBpp0201185	dsec
OG0000001	FBpp0091052	dmel	FBpp0201191	dsec
OG0000001	FBpp0091052	dmel	FBpp0201194	dsec
OG0000001	FBpp0091052	dmel	FBpp0201197	dsec
OG0000001	FBpp0091052	dmel	FBpp0201200	dsec
OG0000001	FBpp0091052	dmel	FBpp0201204	dsec
OG0000001	FBpp0091054	dmel	FBpp0193183	dsec
OG0000001	FBpp0091054	dmel	FBpp0194671	dsec
OG0000001	FBpp0091054	dmel	FBpp0194674	dsec
OG0000001	FBpp0091054	dmel	FBpp0201185	dsec
OG0000001	FBpp0091054	dmel	FBpp0201191	dsec
OG0000001	FBpp0091054	dmel	FBpp0201194	dsec
OG0000001	FBpp0091054	dmel	FBpp0201197	dsec
OG0000001	FBpp0091054	dmel	FBpp0201200	dsec
OG0000001	FBpp0091054	dmel	FBpp0201204	dsec
OG0000001	FBpp0091057	dmel	FBpp0191892	dsec
OG0000001	FBpp0091057	dmel	FBpp0191942	dsec
OG0000001	FBpp0091057	dmel	FBpp0192517	dsec
OG0000001	FBpp0091057	dmel	FBpp0192587	dsec
OG0000001	FBpp0091057	dmel	FBpp0192600	dsec
OG0000001	FBpp0091057	dmel	FBpp0192641	dsec
OG0000001	FBpp0091057	dmel	FBpp0192644	dsec
OG0000001	FBpp0091057	dmel	FBpp0192659	dsec
OG0000001	FBpp0091057	dmel	FBpp0192958	dsec
OG0000001	FBpp0091057	dmel	FBpp0193115	dsec
OG0000001	FBpp0091057	dmel	FBpp0193183	dsec
OG0000001	FBpp0091057	dmel	FBpp0193186	dsec
OG0000001	FBpp0091057	dmel	FBpp0193424	dsec
OG0000001	FBpp0091057	dmel	FBpp0193646	dsec
OG0000001	FBpp0091057	dmel	FBpp0194435	dsec
OG0000001	FBpp0091057	dmel	FBpp0194443	dsec
OG0000001	FBpp0091057	dmel	FBpp0194681	dsec
OG0000001	FBpp0091057	dmel	FBpp0195022	dsec
OG0000001	FBpp0091057	dmel	FBpp0195036	dsec
OG0000001	FBpp0091057	dmel	FBpp0195077	dsec
OG0000001	FBpp0091057	dmel	FBpp0195104	dsec
OG0000001	FBpp0091057	dmel	FBpp0196951	dsec
OG0000001	FBpp0091057	dmel	FBpp0197717	dsec
OG0000001	FBpp0091057	dmel	FBpp0198365	dsec
OG0000001	FBpp0091057	dmel	FBpp0198393	dsec
OG0000001	FBpp0091057	dmel	FBpp0198396	dsec
OG0000001	FBpp0091057	dmel	FBpp0198420	dsec
OG0000001	FBpp0091057	dmel	FBpp0199327	dsec
OG0000001	FBpp0091057	dmel	FBpp0200753	dsec
OG0000001	FBpp0091057	dmel	FBpp0200787	dsec
OG0000001	FBpp0091057	dmel	FBpp0200798	dsec
OG0000001	FBpp0091057	dmel	FBpp0201077	dsec
OG0000001	FBpp0091057	dmel	FBpp0201086	dsec
OG0000001	FBpp0091057	dmel	FBpp0201150	dsec
OG0000001	FBpp0091057	dmel	FBpp0201185	dsec
OG0000001	FBpp0091057	dmel	FBpp0201216	dsec
OG0000001	FBpp0091057	dmel	FBpp0201218	dsec
OG0000001	FBpp0091057	dmel	FBpp0201231	dsec
OG0000001	FBpp0091057	dmel	FBpp0201234	dsec
OG0000001	FBpp0091057	dmel	FBpp0203684	dsec
OG0000001	FBpp0091057	dmel	FBpp0207673	dsec
OG0000001	FBpp0091057	dmel	FBpp0208179	dsec
OG0000001	FBpp0091057	dmel	FBpp0208183	dsec
OG0000001	FBpp0091059	dmel	FBpp0191892	dsec
OG0000001	FBpp0091059	dmel	FBpp0191942	dsec
OG0000001	FBpp0091059	dmel	FBpp0192517	dsec
OG0000001	FBpp0091059	dmel	FBpp0192587	dsec
OG0000001	FBpp0091059	dmel	FBpp0192600	dsec
OG0000001	FBpp0091059	dmel	FBpp0192641	dsec
OG0000001	FBpp0091059	dmel	FBpp0192644	dsec
OG0000001	FBpp0091059	dmel	FBpp0192659	dsec
OG0000001	FBpp0091059	dmel	FBpp0192958	dsec
OG0000001	FBpp0091059	dmel	FBpp0193115	dsec
OG0000001	FBpp0091059	dmel	FBpp0193183	dsec
OG0000001	FBpp0091059	dmel	FBpp0193186	dsec
OG0000001	FBpp0091059	dmel	FBpp0193424	dsec
OG0000001	FBpp0091059	dmel	FBpp0193646	dsec
OG0000001	FBpp0091059	dmel	FBpp0194435	dsec
OG0000001	FBpp0091059	dmel	FBpp0194443	dsec
OG0000001	FBpp0091059	dmel	FBpp0194671	dsec
OG0000001	FBpp0091059	dmel	FBpp0194674	dsec
OG0000001	FBpp0091059	dmel	FBpp0194681	dsec
OG0000001	FBpp0091059	dmel	FBpp0195022	dsec
OG0000001	FBpp0091059	dmel	FBpp0195036	dsec
OG0000001	FBpp0091059	dmel	FBpp0195077	dsec
OG0000001	FBpp0091059	dmel	FBpp0195104	dsec
OG0000001	FBpp0091059	dmel	FBpp0196951	dsec
OG0000001	FBpp0091059	dmel	FBpp0197717	dsec
OG0000001	FBpp0091059	dmel	FBpp0198365	dsec
OG0000001	FBpp0091059	dmel	FBpp0198393	dsec
OG0000001	FBpp0091059	dmel	FBpp0198396	dsec
OG0000001	FBpp0091059	dmel	FBpp0198420	dsec
OG0000001	FBpp0091059	dmel	FBpp0199327	dsec
OG0000001	FBpp0091059	dmel	FBpp0200753	dsec
OG0000001	FBpp0091059	dmel	FBpp0200787	dsec
OG0000001	FBpp0091059	dmel	FBpp0200798	dsec
OG0000001	FBpp0091059	dmel	FBpp0201077	dsec
OG0000001	FBpp0091059	dmel	FBpp0201086	dsec
OG0000001	FBpp0091059	dmel	FBpp0201150	dsec
OG0000001	FBpp0091059	dmel	FBpp0201185	dsec
OG0000001	FBpp0091059	dmel	FBpp0201191	dsec
OG0000001	FBpp0091059	dmel	FBpp0201194	dsec
OG0000001	FBpp0091059	dmel	FBpp0201200	dsec
OG0000001	FBpp0091059	dmel	FBpp0201204	dsec
OG0000001	FBpp0091059	dmel	FBpp0201216	dsec
OG0000001	FBpp0091059	dmel	FBpp0201218	dsec
OG0000001	FBpp0091059	dmel	FBpp0201231	dsec
OG0000001	FBpp0091059	dmel	FBpp0201234	dsec
OG0000001	FBpp0091059	dmel	FBpp0203684	dsec
OG0000001	FBpp0091059	dmel	FBpp0207673	dsec
OG0000001	FBpp0091059	dmel	FBpp0208179	dsec
OG0000001	FBpp0091059	dmel	FBpp0208183	dsec
OG0000001	FBpp0091062	dmel	FBpp0191892	dsec
OG0000001	FBpp0091062	dmel	FBpp0191942	dsec
OG0000001	FBpp0091062	dmel	FBpp0192517	dsec
OG0000001	FBpp0091062	dmel	FBpp0192587	dsec
OG0000001	FBpp0091062	dmel	FBpp0192600	dsec
OG0000001	FBpp0091062	dmel	FBpp0192641	dsec
OG0000001	FBpp0091062	dmel	FBpp0192644	dsec
OG0000001	FBpp0091062	dmel	FBpp0192659	dsec
OG0000001	FBpp0091062	dmel	FBpp0192958	dsec
OG0000001	FBpp0091062	dmel	FBpp0193115	dsec
OG0000001	FBpp0091062	dmel	FBpp0193183	dsec
OG0000001	FBpp0091062	dmel	FBpp0193186	dsec
OG0000001	FBpp0091062	dmel	FBpp0193424	dsec
OG0000001	FBpp0091062	dmel	FBpp0193646	dsec
OG0000001	FBpp0091062	dmel	FBpp0194435	dsec
OG0000001	FBpp0091062	dmel	FBpp0194443	dsec
OG0000001	FBpp0091062	dmel	FBpp0194671	dsec
OG0000001	FBpp0091062	dmel	FBpp0194674	dsec
OG0000001	FBpp0091062	dmel	FBpp0194681	dsec
OG0000001	FBpp0091062	dmel	FBpp0195022	dsec
OG0000001	FBpp0091062	dmel	FBpp0195036	dsec
OG0000001	FBpp0091062	dmel	FBpp0195077	dsec
OG0000001	FBpp0091062	dmel	FBpp0195104	dsec
OG0000001	FBpp0091062	dmel	FBpp0196951	dsec
OG0000001	FBpp0091062	dmel	FBpp0197717	dsec
OG0000001	FBpp0091062	dmel	FBpp0198365	dsec
OG0000001	FBpp0091062	dmel	FBpp0198393	dsec
OG0000001	FBpp0091062	dmel	FBpp0198396	dsec
OG0000001	FBpp0091062	dmel	FBpp0198420	dsec
OG0000001	FBpp0091062	dmel	FBpp0199327	dsec
OG0000001	FBpp0091062	dmel	FBpp0200753	dsec
OG0000001	FBpp0091062	dmel	FBpp0200787	dsec
OG0000001	FBpp0091062	dmel	FBpp0200798	dsec
OG0000001	FBpp0091062	dmel	FBpp0201077	dsec
OG0000001	FBpp0091062	dmel	FBpp0201086	dsec
OG0000001	FBpp0091062	dmel	FBpp0201150	dsec
OG0000001	FBpp0091062	dmel	FBpp0201185	dsec
OG0000001	FBpp0091062	dmel	FBpp0201191	dsec
OG0000001	FBpp0091062	dmel	FBpp0201194	dsec
OG0000001	FBpp0091062	dmel	FBpp0201200	dsec
OG0000001	FBpp0091062	dmel	FBpp0201204	dsec
OG0000001	FBpp0091062	dmel	FBpp0201216	dsec
OG0000001	FBpp0091062	dmel	FBpp0201218	dsec
OG0000001	FBpp0091062	dmel	FBpp0201231	dsec
OG0000001	FBpp0091062	dmel	FBpp0201234	dsec
OG0000001	FBpp0091062	dmel	FBpp0203684	dsec
OG0000001	FBpp0091062	dmel	FBpp0207673	dsec
OG0000001	FBpp0091062	dmel	FBpp0208179	dsec
OG0000001	FBpp0091062	dmel	FBpp0208183	dsec
OG0000001	FBpp0091065	dmel	FBpp0193183	dsec
OG0000001	FBpp0091065	dmel	FBpp0194671	dsec
OG0000001	FBpp0091065	dmel	FBpp0194674	dsec
OG0000001	FBpp0091065	dmel	FBpp0201185	dsec
OG0000001	FBpp0091065	dmel	FBpp0201191	dsec
OG0000001	FBpp0091065	dmel	FBpp0201194	dsec
OG0000001	FBpp0091065	dmel	FBpp0201197	dsec
OG0000001	FBpp0091065	dmel	FBpp0201200	dsec
OG0000001	FBpp0091065	dmel	FBpp0201204	dsec
OG0000001	FBpp0091068	dmel	FBpp0193183	dsec
OG0000001	FBpp0091068	dmel	FBpp0194671	dsec
OG0000001	FBpp0091068	dmel	FBpp0194674	dsec
OG0000001	FBpp0091068	dmel	FBpp0201185	dsec
OG0000001	FBpp0091068	dmel	FBpp0201191	dsec
OG0000001	FBpp0091068	dmel	FBpp0201194	dsec
OG0000001	FBpp0091068	dmel	FBpp0201197	dsec
OG0000001	FBpp0091068	dmel	FBpp0201200	dsec
OG0000001	FBpp0091068	dmel	FBpp0201204	dsec
OG0000001	FBpp0091071	dmel	FBpp0193183	dsec
OG0000001	FBpp0091071	dmel	FBpp0194671	dsec
OG0000001	FBpp0091071	dmel	FBpp0194674	dsec
OG0000001	FBpp0091071	dmel	FBpp0201185	dsec
OG0000001	FBpp0091071	dmel	FBpp0201191	dsec
OG0000001	FBpp0091071	dmel	FBpp0201194	dsec
OG0000001	FBpp0091071	dmel	FBpp0201197	dsec
OG0000001	FBpp0091071	dmel	FBpp0201200	dsec
OG0000001	FBpp0091071	dmel	FBpp0201204	dsec
OG0000001	FBpp0091074	dmel	FBpp0193183	dsec
OG0000001	FBpp0091074	dmel	FBpp0194671	dsec
OG0000001	FBpp0091074	dmel	FBpp0194674	dsec
OG0000001	FBpp0091074	dmel	FBpp0201185	dsec
OG0000001	FBpp0091074	dmel	FBpp0201191	dsec
OG0000001	FBpp0091074	dmel	FBpp0201194	dsec
OG0000001	FBpp0091074	dmel	FBpp0201197	dsec
OG0000001	FBpp0091074	dmel	FBpp0201200	dsec
OG0000001	FBpp0091074	dmel	FBpp0201204	dsec
OG0000001	FBpp0091077	dmel	FBpp0193183	dsec
OG0000001	FBpp0091077	dmel	FBpp0194671	dsec
OG0000001	FBpp0091077	dmel	FBpp0194674	dsec
OG0000001	FBpp0091077	dmel	FBpp0201185	dsec
OG0000001	FBpp0091077	dmel	FBpp0201191	dsec
OG0000001	FBpp0091077	dmel	FBpp0201194	dsec
OG0000001	FBpp0091077	dmel	FBpp0201197	dsec
OG0000001	FBpp0091077	dmel	FBpp0201200	dsec
OG0000001	FBpp0091077	dmel	FBpp0201204	dsec
OG0000001	FBpp0091080	dmel	FBpp0191892	dsec
OG0000001	FBpp0091080	dmel	FBpp0191942	dsec
OG0000001	FBpp0091080	dmel	FBpp0192517	dsec
OG0000001	FBpp0091080	dmel	FBpp0192587	dsec
OG0000001	FBpp0091080	dmel	FBpp0192600	dsec
OG0000001	FBpp0091080	dmel	FBpp0192641	dsec
OG0000001	FBpp0091080	dmel	FBpp0192644	dsec
OG0000001	FBpp0091080	dmel	FBpp0192659	dsec
OG0000001	FBpp0091080	dmel	FBpp0192958	dsec
OG0000001	FBpp0091080	dmel	FBpp0193115	dsec
OG0000001	FBpp0091080	dmel	FBpp0193183	dsec
OG0000001	FBpp0091080	dmel	FBpp0193186	dsec
OG0000001	FBpp0091080	dmel	FBpp0193424	dsec
OG0000001	FBpp0091080	dmel	FBpp0193646	dsec
OG0000001	FBpp0091080	dmel	FBpp0194435	dsec
OG0000001	FBpp0091080	dmel	FBpp0194443	dsec
OG0000001	FBpp0091080	dmel	FBpp0194671	dsec
OG0000001	FBpp0091080	dmel	FBpp0194674	dsec
OG0000001	FBpp0091080	dmel	FBpp0194681	dsec
OG0000001	FBpp0091080	dmel	FBpp0195022	dsec
OG0000001	FBpp0091080	dmel	FBpp0195036	dsec
OG0000001	FBpp0091080	dmel	FBpp0195077	dsec
OG0000001	FBpp0091080	dmel	FBpp0195104	dsec
OG0000001	FBpp0091080	dmel	FBpp0196951	dsec
OG0000001	FBpp0091080	dmel	FBpp0197717	dsec
OG0000001	FBpp0091080	dmel	FBpp0198365	dsec
OG0000001	FBpp0091080	dmel	FBpp0198393	dsec
OG0000001	FBpp0091080	dmel	FBpp0198396	dsec
OG0000001	FBpp0091080	dmel	FBpp0198420	dsec
OG0000001	FBpp0091080	dmel	FBpp0199327	dsec
OG0000001	FBpp0091080	dmel	FBpp0200753	dsec
OG0000001	FBpp0091080	dmel	FBpp0200787	dsec
OG0000001	FBpp0091080	dmel	FBpp0200798	dsec
OG0000001	FBpp0091080	dmel	FBpp0201077	dsec
OG0000001	FBpp0091080	dmel	FBpp0201086	dsec
OG0000001	FBpp0091080	dmel	FBpp0201150	dsec
OG0000001	FBpp0091080	dmel	FBpp0201185	dsec
OG0000001	FBpp0091080	dmel	FBpp0201191	dsec
OG0000001	FBpp0091080	dmel	FBpp0201194	dsec
OG0000001	FBpp0091080	dmel	FBpp0201200	dsec
OG0000001	FBpp0091080	dmel	FBpp0201204	dsec
OG0000001	FBpp0091080	dmel	FBpp0201216	dsec
OG0000001	FBpp0091080	dmel	FBpp0201218	dsec
OG0000001	FBpp0091080	dmel	FBpp0201231	dsec
OG0000001	FBpp0091080	dmel	FBpp0201234	dsec
OG0000001	FBpp0091080	dmel	FBpp0203684	dsec
OG0000001	FBpp0091080	dmel	FBpp0207673	dsec
OG0000001	FBpp0091080	dmel	FBpp0208179	dsec
OG0000001	FBpp0091080	dmel	FBpp0208183	dsec
OG0000001	FBpp0091083	dmel	FBpp0193183	dsec
OG0000001	FBpp0091083	dmel	FBpp0194671	dsec
OG0000001	FBpp0091083	dmel	FBpp0194674	dsec
OG0000001	FBpp0091083	dmel	FBpp0201185	dsec
OG0000001	FBpp0091083	dmel	FBpp0201191	dsec
OG0000001	FBpp0091083	dmel	FBpp0201194	dsec
OG0000001	FBpp0091083	dmel	FBpp0201197	dsec
OG0000001	FBpp0091083	dmel	FBpp0201200	dsec
OG0000001	FBpp0091083	dmel	FBpp0201204	dsec
OG0000001	FBpp0091086	dmel	FBpp0193183	dsec
OG0000001	FBpp0091086	dmel	FBpp0194671	dsec
OG0000001	FBpp0091086	dmel	FBpp0194674	dsec
OG0000001	FBpp0091086	dmel	FBpp0201185	dsec
OG0000001	FBpp0091086	dmel	FBpp0201191	dsec
OG0000001	FBpp0091086	dmel	FBpp0201194	dsec
OG0000001	FBpp0091086	dmel	FBpp0201197	dsec
OG0000001	FBpp0091086	dmel	FBpp0201200	dsec
OG0000001	FBpp0091086	dmel	FBpp0201204	dsec
OG0000001	FBpp0091089	dmel	FBpp0193183	dsec
OG0000001	FBpp0091089	dmel	FBpp0194671	dsec
OG0000001	FBpp0091089	dmel	FBpp0194674	dsec
OG0000001	FBpp0091089	dmel	FBpp0201185	dsec
OG0000001	FBpp0091089	dmel	FBpp0201191	dsec
OG0000001	FBpp0091089	dmel	FBpp0201194	dsec
OG0000001	FBpp0091089	dmel	FBpp0201197	dsec
OG0000001	FBpp0091089	dmel	FBpp0201200	dsec
OG0000001	FBpp0091089	dmel	FBpp0201204	dsec
OG0000001	FBpp0091092	dmel	FBpp0193183	dsec
OG0000001	FBpp0091092	dmel	FBpp0194671	dsec
OG0000001	FBpp0091092	dmel	FBpp0194674	dsec
OG0000001	FBpp0091092	dmel	FBpp0201185	dsec
OG0000001	FBpp0091092	dmel	FBpp0201191	dsec
OG0000001	FBpp0091092	dmel	FBpp0201194	dsec
OG0000001	FBpp0091092	dmel	FBpp0201197	dsec
OG0000001	FBpp0091092	dmel	FBpp0201200	dsec
OG0000001	FBpp0091092	dmel	FBpp0201204	dsec
OG0000001	FBpp0091095	dmel	FBpp0193183	dsec
OG0000001	FBpp0091095	dmel	FBpp0194671	dsec
OG0000001	FBpp0091095	dmel	FBpp0194674	dsec
OG0000001	FBpp0091095	dmel	FBpp0201185	dsec
OG0000001	FBpp0091095	dmel	FBpp0201191	dsec
OG0000001	FBpp0091095	dmel	FBpp0201194	dsec
OG0000001	FBpp0091095	dmel	FBpp0201197	dsec
OG0000001	FBpp0091095	dmel	FBpp0201200	dsec
OG0000001	FBpp0091095	dmel	FBpp0201204	dsec
OG0000001	FBpp0091098	dmel	FBpp0193183	dsec
OG0000001	FBpp0091098	dmel	FBpp0194671	dsec
OG0000001	FBpp0091098	dmel	FBpp0194674	dsec
OG0000001	FBpp0091098	dmel	FBpp0201185	dsec
OG0000001	FBpp0091098	dmel	FBpp0201191	dsec
OG0000001	FBpp0091098	dmel	FBpp0201194	dsec
OG0000001	FBpp0091098	dmel	FBpp0201197	dsec
OG0000001	FBpp0091098	dmel	FBpp0201200	dsec
OG0000001	FBpp0091098	dmel	FBpp0201204	dsec
OG0000001	FBpp0091101	dmel	FBpp0191892	dsec
OG0000001	FBpp0091101	dmel	FBpp0191942	dsec
OG0000001	FBpp0091101	dmel	FBpp0192517	dsec
OG0000001	FBpp0091101	dmel	FBpp0192587	dsec
OG0000001	FBpp0091101	dmel	FBpp0192600	dsec
OG0000001	FBpp0091101	dmel	FBpp0192641	dsec
OG0000001	FBpp0091101	dmel	FBpp0192644	dsec
OG0000001	FBpp0091101	dmel	FBpp0192659	dsec
OG0000001	FBpp0091101	dmel	FBpp0192958	dsec
OG0000001	FBpp0091101	dmel	FBpp0193115	dsec
OG0000001	FBpp0091101	dmel	FBpp0193183	dsec
OG0000001	FBpp0091101	dmel	FBpp0193186	dsec
OG0000001	FBpp0091101	dmel	FBpp0193424	dsec
OG0000001	FBpp0091101	dmel	FBpp0193646	dsec
OG0000001	FBpp0091101	dmel	FBpp0194435	dsec
OG0000001	FBpp0091101	dmel	FBpp0194443	dsec
OG0000001	FBpp0091101	dmel	FBpp0194671	dsec
OG0000001	FBpp0091101	dmel	FBpp0194674	dsec
OG0000001	FBpp0091101	dmel	FBpp0194681	dsec
OG0000001	FBpp0091101	dmel	FBpp0195022	dsec
OG0000001	FBpp0091101	dmel	FBpp0195036	dsec
OG0000001	FBpp0091101	dmel	FBpp0195077	dsec
OG0000001	FBpp0091101	dmel	FBpp0195104	dsec
OG0000001	FBpp0091101	dmel	FBpp0196951	dsec
OG0000001	FBpp0091101	dmel	FBpp0197717	dsec
OG0000001	FBpp0091101	dmel	FBpp0198365	dsec
OG0000001	FBpp0091101	dmel	FBpp0198393	dsec
OG0000001	FBpp0091101	dmel	FBpp0198396	dsec
OG0000001	FBpp0091101	dmel	FBpp0198420	dsec
OG0000001	FBpp0091101	dmel	FBpp0199327	dsec
OG0000001	FBpp0091101	dmel	FBpp0200753	dsec
OG0000001	FBpp0091101	dmel	FBpp0200787	dsec
OG0000001	FBpp0091101	dmel	FBpp0200798	dsec
OG0000001	FBpp0091101	dmel	FBpp0201077	dsec
OG0000001	FBpp0091101	dmel	FBpp0201086	dsec
OG0000001	FBpp0091101	dmel	FBpp0201150	dsec
OG0000001	FBpp0091101	dmel	FBpp0201185	dsec
OG0000001	FBpp0091101	dmel	FBpp0201191	dsec
OG0000001	FBpp0091101	dmel	FBpp0201194	dsec
OG0000001	FBpp0091101	dmel	FBpp0201200	dsec
OG0000001	FBpp0091101	dmel	FBpp0201204	dsec
OG0000001	FBpp0091101	dmel	FBpp0201216	dsec
OG0000001	FBpp0091101	dmel	FBpp0201218	dsec
OG0000001	FBpp0091101	dmel	FBpp0201231	dsec
OG0000001	FBpp0091101	dmel	FBpp0201234	dsec
OG0000001	FBpp0091101	dmel	FBpp0203684	dsec
OG0000001	FBpp0091101	dmel	FBpp0207673	dsec
OG0000001	FBpp0091101	dmel	FBpp0208179	dsec
OG0000001	FBpp0091101	dmel	FBpp0208183	dsec
OG0000001	FBpp0091104	dmel	FBpp0193183	dsec
OG0000001	FBpp0091104	dmel	FBpp0194671	dsec
OG0000001	FBpp0091104	dmel	FBpp0194674	dsec
OG0000001	FBpp0091104	dmel	FBpp0201185	dsec
OG0000001	FBpp0091104	dmel	FBpp0201191	dsec
OG0000001	FBpp0091104	dmel	FBpp0201194	dsec
OG0000001	FBpp0091104	dmel	FBpp0201197	dsec
OG0000001	FBpp0091104	dmel	FBpp0201200	dsec
OG0000001	FBpp0091104	dmel	FBpp0201204	dsec
OG0000001	FBpp0091107	dmel	FBpp0193183	dsec
OG0000001	FBpp0091107	dmel	FBpp0194671	dsec
OG0000001	FBpp0091107	dmel	FBpp0194674	dsec
OG0000001	FBpp0091107	dmel	FBpp0201185	dsec
OG0000001	FBpp0091107	dmel	FBpp0201191	dsec
OG0000001	FBpp0091107	dmel	FBpp0201194	dsec
OG0000001	FBpp0091107	dmel	FBpp0201197	dsec
OG0000001	FBpp0091107	dmel	FBpp0201200	dsec
OG0000001	FBpp0091107	dmel	FBpp0201204	dsec
OG0000001	FBpp0091110	dmel	FBpp0193183	dsec
OG0000001	FBpp0091110	dmel	FBpp0194671	dsec
OG0000001	FBpp0091110	dmel	FBpp0194674	dsec
OG0000001	FBpp0091110	dmel	FBpp0201185	dsec
OG0000001	FBpp0091110	dmel	FBpp0201191	dsec
OG0000001	FBpp0091110	dmel	FBpp0201194	dsec
OG0000001	FBpp0091110	dmel	FBpp0201197	dsec
OG0000001	FBpp0091110	dmel	FBpp0201200	dsec
OG0000001	FBpp0091110	dmel	FBpp0201204	dsec
OG0000001	FBpp0085248	dmel	FBpp0211967	dsim
OG0000001	FBpp0085248	dmel	FBpp0222725	dsim
OG0000001	FBpp0085248	dmel	FBpp0318975	dsim
OG0000001	FBpp0091050	dmel	FBpp0211967	dsim
OG0000001	FBpp0091050	dmel	FBpp0222725	dsim
OG0000001	FBpp0091050	dmel	FBpp0318975	dsim
OG0000001	FBpp0091057	dmel	FBpp0211967	dsim
OG0000001	FBpp0091057	dmel	FBpp0222725	dsim
OG0000001	FBpp0091057	dmel	FBpp0318975	dsim
OG0000001	FBpp0091059	dmel	FBpp0211967	dsim
OG0000001	FBpp0091059	dmel	FBpp0222725	dsim
OG0000001	FBpp0091059	dmel	FBpp0318975	dsim
OG0000001	FBpp0091062	dmel	FBpp0211967	dsim
OG0000001	FBpp0091062	dmel	FBpp0222725	dsim
OG0000001	FBpp0091062	dmel	FBpp0318975	dsim
OG0000001	FBpp0091080	dmel	FBpp0211967	dsim
OG0000001	FBpp0091080	dmel	FBpp0222725	dsim
OG0000001	FBpp0091080	dmel	FBpp0318975	dsim
OG0000001	FBpp0091101	dmel	FBpp0211967	dsim
OG0000001	FBpp0091101	dmel	FBpp0222725	dsim
OG0000001	FBpp0091101	dmel	FBpp0318975	dsim
OG0000001	FBpp0193183	dsec	FBpp0211967	dsim
OG0000001	FBpp0193183	dsec	FBpp0222725	dsim
OG0000001	FBpp0193183	dsec	FBpp0318975	dsim
OG0000001	FBpp0194671	dsec	FBpp0211967	dsim
OG0000001	FBpp0194671	dsec	FBpp0222725	dsim
OG0000001	FBpp0194671	dsec	FBpp0318975	dsim
OG0000001	FBpp0194674	dsec	FBpp0211967	dsim
OG0000001	FBpp0194674	dsec	FBpp0222725	dsim
OG0000001	FBpp0194674	dsec	FBpp0318975	dsim
OG0000001	FBpp0201185	dsec	FBpp0211967	dsim
OG0000001	FBpp0201185	dsec	FBpp0222725	dsim
OG0000001	FBpp0201185	dsec	FBpp0318975	dsim
OG0000001	FBpp0201191	dsec	FBpp0211967	dsim
OG0000001	FBpp0201191	dsec	FBpp0222725	dsim
OG0000001	FBpp0201191	dsec	FBpp0318975	dsim
OG0000001	FBpp0201194	dsec	FBpp0211967	dsim
OG0000001	FBpp0201194	dsec	FBpp0222725	dsim
OG0000001	FBpp0201194	dsec	FBpp0318975	dsim
OG0000001	FBpp0201197	dsec	FBpp0211967	dsim
OG0000001	FBpp0201197	dsec	FBpp0222725	dsim
OG0000001	FBpp0201197	dsec	FBpp0318975	dsim
OG0000001	FBpp0201200	dsec	FBpp0211967	dsim
OG0000001	FBpp0201200	dsec	FBpp0222725	dsim
OG0000001	FBpp0201200	dsec	FBpp0318975	dsim
OG0000001	FBpp0201204	dsec	FBpp0211967	dsim
OG0000001	FBpp0201204	dsec	FBpp0222725	dsim
OG0000001	FBpp0201204	dsec	FBpp0318975	dsim
OG0000002	FBpp0085249	dmel	FBpp0192051	dsec
OG0000002	FBpp0085249	dmel	FBpp0197579	dsec
OG0000002	FBpp0085249	dmel	FBpp0197639	dsec
OG0000002	FBpp0085249	dmel	FBpp0197663	dsec
OG0000002	FBpp0085249	dmel	FBpp0197708	dsec
OG0000002	FBpp0085249	dmel	FBpp0197867	dsec
OG0000002	FBpp0085249	dmel	FBpp0198021	dsec
OG0000002	FBpp0085249	dmel	FBpp0198022	dsec
OG0000002	FBpp0085249	dmel	FBpp0198341	dsec
OG0000002	FBpp0085249	dmel	FBpp0198917	dsec
OG0000002	FBpp0085249	dmel	FBpp0200263	dsec
OG0000002	FBpp0085249	dmel	FBpp0200293	dsec
OG0000002	FBpp0085249	dmel	FBpp0200797	dsec
OG0000002	FBpp0085249	dmel	FBpp0200816	dsec
OG0000002	FBpp0085249	dmel	FBpp0200827	dsec
OG0000002	FBpp0085249	dmel	FBpp0200918	dsec
OG0000002	FBpp0085249	dmel	FBpp0201087	dsec
OG0000002	FBpp0085249	dmel	FBpp0201205	dsec
OG0000002	FBpp0085249	dmel	FBpp0201219	dsec
OG0000002	FBpp0085249	dmel	FBpp0201495	dsec
OG0000002	FBpp0085249	dmel	FBpp0203325	dsec
OG0000002	FBpp0085249	dmel	FBpp0203622	dsec
OG0000002	FBpp0085249	dmel	FBpp0203792	dsec
OG0000002	FBpp0085249	dmel	FBpp0203976	dsec
OG0000002	FBpp0091055	dmel	FBpp0201195	dsec
OG0000002	FBpp0091055	dmel	FBpp0201202	dsec
OG0000002	FBpp0091060	dmel	FBpp0201195	dsec
OG0000002	FBpp0091060	dmel	FBpp0201202	dsec
OG0000002	FBpp0091063	dmel	FBpp0201195	dsec
OG0000002	FBpp0091063	dmel	FBpp0201202	dsec
OG0000002	FBpp0091066	dmel	FBpp0201195	dsec
OG0000002	FBpp0091066	dmel	FBpp0201202	dsec
OG0000002	FBpp0091069	dmel	FBpp0201195	dsec
OG0000002	FBpp0091069	dmel	FBpp0201202	dsec
OG0000002	FBpp0091072	dmel	FBpp0201195	dsec
OG0000002	FBpp0091072	dmel	FBpp0201202	dsec
OG0000002	FBpp0091075	dmel	FBpp0201195	dsec
OG0000002	FBpp0091075	dmel	FBpp0201202	dsec
OG0000002	FBpp0091078	dmel	FBpp0201195	dsec
OG0000002	FBpp0091078	dmel	FBpp0201202	dsec
OG0000002	FBpp0091081	dmel	FBpp0201195	dsec
OG0000002	FBpp0091081	dmel	FBpp0201202	dsec
OG0000002	FBpp0091084	dmel	FBpp0201195	dsec
OG0000002	FBpp0091084	dmel	FBpp0201202	dsec
OG0000002	FBpp0091087	dmel	FBpp0201195	dsec
OG0000002	FBpp0091087	dmel	FBpp0201202	dsec
OG0000002	FBpp0091090	dmel	FBpp0201195	dsec
OG0000002	FBpp0091090	dmel	FBpp0201202	dsec
OG0000002	FBpp0091093	dmel	FBpp0201195	dsec
OG0000002	FBpp0091093	dmel	FBpp0201202	dsec
OG0000002	FBpp0091096	dmel	FBpp0201195	dsec
OG0000002	FBpp0091096	dmel	FBpp0201202	dsec
OG0000002	FBpp0091099	dmel	FBpp0201195	dsec
OG0000002	FBpp0091099	dmel	FBpp0201202	dsec
OG0000002	FBpp0091102	dmel	FBpp0201195	dsec
OG0000002	FBpp0091102	dmel	FBpp0201202	dsec
OG0000002	FBpp0091105	dmel	FBpp0201195	dsec
OG0000002	FBpp0091105	dmel	FBpp0201202	dsec
OG0000002	FBpp0091108	dmel	FBpp0201195	dsec
OG0000002	FBpp0091108	dmel	FBpp0201202	dsec
OG0000002	FBpp0091111	dmel	FBpp0192051	dsec
OG0000002	FBpp0091111	dmel	FBpp0197579	dsec
OG0000002	FBpp0091111	dmel	FBpp0197639	dsec
OG0000002	FBpp0091111	dmel	FBpp0197663	dsec
OG0000002	FBpp0091111	dmel	FBpp0197708	dsec
OG0000002	FBpp0091111	dmel	FBpp0197867	dsec
OG0000002	FBpp0091111	dmel	FBpp0198021	dsec
OG0000002	FBpp0091111	dmel	FBpp0198022	dsec
OG0000002	FBpp0091111	dmel	FBpp0198341	dsec
OG0000002	FBpp0091111	dmel	FBpp0198917	dsec
OG0000002	FBpp0091111	dmel	FBpp0200263	dsec
OG0000002	FBpp0091111	dmel	FBpp0200293	dsec
OG0000002	FBpp0091111	dmel	FBpp0200797	dsec
OG0000002	FBpp0091111	dmel	FBpp0200816	dsec
OG0000002	FBpp0091111	dmel	FBpp0200827	dsec
OG0000002	FBpp0091111	dmel	FBpp0200918	dsec
OG0000002	FBpp0091111	dmel	FBpp0201087	dsec
OG0000002	FBpp0091111	dmel	FBpp0201202	dsec
OG0000002	FBpp0091111	dmel	FBpp0201205	dsec
OG0000002	FBpp0091111	dmel	FBpp0201219	dsec
OG0000002	FBpp0091111	dmel	FBpp0201495	dsec
OG0000002	FBpp0091111	dmel	FBpp0203325	dsec
OG0000002	FBpp0091111	dmel	FBpp0203622	dsec
OG0000002	FBpp0091111	dmel	FBpp0203792	dsec
OG0000002	FBpp0091111	dmel	FBpp0203976	dsec
OG0000002	FBpp0085249	dmel	FBpp0222871	dsim
OG0000002	FBpp0091111	dmel	FBpp0222871	dsim
OG0000002	FBpp0201195	dsec	FBpp0222871	dsim
OG0000002	FBpp0201202	dsec	FBpp0222871	dsim
OG0000003	FBpp0085281	dmel	FBpp0201173	dsec
OG0000003	FBpp0085281	dmel	FBpp0201174	dsec
OG0000003	FBpp0085281	dmel	FBpp0201178	dsec
OG0000003	FBpp0085281	dmel	FBpp0201180	dsec
OG0000003	FBpp0091113	dmel	FBpp0191557	dsec
OG0000003	FBpp0091113	dmel	FBpp0194442	dsec
OG0000003	FBpp0091113	dmel	FBpp0196950	dsec
OG0000003	FBpp0091113	dmel	FBpp0197645	dsec
OG0000003	FBpp0091113	dmel	FBpp0197947	dsec
OG0000003	FBpp0091113	dmel	FBpp0198019	dsec
OG0000003	FBpp0091113	dmel	FBpp0198387	dsec
OG0000003	FBpp0091113	dmel	FBpp0198389	dsec
OG0000003	FBpp0091113	dmel	FBpp0198419	dsec
OG0000003	FBpp0091113	dmel	FBpp0198902	dsec
OG0000003	FBpp0091113	dmel	FBpp0199188	dsec
OG0000003	FBpp0091113	dmel	FBpp0200286	dsec
OG0000003	FBpp0091113	dmel	FBpp0200296	dsec
OG0000003	FBpp0091113	dmel	FBpp0200754	dsec
OG0000003	FBpp0091113	dmel	FBpp0200805	dsec
OG0000003	FBpp0091113	dmel	FBpp0200907	dsec
OG0000003	FBpp0091113	dmel	FBpp0201085	dsec
OG0000003	FBpp0091113	dmel	FBpp0201149	dsec
OG0000003	FBpp0091113	dmel	FBpp0201174	dsec
OG0000003	FBpp0091113	dmel	FBpp0201178	dsec
OG0000003	FBpp0091113	dmel	FBpp0201180	dsec
OG0000003	FBpp0091113	dmel	FBpp0201211	dsec
OG0000003	FBpp0091113	dmel	FBpp0201213	dsec
OG0000003	FBpp0091113	dmel	FBpp0201238	dsec
OG0000003	FBpp0091113	dmel	FBpp0203901	dsec
OG0000003	FBpp0091113	dmel	FBpp0204061	dsec
OG0000003	FBpp0091113	dmel	FBpp0204726	dsec
OG0000003	FBpp0091113	dmel	FBpp0204911	dsec
OG0000003	FBpp0091113	dmel	FBpp0205282	dsec
OG0000003	FBpp0091113	dmel	FBpp0205514	dsec
OG0000003	FBpp0091115	dmel	FBpp0201173	dsec
OG0000003	FBpp0091115	dmel	FBpp0201174	dsec
OG0000003	FBpp0091115	dmel	FBpp0201178	dsec
OG0000003	FBpp0091115	dmel	FBpp0201180	dsec
OG0000003	FBpp0091117	dmel	FBpp0201173	dsec
OG0000003	FBpp0091117	dmel	FBpp0201174	dsec
OG0000003	FBpp0091117	dmel	FBpp0201178	dsec
OG0000003	FBpp0091117	dmel	FBpp0201180	dsec
OG0000003	FBpp0091119	dmel	FBpp0201173	dsec
OG0000003	FBpp0091119	dmel	FBpp0201174	dsec
OG0000003	FBpp0091119	dmel	FBpp0201178	dsec
OG0000003	FBpp0091119	dmel	FBpp0201180	dsec
OG0000003	FBpp0091121	dmel	FBpp0201173	dsec
OG0000003	FBpp0091121	dmel	FBpp0201174	dsec
OG0000003	FBpp0091121	dmel	FBpp0201178	dsec
OG0000003	FBpp0091121	dmel	FBpp0201180	dsec
OG0000003	FBpp0091123	dmel	FBpp0201173	dsec
OG0000003	FBpp0091123	dmel	FBpp0201174	dsec
OG0000003	FBpp0091123	dmel	FBpp0201178	dsec
OG0000003	FBpp0091123	dmel	FBpp0201180	dsec
OG0000003	FBpp0091125	dmel	FBpp0201173	dsec
OG0000003	FBpp0091125	dmel	FBpp0201174	dsec
OG0000003	FBpp0091125	dmel	FBpp0201178	dsec
OG0000003	FBpp0091125	dmel	FBpp0201180	dsec
OG0000003	FBpp0091127	dmel	FBpp0201173	dsec
OG0000003	FBpp0091127	dmel	FBpp0201174	dsec
OG0000003	FBpp0091127	dmel	FBpp0201178	dsec
OG0000003	FBpp0091127	dmel	FBpp0201180	dsec
OG0000003	FBpp0091129	dmel	FBpp0201173	dsec
OG0000003	FBpp0091129	dmel	FBpp0201174	dsec
OG0000003	FBpp0091129	dmel	FBpp0201178	dsec
OG0000003	FBpp0091129	dmel	FBpp0201180	dsec
OG0000003	FBpp0091131	dmel	FBpp0201173	dsec
OG0000003	FBpp0091131	dmel	FBpp0201174	dsec
OG0000003	FBpp0091131	dmel	FBpp0201178	dsec
OG0000003	FBpp0091131	dmel	FBpp0201180	dsec
OG0000003	FBpp0091133	dmel	FBpp0201173	dsec
OG0000003	FBpp0091133	dmel	FBpp0201174	dsec
OG0000003	FBpp0091133	dmel	FBpp0201178	dsec
OG0000003	FBpp0091133	dmel	FBpp0201180	dsec
OG0000003	FBpp0091135	dmel	FBpp0201173	dsec
OG0000003	FBpp0091135	dmel	FBpp0201174	dsec
OG0000003	FBpp0091135	dmel	FBpp0201178	dsec
OG0000003	FBpp0091135	dmel	FBpp0201180	dsec
OG0000003	FBpp0091137	dmel	FBpp0201173	dsec
OG0000003	FBpp0091137	dmel	FBpp0201174	dsec
OG0000003	FBpp0091137	dmel	FBpp0201178	dsec
OG0000003	FBpp0091137	dmel	FBpp0201180	dsec
OG0000003	FBpp0091139	dmel	FBpp0201173	dsec
OG0000003	FBpp0091139	dmel	FBpp0201174	dsec
OG0000003	FBpp0091139	dmel	FBpp0201178	dsec
OG0000003	FBpp0091139	dmel	FBpp0201180	dsec
OG0000003	FBpp0091141	dmel	FBpp0201173	dsec
OG0000003	FBpp0091141	dmel	FBpp0201174	dsec
OG0000003	FBpp0091141	dmel	FBpp0201178	dsec
OG0000003	FBpp0091141	dmel	FBpp0201180	dsec
OG0000003	FBpp0091143	dmel	FBpp0201173	dsec
OG0000003	FBpp0091143	dmel	FBpp0201174	dsec
OG0000003	FBpp0091143	dmel	FBpp0201178	dsec
OG0000003	FBpp0091143	dmel	FBpp0201180	dsec
OG0000003	FBpp0091145	dmel	FBpp0201173	dsec
OG0000003	FBpp0091145	dmel	FBpp0201174	dsec
OG0000003	FBpp0091145	dmel	FBpp0201178	dsec
OG0000003	FBpp0091145	dmel	FBpp0201180	dsec
OG0000003	FBpp0091147	dmel	FBpp0201173	dsec
OG0000003	FBpp0091147	dmel	FBpp0201174	dsec
OG0000003	FBpp0091147	dmel	FBpp0201178	dsec
OG0000003	FBpp0091147	dmel	FBpp0201180	dsec
OG0000003	FBpp0091149	dmel	FBpp0191557	dsec
OG0000003	FBpp0091149	dmel	FBpp0194442	dsec
OG0000003	FBpp0091149	dmel	FBpp0196950	dsec
OG0000003	FBpp0091149	dmel	FBpp0197645	dsec
OG0000003	FBpp0091149	dmel	FBpp0197947	dsec
OG0000003	FBpp0091149	dmel	FBpp0198019	dsec
OG0000003	FBpp0091149	dmel	FBpp0198387	dsec
OG0000003	FBpp0091149	dmel	FBpp0198389	dsec
OG0000003	FBpp0091149	dmel	FBpp0198419	dsec
OG0000003	FBpp0091149	dmel	FBpp0198902	dsec
OG0000003	FBpp0091149	dmel	FBpp0199188	dsec
OG0000003	FBpp0091149	dmel	FBpp0200286	dsec
OG0000003	FBpp0091149	dmel	FBpp0200296	dsec
OG0000003	FBpp0091149	dmel	FBpp0200754	dsec
OG0000003	FBpp0091149	dmel	FBpp0200805	dsec
OG0000003	FBpp0091149	dmel	FBpp0200907	dsec
OG0000003	FBpp0091149	dmel	FBpp0201085	dsec
OG0000003	FBpp0091149	dmel	FBpp0201149	dsec
OG0000003	FBpp0091149	dmel	FBpp0201211	dsec
OG0000003	FBpp0091149	dmel	FBpp0201213	dsec
OG0000003	FBpp0091149	dmel	FBpp0201238	dsec
OG0000003	FBpp0091149	dmel	FBpp0203901	dsec
OG0000003	FBpp0091149	dmel	FBpp0204061	dsec
OG0000003	FBpp0091149	dmel	FBpp0204726	dsec
OG0000003	FBpp0091149	dmel	FBpp0204911	dsec
OG0000003	FBpp0091149	dmel	FBpp0205282	dsec
OG0000003	FBpp0091149	dmel	FBpp0205514	dsec
OG0000003	FBpp0091151	dmel	FBpp0201173	dsec
OG0000003	FBpp0091151	dmel	FBpp0201174	dsec
OG0000003	FBpp0091151	dmel	FBpp0201178	dsec
OG0000003	FBpp0091151	dmel	FBpp0201180	dsec
OG0000003	FBpp0091153	dmel	FBpp0201173	dsec
OG0000003	FBpp0091153	dmel	FBpp0201174	dsec
OG0000003	FBpp0091153	dmel	FBpp0201178	dsec
OG0000003	FBpp0091153	dmel	FBpp0201180	dsec
OG0000003	FBpp0091155	dmel	FBpp0201173	dsec
OG0000003	FBpp0091155	dmel	FBpp0201174	dsec
OG0000003	FBpp0091155	dmel	FBpp0201178	dsec
OG0000003	FBpp0091155	dmel	FBpp0201180	dsec
OG0000003	FBpp0091113	dmel	FBpp0220707	dsim
OG0000003	FBpp0091149	dmel	FBpp0220707	dsim
OG0000003	FBpp0201173	dsec	FBpp0220707	dsim
OG0000003	FBpp0201174	dsec	FBpp0220707	dsim
OG0000003	FBpp0201178	dsec	FBpp0220707	dsim
OG0000003	FBpp0201180	dsec	FBpp0220707	dsim
OG0000005	FBpp0072283	dmel	FBpp0193589	dsec
OG0000005	FBpp0072283	dmel	FBpp0193597	dsec
OG0000005	FBpp0072283	dmel	FBpp0193598	dsec
OG0000005	FBpp0072283	dmel	FBpp0193929	dsec
OG0000005	FBpp0072283	dmel	FBpp0194394	dsec
OG0000005	FBpp0072283	dmel	FBpp0195468	dsec
OG0000005	FBpp0072283	dmel	FBpp0198607	dsec
OG0000005	FBpp0072283	dmel	FBpp0199255	dsec
OG0000005	FBpp0072283	dmel	FBpp0201589	dsec
OG0000005	FBpp0072283	dmel	FBpp0202914	dsec
OG0000005	FBpp0072283	dmel	FBpp0203669	dsec
OG0000005	FBpp0072283	dmel	FBpp0204933	dsec
OG0000005	FBpp0072283	dmel	FBpp0205228	dsec
OG0000005	FBpp0072283	dmel	FBpp0207451	dsec
OG0000005	FBpp0072283	dmel	FBpp0207716	dsec
OG0000005	FBpp0090991	dmel	FBpp0193377	dsec
OG0000005	FBpp0090991	dmel	FBpp0193589	dsec
OG0000005	FBpp0090991	dmel	FBpp0193597	dsec
OG0000005	FBpp0090991	dmel	FBpp0193598	dsec
OG0000005	FBpp0090991	dmel	FBpp0193929	dsec
OG0000005	FBpp0090991	dmel	FBpp0194394	dsec
OG0000005	FBpp0090991	dmel	FBpp0195468	dsec
OG0000005	FBpp0090991	dmel	FBpp0198607	dsec
OG0000005	FBpp0090991	dmel	FBpp0199255	dsec
OG0000005	FBpp0090991	dmel	FBpp0201589	dsec
OG0000005	FBpp0090991	dmel	FBpp0202914	dsec
OG0000005	FBpp0090991	dmel	FBpp0203669	dsec
OG0000005	FBpp0090991	dmel	FBpp0204933	dsec
OG0000005	FBpp0090991	dmel	FBpp0205228	dsec
OG0000005	FBpp0090991	dmel	FBpp0207451	dsec
OG0000005	FBpp0090992	dmel	FBpp0193377	dsec
OG0000005	FBpp0090992	dmel	FBpp0193589	dsec
OG0000005	FBpp0090992	dmel	FBpp0193597	dsec
OG0000005	FBpp0090992	dmel	FBpp0193598	dsec
OG0000005	FBpp0090992	dmel	FBpp0193929	dsec
OG0000005	FBpp0090992	dmel	FBpp0194394	dsec
OG0000005	FBpp0090992	dmel	FBpp0195468	dsec
OG0000005	FBpp0090992	dmel	FBpp0198607	dsec
OG0000005	FBpp0090992	dmel	FBpp0201589	dsec
OG0000005	FBpp0090992	dmel	FBpp0202914	dsec
OG0000005	FBpp0090992	dmel	FBpp0203669	dsec
OG0000005	FBpp0090992	dmel	FBpp0205228	dsec
OG0000005	FBpp0090992	dmel	FBpp0207451	dsec
OG0000005	FBpp0090992	dmel	FBpp0207716	dsec
OG0000005	FBpp0091019	dmel	FBpp0193377	dsec
OG0000005	FBpp0091019	dmel	FBpp0193589	dsec
OG0000005	FBpp0091019	dmel	FBpp0193597	dsec
OG0000005	FBpp0091019	dmel	FBpp0193598	dsec
OG0000005	FBpp0091019	dmel	FBpp0194394	dsec
OG0000005	FBpp0091019	dmel	FBpp0195468	dsec
OG0000005	FBpp0091019	dmel	FBpp0198607	dsec
OG0000005	FBpp0091019	dmel	FBpp0199255	dsec
OG0000005	FBpp0091019	dmel	FBpp0201589	dsec
OG0000005	FBpp0091019	dmel	FBpp0202914	dsec
OG0000005	FBpp0091019	dmel	FBpp0203669	dsec
OG0000005	FBpp0091019	dmel	FBpp0204933	dsec
OG0000005	FBpp0091019	dmel	FBpp0205228	dsec
OG0000005	FBpp0091019	dmel	FBpp0207451	dsec
OG0000005	FBpp0091019	dmel	FBpp0207716	dsec
OG0000005	FBpp0091027	dmel	FBpp0193377	dsec
OG0000005	FBpp0091027	dmel	FBpp0193589	dsec
OG0000005	FBpp0091027	dmel	FBpp0193597	dsec
OG0000005	FBpp0091027	dmel	FBpp0193598	dsec
OG0000005	FBpp0091027	dmel	FBpp0193929	dsec
OG0000005	FBpp0091027	dmel	FBpp0194394	dsec
OG0000005	FBpp0091027	dmel	FBpp0198607	dsec
OG0000005	FBpp0091027	dmel	FBpp0199255	dsec
OG0000005	FBpp0091027	dmel	FBpp0201589	dsec
OG0000005	FBpp0091027	dmel	FBpp0202914	dsec
OG0000005	FBpp0091027	dmel	FBpp0203669	dsec
OG0000005	FBpp0091027	dmel	FBpp0204933	dsec
OG0000005	FBpp0091027	dmel	FBpp0205228	dsec
OG0000005	FBpp0091027	dmel	FBpp0207451	dsec
OG0000005	FBpp0091027	dmel	FBpp0207716	dsec
OG0000005	FBpp0091035	dmel	FBpp0193377	dsec
OG0000005	FBpp0091035	dmel	FBpp0193589	dsec
OG0000005	FBpp0091035	dmel	FBpp0193597	dsec
OG0000005	FBpp0091035	dmel	FBpp0193598	dsec
OG0000005	FBpp0091035	dmel	FBpp0193929	dsec
OG0000005	FBpp0091035	dmel	FBpp0195468	dsec
OG0000005	FBpp0091035	dmel	FBpp0198607	dsec
OG0000005	FBpp0091035	dmel	FBpp0199255	dsec
OG0000005	FBpp0091035	dmel	FBpp0201589	dsec
OG0000005	FBpp0091035	dmel	FBpp0202914	dsec
OG0000005	FBpp0091035	dmel	FBpp0203669	dsec
OG0000005	FBpp0091035	dmel	FBpp0204933	dsec
OG0000005	FBpp0091035	dmel	FBpp0205228	dsec
OG0000005	FBpp0091035	dmel	FBpp0207451	dsec
OG0000005	FBpp0091035	dmel	FBpp0207716	dsec
OG0000005	FBpp0091038	dmel	FBpp0193377	dsec
OG0000005	FBpp0091038	dmel	FBpp0193589	dsec
OG0000005	FBpp0091038	dmel	FBpp0193597	dsec
OG0000005	FBpp0091038	dmel	FBpp0193598	dsec
OG0000005	FBpp0091038	dmel	FBpp0193929	dsec
OG0000005	FBpp0091038	dmel	FBpp0194394	dsec
OG0000005	FBpp0091038	dmel	FBpp0195468	dsec
OG0000005	FBpp0091038	dmel	FBpp0198607	dsec
OG0000005	FBpp0091038	dmel	FBpp0199255	dsec
OG0000005	FBpp0091038	dmel	FBpp0201589	dsec
OG0000005	FBpp0091038	dmel	FBpp0203669	dsec
OG0000005	FBpp0091038	dmel	FBpp0204933	dsec
OG0000005	FBpp0091038	dmel	FBpp0205228	dsec
OG0000005	FBpp0091038	dmel	FBpp0207451	dsec
OG0000005	FBpp0091038	dmel	FBpp0207716	dsec
OG0000005	FBpp0091048	dmel	FBpp0193377	dsec
OG0000005	FBpp0091048	dmel	FBpp0193589	dsec
OG0000005	FBpp0091048	dmel	FBpp0193597	dsec
OG0000005	FBpp0091048	dmel	FBpp0193598	dsec
OG0000005	FBpp0091048	dmel	FBpp0193929	dsec
OG0000005	FBpp0091048	dmel	FBpp0194394	dsec
OG0000005	FBpp0091048	dmel	FBpp0195468	dsec
OG0000005	FBpp0091048	dmel	FBpp0198607	dsec
OG0000005	FBpp0091048	dmel	FBpp0199255	dsec
OG0000005	FBpp0091048	dmel	FBpp0201589	dsec
OG0000005	FBpp0091048	dmel	FBpp0203669	dsec
OG0000005	FBpp0091048	dmel	FBpp0204933	dsec
OG0000005	FBpp0091048	dmel	FBpp0205228	dsec
OG0000005	FBpp0091048	dmel	FBpp0207451	dsec
OG0000005	FBpp0091048	dmel	FBpp0207716	dsec
OG0000005	FBpp0091157	dmel	FBpp0193377	dsec
OG0000005	FBpp0091157	dmel	FBpp0193589	dsec
OG0000005	FBpp0091157	dmel	FBpp0193597	dsec
OG0000005	FBpp0091157	dmel	FBpp0193598	dsec
OG0000005	FBpp0091157	dmel	FBpp0193929	dsec
OG0000005	FBpp0091157	dmel	FBpp0194394	dsec
OG0000005	FBpp0091157	dmel	FBpp0195468	dsec
OG0000005	FBpp0091157	dmel	FBpp0198607	dsec
OG0000005	FBpp0091157	dmel	FBpp0199255	dsec
OG0000005	FBpp0091157	dmel	FBpp0201589	dsec
OG0000005	FBpp0091157	dmel	FBpp0202914	dsec
OG0000005	FBpp0091157	dmel	FBpp0204933	dsec
OG0000005	FBpp0091157	dmel	FBpp0205228	dsec
OG0000005	FBpp0091157	dmel	FBpp0207451	dsec
OG0000005	FBpp0091157	dmel	FBpp0207716	dsec
OG0000005	FBpp0091160	dmel	FBpp0193377	dsec
OG0000005	FBpp0091160	dmel	FBpp0193597	dsec
OG0000005	FBpp0091160	dmel	FBpp0193598	dsec
OG0000005	FBpp0091160	dmel	FBpp0193929	dsec
OG0000005	FBpp0091160	dmel	FBpp0195468	dsec
OG0000005	FBpp0091160	dmel	FBpp0198607	dsec
OG0000005	FBpp0091160	dmel	FBpp0199255	dsec
OG0000005	FBpp0091160	dmel	FBpp0201589	dsec
OG0000005	FBpp0091160	dmel	FBpp0202914	dsec
OG0000005	FBpp0091160	dmel	FBpp0203669	dsec
OG0000005	FBpp0091160	dmel	FBpp0204933	dsec
OG0000005	FBpp0091160	dmel	FBpp0205228	dsec
OG0000005	FBpp0091160	dmel	FBpp0207451	dsec
OG0000005	FBpp0091160	dmel	FBpp0207716	dsec
OG0000005	FBpp0091161	dmel	FBpp0193377	dsec
OG0000005	FBpp0091161	dmel	FBpp0193597	dsec
OG0000005	FBpp0091161	dmel	FBpp0193598	dsec
OG0000005	FBpp0091161	dmel	FBpp0193929	dsec
OG0000005	FBpp0091161	dmel	FBpp0194394	dsec
OG0000005	FBpp0091161	dmel	FBpp0195468	dsec
OG0000005	FBpp0091161	dmel	FBpp0198607	dsec
OG0000005	FBpp0091161	dmel	FBpp0199255	dsec
OG0000005	FBpp0091161	dmel	FBpp0201589	dsec
OG0000005	FBpp0091161	dmel	FBpp0202914	dsec
OG0000005	FBpp0091161	dmel	FBpp0203669	dsec
OG0000005	FBpp0091161	dmel	FBpp0204933	dsec
OG0000005	FBpp0091161	dmel	FBpp0205228	dsec
OG0000005	FBpp0091161	dmel	FBpp0207451	dsec
OG0000005	FBpp0091161	dmel	FBpp0207716	dsec
OG0000005	FBpp0091166	dmel	FBpp0193377	dsec
OG0000005	FBpp0091166	dmel	FBpp0193589	dsec
OG0000005	FBpp0091166	dmel	FBpp0193597	dsec
OG0000005	FBpp0091166	dmel	FBpp0193598	dsec
OG0000005	FBpp0091166	dmel	FBpp0193929	dsec
OG0000005	FBpp0091166	dmel	FBpp0194394	dsec
OG0000005	FBpp0091166	dmel	FBpp0195468	dsec
OG0000005	FBpp0091166	dmel	FBpp0199255	dsec
OG0000005	FBpp0091166	dmel	FBpp0201589	dsec
OG0000005	FBpp0091166	dmel	FBpp0202914	dsec
OG0000005	FBpp0091166	dmel	FBpp0203669	dsec
OG0000005	FBpp0091166	dmel	FBpp0204933	dsec
OG0000005	FBpp0091166	dmel	FBpp0205228	dsec
OG0000005	FBpp0091166	dmel	FBpp0207451	dsec
OG0000005	FBpp0091166	dmel	FBpp0207716	dsec
OG0000005	FBpp0110156	dmel	FBpp0193377	dsec
OG0000005	FBpp0110156	dmel	FBpp0193589	dsec
OG0000005	FBpp0110156	dmel	FBpp0193597	dsec
OG0000005	FBpp0110156	dmel	FBpp0193598	dsec
OG0000005	FBpp0110156	dmel	FBpp0193929	dsec
OG0000005	FBpp0110156	dmel	FBpp0194394	dsec
OG0000005	FBpp0110156	dmel	FBpp0195468	dsec
OG0000005	FBpp0110156	dmel	FBpp0198607	dsec
OG0000005	FBpp0110156	dmel	FBpp0199255	dsec
OG0000005	FBpp0110156	dmel	FBpp0201589	dsec
OG0000005	FBpp0110156	dmel	FBpp0202914	dsec
OG0000005	FBpp0110156	dmel	FBpp0203669	dsec
OG0000005	FBpp0110156	dmel	FBpp0204933	dsec
OG0000005	FBpp0110156	dmel	FBpp0205228	dsec
OG0000005	FBpp0110156	dmel	FBpp0207451	dsec
OG0000005	FBpp0110156	dmel	FBpp0207716	dsec
OG0000005	FBpp0292484	dmel	FBpp0193377	dsec
OG0000005	FBpp0292484	dmel	FBpp0193589	dsec
OG0000005	FBpp0292484	dmel	FBpp0193929	dsec
OG0000005	FBpp0292484	dmel	FBpp0194394	dsec
OG0000005	FBpp0292484	dmel	FBpp0195468	dsec
OG0000005	FBpp0292484	dmel	FBpp0198607	dsec
OG0000005	FBpp0292484	dmel	FBpp0199255	dsec
OG0000005	FBpp0292484	dmel	FBpp0201589	dsec
OG0000005	FBpp0292484	dmel	FBpp0202914	dsec
OG0000005	FBpp0292484	dmel	FBpp0203669	dsec
OG0000005	FBpp0292484	dmel	FBpp0204933	dsec
OG0000005	FBpp0292484	dmel	FBpp0205228	dsec
OG0000005	FBpp0292484	dmel	FBpp0207716	dsec
OG0000005	FBpp0310392	dmel	FBpp0193377	dsec
OG0000005	FBpp0310392	dmel	FBpp0193597	dsec
OG0000005	FBpp0310392	dmel	FBpp0193598	dsec
OG0000005	FBpp0310392	dmel	FBpp0193929	dsec
OG0000005	FBpp0310392	dmel	FBpp0194394	dsec
OG0000005	FBpp0310392	dmel	FBpp0195468	dsec
OG0000005	FBpp0310392	dmel	FBpp0198607	dsec
OG0000005	FBpp0310392	dmel	FBpp0199255	dsec
OG0000005	FBpp0310392	dmel	FBpp0201589	dsec
OG0000005	FBpp0310392	dmel	FBpp0202914	dsec
OG0000005	FBpp0310392	dmel	FBpp0203669	dsec
OG0000005	FBpp0310392	dmel	FBpp0204933	dsec
OG0000005	FBpp0310392	dmel	FBpp0205228	dsec
OG0000005	FBpp0310392	dmel	FBpp0207451	dsec
OG0000005	FBpp0310392	dmel	FBpp0207716	dsec
OG0000005	FBpp0428277	dmel	FBpp0193377	dsec
OG0000005	FBpp0428277	dmel	FBpp0193589	dsec
OG0000005	FBpp0428277	dmel	FBpp0193597	dsec
OG0000005	FBpp0428277	dmel	FBpp0193598	dsec
OG0000005	FBpp0428277	dmel	FBpp0193929	dsec
OG0000005	FBpp0428277	dmel	FBpp0194394	dsec
OG0000005	FBpp0428277	dmel	FBpp0195468	dsec
OG0000005	FBpp0428277	dmel	FBpp0198607	dsec
OG0000005	FBpp0428277	dmel	FBpp0199255	dsec
OG0000005	FBpp0428277	dmel	FBpp0202914	dsec
OG0000005	FBpp0428277	dmel	FBpp0203669	dsec
OG0000005	FBpp0428277	dmel	FBpp0204933	dsec
OG0000005	FBpp0428277	dmel	FBpp0205228	dsec
OG0000005	FBpp0428277	dmel	FBpp0207451	dsec
OG0000005	FBpp0428277	dmel	FBpp0207716	dsec
OG0000005	FBpp0072283	dmel	FBpp0209298	dsim
OG0000005	FBpp0072283	dmel	FBpp0209337	dsim
OG0000005	FBpp0072283	dmel	FBpp0210570	dsim
OG0000005	FBpp0072283	dmel	FBpp0211672	dsim
OG0000005	FBpp0072283	dmel	FBpp0215067	dsim
OG0000005	FBpp0072283	dmel	FBpp0215165	dsim
OG0000005	FBpp0072283	dmel	FBpp0216665	dsim
OG0000005	FBpp0072283	dmel	FBpp0219182	dsim
OG0000005	FBpp0072283	dmel	FBpp0219957	dsim
OG0000005	FBpp0072283	dmel	FBpp0220273	dsim
OG0000005	FBpp0072283	dmel	FBpp0220757	dsim
OG0000005	FBpp0072283	dmel	FBpp0221317	dsim
OG0000005	FBpp0072283	dmel	FBpp0223991	dsim
OG0000005	FBpp0072283	dmel	FBpp0322478	dsim
OG0000005	FBpp0072283	dmel	FBpp0322964	dsim
OG0000005	FBpp0072283	dmel	FBpp0322983	dsim
OG0000005	FBpp0072283	dmel	FBpp0324071	dsim
OG0000005	FBpp0072283	dmel	FBpp0324371	dsim
OG0000005	FBpp0072283	dmel	FBpp0327479	dsim
OG0000005	FBpp0090991	dmel	FBpp0209298	dsim
OG0000005	FBpp0090991	dmel	FBpp0209337	dsim
OG0000005	FBpp0090991	dmel	FBpp0210570	dsim
OG0000005	FBpp0090991	dmel	FBpp0211672	dsim
OG0000005	FBpp0090991	dmel	FBpp0215067	dsim
OG0000005	FBpp0090991	dmel	FBpp0215165	dsim
OG0000005	FBpp0090991	dmel	FBpp0216665	dsim
OG0000005	FBpp0090991	dmel	FBpp0219957	dsim
OG0000005	FBpp0090991	dmel	FBpp0220273	dsim
OG0000005	FBpp0090991	dmel	FBpp0220757	dsim
OG0000005	FBpp0090991	dmel	FBpp0221317	dsim
OG0000005	FBpp0090991	dmel	FBpp0223991	dsim
OG0000005	FBpp0090991	dmel	FBpp0312715	dsim
OG0000005	FBpp0090991	dmel	FBpp0322478	dsim
OG0000005	FBpp0090991	dmel	FBpp0322964	dsim
OG0000005	FBpp0090991	dmel	FBpp0322983	dsim
OG0000005	FBpp0090991	dmel	FBpp0324071	dsim
OG0000005	FBpp0090991	dmel	FBpp0324371	dsim
OG0000005	FBpp0090991	dmel	FBpp0327479	dsim
OG0000005	FBpp0090992	dmel	FBpp0209298	dsim
OG0000005	FBpp0090992	dmel	FBpp0209337	dsim
OG0000005	FBpp0090992	dmel	FBpp0210570	dsim
OG0000005	FBpp0090992	dmel	FBpp0211672	dsim
OG0000005	FBpp0090992	dmel	FBpp0215067	dsim
OG0000005	FBpp0090992	dmel	FBpp0215165	dsim
OG0000005	FBpp0090992	dmel	FBpp0219182	dsim
OG0000005	FBpp0090992	dmel	FBpp0219957	dsim
OG0000005	FBpp0090992	dmel	FBpp0220273	dsim
OG0000005	FBpp0090992	dmel	FBpp0220757	dsim
OG0000005	FBpp0090992	dmel	FBpp0221317	dsim
OG0000005	FBpp0090992	dmel	FBpp0223991	dsim
OG0000005	FBpp0090992	dmel	FBpp0312715	dsim
OG0000005	FBpp0090992	dmel	FBpp0322478	dsim
OG0000005	FBpp0090992	dmel	FBpp0322964	dsim
OG0000005	FBpp0090992	dmel	FBpp0322983	dsim
OG0000005	FBpp0090992	dmel	FBpp0324071	dsim
OG0000005	FBpp0090992	dmel	FBpp0327479	dsim
OG0000005	FBpp0091019	dmel	FBpp0209298	dsim
OG0000005	FBpp0091019	dmel	FBpp0209337	dsim
OG0000005	FBpp0091019	dmel	FBpp0210570	dsim
OG0000005	FBpp0091019	dmel	FBpp0211672	dsim
OG0000005	FBpp0091019	dmel	FBpp0215067	dsim
OG0000005	FBpp0091019	dmel	FBpp0215165	dsim
OG0000005	FBpp0091019	dmel	FBpp0216665	dsim
OG0000005	FBpp0091019	dmel	FBpp0219182	dsim
OG0000005	FBpp0091019	dmel	FBpp0219957	dsim
OG0000005	FBpp0091019	dmel	FBpp0220273	dsim
OG0000005	FBpp0091019	dmel	FBpp0221317	dsim
OG0000005	FBpp0091019	dmel	FBpp0223991	dsim
OG0000005	FBpp0091019	dmel	FBpp0312715	dsim
OG0000005	FBpp0091019	dmel	FBpp0322478	dsim
OG0000005	FBpp0091019	dmel	FBpp0322964	dsim
OG0000005	FBpp0091019	dmel	FBpp0322983	dsim
OG0000005	FBpp0091019	dmel	FBpp0324071	dsim
OG0000005	FBpp0091019	dmel	FBpp0324371	dsim
OG0000005	FBpp0091019	dmel	FBpp0327479	dsim
OG0000005	FBpp0091027	dmel	FBpp0209298	dsim
OG0000005	FBpp0091027	dmel	FBpp0209337	dsim
OG0000005	FBpp0091027	dmel	FBpp0210570	dsim
OG0000005	FBpp0091027	dmel	FBpp0215067	dsim
OG0000005	FBpp0091027	dmel	FBpp0215165	dsim
OG0000005	FBpp0091027	dmel	FBpp0216665	dsim
OG0000005	FBpp0091027	dmel	FBpp0219182	dsim
OG0000005	FBpp0091027	dmel	FBpp0219957	dsim
OG0000005	FBpp0091027	dmel	FBpp0220273	dsim
OG0000005	FBpp0091027	dmel	FBpp0220757	dsim
OG0000005	FBpp0091027	dmel	FBpp0221317	dsim
OG0000005	FBpp0091027	dmel	FBpp0223991	dsim
OG0000005	FBpp0091027	dmel	FBpp0312715	dsim
OG0000005	FBpp0091027	dmel	FBpp0322478	dsim
OG0000005	FBpp0091027	dmel	FBpp0322964	dsim
OG0000005	FBpp0091027	dmel	FBpp0324071	dsim
OG0000005	FBpp0091027	dmel	FBpp0324371	dsim
OG0000005	FBpp0091027	dmel	FBpp0327479	dsim
OG0000005	FBpp0091035	dmel	FBpp0209298	dsim
OG0000005	FBpp0091035	dmel	FBpp0209337	dsim
OG0000005	FBpp0091035	dmel	FBpp0210570	dsim
OG0000005	FBpp0091035	dmel	FBpp0211672	dsim
OG0000005	FBpp0091035	dmel	FBpp0215067	dsim
OG0000005	FBpp0091035	dmel	FBpp0215165	dsim
OG0000005	FBpp0091035	dmel	FBpp0216665	dsim
OG0000005	FBpp0091035	dmel	FBpp0219182	dsim
OG0000005	FBpp0091035	dmel	FBpp0220273	dsim
OG0000005	FBpp0091035	dmel	FBpp0220757	dsim
OG0000005	FBpp0091035	dmel	FBpp0221317	dsim
OG0000005	FBpp0091035	dmel	FBpp0223991	dsim
OG0000005	FBpp0091035	dmel	FBpp0312715	dsim
OG0000005	FBpp0091035	dmel	FBpp0322478	dsim
OG0000005	FBpp0091035	dmel	FBpp0322964	dsim
OG0000005	FBpp0091035	dmel	FBpp0322983	dsim
OG0000005	FBpp0091035	dmel	FBpp0324071	dsim
OG0000005	FBpp0091035	dmel	FBpp0324371	dsim
OG0000005	FBpp0091035	dmel	FBpp0327479	dsim
OG0000005	FBpp0091038	dmel	FBpp0209298	dsim
OG0000005	FBpp0091038	dmel	FBpp0209337	dsim
OG0000005	FBpp0091038	dmel	FBpp0210570	dsim
OG0000005	FBpp0091038	dmel	FBpp0211672	dsim
OG0000005	FBpp0091038	dmel	FBpp0215067	dsim
OG0000005	FBpp0091038	dmel	FBpp0215165	dsim
OG0000005	FBpp0091038	dmel	FBpp0216665	dsim
OG0000005	FBpp0091038	dmel	FBpp0219182	dsim
OG0000005	FBpp0091038	dmel	FBpp0219957	dsim
OG0000005	FBpp0091038	dmel	FBpp0220273	dsim
OG0000005	FBpp0091038	dmel	FBpp0220757	dsim
OG0000005	FBpp0091038	dmel	FBpp0221317	dsim
OG0000005	FBpp0091038	dmel	FBpp0223991	dsim
OG0000005	FBpp0091038	dmel	FBpp0312715	dsim
OG0000005	FBpp0091038	dmel	FBpp0322478	dsim
OG0000005	FBpp0091038	dmel	FBpp0322983	dsim
OG0000005	FBpp0091038	dmel	FBpp0324071	dsim
OG0000005	FBpp0091038	dmel	FBpp0324371	dsim
OG0000005	FBpp0091038	dmel	FBpp0327479	dsim
OG0000005	FBpp0091048	dmel	FBpp0209298	dsim
OG0000005	FBpp0091048	dmel	FBpp0210570	dsim
OG0000005	FBpp0091048	dmel	FBpp0211672	dsim
OG0000005	FBpp0091048	dmel	FBpp0215067	dsim
OG0000005	FBpp0091048	dmel	FBpp0215165	dsim
OG0000005	FBpp0091048	dmel	FBpp0216665	dsim
OG0000005	FBpp0091048	dmel	FBpp0219182	dsim
OG0000005	FBpp0091048	dmel	FBpp0219957	dsim
OG0000005	FBpp0091048	dmel	FBpp0220273	dsim
OG0000005	FBpp0091048	dmel	FBpp0220757	dsim
OG0000005	FBpp0091048	dmel	FBpp0221317	dsim
OG0000005	FBpp0091048	dmel	FBpp0223991	dsim
OG0000005	FBpp0091048	dmel	FBpp0312715	dsim
OG0000005	FBpp0091048	dmel	FBpp0322478	dsim
OG0000005	FBpp0091048	dmel	FBpp0322964	dsim
OG0000005	FBpp0091048	dmel	FBpp0322983	dsim
OG0000005	FBpp0091048	dmel	FBpp0324071	dsim
OG0000005	FBpp0091048	dmel	FBpp0324371	dsim
OG0000005	FBpp0091048	dmel	FBpp0327479	dsim
OG0000005	FBpp0091157	dmel	FBpp0209298	dsim
OG0000005	FBpp0091157	dmel	FBpp0209337	dsim
OG0000005	FBpp0091157	dmel	FBpp0211672	dsim
OG0000005	FBpp0091157	dmel	FBpp0215067	dsim
OG0000005	FBpp0091157	dmel	FBpp0215165	dsim
OG0000005	FBpp0091157	dmel	FBpp0216665	dsim
OG0000005	FBpp0091157	dmel	FBpp0219182	dsim
OG0000005	FBpp0091157	dmel	FBpp0219957	dsim
OG0000005	FBpp0091157	dmel	FBpp0220273	dsim
OG0000005	FBpp0091157	dmel	FBpp0220757	dsim
OG0000005	FBpp0091157	dmel	FBpp0221317	dsim
OG0000005	FBpp0091157	dmel	FBpp0223991	dsim
OG0000005	FBpp0091157	dmel	FBpp0312715	dsim
OG0000005	FBpp0091157	dmel	FBpp0322478	dsim
OG0000005	FBpp0091157	dmel	FBpp0322964	dsim
OG0000005	FBpp0091157	dmel	FBpp0322983	dsim
OG0000005	FBpp0091157	dmel	FBpp0324071	dsim
OG0000005	FBpp0091157	dmel	FBpp0324371	dsim
OG0000005	FBpp0091157	dmel	FBpp0327479	dsim
OG0000005	FBpp0091160	dmel	FBpp0209298	dsim
OG0000005	FBpp0091160	dmel	FBpp0209337	dsim
OG0000005	FBpp0091160	dmel	FBpp0210570	dsim
OG0000005	FBpp0091160	dmel	FBpp0211672	dsim
OG0000005	FBpp0091160	dmel	FBpp0215165	dsim
OG0000005	FBpp0091160	dmel	FBpp0216665	dsim
OG0000005	FBpp0091160	dmel	FBpp0219182	dsim
OG0000005	FBpp0091160	dmel	FBpp0219957	dsim
OG0000005	FBpp0091160	dmel	FBpp0220273	dsim
OG0000005	FBpp0091160	dmel	FBpp0220757	dsim
OG0000005	FBpp0091160	dmel	FBpp0221317	dsim
OG0000005	FBpp0091160	dmel	FBpp0223991	dsim
OG0000005	FBpp0091160	dmel	FBpp0312715	dsim
OG0000005	FBpp0091160	dmel	FBpp0322964	dsim
OG0000005	FBpp0091160	dmel	FBpp0322983	dsim
OG0000005	FBpp0091160	dmel	FBpp0324071	dsim
OG0000005	FBpp0091160	dmel	FBpp0324371	dsim
OG0000005	FBpp0091160	dmel	FBpp0327479	dsim
OG0000005	FBpp0091161	dmel	FBpp0209298	dsim
OG0000005	FBpp0091161	dmel	FBpp0209337	dsim
OG0000005	FBpp0091161	dmel	FBpp0210570	dsim
OG0000005	FBpp0091161	dmel	FBpp0211672	dsim
OG0000005	FBpp0091161	dmel	FBpp0215067	dsim
OG0000005	FBpp0091161	dmel	FBpp0215165	dsim
OG0000005	FBpp0091161	dmel	FBpp0216665	dsim
OG0000005	FBpp0091161	dmel	FBpp0219182	dsim
OG0000005	FBpp0091161	dmel	FBpp0219957	dsim
OG0000005	FBpp0091161	dmel	FBpp0220273	dsim
OG0000005	FBpp0091161	dmel	FBpp0220757	dsim
OG0000005	FBpp0091161	dmel	FBpp0223991	dsim
OG0000005	FBpp0091161	dmel	FBpp0312715	dsim
OG0000005	FBpp0091161	dmel	FBpp0322478	dsim
OG0000005	FBpp0091161	dmel	FBpp0322964	dsim
OG0000005	FBpp0091161	dmel	FBpp0322983	dsim
OG0000005	FBpp0091161	dmel	FBpp0324371	dsim
OG0000005	FBpp0091161	dmel	FBpp0327479	dsim
OG0000005	FBpp0091166	dmel	FBpp0209298	dsim
OG0000005	FBpp0091166	dmel	FBpp0209337	dsim
OG0000005	FBpp0091166	dmel	FBpp0210570	dsim
OG0000005	FBpp0091166	dmel	FBpp0211672	dsim
OG0000005	FBpp0091166	dmel	FBpp0215067	dsim
OG0000005	FBpp0091166	dmel	FBpp0215165	dsim
OG0000005	FBpp0091166	dmel	FBpp0216665	dsim
OG0000005	FBpp0091166	dmel	FBpp0219182	dsim
OG0000005	FBpp0091166	dmel	FBpp0219957	dsim
OG0000005	FBpp0091166	dmel	FBpp0220757	dsim
OG0000005	FBpp0091166	dmel	FBpp0221317	dsim
OG0000005	FBpp0091166	dmel	FBpp0223991	dsim
OG0000005	FBpp0091166	dmel	FBpp0312715	dsim
OG0000005	FBpp0091166	dmel	FBpp0322478	dsim
OG0000005	FBpp0091166	dmel	FBpp0322964	dsim
OG0000005	FBpp0091166	dmel	FBpp0322983	dsim
OG0000005	FBpp0091166	dmel	FBpp0324071	dsim
OG0000005	FBpp0091166	dmel	FBpp0324371	dsim
OG0000005	FBpp0091166	dmel	FBpp0327479	dsim
OG0000005	FBpp0110156	dmel	FBpp0209337	dsim
OG0000005	FBpp0110156	dmel	FBpp0210570	dsim
OG0000005	FBpp0110156	dmel	FBpp0211672	dsim
OG0000005	FBpp0110156	dmel	FBpp0215067	dsim
OG0000005	FBpp0110156	dmel	FBpp0215165	dsim
OG0000005	FBpp0110156	dmel	FBpp0216665	dsim
OG0000005	FBpp0110156	dmel	FBpp0219182	dsim
OG0000005	FBpp0110156	dmel	FBpp0219957	dsim
OG0000005	FBpp0110156	dmel	FBpp0220273	dsim
OG0000005	FBpp0110156	dmel	FBpp0220757	dsim
OG0000005	FBpp0110156	dmel	FBpp0221317	dsim
OG0000005	FBpp0110156	dmel	FBpp0223991	dsim
OG0000005	FBpp0110156	dmel	FBpp0312715	dsim
OG0000005	FBpp0110156	dmel	FBpp0322478	dsim
OG0000005	FBpp0110156	dmel	FBpp0322964	dsim
OG0000005	FBpp0110156	dmel	FBpp0322983	dsim
OG0000005	FBpp0110156	dmel	FBpp0324071	dsim
OG0000005	FBpp0110156	dmel	FBpp0324371	dsim
OG0000005	FBpp0110156	dmel	FBpp0327479	dsim
OG0000005	FBpp0292484	dmel	FBpp0209298	dsim
OG0000005	FBpp0292484	dmel	FBpp0209337	dsim
OG0000005	FBpp0292484	dmel	FBpp0210570	dsim
OG0000005	FBpp0292484	dmel	FBpp0211672	dsim
OG0000005	FBpp0292484	dmel	FBpp0215067	dsim
OG0000005	FBpp0292484	dmel	FBpp0216665	dsim
OG0000005	FBpp0292484	dmel	FBpp0219182	dsim
OG0000005	FBpp0292484	dmel	FBpp0219957	dsim
OG0000005	FBpp0292484	dmel	FBpp0220273	dsim
OG0000005	FBpp0292484	dmel	FBpp0220757	dsim
OG0000005	FBpp0292484	dmel	FBpp0221317	dsim
OG0000005	FBpp0292484	dmel	FBpp0223991	dsim
OG0000005	FBpp0292484	dmel	FBpp0312715	dsim
OG0000005	FBpp0292484	dmel	FBpp0322478	dsim
OG0000005	FBpp0292484	dmel	FBpp0322964	dsim
OG0000005	FBpp0292484	dmel	FBpp0322983	dsim
OG0000005	FBpp0292484	dmel	FBpp0324071	dsim
OG0000005	FBpp0292484	dmel	FBpp0324371	dsim
OG0000005	FBpp0310392	dmel	FBpp0209298	dsim
OG0000005	FBpp0310392	dmel	FBpp0209337	dsim
OG0000005	FBpp0310392	dmel	FBpp0210570	dsim
OG0000005	FBpp0310392	dmel	FBpp0211672	dsim
OG0000005	FBpp0310392	dmel	FBpp0215067	dsim
OG0000005	FBpp0310392	dmel	FBpp0215165	dsim
OG0000005	FBpp0310392	dmel	FBpp0216665	dsim
OG0000005	FBpp0310392	dmel	FBpp0219182	dsim
OG0000005	FBpp0310392	dmel	FBpp0219957	dsim
OG0000005	FBpp0310392	dmel	FBpp0220273	dsim
OG0000005	FBpp0310392	dmel	FBpp0220757	dsim
OG0000005	FBpp0310392	dmel	FBpp0221317	dsim
OG0000005	FBpp0310392	dmel	FBpp0223991	dsim
OG0000005	FBpp0310392	dmel	FBpp0312715	dsim
OG0000005	FBpp0310392	dmel	FBpp0322478	dsim
OG0000005	FBpp0310392	dmel	FBpp0322964	dsim
OG0000005	FBpp0310392	dmel	FBpp0322983	dsim
OG0000005	FBpp0310392	dmel	FBpp0324371	dsim
OG0000005	FBpp0310392	dmel	FBpp0327479	dsim
OG0000005	FBpp0428277	dmel	FBpp0209298	dsim
OG0000005	FBpp0428277	dmel	FBpp0209337	dsim
OG0000005	FBpp0428277	dmel	FBpp0210570	dsim
OG0000005	FBpp0428277	dmel	FBpp0211672	dsim
OG0000005	FBpp0428277	dmel	FBpp0215067	dsim
OG0000005	FBpp0428277	dmel	FBpp0215165	dsim
OG0000005	FBpp0428277	dmel	FBpp0216665	dsim
OG0000005	FBpp0428277	dmel	FBpp0219182	dsim
OG0000005	FBpp0428277	dmel	FBpp0219957	dsim
OG0000005	FBpp0428277	dmel	FBpp0220273	dsim
OG0000005	FBpp0428277	dmel	FBpp0220757	dsim
OG0000005	FBpp0428277	dmel	FBpp0221317	dsim
OG0000005	FBpp0428277	dmel	FBpp0312715	dsim
OG0000005	FBpp0428277	dmel	FBpp0322478	dsim
OG0000005	FBpp0428277	dmel	FBpp0322964	dsim
OG0000005	FBpp0428277	dmel	FBpp0322983	dsim
OG0000005	FBpp0428277	dmel	FBpp0324071	dsim
OG0000005	FBpp0428277	dmel	FBpp0324371	dsim
OG0000005	FBpp0428277	dmel	FBpp0327479	dsim
OG0000005	FBpp0193377	dsec	FBpp0209298	dsim
OG0000005	FBpp0193377	dsec	FBpp0209337	dsim
OG0000005	FBpp0193377	dsec	FBpp0210570	dsim
OG0000005	FBpp0193377	dsec	FBpp0211672	dsim
OG0000005	FBpp0193377	dsec	FBpp0215067	dsim
OG0000005	FBpp0193377	dsec	FBpp0215165	dsim
OG0000005	FBpp0193377	dsec	FBpp0216665	dsim
OG0000005	FBpp0193377	dsec	FBpp0219182	dsim
OG0000005	FBpp0193377	dsec	FBpp0219957	dsim
OG0000005	FBpp0193377	dsec	FBpp0220273	dsim
OG0000005	FBpp0193377	dsec	FBpp0220757	dsim
OG0000005	FBpp0193377	dsec	FBpp0221317	dsim
OG0000005	FBpp0193377	dsec	FBpp0223991	dsim
OG0000005	FBpp0193377	dsec	FBpp0322478	dsim
OG0000005	FBpp0193377	dsec	FBpp0322964	dsim
OG0000005	FBpp0193377	dsec	FBpp0322983	dsim
OG0000005	FBpp0193377	dsec	FBpp0324071	dsim
OG0000005	FBpp0193377	dsec	FBpp0324371	dsim
OG0000005	FBpp0193377	dsec	FBpp0327479	dsim
OG0000005	FBpp0193589	dsec	FBpp0209298	dsim
OG0000005	FBpp0193589	dsec	FBpp0209337	dsim
OG0000005	FBpp0193589	dsec	FBpp0210570	dsim
OG0000005	FBpp0193589	dsec	FBpp0211672	dsim
OG0000005	FBpp0193589	dsec	FBpp0215165	dsim
OG0000005	FBpp0193589	dsec	FBpp0216665	dsim
OG0000005	FBpp0193589	dsec	FBpp0219182	dsim
OG0000005	FBpp0193589	dsec	FBpp0219957	dsim
OG0000005	FBpp0193589	dsec	FBpp0220273	dsim
OG0000005	FBpp0193589	dsec	FBpp0220757	dsim
OG0000005	FBpp0193589	dsec	FBpp0221317	dsim
OG0000005	FBpp0193589	dsec	FBpp0223991	dsim
OG0000005	FBpp0193589	dsec	FBpp0312715	dsim
OG0000005	FBpp0193589	dsec	FBpp0322964	dsim
OG0000005	FBpp0193589	dsec	FBpp0322983	dsim
OG0000005	FBpp0193589	dsec	FBpp0324071	dsim
OG0000005	FBpp0193589	dsec	FBpp0324371	dsim
OG0000005	FBpp0193589	dsec	FBpp0327479	dsim
OG0000005	FBpp0193597	dsec	FBpp0209298	dsim
OG0000005	FBpp0193597	dsec	FBpp0209337	dsim
OG0000005	FBpp0193597	dsec	FBpp0210570	dsim
OG0000005	FBpp0193597	dsec	FBpp0211672	dsim
OG0000005	FBpp0193597	dsec	FBpp0215067	dsim
OG0000005	FBpp0193597	dsec	FBpp0215165	dsim
OG0000005	FBpp0193597	dsec	FBpp0216665	dsim
OG0000005	FBpp0193597	dsec	FBpp0219182	dsim
OG0000005	FBpp0193597	dsec	FBpp0219957	dsim
OG0000005	FBpp0193597	dsec	FBpp0220273	dsim
OG0000005	FBpp0193597	dsec	FBpp0220757	dsim
OG0000005	FBpp0193597	dsec	FBpp0221317	dsim
OG0000005	FBpp0193597	dsec	FBpp0223991	dsim
OG0000005	FBpp0193597	dsec	FBpp0312715	dsim
OG0000005	FBpp0193597	dsec	FBpp0322478	dsim
OG0000005	FBpp0193597	dsec	FBpp0322964	dsim
OG0000005	FBpp0193597	dsec	FBpp0322983	dsim
OG0000005	FBpp0193597	dsec	FBpp0324071	dsim
OG0000005	FBpp0193597	dsec	FBpp0324371	dsim
OG0000005	FBpp0193598	dsec	FBpp0209298	dsim
OG0000005	FBpp0193598	dsec	FBpp0209337	dsim
OG0000005	FBpp0193598	dsec	FBpp0210570	dsim
OG0000005	FBpp0193598	dsec	FBpp0211672	dsim
OG0000005	FBpp0193598	dsec	FBpp0215067	dsim
OG0000005	FBpp0193598	dsec	FBpp0216665	dsim
OG0000005	FBpp0193598	dsec	FBpp0219182	dsim
OG0000005	FBpp0193598	dsec	FBpp0219957	dsim
OG0000005	FBpp0193598	dsec	FBpp0220273	dsim
OG0000005	FBpp0193598	dsec	FBpp0220757	dsim
OG0000005	FBpp0193598	dsec	FBpp0221317	dsim
OG0000005	FBpp0193598	dsec	FBpp0223991	dsim
OG0000005	FBpp0193598	dsec	FBpp0312715	dsim
OG0000005	FBpp0193598	dsec	FBpp0322478	dsim
OG0000005	FBpp0193598	dsec	FBpp0322964	dsim
OG0000005	FBpp0193598	dsec	FBpp0322983	dsim
OG0000005	FBpp0193598	dsec	FBpp0324071	dsim
OG0000005	FBpp0193598	dsec	FBpp0324371	dsim
OG0000005	FBpp0193598	dsec	FBpp0327479	dsim
OG0000005	FBpp0193929	dsec	FBpp0209298	dsim
OG0000005	FBpp0193929	dsec	FBpp0209337	dsim
OG0000005	FBpp0193929	dsec	FBpp0210570	dsim
OG0000005	FBpp0193929	dsec	FBpp0211672	dsim
OG0000005	FBpp0193929	dsec	FBpp0215067	dsim
OG0000005	FBpp0193929	dsec	FBpp0215165	dsim
OG0000005	FBpp0193929	dsec	FBpp0216665	dsim
OG0000005	FBpp0193929	dsec	FBpp0219182	dsim
OG0000005	FBpp0193929	dsec	FBpp0219957	dsim
OG0000005	FBpp0193929	dsec	FBpp0220273	dsim
OG0000005	FBpp0193929	dsec	FBpp0221317	dsim
OG0000005	FBpp0193929	dsec	FBpp0223991	dsim
OG0000005	FBpp0193929	dsec	FBpp0312715	dsim
OG0000005	FBpp0193929	dsec	FBpp0322478	dsim
OG0000005	FBpp0193929	dsec	FBpp0322964	dsim
OG0000005	FBpp0193929	dsec	FBpp0322983	dsim
OG0000005	FBpp0193929	dsec	FBpp0324071	dsim
OG0000005	FBpp0193929	dsec	FBpp0324371	dsim
OG0000005	FBpp0193929	dsec	FBpp0327479	dsim
OG0000005	FBpp0194394	dsec	FBpp0209298	dsim
OG0000005	FBpp0194394	dsec	FBpp0209337	dsim
OG0000005	FBpp0194394	dsec	FBpp0210570	dsim
OG0000005	FBpp0194394	dsec	FBpp0211672	dsim
OG0000005	FBpp0194394	dsec	FBpp0215067	dsim
OG0000005	FBpp0194394	dsec	FBpp0215165	dsim
OG0000005	FBpp0194394	dsec	FBpp0216665	dsim
OG0000005	FBpp0194394	dsec	FBpp0219182	dsim
OG0000005	FBpp0194394	dsec	FBpp0220273	dsim
OG0000005	FBpp0194394	dsec	FBpp0220757	dsim
OG0000005	FBpp0194394	dsec	FBpp0221317	dsim
OG0000005	FBpp0194394	dsec	FBpp0223991	dsim
OG0000005	FBpp0194394	dsec	FBpp0312715	dsim
OG0000005	FBpp0194394	dsec	FBpp0322478	dsim
OG0000005	FBpp0194394	dsec	FBpp0322964	dsim
OG0000005	FBpp0194394	dsec	FBpp0322983	dsim
OG0000005	FBpp0194394	dsec	FBpp0324071	dsim
OG0000005	FBpp0194394	dsec	FBpp0324371	dsim
OG0000005	FBpp0194394	dsec	FBpp0327479	dsim
OG0000005	FBpp0195468	dsec	FBpp0209298	dsim
OG0000005	FBpp0195468	dsec	FBpp0209337	dsim
OG0000005	FBpp0195468	dsec	FBpp0210570	dsim
OG0000005	FBpp0195468	dsec	FBpp0215067	dsim
OG0000005	FBpp0195468	dsec	FBpp0215165	dsim
OG0000005	FBpp0195468	dsec	FBpp0216665	dsim
OG0000005	FBpp0195468	dsec	FBpp0219182	dsim
OG0000005	FBpp0195468	dsec	FBpp0219957	dsim
OG0000005	FBpp0195468	dsec	FBpp0220273	dsim
OG0000005	FBpp0195468	dsec	FBpp0220757	dsim
OG0000005	FBpp0195468	dsec	FBpp0221317	dsim
OG0000005	FBpp0195468	dsec	FBpp0223991	dsim
OG0000005	FBpp0195468	dsec	FBpp0312715	dsim
OG0000005	FBpp0195468	dsec	FBpp0322478	dsim
OG0000005	FBpp0195468	dsec	FBpp0322964	dsim
OG0000005	FBpp0195468	dsec	FBpp0324071	dsim
OG0000005	FBpp0195468	dsec	FBpp0324371	dsim
OG0000005	FBpp0195468	dsec	FBpp0327479	dsim
OG0000005	FBpp0198607	dsec	FBpp0209298	dsim
OG0000005	FBpp0198607	dsec	FBpp0209337	dsim
OG0000005	FBpp0198607	dsec	FBpp0210570	dsim
OG0000005	FBpp0198607	dsec	FBpp0211672	dsim
OG0000005	FBpp0198607	dsec	FBpp0215067	dsim
OG0000005	FBpp0198607	dsec	FBpp0215165	dsim
OG0000005	FBpp0198607	dsec	FBpp0216665	dsim
OG0000005	FBpp0198607	dsec	FBpp0219182	dsim
OG0000005	FBpp0198607	dsec	FBpp0219957	dsim
OG0000005	FBpp0198607	dsec	FBpp0220757	dsim
OG0000005	FBpp0198607	dsec	FBpp0221317	dsim
OG0000005	FBpp0198607	dsec	FBpp0223991	dsim
OG0000005	FBpp0198607	dsec	FBpp0312715	dsim
OG0000005	FBpp0198607	dsec	FBpp0322478	dsim
OG0000005	FBpp0198607	dsec	FBpp0322964	dsim
OG0000005	FBpp0198607	dsec	FBpp0322983	dsim
OG0000005	FBpp0198607	dsec	FBpp0324071	dsim
OG0000005	FBpp0198607	dsec	FBpp0324371	dsim
OG0000005	FBpp0198607	dsec	FBpp0327479	dsim
OG0000005	FBpp0199255	dsec	FBpp0209298	dsim
OG0000005	FBpp0199255	dsec	FBpp0209337	dsim
OG0000005	FBpp0199255	dsec	FBpp0210570	dsim
OG0000005	FBpp0199255	dsec	FBpp0211672	dsim
OG0000005	FBpp0199255	dsec	FBpp0215067	dsim
OG0000005	FBpp0199255	dsec	FBpp0215165	dsim
OG0000005	FBpp0199255	dsec	FBpp0219182	dsim
OG0000005	FBpp0199255	dsec	FBpp0219957	dsim
OG0000005	FBpp0199255	dsec	FBpp0220273	dsim
OG0000005	FBpp0199255	dsec	FBpp0220757	dsim
OG0000005	FBpp0199255	dsec	FBpp0221317	dsim
OG0000005	FBpp0199255	dsec	FBpp0223991	dsim
OG0000005	FBpp0199255	dsec	FBpp0312715	dsim
OG0000005	FBpp0199255	dsec	FBpp0322478	dsim
OG0000005	FBpp0199255	dsec	FBpp0322964	dsim
OG0000005	FBpp0199255	dsec	FBpp0322983	dsim
OG0000005	FBpp0199255	dsec	FBpp0324071	dsim
OG0000005	FBpp0199255	dsec	FBpp0324371	dsim
OG0000005	FBpp0199255	dsec	FBpp0327479	dsim
OG0000005	FBpp0201589	dsec	FBpp0209298	dsim
OG0000005	FBpp0201589	dsec	FBpp0209337	dsim
OG0000005	FBpp0201589	dsec	FBpp0210570	dsim
OG0000005	FBpp0201589	dsec	FBpp0211672	dsim
OG0000005	FBpp0201589	dsec	FBpp0215067	dsim
OG0000005	FBpp0201589	dsec	FBpp0215165	dsim
OG0000005	FBpp0201589	dsec	FBpp0216665	dsim
OG0000005	FBpp0201589	dsec	FBpp0219182	dsim
OG0000005	FBpp0201589	dsec	FBpp0219957	dsim
OG0000005	FBpp0201589	dsec	FBpp0220273	dsim
OG0000005	FBpp0201589	dsec	FBpp0220757	dsim
OG0000005	FBpp0201589	dsec	FBpp0221317	dsim
OG0000005	FBpp0201589	dsec	FBpp0312715	dsim
OG0000005	FBpp0201589	dsec	FBpp0322478	dsim
OG0000005	FBpp0201589	dsec	FBpp0322964	dsim
OG0000005	FBpp0201589	dsec	FBpp0322983	dsim
OG0000005	FBpp0201589	dsec	FBpp0324071	dsim
OG0000005	FBpp0201589	dsec	FBpp0324371	dsim
OG0000005	FBpp0201589	dsec	FBpp0327479	dsim
OG0000005	FBpp0202914	dsec	FBpp0209298	dsim
OG0000005	FBpp0202914	dsec	FBpp0210570	dsim
OG0000005	FBpp0202914	dsec	FBpp0211672	dsim
OG0000005	FBpp0202914	dsec	FBpp0215067	dsim
OG0000005	FBpp0202914	dsec	FBpp0215165	dsim
OG0000005	FBpp0202914	dsec	FBpp0216665	dsim
OG0000005	FBpp0202914	dsec	FBpp0219182	dsim
OG0000005	FBpp0202914	dsec	FBpp0219957	dsim
OG0000005	FBpp0202914	dsec	FBpp0220273	dsim
OG0000005	FBpp0202914	dsec	FBpp0220757	dsim
OG0000005	FBpp0202914	dsec	FBpp0221317	dsim
OG0000005	FBpp0202914	dsec	FBpp0223991	dsim
OG0000005	FBpp0202914	dsec	FBpp0312715	dsim
OG0000005	FBpp0202914	dsec	FBpp0322478	dsim
OG0000005	FBpp0202914	dsec	FBpp0322983	dsim
OG0000005	FBpp0202914	dsec	FBpp0324071	dsim
OG0000005	FBpp0202914	dsec	FBpp0324371	dsim
OG0000005	FBpp0202914	dsec	FBpp0327479	dsim
OG0000005	FBpp0203669	dsec	FBpp0209298	dsim
OG0000005	FBpp0203669	dsec	FBpp0209337	dsim
OG0000005	FBpp0203669	dsec	FBpp0211672	dsim
OG0000005	FBpp0203669	dsec	FBpp0215067	dsim
OG0000005	FBpp0203669	dsec	FBpp0215165	dsim
OG0000005	FBpp0203669	dsec	FBpp0216665	dsim
OG0000005	FBpp0203669	dsec	FBpp0219182	dsim
OG0000005	FBpp0203669	dsec	FBpp0219957	dsim
OG0000005	FBpp0203669	dsec	FBpp0220273	dsim
OG0000005	FBpp0203669	dsec	FBpp0220757	dsim
OG0000005	FBpp0203669	dsec	FBpp0221317	dsim
OG0000005	FBpp0203669	dsec	FBpp0223991	dsim
OG0000005	FBpp0203669	dsec	FBpp0312715	dsim
OG0000005	FBpp0203669	dsec	FBpp0322478	dsim
OG0000005	FBpp0203669	dsec	FBpp0322964	dsim
OG0000005	FBpp0203669	dsec	FBpp0322983	dsim
OG0000005	FBpp0203669	dsec	FBpp0324071	dsim
OG0000005	FBpp0203669	dsec	FBpp0324371	dsim
OG0000005	FBpp0203669	dsec	FBpp0327479	dsim
OG0000005	FBpp0204933	dsec	FBpp0209298	dsim
OG0000005	FBpp0204933	dsec	FBpp0209337	dsim
OG0000005	FBpp0204933	dsec	FBpp0210570	dsim
OG0000005	FBpp0204933	dsec	FBpp0211672	dsim
OG0000005	FBpp0204933	dsec	FBpp0215067	dsim
OG0000005	FBpp0204933	dsec	FBpp0215165	dsim
OG0000005	FBpp0204933	dsec	FBpp0219182	dsim
OG0000005	FBpp0204933	dsec	FBpp0219957	dsim
OG0000005	FBpp0204933	dsec	FBpp0220273	dsim
OG0000005	FBpp0204933	dsec	FBpp0220757	dsim
OG0000005	FBpp0204933	dsec	FBpp0221317	dsim
OG0000005	FBpp0204933	dsec	FBpp0223991	dsim
OG0000005	FBpp0204933	dsec	FBpp0312715	dsim
OG0000005	FBpp0204933	dsec	FBpp0322478	dsim
OG0000005	FBpp0204933	dsec	FBpp0322964	dsim
OG0000005	FBpp0204933	dsec	FBpp0322983	dsim
OG0000005	FBpp0204933	dsec	FBpp0324071	dsim
OG0000005	FBpp0204933	dsec	FBpp0324371	dsim
OG0000005	FBpp0204933	dsec	FBpp0327479	dsim
OG0000005	FBpp0205228	dsec	FBpp0209298	dsim
OG0000005	FBpp0205228	dsec	FBpp0209337	dsim
OG0000005	FBpp0205228	dsec	FBpp0210570	dsim
OG0000005	FBpp0205228	dsec	FBpp0211672	dsim
OG0000005	FBpp0205228	dsec	FBpp0215067	dsim
OG0000005	FBpp0205228	dsec	FBpp0215165	dsim
OG0000005	FBpp0205228	dsec	FBpp0216665	dsim
OG0000005	FBpp0205228	dsec	FBpp0219182	dsim
OG0000005	FBpp0205228	dsec	FBpp0219957	dsim
OG0000005	FBpp0205228	dsec	FBpp0220273	dsim
OG0000005	FBpp0205228	dsec	FBpp0220757	dsim
OG0000005	FBpp0205228	dsec	FBpp0221317	dsim
OG0000005	FBpp0205228	dsec	FBpp0223991	dsim
OG0000005	FBpp0205228	dsec	FBpp0312715	dsim
OG0000005	FBpp0205228	dsec	FBpp0322478	dsim
OG0000005	FBpp0205228	dsec	FBpp0322964	dsim
OG0000005	FBpp0205228	dsec	FBpp0322983	dsim
OG0000005	FBpp0205228	dsec	FBpp0324071	dsim
OG0000005	FBpp0205228	dsec	FBpp0324371	dsim
OG0000005	FBpp0205228	dsec	FBpp0327479	dsim
OG0000005	FBpp0207451	dsec	FBpp0209298	dsim
OG0000005	FBpp0207451	dsec	FBpp0209337	dsim
OG0000005	FBpp0207451	dsec	FBpp0210570	dsim
OG0000005	FBpp0207451	dsec	FBpp0211672	dsim
OG0000005	FBpp0207451	dsec	FBpp0215067	dsim
OG0000005	FBpp0207451	dsec	FBpp0216665	dsim
OG0000005	FBpp0207451	dsec	FBpp0219182	dsim
OG0000005	FBpp0207451	dsec	FBpp0219957	dsim
OG0000005	FBpp0207451	dsec	FBpp0220273	dsim
OG0000005	FBpp0207451	dsec	FBpp0220757	dsim
OG0000005	FBpp0207451	dsec	FBpp0221317	dsim
OG0000005	FBpp0207451	dsec	FBpp0223991	dsim
OG0000005	FBpp0207451	dsec	FBpp0312715	dsim
OG0000005	FBpp0207451	dsec	FBpp0322478	dsim
OG0000005	FBpp0207451	dsec	FBpp0322964	dsim
OG0000005	FBpp0207451	dsec	FBpp0322983	dsim
OG0000005	FBpp0207451	dsec	FBpp0324071	dsim
OG0000005	FBpp0207451	dsec	FBpp0324371	dsim
OG0000005	FBpp0207451	dsec	FBpp0327479	dsim
OG0000005	FBpp0207716	dsec	FBpp0209298	dsim
OG0000005	FBpp0207716	dsec	FBpp0209337	dsim
OG0000005	FBpp0207716	dsec	FBpp0210570	dsim
OG0000005	FBpp0207716	dsec	FBpp0211672	dsim
OG0000005	FBpp0207716	dsec	FBpp0215067	dsim
OG0000005	FBpp0207716	dsec	FBpp0215165	dsim
OG0000005	FBpp0207716	dsec	FBpp0216665	dsim
OG0000005	FBpp0207716	dsec	FBpp0219957	dsim
OG0000005	FBpp0207716	dsec	FBpp0220273	dsim
OG0000005	FBpp0207716	dsec	FBpp0220757	dsim
OG0000005	FBpp0207716	dsec	FBpp0221317	dsim
OG0000005	FBpp0207716	dsec	FBpp0223991	dsim
OG0000005	FBpp0207716	dsec	FBpp0312715	dsim
OG0000005	FBpp0207716	dsec	FBpp0322478	dsim
OG0000005	FBpp0207716	dsec	FBpp0322964	dsim
OG0000005	FBpp0207716	dsec	FBpp0322983	dsim
OG0000005	FBpp0207716	dsec	FBpp0324071	dsim
OG0000005	FBpp0207716	dsec	FBpp0324371	dsim
OG0000005	FBpp0207716	dsec	FBpp0327479	dsim
OG0000006	FBpp0073445	dmel	FBpp0204993	dsec
OG0000006	FBpp0073445	dmel	FBpp0205465	dsec
OG0000006	FBpp0073445	dmel	FBpp0205519	dsec
OG0000006	FBpp0073445	dmel	FBpp0205559	dsec
OG0000006	FBpp0073445	dmel	FBpp0205685	dsec
OG0000006	FBpp0073445	dmel	FBpp0206916	dsec
OG0000006	FBpp0073445	dmel	FBpp0207479	dsec
OG0000006	FBpp0073445	dmel	FBpp0207535	dsec
OG0000006	FBpp0075504	dmel	FBpp0194521	dsec
OG0000006	FBpp0075504	dmel	FBpp0204993	dsec
OG0000006	FBpp0075504	dmel	FBpp0205465	dsec
OG0000006	FBpp0075504	dmel	FBpp0205519	dsec
OG0000006	FBpp0075504	dmel	FBpp0205559	dsec
OG0000006	FBpp0075504	dmel	FBpp0205685	dsec
OG0000006	FBpp0075504	dmel	FBpp0207479	dsec
OG0000006	FBpp0075504	dmel	FBpp0207535	dsec
OG0000006	FBpp0081956	dmel	FBpp0194521	dsec
OG0000006	FBpp0081956	dmel	FBpp0204993	dsec
OG0000006	FBpp0081956	dmel	FBpp0205519	dsec
OG0000006	FBpp0081956	dmel	FBpp0205559	dsec
OG0000006	FBpp0081956	dmel	FBpp0205685	dsec
OG0000006	FBpp0081956	dmel	FBpp0206916	dsec
OG0000006	FBpp0081956	dmel	FBpp0207479	dsec
OG0000006	FBpp0081956	dmel	FBpp0207535	dsec
OG0000006	FBpp0081986	dmel	FBpp0194521	dsec
OG0000006	FBpp0081986	dmel	FBpp0204993	dsec
OG0000006	FBpp0081986	dmel	FBpp0205519	dsec
OG0000006	FBpp0081986	dmel	FBpp0205559	dsec
OG0000006	FBpp0081986	dmel	FBpp0205685	dsec
OG0000006	FBpp0081986	dmel	FBpp0206916	dsec
OG0000006	FBpp0081986	dmel	FBpp0207479	dsec
OG0000006	FBpp0082105	dmel	FBpp0194521	dsec
OG0000006	FBpp0082105	dmel	FBpp0204993	dsec
OG0000006	FBpp0082105	dmel	FBpp0205465	dsec
OG0000006	FBpp0082105	dmel	FBpp0205559	dsec
OG0000006	FBpp0082105	dmel	FBpp0205685	dsec
OG0000006	FBpp0082105	dmel	FBpp0206916	dsec
OG0000006	FBpp0082105	dmel	FBpp0207535	dsec
OG0000006	FBpp0082106	dmel	FBpp0194521	dsec
OG0000006	FBpp0082106	dmel	FBpp0204993	dsec
OG0000006	FBpp0082106	dmel	FBpp0205465	dsec
OG0000006	FBpp0082106	dmel	FBpp0205519	dsec
OG0000006	FBpp0082106	dmel	FBpp0205559	dsec
OG0000006	FBpp0082106	dmel	FBpp0205685	dsec
OG0000006	FBpp0082106	dmel	FBpp0206916	dsec
OG0000006	FBpp0082106	dmel	FBpp0207535	dsec
OG0000006	FBpp0082107	dmel	FBpp0194521	dsec
OG0000006	FBpp0082107	dmel	FBpp0204993	dsec
OG0000006	FBpp0082107	dmel	FBpp0205465	dsec
OG0000006	FBpp0082107	dmel	FBpp0205519	dsec
OG0000006	FBpp0082107	dmel	FBpp0205559	dsec
OG0000006	FBpp0082107	dmel	FBpp0205685	dsec
OG0000006	FBpp0082107	dmel	FBpp0206916	dsec
OG0000006	FBpp0082107	dmel	FBpp0207535	dsec
OG0000006	FBpp0082147	dmel	FBpp0194521	dsec
OG0000006	FBpp0082147	dmel	FBpp0204993	dsec
OG0000006	FBpp0082147	dmel	FBpp0205465	dsec
OG0000006	FBpp0082147	dmel	FBpp0205519	dsec
OG0000006	FBpp0082147	dmel	FBpp0205559	dsec
OG0000006	FBpp0082147	dmel	FBpp0205685	dsec
OG0000006	FBpp0082147	dmel	FBpp0206916	dsec
OG0000006	FBpp0082147	dmel	FBpp0207535	dsec
OG0000006	FBpp0082175	dmel	FBpp0194521	dsec
OG0000006	FBpp0082175	dmel	FBpp0204993	dsec
OG0000006	FBpp0082175	dmel	FBpp0205465	dsec
OG0000006	FBpp0082175	dmel	FBpp0205519	dsec
OG0000006	FBpp0082175	dmel	FBpp0205685	dsec
OG0000006	FBpp0082175	dmel	FBpp0206916	dsec
OG0000006	FBpp0082175	dmel	FBpp0207479	dsec
OG0000006	FBpp0082175	dmel	FBpp0207535	dsec
OG0000006	FBpp0082514	dmel	FBpp0194521	dsec
OG0000006	FBpp0082514	dmel	FBpp0204993	dsec
OG0000006	FBpp0082514	dmel	FBpp0205465	dsec
OG0000006	FBpp0082514	dmel	FBpp0205519	dsec
OG0000006	FBpp0082514	dmel	FBpp0205559	dsec
OG0000006	FBpp0082514	dmel	FBpp0206916	dsec
OG0000006	FBpp0082514	dmel	FBpp0207479	dsec
OG0000006	FBpp0082514	dmel	FBpp0207535	dsec
OG0000006	FBpp0083974	dmel	FBpp0194521	dsec
OG0000006	FBpp0083974	dmel	FBpp0205465	dsec
OG0000006	FBpp0083974	dmel	FBpp0205519	dsec
OG0000006	FBpp0083974	dmel	FBpp0205559	dsec
OG0000006	FBpp0083974	dmel	FBpp0205685	dsec
OG0000006	FBpp0083974	dmel	FBpp0206916	dsec
OG0000006	FBpp0083974	dmel	FBpp0207479	dsec
OG0000006	FBpp0083974	dmel	FBpp0207535	dsec
OG0000006	FBpp0073445	dmel	FBpp0212868	dsim
OG0000006	FBpp0073445	dmel	FBpp0217280	dsim
OG0000006	FBpp0073445	dmel	FBpp0217400	dsim
OG0000006	FBpp0073445	dmel	FBpp0219023	dsim
OG0000006	FBpp0073445	dmel	FBpp0318395	dsim
OG0000006	FBpp0073445	dmel	FBpp0321376	dsim
OG0000006	FBpp0073445	dmel	FBpp0322811	dsim
OG0000006	FBpp0073445	dmel	FBpp0324678	dsim
OG0000006	FBpp0075504	dmel	FBpp0217280	dsim
OG0000006	FBpp0075504	dmel	FBpp0217400	dsim
OG0000006	FBpp0075504	dmel	FBpp0219023	dsim
OG0000006	FBpp0075504	dmel	FBpp0316480	dsim
OG0000006	FBpp0075504	dmel	FBpp0318395	dsim
OG0000006	FBpp0075504	dmel	FBpp0321376	dsim
OG0000006	FBpp0075504	dmel	FBpp0322811	dsim
OG0000006	FBpp0075504	dmel	FBpp0324678	dsim
OG0000006	FBpp0081956	dmel	FBpp0212868	dsim
OG0000006	FBpp0081956	dmel	FBpp0217280	dsim
OG0000006	FBpp0081956	dmel	FBpp0217400	dsim
OG0000006	FBpp0081956	dmel	FBpp0219023	dsim
OG0000006	FBpp0081956	dmel	FBpp0316480	dsim
OG0000006	FBpp0081956	dmel	FBpp0321376	dsim
OG0000006	FBpp0081956	dmel	FBpp0322811	dsim
OG0000006	FBpp0081956	dmel	FBpp0324678	dsim
OG0000006	FBpp0081986	dmel	FBpp0212868	dsim
OG0000006	FBpp0081986	dmel	FBpp0217280	dsim
OG0000006	FBpp0081986	dmel	FBpp0217400	dsim
OG0000006	FBpp0081986	dmel	FBpp0219023	dsim
OG0000006	FBpp0081986	dmel	FBpp0316480	dsim
OG0000006	FBpp0081986	dmel	FBpp0321376	dsim
OG0000006	FBpp0081986	dmel	FBpp0322811	dsim
OG0000006	FBpp0081986	dmel	FBpp0324678	dsim
OG0000006	FBpp0082105	dmel	FBpp0212868	dsim
OG0000006	FBpp0082105	dmel	FBpp0217280	dsim
OG0000006	FBpp0082105	dmel	FBpp0217400	dsim
OG0000006	FBpp0082105	dmel	FBpp0316480	dsim
OG0000006	FBpp0082105	dmel	FBpp0318395	dsim
OG0000006	FBpp0082105	dmel	FBpp0321376	dsim
OG0000006	FBpp0082105	dmel	FBpp0322811	dsim
OG0000006	FBpp0082105	dmel	FBpp0324678	dsim
OG0000006	FBpp0082106	dmel	FBpp0212868	dsim
OG0000006	FBpp0082106	dmel	FBpp0217280	dsim
OG0000006	FBpp0082106	dmel	FBpp0217400	dsim
OG0000006	FBpp0082106	dmel	FBpp0316480	dsim
OG0000006	FBpp0082106	dmel	FBpp0318395	dsim
OG0000006	FBpp0082106	dmel	FBpp0321376	dsim
OG0000006	FBpp0082106	dmel	FBpp0322811	dsim
OG0000006	FBpp0082106	dmel	FBpp0324678	dsim
OG0000006	FBpp0082107	dmel	FBpp0212868	dsim
OG0000006	FBpp0082107	dmel	FBpp0217280	dsim
OG0000006	FBpp0082107	dmel	FBpp0217400	dsim
OG0000006	FBpp0082107	dmel	FBpp0316480	dsim
OG0000006	FBpp0082107	dmel	FBpp0318395	dsim
OG0000006	FBpp0082107	dmel	FBpp0321376	dsim
OG0000006	FBpp0082107	dmel	FBpp0322811	dsim
OG0000006	FBpp0082107	dmel	FBpp0324678	dsim
OG0000006	FBpp0082147	dmel	FBpp0212868	dsim
OG0000006	FBpp0082147	dmel	FBpp0217280	dsim
OG0000006	FBpp0082147	dmel	FBpp0217400	dsim
OG0000006	FBpp0082147	dmel	FBpp0316480	dsim
OG0000006	FBpp0082147	dmel	FBpp0318395	dsim
OG0000006	FBpp0082147	dmel	FBpp0321376	dsim
OG0000006	FBpp0082147	dmel	FBpp0322811	dsim
OG0000006	FBpp0082147	dmel	FBpp0324678	dsim
OG0000006	FBpp0082175	dmel	FBpp0212868	dsim
OG0000006	FBpp0082175	dmel	FBpp0217400	dsim
OG0000006	FBpp0082175	dmel	FBpp0219023	dsim
OG0000006	FBpp0082175	dmel	FBpp0316480	dsim
OG0000006	FBpp0082175	dmel	FBpp0318395	dsim
OG0000006	FBpp0082175	dmel	FBpp0321376	dsim
OG0000006	FBpp0082175	dmel	FBpp0322811	dsim
OG0000006	FBpp0082175	dmel	FBpp0324678	dsim
OG0000006	FBpp0082514	dmel	FBpp0212868	dsim
OG0000006	FBpp0082514	dmel	FBpp0217280	dsim
OG0000006	FBpp0082514	dmel	FBpp0219023	dsim
OG0000006	FBpp0082514	dmel	FBpp0316480	dsim
OG0000006	FBpp0082514	dmel	FBpp0318395	dsim
OG0000006	FBpp0082514	dmel	FBpp0321376	dsim
OG0000006	FBpp0082514	dmel	FBpp0322811	dsim
OG0000006	FBpp0082514	dmel	FBpp0324678	dsim
OG0000006	FBpp0083974	dmel	FBpp0212868	dsim
OG0000006	FBpp0083974	dmel	FBpp0217280	dsim
OG0000006	FBpp0083974	dmel	FBpp0217400	dsim
OG0000006	FBpp0083974	dmel	FBpp0219023	dsim
OG0000006	FBpp0083974	dmel	FBpp0316480	dsim
OG0000006	FBpp0083974	dmel	FBpp0318395	dsim
OG0000006	FBpp0083974	dmel	FBpp0321376	dsim
OG0000006	FBpp0083974	dmel	FBpp0324678	dsim
OG0000006	FBpp0194521	dsec	FBpp0212868	dsim
OG0000006	FBpp0194521	dsec	FBpp0217280	dsim
OG0000006	FBpp0194521	dsec	FBpp0217400	dsim
OG0000006	FBpp0194521	dsec	FBpp0219023	dsim
OG0000006	FBpp0194521	dsec	FBpp0318395	dsim
OG0000006	FBpp0194521	dsec	FBpp0321376	dsim
OG0000006	FBpp0194521	dsec	FBpp0322811	dsim
OG0000006	FBpp0194521	dsec	FBpp0324678	dsim
OG0000006	FBpp0204993	dsec	FBpp0212868	dsim
OG0000006	FBpp0204993	dsec	FBpp0217280	dsim
OG0000006	FBpp0204993	dsec	FBpp0217400	dsim
OG0000006	FBpp0204993	dsec	FBpp0219023	dsim
OG0000006	FBpp0204993	dsec	FBpp0316480	dsim
OG0000006	FBpp0204993	dsec	FBpp0318395	dsim
OG0000006	FBpp0204993	dsec	FBpp0321376	dsim
OG0000006	FBpp0204993	dsec	FBpp0324678	dsim
OG0000006	FBpp0205465	dsec	FBpp0212868	dsim
OG0000006	FBpp0205465	dsec	FBpp0217280	dsim
OG0000006	FBpp0205465	dsec	FBpp0217400	dsim
OG0000006	FBpp0205465	dsec	FBpp0219023	dsim
OG0000006	FBpp0205465	dsec	FBpp0316480	dsim
OG0000006	FBpp0205465	dsec	FBpp0321376	dsim
OG0000006	FBpp0205465	dsec	FBpp0322811	dsim
OG0000006	FBpp0205465	dsec	FBpp0324678	dsim
OG0000006	FBpp0205519	dsec	FBpp0212868	dsim
OG0000006	FBpp0205519	dsec	FBpp0217280	dsim
OG0000006	FBpp0205519	dsec	FBpp0217400	dsim
OG0000006	FBpp0205519	dsec	FBpp0316480	dsim
OG0000006	FBpp0205519	dsec	FBpp0318395	dsim
OG0000006	FBpp0205519	dsec	FBpp0321376	dsim
OG0000006	FBpp0205519	dsec	FBpp0322811	dsim
OG0000006	FBpp0205519	dsec	FBpp0324678	dsim
OG0000006	FBpp0205559	dsec	FBpp0212868	dsim
OG0000006	FBpp0205559	dsec	FBpp0217400	dsim
OG0000006	FBpp0205559	dsec	FBpp0219023	dsim
OG0000006	FBpp0205559	dsec	FBpp0316480	dsim
OG0000006	FBpp0205559	dsec	FBpp0318395	dsim
OG0000006	FBpp0205559	dsec	FBpp0321376	dsim
OG0000006	FBpp0205559	dsec	FBpp0322811	dsim
OG0000006	FBpp0205559	dsec	FBpp0324678	dsim
OG0000006	FBpp0205685	dsec	FBpp0212868	dsim
OG0000006	FBpp0205685	dsec	FBpp0217280	dsim
OG0000006	FBpp0205685	dsec	FBpp0219023	dsim
OG0000006	FBpp0205685	dsec	FBpp0316480	dsim
OG0000006	FBpp0205685	dsec	FBpp0318395	dsim
OG0000006	FBpp0205685	dsec	FBpp0321376	dsim
OG0000006	FBpp0205685	dsec	FBpp0322811	dsim
OG0000006	FBpp0205685	dsec	FBpp0324678	dsim
OG0000006	FBpp0206916	dsec	FBpp0217280	dsim
OG0000006	FBpp0206916	dsec	FBpp0217400	dsim
OG0000006	FBpp0206916	dsec	FBpp0219023	dsim
OG0000006	FBpp0206916	dsec	FBpp0316480	dsim
OG0000006	FBpp0206916	dsec	FBpp0318395	dsim
OG0000006	FBpp0206916	dsec	FBpp0321376	dsim
OG0000006	FBpp0206916	dsec	FBpp0322811	dsim
OG0000006	FBpp0206916	dsec	FBpp0324678	dsim
OG0000006	FBpp0207479	dsec	FBpp0212868	dsim
OG0000006	FBpp0207479	dsec	FBpp0217280	dsim
OG0000006	FBpp0207479	dsec	FBpp0217400	dsim
OG0000006	FBpp0207479	dsec	FBpp0316480	dsim
OG0000006	FBpp0207479	dsec	FBpp0318395	dsim
OG0000006	FBpp0207479	dsec	FBpp0321376	dsim
OG0000006	FBpp0207479	dsec	FBpp0322811	dsim
OG0000006	FBpp0207479	dsec	FBpp0324678	dsim
OG0000006	FBpp0207535	dsec	FBpp0212868	dsim
OG0000006	FBpp0207535	dsec	FBpp0217280	dsim
OG0000006	FBpp0207535	dsec	FBpp0217400	dsim
OG0000006	FBpp0207535	dsec	FBpp0219023	dsim
OG0000006	FBpp0207535	dsec	FBpp0316480	dsim
OG0000006	FBpp0207535	dsec	FBpp0321376	dsim
OG0000006	FBpp0207535	dsec	FBpp0322811	dsim
OG0000006	FBpp0207535	dsec	FBpp0324678	dsim
OG0000009	FBpp0071381	dmel	FBpp0197149	dsec
OG0000009	FBpp0071381	dmel	FBpp0197156	dsec
OG0000009	FBpp0071381	dmel	FBpp0199872	dsec
OG0000009	FBpp0071381	dmel	FBpp0201416	dsec
OG0000009	FBpp0071381	dmel	FBpp0205458	dsec
OG0000009	FBpp0071381	dmel	FBpp0207487	dsec
OG0000009	FBpp0071381	dmel	FBpp0208082	dsec
OG0000009	FBpp0071650	dmel	FBpp0192898	dsec
OG0000009	FBpp0071650	dmel	FBpp0197149	dsec
OG0000009	FBpp0071650	dmel	FBpp0199872	dsec
OG0000009	FBpp0071650	dmel	FBpp0201416	dsec
OG0000009	FBpp0071650	dmel	FBpp0205458	dsec
OG0000009	FBpp0071650	dmel	FBpp0207487	dsec
OG0000009	FBpp0071650	dmel	FBpp0208082	dsec
OG0000009	FBpp0071719	dmel	FBpp0192898	dsec
OG0000009	FBpp0071719	dmel	FBpp0197156	dsec
OG0000009	FBpp0071719	dmel	FBpp0199872	dsec
OG0000009	FBpp0071719	dmel	FBpp0201416	dsec
OG0000009	FBpp0071719	dmel	FBpp0205458	dsec
OG0000009	FBpp0071719	dmel	FBpp0207487	dsec
OG0000009	FBpp0071719	dmel	FBpp0208082	dsec
OG0000009	FBpp0073834	dmel	FBpp0192898	dsec
OG0000009	FBpp0073834	dmel	FBpp0197149	dsec
OG0000009	FBpp0073834	dmel	FBpp0197156	dsec
OG0000009	FBpp0073834	dmel	FBpp0199872	dsec
OG0000009	FBpp0073834	dmel	FBpp0201416	dsec
OG0000009	FBpp0073834	dmel	FBpp0207487	dsec
OG0000009	FBpp0073834	dmel	FBpp0208082	dsec
OG0000009	FBpp0077344	dmel	FBpp0192898	dsec
OG0000009	FBpp0077344	dmel	FBpp0197149	dsec
OG0000009	FBpp0077344	dmel	FBpp0197156	dsec
OG0000009	FBpp0077344	dmel	FBpp0201416	dsec
OG0000009	FBpp0077344	dmel	FBpp0205458	dsec
OG0000009	FBpp0077344	dmel	FBpp0207487	dsec
OG0000009	FBpp0077344	dmel	FBpp0208082	dsec
OG0000009	FBpp0082067	dmel	FBpp0192898	dsec
OG0000009	FBpp0082067	dmel	FBpp0197149	dsec
OG0000009	FBpp0082067	dmel	FBpp0197156	dsec
OG0000009	FBpp0082067	dmel	FBpp0199872	dsec
OG0000009	FBpp0082067	dmel	FBpp0201416	dsec
OG0000009	FBpp0082067	dmel	FBpp0205458	dsec
OG0000009	FBpp0082067	dmel	FBpp0208082	dsec
OG0000009	FBpp0084026	dmel	FBpp0192898	dsec
OG0000009	FBpp0084026	dmel	FBpp0197149	dsec
OG0000009	FBpp0084026	dmel	FBpp0197156	dsec
OG0000009	FBpp0084026	dmel	FBpp0199872	dsec
OG0000009	FBpp0084026	dmel	FBpp0201416	dsec
OG0000009	FBpp0084026	dmel	FBpp0205458	dsec
OG0000009	FBpp0084026	dmel	FBpp0207487	dsec
OG0000009	FBpp0085996	dmel	FBpp0192898	dsec
OG0000009	FBpp0085996	dmel	FBpp0197149	dsec
OG0000009	FBpp0085996	dmel	FBpp0197156	dsec
OG0000009	FBpp0085996	dmel	FBpp0199872	dsec
OG0000009	FBpp0085996	dmel	FBpp0205458	dsec
OG0000009	FBpp0085996	dmel	FBpp0207487	dsec
OG0000009	FBpp0085996	dmel	FBpp0208082	dsec
OG0000009	FBpp0312286	dmel	FBpp0192898	dsec
OG0000009	FBpp0312286	dmel	FBpp0197149	dsec
OG0000009	FBpp0312286	dmel	FBpp0197156	dsec
OG0000009	FBpp0312286	dmel	FBpp0199872	dsec
OG0000009	FBpp0312286	dmel	FBpp0201416	dsec
OG0000009	FBpp0312286	dmel	FBpp0205458	dsec
OG0000009	FBpp0312286	dmel	FBpp0207487	dsec
OG0000009	FBpp0312286	dmel	FBpp0208082	dsec
OG0000009	FBpp0312287	dmel	FBpp0192898	dsec
OG0000009	FBpp0312287	dmel	FBpp0197149	dsec
OG0000009	FBpp0312287	dmel	FBpp0197156	dsec
OG0000009	FBpp0312287	dmel	FBpp0199872	dsec
OG0000009	FBpp0312287	dmel	FBpp0201416	dsec
OG0000009	FBpp0312287	dmel	FBpp0205458	dsec
OG0000009	FBpp0312287	dmel	FBpp0207487	dsec
OG0000009	FBpp0312287	dmel	FBpp0208082	dsec
OG0000009	FBpp0071381	dmel	FBpp0213613	dsim
OG0000009	FBpp0071381	dmel	FBpp0214208	dsim
OG0000009	FBpp0071381	dmel	FBpp0218969	dsim
OG0000009	FBpp0071381	dmel	FBpp0219508	dsim
OG0000009	FBpp0071381	dmel	FBpp0221610	dsim
OG0000009	FBpp0071381	dmel	FBpp0223560	dsim
OG0000009	FBpp0071381	dmel	FBpp0319499	dsim
OG0000009	FBpp0071650	dmel	FBpp0213613	dsim
OG0000009	FBpp0071650	dmel	FBpp0214208	dsim
OG0000009	FBpp0071650	dmel	FBpp0218969	dsim
OG0000009	FBpp0071650	dmel	FBpp0219508	dsim
OG0000009	FBpp0071650	dmel	FBpp0221610	dsim
OG0000009	FBpp0071650	dmel	FBpp0319499	dsim
OG0000009	FBpp0071650	dmel	FBpp0328093	dsim
OG0000009	FBpp0071719	dmel	FBpp0214208	dsim
OG0000009	FBpp0071719	dmel	FBpp0218969	dsim
OG0000009	FBpp0071719	dmel	FBpp0219508	dsim
OG0000009	FBpp0071719	dmel	FBpp0221610	dsim
OG0000009	FBpp0071719	dmel	FBpp0223560	dsim
OG0000009	FBpp0071719	dmel	FBpp0319499	dsim
OG0000009	FBpp0071719	dmel	FBpp0328093	dsim
OG0000009	FBpp0073834	dmel	FBpp0213613	dsim
OG0000009	FBpp0073834	dmel	FBpp0218969	dsim
OG0000009	FBpp0073834	dmel	FBpp0219508	dsim
OG0000009	FBpp0073834	dmel	FBpp0221610	dsim
OG0000009	FBpp0073834	dmel	FBpp0223560	dsim
OG0000009	FBpp0073834	dmel	FBpp0319499	dsim
OG0000009	FBpp0073834	dmel	FBpp0328093	dsim
OG0000009	FBpp0077344	dmel	FBpp0213613	dsim
OG0000009	FBpp0077344	dmel	FBpp0214208	dsim
OG0000009	FBpp0077344	dmel	FBpp0218969	dsim
OG0000009	FBpp0077344	dmel	FBpp0219508	dsim
OG0000009	FBpp0077344	dmel	FBpp0223560	dsim
OG0000009	FBpp0077344	dmel	FBpp0319499	dsim
OG0000009	FBpp0077344	dmel	FBpp0328093	dsim
OG0000009	FBpp0082067	dmel	FBpp0213613	dsim
OG0000009	FBpp0082067	dmel	FBpp0214208	dsim
OG0000009	FBpp0082067	dmel	FBpp0219508	dsim
OG0000009	FBpp0082067	dmel	FBpp0221610	dsim
OG0000009	FBpp0082067	dmel	FBpp0223560	dsim
OG0000009	FBpp0082067	dmel	FBpp0319499	dsim
OG0000009	FBpp0082067	dmel	FBpp0328093	dsim
OG0000009	FBpp0084026	dmel	FBpp0213613	dsim
OG0000009	FBpp0084026	dmel	FBpp0214208	dsim
OG0000009	FBpp0084026	dmel	FBpp0218969	dsim
OG0000009	FBpp0084026	dmel	FBpp0221610	dsim
OG0000009	FBpp0084026	dmel	FBpp0223560	dsim
OG0000009	FBpp0084026	dmel	FBpp0319499	dsim
OG0000009	FBpp0084026	dmel	FBpp0328093	dsim
OG0000009	FBpp0085996	dmel	FBpp0213613	dsim
OG0000009	FBpp0085996	dmel	FBpp0214208	dsim
OG0000009	FBpp0085996	dmel	FBpp0218969	dsim
OG0000009	FBpp0085996	dmel	FBpp0219508	dsim
OG0000009	FBpp0085996	dmel	FBpp0221610	dsim
OG0000009	FBpp0085996	dmel	FBpp0223560	dsim
OG0000009	FBpp0085996	dmel	FBpp0328093	dsim
OG0000009	FBpp0312286	dmel	FBpp0213613	dsim
OG0000009	FBpp0312286	dmel	FBpp0214208	dsim
OG0000009	FBpp0312286	dmel	FBpp0218969	dsim
OG0000009	FBpp0312286	dmel	FBpp0219508	dsim
OG0000009	FBpp0312286	dmel	FBpp0221610	dsim
OG0000009	FBpp0312286	dmel	FBpp0223560	dsim
OG0000009	FBpp0312286	dmel	FBpp0319499	dsim
OG0000009	FBpp0312286	dmel	FBpp0328093	dsim
OG0000009	FBpp0312287	dmel	FBpp0213613	dsim
OG0000009	FBpp0312287	dmel	FBpp0214208	dsim
OG0000009	FBpp0312287	dmel	FBpp0218969	dsim
OG0000009	FBpp0312287	dmel	FBpp0219508	dsim
OG0000009	FBpp0312287	dmel	FBpp0221610	dsim
OG0000009	FBpp0312287	dmel	FBpp0223560	dsim
OG0000009	FBpp0312287	dmel	FBpp0319499	dsim
OG0000009	FBpp0312287	dmel	FBpp0328093	dsim
OG0000009	FBpp0192898	dsec	FBpp0213613	dsim
OG0000009	FBpp0192898	dsec	FBpp0214208	dsim
OG0000009	FBpp0192898	dsec	FBpp0218969	dsim
OG0000009	FBpp0192898	dsec	FBpp0219508	dsim
OG0000009	FBpp0192898	dsec	FBpp0221610	dsim
OG0000009	FBpp0192898	dsec	FBpp0223560	dsim
OG0000009	FBpp0192898	dsec	FBpp0319499	dsim
OG0000009	FBpp0197149	dsec	FBpp0214208	dsim
OG0000009	FBpp0197149	dsec	FBpp0218969	dsim
OG0000009	FBpp0197149	dsec	FBpp0219508	dsim
OG0000009	FBpp0197149	dsec	FBpp0221610	dsim
OG0000009	FBpp0197149	dsec	FBpp0223560	dsim
OG0000009	FBpp0197149	dsec	FBpp0319499	dsim
OG0000009	FBpp0197149	dsec	FBpp0328093	dsim
OG0000009	FBpp0197156	dsec	FBpp0213613	dsim
OG0000009	FBpp0197156	dsec	FBpp0214208	dsim
OG0000009	FBpp0197156	dsec	FBpp0218969	dsim
OG0000009	FBpp0197156	dsec	FBpp0219508	dsim
OG0000009	FBpp0197156	dsec	FBpp0221610	dsim
OG0000009	FBpp0197156	dsec	FBpp0319499	dsim
OG0000009	FBpp0197156	dsec	FBpp0328093	dsim
OG0000009	FBpp0199872	dsec	FBpp0213613	dsim
OG0000009	FBpp0199872	dsec	FBpp0214208	dsim
OG0000009	FBpp0199872	dsec	FBpp0218969	dsim
OG0000009	FBpp0199872	dsec	FBpp0219508	dsim
OG0000009	FBpp0199872	dsec	FBpp0223560	dsim
OG0000009	FBpp0199872	dsec	FBpp0319499	dsim
OG0000009	FBpp0199872	dsec	FBpp0328093	dsim
OG0000009	FBpp0201416	dsec	FBpp0213613	dsim
OG0000009	FBpp0201416	dsec	FBpp0214208	dsim
OG0000009	FBpp0201416	dsec	FBpp0218969	dsim
OG0000009	FBpp0201416	dsec	FBpp0219508	dsim
OG0000009	FBpp0201416	dsec	FBpp0221610	dsim
OG0000009	FBpp0201416	dsec	FBpp0223560	dsim
OG0000009	FBpp0201416	dsec	FBpp0328093	dsim
OG0000009	FBpp0205458	dsec	FBpp0213613	dsim
OG0000009	FBpp0205458	dsec	FBpp0218969	dsim
OG0000009	FBpp0205458	dsec	FBpp0219508	dsim
OG0000009	FBpp0205458	dsec	FBpp0221610	dsim
OG0000009	FBpp0205458	dsec	FBpp0223560	dsim
OG0000009	FBpp0205458	dsec	FBpp0319499	dsim
OG0000009	FBpp0205458	dsec	FBpp0328093	dsim
OG0000009	FBpp0207487	dsec	FBpp0213613	dsim
OG0000009	FBpp0207487	dsec	FBpp0214208	dsim
OG0000009	FBpp0207487	dsec	FBpp0219508	dsim
OG0000009	FBpp0207487	dsec	FBpp0221610	dsim
OG0000009	FBpp0207487	dsec	FBpp0223560	dsim
OG0000009	FBpp0207487	dsec	FBpp0319499	dsim
OG0000009	FBpp0207487	dsec	FBpp0328093	dsim
OG0000009	FBpp0208082	dsec	FBpp0213613	dsim
OG0000009	FBpp0208082	dsec	FBpp0214208	dsim
OG0000009	FBpp0208082	dsec	FBpp0218969	dsim
OG0000009	FBpp0208082	dsec	FBpp0221610	dsim
OG0000009	FBpp0208082	dsec	FBpp0223560	dsim
OG0000009	FBpp0208082	dsec	FBpp0319499	dsim
OG0000009	FBpp0208082	dsec	FBpp0328093	dsim
OG0000014	FBpp0070788	dmel	FBpp0197969	dsec
OG0000014	FBpp0070788	dmel	FBpp0200756	dsec
OG0000014	FBpp0070788	dmel	FBpp0203197	dsec
OG0000014	FBpp0070788	dmel	FBpp0203903	dsec
OG0000014	FBpp0070788	dmel	FBpp0205586	dsec
OG0000014	FBpp0070788	dmel	FBpp0205713	dsec
OG0000014	FBpp0071448	dmel	FBpp0193924	dsec
OG0000014	FBpp0071448	dmel	FBpp0197969	dsec
OG0000014	FBpp0071448	dmel	FBpp0200756	dsec
OG0000014	FBpp0071448	dmel	FBpp0203197	dsec
OG0000014	FBpp0071448	dmel	FBpp0203903	dsec
OG0000014	FBpp0071448	dmel	FBpp0205586	dsec
OG0000014	FBpp0071448	dmel	FBpp0205713	dsec
OG0000014	FBpp0078131	dmel	FBpp0193924	dsec
OG0000014	FBpp0078131	dmel	FBpp0197969	dsec
OG0000014	FBpp0078131	dmel	FBpp0200756	dsec
OG0000014	FBpp0078131	dmel	FBpp0203197	dsec
OG0000014	FBpp0078131	dmel	FBpp0205586	dsec
OG0000014	FBpp0078131	dmel	FBpp0205713	dsec
OG0000014	FBpp0082253	dmel	FBpp0193924	dsec
OG0000014	FBpp0082253	dmel	FBpp0197969	dsec
OG0000014	FBpp0082253	dmel	FBpp0200756	dsec
OG0000014	FBpp0082253	dmel	FBpp0203197	dsec
OG0000014	FBpp0082253	dmel	FBpp0203903	dsec
OG0000014	FBpp0082253	dmel	FBpp0205713	dsec
OG0000014	FBpp0082597	dmel	FBpp0193924	dsec
OG0000014	FBpp0082597	dmel	FBpp0197969	dsec
OG0000014	FBpp0082597	dmel	FBpp0200756	dsec
OG0000014	FBpp0082597	dmel	FBpp0203197	dsec
OG0000014	FBpp0082597	dmel	FBpp0203903	dsec
OG0000014	FBpp0082597	dmel	FBpp0205586	dsec
OG0000014	FBpp0082597	dmel	FBpp0205713	dsec
OG0000014	FBpp0085365	dmel	FBpp0193924	dsec
OG0000014	FBpp0085365	dmel	FBpp0200756	dsec
OG0000014	FBpp0085365	dmel	FBpp0203197	dsec
OG0000014	FBpp0085365	dmel	FBpp0203903	dsec
OG0000014	FBpp0085365	dmel	FBpp0205586	dsec
OG0000014	FBpp0085365	dmel	FBpp0205713	dsec
OG0000014	FBpp0309075	dmel	FBpp0193924	dsec
OG0000014	FBpp0309075	dmel	FBpp0197969	dsec
OG0000014	FBpp0309075	dmel	FBpp0200756	dsec
OG0000014	FBpp0309075	dmel	FBpp0203903	dsec
OG0000014	FBpp0309075	dmel	FBpp0205586	dsec
OG0000014	FBpp0309075	dmel	FBpp0205713	dsec
OG0000014	FBpp0070788	dmel	FBpp0208744	dsim
OG0000014	FBpp0070788	dmel	FBpp0209617	dsim
OG0000014	FBpp0070788	dmel	FBpp0209950	dsim
OG0000014	FBpp0070788	dmel	FBpp0213417	dsim
OG0000014	FBpp0070788	dmel	FBpp0217311	dsim
OG0000014	FBpp0070788	dmel	FBpp0217427	dsim
OG0000014	FBpp0071448	dmel	FBpp0208744	dsim
OG0000014	FBpp0071448	dmel	FBpp0209617	dsim
OG0000014	FBpp0071448	dmel	FBpp0213417	dsim
OG0000014	FBpp0071448	dmel	FBpp0215166	dsim
OG0000014	FBpp0071448	dmel	FBpp0217311	dsim
OG0000014	FBpp0071448	dmel	FBpp0217427	dsim
OG0000014	FBpp0078131	dmel	FBpp0208744	dsim
OG0000014	FBpp0078131	dmel	FBpp0209617	dsim
OG0000014	FBpp0078131	dmel	FBpp0209950	dsim
OG0000014	FBpp0078131	dmel	FBpp0215166	dsim
OG0000014	FBpp0078131	dmel	FBpp0217311	dsim
OG0000014	FBpp0078131	dmel	FBpp0217427	dsim
OG0000014	FBpp0082253	dmel	FBpp0208744	dsim
OG0000014	FBpp0082253	dmel	FBpp0209617	dsim
OG0000014	FBpp0082253	dmel	FBpp0209950	dsim
OG0000014	FBpp0082253	dmel	FBpp0213417	dsim
OG0000014	FBpp0082253	dmel	FBpp0215166	dsim
OG0000014	FBpp0082253	dmel	FBpp0217427	dsim
OG0000014	FBpp0082597	dmel	FBpp0208744	dsim
OG0000014	FBpp0082597	dmel	FBpp0209617	dsim
OG0000014	FBpp0082597	dmel	FBpp0209950	dsim
OG0000014	FBpp0082597	dmel	FBpp0213417	dsim
OG0000014	FBpp0082597	dmel	FBpp0215166	dsim
OG0000014	FBpp0082597	dmel	FBpp0217311	dsim
OG0000014	FBpp0085365	dmel	FBpp0209617	dsim
OG0000014	FBpp0085365	dmel	FBpp0209950	dsim
OG0000014	FBpp0085365	dmel	FBpp0213417	dsim
OG0000014	FBpp0085365	dmel	FBpp0215166	dsim
OG0000014	FBpp0085365	dmel	FBpp0217311	dsim
OG0000014	FBpp0085365	dmel	FBpp0217427	dsim
OG0000014	FBpp0309075	dmel	FBpp0208744	dsim
OG0000014	FBpp0309075	dmel	FBpp0209950	dsim
OG0000014	FBpp0309075	dmel	FBpp0213417	dsim
OG0000014	FBpp0309075	dmel	FBpp0215166	dsim
OG0000014	FBpp0309075	dmel	FBpp0217311	dsim
OG0000014	FBpp0309075	dmel	FBpp0217427	dsim
OG0000014	FBpp0193924	dsec	FBpp0208744	dsim
OG0000014	FBpp0193924	dsec	FBpp0209617	dsim
OG0000014	FBpp0193924	dsec	FBpp0209950	dsim
OG0000014	FBpp0193924	dsec	FBpp0213417	dsim
OG0000014	FBpp0193924	dsec	FBpp0217311	dsim
OG0000014	FBpp0193924	dsec	FBpp0217427	dsim
OG0000014	FBpp0197969	dsec	FBpp0209617	dsim
OG0000014	FBpp0197969	dsec	FBpp0209950	dsim
OG0000014	FBpp0197969	dsec	FBpp0213417	dsim
OG0000014	FBpp0197969	dsec	FBpp0215166	dsim
OG0000014	FBpp0197969	dsec	FBpp0217311	dsim
OG0000014	FBpp0197969	dsec	FBpp0217427	dsim
OG0000014	FBpp0200756	dsec	FBpp0208744	dsim
OG0000014	FBpp0200756	dsec	FBpp0209617	dsim
OG0000014	FBpp0200756	dsec	FBpp0209950	dsim
OG0000014	FBpp0200756	dsec	FBpp0213417	dsim
OG0000014	FBpp0200756	dsec	FBpp0215166	dsim
OG0000014	FBpp0200756	dsec	FBpp0217311	dsim
OG0000014	FBpp0200756	dsec	FBpp0217427	dsim
OG0000014	FBpp0203197	dsec	FBpp0208744	dsim
OG0000014	FBpp0203197	dsec	FBpp0209950	dsim
OG0000014	FBpp0203197	dsec	FBpp0213417	dsim
OG0000014	FBpp0203197	dsec	FBpp0215166	dsim
OG0000014	FBpp0203197	dsec	FBpp0217311	dsim
OG0000014	FBpp0203197	dsec	FBpp0217427	dsim
OG0000014	FBpp0203903	dsec	FBpp0208744	dsim
OG0000014	FBpp0203903	dsec	FBpp0209617	dsim
OG0000014	FBpp0203903	dsec	FBpp0209950	dsim
OG0000014	FBpp0203903	dsec	FBpp0215166	dsim
OG0000014	FBpp0203903	dsec	FBpp0217311	dsim
OG0000014	FBpp0203903	dsec	FBpp0217427	dsim
OG0000014	FBpp0205586	dsec	FBpp0208744	dsim
OG0000014	FBpp0205586	dsec	FBpp0209617	dsim
OG0000014	FBpp0205586	dsec	FBpp0209950	dsim
OG0000014	FBpp0205586	dsec	FBpp0213417	dsim
OG0000014	FBpp0205586	dsec	FBpp0215166	dsim
OG0000014	FBpp0205586	dsec	FBpp0217427	dsim
OG0000014	FBpp0205713	dsec	FBpp0208744	dsim
OG0000014	FBpp0205713	dsec	FBpp0209617	dsim
OG0000014	FBpp0205713	dsec	FBpp0209950	dsim
OG0000014	FBpp0205713	dsec	FBpp0213417	dsim
OG0000014	FBpp0205713	dsec	FBpp0215166	dsim
OG0000014	FBpp0205713	dsec	FBpp0217311	dsim
OG0000014	FBpp0205713	dsec	FBpp0217427	dsim
OG0000015	FBpp0084449	dmel	FBpp0191618	dsec
OG0000015	FBpp0084449	dmel	FBpp0191619	dsec
OG0000015	FBpp0084449	dmel	FBpp0191622	dsec
OG0000015	FBpp0084449	dmel	FBpp0191627	dsec
OG0000015	FBpp0084450	dmel	FBpp0191618	dsec
OG0000015	FBpp0084450	dmel	FBpp0191619	dsec
OG0000015	FBpp0084450	dmel	FBpp0191620	dsec
OG0000015	FBpp0084450	dmel	FBpp0191621	dsec
OG0000015	FBpp0084450	dmel	FBpp0191622	dsec
OG0000015	FBpp0084450	dmel	FBpp0191624	dsec
OG0000015	FBpp0084450	dmel	FBpp0191625	dsec
OG0000015	FBpp0084450	dmel	FBpp0191626	dsec
OG0000015	FBpp0084519	dmel	FBpp0191619	dsec
OG0000015	FBpp0084519	dmel	FBpp0191620	dsec
OG0000015	FBpp0084519	dmel	FBpp0191621	dsec
OG0000015	FBpp0084519	dmel	FBpp0191622	dsec
OG0000015	FBpp0084519	dmel	FBpp0191624	dsec
OG0000015	FBpp0084519	dmel	FBpp0191625	dsec
OG0000015	FBpp0084519	dmel	FBpp0191626	dsec
OG0000015	FBpp0084519	dmel	FBpp0191627	dsec
OG0000015	FBpp0084520	dmel	FBpp0191618	dsec
OG0000015	FBpp0084520	dmel	FBpp0191620	dsec
OG0000015	FBpp0084520	dmel	FBpp0191621	dsec
OG0000015	FBpp0084520	dmel	FBpp0191622	dsec
OG0000015	FBpp0084520	dmel	FBpp0191624	dsec
OG0000015	FBpp0084520	dmel	FBpp0191625	dsec
OG0000015	FBpp0084520	dmel	FBpp0191626	dsec
OG0000015	FBpp0084520	dmel	FBpp0191627	dsec
OG0000015	FBpp0084521	dmel	FBpp0191618	dsec
OG0000015	FBpp0084521	dmel	FBpp0191619	dsec
OG0000015	FBpp0084521	dmel	FBpp0191620	dsec
OG0000015	FBpp0084521	dmel	FBpp0191622	dsec
OG0000015	FBpp0084521	dmel	FBpp0191624	dsec
OG0000015	FBpp0084521	dmel	FBpp0191625	dsec
OG0000015	FBpp0084521	dmel	FBpp0191626	dsec
OG0000015	FBpp0084521	dmel	FBpp0191627	dsec
OG0000015	FBpp0084522	dmel	FBpp0191618	dsec
OG0000015	FBpp0084522	dmel	FBpp0191620	dsec
OG0000015	FBpp0084522	dmel	FBpp0191622	dsec
OG0000015	FBpp0084522	dmel	FBpp0191624	dsec
OG0000015	FBpp0084522	dmel	FBpp0191625	dsec
OG0000015	FBpp0084522	dmel	FBpp0191626	dsec
OG0000015	FBpp0084522	dmel	FBpp0191627	dsec
OG0000015	FBpp0084523	dmel	FBpp0191618	dsec
OG0000015	FBpp0084523	dmel	FBpp0191619	dsec
OG0000015	FBpp0084523	dmel	FBpp0191620	dsec
OG0000015	FBpp0084523	dmel	FBpp0191622	dsec
OG0000015	FBpp0084523	dmel	FBpp0191624	dsec
OG0000015	FBpp0084523	dmel	FBpp0191625	dsec
OG0000015	FBpp0084523	dmel	FBpp0191626	dsec
OG0000015	FBpp0084523	dmel	FBpp0191627	dsec
OG0000015	FBpp0084449	dmel	FBpp0216502	dsim
OG0000015	FBpp0084449	dmel	FBpp0216503	dsim
OG0000015	FBpp0084449	dmel	FBpp0216504	dsim
OG0000015	FBpp0084449	dmel	FBpp0216506	dsim
OG0000015	FBpp0084449	dmel	FBpp0315859	dsim
OG0000015	FBpp0084449	dmel	FBpp0325986	dsim
OG0000015	FBpp0084450	dmel	FBpp0216502	dsim
OG0000015	FBpp0084450	dmel	FBpp0216503	dsim
OG0000015	FBpp0084450	dmel	FBpp0216504	dsim
OG0000015	FBpp0084450	dmel	FBpp0216506	dsim
OG0000015	FBpp0084450	dmel	FBpp0216507	dsim
OG0000015	FBpp0084450	dmel	FBpp0315859	dsim
OG0000015	FBpp0084519	dmel	FBpp0216503	dsim
OG0000015	FBpp0084519	dmel	FBpp0216504	dsim
OG0000015	FBpp0084519	dmel	FBpp0216506	dsim
OG0000015	FBpp0084519	dmel	FBpp0216507	dsim
OG0000015	FBpp0084519	dmel	FBpp0315859	dsim
OG0000015	FBpp0084519	dmel	FBpp0325986	dsim
OG0000015	FBpp0084520	dmel	FBpp0216502	dsim
OG0000015	FBpp0084520	dmel	FBpp0216504	dsim
OG0000015	FBpp0084520	dmel	FBpp0216506	dsim
OG0000015	FBpp0084520	dmel	FBpp0216507	dsim
OG0000015	FBpp0084520	dmel	FBpp0315859	dsim
OG0000015	FBpp0084520	dmel	FBpp0325986	dsim
OG0000015	FBpp0084521	dmel	FBpp0216502	dsim
OG0000015	FBpp0084521	dmel	FBpp0216503	dsim
OG0000015	FBpp0084521	dmel	FBpp0216506	dsim
OG0000015	FBpp0084521	dmel	FBpp0216507	dsim
OG0000015	FBpp0084521	dmel	FBpp0315859	dsim
OG0000015	FBpp0084521	dmel	FBpp0325986	dsim
OG0000015	FBpp0084522	dmel	FBpp0216502	dsim
OG0000015	FBpp0084522	dmel	FBpp0216503	dsim
OG0000015	FBpp0084522	dmel	FBpp0216504	dsim
OG0000015	FBpp0084522	dmel	FBpp0216506	dsim
OG0000015	FBpp0084522	dmel	FBpp0216507	dsim
OG0000015	FBpp0084522	dmel	FBpp0325986	dsim
OG0000015	FBpp0084523	dmel	FBpp0216502	dsim
OG0000015	FBpp0084523	dmel	FBpp0216503	dsim
OG0000015	FBpp0084523	dmel	FBpp0216504	dsim
OG0000015	FBpp0084523	dmel	FBpp0216507	dsim
OG0000015	FBpp0084523	dmel	FBpp0315859	dsim
OG0000015	FBpp0084523	dmel	FBpp0325986	dsim
OG0000015	FBpp0191618	dsec	FBpp0216503	dsim
OG0000015	FBpp0191618	dsec	FBpp0216504	dsim
OG0000015	FBpp0191618	dsec	FBpp0216506	dsim
OG0000015	FBpp0191618	dsec	FBpp0216507	dsim
OG0000015	FBpp0191618	dsec	FBpp0325986	dsim
OG0000015	FBpp0191619	dsec	FBpp0216502	dsim
OG0000015	FBpp0191619	dsec	FBpp0216506	dsim
OG0000015	FBpp0191619	dsec	FBpp0216507	dsim
OG0000015	FBpp0191619	dsec	FBpp0325986	dsim
OG0000015	FBpp0191620	dsec	FBpp0216502	dsim
OG0000015	FBpp0191620	dsec	FBpp0216503	dsim
OG0000015	FBpp0191620	dsec	FBpp0216504	dsim
OG0000015	FBpp0191620	dsec	FBpp0216506	dsim
OG0000015	FBpp0191620	dsec	FBpp0216507	dsim
OG0000015	FBpp0191620	dsec	FBpp0325986	dsim
OG0000015	FBpp0191621	dsec	FBpp0216502	dsim
OG0000015	FBpp0191621	dsec	FBpp0216503	dsim
OG0000015	FBpp0191621	dsec	FBpp0216504	dsim
OG0000015	FBpp0191621	dsec	FBpp0325986	dsim
OG0000015	FBpp0191622	dsec	FBpp0216502	dsim
OG0000015	FBpp0191622	dsec	FBpp0216503	dsim
OG0000015	FBpp0191622	dsec	FBpp0216504	dsim
OG0000015	FBpp0191622	dsec	FBpp0216506	dsim
OG0000015	FBpp0191622	dsec	FBpp0216507	dsim
OG0000015	FBpp0191622	dsec	FBpp0315859	dsim
OG0000015	FBpp0191622	dsec	FBpp0325986	dsim
OG0000015	FBpp0191624	dsec	FBpp0216502	dsim
OG0000015	FBpp0191624	dsec	FBpp0216503	dsim
OG0000015	FBpp0191624	dsec	FBpp0216504	dsim
OG0000015	FBpp0191624	dsec	FBpp0216507	dsim
OG0000015	FBpp0191624	dsec	FBpp0315859	dsim
OG0000015	FBpp0191624	dsec	FBpp0325986	dsim
OG0000015	FBpp0191625	dsec	FBpp0216502	dsim
OG0000015	FBpp0191625	dsec	FBpp0216503	dsim
OG0000015	FBpp0191625	dsec	FBpp0216504	dsim
OG0000015	FBpp0191625	dsec	FBpp0216506	dsim
OG0000015	FBpp0191625	dsec	FBpp0315859	dsim
OG0000015	FBpp0191625	dsec	FBpp0325986	dsim
OG0000015	FBpp0191626	dsec	FBpp0216502	dsim
OG0000015	FBpp0191626	dsec	FBpp0216503	dsim
OG0000015	FBpp0191626	dsec	FBpp0216504	dsim
OG0000015	FBpp0191626	dsec	FBpp0216506	dsim
OG0000015	FBpp0191626	dsec	FBpp0216507	dsim
OG0000015	FBpp0191626	dsec	FBpp0315859	dsim
OG0000015	FBpp0191627	dsec	FBpp0216502	dsim
OG0000015	FBpp0191627	dsec	FBpp0216503	dsim
OG0000015	FBpp0191627	dsec	FBpp0216504	dsim
OG0000015	FBpp0191627	dsec	FBpp0216506	dsim
OG0000015	FBpp0191627	dsec	FBpp0216507	dsim
OG0000015	FBpp0191627	dsec	FBpp0315859	dsim
OG0000016	FBpp0082041	dmel	FBpp0205492	dsec
OG0000016	FBpp0082041	dmel	FBpp0205496	dsec
OG0000016	FBpp0082041	dmel	FBpp0205497	dsec
OG0000016	FBpp0082041	dmel	FBpp0207496	dsec
OG0000016	FBpp0082041	dmel	FBpp0207498	dsec
OG0000016	FBpp0082043	dmel	FBpp0205492	dsec
OG0000016	FBpp0082043	dmel	FBpp0205496	dsec
OG0000016	FBpp0082043	dmel	FBpp0205497	dsec
OG0000016	FBpp0082043	dmel	FBpp0207496	dsec
OG0000016	FBpp0082043	dmel	FBpp0207498	dsec
OG0000016	FBpp0082044	dmel	FBpp0205492	dsec
OG0000016	FBpp0082044	dmel	FBpp0205496	dsec
OG0000016	FBpp0082044	dmel	FBpp0205497	dsec
OG0000016	FBpp0082044	dmel	FBpp0207496	dsec
OG0000016	FBpp0082044	dmel	FBpp0207498	dsec
OG0000016	FBpp0082045	dmel	FBpp0205492	dsec
OG0000016	FBpp0082045	dmel	FBpp0205495	dsec
OG0000016	FBpp0082045	dmel	FBpp0205496	dsec
OG0000016	FBpp0082045	dmel	FBpp0207496	dsec
OG0000016	FBpp0082045	dmel	FBpp0207498	dsec
OG0000016	FBpp0082046	dmel	FBpp0205492	dsec
OG0000016	FBpp0082046	dmel	FBpp0205495	dsec
OG0000016	FBpp0082046	dmel	FBpp0205496	dsec
OG0000016	FBpp0082046	dmel	FBpp0207496	dsec
OG0000016	FBpp0082046	dmel	FBpp0207498	dsec
OG0000016	FBpp0082077	dmel	FBpp0205492	dsec
OG0000016	FBpp0082077	dmel	FBpp0205495	dsec
OG0000016	FBpp0082077	dmel	FBpp0205496	dsec
OG0000016	FBpp0082077	dmel	FBpp0205497	dsec
OG0000016	FBpp0082077	dmel	FBpp0207498	dsec
OG0000016	FBpp0082078	dmel	FBpp0205492	dsec
OG0000016	FBpp0082078	dmel	FBpp0205495	dsec
OG0000016	FBpp0082078	dmel	FBpp0205496	dsec
OG0000016	FBpp0082078	dmel	FBpp0205497	dsec
OG0000016	FBpp0082041	dmel	FBpp0218979	dsim
OG0000016	FBpp0082041	dmel	FBpp0315149	dsim
OG0000016	FBpp0082041	dmel	FBpp0318897	dsim
OG0000016	FBpp0082041	dmel	FBpp0319035	dsim
OG0000016	FBpp0082043	dmel	FBpp0218979	dsim
OG0000016	FBpp0082043	dmel	FBpp0315149	dsim
OG0000016	FBpp0082043	dmel	FBpp0318897	dsim
OG0000016	FBpp0082043	dmel	FBpp0319035	dsim
OG0000016	FBpp0082044	dmel	FBpp0218979	dsim
OG0000016	FBpp0082044	dmel	FBpp0315149	dsim
OG0000016	FBpp0082044	dmel	FBpp0318897	dsim
OG0000016	FBpp0082044	dmel	FBpp0319035	dsim
OG0000016	FBpp0082045	dmel	FBpp0218979	dsim
OG0000016	FBpp0082045	dmel	FBpp0315149	dsim
OG0000016	FBpp0082045	dmel	FBpp0319035	dsim
OG0000016	FBpp0082046	dmel	FBpp0218979	dsim
OG0000016	FBpp0082046	dmel	FBpp0319035	dsim
OG0000016	FBpp0082077	dmel	FBpp0218979	dsim
OG0000016	FBpp0082077	dmel	FBpp0315149	dsim
OG0000016	FBpp0082077	dmel	FBpp0318897	dsim
OG0000016	FBpp0082078	dmel	FBpp0315149	dsim
OG0000016	FBpp0082078	dmel	FBpp0318897	dsim
OG0000016	FBpp0205492	dsec	FBpp0218979	dsim
OG0000016	FBpp0205492	dsec	FBpp0315149	dsim
OG0000016	FBpp0205492	dsec	FBpp0318897	dsim
OG0000016	FBpp0205492	dsec	FBpp0319035	dsim
OG0000016	FBpp0205495	dsec	FBpp0218979	dsim
OG0000016	FBpp0205495	dsec	FBpp0318897	dsim
OG0000016	FBpp0205495	dsec	FBpp0319035	dsim
OG0000016	FBpp0205496	dsec	FBpp0218979	dsim
OG0000016	FBpp0205496	dsec	FBpp0315149	dsim
OG0000016	FBpp0205496	dsec	FBpp0318897	dsim
OG0000016	FBpp0205496	dsec	FBpp0319035	dsim
OG0000016	FBpp0205497	dsec	FBpp0218979	dsim
OG0000016	FBpp0205497	dsec	FBpp0315149	dsim
OG0000016	FBpp0205497	dsec	FBpp0319035	dsim
OG0000016	FBpp0207498	dsec	FBpp0315149	dsim
OG0000016	FBpp0207498	dsec	FBpp0318897	dsim
OG0000016	FBpp0207498	dsec	FBpp0319035	dsim
OG0000022	FBpp0072524	dmel	FBpp0195706	dsec
OG0000022	FBpp0072524	dmel	FBpp0195859	dsec
OG0000022	FBpp0072526	dmel	FBpp0195855	dsec
OG0000022	FBpp0072526	dmel	FBpp0195857	dsec
OG0000022	FBpp0072526	dmel	FBpp0195859	dsec
OG0000022	FBpp0072527	dmel	FBpp0195706	dsec
OG0000022	FBpp0072527	dmel	FBpp0195855	dsec
OG0000022	FBpp0072527	dmel	FBpp0195857	dsec
OG0000022	FBpp0072529	dmel	FBpp0195706	dsec
OG0000022	FBpp0072529	dmel	FBpp0195855	dsec
OG0000022	FBpp0072529	dmel	FBpp0195857	dsec
OG0000022	FBpp0072530	dmel	FBpp0195855	dsec
OG0000022	FBpp0072530	dmel	FBpp0195857	dsec
OG0000022	FBpp0072530	dmel	FBpp0195859	dsec
OG0000022	FBpp0072533	dmel	FBpp0195706	dsec
OG0000022	FBpp0072533	dmel	FBpp0195855	dsec
OG0000022	FBpp0072533	dmel	FBpp0195857	dsec
OG0000022	FBpp0072533	dmel	FBpp0195859	dsec
OG0000022	FBpp0072524	dmel	FBpp0211895	dsim
OG0000022	FBpp0072524	dmel	FBpp0211996	dsim
OG0000022	FBpp0072524	dmel	FBpp0314094	dsim
OG0000022	FBpp0072524	dmel	FBpp0319699	dsim
OG0000022	FBpp0072524	dmel	FBpp0322087	dsim
OG0000022	FBpp0072524	dmel	FBpp0324482	dsim
OG0000022	FBpp0072526	dmel	FBpp0211895	dsim
OG0000022	FBpp0072526	dmel	FBpp0211995	dsim
OG0000022	FBpp0072526	dmel	FBpp0211996	dsim
OG0000022	FBpp0072526	dmel	FBpp0216019	dsim
OG0000022	FBpp0072526	dmel	FBpp0314094	dsim
OG0000022	FBpp0072526	dmel	FBpp0322087	dsim
OG0000022	FBpp0072526	dmel	FBpp0324482	dsim
OG0000022	FBpp0072527	dmel	FBpp0211895	dsim
OG0000022	FBpp0072527	dmel	FBpp0211995	dsim
OG0000022	FBpp0072527	dmel	FBpp0216019	dsim
OG0000022	FBpp0072527	dmel	FBpp0319699	dsim
OG0000022	FBpp0072527	dmel	FBpp0322087	dsim
OG0000022	FBpp0072527	dmel	FBpp0324482	dsim
OG0000022	FBpp0072529	dmel	FBpp0211895	dsim
OG0000022	FBpp0072529	dmel	FBpp0211995	dsim
OG0000022	FBpp0072529	dmel	FBpp0216019	dsim
OG0000022	FBpp0072529	dmel	FBpp0314094	dsim
OG0000022	FBpp0072529	dmel	FBpp0319699	dsim
OG0000022	FBpp0072529	dmel	FBpp0322087	dsim
OG0000022	FBpp0072529	dmel	FBpp0324482	dsim
OG0000022	FBpp0072530	dmel	FBpp0211895	dsim
OG0000022	FBpp0072530	dmel	FBpp0211995	dsim
OG0000022	FBpp0072530	dmel	FBpp0211996	dsim
OG0000022	FBpp0072530	dmel	FBpp0216019	dsim
OG0000022	FBpp0072530	dmel	FBpp0314094	dsim
OG0000022	FBpp0072530	dmel	FBpp0322087	dsim
OG0000022	FBpp0072530	dmel	FBpp0324482	dsim
OG0000022	FBpp0072533	dmel	FBpp0211995	dsim
OG0000022	FBpp0072533	dmel	FBpp0211996	dsim
OG0000022	FBpp0072533	dmel	FBpp0216019	dsim
OG0000022	FBpp0072533	dmel	FBpp0314094	dsim
OG0000022	FBpp0072533	dmel	FBpp0319699	dsim
OG0000022	FBpp0072533	dmel	FBpp0322087	dsim
OG0000022	FBpp0072533	dmel	FBpp0324482	dsim
OG0000022	FBpp0195706	dsec	FBpp0211895	dsim
OG0000022	FBpp0195706	dsec	FBpp0211995	dsim
OG0000022	FBpp0195706	dsec	FBpp0211996	dsim
OG0000022	FBpp0195706	dsec	FBpp0314094	dsim
OG0000022	FBpp0195706	dsec	FBpp0322087	dsim
OG0000022	FBpp0195706	dsec	FBpp0324482	dsim
OG0000022	FBpp0195855	dsec	FBpp0211895	dsim
OG0000022	FBpp0195855	dsec	FBpp0211996	dsim
OG0000022	FBpp0195855	dsec	FBpp0314094	dsim
OG0000022	FBpp0195855	dsec	FBpp0319699	dsim
OG0000022	FBpp0195855	dsec	FBpp0322087	dsim
OG0000022	FBpp0195855	dsec	FBpp0324482	dsim
OG0000022	FBpp0195857	dsec	FBpp0211895	dsim
OG0000022	FBpp0195857	dsec	FBpp0211996	dsim
OG0000022	FBpp0195857	dsec	FBpp0216019	dsim
OG0000022	FBpp0195857	dsec	FBpp0314094	dsim
OG0000022	FBpp0195857	dsec	FBpp0319699	dsim
OG0000022	FBpp0195857	dsec	FBpp0322087	dsim
OG0000022	FBpp0195857	dsec	FBpp0324482	dsim
OG0000022	FBpp0195859	dsec	FBpp0211895	dsim
OG0000022	FBpp0195859	dsec	FBpp0211995	dsim
OG0000022	FBpp0195859	dsec	FBpp0216019	dsim
OG0000022	FBpp0195859	dsec	FBpp0319699	dsim
OG0000022	FBpp0195859	dsec	FBpp0322087	dsim
OG0000022	FBpp0195859	dsec	FBpp0324482	dsim
OG0000026	FBpp0081799	dmel	FBpp0207960	dsec
OG0000026	FBpp0081799	dmel	FBpp0207962	dsec
OG0000026	FBpp0081799	dmel	FBpp0207963	dsec
OG0000026	FBpp0081799	dmel	FBpp0207964	dsec
OG0000026	FBpp0081799	dmel	FBpp0207965	dsec
OG0000026	FBpp0083741	dmel	FBpp0207642	dsec
OG0000026	FBpp0083741	dmel	FBpp0207643	dsec
OG0000026	FBpp0083741	dmel	FBpp0207960	dsec
OG0000026	FBpp0083741	dmel	FBpp0207962	dsec
OG0000026	FBpp0083741	dmel	FBpp0207963	dsec
OG0000026	FBpp0083741	dmel	FBpp0207964	dsec
OG0000026	FBpp0083741	dmel	FBpp0207965	dsec
OG0000026	FBpp0083743	dmel	FBpp0207642	dsec
OG0000026	FBpp0083743	dmel	FBpp0207643	dsec
OG0000026	FBpp0083743	dmel	FBpp0207963	dsec
OG0000026	FBpp0083743	dmel	FBpp0207964	dsec
OG0000026	FBpp0083743	dmel	FBpp0207965	dsec
OG0000026	FBpp0083744	dmel	FBpp0207642	dsec
OG0000026	FBpp0083744	dmel	FBpp0207643	dsec
OG0000026	FBpp0083744	dmel	FBpp0207960	dsec
OG0000026	FBpp0083744	dmel	FBpp0207962	dsec
OG0000026	FBpp0083744	dmel	FBpp0207964	dsec
OG0000026	FBpp0083744	dmel	FBpp0207965	dsec
OG0000026	FBpp0083745	dmel	FBpp0207642	dsec
OG0000026	FBpp0083745	dmel	FBpp0207643	dsec
OG0000026	FBpp0083745	dmel	FBpp0207960	dsec
OG0000026	FBpp0083745	dmel	FBpp0207962	dsec
OG0000026	FBpp0083745	dmel	FBpp0207963	dsec
OG0000026	FBpp0083745	dmel	FBpp0207965	dsec
OG0000026	FBpp0083746	dmel	FBpp0207642	dsec
OG0000026	FBpp0083746	dmel	FBpp0207643	dsec
OG0000026	FBpp0083746	dmel	FBpp0207960	dsec
OG0000026	FBpp0083746	dmel	FBpp0207962	dsec
OG0000026	FBpp0083746	dmel	FBpp0207963	dsec
OG0000026	FBpp0081799	dmel	FBpp0219398	dsim
OG0000026	FBpp0081799	dmel	FBpp0219400	dsim
OG0000026	FBpp0081799	dmel	FBpp0219401	dsim
OG0000026	FBpp0081799	dmel	FBpp0219402	dsim
OG0000026	FBpp0081799	dmel	FBpp0219403	dsim
OG0000026	FBpp0083741	dmel	FBpp0219119	dsim
OG0000026	FBpp0083741	dmel	FBpp0219400	dsim
OG0000026	FBpp0083741	dmel	FBpp0219401	dsim
OG0000026	FBpp0083741	dmel	FBpp0219402	dsim
OG0000026	FBpp0083741	dmel	FBpp0219403	dsim
OG0000026	FBpp0083741	dmel	FBpp0317280	dsim
OG0000026	FBpp0083743	dmel	FBpp0219119	dsim
OG0000026	FBpp0083743	dmel	FBpp0219398	dsim
OG0000026	FBpp0083743	dmel	FBpp0219401	dsim
OG0000026	FBpp0083743	dmel	FBpp0219402	dsim
OG0000026	FBpp0083743	dmel	FBpp0219403	dsim
OG0000026	FBpp0083743	dmel	FBpp0317280	dsim
OG0000026	FBpp0083744	dmel	FBpp0219119	dsim
OG0000026	FBpp0083744	dmel	FBpp0219398	dsim
OG0000026	FBpp0083744	dmel	FBpp0219400	dsim
OG0000026	FBpp0083744	dmel	FBpp0219402	dsim
OG0000026	FBpp0083744	dmel	FBpp0219403	dsim
OG0000026	FBpp0083744	dmel	FBpp0317280	dsim
OG0000026	FBpp0083745	dmel	FBpp0219119	dsim
OG0000026	FBpp0083745	dmel	FBpp0219398	dsim
OG0000026	FBpp0083745	dmel	FBpp0219400	dsim
OG0000026	FBpp0083745	dmel	FBpp0219401	dsim
OG0000026	FBpp0083745	dmel	FBpp0219403	dsim
OG0000026	FBpp0083745	dmel	FBpp0317280	dsim
OG0000026	FBpp0083746	dmel	FBpp0219119	dsim
OG0000026	FBpp0083746	dmel	FBpp0219398	dsim
OG0000026	FBpp0083746	dmel	FBpp0219400	dsim
OG0000026	FBpp0083746	dmel	FBpp0219401	dsim
OG0000026	FBpp0083746	dmel	FBpp0219402	dsim
OG0000026	FBpp0083746	dmel	FBpp0317280	dsim
OG0000026	FBpp0207642	dsec	FBpp0219398	dsim
OG0000026	FBpp0207642	dsec	FBpp0219400	dsim
OG0000026	FBpp0207642	dsec	FBpp0219401	dsim
OG0000026	FBpp0207642	dsec	FBpp0219402	dsim
OG0000026	FBpp0207642	dsec	FBpp0219403	dsim
OG0000026	FBpp0207643	dsec	FBpp0219119	dsim
OG0000026	FBpp0207643	dsec	FBpp0219398	dsim
OG0000026	FBpp0207643	dsec	FBpp0219400	dsim
OG0000026	FBpp0207643	dsec	FBpp0219401	dsim
OG0000026	FBpp0207643	dsec	FBpp0219402	dsim
OG0000026	FBpp0207643	dsec	FBpp0219403	dsim
OG0000026	FBpp0207960	dsec	FBpp0219119	dsim
OG0000026	FBpp0207960	dsec	FBpp0219398	dsim
OG0000026	FBpp0207960	dsec	FBpp0219401	dsim
OG0000026	FBpp0207960	dsec	FBpp0219402	dsim
OG0000026	FBpp0207960	dsec	FBpp0219403	dsim
OG0000026	FBpp0207960	dsec	FBpp0317280	dsim
OG0000026	FBpp0207962	dsec	FBpp0219119	dsim
OG0000026	FBpp0207962	dsec	FBpp0219398	dsim
OG0000026	FBpp0207962	dsec	FBpp0219402	dsim
OG0000026	FBpp0207962	dsec	FBpp0219403	dsim
OG0000026	FBpp0207962	dsec	FBpp0317280	dsim
OG0000026	FBpp0207963	dsec	FBpp0219119	dsim
OG0000026	FBpp0207963	dsec	FBpp0219398	dsim
OG0000026	FBpp0207963	dsec	FBpp0219400	dsim
OG0000026	FBpp0207963	dsec	FBpp0219403	dsim
OG0000026	FBpp0207963	dsec	FBpp0317280	dsim
OG0000026	FBpp0207964	dsec	FBpp0219119	dsim
OG0000026	FBpp0207964	dsec	FBpp0219398	dsim
OG0000026	FBpp0207964	dsec	FBpp0219400	dsim
OG0000026	FBpp0207964	dsec	FBpp0219401	dsim
OG0000026	FBpp0207964	dsec	FBpp0317280	dsim
OG0000026	FBpp0207965	dsec	FBpp0219119	dsim
OG0000026	FBpp0207965	dsec	FBpp0219398	dsim
OG0000026	FBpp0207965	dsec	FBpp0219400	dsim
OG0000026	FBpp0207965	dsec	FBpp0219401	dsim
OG0000026	FBpp0207965	dsec	FBpp0219402	dsim
OG0000026	FBpp0207965	dsec	FBpp0317280	dsim
OG0000029	FBpp0087223	dmel	FBpp0201916	dsec
OG0000029	FBpp0087223	dmel	FBpp0201917	dsec
OG0000029	FBpp0087224	dmel	FBpp0201916	dsec
OG0000029	FBpp0087224	dmel	FBpp0201917	dsec
OG0000029	FBpp0087225	dmel	FBpp0201918	dsec
OG0000029	FBpp0087254	dmel	FBpp0201916	dsec
OG0000029	FBpp0087254	dmel	FBpp0201917	dsec
OG0000029	FBpp0087255	dmel	FBpp0201916	dsec
OG0000029	FBpp0087255	dmel	FBpp0201917	dsec
OG0000029	FBpp0087256	dmel	FBpp0201916	dsec
OG0000029	FBpp0087256	dmel	FBpp0201917	dsec
OG0000029	FBpp0087256	dmel	FBpp0201918	dsec
OG0000029	FBpp0087257	dmel	FBpp0201916	dsec
OG0000029	FBpp0087257	dmel	FBpp0201917	dsec
OG0000029	FBpp0087257	dmel	FBpp0201918	dsec
OG0000029	FBpp0087223	dmel	FBpp0213793	dsim
OG0000029	FBpp0087223	dmel	FBpp0313350	dsim
OG0000029	FBpp0087223	dmel	FBpp0324178	dsim
OG0000029	FBpp0087224	dmel	FBpp0213793	dsim
OG0000029	FBpp0087224	dmel	FBpp0313350	dsim
OG0000029	FBpp0087224	dmel	FBpp0324178	dsim
OG0000029	FBpp0087225	dmel	FBpp0313350	dsim
OG0000029	FBpp0087225	dmel	FBpp0324178	dsim
OG0000029	FBpp0087254	dmel	FBpp0213793	dsim
OG0000029	FBpp0087254	dmel	FBpp0324178	dsim
OG0000029	FBpp0087255	dmel	FBpp0213793	dsim
OG0000029	FBpp0087255	dmel	FBpp0313350	dsim
OG0000029	FBpp0087255	dmel	FBpp0324178	dsim
OG0000029	FBpp0087256	dmel	FBpp0209195	dsim
OG0000029	FBpp0087256	dmel	FBpp0213793	dsim
OG0000029	FBpp0087256	dmel	FBpp0324178	dsim
OG0000029	FBpp0087257	dmel	FBpp0213793	dsim
OG0000029	FBpp0087257	dmel	FBpp0313350	dsim
OG0000029	FBpp0087257	dmel	FBpp0324178	dsim
OG0000029	FBpp0201916	dsec	FBpp0313350	dsim
OG0000029	FBpp0201916	dsec	FBpp0324178	dsim
OG0000029	FBpp0201917	dsec	FBpp0209195	dsim
OG0000029	FBpp0201917	dsec	FBpp0213793	dsim
OG0000029	FBpp0201917	dsec	FBpp0324178	dsim
OG0000029	FBpp0201918	dsec	FBpp0213793	dsim
OG0000029	FBpp0201918	dsec	FBpp0313350	dsim
OG0000029	FBpp0201918	dsec	FBpp0324178	dsim
OG0000031	FBpp0074699	dmel	FBpp0201002	dsec
OG0000031	FBpp0074701	dmel	FBpp0201002	dsec
OG0000031	FBpp0074752	dmel	FBpp0201002	dsec
OG0000031	FBpp0074754	dmel	FBpp0201002	dsec
OG0000031	FBpp0271914	dmel	FBpp0200124	dsec
OG0000031	FBpp0271917	dmel	FBpp0200124	dsec
OG0000031	FBpp0074699	dmel	FBpp0316334	dsim
OG0000031	FBpp0074699	dmel	FBpp0322958	dsim
OG0000031	FBpp0074699	dmel	FBpp0323429	dsim
OG0000031	FBpp0074701	dmel	FBpp0318278	dsim
OG0000031	FBpp0074701	dmel	FBpp0322958	dsim
OG0000031	FBpp0074701	dmel	FBpp0323429	dsim
OG0000031	FBpp0074752	dmel	FBpp0316334	dsim
OG0000031	FBpp0074752	dmel	FBpp0322958	dsim
OG0000031	FBpp0074752	dmel	FBpp0323429	dsim
OG0000031	FBpp0074754	dmel	FBpp0316334	dsim
OG0000031	FBpp0074754	dmel	FBpp0322958	dsim
OG0000031	FBpp0074754	dmel	FBpp0323429	dsim
OG0000031	FBpp0271914	dmel	FBpp0316334	dsim
OG0000031	FBpp0271914	dmel	FBpp0322958	dsim
OG0000031	FBpp0271914	dmel	FBpp0323429	dsim
OG0000031	FBpp0271917	dmel	FBpp0316334	dsim
OG0000031	FBpp0271917	dmel	FBpp0322958	dsim
OG0000031	FBpp0271917	dmel	FBpp0323429	dsim
OG0000031	FBpp0271919	dmel	FBpp0316334	dsim
OG0000031	FBpp0271919	dmel	FBpp0322958	dsim
OG0000031	FBpp0200124	dsec	FBpp0316334	dsim
OG0000031	FBpp0200124	dsec	FBpp0322958	dsim
OG0000031	FBpp0200124	dsec	FBpp0323429	dsim
OG0000031	FBpp0201002	dsec	FBpp0318278	dsim
OG0000031	FBpp0201002	dsec	FBpp0322958	dsim
OG0000031	FBpp0201002	dsec	FBpp0323429	dsim
OG0000034	FBpp0076730	dmel	FBpp0195342	dsec
OG0000034	FBpp0076730	dmel	FBpp0195343	dsec
OG0000034	FBpp0076730	dmel	FBpp0195345	dsec
OG0000034	FBpp0076764	dmel	FBpp0195339	dsec
OG0000034	FBpp0076764	dmel	FBpp0195342	dsec
OG0000034	FBpp0076764	dmel	FBpp0195343	dsec
OG0000034	FBpp0076764	dmel	FBpp0195345	dsec
OG0000034	FBpp0076765	dmel	FBpp0195339	dsec
OG0000034	FBpp0076765	dmel	FBpp0195342	dsec
OG0000034	FBpp0076765	dmel	FBpp0195343	dsec
OG0000034	FBpp0076765	dmel	FBpp0195345	dsec
OG0000034	FBpp0076766	dmel	FBpp0195339	dsec
OG0000034	FBpp0076766	dmel	FBpp0195345	dsec
OG0000034	FBpp0076767	dmel	FBpp0195339	dsec
OG0000034	FBpp0076767	dmel	FBpp0195342	dsec
OG0000034	FBpp0076767	dmel	FBpp0195345	dsec
OG0000034	FBpp0076769	dmel	FBpp0195339	dsec
OG0000034	FBpp0076769	dmel	FBpp0195342	dsec
OG0000034	FBpp0111379	dmel	FBpp0195339	dsec
OG0000034	FBpp0111379	dmel	FBpp0195342	dsec
OG0000034	FBpp0111379	dmel	FBpp0195343	dsec
OG0000034	FBpp0111379	dmel	FBpp0195345	dsec
OG0000034	FBpp0076730	dmel	FBpp0211555	dsim
OG0000034	FBpp0076730	dmel	FBpp0213355	dsim
OG0000034	FBpp0076730	dmel	FBpp0318419	dsim
OG0000034	FBpp0076764	dmel	FBpp0211547	dsim
OG0000034	FBpp0076764	dmel	FBpp0211555	dsim
OG0000034	FBpp0076764	dmel	FBpp0213355	dsim
OG0000034	FBpp0076764	dmel	FBpp0318419	dsim
OG0000034	FBpp0076765	dmel	FBpp0211547	dsim
OG0000034	FBpp0076765	dmel	FBpp0211555	dsim
OG0000034	FBpp0076765	dmel	FBpp0213355	dsim
OG0000034	FBpp0076765	dmel	FBpp0318419	dsim
OG0000034	FBpp0076766	dmel	FBpp0211547	dsim
OG0000034	FBpp0076766	dmel	FBpp0211555	dsim
OG0000034	FBpp0076766	dmel	FBpp0318419	dsim
OG0000034	FBpp0076767	dmel	FBpp0211547	dsim
OG0000034	FBpp0076767	dmel	FBpp0211555	dsim
OG0000034	FBpp0076767	dmel	FBpp0213355	dsim
OG0000034	FBpp0076769	dmel	FBpp0211547	dsim
OG0000034	FBpp0076769	dmel	FBpp0213355	dsim
OG0000034	FBpp0111379	dmel	FBpp0211547	dsim
OG0000034	FBpp0111379	dmel	FBpp0211555	dsim
OG0000034	FBpp0111379	dmel	FBpp0213355	dsim
OG0000034	FBpp0111379	dmel	FBpp0318419	dsim
OG0000034	FBpp0195339	dsec	FBpp0211555	dsim
OG0000034	FBpp0195339	dsec	FBpp0213355	dsim
OG0000034	FBpp0195339	dsec	FBpp0318419	dsim
OG0000034	FBpp0195342	dsec	FBpp0211547	dsim
OG0000034	FBpp0195342	dsec	FBpp0211555	dsim
OG0000034	FBpp0195342	dsec	FBpp0318419	dsim
OG0000034	FBpp0195343	dsec	FBpp0211547	dsim
OG0000034	FBpp0195343	dsec	FBpp0213355	dsim
OG0000034	FBpp0195345	dsec	FBpp0211547	dsim
OG0000034	FBpp0195345	dsec	FBpp0213355	dsim
OG0000034	FBpp0195345	dsec	FBpp0318419	dsim
OG0000036	FBpp0075509	dmel	FBpp0199639	dsec
OG0000036	FBpp0075509	dmel	FBpp0199640	dsec
OG0000036	FBpp0075509	dmel	FBpp0199955	dsec
OG0000036	FBpp0075509	dmel	FBpp0203615	dsec
OG0000036	FBpp0075529	dmel	FBpp0199639	dsec
OG0000036	FBpp0075529	dmel	FBpp0199640	dsec
OG0000036	FBpp0075529	dmel	FBpp0199955	dsec
OG0000036	FBpp0075529	dmel	FBpp0203615	dsec
OG0000036	FBpp0075529	dmel	FBpp0206043	dsec
OG0000036	FBpp0077132	dmel	FBpp0199639	dsec
OG0000036	FBpp0077132	dmel	FBpp0199640	dsec
OG0000036	FBpp0077132	dmel	FBpp0203615	dsec
OG0000036	FBpp0077132	dmel	FBpp0206043	dsec
OG0000036	FBpp0077132	dmel	FBpp0206920	dsec
OG0000036	FBpp0078048	dmel	FBpp0199639	dsec
OG0000036	FBpp0078048	dmel	FBpp0199640	dsec
OG0000036	FBpp0078048	dmel	FBpp0199955	dsec
OG0000036	FBpp0078048	dmel	FBpp0206043	dsec
OG0000036	FBpp0078048	dmel	FBpp0206920	dsec
OG0000036	FBpp0306251	dmel	FBpp0199955	dsec
OG0000036	FBpp0306251	dmel	FBpp0203615	dsec
OG0000036	FBpp0306251	dmel	FBpp0206043	dsec
OG0000036	FBpp0306251	dmel	FBpp0206920	dsec
OG0000036	FBpp0075509	dmel	FBpp0221174	dsim
OG0000036	FBpp0075509	dmel	FBpp0221175	dsim
OG0000036	FBpp0075509	dmel	FBpp0321253	dsim
OG0000036	FBpp0075509	dmel	FBpp0328190	dsim
OG0000036	FBpp0075529	dmel	FBpp0212872	dsim
OG0000036	FBpp0075529	dmel	FBpp0221174	dsim
OG0000036	FBpp0075529	dmel	FBpp0221175	dsim
OG0000036	FBpp0075529	dmel	FBpp0321253	dsim
OG0000036	FBpp0075529	dmel	FBpp0328190	dsim
OG0000036	FBpp0077132	dmel	FBpp0212872	dsim
OG0000036	FBpp0077132	dmel	FBpp0221174	dsim
OG0000036	FBpp0077132	dmel	FBpp0221175	dsim
OG0000036	FBpp0077132	dmel	FBpp0316504	dsim
OG0000036	FBpp0077132	dmel	FBpp0328190	dsim
OG0000036	FBpp0078048	dmel	FBpp0212872	dsim
OG0000036	FBpp0078048	dmel	FBpp0221174	dsim
OG0000036	FBpp0078048	dmel	FBpp0221175	dsim
OG0000036	FBpp0078048	dmel	FBpp0316504	dsim
OG0000036	FBpp0078048	dmel	FBpp0321253	dsim
OG0000036	FBpp0078048	dmel	FBpp0328190	dsim
OG0000036	FBpp0306251	dmel	FBpp0212872	dsim
OG0000036	FBpp0306251	dmel	FBpp0316504	dsim
OG0000036	FBpp0306251	dmel	FBpp0321253	dsim
OG0000036	FBpp0306251	dmel	FBpp0328190	dsim
OG0000036	FBpp0199639	dsec	FBpp0212872	dsim
OG0000036	FBpp0199639	dsec	FBpp0221175	dsim
OG0000036	FBpp0199639	dsec	FBpp0316504	dsim
OG0000036	FBpp0199639	dsec	FBpp0321253	dsim
OG0000036	FBpp0199639	dsec	FBpp0328190	dsim
OG0000036	FBpp0199640	dsec	FBpp0212872	dsim
OG0000036	FBpp0199640	dsec	FBpp0316504	dsim
OG0000036	FBpp0199640	dsec	FBpp0321253	dsim
OG0000036	FBpp0199640	dsec	FBpp0328190	dsim
OG0000036	FBpp0199955	dsec	FBpp0212872	dsim
OG0000036	FBpp0199955	dsec	FBpp0221174	dsim
OG0000036	FBpp0199955	dsec	FBpp0221175	dsim
OG0000036	FBpp0199955	dsec	FBpp0316504	dsim
OG0000036	FBpp0199955	dsec	FBpp0328190	dsim
OG0000036	FBpp0203615	dsec	FBpp0212872	dsim
OG0000036	FBpp0203615	dsec	FBpp0221174	dsim
OG0000036	FBpp0203615	dsec	FBpp0221175	dsim
OG0000036	FBpp0203615	dsec	FBpp0316504	dsim
OG0000036	FBpp0203615	dsec	FBpp0321253	dsim
OG0000036	FBpp0203615	dsec	FBpp0328190	dsim
OG0000036	FBpp0206043	dsec	FBpp0212872	dsim
OG0000036	FBpp0206043	dsec	FBpp0221174	dsim
OG0000036	FBpp0206043	dsec	FBpp0221175	dsim
OG0000036	FBpp0206043	dsec	FBpp0321253	dsim
OG0000036	FBpp0206043	dsec	FBpp0328190	dsim
OG0000036	FBpp0206920	dsec	FBpp0221174	dsim
OG0000036	FBpp0206920	dsec	FBpp0221175	dsim
OG0000036	FBpp0206920	dsec	FBpp0321253	dsim
OG0000036	FBpp0206920	dsec	FBpp0328190	dsim
OG0000040	FBpp0072260	dmel	FBpp0194229	dsec
OG0000040	FBpp0072260	dmel	FBpp0201322	dsec
OG0000040	FBpp0072260	dmel	FBpp0201323	dsec
OG0000040	FBpp0072261	dmel	FBpp0193304	dsec
OG0000040	FBpp0072261	dmel	FBpp0194229	dsec
OG0000040	FBpp0072261	dmel	FBpp0201322	dsec
OG0000040	FBpp0072261	dmel	FBpp0201323	dsec
OG0000040	FBpp0084710	dmel	FBpp0193304	dsec
OG0000040	FBpp0084710	dmel	FBpp0193305	dsec
OG0000040	FBpp0084710	dmel	FBpp0201322	dsec
OG0000040	FBpp0084710	dmel	FBpp0201323	dsec
OG0000040	FBpp0085748	dmel	FBpp0193304	dsec
OG0000040	FBpp0085748	dmel	FBpp0193305	dsec
OG0000040	FBpp0085748	dmel	FBpp0194229	dsec
OG0000040	FBpp0085749	dmel	FBpp0193304	dsec
OG0000040	FBpp0085749	dmel	FBpp0193305	dsec
OG0000040	FBpp0085749	dmel	FBpp0194229	dsec
OG0000040	FBpp0085749	dmel	FBpp0201322	dsec
OG0000040	FBpp0072260	dmel	FBpp0219801	dsim
OG0000040	FBpp0072260	dmel	FBpp0223350	dsim
OG0000040	FBpp0072260	dmel	FBpp0223736	dsim
OG0000040	FBpp0072260	dmel	FBpp0327044	dsim
OG0000040	FBpp0072261	dmel	FBpp0219801	dsim
OG0000040	FBpp0072261	dmel	FBpp0223349	dsim
OG0000040	FBpp0072261	dmel	FBpp0223350	dsim
OG0000040	FBpp0072261	dmel	FBpp0223736	dsim
OG0000040	FBpp0072261	dmel	FBpp0327044	dsim
OG0000040	FBpp0084710	dmel	FBpp0223349	dsim
OG0000040	FBpp0084710	dmel	FBpp0223350	dsim
OG0000040	FBpp0084710	dmel	FBpp0223351	dsim
OG0000040	FBpp0084710	dmel	FBpp0223736	dsim
OG0000040	FBpp0084710	dmel	FBpp0327044	dsim
OG0000040	FBpp0085748	dmel	FBpp0219801	dsim
OG0000040	FBpp0085748	dmel	FBpp0223349	dsim
OG0000040	FBpp0085748	dmel	FBpp0223350	dsim
OG0000040	FBpp0085748	dmel	FBpp0223351	dsim
OG0000040	FBpp0085749	dmel	FBpp0219801	dsim
OG0000040	FBpp0085749	dmel	FBpp0223349	dsim
OG0000040	FBpp0085749	dmel	FBpp0223350	dsim
OG0000040	FBpp0085749	dmel	FBpp0223351	dsim
OG0000040	FBpp0085749	dmel	FBpp0223736	dsim
OG0000040	FBpp0193304	dsec	FBpp0219801	dsim
OG0000040	FBpp0193304	dsec	FBpp0223350	dsim
OG0000040	FBpp0193304	dsec	FBpp0223351	dsim
OG0000040	FBpp0193304	dsec	FBpp0223736	dsim
OG0000040	FBpp0193304	dsec	FBpp0327044	dsim
OG0000040	FBpp0193305	dsec	FBpp0219801	dsim
OG0000040	FBpp0193305	dsec	FBpp0223349	dsim
OG0000040	FBpp0193305	dsec	FBpp0223350	dsim
OG0000040	FBpp0193305	dsec	FBpp0223736	dsim
OG0000040	FBpp0193305	dsec	FBpp0327044	dsim
OG0000040	FBpp0194229	dsec	FBpp0223349	dsim
OG0000040	FBpp0194229	dsec	FBpp0223350	dsim
OG0000040	FBpp0194229	dsec	FBpp0223351	dsim
OG0000040	FBpp0194229	dsec	FBpp0223736	dsim
OG0000040	FBpp0194229	dsec	FBpp0327044	dsim
OG0000040	FBpp0201322	dsec	FBpp0219801	dsim
OG0000040	FBpp0201322	dsec	FBpp0223349	dsim
OG0000040	FBpp0201322	dsec	FBpp0223350	dsim
OG0000040	FBpp0201322	dsec	FBpp0223351	dsim
OG0000040	FBpp0201323	dsec	FBpp0219801	dsim
OG0000040	FBpp0201323	dsec	FBpp0223349	dsim
OG0000040	FBpp0201323	dsec	FBpp0223350	dsim
OG0000040	FBpp0201323	dsec	FBpp0223351	dsim
OG0000040	FBpp0201323	dsec	FBpp0327044	dsim
OG0000041	FBpp0091001	dmel	FBpp0194205	dsec
OG0000041	FBpp0091001	dmel	FBpp0201829	dsec
OG0000041	FBpp0091001	dmel	FBpp0205336	dsec
OG0000041	FBpp0091001	dmel	FBpp0205337	dsec
OG0000041	FBpp0091022	dmel	FBpp0194205	dsec
OG0000041	FBpp0091022	dmel	FBpp0197382	dsec
OG0000041	FBpp0091022	dmel	FBpp0205336	dsec
OG0000041	FBpp0091022	dmel	FBpp0205337	dsec
OG0000041	FBpp0091037	dmel	FBpp0194205	dsec
OG0000041	FBpp0091037	dmel	FBpp0197382	dsec
OG0000041	FBpp0091037	dmel	FBpp0205336	dsec
OG0000041	FBpp0091037	dmel	FBpp0205337	dsec
OG0000041	FBpp0091042	dmel	FBpp0194205	dsec
OG0000041	FBpp0091042	dmel	FBpp0197382	dsec
OG0000041	FBpp0091042	dmel	FBpp0201829	dsec
OG0000041	FBpp0091042	dmel	FBpp0205337	dsec
OG0000041	FBpp0091043	dmel	FBpp0194205	dsec
OG0000041	FBpp0091043	dmel	FBpp0197382	dsec
OG0000041	FBpp0091043	dmel	FBpp0201829	dsec
OG0000041	FBpp0091043	dmel	FBpp0205337	dsec
OG0000041	FBpp0091001	dmel	FBpp0217070	dsim
OG0000041	FBpp0091001	dmel	FBpp0224233	dsim
OG0000041	FBpp0091001	dmel	FBpp0314006	dsim
OG0000041	FBpp0091001	dmel	FBpp0319686	dsim
OG0000041	FBpp0091001	dmel	FBpp0324876	dsim
OG0000041	FBpp0091022	dmel	FBpp0217070	dsim
OG0000041	FBpp0091022	dmel	FBpp0222393	dsim
OG0000041	FBpp0091022	dmel	FBpp0224233	dsim
OG0000041	FBpp0091022	dmel	FBpp0314006	dsim
OG0000041	FBpp0091022	dmel	FBpp0319686	dsim
OG0000041	FBpp0091037	dmel	FBpp0217070	dsim
OG0000041	FBpp0091037	dmel	FBpp0222393	dsim
OG0000041	FBpp0091037	dmel	FBpp0314006	dsim
OG0000041	FBpp0091037	dmel	FBpp0319686	dsim
OG0000041	FBpp0091037	dmel	FBpp0324876	dsim
OG0000041	FBpp0091042	dmel	FBpp0222393	dsim
OG0000041	FBpp0091042	dmel	FBpp0224233	dsim
OG0000041	FBpp0091042	dmel	FBpp0314006	dsim
OG0000041	FBpp0091042	dmel	FBpp0324876	dsim
OG0000041	FBpp0091043	dmel	FBpp0222393	dsim
OG0000041	FBpp0091043	dmel	FBpp0224233	dsim
OG0000041	FBpp0091043	dmel	FBpp0314006	dsim
OG0000041	FBpp0091043	dmel	FBpp0319686	dsim
OG0000041	FBpp0091043	dmel	FBpp0324876	dsim
OG0000041	FBpp0194205	dsec	FBpp0217070	dsim
OG0000041	FBpp0194205	dsec	FBpp0222393	dsim
OG0000041	FBpp0194205	dsec	FBpp0224233	dsim
OG0000041	FBpp0194205	dsec	FBpp0319686	dsim
OG0000041	FBpp0194205	dsec	FBpp0324876	dsim
OG0000041	FBpp0197382	dsec	FBpp0217070	dsim
OG0000041	FBpp0197382	dsec	FBpp0224233	dsim
OG0000041	FBpp0197382	dsec	FBpp0314006	dsim
OG0000041	FBpp0197382	dsec	FBpp0319686	dsim
OG0000041	FBpp0197382	dsec	FBpp0324876	dsim
OG0000041	FBpp0201829	dsec	FBpp0217070	dsim
OG0000041	FBpp0201829	dsec	FBpp0222393	dsim
OG0000041	FBpp0201829	dsec	FBpp0314006	dsim
OG0000041	FBpp0201829	dsec	FBpp0319686	dsim
OG0000041	FBpp0205336	dsec	FBpp0222393	dsim
OG0000041	FBpp0205336	dsec	FBpp0224233	dsim
OG0000041	FBpp0205336	dsec	FBpp0314006	dsim
OG0000041	FBpp0205336	dsec	FBpp0324876	dsim
OG0000041	FBpp0205337	dsec	FBpp0217070	dsim
OG0000041	FBpp0205337	dsec	FBpp0222393	dsim
OG0000041	FBpp0205337	dsec	FBpp0224233	dsim
OG0000041	FBpp0205337	dsec	FBpp0314006	dsim
OG0000041	FBpp0205337	dsec	FBpp0319686	dsim
OG0000041	FBpp0205337	dsec	FBpp0324876	dsim
OG0000042	FBpp0079296	dmel	FBpp0192530	dsec
OG0000042	FBpp0079296	dmel	FBpp0196649	dsec
OG0000042	FBpp0079296	dmel	FBpp0196650	dsec
OG0000042	FBpp0079296	dmel	FBpp0196651	dsec
OG0000042	FBpp0079296	dmel	FBpp0207492	dsec
OG0000042	FBpp0079296	dmel	FBpp0207493	dsec
OG0000042	FBpp0082074	dmel	FBpp0192530	dsec
OG0000042	FBpp0082074	dmel	FBpp0196649	dsec
OG0000042	FBpp0082074	dmel	FBpp0196650	dsec
OG0000042	FBpp0082074	dmel	FBpp0196651	dsec
OG0000042	FBpp0082074	dmel	FBpp0198522	dsec
OG0000042	FBpp0082779	dmel	FBpp0192530	dsec
OG0000042	FBpp0082779	dmel	FBpp0196650	dsec
OG0000042	FBpp0082779	dmel	FBpp0196651	dsec
OG0000042	FBpp0082779	dmel	FBpp0198522	dsec
OG0000042	FBpp0082779	dmel	FBpp0207492	dsec
OG0000042	FBpp0082779	dmel	FBpp0207493	dsec
OG0000042	FBpp0082780	dmel	FBpp0192530	dsec
OG0000042	FBpp0082780	dmel	FBpp0196649	dsec
OG0000042	FBpp0082780	dmel	FBpp0198522	dsec
OG0000042	FBpp0082780	dmel	FBpp0207492	dsec
OG0000042	FBpp0082780	dmel	FBpp0207493	dsec
OG0000042	FBpp0099966	dmel	FBpp0196649	dsec
OG0000042	FBpp0099966	dmel	FBpp0196650	dsec
OG0000042	FBpp0099966	dmel	FBpp0196651	dsec
OG0000042	FBpp0099966	dmel	FBpp0198522	dsec
OG0000042	FBpp0099966	dmel	FBpp0207492	dsec
OG0000042	FBpp0099966	dmel	FBpp0207493	dsec
OG0000042	FBpp0290087	dmel	FBpp0192530	dsec
OG0000042	FBpp0290087	dmel	FBpp0196649	dsec
OG0000042	FBpp0290087	dmel	FBpp0196650	dsec
OG0000042	FBpp0290087	dmel	FBpp0198522	dsec
OG0000042	FBpp0290087	dmel	FBpp0207492	dsec
OG0000042	FBpp0290087	dmel	FBpp0207493	dsec
OG0000042	FBpp0079296	dmel	FBpp0217516	dsim
OG0000042	FBpp0079296	dmel	FBpp0217517	dsim
OG0000042	FBpp0079296	dmel	FBpp0217518	dsim
OG0000042	FBpp0079296	dmel	FBpp0218975	dsim
OG0000042	FBpp0079296	dmel	FBpp0218976	dsim
OG0000042	FBpp0082074	dmel	FBpp0217516	dsim
OG0000042	FBpp0082074	dmel	FBpp0217517	dsim
OG0000042	FBpp0082074	dmel	FBpp0217518	dsim
OG0000042	FBpp0082074	dmel	FBpp0221955	dsim
OG0000042	FBpp0082779	dmel	FBpp0217517	dsim
OG0000042	FBpp0082779	dmel	FBpp0217518	dsim
OG0000042	FBpp0082779	dmel	FBpp0218975	dsim
OG0000042	FBpp0082779	dmel	FBpp0218976	dsim
OG0000042	FBpp0082779	dmel	FBpp0221955	dsim
OG0000042	FBpp0082780	dmel	FBpp0217516	dsim
OG0000042	FBpp0082780	dmel	FBpp0217518	dsim
OG0000042	FBpp0082780	dmel	FBpp0218975	dsim
OG0000042	FBpp0082780	dmel	FBpp0218976	dsim
OG0000042	FBpp0082780	dmel	FBpp0221955	dsim
OG0000042	FBpp0099966	dmel	FBpp0217516	dsim
OG0000042	FBpp0099966	dmel	FBpp0217517	dsim
OG0000042	FBpp0099966	dmel	FBpp0217518	dsim
OG0000042	FBpp0099966	dmel	FBpp0218975	dsim
OG0000042	FBpp0099966	dmel	FBpp0218976	dsim
OG0000042	FBpp0099966	dmel	FBpp0221955	dsim
OG0000042	FBpp0290087	dmel	FBpp0217516	dsim
OG0000042	FBpp0290087	dmel	FBpp0217517	dsim
OG0000042	FBpp0290087	dmel	FBpp0218975	dsim
OG0000042	FBpp0290087	dmel	FBpp0218976	dsim
OG0000042	FBpp0290087	dmel	FBpp0221955	dsim
OG0000042	FBpp0192530	dsec	FBpp0217516	dsim
OG0000042	FBpp0192530	dsec	FBpp0217517	dsim
OG0000042	FBpp0192530	dsec	FBpp0217518	dsim
OG0000042	FBpp0192530	dsec	FBpp0218975	dsim
OG0000042	FBpp0192530	dsec	FBpp0218976	dsim
OG0000042	FBpp0192530	dsec	FBpp0221955	dsim
OG0000042	FBpp0196649	dsec	FBpp0217517	dsim
OG0000042	FBpp0196649	dsec	FBpp0217518	dsim
OG0000042	FBpp0196649	dsec	FBpp0218975	dsim
OG0000042	FBpp0196649	dsec	FBpp0218976	dsim
OG0000042	FBpp0196649	dsec	FBpp0221955	dsim
OG0000042	FBpp0196650	dsec	FBpp0217516	dsim
OG0000042	FBpp0196650	dsec	FBpp0218975	dsim
OG0000042	FBpp0196650	dsec	FBpp0218976	dsim
OG0000042	FBpp0196650	dsec	FBpp0221955	dsim
OG0000042	FBpp0196651	dsec	FBpp0217516	dsim
OG0000042	FBpp0196651	dsec	FBpp0217518	dsim
OG0000042	FBpp0196651	dsec	FBpp0218975	dsim
OG0000042	FBpp0196651	dsec	FBpp0218976	dsim
OG0000042	FBpp0196651	dsec	FBpp0221955	dsim
OG0000042	FBpp0198522	dsec	FBpp0217516	dsim
OG0000042	FBpp0198522	dsec	FBpp0217517	dsim
OG0000042	FBpp0198522	dsec	FBpp0217518	dsim
OG0000042	FBpp0198522	dsec	FBpp0218975	dsim
OG0000042	FBpp0198522	dsec	FBpp0218976	dsim
OG0000042	FBpp0207492	dsec	FBpp0217516	dsim
OG0000042	FBpp0207492	dsec	FBpp0217517	dsim
OG0000042	FBpp0207492	dsec	FBpp0217518	dsim
OG0000042	FBpp0207492	dsec	FBpp0221955	dsim
OG0000042	FBpp0207493	dsec	FBpp0217516	dsim
OG0000042	FBpp0207493	dsec	FBpp0217517	dsim
OG0000042	FBpp0207493	dsec	FBpp0217518	dsim
OG0000042	FBpp0207493	dsec	FBpp0218975	dsim
OG0000042	FBpp0207493	dsec	FBpp0221955	dsim
OG0000044	FBpp0076733	dmel	FBpp0194613	dsec
OG0000044	FBpp0076733	dmel	FBpp0202352	dsec
OG0000044	FBpp0076733	dmel	FBpp0208339	dsec
OG0000044	FBpp0076733	dmel	FBpp0208372	dsec
OG0000044	FBpp0083204	dmel	FBpp0194613	dsec
OG0000044	FBpp0083204	dmel	FBpp0196201	dsec
OG0000044	FBpp0083204	dmel	FBpp0196202	dsec
OG0000044	FBpp0083204	dmel	FBpp0202352	dsec
OG0000044	FBpp0083204	dmel	FBpp0208372	dsec
OG0000044	FBpp0083208	dmel	FBpp0194613	dsec
OG0000044	FBpp0083208	dmel	FBpp0196201	dsec
OG0000044	FBpp0083208	dmel	FBpp0196202	dsec
OG0000044	FBpp0083208	dmel	FBpp0202352	dsec
OG0000044	FBpp0083208	dmel	FBpp0208339	dsec
OG0000044	FBpp0083209	dmel	FBpp0194613	dsec
OG0000044	FBpp0083209	dmel	FBpp0196201	dsec
OG0000044	FBpp0083209	dmel	FBpp0196202	dsec
OG0000044	FBpp0083209	dmel	FBpp0202352	dsec
OG0000044	FBpp0083209	dmel	FBpp0208339	dsec
OG0000044	FBpp0290125	dmel	FBpp0194613	dsec
OG0000044	FBpp0290125	dmel	FBpp0196201	dsec
OG0000044	FBpp0290125	dmel	FBpp0202352	dsec
OG0000044	FBpp0290125	dmel	FBpp0208339	dsec
OG0000044	FBpp0290125	dmel	FBpp0208372	dsec
OG0000044	FBpp0076733	dmel	FBpp0212308	dsim
OG0000044	FBpp0076733	dmel	FBpp0217715	dsim
OG0000044	FBpp0076733	dmel	FBpp0315419	dsim
OG0000044	FBpp0083204	dmel	FBpp0212306	dsim
OG0000044	FBpp0083204	dmel	FBpp0212308	dsim
OG0000044	FBpp0083204	dmel	FBpp0315419	dsim
OG0000044	FBpp0083208	dmel	FBpp0212306	dsim
OG0000044	FBpp0083208	dmel	FBpp0212308	dsim
OG0000044	FBpp0083208	dmel	FBpp0217715	dsim
OG0000044	FBpp0083209	dmel	FBpp0212306	dsim
OG0000044	FBpp0083209	dmel	FBpp0212308	dsim
OG0000044	FBpp0083209	dmel	FBpp0217715	dsim
OG0000044	FBpp0290125	dmel	FBpp0217715	dsim
OG0000044	FBpp0290125	dmel	FBpp0315419	dsim
OG0000044	FBpp0194613	dsec	FBpp0212306	dsim
OG0000044	FBpp0194613	dsec	FBpp0212308	dsim
OG0000044	FBpp0194613	dsec	FBpp0217715	dsim
OG0000044	FBpp0194613	dsec	FBpp0315419	dsim
OG0000044	FBpp0196201	dsec	FBpp0212308	dsim
OG0000044	FBpp0196201	dsec	FBpp0217715	dsim
OG0000044	FBpp0196201	dsec	FBpp0315419	dsim
OG0000044	FBpp0196202	dsec	FBpp0217715	dsim
OG0000044	FBpp0196202	dsec	FBpp0315419	dsim
OG0000044	FBpp0202352	dsec	FBpp0212306	dsim
OG0000044	FBpp0202352	dsec	FBpp0212308	dsim
OG0000044	FBpp0202352	dsec	FBpp0315419	dsim
OG0000044	FBpp0208339	dsec	FBpp0212306	dsim
OG0000044	FBpp0208339	dsec	FBpp0212308	dsim
OG0000044	FBpp0208339	dsec	FBpp0217715	dsim
OG0000044	FBpp0208372	dsec	FBpp0212306	dsim
OG0000044	FBpp0208372	dsec	FBpp0212308	dsim
OG0000044	FBpp0208372	dsec	FBpp0217715	dsim
OG0000049	FBpp0085935	dmel	FBpp0203338	dsec
OG0000049	FBpp0085935	dmel	FBpp0203339	dsec
OG0000049	FBpp0085935	dmel	FBpp0203340	dsec
OG0000049	FBpp0085937	dmel	FBpp0203337	dsec
OG0000049	FBpp0085938	dmel	FBpp0203337	dsec
OG0000049	FBpp0085938	dmel	FBpp0203339	dsec
OG0000049	FBpp0085938	dmel	FBpp0203340	dsec
OG0000049	FBpp0085939	dmel	FBpp0203337	dsec
OG0000049	FBpp0085939	dmel	FBpp0203338	dsec
OG0000049	FBpp0085939	dmel	FBpp0203339	dsec
OG0000049	FBpp0085939	dmel	FBpp0203340	dsec
OG0000049	FBpp0298013	dmel	FBpp0203337	dsec
OG0000049	FBpp0298013	dmel	FBpp0203338	dsec
OG0000049	FBpp0298013	dmel	FBpp0203339	dsec
OG0000049	FBpp0085935	dmel	FBpp0316683	dsim
OG0000049	FBpp0085935	dmel	FBpp0327607	dsim
OG0000049	FBpp0085937	dmel	FBpp0209760	dsim
OG0000049	FBpp0085937	dmel	FBpp0316683	dsim
OG0000049	FBpp0085937	dmel	FBpp0325527	dsim
OG0000049	FBpp0085937	dmel	FBpp0327607	dsim
OG0000049	FBpp0085938	dmel	FBpp0209759	dsim
OG0000049	FBpp0085938	dmel	FBpp0316683	dsim
OG0000049	FBpp0085938	dmel	FBpp0325527	dsim
OG0000049	FBpp0085938	dmel	FBpp0327607	dsim
OG0000049	FBpp0085939	dmel	FBpp0209759	dsim
OG0000049	FBpp0085939	dmel	FBpp0209760	dsim
OG0000049	FBpp0085939	dmel	FBpp0325527	dsim
OG0000049	FBpp0298013	dmel	FBpp0209759	dsim
OG0000049	FBpp0298013	dmel	FBpp0209760	dsim
OG0000049	FBpp0298013	dmel	FBpp0316683	dsim
OG0000049	FBpp0298013	dmel	FBpp0327607	dsim
OG0000049	FBpp0203337	dsec	FBpp0209760	dsim
OG0000049	FBpp0203337	dsec	FBpp0316683	dsim
OG0000049	FBpp0203337	dsec	FBpp0327607	dsim
OG0000049	FBpp0203338	dsec	FBpp0209759	dsim
OG0000049	FBpp0203338	dsec	FBpp0316683	dsim
OG0000049	FBpp0203338	dsec	FBpp0325527	dsim
OG0000049	FBpp0203338	dsec	FBpp0327607	dsim
OG0000049	FBpp0203339	dsec	FBpp0209759	dsim
OG0000049	FBpp0203339	dsec	FBpp0316683	dsim
OG0000049	FBpp0203339	dsec	FBpp0327607	dsim
OG0000049	FBpp0203340	dsec	FBpp0209759	dsim
OG0000049	FBpp0203340	dsec	FBpp0209760	dsim
OG0000049	FBpp0203340	dsec	FBpp0316683	dsim
OG0000049	FBpp0203340	dsec	FBpp0327607	dsim
OG0000051	FBpp0073917	dmel	FBpp0192253	dsec
OG0000051	FBpp0073917	dmel	FBpp0192583	dsec
OG0000051	FBpp0073917	dmel	FBpp0192667	dsec
OG0000051	FBpp0073917	dmel	FBpp0193224	dsec
OG0000051	FBpp0073917	dmel	FBpp0193420	dsec
OG0000051	FBpp0073917	dmel	FBpp0196526	dsec
OG0000051	FBpp0073917	dmel	FBpp0196601	dsec
OG0000051	FBpp0073917	dmel	FBpp0197713	dsec
OG0000051	FBpp0073917	dmel	FBpp0197741	dsec
OG0000051	FBpp0073917	dmel	FBpp0198370	dsec
OG0000051	FBpp0073917	dmel	FBpp0198405	dsec
OG0000051	FBpp0073917	dmel	FBpp0203084	dsec
OG0000051	FBpp0073917	dmel	FBpp0203916	dsec
OG0000051	FBpp0073917	dmel	FBpp0204041	dsec
OG0000051	FBpp0297551	dmel	FBpp0192253	dsec
OG0000051	FBpp0297551	dmel	FBpp0192583	dsec
OG0000051	FBpp0297551	dmel	FBpp0192667	dsec
OG0000051	FBpp0297551	dmel	FBpp0193224	dsec
OG0000051	FBpp0297551	dmel	FBpp0193420	dsec
OG0000051	FBpp0297551	dmel	FBpp0196526	dsec
OG0000051	FBpp0297551	dmel	FBpp0196601	dsec
OG0000051	FBpp0297551	dmel	FBpp0197713	dsec
OG0000051	FBpp0297551	dmel	FBpp0197741	dsec
OG0000051	FBpp0297551	dmel	FBpp0198370	dsec
OG0000051	FBpp0297551	dmel	FBpp0198405	dsec
OG0000051	FBpp0297551	dmel	FBpp0203084	dsec
OG0000051	FBpp0297551	dmel	FBpp0203983	dsec
OG0000051	FBpp0297551	dmel	FBpp0203984	dsec
OG0000051	FBpp0297551	dmel	FBpp0204041	dsec
OG0000051	FBpp0428157	dmel	FBpp0203084	dsec
OG0000051	FBpp0428157	dmel	FBpp0203916	dsec
OG0000051	FBpp0428157	dmel	FBpp0203983	dsec
OG0000051	FBpp0428157	dmel	FBpp0203984	dsec
OG0000051	FBpp0428157	dmel	FBpp0204041	dsec
OG0000051	FBpp0073917	dmel	FBpp0313886	dsim
OG0000051	FBpp0073917	dmel	FBpp0314205	dsim
OG0000051	FBpp0073917	dmel	FBpp0323101	dsim
OG0000051	FBpp0297551	dmel	FBpp0313886	dsim
OG0000051	FBpp0297551	dmel	FBpp0314205	dsim
OG0000051	FBpp0428157	dmel	FBpp0313886	dsim
OG0000051	FBpp0428157	dmel	FBpp0314205	dsim
OG0000051	FBpp0428157	dmel	FBpp0323101	dsim
OG0000051	FBpp0192253	dsec	FBpp0313886	dsim
OG0000051	FBpp0192253	dsec	FBpp0314205	dsim
OG0000051	FBpp0192253	dsec	FBpp0323101	dsim
OG0000051	FBpp0192583	dsec	FBpp0313886	dsim
OG0000051	FBpp0192583	dsec	FBpp0314205	dsim
OG0000051	FBpp0192583	dsec	FBpp0323101	dsim
OG0000051	FBpp0192667	dsec	FBpp0313886	dsim
OG0000051	FBpp0192667	dsec	FBpp0314205	dsim
OG0000051	FBpp0192667	dsec	FBpp0323101	dsim
OG0000051	FBpp0193224	dsec	FBpp0313886	dsim
OG0000051	FBpp0193224	dsec	FBpp0314205	dsim
OG0000051	FBpp0193224	dsec	FBpp0323101	dsim
OG0000051	FBpp0193420	dsec	FBpp0313886	dsim
OG0000051	FBpp0193420	dsec	FBpp0314205	dsim
OG0000051	FBpp0193420	dsec	FBpp0323101	dsim
OG0000051	FBpp0196526	dsec	FBpp0313886	dsim
OG0000051	FBpp0196526	dsec	FBpp0314205	dsim
OG0000051	FBpp0196526	dsec	FBpp0323101	dsim
OG0000051	FBpp0196601	dsec	FBpp0313886	dsim
OG0000051	FBpp0196601	dsec	FBpp0314205	dsim
OG0000051	FBpp0196601	dsec	FBpp0323101	dsim
OG0000051	FBpp0197713	dsec	FBpp0313886	dsim
OG0000051	FBpp0197713	dsec	FBpp0314205	dsim
OG0000051	FBpp0197713	dsec	FBpp0323101	dsim
OG0000051	FBpp0197741	dsec	FBpp0313886	dsim
OG0000051	FBpp0197741	dsec	FBpp0314205	dsim
OG0000051	FBpp0197741	dsec	FBpp0323101	dsim
OG0000051	FBpp0198370	dsec	FBpp0313886	dsim
OG0000051	FBpp0198370	dsec	FBpp0314205	dsim
OG0000051	FBpp0198370	dsec	FBpp0323101	dsim
OG0000051	FBpp0198405	dsec	FBpp0313886	dsim
OG0000051	FBpp0198405	dsec	FBpp0314205	dsim
OG0000051	FBpp0198405	dsec	FBpp0323101	dsim
OG0000051	FBpp0203084	dsec	FBpp0314205	dsim
OG0000051	FBpp0203084	dsec	FBpp0323101	dsim
OG0000051	FBpp0203916	dsec	FBpp0313886	dsim
OG0000051	FBpp0203916	dsec	FBpp0314205	dsim
OG0000051	FBpp0203983	dsec	FBpp0313886	dsim
OG0000051	FBpp0203983	dsec	FBpp0323101	dsim
OG0000051	FBpp0203984	dsec	FBpp0313886	dsim
OG0000051	FBpp0203984	dsec	FBpp0314205	dsim
OG0000051	FBpp0203984	dsec	FBpp0323101	dsim
OG0000051	FBpp0204041	dsec	FBpp0313886	dsim
OG0000051	FBpp0204041	dsec	FBpp0314205	dsim
OG0000051	FBpp0204041	dsec	FBpp0323101	dsim
OG0000056	FBpp0072470	dmel	FBpp0192624	dsec
OG0000056	FBpp0072470	dmel	FBpp0195038	dsec
OG0000056	FBpp0072470	dmel	FBpp0195133	dsec
OG0000056	FBpp0072470	dmel	FBpp0195134	dsec
OG0000056	FBpp0072470	dmel	FBpp0196188	dsec
OG0000056	FBpp0072470	dmel	FBpp0197652	dsec
OG0000056	FBpp0072470	dmel	FBpp0197653	dsec
OG0000056	FBpp0072470	dmel	FBpp0201459	dsec
OG0000056	FBpp0072470	dmel	FBpp0208130	dsec
OG0000056	FBpp0076796	dmel	FBpp0192624	dsec
OG0000056	FBpp0076796	dmel	FBpp0195038	dsec
OG0000056	FBpp0076796	dmel	FBpp0195133	dsec
OG0000056	FBpp0076796	dmel	FBpp0195134	dsec
OG0000056	FBpp0076796	dmel	FBpp0195758	dsec
OG0000056	FBpp0076796	dmel	FBpp0197652	dsec
OG0000056	FBpp0076796	dmel	FBpp0197653	dsec
OG0000056	FBpp0076796	dmel	FBpp0201459	dsec
OG0000056	FBpp0076796	dmel	FBpp0208130	dsec
OG0000056	FBpp0086111	dmel	FBpp0192624	dsec
OG0000056	FBpp0086111	dmel	FBpp0195038	dsec
OG0000056	FBpp0086111	dmel	FBpp0195133	dsec
OG0000056	FBpp0086111	dmel	FBpp0195134	dsec
OG0000056	FBpp0086111	dmel	FBpp0195758	dsec
OG0000056	FBpp0086111	dmel	FBpp0196188	dsec
OG0000056	FBpp0086111	dmel	FBpp0197652	dsec
OG0000056	FBpp0086111	dmel	FBpp0197653	dsec
OG0000056	FBpp0086111	dmel	FBpp0208130	dsec
OG0000056	FBpp0086113	dmel	FBpp0192624	dsec
OG0000056	FBpp0086113	dmel	FBpp0195038	dsec
OG0000056	FBpp0086113	dmel	FBpp0195133	dsec
OG0000056	FBpp0086113	dmel	FBpp0195134	dsec
OG0000056	FBpp0086113	dmel	FBpp0195758	dsec
OG0000056	FBpp0086113	dmel	FBpp0196188	dsec
OG0000056	FBpp0086113	dmel	FBpp0197652	dsec
OG0000056	FBpp0086113	dmel	FBpp0197653	dsec
OG0000056	FBpp0086113	dmel	FBpp0208130	dsec
OG0000056	FBpp0072470	dmel	FBpp0212295	dsim
OG0000056	FBpp0072470	dmel	FBpp0315920	dsim
OG0000056	FBpp0072470	dmel	FBpp0319767	dsim
OG0000056	FBpp0072470	dmel	FBpp0324199	dsim
OG0000056	FBpp0072470	dmel	FBpp0327394	dsim
OG0000056	FBpp0076796	dmel	FBpp0315920	dsim
OG0000056	FBpp0076796	dmel	FBpp0317769	dsim
OG0000056	FBpp0076796	dmel	FBpp0319767	dsim
OG0000056	FBpp0076796	dmel	FBpp0324199	dsim
OG0000056	FBpp0076796	dmel	FBpp0327394	dsim
OG0000056	FBpp0086111	dmel	FBpp0212295	dsim
OG0000056	FBpp0086111	dmel	FBpp0317769	dsim
OG0000056	FBpp0086111	dmel	FBpp0319767	dsim
OG0000056	FBpp0086111	dmel	FBpp0324199	dsim
OG0000056	FBpp0086111	dmel	FBpp0327394	dsim
OG0000056	FBpp0086113	dmel	FBpp0212295	dsim
OG0000056	FBpp0086113	dmel	FBpp0315920	dsim
OG0000056	FBpp0086113	dmel	FBpp0317769	dsim
OG0000056	FBpp0086113	dmel	FBpp0324199	dsim
OG0000056	FBpp0086113	dmel	FBpp0327394	dsim
OG0000056	FBpp0192624	dsec	FBpp0212295	dsim
OG0000056	FBpp0192624	dsec	FBpp0315920	dsim
OG0000056	FBpp0192624	dsec	FBpp0317769	dsim
OG0000056	FBpp0192624	dsec	FBpp0319767	dsim
OG0000056	FBpp0195038	dsec	FBpp0212295	dsim
OG0000056	FBpp0195038	dsec	FBpp0315920	dsim
OG0000056	FBpp0195038	dsec	FBpp0317769	dsim
OG0000056	FBpp0195038	dsec	FBpp0319767	dsim
OG0000056	FBpp0195133	dsec	FBpp0212295	dsim
OG0000056	FBpp0195133	dsec	FBpp0315920	dsim
OG0000056	FBpp0195133	dsec	FBpp0317769	dsim
OG0000056	FBpp0195133	dsec	FBpp0319767	dsim
OG0000056	FBpp0195134	dsec	FBpp0212295	dsim
OG0000056	FBpp0195134	dsec	FBpp0315920	dsim
OG0000056	FBpp0195134	dsec	FBpp0317769	dsim
OG0000056	FBpp0195134	dsec	FBpp0319767	dsim
OG0000056	FBpp0195758	dsec	FBpp0212295	dsim
OG0000056	FBpp0195758	dsec	FBpp0315920	dsim
OG0000056	FBpp0195758	dsec	FBpp0319767	dsim
OG0000056	FBpp0195758	dsec	FBpp0324199	dsim
OG0000056	FBpp0195758	dsec	FBpp0327394	dsim
OG0000056	FBpp0196188	dsec	FBpp0315920	dsim
OG0000056	FBpp0196188	dsec	FBpp0317769	dsim
OG0000056	FBpp0196188	dsec	FBpp0319767	dsim
OG0000056	FBpp0196188	dsec	FBpp0324199	dsim
OG0000056	FBpp0196188	dsec	FBpp0327394	dsim
OG0000056	FBpp0197652	dsec	FBpp0212295	dsim
OG0000056	FBpp0197652	dsec	FBpp0315920	dsim
OG0000056	FBpp0197652	dsec	FBpp0317769	dsim
OG0000056	FBpp0197652	dsec	FBpp0319767	dsim
OG0000056	FBpp0197653	dsec	FBpp0212295	dsim
OG0000056	FBpp0197653	dsec	FBpp0315920	dsim
OG0000056	FBpp0197653	dsec	FBpp0317769	dsim
OG0000056	FBpp0197653	dsec	FBpp0319767	dsim
OG0000056	FBpp0201459	dsec	FBpp0212295	dsim
OG0000056	FBpp0201459	dsec	FBpp0317769	dsim
OG0000056	FBpp0201459	dsec	FBpp0324199	dsim
OG0000056	FBpp0201459	dsec	FBpp0327394	dsim
OG0000056	FBpp0208130	dsec	FBpp0212295	dsim
OG0000056	FBpp0208130	dsec	FBpp0315920	dsim
OG0000056	FBpp0208130	dsec	FBpp0317769	dsim
OG0000056	FBpp0208130	dsec	FBpp0319767	dsim
OG0000057	FBpp0072177	dmel	FBpp0193329	dsec
OG0000057	FBpp0072177	dmel	FBpp0197779	dsec
OG0000057	FBpp0072177	dmel	FBpp0201305	dsec
OG0000057	FBpp0072177	dmel	FBpp0207737	dsec
OG0000057	FBpp0081524	dmel	FBpp0193329	dsec
OG0000057	FBpp0081524	dmel	FBpp0197779	dsec
OG0000057	FBpp0081524	dmel	FBpp0201305	dsec
OG0000057	FBpp0085721	dmel	FBpp0193329	dsec
OG0000057	FBpp0085721	dmel	FBpp0197779	dsec
OG0000057	FBpp0085721	dmel	FBpp0207737	dsec
OG0000057	FBpp0289838	dmel	FBpp0193329	dsec
OG0000057	FBpp0289838	dmel	FBpp0201305	dsec
OG0000057	FBpp0289838	dmel	FBpp0207737	dsec
OG0000057	FBpp0072177	dmel	FBpp0219200	dsim
OG0000057	FBpp0072177	dmel	FBpp0223721	dsim
OG0000057	FBpp0072177	dmel	FBpp0314991	dsim
OG0000057	FBpp0072177	dmel	FBpp0319110	dsim
OG0000057	FBpp0081524	dmel	FBpp0223721	dsim
OG0000057	FBpp0081524	dmel	FBpp0314991	dsim
OG0000057	FBpp0081524	dmel	FBpp0319110	dsim
OG0000057	FBpp0085721	dmel	FBpp0219200	dsim
OG0000057	FBpp0085721	dmel	FBpp0314991	dsim
OG0000057	FBpp0085721	dmel	FBpp0319110	dsim
OG0000057	FBpp0289838	dmel	FBpp0219200	dsim
OG0000057	FBpp0289838	dmel	FBpp0223721	dsim
OG0000057	FBpp0289838	dmel	FBpp0319110	dsim
OG0000057	FBpp0193329	dsec	FBpp0219200	dsim
OG0000057	FBpp0193329	dsec	FBpp0223721	dsim
OG0000057	FBpp0193329	dsec	FBpp0314991	dsim
OG0000057	FBpp0197779	dsec	FBpp0219200	dsim
OG0000057	FBpp0197779	dsec	FBpp0223721	dsim
OG0000057	FBpp0197779	dsec	FBpp0319110	dsim
OG0000057	FBpp0201305	dsec	FBpp0219200	dsim
OG0000057	FBpp0201305	dsec	FBpp0314991	dsim
OG0000057	FBpp0201305	dsec	FBpp0319110	dsim
OG0000057	FBpp0207737	dsec	FBpp0223721	dsim
OG0000057	FBpp0207737	dsec	FBpp0314991	dsim
OG0000057	FBpp0207737	dsec	FBpp0319110	dsim
OG0000058	FBpp0078691	dmel	FBpp0194316	dsec
OG0000058	FBpp0078691	dmel	FBpp0194360	dsec
OG0000058	FBpp0078691	dmel	FBpp0199534	dsec
OG0000058	FBpp0078691	dmel	FBpp0202533	dsec
OG0000058	FBpp0084868	dmel	FBpp0194360	dsec
OG0000058	FBpp0084868	dmel	FBpp0199534	dsec
OG0000058	FBpp0084868	dmel	FBpp0202533	dsec
OG0000058	FBpp0084878	dmel	FBpp0194360	dsec
OG0000058	FBpp0084878	dmel	FBpp0199534	dsec
OG0000058	FBpp0084878	dmel	FBpp0202533	dsec
OG0000058	FBpp0085014	dmel	FBpp0194316	dsec
OG0000058	FBpp0085014	dmel	FBpp0199534	dsec
OG0000058	FBpp0085014	dmel	FBpp0202533	dsec
OG0000058	FBpp0085052	dmel	FBpp0194316	dsec
OG0000058	FBpp0085052	dmel	FBpp0199534	dsec
OG0000058	FBpp0085052	dmel	FBpp0202533	dsec
OG0000058	FBpp0087783	dmel	FBpp0194316	dsec
OG0000058	FBpp0087783	dmel	FBpp0194360	dsec
OG0000058	FBpp0087783	dmel	FBpp0199534	dsec
OG0000058	FBpp0078691	dmel	FBpp0208992	dsim
OG0000058	FBpp0078691	dmel	FBpp0209885	dsim
OG0000058	FBpp0078691	dmel	FBpp0215448	dsim
OG0000058	FBpp0078691	dmel	FBpp0219924	dsim
OG0000058	FBpp0078691	dmel	FBpp0313302	dsim
OG0000058	FBpp0084868	dmel	FBpp0208992	dsim
OG0000058	FBpp0084868	dmel	FBpp0209885	dsim
OG0000058	FBpp0084868	dmel	FBpp0215448	dsim
OG0000058	FBpp0084868	dmel	FBpp0219924	dsim
OG0000058	FBpp0084868	dmel	FBpp0221079	dsim
OG0000058	FBpp0084878	dmel	FBpp0208992	dsim
OG0000058	FBpp0084878	dmel	FBpp0209885	dsim
OG0000058	FBpp0084878	dmel	FBpp0215448	dsim
OG0000058	FBpp0084878	dmel	FBpp0219924	dsim
OG0000058	FBpp0084878	dmel	FBpp0221079	dsim
OG0000058	FBpp0085014	dmel	FBpp0208992	dsim
OG0000058	FBpp0085014	dmel	FBpp0215448	dsim
OG0000058	FBpp0085014	dmel	FBpp0221079	dsim
OG0000058	FBpp0085014	dmel	FBpp0313302	dsim
OG0000058	FBpp0085052	dmel	FBpp0208992	dsim
OG0000058	FBpp0085052	dmel	FBpp0209885	dsim
OG0000058	FBpp0085052	dmel	FBpp0219924	dsim
OG0000058	FBpp0085052	dmel	FBpp0221079	dsim
OG0000058	FBpp0085052	dmel	FBpp0313302	dsim
OG0000058	FBpp0087783	dmel	FBpp0209885	dsim
OG0000058	FBpp0087783	dmel	FBpp0215448	dsim
OG0000058	FBpp0087783	dmel	FBpp0219924	dsim
OG0000058	FBpp0087783	dmel	FBpp0221079	dsim
OG0000058	FBpp0087783	dmel	FBpp0313302	dsim
OG0000058	FBpp0194316	dsec	FBpp0208992	dsim
OG0000058	FBpp0194316	dsec	FBpp0209885	dsim
OG0000058	FBpp0194316	dsec	FBpp0215448	dsim
OG0000058	FBpp0194316	dsec	FBpp0219924	dsim
OG0000058	FBpp0194316	dsec	FBpp0221079	dsim
OG0000058	FBpp0194360	dsec	FBpp0208992	dsim
OG0000058	FBpp0194360	dsec	FBpp0221079	dsim
OG0000058	FBpp0194360	dsec	FBpp0313302	dsim
OG0000058	FBpp0199534	dsec	FBpp0208992	dsim
OG0000058	FBpp0199534	dsec	FBpp0209885	dsim
OG0000058	FBpp0199534	dsec	FBpp0215448	dsim
OG0000058	FBpp0199534	dsec	FBpp0219924	dsim
OG0000058	FBpp0199534	dsec	FBpp0221079	dsim
OG0000058	FBpp0199534	dsec	FBpp0313302	dsim
OG0000058	FBpp0202533	dsec	FBpp0209885	dsim
OG0000058	FBpp0202533	dsec	FBpp0215448	dsim
OG0000058	FBpp0202533	dsec	FBpp0219924	dsim
OG0000058	FBpp0202533	dsec	FBpp0221079	dsim
OG0000058	FBpp0202533	dsec	FBpp0313302	dsim
OG0000060	FBpp0085853	dmel	FBpp0203358	dsec
OG0000060	FBpp0085853	dmel	FBpp0203359	dsec
OG0000060	FBpp0085854	dmel	FBpp0203356	dsec
OG0000060	FBpp0085854	dmel	FBpp0203359	dsec
OG0000060	FBpp0085855	dmel	FBpp0203356	dsec
OG0000060	FBpp0085855	dmel	FBpp0203357	dsec
OG0000060	FBpp0085855	dmel	FBpp0203358	dsec
OG0000060	FBpp0085856	dmel	FBpp0203356	dsec
OG0000060	FBpp0085856	dmel	FBpp0203357	dsec
OG0000060	FBpp0085856	dmel	FBpp0203359	dsec
OG0000060	FBpp0085857	dmel	FBpp0203356	dsec
OG0000060	FBpp0085857	dmel	FBpp0203357	dsec
OG0000060	FBpp0085857	dmel	FBpp0203359	dsec
OG0000060	FBpp0085853	dmel	FBpp0209776	dsim
OG0000060	FBpp0085853	dmel	FBpp0209778	dsim
OG0000060	FBpp0085853	dmel	FBpp0209779	dsim
OG0000060	FBpp0085854	dmel	FBpp0209775	dsim
OG0000060	FBpp0085854	dmel	FBpp0209777	dsim
OG0000060	FBpp0085854	dmel	FBpp0209779	dsim
OG0000060	FBpp0085855	dmel	FBpp0209775	dsim
OG0000060	FBpp0085855	dmel	FBpp0209776	dsim
OG0000060	FBpp0085855	dmel	FBpp0209777	dsim
OG0000060	FBpp0085855	dmel	FBpp0209778	dsim
OG0000060	FBpp0085856	dmel	FBpp0209775	dsim
OG0000060	FBpp0085856	dmel	FBpp0209776	dsim
OG0000060	FBpp0085856	dmel	FBpp0209777	dsim
OG0000060	FBpp0085856	dmel	FBpp0209779	dsim
OG0000060	FBpp0085857	dmel	FBpp0209775	dsim
OG0000060	FBpp0085857	dmel	FBpp0209776	dsim
OG0000060	FBpp0085857	dmel	FBpp0209777	dsim
OG0000060	FBpp0085857	dmel	FBpp0209778	dsim
OG0000060	FBpp0085857	dmel	FBpp0209779	dsim
OG0000060	FBpp0203356	dsec	FBpp0209775	dsim
OG0000060	FBpp0203356	dsec	FBpp0209778	dsim
OG0000060	FBpp0203356	dsec	FBpp0209779	dsim
OG0000060	FBpp0203357	dsec	FBpp0209775	dsim
OG0000060	FBpp0203357	dsec	FBpp0209777	dsim
OG0000060	FBpp0203357	dsec	FBpp0209779	dsim
OG0000060	FBpp0203358	dsec	FBpp0209775	dsim
OG0000060	FBpp0203358	dsec	FBpp0209776	dsim
OG0000060	FBpp0203358	dsec	FBpp0209777	dsim
OG0000060	FBpp0203358	dsec	FBpp0209779	dsim
OG0000060	FBpp0203359	dsec	FBpp0209775	dsim
OG0000060	FBpp0203359	dsec	FBpp0209776	dsim
OG0000060	FBpp0203359	dsec	FBpp0209777	dsim
OG0000060	FBpp0203359	dsec	FBpp0209778	dsim
OG0000064	FBpp0077183	dmel	FBpp0191742	dsec
OG0000064	FBpp0077183	dmel	FBpp0202471	dsec
OG0000064	FBpp0077183	dmel	FBpp0202472	dsec
OG0000064	FBpp0084278	dmel	FBpp0202471	dsec
OG0000064	FBpp0084278	dmel	FBpp0202472	dsec
OG0000064	FBpp0087929	dmel	FBpp0191742	dsec
OG0000064	FBpp0087929	dmel	FBpp0202472	dsec
OG0000064	FBpp0087930	dmel	FBpp0191742	dsec
OG0000064	FBpp0087930	dmel	FBpp0202471	dsec
OG0000064	FBpp0077183	dmel	FBpp0313610	dsim
OG0000064	FBpp0077183	dmel	FBpp0320474	dsim
OG0000064	FBpp0077183	dmel	FBpp0325517	dsim
OG0000064	FBpp0084278	dmel	FBpp0313610	dsim
OG0000064	FBpp0084278	dmel	FBpp0325517	dsim
OG0000064	FBpp0087929	dmel	FBpp0320474	dsim
OG0000064	FBpp0087929	dmel	FBpp0325517	dsim
OG0000064	FBpp0087930	dmel	FBpp0313610	dsim
OG0000064	FBpp0087930	dmel	FBpp0320474	dsim
OG0000064	FBpp0191742	dsec	FBpp0313610	dsim
OG0000064	FBpp0191742	dsec	FBpp0325517	dsim
OG0000064	FBpp0202471	dsec	FBpp0320474	dsim
OG0000064	FBpp0202471	dsec	FBpp0325517	dsim
OG0000064	FBpp0202472	dsec	FBpp0313610	dsim
OG0000064	FBpp0202472	dsec	FBpp0320474	dsim
OG0000065	FBpp0080249	dmel	FBpp0197437	dsec
OG0000065	FBpp0080249	dmel	FBpp0203108	dsec
OG0000065	FBpp0080249	dmel	FBpp0203109	dsec
OG0000065	FBpp0080249	dmel	FBpp0203110	dsec
OG0000065	FBpp0080249	dmel	FBpp0205721	dsec
OG0000065	FBpp0080249	dmel	FBpp0205722	dsec
OG0000065	FBpp0080250	dmel	FBpp0196153	dsec
OG0000065	FBpp0080250	dmel	FBpp0196174	dsec
OG0000065	FBpp0080250	dmel	FBpp0197437	dsec
OG0000065	FBpp0080250	dmel	FBpp0203108	dsec
OG0000065	FBpp0080250	dmel	FBpp0203109	dsec
OG0000065	FBpp0080250	dmel	FBpp0203110	dsec
OG0000065	FBpp0080250	dmel	FBpp0205721	dsec
OG0000065	FBpp0080250	dmel	FBpp0205722	dsec
OG0000065	FBpp0086417	dmel	FBpp0196153	dsec
OG0000065	FBpp0086417	dmel	FBpp0196163	dsec
OG0000065	FBpp0086417	dmel	FBpp0196174	dsec
OG0000065	FBpp0086417	dmel	FBpp0197437	dsec
OG0000065	FBpp0086417	dmel	FBpp0203109	dsec
OG0000065	FBpp0086417	dmel	FBpp0203110	dsec
OG0000065	FBpp0086417	dmel	FBpp0205721	dsec
OG0000065	FBpp0086417	dmel	FBpp0205722	dsec
OG0000065	FBpp0100028	dmel	FBpp0196153	dsec
OG0000065	FBpp0100028	dmel	FBpp0196163	dsec
OG0000065	FBpp0100028	dmel	FBpp0196174	dsec
OG0000065	FBpp0100028	dmel	FBpp0197437	dsec
OG0000065	FBpp0100028	dmel	FBpp0203108	dsec
OG0000065	FBpp0100028	dmel	FBpp0203109	dsec
OG0000065	FBpp0100028	dmel	FBpp0205721	dsec
OG0000065	FBpp0100028	dmel	FBpp0205722	dsec
OG0000065	FBpp0271804	dmel	FBpp0196153	dsec
OG0000065	FBpp0271804	dmel	FBpp0196163	dsec
OG0000065	FBpp0271804	dmel	FBpp0196174	dsec
OG0000065	FBpp0271804	dmel	FBpp0197437	dsec
OG0000065	FBpp0271804	dmel	FBpp0203108	dsec
OG0000065	FBpp0271804	dmel	FBpp0205721	dsec
OG0000065	FBpp0271804	dmel	FBpp0205722	dsec
OG0000065	FBpp0291690	dmel	FBpp0196153	dsec
OG0000065	FBpp0291690	dmel	FBpp0196163	dsec
OG0000065	FBpp0291690	dmel	FBpp0196174	dsec
OG0000065	FBpp0291690	dmel	FBpp0197437	dsec
OG0000065	FBpp0291690	dmel	FBpp0203108	dsec
OG0000065	FBpp0291690	dmel	FBpp0203109	dsec
OG0000065	FBpp0291690	dmel	FBpp0203110	dsec
OG0000065	FBpp0291690	dmel	FBpp0205721	dsec
OG0000065	FBpp0291690	dmel	FBpp0205722	dsec
OG0000065	FBpp0297783	dmel	FBpp0196153	dsec
OG0000065	FBpp0297783	dmel	FBpp0196163	dsec
OG0000065	FBpp0297783	dmel	FBpp0196174	dsec
OG0000065	FBpp0297783	dmel	FBpp0197437	dsec
OG0000065	FBpp0297783	dmel	FBpp0203108	dsec
OG0000065	FBpp0297783	dmel	FBpp0203109	dsec
OG0000065	FBpp0297783	dmel	FBpp0203110	dsec
OG0000065	FBpp0297783	dmel	FBpp0205722	dsec
OG0000065	FBpp0080249	dmel	FBpp0209535	dsim
OG0000065	FBpp0080249	dmel	FBpp0209537	dsim
OG0000065	FBpp0080249	dmel	FBpp0217435	dsim
OG0000065	FBpp0080249	dmel	FBpp0217436	dsim
OG0000065	FBpp0080249	dmel	FBpp0315435	dsim
OG0000065	FBpp0080249	dmel	FBpp0320047	dsim
OG0000065	FBpp0080249	dmel	FBpp0324661	dsim
OG0000065	FBpp0080250	dmel	FBpp0209535	dsim
OG0000065	FBpp0080250	dmel	FBpp0209537	dsim
OG0000065	FBpp0080250	dmel	FBpp0217435	dsim
OG0000065	FBpp0080250	dmel	FBpp0217436	dsim
OG0000065	FBpp0080250	dmel	FBpp0220387	dsim
OG0000065	FBpp0080250	dmel	FBpp0315435	dsim
OG0000065	FBpp0080250	dmel	FBpp0320047	dsim
OG0000065	FBpp0080250	dmel	FBpp0324661	dsim
OG0000065	FBpp0086417	dmel	FBpp0209537	dsim
OG0000065	FBpp0086417	dmel	FBpp0217435	dsim
OG0000065	FBpp0086417	dmel	FBpp0217436	dsim
OG0000065	FBpp0086417	dmel	FBpp0220387	dsim
OG0000065	FBpp0086417	dmel	FBpp0220389	dsim
OG0000065	FBpp0086417	dmel	FBpp0315435	dsim
OG0000065	FBpp0086417	dmel	FBpp0324661	dsim
OG0000065	FBpp0100028	dmel	FBpp0209535	dsim
OG0000065	FBpp0100028	dmel	FBpp0209537	dsim
OG0000065	FBpp0100028	dmel	FBpp0217435	dsim
OG0000065	FBpp0100028	dmel	FBpp0217436	dsim
OG0000065	FBpp0100028	dmel	FBpp0220387	dsim
OG0000065	FBpp0100028	dmel	FBpp0220389	dsim
OG0000065	FBpp0100028	dmel	FBpp0315435	dsim
OG0000065	FBpp0100028	dmel	FBpp0320047	dsim
OG0000065	FBpp0100028	dmel	FBpp0324661	dsim
OG0000065	FBpp0271804	dmel	FBpp0209535	dsim
OG0000065	FBpp0271804	dmel	FBpp0217435	dsim
OG0000065	FBpp0271804	dmel	FBpp0217436	dsim
OG0000065	FBpp0271804	dmel	FBpp0220387	dsim
OG0000065	FBpp0271804	dmel	FBpp0220389	dsim
OG0000065	FBpp0271804	dmel	FBpp0315435	dsim
OG0000065	FBpp0271804	dmel	FBpp0320047	dsim
OG0000065	FBpp0271804	dmel	FBpp0324661	dsim
OG0000065	FBpp0291690	dmel	FBpp0209535	dsim
OG0000065	FBpp0291690	dmel	FBpp0209537	dsim
OG0000065	FBpp0291690	dmel	FBpp0217435	dsim
OG0000065	FBpp0291690	dmel	FBpp0217436	dsim
OG0000065	FBpp0291690	dmel	FBpp0220387	dsim
OG0000065	FBpp0291690	dmel	FBpp0220389	dsim
OG0000065	FBpp0291690	dmel	FBpp0315435	dsim
OG0000065	FBpp0291690	dmel	FBpp0320047	dsim
OG0000065	FBpp0291690	dmel	FBpp0324661	dsim
OG0000065	FBpp0297783	dmel	FBpp0209535	dsim
OG0000065	FBpp0297783	dmel	FBpp0209537	dsim
OG0000065	FBpp0297783	dmel	FBpp0217436	dsim
OG0000065	FBpp0297783	dmel	FBpp0220387	dsim
OG0000065	FBpp0297783	dmel	FBpp0220389	dsim
OG0000065	FBpp0297783	dmel	FBpp0315435	dsim
OG0000065	FBpp0297783	dmel	FBpp0320047	dsim
OG0000065	FBpp0297783	dmel	FBpp0324661	dsim
OG0000065	FBpp0196153	dsec	FBpp0209535	dsim
OG0000065	FBpp0196153	dsec	FBpp0209537	dsim
OG0000065	FBpp0196153	dsec	FBpp0217435	dsim
OG0000065	FBpp0196153	dsec	FBpp0217436	dsim
OG0000065	FBpp0196153	dsec	FBpp0220389	dsim
OG0000065	FBpp0196153	dsec	FBpp0315435	dsim
OG0000065	FBpp0196153	dsec	FBpp0320047	dsim
OG0000065	FBpp0196153	dsec	FBpp0324661	dsim
OG0000065	FBpp0196163	dsec	FBpp0209535	dsim
OG0000065	FBpp0196163	dsec	FBpp0209537	dsim
OG0000065	FBpp0196163	dsec	FBpp0217435	dsim
OG0000065	FBpp0196163	dsec	FBpp0217436	dsim
OG0000065	FBpp0196163	dsec	FBpp0220387	dsim
OG0000065	FBpp0196163	dsec	FBpp0315435	dsim
OG0000065	FBpp0196163	dsec	FBpp0320047	dsim
OG0000065	FBpp0196163	dsec	FBpp0324661	dsim
OG0000065	FBpp0196174	dsec	FBpp0209535	dsim
OG0000065	FBpp0196174	dsec	FBpp0209537	dsim
OG0000065	FBpp0196174	dsec	FBpp0217435	dsim
OG0000065	FBpp0196174	dsec	FBpp0217436	dsim
OG0000065	FBpp0196174	dsec	FBpp0220387	dsim
OG0000065	FBpp0196174	dsec	FBpp0220389	dsim
OG0000065	FBpp0196174	dsec	FBpp0315435	dsim
OG0000065	FBpp0196174	dsec	FBpp0320047	dsim
OG0000065	FBpp0197437	dsec	FBpp0209535	dsim
OG0000065	FBpp0197437	dsec	FBpp0209537	dsim
OG0000065	FBpp0197437	dsec	FBpp0217435	dsim
OG0000065	FBpp0197437	dsec	FBpp0217436	dsim
OG0000065	FBpp0197437	dsec	FBpp0220387	dsim
OG0000065	FBpp0197437	dsec	FBpp0220389	dsim
OG0000065	FBpp0197437	dsec	FBpp0320047	dsim
OG0000065	FBpp0197437	dsec	FBpp0324661	dsim
OG0000065	FBpp0203108	dsec	FBpp0209537	dsim
OG0000065	FBpp0203108	dsec	FBpp0217435	dsim
OG0000065	FBpp0203108	dsec	FBpp0217436	dsim
OG0000065	FBpp0203108	dsec	FBpp0220387	dsim
OG0000065	FBpp0203108	dsec	FBpp0220389	dsim
OG0000065	FBpp0203108	dsec	FBpp0315435	dsim
OG0000065	FBpp0203108	dsec	FBpp0320047	dsim
OG0000065	FBpp0203108	dsec	FBpp0324661	dsim
OG0000065	FBpp0203109	dsec	FBpp0209535	dsim
OG0000065	FBpp0203109	dsec	FBpp0217435	dsim
OG0000065	FBpp0203109	dsec	FBpp0217436	dsim
OG0000065	FBpp0203109	dsec	FBpp0220387	dsim
OG0000065	FBpp0203109	dsec	FBpp0220389	dsim
OG0000065	FBpp0203109	dsec	FBpp0315435	dsim
OG0000065	FBpp0203109	dsec	FBpp0320047	dsim
OG0000065	FBpp0203109	dsec	FBpp0324661	dsim
OG0000065	FBpp0203110	dsec	FBpp0209535	dsim
OG0000065	FBpp0203110	dsec	FBpp0217435	dsim
OG0000065	FBpp0203110	dsec	FBpp0217436	dsim
OG0000065	FBpp0203110	dsec	FBpp0220387	dsim
OG0000065	FBpp0203110	dsec	FBpp0220389	dsim
OG0000065	FBpp0203110	dsec	FBpp0315435	dsim
OG0000065	FBpp0203110	dsec	FBpp0324661	dsim
OG0000065	FBpp0205721	dsec	FBpp0209535	dsim
OG0000065	FBpp0205721	dsec	FBpp0209537	dsim
OG0000065	FBpp0205721	dsec	FBpp0217436	dsim
OG0000065	FBpp0205721	dsec	FBpp0220387	dsim
OG0000065	FBpp0205721	dsec	FBpp0220389	dsim
OG0000065	FBpp0205721	dsec	FBpp0315435	dsim
OG0000065	FBpp0205721	dsec	FBpp0320047	dsim
OG0000065	FBpp0205721	dsec	FBpp0324661	dsim
OG0000065	FBpp0205722	dsec	FBpp0209535	dsim
OG0000065	FBpp0205722	dsec	FBpp0209537	dsim
OG0000065	FBpp0205722	dsec	FBpp0217435	dsim
OG0000065	FBpp0205722	dsec	FBpp0220387	dsim
OG0000065	FBpp0205722	dsec	FBpp0220389	dsim
OG0000065	FBpp0205722	dsec	FBpp0315435	dsim
OG0000065	FBpp0205722	dsec	FBpp0320047	dsim
OG0000065	FBpp0205722	dsec	FBpp0324661	dsim
OG0000066	FBpp0084553	dmel	FBpp0201644	dsec
OG0000066	FBpp0084553	dmel	FBpp0201646	dsec
OG0000066	FBpp0084553	dmel	FBpp0201647	dsec
OG0000066	FBpp0084553	dmel	FBpp0203058	dsec
OG0000066	FBpp0086585	dmel	FBpp0191870	dsec
OG0000066	FBpp0086585	dmel	FBpp0201646	dsec
OG0000066	FBpp0086585	dmel	FBpp0201647	dsec
OG0000066	FBpp0086585	dmel	FBpp0203058	dsec
OG0000066	FBpp0086586	dmel	FBpp0191870	dsec
OG0000066	FBpp0086586	dmel	FBpp0201644	dsec
OG0000066	FBpp0086586	dmel	FBpp0201646	dsec
OG0000066	FBpp0086586	dmel	FBpp0201647	dsec
OG0000066	FBpp0086586	dmel	FBpp0203058	dsec
OG0000066	FBpp0289405	dmel	FBpp0191870	dsec
OG0000066	FBpp0289405	dmel	FBpp0201644	dsec
OG0000066	FBpp0289405	dmel	FBpp0201646	dsec
OG0000066	FBpp0289405	dmel	FBpp0201647	dsec
OG0000066	FBpp0084553	dmel	FBpp0224047	dsim
OG0000066	FBpp0084553	dmel	FBpp0224049	dsim
OG0000066	FBpp0084553	dmel	FBpp0315040	dsim
OG0000066	FBpp0086585	dmel	FBpp0224049	dsim
OG0000066	FBpp0086585	dmel	FBpp0315040	dsim
OG0000066	FBpp0086585	dmel	FBpp0318022	dsim
OG0000066	FBpp0086586	dmel	FBpp0224047	dsim
OG0000066	FBpp0086586	dmel	FBpp0224049	dsim
OG0000066	FBpp0086586	dmel	FBpp0315040	dsim
OG0000066	FBpp0086586	dmel	FBpp0318022	dsim
OG0000066	FBpp0289405	dmel	FBpp0224047	dsim
OG0000066	FBpp0289405	dmel	FBpp0315040	dsim
OG0000066	FBpp0289405	dmel	FBpp0318022	dsim
OG0000066	FBpp0191870	dsec	FBpp0224047	dsim
OG0000066	FBpp0191870	dsec	FBpp0224049	dsim
OG0000066	FBpp0191870	dsec	FBpp0315040	dsim
OG0000066	FBpp0201644	dsec	FBpp0224049	dsim
OG0000066	FBpp0201644	dsec	FBpp0318022	dsim
OG0000066	FBpp0201646	dsec	FBpp0224049	dsim
OG0000066	FBpp0201646	dsec	FBpp0315040	dsim
OG0000066	FBpp0201646	dsec	FBpp0318022	dsim
OG0000066	FBpp0201647	dsec	FBpp0224047	dsim
OG0000066	FBpp0201647	dsec	FBpp0224049	dsim
OG0000066	FBpp0201647	dsec	FBpp0318022	dsim
OG0000066	FBpp0203058	dsec	FBpp0224047	dsim
OG0000066	FBpp0203058	dsec	FBpp0224049	dsim
OG0000066	FBpp0203058	dsec	FBpp0315040	dsim
OG0000066	FBpp0203058	dsec	FBpp0318022	dsim
OG0000072	FBpp0076746	dmel	FBpp0195354	dsec
OG0000072	FBpp0076746	dmel	FBpp0195355	dsec
OG0000072	FBpp0076746	dmel	FBpp0196218	dsec
OG0000072	FBpp0076749	dmel	FBpp0195354	dsec
OG0000072	FBpp0076749	dmel	FBpp0195355	dsec
OG0000072	FBpp0076749	dmel	FBpp0196215	dsec
OG0000072	FBpp0076776	dmel	FBpp0196215	dsec
OG0000072	FBpp0076776	dmel	FBpp0196218	dsec
OG0000072	FBpp0076746	dmel	FBpp0211561	dsim
OG0000072	FBpp0076746	dmel	FBpp0212325	dsim
OG0000072	FBpp0076746	dmel	FBpp0317353	dsim
OG0000072	FBpp0076746	dmel	FBpp0317636	dsim
OG0000072	FBpp0076746	dmel	FBpp0319460	dsim
OG0000072	FBpp0076749	dmel	FBpp0211561	dsim
OG0000072	FBpp0076749	dmel	FBpp0212322	dsim
OG0000072	FBpp0076749	dmel	FBpp0317353	dsim
OG0000072	FBpp0076749	dmel	FBpp0317636	dsim
OG0000072	FBpp0076749	dmel	FBpp0318483	dsim
OG0000072	FBpp0076749	dmel	FBpp0319460	dsim
OG0000072	FBpp0076776	dmel	FBpp0212322	dsim
OG0000072	FBpp0076776	dmel	FBpp0212325	dsim
OG0000072	FBpp0076776	dmel	FBpp0317353	dsim
OG0000072	FBpp0076776	dmel	FBpp0317636	dsim
OG0000072	FBpp0076776	dmel	FBpp0318483	dsim
OG0000072	FBpp0076776	dmel	FBpp0319460	dsim
OG0000072	FBpp0195354	dsec	FBpp0212322	dsim
OG0000072	FBpp0195354	dsec	FBpp0212325	dsim
OG0000072	FBpp0195354	dsec	FBpp0317353	dsim
OG0000072	FBpp0195354	dsec	FBpp0317636	dsim
OG0000072	FBpp0195354	dsec	FBpp0318483	dsim
OG0000072	FBpp0195354	dsec	FBpp0319460	dsim
OG0000072	FBpp0195355	dsec	FBpp0211561	dsim
OG0000072	FBpp0195355	dsec	FBpp0212322	dsim
OG0000072	FBpp0195355	dsec	FBpp0212325	dsim
OG0000072	FBpp0195355	dsec	FBpp0317353	dsim
OG0000072	FBpp0195355	dsec	FBpp0317636	dsim
OG0000072	FBpp0195355	dsec	FBpp0318483	dsim
OG0000072	FBpp0196215	dsec	FBpp0211561	dsim
OG0000072	FBpp0196215	dsec	FBpp0212322	dsim
OG0000072	FBpp0196215	dsec	FBpp0212325	dsim
OG0000072	FBpp0196215	dsec	FBpp0317353	dsim
OG0000072	FBpp0196215	dsec	FBpp0317636	dsim
OG0000072	FBpp0196218	dsec	FBpp0211561	dsim
OG0000072	FBpp0196218	dsec	FBpp0212322	dsim
OG0000072	FBpp0196218	dsec	FBpp0317353	dsim
OG0000072	FBpp0196218	dsec	FBpp0317636	dsim
OG0000072	FBpp0196218	dsec	FBpp0318483	dsim
OG0000072	FBpp0196218	dsec	FBpp0319460	dsim
OG0000081	FBpp0081813	dmel	FBpp0205396	dsec
OG0000081	FBpp0081813	dmel	FBpp0207608	dsec
OG0000081	FBpp0081814	dmel	FBpp0205395	dsec
OG0000081	FBpp0081814	dmel	FBpp0207608	dsec
OG0000081	FBpp0081854	dmel	FBpp0205396	dsec
OG0000081	FBpp0081854	dmel	FBpp0207608	dsec
OG0000081	FBpp0081814	dmel	FBpp0217133	dsim
OG0000081	FBpp0081814	dmel	FBpp0314544	dsim
OG0000081	FBpp0081854	dmel	FBpp0217133	dsim
OG0000081	FBpp0081854	dmel	FBpp0321874	dsim
OG0000081	FBpp0205396	dsec	FBpp0217133	dsim
OG0000081	FBpp0205396	dsec	FBpp0314544	dsim
OG0000081	FBpp0207608	dsec	FBpp0217133	dsim
OG0000081	FBpp0207608	dsec	FBpp0314544	dsim
OG0000081	FBpp0207608	dsec	FBpp0321874	dsim
OG0000096	FBpp0081827	dmel	FBpp0198350	dsec
OG0000096	FBpp0081827	dmel	FBpp0205411	dsec
OG0000096	FBpp0081827	dmel	FBpp0207587	dsec
OG0000096	FBpp0081833	dmel	FBpp0198350	dsec
OG0000096	FBpp0081833	dmel	FBpp0205404	dsec
OG0000096	FBpp0081833	dmel	FBpp0207591	dsec
OG0000096	FBpp0081838	dmel	FBpp0198350	dsec
OG0000096	FBpp0081838	dmel	FBpp0205404	dsec
OG0000096	FBpp0081838	dmel	FBpp0205411	dsec
OG0000096	FBpp0081838	dmel	FBpp0207591	dsec
OG0000096	FBpp0081827	dmel	FBpp0314184	dsim
OG0000096	FBpp0081827	dmel	FBpp0325856	dsim
OG0000096	FBpp0081833	dmel	FBpp0317437	dsim
OG0000096	FBpp0081833	dmel	FBpp0325856	dsim
OG0000096	FBpp0081838	dmel	FBpp0317437	dsim
OG0000096	FBpp0081838	dmel	FBpp0325856	dsim
OG0000096	FBpp0198350	dsec	FBpp0314184	dsim
OG0000096	FBpp0198350	dsec	FBpp0317437	dsim
OG0000096	FBpp0205404	dsec	FBpp0314184	dsim
OG0000096	FBpp0205404	dsec	FBpp0325856	dsim
OG0000096	FBpp0205411	dsec	FBpp0317437	dsim
OG0000096	FBpp0205411	dsec	FBpp0325856	dsim
OG0000096	FBpp0207587	dsec	FBpp0317437	dsim
OG0000096	FBpp0207587	dsec	FBpp0325856	dsim
OG0000096	FBpp0207591	dsec	FBpp0314184	dsim
OG0000096	FBpp0207591	dsec	FBpp0325856	dsim
OG0000098	FBpp0090984	dmel	FBpp0201010	dsec
OG0000098	FBpp0090985	dmel	FBpp0192063	dsec
OG0000098	FBpp0090985	dmel	FBpp0192074	dsec
OG0000098	FBpp0423070	dmel	FBpp0192063	dsec
OG0000098	FBpp0423070	dmel	FBpp0192074	dsec
OG0000098	FBpp0090984	dmel	FBpp0222308	dsim
OG0000098	FBpp0090984	dmel	FBpp0313919	dsim
OG0000098	FBpp0090984	dmel	FBpp0324177	dsim
OG0000098	FBpp0090985	dmel	FBpp0320550	dsim
OG0000098	FBpp0090985	dmel	FBpp0324177	dsim
OG0000098	FBpp0423070	dmel	FBpp0320550	dsim
OG0000098	FBpp0423070	dmel	FBpp0324177	dsim
OG0000098	FBpp0192063	dsec	FBpp0222308	dsim
OG0000098	FBpp0192063	dsec	FBpp0313919	dsim
OG0000098	FBpp0192063	dsec	FBpp0324177	dsim
OG0000098	FBpp0192074	dsec	FBpp0222308	dsim
OG0000098	FBpp0192074	dsec	FBpp0313919	dsim
OG0000098	FBpp0201010	dsec	FBpp0320550	dsim
OG0000098	FBpp0201010	dsec	FBpp0324177	dsim
OG0000099	FBpp0085850	dmel	FBpp0203352	dsec
OG0000099	FBpp0085850	dmel	FBpp0203355	dsec
OG0000099	FBpp0085851	dmel	FBpp0203352	dsec
OG0000099	FBpp0085851	dmel	FBpp0203355	dsec
OG0000099	FBpp0085850	dmel	FBpp0209772	dsim
OG0000099	FBpp0085850	dmel	FBpp0209774	dsim
OG0000099	FBpp0085850	dmel	FBpp0315945	dsim
OG0000099	FBpp0085850	dmel	FBpp0323308	dsim
OG0000099	FBpp0085851	dmel	FBpp0209772	dsim
OG0000099	FBpp0085851	dmel	FBpp0209774	dsim
OG0000099	FBpp0085851	dmel	FBpp0315945	dsim
OG0000099	FBpp0085851	dmel	FBpp0323308	dsim
OG0000099	FBpp0203351	dsec	FBpp0209774	dsim
OG0000099	FBpp0203351	dsec	FBpp0315945	dsim
OG0000099	FBpp0203351	dsec	FBpp0323308	dsim
OG0000099	FBpp0203352	dsec	FBpp0209772	dsim
OG0000099	FBpp0203352	dsec	FBpp0209774	dsim
OG0000099	FBpp0203355	dsec	FBpp0209772	dsim
OG0000099	FBpp0203355	dsec	FBpp0209774	dsim
OG0000099	FBpp0203355	dsec	FBpp0315945	dsim
OG0000099	FBpp0203355	dsec	FBpp0323308	dsim
OG0000100	FBpp0086581	dmel	FBpp0203056	dsec
OG0000100	FBpp0086582	dmel	FBpp0203055	dsec
OG0000100	FBpp0086583	dmel	FBpp0203055	dsec
OG0000100	FBpp0289404	dmel	FBpp0203055	dsec
OG0000100	FBpp0289404	dmel	FBpp0203056	dsec
OG0000100	FBpp0086581	dmel	FBpp0209485	dsim
OG0000100	FBpp0086581	dmel	FBpp0209489	dsim
OG0000100	FBpp0086582	dmel	FBpp0209485	dsim
OG0000100	FBpp0086583	dmel	FBpp0209485	dsim
OG0000100	FBpp0086583	dmel	FBpp0209489	dsim
OG0000100	FBpp0289404	dmel	FBpp0209485	dsim
OG0000100	FBpp0289404	dmel	FBpp0318326	dsim
OG0000100	FBpp0203055	dsec	FBpp0209485	dsim
OG0000100	FBpp0203055	dsec	FBpp0209489	dsim
OG0000100	FBpp0203056	dsec	FBpp0209485	dsim
OG0000100	FBpp0203056	dsec	FBpp0209489	dsim
OG0000104	FBpp0082209	dmel	FBpp0204910	dsec
OG0000104	FBpp0082209	dmel	FBpp0205574	dsec
OG0000104	FBpp0082209	dmel	FBpp0205577	dsec
OG0000104	FBpp0082211	dmel	FBpp0204910	dsec
OG0000104	FBpp0082211	dmel	FBpp0205574	dsec
OG0000104	FBpp0288476	dmel	FBpp0204910	dsec
OG0000104	FBpp0288476	dmel	FBpp0205575	dsec
OG0000104	FBpp0288476	dmel	FBpp0205577	dsec
OG0000104	FBpp0204910	dsec	FBpp0315132	dsim
OG0000105	FBpp0079857	dmel	FBpp0208005	dsec
OG0000105	FBpp0079857	dmel	FBpp0208079	dsec
OG0000105	FBpp0310540	dmel	FBpp0208005	dsec
OG0000105	FBpp0310540	dmel	FBpp0208079	dsec
OG0000105	FBpp0310542	dmel	FBpp0208005	dsec
OG0000105	FBpp0310819	dmel	FBpp0208005	dsec
OG0000105	FBpp0079857	dmel	FBpp0327142	dsim
OG0000105	FBpp0079857	dmel	FBpp0327156	dsim
OG0000105	FBpp0310540	dmel	FBpp0327142	dsim
OG0000105	FBpp0310540	dmel	FBpp0327156	dsim
OG0000105	FBpp0310542	dmel	FBpp0324600	dsim
OG0000105	FBpp0310542	dmel	FBpp0327142	dsim
OG0000105	FBpp0310819	dmel	FBpp0324600	dsim
OG0000105	FBpp0310819	dmel	FBpp0327156	dsim
OG0000105	FBpp0208005	dsec	FBpp0324600	dsim
OG0000105	FBpp0208079	dsec	FBpp0324600	dsim
OG0000105	FBpp0208079	dsec	FBpp0327156	dsim
OG0000109	FBpp0075218	dmel	FBpp0205909	dsec
OG0000109	FBpp0075218	dmel	FBpp0207085	dsec
OG0000109	FBpp0075220	dmel	FBpp0205909	dsec
OG0000109	FBpp0075220	dmel	FBpp0207085	dsec
OG0000109	FBpp0111683	dmel	FBpp0207082	dsec
OG0000109	FBpp0111683	dmel	FBpp0207085	dsec
OG0000109	FBpp0075218	dmel	FBpp0213015	dsim
OG0000109	FBpp0075218	dmel	FBpp0328373	dsim
OG0000109	FBpp0075220	dmel	FBpp0322197	dsim
OG0000109	FBpp0075220	dmel	FBpp0328373	dsim
OG0000109	FBpp0111683	dmel	FBpp0213015	dsim
OG0000109	FBpp0111683	dmel	FBpp0322197	dsim
OG0000109	FBpp0205909	dsec	FBpp0213015	dsim
OG0000109	FBpp0207082	dsec	FBpp0328373	dsim
OG0000109	FBpp0207085	dsec	FBpp0213015	dsim
OG0000109	FBpp0207085	dsec	FBpp0322197	dsim
OG0000109	FBpp0207085	dsec	FBpp0328373	dsim
OG0000111	FBpp0082439	dmel	FBpp0201093	dsec
OG0000111	FBpp0082439	dmel	FBpp0207310	dsec
OG0000111	FBpp0082439	dmel	FBpp0207318	dsec
OG0000111	FBpp0082439	dmel	FBpp0207320	dsec
OG0000111	FBpp0082439	dmel	FBpp0208146	dsec
OG0000111	FBpp0082439	dmel	FBpp0208147	dsec
OG0000111	FBpp0082440	dmel	FBpp0201093	dsec
OG0000111	FBpp0082440	dmel	FBpp0207310	dsec
OG0000111	FBpp0082440	dmel	FBpp0207318	dsec
OG0000111	FBpp0082440	dmel	FBpp0208146	dsec
OG0000111	FBpp0082440	dmel	FBpp0208147	dsec
OG0000111	FBpp0082441	dmel	FBpp0201093	dsec
OG0000111	FBpp0082441	dmel	FBpp0207310	dsec
OG0000111	FBpp0082441	dmel	FBpp0207318	dsec
OG0000111	FBpp0082441	dmel	FBpp0207319	dsec
OG0000111	FBpp0082441	dmel	FBpp0208146	dsec
OG0000111	FBpp0082441	dmel	FBpp0208147	dsec
OG0000111	FBpp0082439	dmel	FBpp0218815	dsim
OG0000111	FBpp0082439	dmel	FBpp0218816	dsim
OG0000111	FBpp0082440	dmel	FBpp0218816	dsim
OG0000111	FBpp0082441	dmel	FBpp0218814	dsim
OG0000111	FBpp0082441	dmel	FBpp0218815	dsim
OG0000111	FBpp0201093	dsec	FBpp0218814	dsim
OG0000111	FBpp0201093	dsec	FBpp0218815	dsim
OG0000111	FBpp0201093	dsec	FBpp0218816	dsim
OG0000111	FBpp0207310	dsec	FBpp0218814	dsim
OG0000111	FBpp0207310	dsec	FBpp0218815	dsim
OG0000111	FBpp0207310	dsec	FBpp0218816	dsim
OG0000111	FBpp0207318	dsec	FBpp0218814	dsim
OG0000111	FBpp0207318	dsec	FBpp0218815	dsim
OG0000111	FBpp0207318	dsec	FBpp0218816	dsim
OG0000111	FBpp0207320	dsec	FBpp0218814	dsim
OG0000111	FBpp0207320	dsec	FBpp0218815	dsim
OG0000111	FBpp0208146	dsec	FBpp0218814	dsim
OG0000111	FBpp0208146	dsec	FBpp0218815	dsim
OG0000111	FBpp0208146	dsec	FBpp0218816	dsim
OG0000111	FBpp0208147	dsec	FBpp0218814	dsim
OG0000111	FBpp0208147	dsec	FBpp0218815	dsim
OG0000111	FBpp0208147	dsec	FBpp0218816	dsim
OG0000112	FBpp0073791	dmel	FBpp0193503	dsec
OG0000112	FBpp0073791	dmel	FBpp0193505	dsec
OG0000112	FBpp0073800	dmel	FBpp0193493	dsec
OG0000112	FBpp0073800	dmel	FBpp0193503	dsec
OG0000112	FBpp0310796	dmel	FBpp0193493	dsec
OG0000112	FBpp0310796	dmel	FBpp0193503	dsec
OG0000112	FBpp0310796	dmel	FBpp0193505	dsec
OG0000112	FBpp0073791	dmel	FBpp0320110	dsim
OG0000112	FBpp0073791	dmel	FBpp0322250	dsim
OG0000112	FBpp0073800	dmel	FBpp0320110	dsim
OG0000112	FBpp0310796	dmel	FBpp0320110	dsim
OG0000112	FBpp0310796	dmel	FBpp0322250	dsim
OG0000112	FBpp0193493	dsec	FBpp0320110	dsim
OG0000112	FBpp0193493	dsec	FBpp0322250	dsim
OG0000112	FBpp0193505	dsec	FBpp0320110	dsim
OG0000114	FBpp0073064	dmel	FBpp0198604	dsec
OG0000114	FBpp0073064	dmel	FBpp0199406	dsec
OG0000114	FBpp0073064	dmel	FBpp0199665	dsec
OG0000114	FBpp0073064	dmel	FBpp0202192	dsec
OG0000114	FBpp0080316	dmel	FBpp0196100	dsec
OG0000114	FBpp0080316	dmel	FBpp0198604	dsec
OG0000114	FBpp0080316	dmel	FBpp0199406	dsec
OG0000114	FBpp0080316	dmel	FBpp0199665	dsec
OG0000114	FBpp0080316	dmel	FBpp0202192	dsec
OG0000114	FBpp0080318	dmel	FBpp0196100	dsec
OG0000114	FBpp0080318	dmel	FBpp0198604	dsec
OG0000114	FBpp0080318	dmel	FBpp0199406	dsec
OG0000114	FBpp0080318	dmel	FBpp0199665	dsec
OG0000114	FBpp0080318	dmel	FBpp0202192	dsec
OG0000114	FBpp0080557	dmel	FBpp0196100	dsec
OG0000114	FBpp0080557	dmel	FBpp0199406	dsec
OG0000114	FBpp0080557	dmel	FBpp0199665	dsec
OG0000114	FBpp0080557	dmel	FBpp0202192	dsec
OG0000114	FBpp0289585	dmel	FBpp0196100	dsec
OG0000114	FBpp0289585	dmel	FBpp0198604	dsec
OG0000114	FBpp0289585	dmel	FBpp0199406	dsec
OG0000114	FBpp0290124	dmel	FBpp0196100	dsec
OG0000114	FBpp0290124	dmel	FBpp0199406	dsec
OG0000114	FBpp0290124	dmel	FBpp0199665	dsec
OG0000114	FBpp0290124	dmel	FBpp0202192	dsec
OG0000114	FBpp0073064	dmel	FBpp0220270	dsim
OG0000114	FBpp0073064	dmel	FBpp0221197	dsim
OG0000114	FBpp0073064	dmel	FBpp0317468	dsim
OG0000114	FBpp0080316	dmel	FBpp0212213	dsim
OG0000114	FBpp0080316	dmel	FBpp0220270	dsim
OG0000114	FBpp0080316	dmel	FBpp0221197	dsim
OG0000114	FBpp0080316	dmel	FBpp0317468	dsim
OG0000114	FBpp0080318	dmel	FBpp0212213	dsim
OG0000114	FBpp0080318	dmel	FBpp0220270	dsim
OG0000114	FBpp0080318	dmel	FBpp0221197	dsim
OG0000114	FBpp0080318	dmel	FBpp0317468	dsim
OG0000114	FBpp0080557	dmel	FBpp0212213	dsim
OG0000114	FBpp0080557	dmel	FBpp0221197	dsim
OG0000114	FBpp0080557	dmel	FBpp0317468	dsim
OG0000114	FBpp0289585	dmel	FBpp0212213	dsim
OG0000114	FBpp0289585	dmel	FBpp0220270	dsim
OG0000114	FBpp0290124	dmel	FBpp0212213	dsim
OG0000114	FBpp0290124	dmel	FBpp0221197	dsim
OG0000114	FBpp0290124	dmel	FBpp0317468	dsim
OG0000114	FBpp0196100	dsec	FBpp0220270	dsim
OG0000114	FBpp0196100	dsec	FBpp0221197	dsim
OG0000114	FBpp0196100	dsec	FBpp0317468	dsim
OG0000114	FBpp0198604	dsec	FBpp0212213	dsim
OG0000114	FBpp0198604	dsec	FBpp0221197	dsim
OG0000114	FBpp0198604	dsec	FBpp0317468	dsim
OG0000114	FBpp0199406	dsec	FBpp0212213	dsim
OG0000114	FBpp0199406	dsec	FBpp0220270	dsim
OG0000114	FBpp0199406	dsec	FBpp0221197	dsim
OG0000114	FBpp0199406	dsec	FBpp0317468	dsim
OG0000114	FBpp0199665	dsec	FBpp0212213	dsim
OG0000114	FBpp0199665	dsec	FBpp0220270	dsim
OG0000114	FBpp0199665	dsec	FBpp0317468	dsim
OG0000114	FBpp0202192	dsec	FBpp0212213	dsim
OG0000114	FBpp0202192	dsec	FBpp0220270	dsim
OG0000114	FBpp0202192	dsec	FBpp0221197	dsim
OG0000115	FBpp0091005	dmel	FBpp0207071	dsec
OG0000115	FBpp0311814	dmel	FBpp0207071	dsec
OG0000115	FBpp0312384	dmel	FBpp0207070	dsec
OG0000115	FBpp0428225	dmel	FBpp0207070	dsec
OG0000115	FBpp0091005	dmel	FBpp0213005	dsim
OG0000115	FBpp0091005	dmel	FBpp0323193	dsim
OG0000115	FBpp0091005	dmel	FBpp0326263	dsim
OG0000115	FBpp0311814	dmel	FBpp0213005	dsim
OG0000115	FBpp0311814	dmel	FBpp0319629	dsim
OG0000115	FBpp0311814	dmel	FBpp0323193	dsim
OG0000115	FBpp0312384	dmel	FBpp0213005	dsim
OG0000115	FBpp0312384	dmel	FBpp0323193	dsim
OG0000115	FBpp0312384	dmel	FBpp0326263	dsim
OG0000115	FBpp0428225	dmel	FBpp0213005	dsim
OG0000115	FBpp0207070	dsec	FBpp0213005	dsim
OG0000115	FBpp0207070	dsec	FBpp0319629	dsim
OG0000115	FBpp0207070	dsec	FBpp0323193	dsim
OG0000115	FBpp0207071	dsec	FBpp0213005	dsim
OG0000121	FBpp0091159	dmel	FBpp0201637	dsec
OG0000121	FBpp0091159	dmel	FBpp0202925	dsec
OG0000121	FBpp0091159	dmel	FBpp0203036	dsec
OG0000121	FBpp0302635	dmel	FBpp0201637	dsec
OG0000121	FBpp0302635	dmel	FBpp0202349	dsec
OG0000121	FBpp0302635	dmel	FBpp0203036	dsec
OG0000121	FBpp0309011	dmel	FBpp0202349	dsec
OG0000121	FBpp0309011	dmel	FBpp0202925	dsec
OG0000121	FBpp0309011	dmel	FBpp0203036	dsec
OG0000121	FBpp0091159	dmel	FBpp0326278	dsim
OG0000121	FBpp0091159	dmel	FBpp0326727	dsim
OG0000121	FBpp0302635	dmel	FBpp0316923	dsim
OG0000121	FBpp0302635	dmel	FBpp0326727	dsim
OG0000121	FBpp0309011	dmel	FBpp0316923	dsim
OG0000121	FBpp0309011	dmel	FBpp0326278	dsim
OG0000121	FBpp0201637	dsec	FBpp0316923	dsim
OG0000121	FBpp0201637	dsec	FBpp0326278	dsim
OG0000121	FBpp0202349	dsec	FBpp0326278	dsim
OG0000121	FBpp0202349	dsec	FBpp0326727	dsim
OG0000121	FBpp0202925	dsec	FBpp0316923	dsim
OG0000121	FBpp0202925	dsec	FBpp0326727	dsim
OG0000121	FBpp0203036	dsec	FBpp0316923	dsim
OG0000121	FBpp0203036	dsec	FBpp0326278	dsim
OG0000121	FBpp0203036	dsec	FBpp0326727	dsim
OG0000127	FBpp0073944	dmel	FBpp0193158	dsec
OG0000127	FBpp0073944	dmel	FBpp0207623	dsec
OG0000127	FBpp0073987	dmel	FBpp0193158	dsec
OG0000127	FBpp0073987	dmel	FBpp0207623	dsec
OG0000127	FBpp0307691	dmel	FBpp0193158	dsec
OG0000127	FBpp0307691	dmel	FBpp0194462	dsec
OG0000127	FBpp0073944	dmel	FBpp0219101	dsim
OG0000127	FBpp0073944	dmel	FBpp0223229	dsim
OG0000127	FBpp0073987	dmel	FBpp0219101	dsim
OG0000127	FBpp0073987	dmel	FBpp0223228	dsim
OG0000127	FBpp0307691	dmel	FBpp0223228	dsim
OG0000127	FBpp0307691	dmel	FBpp0223229	dsim
OG0000127	FBpp0193158	dsec	FBpp0219101	dsim
OG0000127	FBpp0193158	dsec	FBpp0223228	dsim
OG0000127	FBpp0193158	dsec	FBpp0223229	dsim
OG0000127	FBpp0194462	dsec	FBpp0219101	dsim
OG0000127	FBpp0207623	dsec	FBpp0223228	dsim
OG0000127	FBpp0207623	dsec	FBpp0223229	dsim
OG0000129	FBpp0078996	dmel	FBpp0205373	dsec
OG0000129	FBpp0081754	dmel	FBpp0195211	dsec
OG0000129	FBpp0081754	dmel	FBpp0195226	dsec
OG0000129	FBpp0292970	dmel	FBpp0195211	dsec
OG0000129	FBpp0292970	dmel	FBpp0195226	dsec
OG0000129	FBpp0292970	dmel	FBpp0205373	dsec
OG0000129	FBpp0078996	dmel	FBpp0217110	dsim
OG0000129	FBpp0081754	dmel	FBpp0317370	dsim
OG0000129	FBpp0292970	dmel	FBpp0217110	dsim
OG0000129	FBpp0292970	dmel	FBpp0317370	dsim
OG0000129	FBpp0195211	dsec	FBpp0217110	dsim
OG0000129	FBpp0195226	dsec	FBpp0217110	dsim
OG0000129	FBpp0205373	dsec	FBpp0317370	dsim
OG0000132	FBpp0074067	dmel	FBpp0194395	dsec
OG0000132	FBpp0074069	dmel	FBpp0194395	dsec
OG0000132	FBpp0074069	dmel	FBpp0194866	dsec
OG0000132	FBpp0085094	dmel	FBpp0194866	dsec
OG0000132	FBpp0085094	dmel	FBpp0194867	dsec
OG0000132	FBpp0074067	dmel	FBpp0316017	dsim
OG0000132	FBpp0074067	dmel	FBpp0323295	dsim
OG0000132	FBpp0074069	dmel	FBpp0316017	dsim
OG0000132	FBpp0074069	dmel	FBpp0323295	dsim
OG0000132	FBpp0085094	dmel	FBpp0323295	dsim
OG0000132	FBpp0194395	dsec	FBpp0323295	dsim
OG0000132	FBpp0194866	dsec	FBpp0316017	dsim
OG0000132	FBpp0194866	dsec	FBpp0323295	dsim
OG0000132	FBpp0194867	dsec	FBpp0316017	dsim
OG0000132	FBpp0194867	dsec	FBpp0323295	dsim
OG0000135	FBpp0080742	dmel	FBpp0192276	dsec
OG0000135	FBpp0099709	dmel	FBpp0192276	dsec
OG0000135	FBpp0293179	dmel	FBpp0192276	dsec
OG0000135	FBpp0293179	dmel	FBpp0198818	dsec
OG0000135	FBpp0293179	dmel	FBpp0198819	dsec
OG0000135	FBpp0293181	dmel	FBpp0192276	dsec
OG0000135	FBpp0293181	dmel	FBpp0198818	dsec
OG0000135	FBpp0293181	dmel	FBpp0198819	dsec
OG0000135	FBpp0080742	dmel	FBpp0218175	dsim
OG0000135	FBpp0080742	dmel	FBpp0314725	dsim
OG0000135	FBpp0080742	dmel	FBpp0327945	dsim
OG0000135	FBpp0099709	dmel	FBpp0218175	dsim
OG0000135	FBpp0099709	dmel	FBpp0314725	dsim
OG0000135	FBpp0099709	dmel	FBpp0327945	dsim
OG0000135	FBpp0293179	dmel	FBpp0218175	dsim
OG0000135	FBpp0293179	dmel	FBpp0222602	dsim
OG0000135	FBpp0293179	dmel	FBpp0222603	dsim
OG0000135	FBpp0293179	dmel	FBpp0314725	dsim
OG0000135	FBpp0293181	dmel	FBpp0218175	dsim
OG0000135	FBpp0293181	dmel	FBpp0222602	dsim
OG0000135	FBpp0293181	dmel	FBpp0222603	dsim
OG0000135	FBpp0293181	dmel	FBpp0327945	dsim
OG0000135	FBpp0192276	dsec	FBpp0222602	dsim
OG0000135	FBpp0192276	dsec	FBpp0222603	dsim
OG0000135	FBpp0192276	dsec	FBpp0314725	dsim
OG0000135	FBpp0192276	dsec	FBpp0327945	dsim
OG0000135	FBpp0198818	dsec	FBpp0218175	dsim
OG0000135	FBpp0198818	dsec	FBpp0314725	dsim
OG0000135	FBpp0198818	dsec	FBpp0327945	dsim
OG0000135	FBpp0198819	dsec	FBpp0218175	dsim
OG0000135	FBpp0198819	dsec	FBpp0314725	dsim
OG0000135	FBpp0198819	dsec	FBpp0327945	dsim
OG0000137	FBpp0079986	dmel	FBpp0197753	dsec
OG0000137	FBpp0079986	dmel	FBpp0199715	dsec
OG0000137	FBpp0079986	dmel	FBpp0221245	dsim
OG0000137	FBpp0197753	dsec	FBpp0221245	dsim
OG0000137	FBpp0197753	dsec	FBpp0320353	dsim
OG0000137	FBpp0199715	dsec	FBpp0320353	dsim
OG0000137	FBpp0207475	dsec	FBpp0221245	dsim
OG0000143	FBpp0290223	dmel	FBpp0198705	dsec
OG0000143	FBpp0290223	dmel	FBpp0207055	dsec
OG0000143	FBpp0290224	dmel	FBpp0198705	dsec
OG0000143	FBpp0290224	dmel	FBpp0207055	dsec
OG0000143	FBpp0309225	dmel	FBpp0207055	dsec
OG0000143	FBpp0290223	dmel	FBpp0212992	dsim
OG0000143	FBpp0290223	dmel	FBpp0221974	dsim
OG0000143	FBpp0290224	dmel	FBpp0221974	dsim
OG0000143	FBpp0290224	dmel	FBpp0316106	dsim
OG0000143	FBpp0309225	dmel	FBpp0212992	dsim
OG0000143	FBpp0309225	dmel	FBpp0316106	dsim
OG0000143	FBpp0198705	dsec	FBpp0212992	dsim
OG0000143	FBpp0198705	dsec	FBpp0316106	dsim
OG0000143	FBpp0207055	dsec	FBpp0212992	dsim
OG0000143	FBpp0207055	dsec	FBpp0221974	dsim
OG0000143	FBpp0207055	dsec	FBpp0316106	dsim
OG0000149	FBpp0082969	dmel	FBpp0194376	dsec
OG0000149	FBpp0111645	dmel	FBpp0196756	dsec
OG0000149	FBpp0111646	dmel	FBpp0194376	dsec
OG0000149	FBpp0111646	dmel	FBpp0196756	dsec
OG0000149	FBpp0082969	dmel	FBpp0313176	dsim
OG0000149	FBpp0082969	dmel	FBpp0315708	dsim
OG0000149	FBpp0111645	dmel	FBpp0217605	dsim
OG0000149	FBpp0111645	dmel	FBpp0313176	dsim
OG0000149	FBpp0111646	dmel	FBpp0217605	dsim
OG0000149	FBpp0111646	dmel	FBpp0315708	dsim
OG0000149	FBpp0194376	dsec	FBpp0217605	dsim
OG0000149	FBpp0194376	dsec	FBpp0313176	dsim
OG0000149	FBpp0196756	dsec	FBpp0313176	dsim
OG0000149	FBpp0196756	dsec	FBpp0315708	dsim
OG0000151	FBpp0084196	dmel	FBpp0199306	dsec
OG0000151	FBpp0100074	dmel	FBpp0199308	dsec
OG0000151	FBpp0100074	dmel	FBpp0199310	dsec
OG0000151	FBpp0422605	dmel	FBpp0199306	dsec
OG0000151	FBpp0422605	dmel	FBpp0199307	dsec
OG0000151	FBpp0422605	dmel	FBpp0199308	dsec
OG0000151	FBpp0422605	dmel	FBpp0199310	dsec
OG0000151	FBpp0084196	dmel	FBpp0219599	dsim
OG0000151	FBpp0084196	dmel	FBpp0314674	dsim
OG0000151	FBpp0100074	dmel	FBpp0314674	dsim
OG0000151	FBpp0100074	dmel	FBpp0318035	dsim
OG0000151	FBpp0100074	dmel	FBpp0325293	dsim
OG0000151	FBpp0422605	dmel	FBpp0219599	dsim
OG0000151	FBpp0422605	dmel	FBpp0219601	dsim
OG0000151	FBpp0422605	dmel	FBpp0314674	dsim
OG0000151	FBpp0422605	dmel	FBpp0318035	dsim
OG0000151	FBpp0422605	dmel	FBpp0325293	dsim
OG0000151	FBpp0199306	dsec	FBpp0219601	dsim
OG0000151	FBpp0199306	dsec	FBpp0314674	dsim
OG0000151	FBpp0199306	dsec	FBpp0318035	dsim
OG0000151	FBpp0199306	dsec	FBpp0325293	dsim
OG0000151	FBpp0199307	dsec	FBpp0219599	dsim
OG0000151	FBpp0199307	dsec	FBpp0219601	dsim
OG0000151	FBpp0199307	dsec	FBpp0314674	dsim
OG0000151	FBpp0199307	dsec	FBpp0325293	dsim
OG0000151	FBpp0199308	dsec	FBpp0219599	dsim
OG0000151	FBpp0199308	dsec	FBpp0314674	dsim
OG0000151	FBpp0199308	dsec	FBpp0318035	dsim
OG0000151	FBpp0199308	dsec	FBpp0325293	dsim
OG0000151	FBpp0199310	dsec	FBpp0219599	dsim
OG0000151	FBpp0199310	dsec	FBpp0219601	dsim
OG0000151	FBpp0199310	dsec	FBpp0318035	dsim
OG0000151	FBpp0199310	dsec	FBpp0325293	dsim
OG0000163	FBpp0084061	dmel	FBpp0202908	dsec
OG0000163	FBpp0084061	dmel	FBpp0202918	dsec
OG0000163	FBpp0084061	dmel	FBpp0203971	dsec
OG0000163	FBpp0289395	dmel	FBpp0202908	dsec
OG0000163	FBpp0289395	dmel	FBpp0202918	dsec
OG0000163	FBpp0289395	dmel	FBpp0204958	dsec
OG0000163	FBpp0084061	dmel	FBpp0313133	dsim
OG0000163	FBpp0084061	dmel	FBpp0317917	dsim
OG0000163	FBpp0084061	dmel	FBpp0320743	dsim
OG0000163	FBpp0084061	dmel	FBpp0321611	dsim
OG0000163	FBpp0289395	dmel	FBpp0216690	dsim
OG0000163	FBpp0202908	dsec	FBpp0216690	dsim
OG0000163	FBpp0202908	dsec	FBpp0313133	dsim
OG0000163	FBpp0202908	dsec	FBpp0317917	dsim
OG0000163	FBpp0202908	dsec	FBpp0320743	dsim
OG0000163	FBpp0202908	dsec	FBpp0321611	dsim
OG0000163	FBpp0202918	dsec	FBpp0216690	dsim
OG0000163	FBpp0202918	dsec	FBpp0313133	dsim
OG0000163	FBpp0202918	dsec	FBpp0317917	dsim
OG0000163	FBpp0202918	dsec	FBpp0320743	dsim
OG0000163	FBpp0202918	dsec	FBpp0321611	dsim
OG0000163	FBpp0203971	dsec	FBpp0216690	dsim
OG0000163	FBpp0204958	dsec	FBpp0313133	dsim
OG0000163	FBpp0204958	dsec	FBpp0317917	dsim
OG0000163	FBpp0204958	dsec	FBpp0320743	dsim
OG0000163	FBpp0204958	dsec	FBpp0321611	dsim
OG0000167	FBpp0307635	dmel	FBpp0327225	dsim
OG0000167	FBpp0201582	dsec	FBpp0327225	dsim
OG0000167	FBpp0201583	dsec	FBpp0327225	dsim
OG0000169	FBpp0077274	dmel	FBpp0199887	dsec
OG0000169	FBpp0077275	dmel	FBpp0199887	dsec
OG0000169	FBpp0199887	dsec	FBpp0221624	dsim
OG0000185	FBpp0079253	dmel	FBpp0196854	dsec
OG0000185	FBpp0079253	dmel	FBpp0199736	dsec
OG0000185	FBpp0079253	dmel	FBpp0200767	dsec
OG0000185	FBpp0291992	dmel	FBpp0194619	dsec
OG0000185	FBpp0291992	dmel	FBpp0199736	dsec
OG0000185	FBpp0291992	dmel	FBpp0200767	dsec
OG0000185	FBpp0300177	dmel	FBpp0194619	dsec
OG0000185	FBpp0300177	dmel	FBpp0196854	dsec
OG0000185	FBpp0300177	dmel	FBpp0200767	dsec
OG0000185	FBpp0300178	dmel	FBpp0194619	dsec
OG0000185	FBpp0300178	dmel	FBpp0196854	dsec
OG0000185	FBpp0300178	dmel	FBpp0200767	dsec
OG0000185	FBpp0079253	dmel	FBpp0218645	dsim
OG0000185	FBpp0079253	dmel	FBpp0313271	dsim
OG0000185	FBpp0079253	dmel	FBpp0323029	dsim
OG0000185	FBpp0079253	dmel	FBpp0325381	dsim
OG0000185	FBpp0291992	dmel	FBpp0313271	dsim
OG0000185	FBpp0291992	dmel	FBpp0315589	dsim
OG0000185	FBpp0291992	dmel	FBpp0323029	dsim
OG0000185	FBpp0291992	dmel	FBpp0325381	dsim
OG0000185	FBpp0300177	dmel	FBpp0218645	dsim
OG0000185	FBpp0300177	dmel	FBpp0313271	dsim
OG0000185	FBpp0300177	dmel	FBpp0315589	dsim
OG0000185	FBpp0300178	dmel	FBpp0218645	dsim
OG0000185	FBpp0300178	dmel	FBpp0313271	dsim
OG0000185	FBpp0300178	dmel	FBpp0315589	dsim
OG0000185	FBpp0300178	dmel	FBpp0325381	dsim
OG0000185	FBpp0194619	dsec	FBpp0218645	dsim
OG0000185	FBpp0194619	dsec	FBpp0313271	dsim
OG0000185	FBpp0194619	dsec	FBpp0323029	dsim
OG0000185	FBpp0194619	dsec	FBpp0325381	dsim
OG0000185	FBpp0196854	dsec	FBpp0313271	dsim
OG0000185	FBpp0196854	dsec	FBpp0315589	dsim
OG0000185	FBpp0196854	dsec	FBpp0323029	dsim
OG0000185	FBpp0196854	dsec	FBpp0325381	dsim
OG0000185	FBpp0199736	dsec	FBpp0218645	dsim
OG0000185	FBpp0199736	dsec	FBpp0313271	dsim
OG0000185	FBpp0199736	dsec	FBpp0315589	dsim
OG0000185	FBpp0200767	dsec	FBpp0218645	dsim
OG0000185	FBpp0200767	dsec	FBpp0315589	dsim
OG0000185	FBpp0200767	dsec	FBpp0323029	dsim
OG0000185	FBpp0200767	dsec	FBpp0325381	dsim
OG0000187	FBpp0084234	dmel	FBpp0199207	dsec
OG0000187	FBpp0288491	dmel	FBpp0199206	dsec
OG0000187	FBpp0084234	dmel	FBpp0216614	dsim
OG0000187	FBpp0084234	dmel	FBpp0322895	dsim
OG0000187	FBpp0288491	dmel	FBpp0216614	dsim
OG0000187	FBpp0288491	dmel	FBpp0320798	dsim
OG0000187	FBpp0288491	dmel	FBpp0322895	dsim
OG0000187	FBpp0199206	dsec	FBpp0216614	dsim
OG0000187	FBpp0199206	dsec	FBpp0322895	dsim
OG0000187	FBpp0199207	dsec	FBpp0216614	dsim
OG0000187	FBpp0199207	dsec	FBpp0320798	dsim
OG0000187	FBpp0199207	dsec	FBpp0322895	dsim
OG0000194	FBpp0071296	dmel	FBpp0191798	dsec
OG0000194	FBpp0071296	dmel	FBpp0192853	dsec
OG0000194	FBpp0084383	dmel	FBpp0192853	dsec
OG0000194	FBpp0084383	dmel	FBpp0192854	dsec
OG0000194	FBpp0071296	dmel	FBpp0219684	dsim
OG0000194	FBpp0084383	dmel	FBpp0326509	dsim
OG0000194	FBpp0191798	dsec	FBpp0326509	dsim
OG0000194	FBpp0192853	dsec	FBpp0219684	dsim
OG0000194	FBpp0192853	dsec	FBpp0326509	dsim
OG0000194	FBpp0192854	dsec	FBpp0219684	dsim
OG0000195	FBpp0076699	dmel	FBpp0192548	dsec
OG0000195	FBpp0076699	dmel	FBpp0196237	dsec
OG0000195	FBpp0076699	dmel	FBpp0201155	dsec
OG0000195	FBpp0076700	dmel	FBpp0192548	dsec
OG0000195	FBpp0076700	dmel	FBpp0196236	dsec
OG0000195	FBpp0076700	dmel	FBpp0201155	dsec
OG0000195	FBpp0076699	dmel	FBpp0212341	dsim
OG0000195	FBpp0076700	dmel	FBpp0212340	dsim
OG0000195	FBpp0192548	dsec	FBpp0212340	dsim
OG0000195	FBpp0192548	dsec	FBpp0212341	dsim
OG0000195	FBpp0196237	dsec	FBpp0212340	dsim
OG0000195	FBpp0201155	dsec	FBpp0212340	dsim
OG0000195	FBpp0201155	dsec	FBpp0212341	dsim
OG0000197	FBpp0085931	dmel	FBpp0209751	dsim
OG0000197	FBpp0085931	dmel	FBpp0327839	dsim
OG0000197	FBpp0312614	dmel	FBpp0209751	dsim
OG0000197	FBpp0312614	dmel	FBpp0209752	dsim
OG0000197	FBpp0312614	dmel	FBpp0327839	dsim
OG0000197	FBpp0203332	dsec	FBpp0209751	dsim
OG0000197	FBpp0203332	dsec	FBpp0327839	dsim
OG0000213	FBpp0071243	dmel	FBpp0193138	dsec
OG0000213	FBpp0071243	dmel	FBpp0205273	dsec
OG0000213	FBpp0310736	dmel	FBpp0193138	dsec
OG0000213	FBpp0310744	dmel	FBpp0193138	dsec
OG0000213	FBpp0071243	dmel	FBpp0313288	dsim
OG0000213	FBpp0071243	dmel	FBpp0313973	dsim
OG0000213	FBpp0310736	dmel	FBpp0215342	dsim
OG0000213	FBpp0310736	dmel	FBpp0313973	dsim
OG0000213	FBpp0310744	dmel	FBpp0215342	dsim
OG0000213	FBpp0310744	dmel	FBpp0313288	dsim
OG0000213	FBpp0193138	dsec	FBpp0215342	dsim
OG0000213	FBpp0193138	dsec	FBpp0313288	dsim
OG0000213	FBpp0193138	dsec	FBpp0313973	dsim
OG0000213	FBpp0205273	dsec	FBpp0215342	dsim
OG0000217	FBpp0084646	dmel	FBpp0197853	dsec
OG0000217	FBpp0084646	dmel	FBpp0219771	dsim
OG0000217	FBpp0084646	dmel	FBpp0318465	dsim
OG0000217	FBpp0084647	dmel	FBpp0318465	dsim
OG0000217	FBpp0197852	dsec	FBpp0219771	dsim
OG0000217	FBpp0197852	dsec	FBpp0318465	dsim
OG0000217	FBpp0197853	dsec	FBpp0219770	dsim
OG0000217	FBpp0197853	dsec	FBpp0318465	dsim
OG0000223	FBpp0071595	dmel	FBpp0202557	dsec
OG0000223	FBpp0071595	dmel	FBpp0202943	dsec
OG0000223	FBpp0086780	dmel	FBpp0197172	dsec
OG0000223	FBpp0086780	dmel	FBpp0202557	dsec
OG0000223	FBpp0086780	dmel	FBpp0202943	dsec
OG0000223	FBpp0086782	dmel	FBpp0197172	dsec
OG0000223	FBpp0086782	dmel	FBpp0202557	dsec
OG0000223	FBpp0428453	dmel	FBpp0197172	dsec
OG0000223	FBpp0428453	dmel	FBpp0202943	dsec
OG0000223	FBpp0071595	dmel	FBpp0209017	dsim
OG0000223	FBpp0071595	dmel	FBpp0209367	dsim
OG0000223	FBpp0086780	dmel	FBpp0209017	dsim
OG0000223	FBpp0086780	dmel	FBpp0209367	dsim
OG0000223	FBpp0086780	dmel	FBpp0223576	dsim
OG0000223	FBpp0086782	dmel	FBpp0209017	dsim
OG0000223	FBpp0086782	dmel	FBpp0223576	dsim
OG0000223	FBpp0428453	dmel	FBpp0209367	dsim
OG0000223	FBpp0428453	dmel	FBpp0223576	dsim
OG0000223	FBpp0197172	dsec	FBpp0209017	dsim
OG0000223	FBpp0197172	dsec	FBpp0209367	dsim
OG0000223	FBpp0202557	dsec	FBpp0209367	dsim
OG0000223	FBpp0202557	dsec	FBpp0223576	dsim
OG0000223	FBpp0202943	dsec	FBpp0209017	dsim
OG0000223	FBpp0202943	dsec	FBpp0223576	dsim
OG0000225	FBpp0111438	dmel	FBpp0195073	dsec
OG0000225	FBpp0111438	dmel	FBpp0204058	dsec
OG0000225	FBpp0302543	dmel	FBpp0195073	dsec
OG0000225	FBpp0428094	dmel	FBpp0195073	dsec
OG0000225	FBpp0111438	dmel	FBpp0215643	dsim
OG0000225	FBpp0111438	dmel	FBpp0312901	dsim
OG0000225	FBpp0302543	dmel	FBpp0215643	dsim
OG0000225	FBpp0302543	dmel	FBpp0322196	dsim
OG0000225	FBpp0428094	dmel	FBpp0312901	dsim
OG0000225	FBpp0428094	dmel	FBpp0322196	dsim
OG0000225	FBpp0195073	dsec	FBpp0215643	dsim
OG0000225	FBpp0195073	dsec	FBpp0312901	dsim
OG0000225	FBpp0195073	dsec	FBpp0322196	dsim
OG0000225	FBpp0204058	dsec	FBpp0322196	dsim
OG0000227	FBpp0100168	dmel	FBpp0192857	dsec
OG0000227	FBpp0100168	dmel	FBpp0192868	dsec
OG0000227	FBpp0100168	dmel	FBpp0220623	dsim
OG0000227	FBpp0100169	dmel	FBpp0220622	dsim
OG0000227	FBpp0192857	dsec	FBpp0220622	dsim
OG0000227	FBpp0192868	dsec	FBpp0220622	dsim
OG0000229	FBpp0082113	dmel	FBpp0195084	dsec
OG0000229	FBpp0082113	dmel	FBpp0205526	dsec
OG0000229	FBpp0082113	dmel	FBpp0205527	dsec
OG0000229	FBpp0082113	dmel	FBpp0205528	dsec
OG0000229	FBpp0082113	dmel	FBpp0205529	dsec
OG0000229	FBpp0110078	dmel	FBpp0195084	dsec
OG0000229	FBpp0110078	dmel	FBpp0205524	dsec
OG0000229	FBpp0110078	dmel	FBpp0205528	dsec
OG0000229	FBpp0110078	dmel	FBpp0205529	dsec
OG0000229	FBpp0292848	dmel	FBpp0195084	dsec
OG0000229	FBpp0292848	dmel	FBpp0205524	dsec
OG0000229	FBpp0292848	dmel	FBpp0205526	dsec
OG0000229	FBpp0292849	dmel	FBpp0195084	dsec
OG0000229	FBpp0292849	dmel	FBpp0205524	dsec
OG0000229	FBpp0292849	dmel	FBpp0205526	dsec
OG0000229	FBpp0292849	dmel	FBpp0205527	dsec
OG0000229	FBpp0292849	dmel	FBpp0205528	dsec
OG0000229	FBpp0082113	dmel	FBpp0217250	dsim
OG0000229	FBpp0082113	dmel	FBpp0318438	dsim
OG0000229	FBpp0082113	dmel	FBpp0325900	dsim
OG0000229	FBpp0110078	dmel	FBpp0318438	dsim
OG0000229	FBpp0292848	dmel	FBpp0217249	dsim
OG0000229	FBpp0292848	dmel	FBpp0217250	dsim
OG0000229	FBpp0292849	dmel	FBpp0217249	dsim
OG0000229	FBpp0292849	dmel	FBpp0217250	dsim
OG0000229	FBpp0292849	dmel	FBpp0325900	dsim
OG0000229	FBpp0195084	dsec	FBpp0217249	dsim
OG0000229	FBpp0195084	dsec	FBpp0217250	dsim
OG0000229	FBpp0195084	dsec	FBpp0318438	dsim
OG0000229	FBpp0195084	dsec	FBpp0325900	dsim
OG0000229	FBpp0205524	dsec	FBpp0217250	dsim
OG0000229	FBpp0205524	dsec	FBpp0318438	dsim
OG0000229	FBpp0205524	dsec	FBpp0325900	dsim
OG0000229	FBpp0205526	dsec	FBpp0318438	dsim
OG0000229	FBpp0205526	dsec	FBpp0325900	dsim
OG0000229	FBpp0205527	dsec	FBpp0217249	dsim
OG0000229	FBpp0205527	dsec	FBpp0318438	dsim
OG0000229	FBpp0205528	dsec	FBpp0217249	dsim
OG0000229	FBpp0205528	dsec	FBpp0217250	dsim
OG0000229	FBpp0205529	dsec	FBpp0217249	dsim
OG0000229	FBpp0205529	dsec	FBpp0217250	dsim
OG0000229	FBpp0205529	dsec	FBpp0325900	dsim
OG0000234	FBpp0075125	dmel	FBpp0205896	dsec
OG0000234	FBpp0075192	dmel	FBpp0207091	dsec
OG0000234	FBpp0075125	dmel	FBpp0210892	dsim
OG0000234	FBpp0075192	dmel	FBpp0210892	dsim
OG0000234	FBpp0205896	dsec	FBpp0210892	dsim
OG0000234	FBpp0207091	dsec	FBpp0210892	dsim
OG0000236	FBpp0076949	dmel	FBpp0197566	dsec
OG0000236	FBpp0076949	dmel	FBpp0204692	dsec
OG0000236	FBpp0088641	dmel	FBpp0204113	dsec
OG0000236	FBpp0088641	dmel	FBpp0204692	dsec
OG0000236	FBpp0112618	dmel	FBpp0197566	dsec
OG0000236	FBpp0112618	dmel	FBpp0204113	dsec
OG0000236	FBpp0112618	dmel	FBpp0204692	dsec
OG0000236	FBpp0076949	dmel	FBpp0316652	dsim
OG0000236	FBpp0088641	dmel	FBpp0222836	dsim
OG0000236	FBpp0112618	dmel	FBpp0222836	dsim
OG0000236	FBpp0112618	dmel	FBpp0316652	dsim
OG0000236	FBpp0197566	dsec	FBpp0222836	dsim
OG0000236	FBpp0204113	dsec	FBpp0316652	dsim
OG0000236	FBpp0204692	dsec	FBpp0222836	dsim
OG0000236	FBpp0204692	dsec	FBpp0316652	dsim
OG0000239	FBpp0083982	dmel	FBpp0208056	dsec
OG0000239	FBpp0083982	dmel	FBpp0208058	dsec
OG0000239	FBpp0083983	dmel	FBpp0208056	dsec
OG0000239	FBpp0083982	dmel	FBpp0321408	dsim
OG0000239	FBpp0208056	dsec	FBpp0219484	dsim
OG0000239	FBpp0208056	dsec	FBpp0321408	dsim
OG0000239	FBpp0208058	dsec	FBpp0219484	dsim
OG0000250	FBpp0309770	dmel	FBpp0198333	dsec
OG0000250	FBpp0309770	dmel	FBpp0203548	dsec
OG0000250	FBpp0309770	dmel	FBpp0204114	dsec
OG0000250	FBpp0309770	dmel	FBpp0204545	dsec
OG0000250	FBpp0309770	dmel	FBpp0324241	dsim
OG0000250	FBpp0198333	dsec	FBpp0327174	dsim
OG0000250	FBpp0203548	dsec	FBpp0327174	dsim
OG0000250	FBpp0204114	dsec	FBpp0324241	dsim
OG0000250	FBpp0204542	dsec	FBpp0324241	dsim
OG0000250	FBpp0204543	dsec	FBpp0324241	dsim
OG0000250	FBpp0204544	dsec	FBpp0324241	dsim
OG0000250	FBpp0204545	dsec	FBpp0324241	dsim
OG0000256	FBpp0075461	dmel	FBpp0198337	dsec
OG0000256	FBpp0075461	dmel	FBpp0201272	dsec
OG0000256	FBpp0085615	dmel	FBpp0198337	dsec
OG0000256	FBpp0085615	dmel	FBpp0206945	dsec
OG0000256	FBpp0075461	dmel	FBpp0323033	dsim
OG0000256	FBpp0085615	dmel	FBpp0212893	dsim
OG0000256	FBpp0198337	dsec	FBpp0212893	dsim
OG0000256	FBpp0198337	dsec	FBpp0323033	dsim
OG0000256	FBpp0201272	dsec	FBpp0212893	dsim
OG0000256	FBpp0206945	dsec	FBpp0323033	dsim
OG0000260	FBpp0082229	dmel	FBpp0207417	dsec
OG0000260	FBpp0310800	dmel	FBpp0205584	dsec
OG0000260	FBpp0310800	dmel	FBpp0207417	dsec
OG0000260	FBpp0082224	dmel	FBpp0318454	dsim
OG0000260	FBpp0082229	dmel	FBpp0217309	dsim
OG0000260	FBpp0082229	dmel	FBpp0318454	dsim
OG0000260	FBpp0310800	dmel	FBpp0217309	dsim
OG0000260	FBpp0310800	dmel	FBpp0218903	dsim
OG0000260	FBpp0310800	dmel	FBpp0318454	dsim
OG0000260	FBpp0205584	dsec	FBpp0318454	dsim
OG0000260	FBpp0207417	dsec	FBpp0217309	dsim
OG0000260	FBpp0207417	dsec	FBpp0318454	dsim
OG0000263	FBpp0428427	dmel	FBpp0204978	dsec
OG0000263	FBpp0204978	dsec	FBpp0326665	dsim
OG0000267	FBpp0073670	dmel	FBpp0198260	dsec
OG0000267	FBpp0111393	dmel	FBpp0198260	dsec
OG0000267	FBpp0111393	dmel	FBpp0199067	dsec
OG0000267	FBpp0073670	dmel	FBpp0325762	dsim
OG0000267	FBpp0111393	dmel	FBpp0319861	dsim
OG0000267	FBpp0111393	dmel	FBpp0325762	dsim
OG0000267	FBpp0198260	dsec	FBpp0319861	dsim
OG0000267	FBpp0199067	dsec	FBpp0325762	dsim
OG0000270	FBpp0080224	dmel	FBpp0196194	dsec
OG0000270	FBpp0080224	dmel	FBpp0200146	dsec
OG0000270	FBpp0080253	dmel	FBpp0196194	dsec
OG0000270	FBpp0080253	dmel	FBpp0197187	dsec
OG0000270	FBpp0080253	dmel	FBpp0200146	dsec
OG0000270	FBpp0080393	dmel	FBpp0196194	dsec
OG0000270	FBpp0080393	dmel	FBpp0197187	dsec
OG0000270	FBpp0290954	dmel	FBpp0197187	dsec
OG0000270	FBpp0290954	dmel	FBpp0200146	dsec
OG0000270	FBpp0080224	dmel	FBpp0220395	dsim
OG0000270	FBpp0080224	dmel	FBpp0222456	dsim
OG0000270	FBpp0080253	dmel	FBpp0220395	dsim
OG0000270	FBpp0080253	dmel	FBpp0222374	dsim
OG0000270	FBpp0080253	dmel	FBpp0222456	dsim
OG0000270	FBpp0080393	dmel	FBpp0220395	dsim
OG0000270	FBpp0080393	dmel	FBpp0222374	dsim
OG0000270	FBpp0290954	dmel	FBpp0222374	dsim
OG0000270	FBpp0290954	dmel	FBpp0222456	dsim
OG0000270	FBpp0196194	dsec	FBpp0222374	dsim
OG0000270	FBpp0196194	dsec	FBpp0222456	dsim
OG0000270	FBpp0197187	dsec	FBpp0220395	dsim
OG0000270	FBpp0197187	dsec	FBpp0222456	dsim
OG0000270	FBpp0200146	dsec	FBpp0220395	dsim
OG0000270	FBpp0200146	dsec	FBpp0222374	dsim
OG0000275	FBpp0084666	dmel	FBpp0192208	dsec
OG0000275	FBpp0112410	dmel	FBpp0192208	dsec
OG0000275	FBpp0112410	dmel	FBpp0197773	dsec
OG0000275	FBpp0084666	dmel	FBpp0318337	dsim
OG0000275	FBpp0084666	dmel	FBpp0319373	dsim
OG0000275	FBpp0112410	dmel	FBpp0318337	dsim
OG0000275	FBpp0112410	dmel	FBpp0319373	dsim
OG0000275	FBpp0112410	dmel	FBpp0324462	dsim
OG0000275	FBpp0192208	dsec	FBpp0324462	dsim
OG0000275	FBpp0197773	dsec	FBpp0318337	dsim
OG0000275	FBpp0197773	dsec	FBpp0319373	dsim
OG0000276	FBpp0091011	dmel	FBpp0207842	dsec
OG0000276	FBpp0091039	dmel	FBpp0207609	dsec
OG0000276	FBpp0091011	dmel	FBpp0219290	dsim
OG0000276	FBpp0091011	dmel	FBpp0222172	dsim
OG0000276	FBpp0091039	dmel	FBpp0213514	dsim
OG0000276	FBpp0091039	dmel	FBpp0222172	dsim
OG0000276	FBpp0207609	dsec	FBpp0219290	dsim
OG0000276	FBpp0207609	dsec	FBpp0222172	dsim
OG0000276	FBpp0207842	dsec	FBpp0213514	dsim
OG0000276	FBpp0207842	dsec	FBpp0222172	dsim
OG0000284	FBpp0075095	dmel	FBpp0191696	dsec
OG0000284	FBpp0075095	dmel	FBpp0191697	dsec
OG0000284	FBpp0075095	dmel	FBpp0191698	dsec
OG0000284	FBpp0084295	dmel	FBpp0191696	dsec
OG0000284	FBpp0084295	dmel	FBpp0191697	dsec
OG0000284	FBpp0084295	dmel	FBpp0191698	dsec
OG0000284	FBpp0084295	dmel	FBpp0207143	dsec
OG0000284	FBpp0084296	dmel	FBpp0191698	dsec
OG0000284	FBpp0084296	dmel	FBpp0207143	dsec
OG0000284	FBpp0288643	dmel	FBpp0191696	dsec
OG0000284	FBpp0288643	dmel	FBpp0191697	dsec
OG0000284	FBpp0288643	dmel	FBpp0191698	dsec
OG0000284	FBpp0288643	dmel	FBpp0207143	dsec
OG0000284	FBpp0075095	dmel	FBpp0216572	dsim
OG0000284	FBpp0075095	dmel	FBpp0216573	dsim
OG0000284	FBpp0084295	dmel	FBpp0213075	dsim
OG0000284	FBpp0084295	dmel	FBpp0216572	dsim
OG0000284	FBpp0084295	dmel	FBpp0216573	dsim
OG0000284	FBpp0084296	dmel	FBpp0213075	dsim
OG0000284	FBpp0288643	dmel	FBpp0213075	dsim
OG0000284	FBpp0288643	dmel	FBpp0216572	dsim
OG0000284	FBpp0288643	dmel	FBpp0216573	dsim
OG0000284	FBpp0191696	dsec	FBpp0213075	dsim
OG0000284	FBpp0191696	dsec	FBpp0216573	dsim
OG0000284	FBpp0191697	dsec	FBpp0213075	dsim
OG0000284	FBpp0191697	dsec	FBpp0216572	dsim
OG0000284	FBpp0191698	dsec	FBpp0213075	dsim
OG0000284	FBpp0191698	dsec	FBpp0216573	dsim
OG0000284	FBpp0207143	dsec	FBpp0216572	dsim
OG0000284	FBpp0207143	dsec	FBpp0216573	dsim
OG0000285	FBpp0112298	dmel	FBpp0199329	dsec
OG0000285	FBpp0290685	dmel	FBpp0191700	dsec
OG0000285	FBpp0290685	dmel	FBpp0191702	dsec
OG0000285	FBpp0290685	dmel	FBpp0199329	dsec
OG0000285	FBpp0112298	dmel	FBpp0313509	dsim
OG0000285	FBpp0191700	dsec	FBpp0313509	dsim
OG0000285	FBpp0191702	dsec	FBpp0313509	dsim
OG0000285	FBpp0199329	dsec	FBpp0313509	dsim
OG0000285	FBpp0199329	dsec	FBpp0325713	dsim
OG0000290	FBpp0071364	dmel	FBpp0200301	dsec
OG0000290	FBpp0071364	dmel	FBpp0200303	dsec
OG0000290	FBpp0307845	dmel	FBpp0200301	dsec
OG0000290	FBpp0307845	dmel	FBpp0200303	dsec
OG0000290	FBpp0307845	dmel	FBpp0313951	dsim
OG0000290	FBpp0200301	dsec	FBpp0313736	dsim
OG0000290	FBpp0200301	dsec	FBpp0313951	dsim
OG0000290	FBpp0200303	dsec	FBpp0313736	dsim
OG0000290	FBpp0200303	dsec	FBpp0313951	dsim
OG0000295	FBpp0076691	dmel	FBpp0200222	dsec
OG0000295	FBpp0076691	dmel	FBpp0204567	dsec
OG0000295	FBpp0076691	dmel	FBpp0206603	dsec
OG0000295	FBpp0303373	dmel	FBpp0196270	dsec
OG0000295	FBpp0303373	dmel	FBpp0200222	dsec
OG0000295	FBpp0303373	dmel	FBpp0204567	dsec
OG0000295	FBpp0076691	dmel	FBpp0212564	dsim
OG0000295	FBpp0303373	dmel	FBpp0212367	dsim
OG0000295	FBpp0196270	dsec	FBpp0212564	dsim
OG0000295	FBpp0200222	dsec	FBpp0212367	dsim
OG0000295	FBpp0200222	dsec	FBpp0212564	dsim
OG0000295	FBpp0204567	dsec	FBpp0212367	dsim
OG0000295	FBpp0204567	dsec	FBpp0212564	dsim
OG0000295	FBpp0206603	dsec	FBpp0212367	dsim
OG0000296	FBpp0308250	dmel	FBpp0201797	dsec
OG0000296	FBpp0308250	dmel	FBpp0202913	dsec
OG0000296	FBpp0086905	dmel	FBpp0317238	dsim
OG0000296	FBpp0308250	dmel	FBpp0209336	dsim
OG0000296	FBpp0201797	dsec	FBpp0317238	dsim
OG0000296	FBpp0202913	dsec	FBpp0317238	dsim
OG0000303	FBpp0072547	dmel	FBpp0194660	dsec
OG0000303	FBpp0072547	dmel	FBpp0194661	dsec
OG0000303	FBpp0072547	dmel	FBpp0194662	dsec
OG0000303	FBpp0072547	dmel	FBpp0195868	dsec
OG0000303	FBpp0099861	dmel	FBpp0194660	dsec
OG0000303	FBpp0099861	dmel	FBpp0194661	dsec
OG0000303	FBpp0099861	dmel	FBpp0194662	dsec
OG0000303	FBpp0099861	dmel	FBpp0195866	dsec
OG0000303	FBpp0072547	dmel	FBpp0212001	dsim
OG0000303	FBpp0099861	dmel	FBpp0212000	dsim
OG0000303	FBpp0194660	dsec	FBpp0212000	dsim
OG0000303	FBpp0194660	dsec	FBpp0212001	dsim
OG0000303	FBpp0194661	dsec	FBpp0212000	dsim
OG0000303	FBpp0194661	dsec	FBpp0212001	dsim
OG0000303	FBpp0194662	dsec	FBpp0212000	dsim
OG0000303	FBpp0194662	dsec	FBpp0212001	dsim
OG0000303	FBpp0195866	dsec	FBpp0212001	dsim
OG0000303	FBpp0195868	dsec	FBpp0212000	dsim
OG0000307	FBpp0085613	dmel	FBpp0203199	dsec
OG0000307	FBpp0086175	dmel	FBpp0201270	dsec
OG0000307	FBpp0085613	dmel	FBpp0323787	dsim
OG0000307	FBpp0085613	dmel	FBpp0325978	dsim
OG0000307	FBpp0086175	dmel	FBpp0223687	dsim
OG0000307	FBpp0086175	dmel	FBpp0325978	dsim
OG0000307	FBpp0201270	dsec	FBpp0323787	dsim
OG0000307	FBpp0201270	dsec	FBpp0325978	dsim
OG0000307	FBpp0203199	dsec	FBpp0223687	dsim
OG0000307	FBpp0203199	dsec	FBpp0325978	dsim
OG0000310	FBpp0087354	dmel	FBpp0202001	dsec
OG0000310	FBpp0087354	dmel	FBpp0202693	dsec
OG0000310	FBpp0087356	dmel	FBpp0202690	dsec
OG0000310	FBpp0087406	dmel	FBpp0202690	dsec
OG0000310	FBpp0087406	dmel	FBpp0202693	dsec
OG0000310	FBpp0087354	dmel	FBpp0315805	dsim
OG0000310	FBpp0087354	dmel	FBpp0323692	dsim
OG0000310	FBpp0087356	dmel	FBpp0323692	dsim
OG0000310	FBpp0087406	dmel	FBpp0323692	dsim
OG0000310	FBpp0202001	dsec	FBpp0323692	dsim
OG0000310	FBpp0202690	dsec	FBpp0315805	dsim
OG0000310	FBpp0202690	dsec	FBpp0323692	dsim
OG0000310	FBpp0202693	dsec	FBpp0323692	dsim
OG0000313	FBpp0085846	dmel	FBpp0203349	dsec
OG0000313	FBpp0085848	dmel	FBpp0203349	dsec
OG0000313	FBpp0085906	dmel	FBpp0203349	dsec
OG0000313	FBpp0085846	dmel	FBpp0223797	dsim
OG0000313	FBpp0085848	dmel	FBpp0209768	dsim
OG0000313	FBpp0085906	dmel	FBpp0209768	dsim
OG0000313	FBpp0203349	dsec	FBpp0209768	dsim
OG0000313	FBpp0203349	dsec	FBpp0223797	dsim
OG0000314	FBpp0071633	dmel	FBpp0197119	dsec
OG0000314	FBpp0071633	dmel	FBpp0197399	dsec
OG0000314	FBpp0071633	dmel	FBpp0197407	dsec
OG0000314	FBpp0071633	dmel	FBpp0204761	dsec
OG0000314	FBpp0071633	dmel	FBpp0204775	dsec
OG0000314	FBpp0071764	dmel	FBpp0197119	dsec
OG0000314	FBpp0071764	dmel	FBpp0197342	dsec
OG0000314	FBpp0071764	dmel	FBpp0197407	dsec
OG0000314	FBpp0071764	dmel	FBpp0204761	dsec
OG0000314	FBpp0071764	dmel	FBpp0204775	dsec
OG0000314	FBpp0071772	dmel	FBpp0197119	dsec
OG0000314	FBpp0071772	dmel	FBpp0197342	dsec
OG0000314	FBpp0071772	dmel	FBpp0197399	dsec
OG0000314	FBpp0071772	dmel	FBpp0204761	dsec
OG0000314	FBpp0071772	dmel	FBpp0204775	dsec
OG0000314	FBpp0298043	dmel	FBpp0197342	dsec
OG0000314	FBpp0298043	dmel	FBpp0197399	dsec
OG0000314	FBpp0298043	dmel	FBpp0197407	dsec
OG0000314	FBpp0298043	dmel	FBpp0204761	dsec
OG0000314	FBpp0298043	dmel	FBpp0204775	dsec
OG0000314	FBpp0071633	dmel	FBpp0223533	dsim
OG0000314	FBpp0071633	dmel	FBpp0316686	dsim
OG0000314	FBpp0071633	dmel	FBpp0324121	dsim
OG0000314	FBpp0071633	dmel	FBpp0326358	dsim
OG0000314	FBpp0071764	dmel	FBpp0210028	dsim
OG0000314	FBpp0071764	dmel	FBpp0223533	dsim
OG0000314	FBpp0071764	dmel	FBpp0316686	dsim
OG0000314	FBpp0071764	dmel	FBpp0324121	dsim
OG0000314	FBpp0071772	dmel	FBpp0210028	dsim
OG0000314	FBpp0071772	dmel	FBpp0223533	dsim
OG0000314	FBpp0071772	dmel	FBpp0324121	dsim
OG0000314	FBpp0071772	dmel	FBpp0326358	dsim
OG0000314	FBpp0298043	dmel	FBpp0210028	dsim
OG0000314	FBpp0298043	dmel	FBpp0316686	dsim
OG0000314	FBpp0298043	dmel	FBpp0324121	dsim
OG0000314	FBpp0298043	dmel	FBpp0326358	dsim
OG0000314	FBpp0197119	dsec	FBpp0210028	dsim
OG0000314	FBpp0197119	dsec	FBpp0316686	dsim
OG0000314	FBpp0197119	dsec	FBpp0324121	dsim
OG0000314	FBpp0197119	dsec	FBpp0326358	dsim
OG0000314	FBpp0197342	dsec	FBpp0223533	dsim
OG0000314	FBpp0197342	dsec	FBpp0316686	dsim
OG0000314	FBpp0197342	dsec	FBpp0324121	dsim
OG0000314	FBpp0197342	dsec	FBpp0326358	dsim
OG0000314	FBpp0197399	dsec	FBpp0210028	dsim
OG0000314	FBpp0197399	dsec	FBpp0223533	dsim
OG0000314	FBpp0197399	dsec	FBpp0316686	dsim
OG0000314	FBpp0197399	dsec	FBpp0324121	dsim
OG0000314	FBpp0197407	dsec	FBpp0210028	dsim
OG0000314	FBpp0197407	dsec	FBpp0223533	dsim
OG0000314	FBpp0197407	dsec	FBpp0324121	dsim
OG0000314	FBpp0197407	dsec	FBpp0326358	dsim
OG0000314	FBpp0204761	dsec	FBpp0210028	dsim
OG0000314	FBpp0204761	dsec	FBpp0223533	dsim
OG0000314	FBpp0204761	dsec	FBpp0316686	dsim
OG0000314	FBpp0204761	dsec	FBpp0326358	dsim
OG0000314	FBpp0204775	dsec	FBpp0210028	dsim
OG0000314	FBpp0204775	dsec	FBpp0223533	dsim
OG0000314	FBpp0204775	dsec	FBpp0316686	dsim
OG0000314	FBpp0204775	dsec	FBpp0326358	dsim
OG0000323	FBpp0072636	dmel	FBpp0195905	dsec
OG0000323	FBpp0072636	dmel	FBpp0207154	dsec
OG0000323	FBpp0111773	dmel	FBpp0195905	dsec
OG0000323	FBpp0072636	dmel	FBpp0314429	dsim
OG0000323	FBpp0072636	dmel	FBpp0325099	dsim
OG0000323	FBpp0111773	dmel	FBpp0325099	dsim
OG0000323	FBpp0195905	dsec	FBpp0314429	dsim
OG0000323	FBpp0207154	dsec	FBpp0325099	dsim
OG0000324	FBpp0292391	dmel	FBpp0198699	dsec
OG0000324	FBpp0292391	dmel	FBpp0198702	dsec
OG0000324	FBpp0303008	dmel	FBpp0198702	dsec
OG0000324	FBpp0292391	dmel	FBpp0320443	dsim
OG0000324	FBpp0292391	dmel	FBpp0324922	dsim
OG0000324	FBpp0303008	dmel	FBpp0320443	dsim
OG0000324	FBpp0198702	dsec	FBpp0324922	dsim
OG0000337	FBpp0085145	dmel	FBpp0197581	dsec
OG0000337	FBpp0085145	dmel	FBpp0200714	dsec
OG0000337	FBpp0304140	dmel	FBpp0194416	dsec
OG0000337	FBpp0304140	dmel	FBpp0197581	dsec
OG0000337	FBpp0085145	dmel	FBpp0325112	dsim
OG0000337	FBpp0304140	dmel	FBpp0219976	dsim
OG0000337	FBpp0194416	dsec	FBpp0325112	dsim
OG0000337	FBpp0197581	dsec	FBpp0219976	dsim
OG0000337	FBpp0197581	dsec	FBpp0325112	dsim
OG0000337	FBpp0200714	dsec	FBpp0219976	dsim
OG0000342	FBpp0302588	dmel	FBpp0200200	dsec
OG0000342	FBpp0302588	dmel	FBpp0200201	dsec
OG0000342	FBpp0200200	dsec	FBpp0315398	dsim
OG0000342	FBpp0200201	dsec	FBpp0315398	dsim
OG0000345	FBpp0196353	dsec	FBpp0318731	dsim
OG0000345	FBpp0196354	dsec	FBpp0318731	dsim
OG0000345	FBpp0196355	dsec	FBpp0318376	dsim
OG0000345	FBpp0196356	dsec	FBpp0318376	dsim
OG0000345	FBpp0196356	dsec	FBpp0318731	dsim
OG0000348	FBpp0296983	dmel	FBpp0203265	dsec
OG0000348	FBpp0203265	dsec	FBpp0209678	dsim
OG0000378	FBpp0079525	dmel	FBpp0192336	dsec
OG0000378	FBpp0079525	dmel	FBpp0192337	dsec
OG0000378	FBpp0079525	dmel	FBpp0201285	dsec
OG0000378	FBpp0079525	dmel	FBpp0201286	dsec
OG0000378	FBpp0085633	dmel	FBpp0192336	dsec
OG0000378	FBpp0085633	dmel	FBpp0192337	dsec
OG0000378	FBpp0085633	dmel	FBpp0199371	dsec
OG0000378	FBpp0085633	dmel	FBpp0201285	dsec
OG0000378	FBpp0079525	dmel	FBpp0218244	dsim
OG0000378	FBpp0079525	dmel	FBpp0223705	dsim
OG0000378	FBpp0085633	dmel	FBpp0218244	dsim
OG0000378	FBpp0085633	dmel	FBpp0321316	dsim
OG0000378	FBpp0192336	dsec	FBpp0223705	dsim
OG0000378	FBpp0192336	dsec	FBpp0321316	dsim
OG0000378	FBpp0192337	dsec	FBpp0223705	dsim
OG0000378	FBpp0192337	dsec	FBpp0321316	dsim
OG0000378	FBpp0199371	dsec	FBpp0218244	dsim
OG0000378	FBpp0199371	dsec	FBpp0223705	dsim
OG0000378	FBpp0201285	dsec	FBpp0218244	dsim
OG0000378	FBpp0201285	dsec	FBpp0223705	dsim
OG0000378	FBpp0201285	dsec	FBpp0321316	dsim
OG0000378	FBpp0201286	dsec	FBpp0218244	dsim
OG0000378	FBpp0201286	dsec	FBpp0321316	dsim
OG0000387	FBpp0087410	dmel	FBpp0202005	dsec
OG0000387	FBpp0087410	dmel	FBpp0202006	dsec
OG0000387	FBpp0087412	dmel	FBpp0202005	dsec
OG0000387	FBpp0087410	dmel	FBpp0319000	dsim
OG0000387	FBpp0087410	dmel	FBpp0320686	dsim
OG0000387	FBpp0087411	dmel	FBpp0320686	dsim
OG0000387	FBpp0087411	dmel	FBpp0323060	dsim
OG0000387	FBpp0087412	dmel	FBpp0319000	dsim
OG0000387	FBpp0087412	dmel	FBpp0323060	dsim
OG0000387	FBpp0202005	dsec	FBpp0323060	dsim
OG0000387	FBpp0202006	dsec	FBpp0319000	dsim
OG0000387	FBpp0202006	dsec	FBpp0323060	dsim
OG0000388	FBpp0073281	dmel	FBpp0192763	dsec
OG0000388	FBpp0073281	dmel	FBpp0192764	dsec
OG0000388	FBpp0073278	dmel	FBpp0314405	dsim
OG0000388	FBpp0073281	dmel	FBpp0214415	dsim
OG0000388	FBpp0192763	dsec	FBpp0314405	dsim
OG0000388	FBpp0192764	dsec	FBpp0314405	dsim
OG0000393	FBpp0073878	dmel	FBpp0204038	dsec
OG0000393	FBpp0073868	dmel	FBpp0322407	dsim
OG0000393	FBpp0073878	dmel	FBpp0322407	dsim
OG0000393	FBpp0204017	dsec	FBpp0322407	dsim
OG0000393	FBpp0204038	dsec	FBpp0322407	dsim
OG0000394	FBpp0080913	dmel	FBpp0204834	dsec
OG0000394	FBpp0080914	dmel	FBpp0204832	dsec
OG0000394	FBpp0080914	dmel	FBpp0204833	dsec
OG0000394	FBpp0291150	dmel	FBpp0204832	dsec
OG0000394	FBpp0291150	dmel	FBpp0204834	dsec
OG0000394	FBpp0293369	dmel	FBpp0204832	dsec
OG0000394	FBpp0293369	dmel	FBpp0204833	dsec
OG0000394	FBpp0293369	dmel	FBpp0204834	dsec
OG0000394	FBpp0293416	dmel	FBpp0204832	dsec
OG0000394	FBpp0293416	dmel	FBpp0204833	dsec
OG0000394	FBpp0293416	dmel	FBpp0204834	dsec
OG0000394	FBpp0080913	dmel	FBpp0222671	dsim
OG0000394	FBpp0080913	dmel	FBpp0313370	dsim
OG0000394	FBpp0080913	dmel	FBpp0317543	dsim
OG0000394	FBpp0080913	dmel	FBpp0324299	dsim
OG0000394	FBpp0080913	dmel	FBpp0327664	dsim
OG0000394	FBpp0080914	dmel	FBpp0313370	dsim
OG0000394	FBpp0080914	dmel	FBpp0317543	dsim
OG0000394	FBpp0080914	dmel	FBpp0327664	dsim
OG0000394	FBpp0291150	dmel	FBpp0222667	dsim
OG0000394	FBpp0291150	dmel	FBpp0222671	dsim
OG0000394	FBpp0291150	dmel	FBpp0313370	dsim
OG0000394	FBpp0291150	dmel	FBpp0317543	dsim
OG0000394	FBpp0291150	dmel	FBpp0327664	dsim
OG0000394	FBpp0293369	dmel	FBpp0222667	dsim
OG0000394	FBpp0293369	dmel	FBpp0222671	dsim
OG0000394	FBpp0293369	dmel	FBpp0313370	dsim
OG0000394	FBpp0293369	dmel	FBpp0317543	dsim
OG0000394	FBpp0293369	dmel	FBpp0324299	dsim
OG0000394	FBpp0293416	dmel	FBpp0222667	dsim
OG0000394	FBpp0293416	dmel	FBpp0222671	dsim
OG0000394	FBpp0293416	dmel	FBpp0313370	dsim
OG0000394	FBpp0293416	dmel	FBpp0324299	dsim
OG0000394	FBpp0293416	dmel	FBpp0327664	dsim
OG0000394	FBpp0204832	dsec	FBpp0222671	dsim
OG0000394	FBpp0204832	dsec	FBpp0313370	dsim
OG0000394	FBpp0204832	dsec	FBpp0317543	dsim
OG0000394	FBpp0204832	dsec	FBpp0324299	dsim
OG0000394	FBpp0204832	dsec	FBpp0327664	dsim
OG0000394	FBpp0204833	dsec	FBpp0313370	dsim
OG0000394	FBpp0204833	dsec	FBpp0317543	dsim
OG0000394	FBpp0204833	dsec	FBpp0327664	dsim
OG0000394	FBpp0204834	dsec	FBpp0222671	dsim
OG0000394	FBpp0204834	dsec	FBpp0313370	dsim
OG0000394	FBpp0204834	dsec	FBpp0317543	dsim
OG0000394	FBpp0204834	dsec	FBpp0324299	dsim
OG0000394	FBpp0204834	dsec	FBpp0327664	dsim
OG0000398	FBpp0081641	dmel	FBpp0204901	dsec
OG0000398	FBpp0110435	dmel	FBpp0204901	dsec
OG0000398	FBpp0110435	dmel	FBpp0207692	dsec
OG0000398	FBpp0081641	dmel	FBpp0317997	dsim
OG0000398	FBpp0110435	dmel	FBpp0323936	dsim
OG0000398	FBpp0204901	dsec	FBpp0317997	dsim
OG0000398	FBpp0204901	dsec	FBpp0323936	dsim
OG0000398	FBpp0207692	dsec	FBpp0317997	dsim
OG0000399	FBpp0076701	dmel	FBpp0196238	dsec
OG0000399	FBpp0076701	dmel	FBpp0196240	dsec
OG0000399	FBpp0076701	dmel	FBpp0201156	dsec
OG0000399	FBpp0076701	dmel	FBpp0201157	dsec
OG0000399	FBpp0076702	dmel	FBpp0196238	dsec
OG0000399	FBpp0076702	dmel	FBpp0196240	dsec
OG0000399	FBpp0076702	dmel	FBpp0201156	dsec
OG0000399	FBpp0076702	dmel	FBpp0201157	dsec
OG0000399	FBpp0076701	dmel	FBpp0212343	dsim
OG0000399	FBpp0076701	dmel	FBpp0315556	dsim
OG0000399	FBpp0076701	dmel	FBpp0322708	dsim
OG0000399	FBpp0076701	dmel	FBpp0328054	dsim
OG0000399	FBpp0076702	dmel	FBpp0212343	dsim
OG0000399	FBpp0076702	dmel	FBpp0315556	dsim
OG0000399	FBpp0076702	dmel	FBpp0322708	dsim
OG0000399	FBpp0076702	dmel	FBpp0328054	dsim
OG0000399	FBpp0196238	dsec	FBpp0212342	dsim
OG0000399	FBpp0196238	dsec	FBpp0212343	dsim
OG0000399	FBpp0196238	dsec	FBpp0315556	dsim
OG0000399	FBpp0196238	dsec	FBpp0322708	dsim
OG0000399	FBpp0196238	dsec	FBpp0328054	dsim
OG0000399	FBpp0196240	dsec	FBpp0212343	dsim
OG0000399	FBpp0196240	dsec	FBpp0315556	dsim
OG0000399	FBpp0196240	dsec	FBpp0322708	dsim
OG0000399	FBpp0196240	dsec	FBpp0328054	dsim
OG0000399	FBpp0196241	dsec	FBpp0315556	dsim
OG0000399	FBpp0196241	dsec	FBpp0322708	dsim
OG0000399	FBpp0196241	dsec	FBpp0328054	dsim
OG0000399	FBpp0201156	dsec	FBpp0212342	dsim
OG0000399	FBpp0201156	dsec	FBpp0212343	dsim
OG0000399	FBpp0201157	dsec	FBpp0212342	dsim
OG0000399	FBpp0201157	dsec	FBpp0212343	dsim
OG0000402	FBpp0193303	dsec	FBpp0214262	dsim
OG0000402	FBpp0193303	dsec	FBpp0315208	dsim
OG0000402	FBpp0193303	dsec	FBpp0323062	dsim
OG0000402	FBpp0193303	dsec	FBpp0328617	dsim
OG0000402	FBpp0199029	dsec	FBpp0315208	dsim
OG0000402	FBpp0199029	dsec	FBpp0323062	dsim
OG0000402	FBpp0199029	dsec	FBpp0324888	dsim
OG0000402	FBpp0199029	dsec	FBpp0328617	dsim
OG0000402	FBpp0199032	dsec	FBpp0315208	dsim
OG0000402	FBpp0199032	dsec	FBpp0323062	dsim
OG0000402	FBpp0199032	dsec	FBpp0324888	dsim
OG0000402	FBpp0199032	dsec	FBpp0328617	dsim
OG0000402	FBpp0199033	dsec	FBpp0323062	dsim
OG0000402	FBpp0199033	dsec	FBpp0324888	dsim
OG0000402	FBpp0199033	dsec	FBpp0328617	dsim
OG0000402	FBpp0199034	dsec	FBpp0214262	dsim
OG0000402	FBpp0199034	dsec	FBpp0323062	dsim
OG0000402	FBpp0199034	dsec	FBpp0324888	dsim
OG0000402	FBpp0199034	dsec	FBpp0328617	dsim
OG0000402	FBpp0199047	dsec	FBpp0214262	dsim
OG0000402	FBpp0199047	dsec	FBpp0315208	dsim
OG0000402	FBpp0199047	dsec	FBpp0324888	dsim
OG0000402	FBpp0199047	dsec	FBpp0328617	dsim
OG0000403	FBpp0072767	dmel	FBpp0203459	dsec
OG0000403	FBpp0072767	dmel	FBpp0204680	dsec
OG0000403	FBpp0085636	dmel	FBpp0195963	dsec
OG0000403	FBpp0085636	dmel	FBpp0204680	dsec
OG0000403	FBpp0072767	dmel	FBpp0209882	dsim
OG0000403	FBpp0085636	dmel	FBpp0209882	dsim
OG0000403	FBpp0085636	dmel	FBpp0212084	dsim
OG0000403	FBpp0195963	dsec	FBpp0209882	dsim
OG0000403	FBpp0203459	dsec	FBpp0209882	dsim
OG0000403	FBpp0203459	dsec	FBpp0212084	dsim
OG0000403	FBpp0204680	dsec	FBpp0212084	dsim
OG0000409	FBpp0087827	dmel	FBpp0202512	dsec
OG0000409	FBpp0087828	dmel	FBpp0202512	dsec
OG0000409	FBpp0087828	dmel	FBpp0312923	dsim
OG0000409	FBpp0202512	dsec	FBpp0312923	dsim
OG0000409	FBpp0202512	dsec	FBpp0313500	dsim
OG0000413	FBpp0309421	dmel	FBpp0201362	dsec
OG0000413	FBpp0309422	dmel	FBpp0201361	dsec
OG0000413	FBpp0309423	dmel	FBpp0201361	dsec
OG0000413	FBpp0309423	dmel	FBpp0201362	dsec
OG0000413	FBpp0309421	dmel	FBpp0316223	dsim
OG0000413	FBpp0309421	dmel	FBpp0328744	dsim
OG0000413	FBpp0309422	dmel	FBpp0318192	dsim
OG0000413	FBpp0309422	dmel	FBpp0328744	dsim
OG0000413	FBpp0309423	dmel	FBpp0316223	dsim
OG0000413	FBpp0309423	dmel	FBpp0318192	dsim
OG0000413	FBpp0309423	dmel	FBpp0328744	dsim
OG0000413	FBpp0201361	dsec	FBpp0316223	dsim
OG0000413	FBpp0201361	dsec	FBpp0328744	dsim
OG0000413	FBpp0201362	dsec	FBpp0318192	dsim
OG0000414	FBpp0086501	dmel	FBpp0197503	dsec
OG0000414	FBpp0086501	dmel	FBpp0203077	dsec
OG0000414	FBpp0086501	dmel	FBpp0203078	dsec
OG0000414	FBpp0086503	dmel	FBpp0197503	dsec
OG0000414	FBpp0423081	dmel	FBpp0203077	dsec
OG0000414	FBpp0423081	dmel	FBpp0203078	dsec
OG0000414	FBpp0086501	dmel	FBpp0209508	dsim
OG0000414	FBpp0086501	dmel	FBpp0210178	dsim
OG0000414	FBpp0086501	dmel	FBpp0315875	dsim
OG0000414	FBpp0086503	dmel	FBpp0210178	dsim
OG0000414	FBpp0423081	dmel	FBpp0209508	dsim
OG0000414	FBpp0423081	dmel	FBpp0315875	dsim
OG0000414	FBpp0197503	dsec	FBpp0209508	dsim
OG0000414	FBpp0197503	dsec	FBpp0315875	dsim
OG0000414	FBpp0203077	dsec	FBpp0210178	dsim
OG0000414	FBpp0203078	dsec	FBpp0210178	dsim
OG0000414	FBpp0203078	dsec	FBpp0315875	dsim
OG0000415	FBpp0086682	dmel	FBpp0203015	dsec
OG0000415	FBpp0312132	dmel	FBpp0203015	dsec
OG0000415	FBpp0086682	dmel	FBpp0209449	dsim
OG0000415	FBpp0312132	dmel	FBpp0209450	dsim
OG0000415	FBpp0203015	dsec	FBpp0209449	dsim
OG0000415	FBpp0203015	dsec	FBpp0209450	dsim
OG0000418	FBpp0078703	dmel	FBpp0200020	dsec
OG0000418	FBpp0289683	dmel	FBpp0200019	dsec
OG0000418	FBpp0078701	dmel	FBpp0319833	dsim
OG0000418	FBpp0078703	dmel	FBpp0316312	dsim
OG0000418	FBpp0078703	dmel	FBpp0319833	dsim
OG0000418	FBpp0289683	dmel	FBpp0221734	dsim
OG0000418	FBpp0289683	dmel	FBpp0319833	dsim
OG0000418	FBpp0200019	dsec	FBpp0319833	dsim
OG0000418	FBpp0200020	dsec	FBpp0316312	dsim
OG0000418	FBpp0200020	dsec	FBpp0319833	dsim
OG0000427	FBpp0080422	dmel	FBpp0199421	dsec
OG0000427	FBpp0080422	dmel	FBpp0207970	dsec
OG0000427	FBpp0289246	dmel	FBpp0198657	dsec
OG0000427	FBpp0289246	dmel	FBpp0198658	dsec
OG0000427	FBpp0289246	dmel	FBpp0207970	dsec
OG0000427	FBpp0080422	dmel	FBpp0327612	dsim
OG0000427	FBpp0289246	dmel	FBpp0326950	dsim
OG0000427	FBpp0198657	dsec	FBpp0327612	dsim
OG0000427	FBpp0198658	dsec	FBpp0327612	dsim
OG0000427	FBpp0199421	dsec	FBpp0326950	dsim
OG0000427	FBpp0207970	dsec	FBpp0326950	dsim
OG0000427	FBpp0207970	dsec	FBpp0327612	dsim
OG0000431	FBpp0079243	dmel	FBpp0194598	dsec
OG0000431	FBpp0079243	dmel	FBpp0202381	dsec
OG0000431	FBpp0080979	dmel	FBpp0194595	dsec
OG0000431	FBpp0080979	dmel	FBpp0194598	dsec
OG0000431	FBpp0289586	dmel	FBpp0194595	dsec
OG0000431	FBpp0289586	dmel	FBpp0194598	dsec
OG0000431	FBpp0079243	dmel	FBpp0208834	dsim
OG0000431	FBpp0080979	dmel	FBpp0326805	dsim
OG0000431	FBpp0289586	dmel	FBpp0326805	dsim
OG0000431	FBpp0194595	dsec	FBpp0208834	dsim
OG0000431	FBpp0194598	dsec	FBpp0208834	dsim
OG0000431	FBpp0194598	dsec	FBpp0326805	dsim
OG0000431	FBpp0202381	dsec	FBpp0326805	dsim
OG0000438	FBpp0088502	dmel	FBpp0192193	dsec
OG0000438	FBpp0312297	dmel	FBpp0192193	dsec
OG0000438	FBpp0312297	dmel	FBpp0196532	dsec
OG0000438	FBpp0088502	dmel	FBpp0218093	dsim
OG0000438	FBpp0312297	dmel	FBpp0217790	dsim
OG0000438	FBpp0312297	dmel	FBpp0218093	dsim
OG0000438	FBpp0192193	dsec	FBpp0217790	dsim
OG0000438	FBpp0196532	dsec	FBpp0218093	dsim
OG0000441	FBpp0073686	dmel	FBpp0196239	dsec
OG0000441	FBpp0073686	dmel	FBpp0198029	dsec
OG0000441	FBpp0080227	dmel	FBpp0198029	dsec
OG0000441	FBpp0080227	dmel	FBpp0199126	dsec
OG0000441	FBpp0073686	dmel	FBpp0220401	dsim
OG0000441	FBpp0080227	dmel	FBpp0321075	dsim
OG0000441	FBpp0196239	dsec	FBpp0321075	dsim
OG0000441	FBpp0198029	dsec	FBpp0220401	dsim
OG0000441	FBpp0198029	dsec	FBpp0321075	dsim
OG0000441	FBpp0199126	dsec	FBpp0220401	dsim
OG0000445	FBpp0071177	dmel	FBpp0192241	dsec
OG0000445	FBpp0071177	dmel	FBpp0202713	dsec
OG0000445	FBpp0292989	dmel	FBpp0192241	dsec
OG0000445	FBpp0292989	dmel	FBpp0202713	dsec
OG0000445	FBpp0292989	dmel	FBpp0202723	dsec
OG0000445	FBpp0071177	dmel	FBpp0327039	dsim
OG0000445	FBpp0292989	dmel	FBpp0326981	dsim
OG0000445	FBpp0192241	dsec	FBpp0326981	dsim
OG0000445	FBpp0192241	dsec	FBpp0327039	dsim
OG0000445	FBpp0202713	dsec	FBpp0326981	dsim
OG0000445	FBpp0202713	dsec	FBpp0327039	dsim
OG0000445	FBpp0202723	dsec	FBpp0327039	dsim
OG0000449	FBpp0070922	dmel	FBpp0194000	dsec
OG0000449	FBpp0070922	dmel	FBpp0194001	dsec
OG0000449	FBpp0070922	dmel	FBpp0194002	dsec
OG0000449	FBpp0070922	dmel	FBpp0194003	dsec
OG0000449	FBpp0070922	dmel	FBpp0194004	dsec
OG0000449	FBpp0070922	dmel	FBpp0317536	dsim
OG0000470	FBpp0072901	dmel	FBpp0196021	dsec
OG0000470	FBpp0072901	dmel	FBpp0196023	dsec
OG0000470	FBpp0072902	dmel	FBpp0196020	dsec
OG0000470	FBpp0072902	dmel	FBpp0196021	dsec
OG0000470	FBpp0289810	dmel	FBpp0196020	dsec
OG0000470	FBpp0289810	dmel	FBpp0196023	dsec
OG0000470	FBpp0072901	dmel	FBpp0212138	dsim
OG0000470	FBpp0072901	dmel	FBpp0314284	dsim
OG0000470	FBpp0072902	dmel	FBpp0212139	dsim
OG0000470	FBpp0072902	dmel	FBpp0314284	dsim
OG0000470	FBpp0289810	dmel	FBpp0212139	dsim
OG0000470	FBpp0196020	dsec	FBpp0212138	dsim
OG0000470	FBpp0196020	dsec	FBpp0314284	dsim
OG0000470	FBpp0196021	dsec	FBpp0212139	dsim
OG0000470	FBpp0196023	dsec	FBpp0212139	dsim
OG0000470	FBpp0196023	dsec	FBpp0314284	dsim
OG0000478	FBpp0084699	dmel	FBpp0194220	dsec
OG0000478	FBpp0307566	dmel	FBpp0194220	dsec
OG0000478	FBpp0084699	dmel	FBpp0317594	dsim
OG0000478	FBpp0307566	dmel	FBpp0219788	dsim
OG0000478	FBpp0194220	dsec	FBpp0219788	dsim
OG0000478	FBpp0194220	dsec	FBpp0317594	dsim
OG0000482	FBpp0081527	dmel	FBpp0191674	dsec
OG0000482	FBpp0081527	dmel	FBpp0205393	dsec
OG0000482	FBpp0084345	dmel	FBpp0205393	dsec
OG0000482	FBpp0084345	dmel	FBpp0207741	dsec
OG0000482	FBpp0081527	dmel	FBpp0216549	dsim
OG0000482	FBpp0084345	dmel	FBpp0219203	dsim
OG0000482	FBpp0191674	dsec	FBpp0219203	dsim
OG0000482	FBpp0205393	dsec	FBpp0216549	dsim
OG0000482	FBpp0205393	dsec	FBpp0219203	dsim
OG0000482	FBpp0207741	dsec	FBpp0216549	dsim
OG0000493	FBpp0300795	dmel	FBpp0201324	dsec
OG0000493	FBpp0300795	dmel	FBpp0318882	dsim
OG0000493	FBpp0300795	dmel	FBpp0324713	dsim
OG0000493	FBpp0201324	dsec	FBpp0313495	dsim
OG0000493	FBpp0201324	dsec	FBpp0324713	dsim
OG0000493	FBpp0204196	dsec	FBpp0313495	dsim
OG0000493	FBpp0204196	dsec	FBpp0318882	dsim
OG0000493	FBpp0204196	dsec	FBpp0324713	dsim
OG0000498	FBpp0070586	dmel	FBpp0191545	dsec
OG0000498	FBpp0070586	dmel	FBpp0204573	dsec
OG0000498	FBpp0070586	dmel	FBpp0208173	dsec
OG0000498	FBpp0070586	dmel	FBpp0208222	dsec
OG0000498	FBpp0311141	dmel	FBpp0191545	dsec
OG0000498	FBpp0311141	dmel	FBpp0204573	dsec
OG0000498	FBpp0311141	dmel	FBpp0208173	dsec
OG0000498	FBpp0311141	dmel	FBpp0208222	dsec
OG0000498	FBpp0311142	dmel	FBpp0191545	dsec
OG0000498	FBpp0311142	dmel	FBpp0204573	dsec
OG0000498	FBpp0311142	dmel	FBpp0208173	dsec
OG0000498	FBpp0311142	dmel	FBpp0208222	dsec
OG0000498	FBpp0070586	dmel	FBpp0322144	dsim
OG0000498	FBpp0311142	dmel	FBpp0322144	dsim
OG0000498	FBpp0191545	dsec	FBpp0322144	dsim
OG0000498	FBpp0191545	dsec	FBpp0325180	dsim
OG0000498	FBpp0204573	dsec	FBpp0322144	dsim
OG0000498	FBpp0204573	dsec	FBpp0325180	dsim
OG0000498	FBpp0208173	dsec	FBpp0322144	dsim
OG0000498	FBpp0208173	dsec	FBpp0325180	dsim
OG0000498	FBpp0208222	dsec	FBpp0322144	dsim
OG0000498	FBpp0208222	dsec	FBpp0325180	dsim
OG0000499	FBpp0070076	dmel	FBpp0197720	dsec
OG0000499	FBpp0070076	dmel	FBpp0197721	dsec
OG0000499	FBpp0070076	dmel	FBpp0200543	dsec
OG0000499	FBpp0070076	dmel	FBpp0204704	dsec
OG0000499	FBpp0070077	dmel	FBpp0197720	dsec
OG0000499	FBpp0070077	dmel	FBpp0197721	dsec
OG0000499	FBpp0070077	dmel	FBpp0200543	dsec
OG0000499	FBpp0070077	dmel	FBpp0204704	dsec
OG0000499	FBpp0111860	dmel	FBpp0197720	dsec
OG0000499	FBpp0111860	dmel	FBpp0197721	dsec
OG0000499	FBpp0111860	dmel	FBpp0204704	dsec
OG0000499	FBpp0070076	dmel	FBpp0214907	dsim
OG0000499	FBpp0070077	dmel	FBpp0214907	dsim
OG0000499	FBpp0197720	dsec	FBpp0214907	dsim
OG0000499	FBpp0197720	dsec	FBpp0214908	dsim
OG0000499	FBpp0197721	dsec	FBpp0214907	dsim
OG0000499	FBpp0197721	dsec	FBpp0214908	dsim
OG0000499	FBpp0200544	dsec	FBpp0214907	dsim
OG0000499	FBpp0204704	dsec	FBpp0214907	dsim
OG0000499	FBpp0204704	dsec	FBpp0214908	dsim
OG0000502	FBpp0087786	dmel	FBpp0202537	dsec
OG0000502	FBpp0087786	dmel	FBpp0208996	dsim
OG0000502	FBpp0087786	dmel	FBpp0321803	dsim
OG0000502	FBpp0087787	dmel	FBpp0208991	dsim
OG0000502	FBpp0087787	dmel	FBpp0321803	dsim
OG0000502	FBpp0202536	dsec	FBpp0208996	dsim
OG0000502	FBpp0202536	dsec	FBpp0321803	dsim
OG0000502	FBpp0202537	dsec	FBpp0208991	dsim
OG0000502	FBpp0202537	dsec	FBpp0321803	dsim
OG0000530	FBpp0088126	dmel	FBpp0202298	dsec
OG0000530	FBpp0088127	dmel	FBpp0202296	dsec
OG0000530	FBpp0088127	dmel	FBpp0202298	dsec
OG0000530	FBpp0088127	dmel	FBpp0208675	dsim
OG0000530	FBpp0202296	dsec	FBpp0315464	dsim
OG0000530	FBpp0202298	dsec	FBpp0208675	dsim
OG0000530	FBpp0202298	dsec	FBpp0315464	dsim
OG0000535	FBpp0073842	dmel	FBpp0193474	dsec
OG0000535	FBpp0073842	dmel	FBpp0194831	dsec
OG0000535	FBpp0073842	dmel	FBpp0194832	dsec
OG0000535	FBpp0073842	dmel	FBpp0194833	dsec
OG0000535	FBpp0074120	dmel	FBpp0193474	dsec
OG0000535	FBpp0074120	dmel	FBpp0193476	dsec
OG0000535	FBpp0292387	dmel	FBpp0193474	dsec
OG0000535	FBpp0292387	dmel	FBpp0193476	dsec
OG0000535	FBpp0292387	dmel	FBpp0194831	dsec
OG0000535	FBpp0292387	dmel	FBpp0194832	dsec
OG0000535	FBpp0292387	dmel	FBpp0194833	dsec
OG0000535	FBpp0293378	dmel	FBpp0194831	dsec
OG0000535	FBpp0293378	dmel	FBpp0194832	dsec
OG0000535	FBpp0293378	dmel	FBpp0194833	dsec
OG0000535	FBpp0073842	dmel	FBpp0214115	dsim
OG0000535	FBpp0073842	dmel	FBpp0318000	dsim
OG0000535	FBpp0073842	dmel	FBpp0319968	dsim
OG0000535	FBpp0073842	dmel	FBpp0322332	dsim
OG0000535	FBpp0073842	dmel	FBpp0322449	dsim
OG0000535	FBpp0073842	dmel	FBpp0326434	dsim
OG0000535	FBpp0074120	dmel	FBpp0318000	dsim
OG0000535	FBpp0074120	dmel	FBpp0319968	dsim
OG0000535	FBpp0074120	dmel	FBpp0322332	dsim
OG0000535	FBpp0074120	dmel	FBpp0322449	dsim
OG0000535	FBpp0074120	dmel	FBpp0326434	dsim
OG0000535	FBpp0074120	dmel	FBpp0326713	dsim
OG0000535	FBpp0292387	dmel	FBpp0214115	dsim
OG0000535	FBpp0292387	dmel	FBpp0318000	dsim
OG0000535	FBpp0292387	dmel	FBpp0319968	dsim
OG0000535	FBpp0292387	dmel	FBpp0322449	dsim
OG0000535	FBpp0292387	dmel	FBpp0326434	dsim
OG0000535	FBpp0292387	dmel	FBpp0326713	dsim
OG0000535	FBpp0293378	dmel	FBpp0214115	dsim
OG0000535	FBpp0293378	dmel	FBpp0318000	dsim
OG0000535	FBpp0293378	dmel	FBpp0322332	dsim
OG0000535	FBpp0293378	dmel	FBpp0322449	dsim
OG0000535	FBpp0293378	dmel	FBpp0326434	dsim
OG0000535	FBpp0193474	dsec	FBpp0214115	dsim
OG0000535	FBpp0193474	dsec	FBpp0318000	dsim
OG0000535	FBpp0193474	dsec	FBpp0322332	dsim
OG0000535	FBpp0193474	dsec	FBpp0322449	dsim
OG0000535	FBpp0193474	dsec	FBpp0326434	dsim
OG0000535	FBpp0193474	dsec	FBpp0326713	dsim
OG0000535	FBpp0193476	dsec	FBpp0214115	dsim
OG0000535	FBpp0193476	dsec	FBpp0318000	dsim
OG0000535	FBpp0193476	dsec	FBpp0322332	dsim
OG0000535	FBpp0193476	dsec	FBpp0322449	dsim
OG0000535	FBpp0193476	dsec	FBpp0326434	dsim
OG0000535	FBpp0194831	dsec	FBpp0318000	dsim
OG0000535	FBpp0194831	dsec	FBpp0319968	dsim
OG0000535	FBpp0194831	dsec	FBpp0322332	dsim
OG0000535	FBpp0194831	dsec	FBpp0322449	dsim
OG0000535	FBpp0194831	dsec	FBpp0326434	dsim
OG0000535	FBpp0194831	dsec	FBpp0326713	dsim
OG0000535	FBpp0194832	dsec	FBpp0318000	dsim
OG0000535	FBpp0194832	dsec	FBpp0319968	dsim
OG0000535	FBpp0194832	dsec	FBpp0322332	dsim
OG0000535	FBpp0194832	dsec	FBpp0322449	dsim
OG0000535	FBpp0194832	dsec	FBpp0326434	dsim
OG0000535	FBpp0194832	dsec	FBpp0326713	dsim
OG0000535	FBpp0194833	dsec	FBpp0318000	dsim
OG0000535	FBpp0194833	dsec	FBpp0319968	dsim
OG0000535	FBpp0194833	dsec	FBpp0322332	dsim
OG0000535	FBpp0194833	dsec	FBpp0322449	dsim
OG0000535	FBpp0194833	dsec	FBpp0326434	dsim
OG0000535	FBpp0194833	dsec	FBpp0326713	dsim
OG0000559	FBpp0306267	dmel	FBpp0204915	dsec
OG0000559	FBpp0306267	dmel	FBpp0207243	dsec
OG0000559	FBpp0306269	dmel	FBpp0204915	dsec
OG0000559	FBpp0306269	dmel	FBpp0207242	dsec
OG0000559	FBpp0306267	dmel	FBpp0218745	dsim
OG0000559	FBpp0306269	dmel	FBpp0317119	dsim
OG0000559	FBpp0204915	dsec	FBpp0218745	dsim
OG0000559	FBpp0204915	dsec	FBpp0317119	dsim
OG0000559	FBpp0207243	dsec	FBpp0317119	dsim
OG0000563	FBpp0073922	dmel	FBpp0202233	dsec
OG0000563	FBpp0073922	dmel	FBpp0202234	dsec
OG0000563	FBpp0087977	dmel	FBpp0202233	dsec
OG0000563	FBpp0087977	dmel	FBpp0204069	dsec
OG0000563	FBpp0073922	dmel	FBpp0317420	dsim
OG0000563	FBpp0087977	dmel	FBpp0318988	dsim
OG0000563	FBpp0202233	dsec	FBpp0317420	dsim
OG0000563	FBpp0202233	dsec	FBpp0318988	dsim
OG0000563	FBpp0202234	dsec	FBpp0318988	dsim
OG0000563	FBpp0204069	dsec	FBpp0317420	dsim
OG0000564	FBpp0099666	dmel	FBpp0199169	dsec
OG0000564	FBpp0099666	dmel	FBpp0199170	dsec
OG0000564	FBpp0099666	dmel	FBpp0217737	dsim
OG0000564	FBpp0099666	dmel	FBpp0317966	dsim
OG0000564	FBpp0199170	dsec	FBpp0217737	dsim
OG0000565	FBpp0082818	dmel	FBpp0203542	dsec
OG0000565	FBpp0082818	dmel	FBpp0205599	dsec
OG0000565	FBpp0082819	dmel	FBpp0203542	dsec
OG0000565	FBpp0082819	dmel	FBpp0205599	dsec
OG0000565	FBpp0082818	dmel	FBpp0218663	dsim
OG0000565	FBpp0082819	dmel	FBpp0218663	dsim
OG0000565	FBpp0196872	dsec	FBpp0218663	dsim
OG0000565	FBpp0203542	dsec	FBpp0218662	dsim
OG0000565	FBpp0205599	dsec	FBpp0218662	dsim
OG0000575	FBpp0074569	dmel	FBpp0203543	dsec
OG0000575	FBpp0203543	dsec	FBpp0321009	dsim
OG0000576	FBpp0071426	dmel	FBpp0204411	dsec
OG0000576	FBpp0071426	dmel	FBpp0206780	dsec
OG0000576	FBpp0071426	dmel	FBpp0212737	dsim
OG0000576	FBpp0192908	dsec	FBpp0212737	dsim
OG0000576	FBpp0204411	dsec	FBpp0212737	dsim
OG0000576	FBpp0204411	dsec	FBpp0215388	dsim
OG0000576	FBpp0206780	dsec	FBpp0215388	dsim
OG0000577	FBpp0401438	dmel	FBpp0204163	dsec
OG0000577	FBpp0401439	dmel	FBpp0204163	dsec
OG0000577	FBpp0401440	dmel	FBpp0204163	dsec
OG0000577	FBpp0401438	dmel	FBpp0318714	dsim
OG0000577	FBpp0401439	dmel	FBpp0318714	dsim
OG0000577	FBpp0401440	dmel	FBpp0318714	dsim
OG0000583	FBpp0079916	dmel	FBpp0203387	dsec
OG0000583	FBpp0291994	dmel	FBpp0203387	dsec
OG0000583	FBpp0291994	dmel	FBpp0208215	dsec
OG0000583	FBpp0079916	dmel	FBpp0222222	dsim
OG0000583	FBpp0291994	dmel	FBpp0222221	dsim
OG0000583	FBpp0203387	dsec	FBpp0222221	dsim
OG0000583	FBpp0203387	dsec	FBpp0222222	dsim
OG0000583	FBpp0208215	dsec	FBpp0222222	dsim
OG0000583	FBpp0208216	dsec	FBpp0222221	dsim
OG0000584	FBpp0071182	dmel	FBpp0192970	dsec
OG0000584	FBpp0071182	dmel	FBpp0194440	dsec
OG0000584	FBpp0071182	dmel	FBpp0202822	dsec
OG0000584	FBpp0071182	dmel	FBpp0204135	dsec
OG0000584	FBpp0071186	dmel	FBpp0192970	dsec
OG0000584	FBpp0071186	dmel	FBpp0194440	dsec
OG0000584	FBpp0071186	dmel	FBpp0202789	dsec
OG0000584	FBpp0071186	dmel	FBpp0204135	dsec
OG0000584	FBpp0073619	dmel	FBpp0194440	dsec
OG0000584	FBpp0073619	dmel	FBpp0202789	dsec
OG0000584	FBpp0073619	dmel	FBpp0202822	dsec
OG0000584	FBpp0073619	dmel	FBpp0204135	dsec
OG0000584	FBpp0071182	dmel	FBpp0214516	dsim
OG0000584	FBpp0071182	dmel	FBpp0315822	dsim
OG0000584	FBpp0071186	dmel	FBpp0214512	dsim
OG0000584	FBpp0071186	dmel	FBpp0315822	dsim
OG0000584	FBpp0073619	dmel	FBpp0214512	dsim
OG0000584	FBpp0073619	dmel	FBpp0214516	dsim
OG0000584	FBpp0192970	dsec	FBpp0214512	dsim
OG0000584	FBpp0192970	dsec	FBpp0214516	dsim
OG0000584	FBpp0194440	dsec	FBpp0214512	dsim
OG0000584	FBpp0194440	dsec	FBpp0214516	dsim
OG0000584	FBpp0194440	dsec	FBpp0315822	dsim
OG0000584	FBpp0202789	dsec	FBpp0214516	dsim
OG0000584	FBpp0202789	dsec	FBpp0315822	dsim
OG0000584	FBpp0202822	dsec	FBpp0214512	dsim
OG0000584	FBpp0202822	dsec	FBpp0315822	dsim
OG0000584	FBpp0204135	dsec	FBpp0214512	dsim
OG0000584	FBpp0204135	dsec	FBpp0214516	dsim
OG0000584	FBpp0204135	dsec	FBpp0315822	dsim
OG0000587	FBpp0073467	dmel	FBpp0193722	dsec
OG0000587	FBpp0073467	dmel	FBpp0194627	dsec
OG0000587	FBpp0073467	dmel	FBpp0194872	dsec
OG0000587	FBpp0074074	dmel	FBpp0193722	dsec
OG0000587	FBpp0074074	dmel	FBpp0194627	dsec
OG0000587	FBpp0084803	dmel	FBpp0194627	dsec
OG0000587	FBpp0084803	dmel	FBpp0194872	dsec
OG0000587	FBpp0073467	dmel	FBpp0316997	dsim
OG0000587	FBpp0073467	dmel	FBpp0323536	dsim
OG0000587	FBpp0074074	dmel	FBpp0214337	dsim
OG0000587	FBpp0074074	dmel	FBpp0323536	dsim
OG0000587	FBpp0084803	dmel	FBpp0214337	dsim
OG0000587	FBpp0084803	dmel	FBpp0316997	dsim
OG0000587	FBpp0193722	dsec	FBpp0214337	dsim
OG0000587	FBpp0193722	dsec	FBpp0316997	dsim
OG0000587	FBpp0194627	dsec	FBpp0214337	dsim
OG0000587	FBpp0194627	dsec	FBpp0316997	dsim
OG0000587	FBpp0194627	dsec	FBpp0323536	dsim
OG0000587	FBpp0194872	dsec	FBpp0214337	dsim
OG0000587	FBpp0194872	dsec	FBpp0323536	dsim
OG0000594	FBpp0291083	dmel	FBpp0201533	dsec
OG0000594	FBpp0291083	dmel	FBpp0201534	dsec
OG0000594	FBpp0291083	dmel	FBpp0223939	dsim
OG0000594	FBpp0291083	dmel	FBpp0223940	dsim
OG0000594	FBpp0201534	dsec	FBpp0223939	dsim
OG0000603	FBpp0085843	dmel	FBpp0203344	dsec
OG0000603	FBpp0085843	dmel	FBpp0203345	dsec
OG0000603	FBpp0085844	dmel	FBpp0203343	dsec
OG0000603	FBpp0085844	dmel	FBpp0203345	dsec
OG0000603	FBpp0085845	dmel	FBpp0203343	dsec
OG0000603	FBpp0085845	dmel	FBpp0203344	dsec
OG0000603	FBpp0085843	dmel	FBpp0209766	dsim
OG0000603	FBpp0085843	dmel	FBpp0209767	dsim
OG0000603	FBpp0085844	dmel	FBpp0314450	dsim
OG0000603	FBpp0085845	dmel	FBpp0209766	dsim
OG0000603	FBpp0085845	dmel	FBpp0209767	dsim
OG0000603	FBpp0085845	dmel	FBpp0314450	dsim
OG0000603	FBpp0203343	dsec	FBpp0209766	dsim
OG0000603	FBpp0203343	dsec	FBpp0209767	dsim
OG0000603	FBpp0203344	dsec	FBpp0314450	dsim
OG0000603	FBpp0203345	dsec	FBpp0209766	dsim
OG0000603	FBpp0203345	dsec	FBpp0314450	dsim
OG0000604	FBpp0085852	dmel	FBpp0203354	dsec
OG0000604	FBpp0085852	dmel	FBpp0204570	dsec
OG0000604	FBpp0085852	dmel	FBpp0209773	dsim
OG0000604	FBpp0085852	dmel	FBpp0316462	dsim
OG0000604	FBpp0203353	dsec	FBpp0209773	dsim
OG0000604	FBpp0203353	dsec	FBpp0316462	dsim
OG0000604	FBpp0204570	dsec	FBpp0209773	dsim
OG0000604	FBpp0204570	dsec	FBpp0316462	dsim
OG0000606	FBpp0087744	dmel	FBpp0197457	dsec
OG0000606	FBpp0087744	dmel	FBpp0198332	dsec
OG0000606	FBpp0291496	dmel	FBpp0198332	dsec
OG0000606	FBpp0291496	dmel	FBpp0202115	dsec
OG0000606	FBpp0087744	dmel	FBpp0210135	dsim
OG0000606	FBpp0291496	dmel	FBpp0326053	dsim
OG0000606	FBpp0197457	dsec	FBpp0326053	dsim
OG0000606	FBpp0198332	dsec	FBpp0210135	dsim
OG0000606	FBpp0198332	dsec	FBpp0326053	dsim
OG0000606	FBpp0202115	dsec	FBpp0210135	dsim
OG0000607	FBpp0087178	dmel	FBpp0197565	dsec
OG0000607	FBpp0087178	dmel	FBpp0204528	dsec
OG0000607	FBpp0087180	dmel	FBpp0197565	dsec
OG0000607	FBpp0087180	dmel	FBpp0202775	dsec
OG0000607	FBpp0087180	dmel	FBpp0204528	dsec
OG0000607	FBpp0087180	dmel	FBpp0319507	dsim
OG0000607	FBpp0197565	dsec	FBpp0209210	dsim
OG0000607	FBpp0197565	dsec	FBpp0319507	dsim
OG0000607	FBpp0202775	dsec	FBpp0209210	dsim
OG0000607	FBpp0202776	dsec	FBpp0319507	dsim
OG0000607	FBpp0204528	dsec	FBpp0209210	dsim
OG0000607	FBpp0204528	dsec	FBpp0319507	dsim
OG0000624	FBpp0079318	dmel	FBpp0194438	dsec
OG0000624	FBpp0079319	dmel	FBpp0194438	dsec
OG0000624	FBpp0079318	dmel	FBpp0220808	dsim
OG0000624	FBpp0194438	dsec	FBpp0220807	dsim
OG0000624	FBpp0194438	dsec	FBpp0220808	dsim
OG0000631	FBpp0082810	dmel	FBpp0197676	dsec
OG0000631	FBpp0082810	dmel	FBpp0203541	dsec
OG0000631	FBpp0082812	dmel	FBpp0196666	dsec
OG0000631	FBpp0082812	dmel	FBpp0197676	dsec
OG0000631	FBpp0082812	dmel	FBpp0203541	dsec
OG0000631	FBpp0082810	dmel	FBpp0217526	dsim
OG0000631	FBpp0082812	dmel	FBpp0217526	dsim
OG0000631	FBpp0196666	dsec	FBpp0217526	dsim
OG0000631	FBpp0196670	dsec	FBpp0217526	dsim
OG0000636	FBpp0301286	dmel	FBpp0196697	dsec
OG0000636	FBpp0301286	dmel	FBpp0196698	dsec
OG0000636	FBpp0082873	dmel	FBpp0217551	dsim
OG0000636	FBpp0301286	dmel	FBpp0217550	dsim
OG0000636	FBpp0196697	dsec	FBpp0217551	dsim
OG0000636	FBpp0196698	dsec	FBpp0217551	dsim
OG0000637	FBpp0290641	dmel	FBpp0207581	dsec
OG0000637	FBpp0290641	dmel	FBpp0207582	dsec
OG0000637	FBpp0081884	dmel	FBpp0325495	dsim
OG0000637	FBpp0290641	dmel	FBpp0322979	dsim
OG0000637	FBpp0207581	dsec	FBpp0325495	dsim
OG0000637	FBpp0207582	dsec	FBpp0325495	dsim
OG0000644	FBpp0071262	dmel	FBpp0195043	dsec
OG0000644	FBpp0071262	dmel	FBpp0201956	dsec
OG0000644	FBpp0071263	dmel	FBpp0195043	dsec
OG0000644	FBpp0071263	dmel	FBpp0201956	dsec
OG0000644	FBpp0071263	dmel	FBpp0203729	dsec
OG0000644	FBpp0071263	dmel	FBpp0203739	dsec
OG0000644	FBpp0071262	dmel	FBpp0320338	dsim
OG0000644	FBpp0195043	dsec	FBpp0320338	dsim
OG0000644	FBpp0195043	dsec	FBpp0322091	dsim
OG0000644	FBpp0201956	dsec	FBpp0320338	dsim
OG0000644	FBpp0201956	dsec	FBpp0322091	dsim
OG0000644	FBpp0203739	dsec	FBpp0320338	dsim
OG0000644	FBpp0203750	dsec	FBpp0322091	dsim
OG0000645	FBpp0071440	dmel	FBpp0201082	dsec
OG0000645	FBpp0201082	dsec	FBpp0323496	dsim
OG0000646	FBpp0304968	dmel	FBpp0198126	dsec
OG0000646	FBpp0304968	dmel	FBpp0199582	dsec
OG0000646	FBpp0198126	dsec	FBpp0313710	dsim
OG0000646	FBpp0199582	dsec	FBpp0313710	dsim
OG0000648	FBpp0307917	dmel	FBpp0196514	dsec
OG0000648	FBpp0196514	dsec	FBpp0319957	dsim
OG0000656	FBpp0091023	dmel	FBpp0202077	dsec
OG0000656	FBpp0091024	dmel	FBpp0202076	dsec
OG0000656	FBpp0091023	dmel	FBpp0320641	dsim
OG0000656	FBpp0091023	dmel	FBpp0325168	dsim
OG0000656	FBpp0202076	dsec	FBpp0320641	dsim
OG0000656	FBpp0202076	dsec	FBpp0325168	dsim
OG0000668	FBpp0074479	dmel	FBpp0197787	dsec
OG0000668	FBpp0074479	dmel	FBpp0205871	dsec
OG0000668	FBpp0084637	dmel	FBpp0205871	dsec
OG0000668	FBpp0074479	dmel	FBpp0328775	dsim
OG0000668	FBpp0084637	dmel	FBpp0223274	dsim
OG0000668	FBpp0197787	dsec	FBpp0223274	dsim
OG0000668	FBpp0205871	dsec	FBpp0223274	dsim
OG0000668	FBpp0205871	dsec	FBpp0328775	dsim
OG0000679	FBpp0111672	dmel	FBpp0195769	dsec
OG0000679	FBpp0292930	dmel	FBpp0195769	dsec
OG0000679	FBpp0111672	dmel	FBpp0320969	dsim
OG0000679	FBpp0111672	dmel	FBpp0324458	dsim
OG0000679	FBpp0288793	dmel	FBpp0321879	dsim
OG0000679	FBpp0288793	dmel	FBpp0324458	dsim
OG0000679	FBpp0292930	dmel	FBpp0320969	dsim
OG0000679	FBpp0292930	dmel	FBpp0324458	dsim
OG0000679	FBpp0195769	dsec	FBpp0321879	dsim
OG0000691	FBpp0288953	dmel	FBpp0198059	dsec
OG0000691	FBpp0288953	dmel	FBpp0200909	dsec
OG0000691	FBpp0423052	dmel	FBpp0200909	dsec
OG0000691	FBpp0288953	dmel	FBpp0210398	dsim
OG0000691	FBpp0288953	dmel	FBpp0319023	dsim
OG0000691	FBpp0423052	dmel	FBpp0221279	dsim
OG0000691	FBpp0423052	dmel	FBpp0319023	dsim
OG0000691	FBpp0198059	dsec	FBpp0221279	dsim
OG0000691	FBpp0198059	dsec	FBpp0319023	dsim
OG0000691	FBpp0200909	dsec	FBpp0210398	dsim
OG0000691	FBpp0200909	dsec	FBpp0221279	dsim
OG0000696	FBpp0076315	dmel	FBpp0206390	dsec
OG0000696	FBpp0076315	dmel	FBpp0206391	dsec
OG0000696	FBpp0076316	dmel	FBpp0206390	dsec
OG0000696	FBpp0076315	dmel	FBpp0211363	dsim
OG0000696	FBpp0076316	dmel	FBpp0211362	dsim
OG0000696	FBpp0206390	dsec	FBpp0211362	dsim
OG0000696	FBpp0206390	dsec	FBpp0211363	dsim
OG0000696	FBpp0206391	dsec	FBpp0211362	dsim
OG0000721	FBpp0081359	dmel	FBpp0205213	dsec
OG0000721	FBpp0081359	dmel	FBpp0205214	dsec
OG0000721	FBpp0081360	dmel	FBpp0205213	dsec
OG0000721	FBpp0081359	dmel	FBpp0216949	dsim
OG0000721	FBpp0205213	dsec	FBpp0216948	dsim
OG0000721	FBpp0205213	dsec	FBpp0216949	dsim
OG0000721	FBpp0205214	dsec	FBpp0216948	dsim
OG0000721	FBpp0205215	dsec	FBpp0216948	dsim
OG0000734	FBpp0084112	dmel	FBpp0198345	dsec
OG0000734	FBpp0084112	dmel	FBpp0201064	dsec
OG0000734	FBpp0198345	dsec	FBpp0316377	dsim
OG0000734	FBpp0201064	dsec	FBpp0316377	dsim
OG0000745	FBpp0084963	dmel	FBpp0193665	dsec
OG0000745	FBpp0084963	dmel	FBpp0193666	dsec
OG0000745	FBpp0084963	dmel	FBpp0215812	dsim
OG0000745	FBpp0084963	dmel	FBpp0215823	dsim
OG0000745	FBpp0193666	dsec	FBpp0215812	dsim
OG0000749	FBpp0073939	dmel	FBpp0193154	dsec
OG0000749	FBpp0073939	dmel	FBpp0198741	dsec
OG0000749	FBpp0080586	dmel	FBpp0193154	dsec
OG0000749	FBpp0073939	dmel	FBpp0222531	dsim
OG0000749	FBpp0080586	dmel	FBpp0215662	dsim
OG0000749	FBpp0193154	dsec	FBpp0215662	dsim
OG0000749	FBpp0193154	dsec	FBpp0222531	dsim
OG0000749	FBpp0198741	dsec	FBpp0215662	dsim
OG0000760	FBpp0423184	dmel	FBpp0193784	dsec
OG0000760	FBpp0423184	dmel	FBpp0200196	dsec
OG0000760	FBpp0200196	dsec	FBpp0316447	dsim
OG0000763	FBpp0100099	dmel	FBpp0194814	dsec
OG0000763	FBpp0292856	dmel	FBpp0194814	dsec
OG0000763	FBpp0292856	dmel	FBpp0194815	dsec
OG0000763	FBpp0100099	dmel	FBpp0318613	dsim
OG0000763	FBpp0292856	dmel	FBpp0317452	dsim
OG0000763	FBpp0292856	dmel	FBpp0318613	dsim
OG0000763	FBpp0194814	dsec	FBpp0317452	dsim
OG0000763	FBpp0194815	dsec	FBpp0318613	dsim
OG0000770	FBpp0087782	dmel	FBpp0200245	dsec
OG0000770	FBpp0290997	dmel	FBpp0200245	dsec
OG0000770	FBpp0087782	dmel	FBpp0210332	dsim
OG0000770	FBpp0087782	dmel	FBpp0316980	dsim
OG0000770	FBpp0087782	dmel	FBpp0319705	dsim
OG0000770	FBpp0087782	dmel	FBpp0324179	dsim
OG0000770	FBpp0087782	dmel	FBpp0326622	dsim
OG0000770	FBpp0290997	dmel	FBpp0323267	dsim
OG0000770	FBpp0200245	dsec	FBpp0210332	dsim
OG0000770	FBpp0200245	dsec	FBpp0316980	dsim
OG0000770	FBpp0200245	dsec	FBpp0319705	dsim
OG0000770	FBpp0200245	dsec	FBpp0323267	dsim
OG0000770	FBpp0200245	dsec	FBpp0324179	dsim
OG0000770	FBpp0200245	dsec	FBpp0326622	dsim
OG0000793	FBpp0310083	dmel	FBpp0199747	dsec
OG0000793	FBpp0310084	dmel	FBpp0199747	dsec
OG0000793	FBpp0310083	dmel	FBpp0313573	dsim
OG0000793	FBpp0310083	dmel	FBpp0315957	dsim
OG0000793	FBpp0310083	dmel	FBpp0320505	dsim
OG0000793	FBpp0310084	dmel	FBpp0313573	dsim
OG0000793	FBpp0310084	dmel	FBpp0315957	dsim
OG0000793	FBpp0310084	dmel	FBpp0320505	dsim
OG0000794	FBpp0087939	dmel	FBpp0192961	dsec
OG0000794	FBpp0087940	dmel	FBpp0192961	dsec
OG0000794	FBpp0087940	dmel	FBpp0213762	dsim
OG0000794	FBpp0192961	dsec	FBpp0213762	dsim
OG0000794	FBpp0192961	dsec	FBpp0328637	dsim
OG0000805	FBpp0289229	dmel	FBpp0194456	dsec
OG0000805	FBpp0301999	dmel	FBpp0194455	dsec
OG0000805	FBpp0301999	dmel	FBpp0194456	dsec
OG0000805	FBpp0289229	dmel	FBpp0316138	dsim
OG0000805	FBpp0301999	dmel	FBpp0316138	dsim
OG0000805	FBpp0301999	dmel	FBpp0318388	dsim
OG0000805	FBpp0194455	dsec	FBpp0316138	dsim
OG0000805	FBpp0194456	dsec	FBpp0318388	dsim
OG0000808	FBpp0083379	dmel	FBpp0204620	dsec
OG0000808	FBpp0083379	dmel	FBpp0204621	dsec
OG0000808	FBpp0083379	dmel	FBpp0204622	dsec
OG0000808	FBpp0083380	dmel	FBpp0204619	dsec
OG0000808	FBpp0083380	dmel	FBpp0204620	dsec
OG0000808	FBpp0083380	dmel	FBpp0204621	dsec
OG0000808	FBpp0083378	dmel	FBpp0217786	dsim
OG0000808	FBpp0083379	dmel	FBpp0217784	dsim
OG0000808	FBpp0083379	dmel	FBpp0217785	dsim
OG0000808	FBpp0083379	dmel	FBpp0217786	dsim
OG0000808	FBpp0083380	dmel	FBpp0217783	dsim
OG0000808	FBpp0083380	dmel	FBpp0217784	dsim
OG0000808	FBpp0083380	dmel	FBpp0217786	dsim
OG0000808	FBpp0204619	dsec	FBpp0217786	dsim
OG0000808	FBpp0204620	dsec	FBpp0217783	dsim
OG0000808	FBpp0204620	dsec	FBpp0217785	dsim
OG0000808	FBpp0204620	dsec	FBpp0217786	dsim
OG0000808	FBpp0204621	dsec	FBpp0217783	dsim
OG0000808	FBpp0204621	dsec	FBpp0217784	dsim
OG0000808	FBpp0204621	dsec	FBpp0217786	dsim
OG0000808	FBpp0204622	dsec	FBpp0217783	dsim
OG0000808	FBpp0204622	dsec	FBpp0217784	dsim
OG0000808	FBpp0204622	dsec	FBpp0217786	dsim
OG0000820	FBpp0077612	dmel	FBpp0198092	dsec
OG0000820	FBpp0077612	dmel	FBpp0198093	dsec
OG0000820	FBpp0077612	dmel	FBpp0319646	dsim
OG0000820	FBpp0077612	dmel	FBpp0320779	dsim
OG0000820	FBpp0198093	dsec	FBpp0319646	dsim
OG0000859	FBpp0074431	dmel	FBpp0319651	dsim
OG0000859	FBpp0074431	dmel	FBpp0321584	dsim
OG0000859	FBpp0074432	dmel	FBpp0319651	dsim
OG0000859	FBpp0074432	dmel	FBpp0321584	dsim
OG0000859	FBpp0204261	dsec	FBpp0319651	dsim
OG0000859	FBpp0204261	dsec	FBpp0321584	dsim
OG0000880	FBpp0073268	dmel	FBpp0195055	dsec
OG0000880	FBpp0073268	dmel	FBpp0201274	dsec
OG0000880	FBpp0085617	dmel	FBpp0195055	dsec
OG0000880	FBpp0073268	dmel	FBpp0223692	dsim
OG0000880	FBpp0085617	dmel	FBpp0321718	dsim
OG0000880	FBpp0195055	dsec	FBpp0223692	dsim
OG0000880	FBpp0195055	dsec	FBpp0321718	dsim
OG0000880	FBpp0201274	dsec	FBpp0321718	dsim
OG0000901	FBpp0070382	dmel	FBpp0193860	dsec
OG0000901	FBpp0070382	dmel	FBpp0196796	dsec
OG0000901	FBpp0070382	dmel	FBpp0215120	dsim
OG0000901	FBpp0193860	dsec	FBpp0215006	dsim
OG0000901	FBpp0196796	dsec	FBpp0215006	dsim
OG0000901	FBpp0196796	dsec	FBpp0215120	dsim
OG0000901	FBpp0200696	dsec	FBpp0215120	dsim
OG0000904	FBpp0070468	dmel	FBpp0323712	dsim
OG0000904	FBpp0200329	dsec	FBpp0322294	dsim
OG0000904	FBpp0200329	dsec	FBpp0323712	dsim
OG0000912	FBpp0076538	dmel	FBpp0195227	dsec
OG0000912	FBpp0076539	dmel	FBpp0195227	dsec
OG0000912	FBpp0076539	dmel	FBpp0211450	dsim
OG0000912	FBpp0195227	dsec	FBpp0211450	dsim
OG0000912	FBpp0195227	dsec	FBpp0211451	dsim
OG0000914	FBpp0311008	dmel	FBpp0195982	dsec
OG0000914	FBpp0288961	dmel	FBpp0321483	dsim
OG0000914	FBpp0311008	dmel	FBpp0315800	dsim
OG0000914	FBpp0311008	dmel	FBpp0321483	dsim
OG0000930	FBpp0288945	dmel	FBpp0202985	dsec
OG0000930	FBpp0288945	dmel	FBpp0312990	dsim
OG0000930	FBpp0288945	dmel	FBpp0324059	dsim
OG0000930	FBpp0288946	dmel	FBpp0312990	dsim
OG0000974	FBpp0074974	dmel	FBpp0200230	dsec
OG0000974	FBpp0074974	dmel	FBpp0205333	dsec
OG0000974	FBpp0074974	dmel	FBpp0328394	dsim
OG0000974	FBpp0200230	dsec	FBpp0213097	dsim
OG0000974	FBpp0200230	dsec	FBpp0328394	dsim
OG0000974	FBpp0205333	dsec	FBpp0213097	dsim
OG0000974	FBpp0207166	dsec	FBpp0328394	dsim
OG0000994	FBpp0081018	dmel	FBpp0203526	dsec
OG0000994	FBpp0081019	dmel	FBpp0203526	dsec
OG0000994	FBpp0203526	dsec	FBpp0324430	dsim
OG0001007	FBpp0292465	dmel	FBpp0191895	dsec
OG0001007	FBpp0292465	dmel	FBpp0191896	dsec
OG0001007	FBpp0292466	dmel	FBpp0191895	dsec
OG0001007	FBpp0292467	dmel	FBpp0191895	dsec
OG0001007	FBpp0292468	dmel	FBpp0191895	dsec
OG0001007	FBpp0292465	dmel	FBpp0323543	dsim
OG0001007	FBpp0292466	dmel	FBpp0323543	dsim
OG0001007	FBpp0292466	dmel	FBpp0328169	dsim
OG0001007	FBpp0292467	dmel	FBpp0323543	dsim
OG0001007	FBpp0292467	dmel	FBpp0328169	dsim
OG0001007	FBpp0292468	dmel	FBpp0323543	dsim
OG0001007	FBpp0292468	dmel	FBpp0328169	dsim
OG0001007	FBpp0191895	dsec	FBpp0328169	dsim
OG0001007	FBpp0191896	dsec	FBpp0323543	dsim
OG0001007	FBpp0191896	dsec	FBpp0328169	dsim
OG0001012	FBpp0292835	dmel	FBpp0196707	dsec
OG0001012	FBpp0292835	dmel	FBpp0321630	dsim
OG0001012	FBpp0292835	dmel	FBpp0328765	dsim
OG0001012	FBpp0292836	dmel	FBpp0326496	dsim
OG0001012	FBpp0196707	dsec	FBpp0326496	dsim
OG0001024	FBpp0082070	dmel	FBpp0203521	dsec
OG0001024	FBpp0422628	dmel	FBpp0203521	dsec
OG0001024	FBpp0203521	dsec	FBpp0218974	dsim
OG0001056	FBpp0084465	dmel	FBpp0199128	dsec
OG0001056	FBpp0084465	dmel	FBpp0215554	dsim
OG0001056	FBpp0191639	dsec	FBpp0215554	dsim
OG0001056	FBpp0199128	dsec	FBpp0216518	dsim
OG0001056	FBpp0199128	dsec	FBpp0321729	dsim
OG0001065	FBpp0301190	dmel	FBpp0205588	dsec
OG0001065	FBpp0301190	dmel	FBpp0214665	dsim
OG0001065	FBpp0195158	dsec	FBpp0214665	dsim
OG0001065	FBpp0195159	dsec	FBpp0214665	dsim
OG0001065	FBpp0205588	dsec	FBpp0326299	dsim
OG0001066	FBpp0070573	dmel	FBpp0200194	dsec
OG0001066	FBpp0070573	dmel	FBpp0200195	dsec
OG0001066	FBpp0070575	dmel	FBpp0200194	dsec
OG0001066	FBpp0070575	dmel	FBpp0200195	dsec
OG0001066	FBpp0200194	dsec	FBpp0215053	dsim
OG0001066	FBpp0200195	dsec	FBpp0215053	dsim
OG0001068	FBpp0074426	dmel	FBpp0191554	dsec
OG0001068	FBpp0074426	dmel	FBpp0200198	dsec
OG0001068	FBpp0191554	dsec	FBpp0322589	dsim
OG0001068	FBpp0200198	dsec	FBpp0322589	dsim
OG0001105	FBpp0070612	dmel	FBpp0193966	dsec
OG0001105	FBpp0070612	dmel	FBpp0193967	dsec
OG0001105	FBpp0193966	dsec	FBpp0215075	dsim
OG0001105	FBpp0193967	dsec	FBpp0215075	dsim
OG0001118	FBpp0290904	dmel	FBpp0198645	dsec
OG0001118	FBpp0290904	dmel	FBpp0320842	dsim
OG0001118	FBpp0192989	dsec	FBpp0320842	dsim
OG0001118	FBpp0192989	dsec	FBpp0323024	dsim
OG0001118	FBpp0192990	dsec	FBpp0320842	dsim
OG0001118	FBpp0192990	dsec	FBpp0325815	dsim
OG0001118	FBpp0198645	dsec	FBpp0320842	dsim
OG0001118	FBpp0198645	dsec	FBpp0323024	dsim
OG0001118	FBpp0198645	dsec	FBpp0325815	dsim
OG0001123	FBpp0073414	dmel	FBpp0201130	dsec
OG0001123	FBpp0073415	dmel	FBpp0201130	dsec
OG0001123	FBpp0073414	dmel	FBpp0215458	dsim
OG0001123	FBpp0073415	dmel	FBpp0215457	dsim
OG0001123	FBpp0201130	dsec	FBpp0215457	dsim
OG0001123	FBpp0201130	dsec	FBpp0215458	dsim
OG0001144	FBpp0085046	dmel	FBpp0193625	dsec
OG0001144	FBpp0085046	dmel	FBpp0194665	dsec
OG0001144	FBpp0085047	dmel	FBpp0193623	dsec
OG0001144	FBpp0085047	dmel	FBpp0194665	dsec
OG0001144	FBpp0085046	dmel	FBpp0215393	dsim
OG0001144	FBpp0085047	dmel	FBpp0215382	dsim
OG0001144	FBpp0193623	dsec	FBpp0215393	dsim
OG0001144	FBpp0193625	dsec	FBpp0215382	dsim
OG0001144	FBpp0194665	dsec	FBpp0215382	dsim
OG0001144	FBpp0194665	dsec	FBpp0215393	dsim
OG0001154	FBpp0424322	dmel	FBpp0206915	dsec
OG0001154	FBpp0075501	dmel	FBpp0317550	dsim
OG0001154	FBpp0424322	dmel	FBpp0317550	dsim
OG0001154	FBpp0424322	dmel	FBpp0326045	dsim
OG0001192	FBpp0311270	dmel	FBpp0205883	dsec
OG0001192	FBpp0205883	dsec	FBpp0209091	dsim
OG0001235	FBpp0070166	dmel	FBpp0200475	dsec
OG0001235	FBpp0070166	dmel	FBpp0200504	dsec
OG0001235	FBpp0070166	dmel	FBpp0200575	dsec
OG0001235	FBpp0070166	dmel	FBpp0200591	dsec
OG0001235	FBpp0070173	dmel	FBpp0200504	dsec
OG0001235	FBpp0070173	dmel	FBpp0200575	dsec
OG0001235	FBpp0070173	dmel	FBpp0200581	dsec
OG0001235	FBpp0070166	dmel	FBpp0214866	dsim
OG0001235	FBpp0070166	dmel	FBpp0214929	dsim
OG0001235	FBpp0070166	dmel	FBpp0214935	dsim
OG0001235	FBpp0070166	dmel	FBpp0324314	dsim
OG0001235	FBpp0070173	dmel	FBpp0214866	dsim
OG0001235	FBpp0070173	dmel	FBpp0214929	dsim
OG0001235	FBpp0070173	dmel	FBpp0214935	dsim
OG0001235	FBpp0070173	dmel	FBpp0214940	dsim
OG0001235	FBpp0200475	dsec	FBpp0214866	dsim
OG0001235	FBpp0200475	dsec	FBpp0214929	dsim
OG0001235	FBpp0200475	dsec	FBpp0214935	dsim
OG0001235	FBpp0200475	dsec	FBpp0214940	dsim
OG0001235	FBpp0200504	dsec	FBpp0214929	dsim
OG0001235	FBpp0200504	dsec	FBpp0214935	dsim
OG0001235	FBpp0200504	dsec	FBpp0214940	dsim
OG0001235	FBpp0200504	dsec	FBpp0324314	dsim
OG0001235	FBpp0200575	dsec	FBpp0214866	dsim
OG0001235	FBpp0200575	dsec	FBpp0214929	dsim
OG0001235	FBpp0200575	dsec	FBpp0214940	dsim
OG0001235	FBpp0200575	dsec	FBpp0324314	dsim
OG0001235	FBpp0200581	dsec	FBpp0214866	dsim
OG0001235	FBpp0200581	dsec	FBpp0214929	dsim
OG0001235	FBpp0200581	dsec	FBpp0214935	dsim
OG0001235	FBpp0200581	dsec	FBpp0324314	dsim
OG0001235	FBpp0200591	dsec	FBpp0214866	dsim
OG0001235	FBpp0200591	dsec	FBpp0214929	dsim
OG0001235	FBpp0200591	dsec	FBpp0214935	dsim
OG0001235	FBpp0200591	dsec	FBpp0214940	dsim
OG0001359	FBpp0297758	dmel	FBpp0207229	dsec
OG0001359	FBpp0297757	dmel	FBpp0327774	dsim
OG0001359	FBpp0297758	dmel	FBpp0321662	dsim
OG0001359	FBpp0297758	dmel	FBpp0327774	dsim
OG0001381	FBpp0310817	dmel	FBpp0207627	dsec
OG0001381	FBpp0310817	dmel	FBpp0328183	dsim
OG0001436	FBpp0082733	dmel	FBpp0194445	dsec
OG0001436	FBpp0194445	dsec	FBpp0218709	dsim
OG0001518	FBpp0070049	dmel	FBpp0204088	dsec
OG0001518	FBpp0070052	dmel	FBpp0195012	dsec
OG0001518	FBpp0070056	dmel	FBpp0195012	dsec
OG0001518	FBpp0070049	dmel	FBpp0324271	dsim
OG0001518	FBpp0195012	dsec	FBpp0324271	dsim
OG0001648	FBpp0298308	dmel	FBpp0208185	dsec
OG0001648	FBpp0208185	dsec	FBpp0315097	dsim
OG0001655	FBpp0080315	dmel	FBpp0200118	dsec
OG0001655	FBpp0080317	dmel	FBpp0197595	dsec
OG0001655	FBpp0080317	dmel	FBpp0200118	dsec
OG0001655	FBpp0289839	dmel	FBpp0197595	dsec
OG0001655	FBpp0080315	dmel	FBpp0313249	dsim
OG0001655	FBpp0080315	dmel	FBpp0323903	dsim
OG0001655	FBpp0080317	dmel	FBpp0313249	dsim
OG0001655	FBpp0080317	dmel	FBpp0323903	dsim
OG0001655	FBpp0289839	dmel	FBpp0222420	dsim
OG0001655	FBpp0289839	dmel	FBpp0323903	dsim
OG0001655	FBpp0197595	dsec	FBpp0313249	dsim
OG0001655	FBpp0197595	dsec	FBpp0323903	dsim
OG0001655	FBpp0200118	dsec	FBpp0222420	dsim
OG0001655	FBpp0200118	dsec	FBpp0323903	dsim
OG0001658	FBpp0099488	dmel	FBpp0195093	dsec
OG0001658	FBpp0195093	dsec	FBpp0317817	dsim
OG0001670	FBpp0311893	dmel	FBpp0317371	dsim
OG0001670	FBpp0311894	dmel	FBpp0317371	dsim
OG0001670	FBpp0311897	dmel	FBpp0317371	dsim
OG0001670	FBpp0311898	dmel	FBpp0317371	dsim
OG0001670	FBpp0311899	dmel	FBpp0317371	dsim
OG0001670	FBpp0311900	dmel	FBpp0317371	dsim
OG0001670	FBpp0311901	dmel	FBpp0317371	dsim
OG0001670	FBpp0311903	dmel	FBpp0317371	dsim
OG0001730	FBpp0072072	dmel	FBpp0200747	dsec
OG0001730	FBpp0200747	dsec	FBpp0210227	dsim
OG0001756	FBpp0085412	dmel	FBpp0195212	dsec
OG0001756	FBpp0195212	dsec	FBpp0313229	dsim
OG0001756	FBpp0195212	dsec	FBpp0323954	dsim
OG0001783	FBpp0112462	dmel	FBpp0200248	dsec
OG0001783	FBpp0200248	dsec	FBpp0314297	dsim
OG0001783	FBpp0200248	dsec	FBpp0315183	dsim
OG0001783	FBpp0200248	dsec	FBpp0321602	dsim
OG0001783	FBpp0200248	dsec	FBpp0324035	dsim
OG0001783	FBpp0200248	dsec	FBpp0327795	dsim
OG0001785	FBpp0075831	dmel	FBpp0206759	dsec
OG0001785	FBpp0075876	dmel	FBpp0206759	dsec
OG0001785	FBpp0075831	dmel	FBpp0211196	dsim
OG0001785	FBpp0075831	dmel	FBpp0212715	dsim
OG0001785	FBpp0075831	dmel	FBpp0315760	dsim
OG0001785	FBpp0075876	dmel	FBpp0212715	dsim
OG0001785	FBpp0075876	dmel	FBpp0315760	dsim
OG0001785	FBpp0296929	dmel	FBpp0211196	dsim
OG0001785	FBpp0296929	dmel	FBpp0212716	dsim
OG0001785	FBpp0296929	dmel	FBpp0315760	dsim
OG0001785	FBpp0206759	dsec	FBpp0211196	dsim
OG0001785	FBpp0206759	dsec	FBpp0212716	dsim
OG0001785	FBpp0206759	dsec	FBpp0315760	dsim
OG0001785	FBpp0206760	dsec	FBpp0212715	dsim
OG0001785	FBpp0206760	dsec	FBpp0315760	dsim
OG0002350	FBpp0428299	dmel	FBpp0200752	dsec
OG0002350	FBpp0200752	dsec	FBpp0217430	dsim
OG0002441	FBpp0074411	dmel	FBpp0200199	dsec
OG0002441	FBpp0200199	dsec	FBpp0325226	dsim
OG0002595	FBpp0073937	dmel	FBpp0204031	dsec
OG0002595	FBpp0073937	dmel	FBpp0208159	dsec
OG0002595	FBpp0073937	dmel	FBpp0215622	dsim
OG0002595	FBpp0204031	dsec	FBpp0215655	dsim
OG0002595	FBpp0204078	dsec	FBpp0215622	dsim
OG0002595	FBpp0208159	dsec	FBpp0215622	dsim
OG0002595	FBpp0208159	dsec	FBpp0215655	dsim
OG0002609	FBpp0076109	dmel	FBpp0198346	dsec
OG0002609	FBpp0198346	dsec	FBpp0212597	dsim
OG0002819	FBpp0073731	dmel	FBpp0199030	dsec
OG0002819	FBpp0073731	dmel	FBpp0206136	dsec
OG0002819	FBpp0073732	dmel	FBpp0199030	dsec
OG0002819	FBpp0073732	dmel	FBpp0206136	dsec
OG0002819	FBpp0073735	dmel	FBpp0206136	dsec
OG0002819	FBpp0073736	dmel	FBpp0199153	dsec
OG0002819	FBpp0073736	dmel	FBpp0206136	dsec
OG0002819	FBpp0088324	dmel	FBpp0199030	dsec
OG0002819	FBpp0088324	dmel	FBpp0199153	dsec
OG0002819	FBpp0073731	dmel	FBpp0323655	dsim
OG0002819	FBpp0073732	dmel	FBpp0323655	dsim
OG0002819	FBpp0073735	dmel	FBpp0323655	dsim
OG0002819	FBpp0073736	dmel	FBpp0323655	dsim
OG0002819	FBpp0088324	dmel	FBpp0215573	dsim
OG0002819	FBpp0199030	dsec	FBpp0323655	dsim
OG0002819	FBpp0199153	dsec	FBpp0323655	dsim
OG0002819	FBpp0206136	dsec	FBpp0215573	dsim
OG0003339	FBpp0085606	dmel	FBpp0203495	dsec
OG0003339	FBpp0085606	dmel	FBpp0203496	dsec
OG0003339	FBpp0085605	dmel	FBpp0209919	dsim
OG0003339	FBpp0085606	dmel	FBpp0314545	dsim
OG0003339	FBpp0203495	dsec	FBpp0209919	dsim
OG0003339	FBpp0203496	dsec	FBpp0209919	dsim
OG0003457	FBpp0308242	dmel	FBpp0200228	dsec
OG0003457	FBpp0200228	dsec	FBpp0210308	dsim
OG0006962	FBpp0085746	dmel	FBpp0194641	dsec
OG0006962	FBpp0085746	dmel	FBpp0194642	dsec
OG0006962	FBpp0085746	dmel	FBpp0203419	dsec
OG0006962	FBpp0085746	dmel	FBpp0203420	dsec
OG0006962	FBpp0289819	dmel	FBpp0194641	dsec
OG0006962	FBpp0289819	dmel	FBpp0194642	dsec
OG0006962	FBpp0289819	dmel	FBpp0201319	dsec
OG0006962	FBpp0289819	dmel	FBpp0203419	dsec
OG0006962	FBpp0085746	dmel	FBpp0209842	dsim
OG0006962	FBpp0085746	dmel	FBpp0314775	dsim
OG0006962	FBpp0289819	dmel	FBpp0223734	dsim
OG0006962	FBpp0289819	dmel	FBpp0314775	dsim
OG0006962	FBpp0194641	dsec	FBpp0209842	dsim
OG0006962	FBpp0194641	dsec	FBpp0223734	dsim
OG0006962	FBpp0194642	dsec	FBpp0209842	dsim
OG0006962	FBpp0194642	dsec	FBpp0223734	dsim
OG0006962	FBpp0201319	dsec	FBpp0209842	dsim
OG0006962	FBpp0201319	dsec	FBpp0314775	dsim
OG0006962	FBpp0203419	dsec	FBpp0209842	dsim
OG0006962	FBpp0203419	dsec	FBpp0223734	dsim
OG0006962	FBpp0203420	dsec	FBpp0223734	dsim
OG0006962	FBpp0203420	dsec	FBpp0314775	dsim
OG0009421	FBpp0308574	dmel	FBpp0193146	dsec
OG0009421	FBpp0308574	dmel	FBpp0194035	dsec
OG0009421	FBpp0308574	dmel	FBpp0194036	dsec
OG0009421	FBpp0193146	dsec	FBpp0222989	dsim
OG0009421	FBpp0193146	dsec	FBpp0223161	dsim
OG0009421	FBpp0193991	dsec	FBpp0223161	dsim
OG0009421	FBpp0193992	dsec	FBpp0223161	dsim
OG0009421	FBpp0193993	dsec	FBpp0223161	dsim
OG0009421	FBpp0193995	dsec	FBpp0223161	dsim
OG0009421	FBpp0194036	dsec	FBpp0223161	dsim
OG0009421	FBpp0194041	dsec	FBpp0223161	dsim
OG0009686	FBpp0111390	dmel	FBpp0196843	dsec
OG0009686	FBpp0111390	dmel	FBpp0321753	dsim
OG0009686	FBpp0111390	dmel	FBpp0322786	dsim
OG0009686	FBpp0306060	dmel	FBpp0321753	dsim
OG0009920	FBpp0192752	dsec	FBpp0215380	dsim
OG0009920	FBpp0192752	dsec	FBpp0316719	dsim
OG0009920	FBpp0192752	dsec	FBpp0317853	dsim
OG0009920	FBpp0192752	dsec	FBpp0326615	dsim
OG0009920	FBpp0192771	dsec	FBpp0209680	dsim
OG0009920	FBpp0192771	dsec	FBpp0215380	dsim
OG0009920	FBpp0192771	dsec	FBpp0316719	dsim
OG0009920	FBpp0192771	dsec	FBpp0326615	dsim
OG0009920	FBpp0192902	dsec	FBpp0209680	dsim
OG0009920	FBpp0192902	dsec	FBpp0316719	dsim
OG0009920	FBpp0192902	dsec	FBpp0317853	dsim
OG0010909	FBpp0086075	dmel	FBpp0197078	dsec
OG0010909	FBpp0306130	dmel	FBpp0203252	dsec
OG0010909	FBpp0423058	dmel	FBpp0203252	dsec
OG0010909	FBpp0086075	dmel	FBpp0318456	dsim
OG0010909	FBpp0086075	dmel	FBpp0325840	dsim
OG0010909	FBpp0306130	dmel	FBpp0209670	dsim
OG0010909	FBpp0306130	dmel	FBpp0318456	dsim
OG0010909	FBpp0423058	dmel	FBpp0209670	dsim
OG0010909	FBpp0423058	dmel	FBpp0318456	dsim
OG0010909	FBpp0197078	dsec	FBpp0209670	dsim
OG0010909	FBpp0197078	dsec	FBpp0318456	dsim
OG0010909	FBpp0203252	dsec	FBpp0318456	dsim
OG0010909	FBpp0203252	dsec	FBpp0325840	dsim
OG0011204	FBpp0112496	dmel	FBpp0314565	dsim
OG0011204	FBpp0112496	dmel	FBpp0319214	dsim
OG0011204	FBpp0291442	dmel	FBpp0313848	dsim
OG0011204	FBpp0291442	dmel	FBpp0314565	dsim
OG0011204	FBpp0291442	dmel	FBpp0319214	dsim
OG0011533	FBpp0301124	dmel	FBpp0203111	dsec
OG0011533	FBpp0100103	dmel	FBpp0209538	dsim
OG0011533	FBpp0100103	dmel	FBpp0210693	dsim
OG0011533	FBpp0301124	dmel	FBpp0209538	dsim
OG0011533	FBpp0203111	dsec	FBpp0209538	dsim
OG0011533	FBpp0203111	dsec	FBpp0210693	dsim
OG0011763	FBpp0083651	dmel	FBpp0209711	dsim
OG0011763	FBpp0290698	dmel	FBpp0209711	dsim
OG0011763	FBpp0207918	dsec	FBpp0209711	dsim
OG0011787	FBpp0074612	dmel	FBpp0203753	dsec
OG0011787	FBpp0074612	dmel	FBpp0203754	dsec
OG0011787	FBpp0077830	dmel	FBpp0203751	dsec
OG0011787	FBpp0077830	dmel	FBpp0203754	dsec
OG0011787	FBpp0074612	dmel	FBpp0213277	dsim
OG0011787	FBpp0203751	dsec	FBpp0213277	dsim
OG0011787	FBpp0203753	dsec	FBpp0322157	dsim
OG0011787	FBpp0203754	dsec	FBpp0213277	dsim
OG0011787	FBpp0203754	dsec	FBpp0322157	dsim
OG0011788	FBpp0073564	dmel	FBpp0200814	dsec
OG0011788	FBpp0073564	dmel	FBpp0201348	dsec
OG0011788	FBpp0073564	dmel	FBpp0315206	dsim
OG0011788	FBpp0192976	dsec	FBpp0315206	dsim
OG0011788	FBpp0192978	dsec	FBpp0315206	dsim
OG0011788	FBpp0192979	dsec	FBpp0315206	dsim
OG0011788	FBpp0200814	dsec	FBpp0317809	dsim
OG0011788	FBpp0201348	dsec	FBpp0317809	dsim
OG0011792	FBpp0204518	dsec	FBpp0213936	dsim
OG0011792	FBpp0204518	dsec	FBpp0313618	dsim
OG0011792	FBpp0204518	dsec	FBpp0322794	dsim
OG0011792	FBpp0204518	dsec	FBpp0326671	dsim
OG0011792	FBpp0204523	dsec	FBpp0213936	dsim
OG0011792	FBpp0204523	dsec	FBpp0313618	dsim
OG0011792	FBpp0204523	dsec	FBpp0317806	dsim
OG0011792	FBpp0204523	dsec	FBpp0322794	dsim
OG0011792	FBpp0204523	dsec	FBpp0324587	dsim
OG0011792	FBpp0204523	dsec	FBpp0326671	dsim
OG0011928	FBpp0306235	dmel	FBpp0194958	dsec
OG0011928	FBpp0306234	dmel	FBpp0320594	dsim
OG0011928	FBpp0306235	dmel	FBpp0316729	dsim
OG0011928	FBpp0306235	dmel	FBpp0320594	dsim
OG0012327	FBpp0290787	dmel	FBpp0194741	dsec
OG0012327	FBpp0290787	dmel	FBpp0204487	dsec
OG0012327	FBpp0290787	dmel	FBpp0325804	dsim
OG0012327	FBpp0194741	dsec	FBpp0320698	dsim
OG0012327	FBpp0194741	dsec	FBpp0324025	dsim
OG0012327	FBpp0204171	dsec	FBpp0325804	dsim
OG0012327	FBpp0204487	dsec	FBpp0320698	dsim
OG0012327	FBpp0204487	dsec	FBpp0324025	dsim
OG0012651	FBpp0074441	dmel	FBpp0206157	dsec
OG0012651	FBpp0074441	dmel	FBpp0320214	dsim
OG0012651	FBpp0204419	dsec	FBpp0320214	dsim
OG0012651	FBpp0204420	dsec	FBpp0320214	dsim
OG0012651	FBpp0204425	dsec	FBpp0320214	dsim
OG0013027	FBpp0300560	dmel	FBpp0196437	dsec
OG0013027	FBpp0300560	dmel	FBpp0213141	dsim
OG0013065	FBpp0203564	dsec	FBpp0213448	dsim
OG0013065	FBpp0203564	dsec	FBpp0327778	dsim
OG0013065	FBpp0203940	dsec	FBpp0324554	dsim
OG0013065	FBpp0203940	dsec	FBpp0327778	dsim
