experiment_id,mean_dist_quant,k_seeding,alpha_mad,alpha_accept,min_intersection,radius,n_seeds,n_ensembles,n_clustered_memberships,n_unique_clustered,n_overlap_memberships,internal_coherence,coverage,unique_coverage,clustering_quality,clustering_seconds,quality_seconds,ierr
1,  5.0000000000000003E-02,15,  2.5000000000000000E-01,  2.5000000000000000E-01,1,  8.7401862698694252E-02,100,80,303,303,0,  1.3110728773737981E-01,  6.0599999999999998E-01,  6.0599999999999998E-01,  2.1557517525768752E-01,  6.3877766000000002E-02,  3.3234800000000000E-04,0
2,  5.0000000000000003E-02,15,  2.5000000000000000E-01,  2.5000000000000000E-01,2,  8.7401862698694252E-02,100,80,303,303,0,  1.3110728773737981E-01,  6.0599999999999998E-01,  6.0599999999999998E-01,  2.1557517525768752E-01,  6.0838804000000003E-02,  2.9494200000000002E-04,0
3,  5.0000000000000003E-02,15,  2.5000000000000000E-01,  2.5000000000000000E-01,3,  8.7401862698694252E-02,100,81,305,303,2,  1.3005928799700725E-01,  6.0999999999999999E-01,  6.0599999999999998E-01,  2.1440489151321954E-01,  6.1547708000000000E-02,  2.9686200000000000E-04,0
4,  5.0000000000000003E-02,15,  2.5000000000000000E-01,  2.5000000000000000E-01,4,  8.7401862698694252E-02,100,83,311,303,8,  1.2872067187767497E-01,  6.2200000000000000E-01,  6.0599999999999998E-01,  2.1329972893289337E-01,  6.8877147999999999E-02,  3.3957900000000001E-04,0
5,  5.0000000000000003E-02,15,  2.5000000000000000E-01,  2.5000000000000000E-01,5,  8.7401862698694252E-02,100,86,323,303,20,  1.2966241020755426E-01,  6.4600000000000002E-01,  6.0599999999999998E-01,  2.1597518686426165E-01,  5.9950295000000001E-02,  3.1043500000000002E-04,0
6,  5.0000000000000003E-02,15,  2.5000000000000000E-01,  4.3750000000000000E-01,1,  8.7401862698694252E-02,100,80,303,303,0,  1.3110728773737981E-01,  6.0599999999999998E-01,  6.0599999999999998E-01,  2.1557517525768752E-01,  6.3074348000000002E-02,  3.0426200000000002E-04,0
7,  5.0000000000000003E-02,15,  2.5000000000000000E-01,  4.3750000000000000E-01,2,  8.7401862698694252E-02,100,80,303,303,0,  1.3110728773737981E-01,  6.0599999999999998E-01,  6.0599999999999998E-01,  2.1557517525768752E-01,  6.9149347000000000E-02,  4.1000400000000000E-04,0
8,  5.0000000000000003E-02,15,  2.5000000000000000E-01,  4.3750000000000000E-01,3,  8.7401862698694252E-02,100,81,305,303,2,  1.3005928799700725E-01,  6.0999999999999999E-01,  6.0599999999999998E-01,  2.1440489151321954E-01,  6.1850982999999998E-02,  2.9740000000000002E-04,0
9,  5.0000000000000003E-02,15,  2.5000000000000000E-01,  4.3750000000000000E-01,4,  8.7401862698694252E-02,100,83,311,303,8,  1.2872067187767497E-01,  6.2200000000000000E-01,  6.0599999999999998E-01,  2.1329972893289337E-01,  6.6332620999999994E-02,  2.9997299999999998E-04,0
10,  5.0000000000000003E-02,15,  2.5000000000000000E-01,  4.3750000000000000E-01,5,  8.7401862698694252E-02,100,86,323,303,20,  1.2966241020755426E-01,  6.4600000000000002E-01,  6.0599999999999998E-01,  2.1597518686426165E-01,  6.1473818999999999E-02,  3.3826300000000000E-04,0
11,  5.0000000000000003E-02,15,  2.5000000000000000E-01,  6.2500000000000000E-01,1,  8.7401862698694252E-02,100,80,303,303,0,  1.3110728773737981E-01,  6.0599999999999998E-01,  6.0599999999999998E-01,  2.1557517525768752E-01,  6.7856725000000007E-02,  2.8936800000000003E-04,0
12,  5.0000000000000003E-02,15,  2.5000000000000000E-01,  6.2500000000000000E-01,2,  8.7401862698694252E-02,100,80,303,303,0,  1.3110728773737981E-01,  6.0599999999999998E-01,  6.0599999999999998E-01,  2.1557517525768752E-01,  5.9938841000000000E-02,  2.9447900000000000E-04,0
13,  5.0000000000000003E-02,15,  2.5000000000000000E-01,  6.2500000000000000E-01,3,  8.7401862698694252E-02,100,81,305,303,2,  1.3005928799700725E-01,  6.0999999999999999E-01,  6.0599999999999998E-01,  2.1440489151321954E-01,  6.2836490999999994E-02,  3.2493799999999998E-04,0
14,  5.0000000000000003E-02,15,  2.5000000000000000E-01,  6.2500000000000000E-01,4,  8.7401862698694252E-02,100,83,311,303,8,  1.2872067187767497E-01,  6.2200000000000000E-01,  6.0599999999999998E-01,  2.1329972893289337E-01,  6.3619199000000001E-02,  3.0960299999999998E-04,0
15,  5.0000000000000003E-02,15,  2.5000000000000000E-01,  6.2500000000000000E-01,5,  8.7401862698694252E-02,100,86,323,303,20,  1.2966241020755426E-01,  6.4600000000000002E-01,  6.0599999999999998E-01,  2.1597518686426165E-01,  5.9596789999999997E-02,  3.0863300000000000E-04,0
16,  5.0000000000000003E-02,15,  2.5000000000000000E-01,  8.1250000000000000E-01,1,  8.7401862698694252E-02,100,80,303,303,0,  1.3110728773737981E-01,  6.0599999999999998E-01,  6.0599999999999998E-01,  2.1557517525768752E-01,  6.3627591999999997E-02,  3.1176499999999998E-04,0
17,  5.0000000000000003E-02,15,  2.5000000000000000E-01,  8.1250000000000000E-01,2,  8.7401862698694252E-02,100,80,303,303,0,  1.3110728773737981E-01,  6.0599999999999998E-01,  6.0599999999999998E-01,  2.1557517525768752E-01,  6.3204671000000004E-02,  3.0900799999999999E-04,0
18,  5.0000000000000003E-02,15,  2.5000000000000000E-01,  8.1250000000000000E-01,3,  8.7401862698694252E-02,100,81,305,303,2,  1.3005928799700725E-01,  6.0999999999999999E-01,  6.0599999999999998E-01,  2.1440489151321954E-01,  7.0339496000000001E-02,  4.5891200000000001E-04,0
19,  5.0000000000000003E-02,15,  2.5000000000000000E-01,  8.1250000000000000E-01,4,  8.7401862698694252E-02,100,83,311,303,8,  1.2872067187767497E-01,  6.2200000000000000E-01,  6.0599999999999998E-01,  2.1329972893289337E-01,  6.3972451999999999E-02,  2.9870700000000000E-04,0
20,  5.0000000000000003E-02,15,  2.5000000000000000E-01,  8.1250000000000000E-01,5,  8.7401862698694252E-02,100,86,323,303,20,  1.2966241020755426E-01,  6.4600000000000002E-01,  6.0599999999999998E-01,  2.1597518686426165E-01,  5.9551466999999997E-02,  4.2486100000000001E-04,0
21,  5.0000000000000003E-02,15,  2.5000000000000000E-01,  1.0000000000000000E+00,1,  8.7401862698694252E-02,100,80,303,303,0,  1.3110728773737981E-01,  6.0599999999999998E-01,  6.0599999999999998E-01,  2.1557517525768752E-01,  6.5846318000000001E-02,  4.3836500000000002E-04,0
22,  5.0000000000000003E-02,15,  2.5000000000000000E-01,  1.0000000000000000E+00,2,  8.7401862698694252E-02,100,80,303,303,0,  1.3110728773737981E-01,  6.0599999999999998E-01,  6.0599999999999998E-01,  2.1557517525768752E-01,  6.6269486000000002E-02,  2.9735800000000001E-04,0
23,  5.0000000000000003E-02,15,  2.5000000000000000E-01,  1.0000000000000000E+00,3,  8.7401862698694252E-02,100,81,305,303,2,  1.3005928799700725E-01,  6.0999999999999999E-01,  6.0599999999999998E-01,  2.1440489151321954E-01,  5.9305582000000003E-02,  2.9309300000000002E-04,0
24,  5.0000000000000003E-02,15,  2.5000000000000000E-01,  1.0000000000000000E+00,4,  8.7401862698694252E-02,100,83,311,303,8,  1.2872067187767497E-01,  6.2200000000000000E-01,  6.0599999999999998E-01,  2.1329972893289337E-01,  6.3122956999999993E-02,  2.9793099999999998E-04,0
25,  5.0000000000000003E-02,15,  2.5000000000000000E-01,  1.0000000000000000E+00,5,  8.7401862698694252E-02,100,86,323,303,20,  1.2966241020755426E-01,  6.4600000000000002E-01,  6.0599999999999998E-01,  2.1597518686426165E-01,  6.7123536999999997E-02,  3.0536400000000003E-04,0
26,  5.0000000000000003E-02,15,  4.3750000000000000E-01,  2.5000000000000000E-01,1,  8.7401862698694252E-02,100,23,452,452,0,  4.8215775376595749E-01,  9.0400000000000003E-01,  9.0400000000000003E-01,  6.2889033837633335E-01,  1.0077520900000000E-01,  3.6486000000000000E-04,0
27,  5.0000000000000003E-02,15,  4.3750000000000000E-01,  2.5000000000000000E-01,2,  8.7401862698694252E-02,100,31,460,452,8,  4.0659055322755661E-01,  9.2000000000000004E-01,  9.0400000000000003E-01,  5.6394689086133898E-01,  9.9852848999999994E-02,  3.6617300000000002E-04,0
28,  5.0000000000000003E-02,15,  4.3750000000000000E-01,  2.5000000000000000E-01,3,  8.7401862698694252E-02,100,34,466,452,14,  3.6683477869351960E-01,  9.3200000000000005E-01,  9.0400000000000003E-01,  5.2645651217664935E-01,  1.1495900400000000E-01,  5.8954600000000004E-04,0
29,  5.0000000000000003E-02,15,  4.3750000000000000E-01,  2.5000000000000000E-01,4,  8.7401862698694252E-02,100,38,478,452,26,  3.3680911188097318E-01,  9.5599999999999996E-01,  9.0400000000000003E-01,  4.9812382663320121E-01,  1.0561199100000000E-01,  3.8306400000000002E-04,0
30,  5.0000000000000003E-02,15,  4.3750000000000000E-01,  2.5000000000000000E-01,5,  8.7401862698694252E-02,100,39,482,452,30,  3.3525735127208989E-01,  9.6399999999999997E-01,  9.0400000000000003E-01,  4.9749664500241531E-01,  1.0132506800000000E-01,  3.8443499999999997E-04,0
31,  5.0000000000000003E-02,15,  4.3750000000000000E-01,  4.3750000000000000E-01,1,  8.7401862698694252E-02,100,23,452,452,0,  4.8215775376595749E-01,  9.0400000000000003E-01,  9.0400000000000003E-01,  6.2889033837633335E-01,  1.1728980500000000E-01,  4.0981100000000000E-04,0
32,  5.0000000000000003E-02,15,  4.3750000000000000E-01,  4.3750000000000000E-01,2,  8.7401862698694252E-02,100,31,460,452,8,  4.0659055322755661E-01,  9.2000000000000004E-01,  9.0400000000000003E-01,  5.6394689086133898E-01,  1.2513933999999999E-01,  3.8426399999999999E-04,0
33,  5.0000000000000003E-02,15,  4.3750000000000000E-01,  4.3750000000000000E-01,3,  8.7401862698694252E-02,100,34,466,452,14,  3.6683477869351960E-01,  9.3200000000000005E-01,  9.0400000000000003E-01,  5.2645651217664935E-01,  1.0837258000000000E-01,  3.7516699999999998E-04,0
34,  5.0000000000000003E-02,15,  4.3750000000000000E-01,  4.3750000000000000E-01,4,  8.7401862698694252E-02,100,38,478,452,26,  3.3680911188097318E-01,  9.5599999999999996E-01,  9.0400000000000003E-01,  4.9812382663320121E-01,  1.0533069600000000E-01,  4.0886100000000000E-04,0
35,  5.0000000000000003E-02,15,  4.3750000000000000E-01,  4.3750000000000000E-01,5,  8.7401862698694252E-02,100,39,482,452,30,  3.3525735127208989E-01,  9.6399999999999997E-01,  9.0400000000000003E-01,  4.9749664500241531E-01,  1.0307907700000001E-01,  3.9023299999999998E-04,0
36,  5.0000000000000003E-02,15,  4.3750000000000000E-01,  6.2500000000000000E-01,1,  8.7401862698694252E-02,100,23,452,452,0,  4.8215775376595749E-01,  9.0400000000000003E-01,  9.0400000000000003E-01,  6.2889033837633335E-01,  1.0490697100000000E-01,  3.5406700000000001E-04,0
37,  5.0000000000000003E-02,15,  4.3750000000000000E-01,  6.2500000000000000E-01,2,  8.7401862698694252E-02,100,31,460,452,8,  4.0659055322755661E-01,  9.2000000000000004E-01,  9.0400000000000003E-01,  5.6394689086133898E-01,  1.0683021800000000E-01,  3.9218800000000002E-04,0
38,  5.0000000000000003E-02,15,  4.3750000000000000E-01,  6.2500000000000000E-01,3,  8.7401862698694252E-02,100,34,466,452,14,  3.6683477869351960E-01,  9.3200000000000005E-01,  9.0400000000000003E-01,  5.2645651217664935E-01,  1.0670640300000001E-01,  5.6448200000000005E-04,0
39,  5.0000000000000003E-02,15,  4.3750000000000000E-01,  6.2500000000000000E-01,4,  8.7401862698694252E-02,100,38,478,452,26,  3.3680911188097318E-01,  9.5599999999999996E-01,  9.0400000000000003E-01,  4.9812382663320121E-01,  1.0185607100000001E-01,  4.1016600000000000E-04,0
40,  5.0000000000000003E-02,15,  4.3750000000000000E-01,  6.2500000000000000E-01,5,  8.7401862698694252E-02,100,39,482,452,30,  3.3525735127208989E-01,  9.6399999999999997E-01,  9.0400000000000003E-01,  4.9749664500241531E-01,  1.0377152900000000E-01,  4.1969600000000000E-04,0
41,  5.0000000000000003E-02,15,  4.3750000000000000E-01,  8.1250000000000000E-01,1,  8.7401862698694252E-02,100,23,452,452,0,  4.8215775376595749E-01,  9.0400000000000003E-01,  9.0400000000000003E-01,  6.2889033837633335E-01,  1.0097487500000001E-01,  3.5449300000000000E-04,0
42,  5.0000000000000003E-02,15,  4.3750000000000000E-01,  8.1250000000000000E-01,2,  8.7401862698694252E-02,100,31,460,452,8,  4.0659055322755661E-01,  9.2000000000000004E-01,  9.0400000000000003E-01,  5.6394689086133898E-01,  1.0119094200000001E-01,  3.6546700000000002E-04,0
43,  5.0000000000000003E-02,15,  4.3750000000000000E-01,  8.1250000000000000E-01,3,  8.7401862698694252E-02,100,34,466,452,14,  3.6683477869351960E-01,  9.3200000000000005E-01,  9.0400000000000003E-01,  5.2645651217664935E-01,  1.0934742400000000E-01,  3.7150300000000002E-04,0
44,  5.0000000000000003E-02,15,  4.3750000000000000E-01,  8.1250000000000000E-01,4,  8.7401862698694252E-02,100,38,478,452,26,  3.3680911188097318E-01,  9.5599999999999996E-01,  9.0400000000000003E-01,  4.9812382663320121E-01,  1.0360451100000000E-01,  3.7316699999999999E-04,0
45,  5.0000000000000003E-02,15,  4.3750000000000000E-01,  8.1250000000000000E-01,5,  8.7401862698694252E-02,100,39,482,452,30,  3.3525735127208989E-01,  9.6399999999999997E-01,  9.0400000000000003E-01,  4.9749664500241531E-01,  1.0609386100000000E-01,  3.9444500000000000E-04,0
46,  5.0000000000000003E-02,15,  4.3750000000000000E-01,  1.0000000000000000E+00,1,  8.7401862698694252E-02,100,23,452,452,0,  4.8215775376595749E-01,  9.0400000000000003E-01,  9.0400000000000003E-01,  6.2889033837633335E-01,  1.1014466700000000E-01,  3.5776999999999998E-04,0
47,  5.0000000000000003E-02,15,  4.3750000000000000E-01,  1.0000000000000000E+00,2,  8.7401862698694252E-02,100,31,460,452,8,  4.0659055322755661E-01,  9.2000000000000004E-01,  9.0400000000000003E-01,  5.6394689086133898E-01,  1.0003413200000000E-01,  3.9801000000000002E-04,0
48,  5.0000000000000003E-02,15,  4.3750000000000000E-01,  1.0000000000000000E+00,3,  8.7401862698694252E-02,100,34,466,452,14,  3.6683477869351960E-01,  9.3200000000000005E-01,  9.0400000000000003E-01,  5.2645651217664935E-01,  1.0408656299999999E-01,  3.7143600000000000E-04,0
49,  5.0000000000000003E-02,15,  4.3750000000000000E-01,  1.0000000000000000E+00,4,  8.7401862698694252E-02,100,38,478,452,26,  3.3680911188097318E-01,  9.5599999999999996E-01,  9.0400000000000003E-01,  4.9812382663320121E-01,  1.0645229400000000E-01,  3.8403700000000000E-04,0
50,  5.0000000000000003E-02,15,  4.3750000000000000E-01,  1.0000000000000000E+00,5,  8.7401862698694252E-02,100,39,482,452,30,  3.3525735127208989E-01,  9.6399999999999997E-01,  9.0400000000000003E-01,  4.9749664500241531E-01,  1.0020932600000000E-01,  4.1155800000000002E-04,0
51,  5.0000000000000003E-02,15,  6.2500000000000000E-01,  2.5000000000000000E-01,1,  8.7401862698694252E-02,100,20,458,458,0,  5.1336212513005763E-01,  9.1600000000000004E-01,  9.1600000000000004E-01,  6.5797141025594996E-01,  1.1884472300000000E-01,  3.5707799999999999E-04,0
52,  5.0000000000000003E-02,15,  6.2500000000000000E-01,  2.5000000000000000E-01,2,  8.7401862698694252E-02,100,23,461,458,3,  4.7931847930185939E-01,  9.2200000000000004E-01,  9.1600000000000004E-01,  6.3073690163064988E-01,  1.1551248600000000E-01,  3.7319099999999998E-04,0
53,  5.0000000000000003E-02,15,  6.2500000000000000E-01,  2.5000000000000000E-01,3,  8.7401862698694252E-02,100,24,463,458,5,  4.3953479350861563E-01,  9.2600000000000005E-01,  9.1600000000000004E-01,  5.9611695099061590E-01,  1.1194147000000000E-01,  3.7558200000000001E-04,0
54,  5.0000000000000003E-02,15,  6.2500000000000000E-01,  2.5000000000000000E-01,4,  8.7401862698694252E-02,100,26,469,458,11,  4.0637342524199305E-01,  9.3799999999999994E-01,  9.1600000000000004E-01,  5.6707201395084961E-01,  1.1323390300000000E-01,  3.6707200000000003E-04,0
55,  5.0000000000000003E-02,15,  6.2500000000000000E-01,  2.5000000000000000E-01,5,  8.7401862698694252E-02,100,27,473,458,15,  4.0054790842305110E-01,  9.4599999999999995E-01,  9.1600000000000004E-01,  5.6279961373518361E-01,  1.1515153400000000E-01,  3.6188300000000002E-04,0
56,  5.0000000000000003E-02,15,  6.2500000000000000E-01,  4.3750000000000000E-01,1,  8.7401862698694252E-02,100,20,458,458,0,  5.1336212513005763E-01,  9.1600000000000004E-01,  9.1600000000000004E-01,  6.5797141025594996E-01,  1.2067976900000001E-01,  5.0216300000000002E-04,0
57,  5.0000000000000003E-02,15,  6.2500000000000000E-01,  4.3750000000000000E-01,2,  8.7401862698694252E-02,100,23,461,458,3,  4.7931847930185939E-01,  9.2200000000000004E-01,  9.1600000000000004E-01,  6.3073690163064988E-01,  1.0831824499999999E-01,  3.6034899999999999E-04,0
58,  5.0000000000000003E-02,15,  6.2500000000000000E-01,  4.3750000000000000E-01,3,  8.7401862698694252E-02,100,24,463,458,5,  4.3953479350861563E-01,  9.2600000000000005E-01,  9.1600000000000004E-01,  5.9611695099061590E-01,  1.2075546400000001E-01,  3.7106699999999999E-04,0
59,  5.0000000000000003E-02,15,  6.2500000000000000E-01,  4.3750000000000000E-01,4,  8.7401862698694252E-02,100,26,469,458,11,  4.0637342524199305E-01,  9.3799999999999994E-01,  9.1600000000000004E-01,  5.6707201395084961E-01,  1.1147133400000001E-01,  3.8760900000000002E-04,0
60,  5.0000000000000003E-02,15,  6.2500000000000000E-01,  4.3750000000000000E-01,5,  8.7401862698694252E-02,100,27,473,458,15,  4.0054790842305110E-01,  9.4599999999999995E-01,  9.1600000000000004E-01,  5.6279961373518361E-01,  1.1153231100000000E-01,  3.8595600000000002E-04,0
61,  5.0000000000000003E-02,15,  6.2500000000000000E-01,  6.2500000000000000E-01,1,  8.7401862698694252E-02,100,20,458,458,0,  5.1336212513005763E-01,  9.1600000000000004E-01,  9.1600000000000004E-01,  6.5797141025594996E-01,  1.1316538299999999E-01,  3.5627599999999999E-04,0
62,  5.0000000000000003E-02,15,  6.2500000000000000E-01,  6.2500000000000000E-01,2,  8.7401862698694252E-02,100,23,461,458,3,  4.7931847930185939E-01,  9.2200000000000004E-01,  9.1600000000000004E-01,  6.3073690163064988E-01,  1.1359190399999999E-01,  3.6008600000000002E-04,0
63,  5.0000000000000003E-02,15,  6.2500000000000000E-01,  6.2500000000000000E-01,3,  8.7401862698694252E-02,100,24,463,458,5,  4.3953479350861563E-01,  9.2600000000000005E-01,  9.1600000000000004E-01,  5.9611695099061590E-01,  1.1036094900000000E-01,  3.4590499999999998E-04,0
64,  5.0000000000000003E-02,15,  6.2500000000000000E-01,  6.2500000000000000E-01,4,  8.7401862698694252E-02,100,26,469,458,11,  4.0637342524199305E-01,  9.3799999999999994E-01,  9.1600000000000004E-01,  5.6707201395084961E-01,  1.1391784400000000E-01,  3.8797099999999998E-04,0
65,  5.0000000000000003E-02,15,  6.2500000000000000E-01,  6.2500000000000000E-01,5,  8.7401862698694252E-02,100,27,473,458,15,  4.0054790842305110E-01,  9.4599999999999995E-01,  9.1600000000000004E-01,  5.6279961373518361E-01,  1.1553283100000000E-01,  3.9614499999999998E-04,0
66,  5.0000000000000003E-02,15,  6.2500000000000000E-01,  8.1250000000000000E-01,1,  8.7401862698694252E-02,100,20,458,458,0,  5.1336212513005763E-01,  9.1600000000000004E-01,  9.1600000000000004E-01,  6.5797141025594996E-01,  1.1140401400000000E-01,  3.6474000000000001E-04,0
67,  5.0000000000000003E-02,15,  6.2500000000000000E-01,  8.1250000000000000E-01,2,  8.7401862698694252E-02,100,23,461,458,3,  4.7931847930185939E-01,  9.2200000000000004E-01,  9.1600000000000004E-01,  6.3073690163064988E-01,  1.0950427200000000E-01,  3.4517300000000000E-04,0
68,  5.0000000000000003E-02,15,  6.2500000000000000E-01,  8.1250000000000000E-01,3,  8.7401862698694252E-02,100,24,463,458,5,  4.3953479350861563E-01,  9.2600000000000005E-01,  9.1600000000000004E-01,  5.9611695099061590E-01,  1.0832619700000000E-01,  3.6286800000000002E-04,0
69,  5.0000000000000003E-02,15,  6.2500000000000000E-01,  8.1250000000000000E-01,4,  8.7401862698694252E-02,100,26,469,458,11,  4.0637342524199305E-01,  9.3799999999999994E-01,  9.1600000000000004E-01,  5.6707201395084961E-01,  1.1643833000000001E-01,  3.5365899999999998E-04,0
70,  5.0000000000000003E-02,15,  6.2500000000000000E-01,  8.1250000000000000E-01,5,  8.7401862698694252E-02,100,27,473,458,15,  4.0054790842305110E-01,  9.4599999999999995E-01,  9.1600000000000004E-01,  5.6279961373518361E-01,  1.2107256600000001E-01,  3.9135800000000002E-04,0
71,  5.0000000000000003E-02,15,  6.2500000000000000E-01,  1.0000000000000000E+00,1,  8.7401862698694252E-02,100,20,458,458,0,  5.1336212513005763E-01,  9.1600000000000004E-01,  9.1600000000000004E-01,  6.5797141025594996E-01,  1.1086772100000000E-01,  3.7952299999999999E-04,0
72,  5.0000000000000003E-02,15,  6.2500000000000000E-01,  1.0000000000000000E+00,2,  8.7401862698694252E-02,100,23,461,458,3,  4.7931847930185939E-01,  9.2200000000000004E-01,  9.1600000000000004E-01,  6.3073690163064988E-01,  1.1349889100000000E-01,  3.4575799999999999E-04,0
73,  5.0000000000000003E-02,15,  6.2500000000000000E-01,  1.0000000000000000E+00,3,  8.7401862698694252E-02,100,24,463,458,5,  4.3953479350861563E-01,  9.2600000000000005E-01,  9.1600000000000004E-01,  5.9611695099061590E-01,  1.0983798000000000E-01,  3.7919400000000002E-04,0
74,  5.0000000000000003E-02,15,  6.2500000000000000E-01,  1.0000000000000000E+00,4,  8.7401862698694252E-02,100,26,469,458,11,  4.0637342524199305E-01,  9.3799999999999994E-01,  9.1600000000000004E-01,  5.6707201395084961E-01,  1.1761737799999999E-01,  3.4961299999999997E-04,0
75,  5.0000000000000003E-02,15,  6.2500000000000000E-01,  1.0000000000000000E+00,5,  8.7401862698694252E-02,100,27,473,458,15,  4.0054790842305110E-01,  9.4599999999999995E-01,  9.1600000000000004E-01,  5.6279961373518361E-01,  1.1222131400000000E-01,  3.6829000000000001E-04,0
76,  5.0000000000000003E-02,15,  8.1250000000000000E-01,  2.5000000000000000E-01,1,  8.7401862698694252E-02,100,13,488,488,0,  7.0985874285817951E-01,  9.7599999999999998E-01,  9.7599999999999998E-01,  8.2192192669118047E-01,  1.4697586900000001E-01,  3.8212100000000002E-04,0
77,  5.0000000000000003E-02,15,  8.1250000000000000E-01,  2.5000000000000000E-01,2,  8.7401862698694252E-02,100,14,489,488,1,  6.9882972605842530E-01,  9.7799999999999998E-01,  9.7599999999999998E-01,  8.1517575871186154E-01,  1.3467064500000001E-01,  3.5024800000000000E-04,0
78,  5.0000000000000003E-02,15,  8.1250000000000000E-01,  2.5000000000000000E-01,3,  8.7401862698694252E-02,100,15,491,488,3,  6.4066559650006760E-01,  9.8199999999999998E-01,  9.7599999999999998E-01,  7.7543224817244738E-01,  1.3925350600000000E-01,  5.8245900000000001E-04,0
79,  5.0000000000000003E-02,15,  8.1250000000000000E-01,  2.5000000000000000E-01,4,  8.7401862698694252E-02,100,15,491,488,3,  6.4066559650006760E-01,  9.8199999999999998E-01,  9.7599999999999998E-01,  7.7543224817244738E-01,  1.3933498300000000E-01,  3.7319499999999999E-04,0
80,  5.0000000000000003E-02,15,  8.1250000000000000E-01,  2.5000000000000000E-01,5,  8.7401862698694252E-02,100,17,499,488,11,  5.9280906064052019E-01,  9.9800000000000000E-01,  9.7599999999999998E-01,  7.4380195229844748E-01,  1.3337142299999999E-01,  3.9062999999999999E-04,0
81,  5.0000000000000003E-02,15,  8.1250000000000000E-01,  4.3750000000000000E-01,1,  8.7401862698694252E-02,100,13,488,488,0,  7.0985874285817951E-01,  9.7599999999999998E-01,  9.7599999999999998E-01,  8.2192192669118047E-01,  1.3474927900000000E-01,  3.8826399999999998E-04,0
82,  5.0000000000000003E-02,15,  8.1250000000000000E-01,  4.3750000000000000E-01,2,  8.7401862698694252E-02,100,14,489,488,1,  6.9882972605842530E-01,  9.7799999999999998E-01,  9.7599999999999998E-01,  8.1517575871186154E-01,  1.3769209299999999E-01,  3.8065600000000000E-04,0
83,  5.0000000000000003E-02,15,  8.1250000000000000E-01,  4.3750000000000000E-01,3,  8.7401862698694252E-02,100,15,491,488,3,  6.4066559650006760E-01,  9.8199999999999998E-01,  9.7599999999999998E-01,  7.7543224817244738E-01,  1.4198787800000001E-01,  3.7853499999999999E-04,0
84,  5.0000000000000003E-02,15,  8.1250000000000000E-01,  4.3750000000000000E-01,4,  8.7401862698694252E-02,100,15,491,488,3,  6.4066559650006760E-01,  9.8199999999999998E-01,  9.7599999999999998E-01,  7.7543224817244738E-01,  1.4148243999999999E-01,  3.9738000000000002E-04,0
85,  5.0000000000000003E-02,15,  8.1250000000000000E-01,  4.3750000000000000E-01,5,  8.7401862698694252E-02,100,17,499,488,11,  5.9280906064052019E-01,  9.9800000000000000E-01,  9.7599999999999998E-01,  7.4380195229844748E-01,  1.3711903800000000E-01,  3.9637599999999999E-04,0
86,  5.0000000000000003E-02,15,  8.1250000000000000E-01,  6.2500000000000000E-01,1,  8.7401862698694252E-02,100,13,488,488,0,  7.0985874285817951E-01,  9.7599999999999998E-01,  9.7599999999999998E-01,  8.2192192669118047E-01,  1.4573811100000000E-01,  3.6904000000000000E-04,0
87,  5.0000000000000003E-02,15,  8.1250000000000000E-01,  6.2500000000000000E-01,2,  8.7401862698694252E-02,100,14,489,488,1,  6.9882972605842530E-01,  9.7799999999999998E-01,  9.7599999999999998E-01,  8.1517575871186154E-01,  1.3563507399999999E-01,  3.5750499999999999E-04,0
88,  5.0000000000000003E-02,15,  8.1250000000000000E-01,  6.2500000000000000E-01,3,  8.7401862698694252E-02,100,15,491,488,3,  6.4066559650006760E-01,  9.8199999999999998E-01,  9.7599999999999998E-01,  7.7543224817244738E-01,  1.3861744100000001E-01,  3.6487400000000000E-04,0
89,  5.0000000000000003E-02,15,  8.1250000000000000E-01,  6.2500000000000000E-01,4,  8.7401862698694252E-02,100,15,491,488,3,  6.4066559650006760E-01,  9.8199999999999998E-01,  9.7599999999999998E-01,  7.7543224817244738E-01,  1.4089811499999999E-01,  4.2103099999999999E-04,0
90,  5.0000000000000003E-02,15,  8.1250000000000000E-01,  6.2500000000000000E-01,5,  8.7401862698694252E-02,100,17,499,488,11,  5.9280906064052019E-01,  9.9800000000000000E-01,  9.7599999999999998E-01,  7.4380195229844748E-01,  1.3416370100000000E-01,  3.6098899999999998E-04,0
91,  5.0000000000000003E-02,15,  8.1250000000000000E-01,  8.1250000000000000E-01,1,  8.7401862698694252E-02,100,13,488,488,0,  7.0985874285817951E-01,  9.7599999999999998E-01,  9.7599999999999998E-01,  8.2192192669118047E-01,  1.3880826800000001E-01,  3.6931000000000003E-04,0
92,  5.0000000000000003E-02,15,  8.1250000000000000E-01,  8.1250000000000000E-01,2,  8.7401862698694252E-02,100,14,489,488,1,  6.9882972605842530E-01,  9.7799999999999998E-01,  9.7599999999999998E-01,  8.1517575871186154E-01,  1.3514092799999999E-01,  3.7434000000000002E-04,0
93,  5.0000000000000003E-02,15,  8.1250000000000000E-01,  8.1250000000000000E-01,3,  8.7401862698694252E-02,100,15,491,488,3,  6.4066559650006760E-01,  9.8199999999999998E-01,  9.7599999999999998E-01,  7.7543224817244738E-01,  1.4143119700000001E-01,  3.9203099999999999E-04,0
94,  5.0000000000000003E-02,15,  8.1250000000000000E-01,  8.1250000000000000E-01,4,  8.7401862698694252E-02,100,15,491,488,3,  6.4066559650006760E-01,  9.8199999999999998E-01,  9.7599999999999998E-01,  7.7543224817244738E-01,  1.3620039900000000E-01,  3.9077099999999999E-04,0
95,  5.0000000000000003E-02,15,  8.1250000000000000E-01,  8.1250000000000000E-01,5,  8.7401862698694252E-02,100,17,499,488,11,  5.9280906064052019E-01,  9.9800000000000000E-01,  9.7599999999999998E-01,  7.4380195229844748E-01,  1.4179305600000000E-01,  3.7829500000000001E-04,0
96,  5.0000000000000003E-02,15,  8.1250000000000000E-01,  1.0000000000000000E+00,1,  8.7401862698694252E-02,100,13,488,488,0,  7.0985874285817951E-01,  9.7599999999999998E-01,  9.7599999999999998E-01,  8.2192192669118047E-01,  1.3839575800000001E-01,  3.7365199999999998E-04,0
97,  5.0000000000000003E-02,15,  8.1250000000000000E-01,  1.0000000000000000E+00,2,  8.7401862698694252E-02,100,14,489,488,1,  6.9882972605842530E-01,  9.7799999999999998E-01,  9.7599999999999998E-01,  8.1517575871186154E-01,  1.4799400900000001E-01,  3.9412799999999999E-04,0
98,  5.0000000000000003E-02,15,  8.1250000000000000E-01,  1.0000000000000000E+00,3,  8.7401862698694252E-02,100,15,491,488,3,  6.4066559650006760E-01,  9.8199999999999998E-01,  9.7599999999999998E-01,  7.7543224817244738E-01,  1.4298802099999999E-01,  3.9656300000000000E-04,0
99,  5.0000000000000003E-02,15,  8.1250000000000000E-01,  1.0000000000000000E+00,4,  8.7401862698694252E-02,100,15,491,488,3,  6.4066559650006760E-01,  9.8199999999999998E-01,  9.7599999999999998E-01,  7.7543224817244738E-01,  1.4131847000000000E-01,  3.7211900000000002E-04,0
100,  5.0000000000000003E-02,15,  8.1250000000000000E-01,  1.0000000000000000E+00,5,  8.7401862698694252E-02,100,17,499,488,11,  5.9280906064052019E-01,  9.9800000000000000E-01,  9.7599999999999998E-01,  7.4380195229844748E-01,  1.3304520600000000E-01,  4.4416399999999998E-04,0
101,  5.0000000000000003E-02,15,  1.0000000000000000E+00,  2.5000000000000000E-01,1,  8.7401862698694252E-02,100,7,493,493,0,  8.7495339462484978E-01,  9.8599999999999999E-01,  9.8599999999999999E-01,  9.2716351692839105E-01,  1.4046498299999999E-01,  3.6942300000000002E-04,0
102,  5.0000000000000003E-02,15,  1.0000000000000000E+00,  2.5000000000000000E-01,2,  8.7401862698694252E-02,100,8,494,493,1,  8.4348282282550380E-01,  9.8799999999999999E-01,  9.8599999999999999E-01,  9.1003968867798324E-01,  1.4029770200000000E-01,  4.0295199999999999E-04,0
103,  5.0000000000000003E-02,15,  1.0000000000000000E+00,  2.5000000000000000E-01,3,  8.7401862698694252E-02,100,10,498,493,5,  8.1943519214227556E-01,  9.9600000000000000E-01,  9.8599999999999999E-01,  8.9913146435220614E-01,  1.4083187400000000E-01,  4.0040200000000001E-04,0
104,  5.0000000000000003E-02,15,  1.0000000000000000E+00,  2.5000000000000000E-01,4,  8.7401862698694252E-02,100,12,504,493,11,  7.3771979301928403E-01,  1.0080000000000000E+00,  9.8599999999999999E-01,  8.5193689655923366E-01,  1.4819569299999999E-01,  3.9544899999999997E-04,0
105,  5.0000000000000003E-02,15,  1.0000000000000000E+00,  2.5000000000000000E-01,5,  8.7401862698694252E-02,100,13,508,493,15,  7.2797630485683007E-01,  1.0160000000000000E+00,  9.8599999999999999E-01,  8.4820409964831267E-01,  1.3976429200000001E-01,  3.7421900000000002E-04,0
106,  5.0000000000000003E-02,15,  1.0000000000000000E+00,  4.3750000000000000E-01,1,  8.7401862698694252E-02,100,7,493,493,0,  8.7495339462484978E-01,  9.8599999999999999E-01,  9.8599999999999999E-01,  9.2716351692839105E-01,  1.4707466299999999E-01,  3.9803300000000000E-04,0
107,  5.0000000000000003E-02,15,  1.0000000000000000E+00,  4.3750000000000000E-01,2,  8.7401862698694252E-02,100,8,494,493,1,  8.4348282282550380E-01,  9.8799999999999999E-01,  9.8599999999999999E-01,  9.1003968867798324E-01,  1.5026405900000001E-01,  3.5767399999999999E-04,0
108,  5.0000000000000003E-02,15,  1.0000000000000000E+00,  4.3750000000000000E-01,3,  8.7401862698694252E-02,100,10,498,493,5,  8.1943519214227556E-01,  9.9600000000000000E-01,  9.8599999999999999E-01,  8.9913146435220614E-01,  1.3631432199999999E-01,  3.8585799999999999E-04,0
109,  5.0000000000000003E-02,15,  1.0000000000000000E+00,  4.3750000000000000E-01,4,  8.7401862698694252E-02,100,12,504,493,11,  7.3771979301928403E-01,  1.0080000000000000E+00,  9.8599999999999999E-01,  8.5193689655923366E-01,  1.4885997500000001E-01,  3.8987199999999998E-04,0
110,  5.0000000000000003E-02,15,  1.0000000000000000E+00,  4.3750000000000000E-01,5,  8.7401862698694252E-02,100,13,508,493,15,  7.2797630485683007E-01,  1.0160000000000000E+00,  9.8599999999999999E-01,  8.4820409964831267E-01,  1.3767578599999999E-01,  4.1876199999999999E-04,0
111,  5.0000000000000003E-02,15,  1.0000000000000000E+00,  6.2500000000000000E-01,1,  8.7401862698694252E-02,100,7,493,493,0,  8.7495339462484978E-01,  9.8599999999999999E-01,  9.8599999999999999E-01,  9.2716351692839105E-01,  1.4458675700000001E-01,  3.8294300000000001E-04,0
112,  5.0000000000000003E-02,15,  1.0000000000000000E+00,  6.2500000000000000E-01,2,  8.7401862698694252E-02,100,8,494,493,1,  8.4348282282550380E-01,  9.8799999999999999E-01,  9.8599999999999999E-01,  9.1003968867798324E-01,  1.4936841800000000E-01,  3.5122899999999999E-04,0
113,  5.0000000000000003E-02,15,  1.0000000000000000E+00,  6.2500000000000000E-01,3,  8.7401862698694252E-02,100,10,498,493,5,  8.1943519214227556E-01,  9.9600000000000000E-01,  9.8599999999999999E-01,  8.9913146435220614E-01,  1.3606603800000000E-01,  3.6842400000000001E-04,0
114,  5.0000000000000003E-02,15,  1.0000000000000000E+00,  6.2500000000000000E-01,4,  8.7401862698694252E-02,100,12,504,493,11,  7.3771979301928403E-01,  1.0080000000000000E+00,  9.8599999999999999E-01,  8.5193689655923366E-01,  1.4979503000000000E-01,  3.9761700000000001E-04,0
115,  5.0000000000000003E-02,15,  1.0000000000000000E+00,  6.2500000000000000E-01,5,  8.7401862698694252E-02,100,13,508,493,15,  7.2797630485683007E-01,  1.0160000000000000E+00,  9.8599999999999999E-01,  8.4820409964831267E-01,  1.3996832100000001E-01,  3.8857099999999999E-04,0
116,  5.0000000000000003E-02,15,  1.0000000000000000E+00,  8.1250000000000000E-01,1,  8.7401862698694252E-02,100,7,493,493,0,  8.7495339462484978E-01,  9.8599999999999999E-01,  9.8599999999999999E-01,  9.2716351692839105E-01,  1.3820347699999999E-01,  3.8894500000000002E-04,0
117,  5.0000000000000003E-02,15,  1.0000000000000000E+00,  8.1250000000000000E-01,2,  8.7401862698694252E-02,100,8,494,493,1,  8.4348282282550380E-01,  9.8799999999999999E-01,  9.8599999999999999E-01,  9.1003968867798324E-01,  1.3719124499999999E-01,  3.9074999999999998E-04,0
118,  5.0000000000000003E-02,15,  1.0000000000000000E+00,  8.1250000000000000E-01,3,  8.7401862698694252E-02,100,10,498,493,5,  8.1943519214227556E-01,  9.9600000000000000E-01,  9.8599999999999999E-01,  8.9913146435220614E-01,  1.3229634300000001E-01,  3.7623600000000001E-04,0
119,  5.0000000000000003E-02,15,  1.0000000000000000E+00,  8.1250000000000000E-01,4,  8.7401862698694252E-02,100,12,504,493,11,  7.3771979301928403E-01,  1.0080000000000000E+00,  9.8599999999999999E-01,  8.5193689655923366E-01,  1.3706444800000001E-01,  3.7785100000000001E-04,0
120,  5.0000000000000003E-02,15,  1.0000000000000000E+00,  8.1250000000000000E-01,5,  8.7401862698694252E-02,100,13,508,493,15,  7.2797630485683007E-01,  1.0160000000000000E+00,  9.8599999999999999E-01,  8.4820409964831267E-01,  1.3364791900000000E-01,  4.5080499999999998E-04,0
121,  5.0000000000000003E-02,15,  1.0000000000000000E+00,  1.0000000000000000E+00,1,  8.7401862698694252E-02,100,7,493,493,0,  8.7495339462484978E-01,  9.8599999999999999E-01,  9.8599999999999999E-01,  9.2716351692839105E-01,  1.4818414599999999E-01,  3.7154700000000001E-04,0
122,  5.0000000000000003E-02,15,  1.0000000000000000E+00,  1.0000000000000000E+00,2,  8.7401862698694252E-02,100,8,494,493,1,  8.4348282282550380E-01,  9.8799999999999999E-01,  9.8599999999999999E-01,  9.1003968867798324E-01,  1.3621629399999999E-01,  4.0099400000000000E-04,0
123,  5.0000000000000003E-02,15,  1.0000000000000000E+00,  1.0000000000000000E+00,3,  8.7401862698694252E-02,100,10,498,493,5,  8.1943519214227556E-01,  9.9600000000000000E-01,  9.8599999999999999E-01,  8.9913146435220614E-01,  1.4294919400000000E-01,  4.0828499999999998E-04,0
124,  5.0000000000000003E-02,15,  1.0000000000000000E+00,  1.0000000000000000E+00,4,  8.7401862698694252E-02,100,12,504,493,11,  7.3771979301928403E-01,  1.0080000000000000E+00,  9.8599999999999999E-01,  8.5193689655923366E-01,  1.3742708500000000E-01,  3.8042300000000001E-04,0
125,  5.0000000000000003E-02,15,  1.0000000000000000E+00,  1.0000000000000000E+00,5,  8.7401862698694252E-02,100,13,508,493,15,  7.2797630485683007E-01,  1.0160000000000000E+00,  9.8599999999999999E-01,  8.4820409964831267E-01,  1.4279222699999999E-01,  4.2881700000000001E-04,0
126,  5.0000000000000003E-02,25,  2.5000000000000000E-01,  2.5000000000000000E-01,1,  8.7401862698694252E-02,61,54,209,209,0,  1.2899681368865881E-01,  4.1799999999999998E-01,  4.1799999999999998E-01,  1.9715167171906087E-01,  3.8409984000000001E-02,  2.0083199999999999E-04,0
127,  5.0000000000000003E-02,25,  2.5000000000000000E-01,  2.5000000000000000E-01,2,  8.7401862698694252E-02,61,54,209,209,0,  1.2899681368865881E-01,  4.1799999999999998E-01,  4.1799999999999998E-01,  1.9715167171906087E-01,  3.6983510999999997E-02,  2.1964599999999999E-04,0
128,  5.0000000000000003E-02,25,  2.5000000000000000E-01,  2.5000000000000000E-01,3,  8.7401862698694252E-02,61,54,209,209,0,  1.2899681368865881E-01,  4.1799999999999998E-01,  4.1799999999999998E-01,  1.9715167171906087E-01,  3.5966496000000001E-02,  2.0354400000000000E-04,0
129,  5.0000000000000003E-02,25,  2.5000000000000000E-01,  2.5000000000000000E-01,4,  8.7401862698694252E-02,61,56,215,209,6,  1.2712903755161575E-01,  4.2999999999999999E-01,  4.1799999999999998E-01,  1.9623994609015594E-01,  3.5979413000000002E-02,  2.0997200000000000E-04,0
130,  5.0000000000000003E-02,25,  2.5000000000000000E-01,  2.5000000000000000E-01,5,  8.7401862698694252E-02,61,56,215,209,6,  1.2712903755161575E-01,  4.2999999999999999E-01,  4.1799999999999998E-01,  1.9623994609015594E-01,  3.5872884000000001E-02,  2.0740000000000000E-04,0
131,  5.0000000000000003E-02,25,  2.5000000000000000E-01,  4.3750000000000000E-01,1,  8.7401862698694252E-02,61,54,209,209,0,  1.2899681368865881E-01,  4.1799999999999998E-01,  4.1799999999999998E-01,  1.9715167171906087E-01,  4.4391777000000000E-02,  2.1406200000000000E-04,0
132,  5.0000000000000003E-02,25,  2.5000000000000000E-01,  4.3750000000000000E-01,2,  8.7401862698694252E-02,61,54,209,209,0,  1.2899681368865881E-01,  4.1799999999999998E-01,  4.1799999999999998E-01,  1.9715167171906087E-01,  3.9054769000000003E-02,  2.0650700000000001E-04,0
133,  5.0000000000000003E-02,25,  2.5000000000000000E-01,  4.3750000000000000E-01,3,  8.7401862698694252E-02,61,54,209,209,0,  1.2899681368865881E-01,  4.1799999999999998E-01,  4.1799999999999998E-01,  1.9715167171906087E-01,  3.6253286000000003E-02,  2.0326000000000000E-04,0
134,  5.0000000000000003E-02,25,  2.5000000000000000E-01,  4.3750000000000000E-01,4,  8.7401862698694252E-02,61,56,215,209,6,  1.2712903755161575E-01,  4.2999999999999999E-01,  4.1799999999999998E-01,  1.9623994609015594E-01,  3.6259634999999998E-02,  2.1805400000000000E-04,0
135,  5.0000000000000003E-02,25,  2.5000000000000000E-01,  4.3750000000000000E-01,5,  8.7401862698694252E-02,61,56,215,209,6,  1.2712903755161575E-01,  4.2999999999999999E-01,  4.1799999999999998E-01,  1.9623994609015594E-01,  3.8793246000000003E-02,  3.0286899999999999E-04,0
136,  5.0000000000000003E-02,25,  2.5000000000000000E-01,  6.2500000000000000E-01,1,  8.7401862698694252E-02,61,54,209,209,0,  1.2899681368865881E-01,  4.1799999999999998E-01,  4.1799999999999998E-01,  1.9715167171906087E-01,  3.9324722999999999E-02,  2.1075000000000000E-04,0
137,  5.0000000000000003E-02,25,  2.5000000000000000E-01,  6.2500000000000000E-01,2,  8.7401862698694252E-02,61,54,209,209,0,  1.2899681368865881E-01,  4.1799999999999998E-01,  4.1799999999999998E-01,  1.9715167171906087E-01,  3.5514997999999999E-02,  2.0150600000000000E-04,0
138,  5.0000000000000003E-02,25,  2.5000000000000000E-01,  6.2500000000000000E-01,3,  8.7401862698694252E-02,61,54,209,209,0,  1.2899681368865881E-01,  4.1799999999999998E-01,  4.1799999999999998E-01,  1.9715167171906087E-01,  3.5537139000000002E-02,  2.0364499999999999E-04,0
139,  5.0000000000000003E-02,25,  2.5000000000000000E-01,  6.2500000000000000E-01,4,  8.7401862698694252E-02,61,56,215,209,6,  1.2712903755161575E-01,  4.2999999999999999E-01,  4.1799999999999998E-01,  1.9623994609015594E-01,  3.5330443000000003E-02,  2.1558999999999999E-04,0
140,  5.0000000000000003E-02,25,  2.5000000000000000E-01,  6.2500000000000000E-01,5,  8.7401862698694252E-02,61,56,215,209,6,  1.2712903755161575E-01,  4.2999999999999999E-01,  4.1799999999999998E-01,  1.9623994609015594E-01,  3.5901297999999998E-02,  2.1054000000000000E-04,0
141,  5.0000000000000003E-02,25,  2.5000000000000000E-01,  8.1250000000000000E-01,1,  8.7401862698694252E-02,61,54,209,209,0,  1.2899681368865881E-01,  4.1799999999999998E-01,  4.1799999999999998E-01,  1.9715167171906087E-01,  3.6417304999999997E-02,  2.0557099999999999E-04,0
142,  5.0000000000000003E-02,25,  2.5000000000000000E-01,  8.1250000000000000E-01,2,  8.7401862698694252E-02,61,54,209,209,0,  1.2899681368865881E-01,  4.1799999999999998E-01,  4.1799999999999998E-01,  1.9715167171906087E-01,  3.5512396000000002E-02,  1.9299800000000000E-04,0
143,  5.0000000000000003E-02,25,  2.5000000000000000E-01,  8.1250000000000000E-01,3,  8.7401862698694252E-02,61,54,209,209,0,  1.2899681368865881E-01,  4.1799999999999998E-01,  4.1799999999999998E-01,  1.9715167171906087E-01,  4.0737861000000000E-02,  1.9888400000000000E-04,0
144,  5.0000000000000003E-02,25,  2.5000000000000000E-01,  8.1250000000000000E-01,4,  8.7401862698694252E-02,61,56,215,209,6,  1.2712903755161575E-01,  4.2999999999999999E-01,  4.1799999999999998E-01,  1.9623994609015594E-01,  3.5462054000000000E-02,  2.0759700000000001E-04,0
145,  5.0000000000000003E-02,25,  2.5000000000000000E-01,  8.1250000000000000E-01,5,  8.7401862698694252E-02,61,56,215,209,6,  1.2712903755161575E-01,  4.2999999999999999E-01,  4.1799999999999998E-01,  1.9623994609015594E-01,  3.5601750000000001E-02,  2.2711600000000000E-04,0
146,  5.0000000000000003E-02,25,  2.5000000000000000E-01,  1.0000000000000000E+00,1,  8.7401862698694252E-02,61,54,209,209,0,  1.2899681368865881E-01,  4.1799999999999998E-01,  4.1799999999999998E-01,  1.9715167171906087E-01,  3.5781980999999997E-02,  1.9478700000000000E-04,0
147,  5.0000000000000003E-02,25,  2.5000000000000000E-01,  1.0000000000000000E+00,2,  8.7401862698694252E-02,61,54,209,209,0,  1.2899681368865881E-01,  4.1799999999999998E-01,  4.1799999999999998E-01,  1.9715167171906087E-01,  3.6290359000000001E-02,  2.0527900000000000E-04,0
148,  5.0000000000000003E-02,25,  2.5000000000000000E-01,  1.0000000000000000E+00,3,  8.7401862698694252E-02,61,54,209,209,0,  1.2899681368865881E-01,  4.1799999999999998E-01,  4.1799999999999998E-01,  1.9715167171906087E-01,  3.5447889000000003E-02,  1.9986200000000001E-04,0
149,  5.0000000000000003E-02,25,  2.5000000000000000E-01,  1.0000000000000000E+00,4,  8.7401862698694252E-02,61,56,215,209,6,  1.2712903755161575E-01,  4.2999999999999999E-01,  4.1799999999999998E-01,  1.9623994609015594E-01,  3.6248058999999999E-02,  2.1029999999999999E-04,0
150,  5.0000000000000003E-02,25,  2.5000000000000000E-01,  1.0000000000000000E+00,5,  8.7401862698694252E-02,61,56,215,209,6,  1.2712903755161575E-01,  4.2999999999999999E-01,  4.1799999999999998E-01,  1.9623994609015594E-01,  3.5731915000000003E-02,  2.1057300000000000E-04,0
151,  5.0000000000000003E-02,25,  4.3750000000000000E-01,  2.5000000000000000E-01,1,  8.7401862698694252E-02,61,21,405,405,0,  4.1704379553932580E-01,  8.1000000000000005E-01,  8.1000000000000005E-01,  5.5060051746299310E-01,  7.2103942000000004E-02,  3.2284000000000002E-04,0
152,  5.0000000000000003E-02,25,  4.3750000000000000E-01,  2.5000000000000000E-01,2,  8.7401862698694252E-02,61,25,409,405,4,  3.8182549102521218E-01,  8.1799999999999995E-01,  8.1000000000000005E-01,  5.2063113176857878E-01,  5.9343393000000001E-02,  3.2765900000000000E-04,0
153,  5.0000000000000003E-02,25,  4.3750000000000000E-01,  2.5000000000000000E-01,3,  8.7401862698694252E-02,61,27,413,405,8,  3.6730727430709997E-01,  8.2599999999999996E-01,  8.1000000000000005E-01,  5.0849569949002937E-01,  6.2511768999999995E-02,  3.3214099999999999E-04,0
154,  5.0000000000000003E-02,25,  4.3750000000000000E-01,  2.5000000000000000E-01,4,  8.7401862698694252E-02,61,27,413,405,8,  3.6730727430709997E-01,  8.2599999999999996E-01,  8.1000000000000005E-01,  5.0849569949002937E-01,  6.0018476000000001E-02,  3.4144299999999998E-04,0
155,  5.0000000000000003E-02,25,  4.3750000000000000E-01,  2.5000000000000000E-01,5,  8.7401862698694252E-02,61,27,413,405,8,  3.6730727430709997E-01,  8.2599999999999996E-01,  8.1000000000000005E-01,  5.0849569949002937E-01,  6.5459629000000005E-02,  3.4054899999999999E-04,0
156,  5.0000000000000003E-02,25,  4.3750000000000000E-01,  4.3750000000000000E-01,1,  8.7401862698694252E-02,61,21,405,405,0,  4.1704379553932580E-01,  8.1000000000000005E-01,  8.1000000000000005E-01,  5.5060051746299310E-01,  5.7911468000000001E-02,  3.1511700000000001E-04,0
157,  5.0000000000000003E-02,25,  4.3750000000000000E-01,  4.3750000000000000E-01,2,  8.7401862698694252E-02,61,25,409,405,4,  3.8182549102521218E-01,  8.1799999999999995E-01,  8.1000000000000005E-01,  5.2063113176857878E-01,  6.0605287000000001E-02,  3.2799199999999999E-04,0
158,  5.0000000000000003E-02,25,  4.3750000000000000E-01,  4.3750000000000000E-01,3,  8.7401862698694252E-02,61,27,413,405,8,  3.6730727430709997E-01,  8.2599999999999996E-01,  8.1000000000000005E-01,  5.0849569949002937E-01,  6.6351126999999996E-02,  3.7057900000000000E-04,0
159,  5.0000000000000003E-02,25,  4.3750000000000000E-01,  4.3750000000000000E-01,4,  8.7401862698694252E-02,61,27,413,405,8,  3.6730727430709997E-01,  8.2599999999999996E-01,  8.1000000000000005E-01,  5.0849569949002937E-01,  5.9531586999999997E-02,  3.5908300000000000E-04,0
160,  5.0000000000000003E-02,25,  4.3750000000000000E-01,  4.3750000000000000E-01,5,  8.7401862698694252E-02,61,27,413,405,8,  3.6730727430709997E-01,  8.2599999999999996E-01,  8.1000000000000005E-01,  5.0849569949002937E-01,  6.8461490000000000E-02,  3.4898500000000001E-04,0
161,  5.0000000000000003E-02,25,  4.3750000000000000E-01,  6.2500000000000000E-01,1,  8.7401862698694252E-02,61,21,405,405,0,  4.1704379553932580E-01,  8.1000000000000005E-01,  8.1000000000000005E-01,  5.5060051746299310E-01,  6.0768500000000003E-02,  3.1677600000000000E-04,0
162,  5.0000000000000003E-02,25,  4.3750000000000000E-01,  6.2500000000000000E-01,2,  8.7401862698694252E-02,61,25,409,405,4,  3.8182549102521218E-01,  8.1799999999999995E-01,  8.1000000000000005E-01,  5.2063113176857878E-01,  6.1148740000000000E-02,  3.2628000000000003E-04,0
163,  5.0000000000000003E-02,25,  4.3750000000000000E-01,  6.2500000000000000E-01,3,  8.7401862698694252E-02,61,27,413,405,8,  3.6730727430709997E-01,  8.2599999999999996E-01,  8.1000000000000005E-01,  5.0849569949002937E-01,  6.1372984999999998E-02,  4.5634499999999998E-04,0
164,  5.0000000000000003E-02,25,  4.3750000000000000E-01,  6.2500000000000000E-01,4,  8.7401862698694252E-02,61,27,413,405,8,  3.6730727430709997E-01,  8.2599999999999996E-01,  8.1000000000000005E-01,  5.0849569949002937E-01,  6.4752906999999998E-02,  3.6413800000000002E-04,0
165,  5.0000000000000003E-02,25,  4.3750000000000000E-01,  6.2500000000000000E-01,5,  8.7401862698694252E-02,61,27,413,405,8,  3.6730727430709997E-01,  8.2599999999999996E-01,  8.1000000000000005E-01,  5.0849569949002937E-01,  6.2756625999999996E-02,  5.0129899999999997E-04,0
166,  5.0000000000000003E-02,25,  4.3750000000000000E-01,  8.1250000000000000E-01,1,  8.7401862698694252E-02,61,21,405,405,0,  4.1704379553932580E-01,  8.1000000000000005E-01,  8.1000000000000005E-01,  5.5060051746299310E-01,  6.1397168000000002E-02,  3.3545299999999999E-04,0
167,  5.0000000000000003E-02,25,  4.3750000000000000E-01,  8.1250000000000000E-01,2,  8.7401862698694252E-02,61,25,409,405,4,  3.8182549102521218E-01,  8.1799999999999995E-01,  8.1000000000000005E-01,  5.2063113176857878E-01,  5.8911929000000002E-02,  3.1625199999999999E-04,0
168,  5.0000000000000003E-02,25,  4.3750000000000000E-01,  8.1250000000000000E-01,3,  8.7401862698694252E-02,61,27,413,405,8,  3.6730727430709997E-01,  8.2599999999999996E-01,  8.1000000000000005E-01,  5.0849569949002937E-01,  6.3649148000000003E-02,  3.2703300000000001E-04,0
169,  5.0000000000000003E-02,25,  4.3750000000000000E-01,  8.1250000000000000E-01,4,  8.7401862698694252E-02,61,27,413,405,8,  3.6730727430709997E-01,  8.2599999999999996E-01,  8.1000000000000005E-01,  5.0849569949002937E-01,  5.9371847999999998E-02,  3.6034800000000003E-04,0
170,  5.0000000000000003E-02,25,  4.3750000000000000E-01,  8.1250000000000000E-01,5,  8.7401862698694252E-02,61,27,413,405,8,  3.6730727430709997E-01,  8.2599999999999996E-01,  8.1000000000000005E-01,  5.0849569949002937E-01,  5.8147308000000002E-02,  3.4347700000000002E-04,0
171,  5.0000000000000003E-02,25,  4.3750000000000000E-01,  1.0000000000000000E+00,1,  8.7401862698694252E-02,61,21,405,405,0,  4.1704379553932580E-01,  8.1000000000000005E-01,  8.1000000000000005E-01,  5.5060051746299310E-01,  6.0159255000000002E-02,  3.3489799999999998E-04,0
172,  5.0000000000000003E-02,25,  4.3750000000000000E-01,  1.0000000000000000E+00,2,  8.7401862698694252E-02,61,25,409,405,4,  3.8182549102521218E-01,  8.1799999999999995E-01,  8.1000000000000005E-01,  5.2063113176857878E-01,  5.8612641000000000E-02,  4.7275399999999998E-04,0
173,  5.0000000000000003E-02,25,  4.3750000000000000E-01,  1.0000000000000000E+00,3,  8.7401862698694252E-02,61,27,413,405,8,  3.6730727430709997E-01,  8.2599999999999996E-01,  8.1000000000000005E-01,  5.0849569949002937E-01,  6.4611267000000000E-02,  3.3252100000000001E-04,0
174,  5.0000000000000003E-02,25,  4.3750000000000000E-01,  1.0000000000000000E+00,4,  8.7401862698694252E-02,61,27,413,405,8,  3.6730727430709997E-01,  8.2599999999999996E-01,  8.1000000000000005E-01,  5.0849569949002937E-01,  6.1707131999999998E-02,  3.3039400000000002E-04,0
175,  5.0000000000000003E-02,25,  4.3750000000000000E-01,  1.0000000000000000E+00,5,  8.7401862698694252E-02,61,27,413,405,8,  3.6730727430709997E-01,  8.2599999999999996E-01,  8.1000000000000005E-01,  5.0849569949002937E-01,  6.1740893999999998E-02,  3.4441099999999998E-04,0
176,  5.0000000000000003E-02,25,  6.2500000000000000E-01,  2.5000000000000000E-01,1,  8.7401862698694252E-02,61,18,426,426,0,  4.8346112993508883E-01,  8.5199999999999998E-01,  8.5199999999999998E-01,  6.1687887946947106E-01,  6.4723476000000002E-02,  3.3821799999999999E-04,0
177,  5.0000000000000003E-02,25,  6.2500000000000000E-01,  2.5000000000000000E-01,2,  8.7401862698694252E-02,61,21,429,426,3,  4.4832753522144425E-01,  8.5799999999999998E-01,  8.5199999999999998E-01,  5.8892584722987107E-01,  6.4044410999999996E-02,  3.5835400000000002E-04,0
178,  5.0000000000000003E-02,25,  6.2500000000000000E-01,  2.5000000000000000E-01,3,  8.7401862698694252E-02,61,24,435,426,9,  4.0977121728884086E-01,  8.7000000000000000E-01,  8.5199999999999998E-01,  5.5713232838058158E-01,  6.9555960999999999E-02,  3.4489800000000000E-04,0
179,  5.0000000000000003E-02,25,  6.2500000000000000E-01,  2.5000000000000000E-01,4,  8.7401862698694252E-02,61,24,435,426,9,  4.0977121728884086E-01,  8.7000000000000000E-01,  8.5199999999999998E-01,  5.5713232838058158E-01,  6.8218214999999999E-02,  4.3969499999999998E-04,0
180,  5.0000000000000003E-02,25,  6.2500000000000000E-01,  2.5000000000000000E-01,5,  8.7401862698694252E-02,61,24,435,426,9,  4.0977121728884086E-01,  8.7000000000000000E-01,  8.5199999999999998E-01,  5.5713232838058158E-01,  7.3110616000000003E-02,  3.6120599999999998E-04,0
181,  5.0000000000000003E-02,25,  6.2500000000000000E-01,  4.3750000000000000E-01,1,  8.7401862698694252E-02,61,18,426,426,0,  4.8346112993508883E-01,  8.5199999999999998E-01,  8.5199999999999998E-01,  6.1687887946947106E-01,  6.6072821000000004E-02,  3.5082300000000000E-04,0
182,  5.0000000000000003E-02,25,  6.2500000000000000E-01,  4.3750000000000000E-01,2,  8.7401862698694252E-02,61,21,429,426,3,  4.4832753522144425E-01,  8.5799999999999998E-01,  8.5199999999999998E-01,  5.8892584722987107E-01,  6.4787095000000003E-02,  3.4521299999999998E-04,0
183,  5.0000000000000003E-02,25,  6.2500000000000000E-01,  4.3750000000000000E-01,3,  8.7401862698694252E-02,61,24,435,426,9,  4.0977121728884086E-01,  8.7000000000000000E-01,  8.5199999999999998E-01,  5.5713232838058158E-01,  6.4622946000000001E-02,  3.4848900000000000E-04,0
184,  5.0000000000000003E-02,25,  6.2500000000000000E-01,  4.3750000000000000E-01,4,  8.7401862698694252E-02,61,24,435,426,9,  4.0977121728884086E-01,  8.7000000000000000E-01,  8.5199999999999998E-01,  5.5713232838058158E-01,  6.7712468999999997E-02,  4.4132299999999998E-04,0
185,  5.0000000000000003E-02,25,  6.2500000000000000E-01,  4.3750000000000000E-01,5,  8.7401862698694252E-02,61,24,435,426,9,  4.0977121728884086E-01,  8.7000000000000000E-01,  8.5199999999999998E-01,  5.5713232838058158E-01,  7.2299179000000005E-02,  3.4042200000000000E-04,0
186,  5.0000000000000003E-02,25,  6.2500000000000000E-01,  6.2500000000000000E-01,1,  8.7401862698694252E-02,61,18,426,426,0,  4.8346112993508883E-01,  8.5199999999999998E-01,  8.5199999999999998E-01,  6.1687887946947106E-01,  6.5680963999999994E-02,  3.3158400000000000E-04,0
187,  5.0000000000000003E-02,25,  6.2500000000000000E-01,  6.2500000000000000E-01,2,  8.7401862698694252E-02,61,21,429,426,3,  4.4832753522144425E-01,  8.5799999999999998E-01,  8.5199999999999998E-01,  5.8892584722987107E-01,  6.3303855000000006E-02,  3.6743799999999999E-04,0
188,  5.0000000000000003E-02,25,  6.2500000000000000E-01,  6.2500000000000000E-01,3,  8.7401862698694252E-02,61,24,435,426,9,  4.0977121728884086E-01,  8.7000000000000000E-01,  8.5199999999999998E-01,  5.5713232838058158E-01,  6.4315434000000005E-02,  3.5663699999999998E-04,0
189,  5.0000000000000003E-02,25,  6.2500000000000000E-01,  6.2500000000000000E-01,4,  8.7401862698694252E-02,61,24,435,426,9,  4.0977121728884086E-01,  8.7000000000000000E-01,  8.5199999999999998E-01,  5.5713232838058158E-01,  6.4617578999999994E-02,  3.4813100000000000E-04,0
190,  5.0000000000000003E-02,25,  6.2500000000000000E-01,  6.2500000000000000E-01,5,  8.7401862698694252E-02,61,24,435,426,9,  4.0977121728884086E-01,  8.7000000000000000E-01,  8.5199999999999998E-01,  5.5713232838058158E-01,  6.3554269999999996E-02,  3.3632699999999998E-04,0
191,  5.0000000000000003E-02,25,  6.2500000000000000E-01,  8.1250000000000000E-01,1,  8.7401862698694252E-02,61,18,426,426,0,  4.8346112993508883E-01,  8.5199999999999998E-01,  8.5199999999999998E-01,  6.1687887946947106E-01,  6.5034097999999999E-02,  3.2514600000000001E-04,0
192,  5.0000000000000003E-02,25,  6.2500000000000000E-01,  8.1250000000000000E-01,2,  8.7401862698694252E-02,61,21,429,426,3,  4.4832753522144425E-01,  8.5799999999999998E-01,  8.5199999999999998E-01,  5.8892584722987107E-01,  7.8348476000000000E-02,  3.3734200000000002E-04,0
193,  5.0000000000000003E-02,25,  6.2500000000000000E-01,  8.1250000000000000E-01,3,  8.7401862698694252E-02,61,24,435,426,9,  4.0977121728884086E-01,  8.7000000000000000E-01,  8.5199999999999998E-01,  5.5713232838058158E-01,  6.8793390999999995E-02,  3.5095400000000000E-04,0
194,  5.0000000000000003E-02,25,  6.2500000000000000E-01,  8.1250000000000000E-01,4,  8.7401862698694252E-02,61,24,435,426,9,  4.0977121728884086E-01,  8.7000000000000000E-01,  8.5199999999999998E-01,  5.5713232838058158E-01,  6.4393862999999996E-02,  5.7589000000000002E-04,0
195,  5.0000000000000003E-02,25,  6.2500000000000000E-01,  8.1250000000000000E-01,5,  8.7401862698694252E-02,61,24,435,426,9,  4.0977121728884086E-01,  8.7000000000000000E-01,  8.5199999999999998E-01,  5.5713232838058158E-01,  6.6050129999999999E-02,  3.3633500000000000E-04,0
196,  5.0000000000000003E-02,25,  6.2500000000000000E-01,  1.0000000000000000E+00,1,  8.7401862698694252E-02,61,18,426,426,0,  4.8346112993508883E-01,  8.5199999999999998E-01,  8.5199999999999998E-01,  6.1687887946947106E-01,  6.4504118999999999E-02,  3.3339099999999999E-04,0
197,  5.0000000000000003E-02,25,  6.2500000000000000E-01,  1.0000000000000000E+00,2,  8.7401862698694252E-02,61,21,429,426,3,  4.4832753522144425E-01,  8.5799999999999998E-01,  8.5199999999999998E-01,  5.8892584722987107E-01,  6.5745927999999995E-02,  3.3521000000000001E-04,0
198,  5.0000000000000003E-02,25,  6.2500000000000000E-01,  1.0000000000000000E+00,3,  8.7401862698694252E-02,61,24,435,426,9,  4.0977121728884086E-01,  8.7000000000000000E-01,  8.5199999999999998E-01,  5.5713232838058158E-01,  6.4754581000000005E-02,  3.5438700000000001E-04,0
199,  5.0000000000000003E-02,25,  6.2500000000000000E-01,  1.0000000000000000E+00,4,  8.7401862698694252E-02,61,24,435,426,9,  4.0977121728884086E-01,  8.7000000000000000E-01,  8.5199999999999998E-01,  5.5713232838058158E-01,  6.6842098000000003E-02,  3.8590899999999998E-04,0
200,  5.0000000000000003E-02,25,  6.2500000000000000E-01,  1.0000000000000000E+00,5,  8.7401862698694252E-02,61,24,435,426,9,  4.0977121728884086E-01,  8.7000000000000000E-01,  8.5199999999999998E-01,  5.5713232838058158E-01,  6.3477120999999997E-02,  3.3830299999999998E-04,0
201,  5.0000000000000003E-02,25,  8.1250000000000000E-01,  2.5000000000000000E-01,1,  8.7401862698694252E-02,61,12,470,470,0,  6.8507272417554999E-01,  9.3999999999999995E-01,  9.3999999999999995E-01,  7.9254097511447941E-01,  8.9338572000000005E-02,  3.6956899999999998E-04,0
202,  5.0000000000000003E-02,25,  8.1250000000000000E-01,  2.5000000000000000E-01,2,  8.7401862698694252E-02,61,12,470,470,0,  6.8507272417554999E-01,  9.3999999999999995E-01,  9.3999999999999995E-01,  7.9254097511447941E-01,  7.9652410000000007E-02,  3.5546699999999999E-04,0
203,  5.0000000000000003E-02,25,  8.1250000000000000E-01,  2.5000000000000000E-01,3,  8.7401862698694252E-02,61,12,470,470,0,  6.8507272417554999E-01,  9.3999999999999995E-01,  9.3999999999999995E-01,  7.9254097511447941E-01,  9.2233866999999997E-02,  3.6183100000000001E-04,0
204,  5.0000000000000003E-02,25,  8.1250000000000000E-01,  2.5000000000000000E-01,4,  8.7401862698694252E-02,61,12,470,470,0,  6.8507272417554999E-01,  9.3999999999999995E-01,  9.3999999999999995E-01,  7.9254097511447941E-01,  8.6841293000000000E-02,  3.6580599999999999E-04,0
205,  5.0000000000000003E-02,25,  8.1250000000000000E-01,  2.5000000000000000E-01,5,  8.7401862698694252E-02,61,15,482,470,12,  5.9976765639671403E-01,  9.6399999999999997E-01,  9.3999999999999995E-01,  7.3946537825022529E-01,  8.2518387999999998E-02,  3.9865899999999999E-04,0
206,  5.0000000000000003E-02,25,  8.1250000000000000E-01,  4.3750000000000000E-01,1,  8.7401862698694252E-02,61,12,470,470,0,  6.8507272417554999E-01,  9.3999999999999995E-01,  9.3999999999999995E-01,  7.9254097511447941E-01,  8.0961018999999995E-02,  5.4077599999999997E-04,0
207,  5.0000000000000003E-02,25,  8.1250000000000000E-01,  4.3750000000000000E-01,2,  8.7401862698694252E-02,61,12,470,470,0,  6.8507272417554999E-01,  9.3999999999999995E-01,  9.3999999999999995E-01,  7.9254097511447941E-01,  8.6372661000000003E-02,  3.4536000000000001E-04,0
208,  5.0000000000000003E-02,25,  8.1250000000000000E-01,  4.3750000000000000E-01,3,  8.7401862698694252E-02,61,12,470,470,0,  6.8507272417554999E-01,  9.3999999999999995E-01,  9.3999999999999995E-01,  7.9254097511447941E-01,  7.9176353000000005E-02,  3.8476599999999998E-04,0
209,  5.0000000000000003E-02,25,  8.1250000000000000E-01,  4.3750000000000000E-01,4,  8.7401862698694252E-02,61,12,470,470,0,  6.8507272417554999E-01,  9.3999999999999995E-01,  9.3999999999999995E-01,  7.9254097511447941E-01,  7.9110476999999998E-02,  3.6746800000000003E-04,0
210,  5.0000000000000003E-02,25,  8.1250000000000000E-01,  4.3750000000000000E-01,5,  8.7401862698694252E-02,61,15,482,470,12,  5.9976765639671403E-01,  9.6399999999999997E-01,  9.3999999999999995E-01,  7.3946537825022529E-01,  7.9454330000000004E-02,  3.7427000000000001E-04,0
211,  5.0000000000000003E-02,25,  8.1250000000000000E-01,  6.2500000000000000E-01,1,  8.7401862698694252E-02,61,12,470,470,0,  6.8507272417554999E-01,  9.3999999999999995E-01,  9.3999999999999995E-01,  7.9254097511447941E-01,  8.0435699999999999E-02,  3.7743599999999998E-04,0
212,  5.0000000000000003E-02,25,  8.1250000000000000E-01,  6.2500000000000000E-01,2,  8.7401862698694252E-02,61,12,470,470,0,  6.8507272417554999E-01,  9.3999999999999995E-01,  9.3999999999999995E-01,  7.9254097511447941E-01,  8.1384581999999997E-02,  4.8863599999999997E-04,0
213,  5.0000000000000003E-02,25,  8.1250000000000000E-01,  6.2500000000000000E-01,3,  8.7401862698694252E-02,61,12,470,470,0,  6.8507272417554999E-01,  9.3999999999999995E-01,  9.3999999999999995E-01,  7.9254097511447941E-01,  8.7688761000000004E-02,  3.8559599999999999E-04,0
214,  5.0000000000000003E-02,25,  8.1250000000000000E-01,  6.2500000000000000E-01,4,  8.7401862698694252E-02,61,12,470,470,0,  6.8507272417554999E-01,  9.3999999999999995E-01,  9.3999999999999995E-01,  7.9254097511447941E-01,  8.3325012000000004E-02,  3.8051799999999999E-04,0
215,  5.0000000000000003E-02,25,  8.1250000000000000E-01,  6.2500000000000000E-01,5,  8.7401862698694252E-02,61,15,482,470,12,  5.9976765639671403E-01,  9.6399999999999997E-01,  9.3999999999999995E-01,  7.3946537825022529E-01,  8.3835748000000002E-02,  3.7580200000000000E-04,0
216,  5.0000000000000003E-02,25,  8.1250000000000000E-01,  8.1250000000000000E-01,1,  8.7401862698694252E-02,61,12,470,470,0,  6.8507272417554999E-01,  9.3999999999999995E-01,  9.3999999999999995E-01,  7.9254097511447941E-01,  7.9172707999999994E-02,  3.5851600000000002E-04,0
217,  5.0000000000000003E-02,25,  8.1250000000000000E-01,  8.1250000000000000E-01,2,  8.7401862698694252E-02,61,12,470,470,0,  6.8507272417554999E-01,  9.3999999999999995E-01,  9.3999999999999995E-01,  7.9254097511447941E-01,  7.8741742000000003E-02,  3.5698499999999998E-04,0
218,  5.0000000000000003E-02,25,  8.1250000000000000E-01,  8.1250000000000000E-01,3,  8.7401862698694252E-02,61,12,470,470,0,  6.8507272417554999E-01,  9.3999999999999995E-01,  9.3999999999999995E-01,  7.9254097511447941E-01,  8.1684551999999994E-02,  3.6794099999999999E-04,0
219,  5.0000000000000003E-02,25,  8.1250000000000000E-01,  8.1250000000000000E-01,4,  8.7401862698694252E-02,61,12,470,470,0,  6.8507272417554999E-01,  9.3999999999999995E-01,  9.3999999999999995E-01,  7.9254097511447941E-01,  9.2516477999999999E-02,  3.6524000000000002E-04,0
220,  5.0000000000000003E-02,25,  8.1250000000000000E-01,  8.1250000000000000E-01,5,  8.7401862698694252E-02,61,15,482,470,12,  5.9976765639671403E-01,  9.6399999999999997E-01,  9.3999999999999995E-01,  7.3946537825022529E-01,  7.9117247000000002E-02,  3.5881200000000002E-04,0
221,  5.0000000000000003E-02,25,  8.1250000000000000E-01,  1.0000000000000000E+00,1,  8.7401862698694252E-02,61,12,470,470,0,  6.8507272417554999E-01,  9.3999999999999995E-01,  9.3999999999999995E-01,  7.9254097511447941E-01,  7.9432930999999998E-02,  3.6862800000000002E-04,0
222,  5.0000000000000003E-02,25,  8.1250000000000000E-01,  1.0000000000000000E+00,2,  8.7401862698694252E-02,61,12,470,470,0,  6.8507272417554999E-01,  9.3999999999999995E-01,  9.3999999999999995E-01,  7.9254097511447941E-01,  7.8119150999999998E-02,  3.5382600000000001E-04,0
223,  5.0000000000000003E-02,25,  8.1250000000000000E-01,  1.0000000000000000E+00,3,  8.7401862698694252E-02,61,12,470,470,0,  6.8507272417554999E-01,  9.3999999999999995E-01,  9.3999999999999995E-01,  7.9254097511447941E-01,  8.2012692999999998E-02,  3.8196999999999998E-04,0
224,  5.0000000000000003E-02,25,  8.1250000000000000E-01,  1.0000000000000000E+00,4,  8.7401862698694252E-02,61,12,470,470,0,  6.8507272417554999E-01,  9.3999999999999995E-01,  9.3999999999999995E-01,  7.9254097511447941E-01,  8.9102740000000000E-02,  3.7798699999999998E-04,0
225,  5.0000000000000003E-02,25,  8.1250000000000000E-01,  1.0000000000000000E+00,5,  8.7401862698694252E-02,61,15,482,470,12,  5.9976765639671403E-01,  9.6399999999999997E-01,  9.3999999999999995E-01,  7.3946537825022529E-01,  8.8147958999999998E-02,  3.9042800000000001E-04,0
226,  5.0000000000000003E-02,25,  1.0000000000000000E+00,  2.5000000000000000E-01,1,  8.7401862698694252E-02,61,8,485,485,0,  8.4438714485533151E-01,  9.6999999999999997E-01,  9.6999999999999997E-01,  9.0284538537664538E-01,  8.5374725999999998E-02,  5.6639799999999997E-04,0
227,  5.0000000000000003E-02,25,  1.0000000000000000E+00,  2.5000000000000000E-01,2,  8.7401862698694252E-02,61,8,485,485,0,  8.4438714485533151E-01,  9.6999999999999997E-01,  9.6999999999999997E-01,  9.0284538537664538E-01,  8.8765964000000003E-02,  5.4627899999999999E-04,0
228,  5.0000000000000003E-02,25,  1.0000000000000000E+00,  2.5000000000000000E-01,3,  8.7401862698694252E-02,61,10,489,485,4,  7.5262530817512341E-01,  9.7799999999999998E-01,  9.6999999999999997E-01,  8.5063768329081590E-01,  9.6046052000000007E-02,  5.1768900000000000E-04,0
229,  5.0000000000000003E-02,25,  1.0000000000000000E+00,  2.5000000000000000E-01,4,  8.7401862698694252E-02,61,10,489,485,4,  7.5262530817512341E-01,  9.7799999999999998E-01,  9.6999999999999997E-01,  8.5063768329081590E-01,  8.4261566999999996E-02,  5.2441900000000004E-04,0
230,  5.0000000000000003E-02,25,  1.0000000000000000E+00,  2.5000000000000000E-01,5,  8.7401862698694252E-02,61,11,493,485,8,  7.4332606803071355E-01,  9.8599999999999999E-01,  9.6999999999999997E-01,  8.4763598563329667E-01,  8.9899410999999999E-02,  3.8679300000000002E-04,0
231,  5.0000000000000003E-02,25,  1.0000000000000000E+00,  4.3750000000000000E-01,1,  8.7401862698694252E-02,61,8,485,485,0,  8.4438714485533151E-01,  9.6999999999999997E-01,  9.6999999999999997E-01,  9.0284538537664538E-01,  8.3314402999999995E-02,  3.4619400000000003E-04,0
232,  5.0000000000000003E-02,25,  1.0000000000000000E+00,  4.3750000000000000E-01,2,  8.7401862698694252E-02,61,8,485,485,0,  8.4438714485533151E-01,  9.6999999999999997E-01,  9.6999999999999997E-01,  9.0284538537664538E-01,  8.3431596999999996E-02,  3.6726899999999998E-04,0
233,  5.0000000000000003E-02,25,  1.0000000000000000E+00,  4.3750000000000000E-01,3,  8.7401862698694252E-02,61,10,489,485,4,  7.5262530817512341E-01,  9.7799999999999998E-01,  9.6999999999999997E-01,  8.5063768329081590E-01,  8.1232391000000001E-02,  4.3845199999999998E-04,0
234,  5.0000000000000003E-02,25,  1.0000000000000000E+00,  4.3750000000000000E-01,4,  8.7401862698694252E-02,61,10,489,485,4,  7.5262530817512341E-01,  9.7799999999999998E-01,  9.6999999999999997E-01,  8.5063768329081590E-01,  8.6403368999999994E-02,  4.0087800000000002E-04,0
235,  5.0000000000000003E-02,25,  1.0000000000000000E+00,  4.3750000000000000E-01,5,  8.7401862698694252E-02,61,11,493,485,8,  7.4332606803071355E-01,  9.8599999999999999E-01,  9.6999999999999997E-01,  8.4763598563329667E-01,  9.0023467999999995E-02,  5.5641399999999998E-04,0
236,  5.0000000000000003E-02,25,  1.0000000000000000E+00,  6.2500000000000000E-01,1,  8.7401862698694252E-02,61,8,485,485,0,  8.4438714485533151E-01,  9.6999999999999997E-01,  9.6999999999999997E-01,  9.0284538537664538E-01,  8.7256114999999995E-02,  3.8699500000000000E-04,0
237,  5.0000000000000003E-02,25,  1.0000000000000000E+00,  6.2500000000000000E-01,2,  8.7401862698694252E-02,61,8,485,485,0,  8.4438714485533151E-01,  9.6999999999999997E-01,  9.6999999999999997E-01,  9.0284538537664538E-01,  8.0273348999999994E-02,  3.7491800000000002E-04,0
238,  5.0000000000000003E-02,25,  1.0000000000000000E+00,  6.2500000000000000E-01,3,  8.7401862698694252E-02,61,10,489,485,4,  7.5262530817512341E-01,  9.7799999999999998E-01,  9.6999999999999997E-01,  8.5063768329081590E-01,  8.3121187999999999E-02,  3.8695500000000002E-04,0
239,  5.0000000000000003E-02,25,  1.0000000000000000E+00,  6.2500000000000000E-01,4,  8.7401862698694252E-02,61,10,489,485,4,  7.5262530817512341E-01,  9.7799999999999998E-01,  9.6999999999999997E-01,  8.5063768329081590E-01,  7.9225384999999995E-02,  3.6910699999999997E-04,0
240,  5.0000000000000003E-02,25,  1.0000000000000000E+00,  6.2500000000000000E-01,5,  8.7401862698694252E-02,61,11,493,485,8,  7.4332606803071355E-01,  9.8599999999999999E-01,  9.6999999999999997E-01,  8.4763598563329667E-01,  8.6123220000000000E-02,  4.2347600000000000E-04,0
241,  5.0000000000000003E-02,25,  1.0000000000000000E+00,  8.1250000000000000E-01,1,  8.7401862698694252E-02,61,8,485,485,0,  8.4438714485533151E-01,  9.6999999999999997E-01,  9.6999999999999997E-01,  9.0284538537664538E-01,  8.5881684999999999E-02,  3.7962800000000002E-04,0
242,  5.0000000000000003E-02,25,  1.0000000000000000E+00,  8.1250000000000000E-01,2,  8.7401862698694252E-02,61,8,485,485,0,  8.4438714485533151E-01,  9.6999999999999997E-01,  9.6999999999999997E-01,  9.0284538537664538E-01,  8.0216956000000006E-02,  3.9683399999999999E-04,0
243,  5.0000000000000003E-02,25,  1.0000000000000000E+00,  8.1250000000000000E-01,3,  8.7401862698694252E-02,61,10,489,485,4,  7.5262530817512341E-01,  9.7799999999999998E-01,  9.6999999999999997E-01,  8.5063768329081590E-01,  8.3232457999999995E-02,  3.7928600000000000E-04,0
244,  5.0000000000000003E-02,25,  1.0000000000000000E+00,  8.1250000000000000E-01,4,  8.7401862698694252E-02,61,10,489,485,4,  7.5262530817512341E-01,  9.7799999999999998E-01,  9.6999999999999997E-01,  8.5063768329081590E-01,  8.0834263000000003E-02,  3.7518600000000001E-04,0
245,  5.0000000000000003E-02,25,  1.0000000000000000E+00,  8.1250000000000000E-01,5,  8.7401862698694252E-02,61,11,493,485,8,  7.4332606803071355E-01,  9.8599999999999999E-01,  9.6999999999999997E-01,  8.4763598563329667E-01,  8.0036437000000002E-02,  3.8812299999999998E-04,0
246,  5.0000000000000003E-02,25,  1.0000000000000000E+00,  1.0000000000000000E+00,1,  8.7401862698694252E-02,61,8,485,485,0,  8.4438714485533151E-01,  9.6999999999999997E-01,  9.6999999999999997E-01,  9.0284538537664538E-01,  7.9206996000000002E-02,  4.7519000000000001E-04,0
247,  5.0000000000000003E-02,25,  1.0000000000000000E+00,  1.0000000000000000E+00,2,  8.7401862698694252E-02,61,8,485,485,0,  8.4438714485533151E-01,  9.6999999999999997E-01,  9.6999999999999997E-01,  9.0284538537664538E-01,  8.5628472999999997E-02,  4.0147300000000001E-04,0
248,  5.0000000000000003E-02,25,  1.0000000000000000E+00,  1.0000000000000000E+00,3,  8.7401862698694252E-02,61,10,489,485,4,  7.5262530817512341E-01,  9.7799999999999998E-01,  9.6999999999999997E-01,  8.5063768329081590E-01,  8.2321737000000006E-02,  3.9237400000000002E-04,0
249,  5.0000000000000003E-02,25,  1.0000000000000000E+00,  1.0000000000000000E+00,4,  8.7401862698694252E-02,61,10,489,485,4,  7.5262530817512341E-01,  9.7799999999999998E-01,  9.6999999999999997E-01,  8.5063768329081590E-01,  8.2869521000000002E-02,  5.6411299999999998E-04,0
250,  5.0000000000000003E-02,25,  1.0000000000000000E+00,  1.0000000000000000E+00,5,  8.7401862698694252E-02,61,11,493,485,8,  7.4332606803071355E-01,  9.8599999999999999E-01,  9.6999999999999997E-01,  8.4763598563329667E-01,  8.1524032999999996E-02,  3.6372200000000003E-04,0
251,  5.0000000000000003E-02,35,  2.5000000000000000E-01,  2.5000000000000000E-01,1,  8.7401862698694252E-02,46,43,164,164,0,  1.2248296348808324E-01,  3.2800000000000001E-01,  3.2800000000000001E-01,  1.7836151544121179E-01,  3.1632685000000001E-02,  1.7203100000000001E-04,0
252,  5.0000000000000003E-02,35,  2.5000000000000000E-01,  2.5000000000000000E-01,2,  8.7401862698694252E-02,46,43,164,164,0,  1.2248296348808324E-01,  3.2800000000000001E-01,  3.2800000000000001E-01,  1.7836151544121179E-01,  2.7893184000000001E-02,  1.6321700000000001E-04,0
253,  5.0000000000000003E-02,35,  2.5000000000000000E-01,  2.5000000000000000E-01,3,  8.7401862698694252E-02,46,43,164,164,0,  1.2248296348808324E-01,  3.2800000000000001E-01,  3.2800000000000001E-01,  1.7836151544121179E-01,  2.7259900000000000E-02,  1.6478700000000001E-04,0
254,  5.0000000000000003E-02,35,  2.5000000000000000E-01,  2.5000000000000000E-01,4,  8.7401862698694252E-02,46,43,164,164,0,  1.2248296348808324E-01,  3.2800000000000001E-01,  3.2800000000000001E-01,  1.7836151544121179E-01,  2.8039122999999999E-02,  1.6276800000000001E-04,0
255,  5.0000000000000003E-02,35,  2.5000000000000000E-01,  2.5000000000000000E-01,5,  8.7401862698694252E-02,46,43,164,164,0,  1.2248296348808324E-01,  3.2800000000000001E-01,  3.2800000000000001E-01,  1.7836151544121179E-01,  2.6911243000000001E-02,  1.6432099999999999E-04,0
256,  5.0000000000000003E-02,35,  2.5000000000000000E-01,  4.3750000000000000E-01,1,  8.7401862698694252E-02,46,43,164,164,0,  1.2248296348808324E-01,  3.2800000000000001E-01,  3.2800000000000001E-01,  1.7836151544121179E-01,  2.6815608000000001E-02,  1.6225600000000000E-04,0
257,  5.0000000000000003E-02,35,  2.5000000000000000E-01,  4.3750000000000000E-01,2,  8.7401862698694252E-02,46,43,164,164,0,  1.2248296348808324E-01,  3.2800000000000001E-01,  3.2800000000000001E-01,  1.7836151544121179E-01,  2.7665193000000001E-02,  1.7643600000000000E-04,0
258,  5.0000000000000003E-02,35,  2.5000000000000000E-01,  4.3750000000000000E-01,3,  8.7401862698694252E-02,46,43,164,164,0,  1.2248296348808324E-01,  3.2800000000000001E-01,  3.2800000000000001E-01,  1.7836151544121179E-01,  2.8535555000000001E-02,  1.8049599999999999E-04,0
259,  5.0000000000000003E-02,35,  2.5000000000000000E-01,  4.3750000000000000E-01,4,  8.7401862698694252E-02,46,43,164,164,0,  1.2248296348808324E-01,  3.2800000000000001E-01,  3.2800000000000001E-01,  1.7836151544121179E-01,  2.6342678000000001E-02,  1.5846000000000000E-04,0
260,  5.0000000000000003E-02,35,  2.5000000000000000E-01,  4.3750000000000000E-01,5,  8.7401862698694252E-02,46,43,164,164,0,  1.2248296348808324E-01,  3.2800000000000001E-01,  3.2800000000000001E-01,  1.7836151544121179E-01,  2.6819519000000000E-02,  1.6055099999999999E-04,0
261,  5.0000000000000003E-02,35,  2.5000000000000000E-01,  6.2500000000000000E-01,1,  8.7401862698694252E-02,46,43,164,164,0,  1.2248296348808324E-01,  3.2800000000000001E-01,  3.2800000000000001E-01,  1.7836151544121179E-01,  2.7449748000000000E-02,  1.6322999999999999E-04,0
262,  5.0000000000000003E-02,35,  2.5000000000000000E-01,  6.2500000000000000E-01,2,  8.7401862698694252E-02,46,43,164,164,0,  1.2248296348808324E-01,  3.2800000000000001E-01,  3.2800000000000001E-01,  1.7836151544121179E-01,  2.7849702000000000E-02,  1.6366800000000001E-04,0
263,  5.0000000000000003E-02,35,  2.5000000000000000E-01,  6.2500000000000000E-01,3,  8.7401862698694252E-02,46,43,164,164,0,  1.2248296348808324E-01,  3.2800000000000001E-01,  3.2800000000000001E-01,  1.7836151544121179E-01,  2.7862141000000000E-02,  1.6129600000000001E-04,0
264,  5.0000000000000003E-02,35,  2.5000000000000000E-01,  6.2500000000000000E-01,4,  8.7401862698694252E-02,46,43,164,164,0,  1.2248296348808324E-01,  3.2800000000000001E-01,  3.2800000000000001E-01,  1.7836151544121179E-01,  2.8019852000000001E-02,  1.6646500000000000E-04,0
265,  5.0000000000000003E-02,35,  2.5000000000000000E-01,  6.2500000000000000E-01,5,  8.7401862698694252E-02,46,43,164,164,0,  1.2248296348808324E-01,  3.2800000000000001E-01,  3.2800000000000001E-01,  1.7836151544121179E-01,  2.8423315000000001E-02,  1.8210599999999999E-04,0
266,  5.0000000000000003E-02,35,  2.5000000000000000E-01,  8.1250000000000000E-01,1,  8.7401862698694252E-02,46,43,164,164,0,  1.2248296348808324E-01,  3.2800000000000001E-01,  3.2800000000000001E-01,  1.7836151544121179E-01,  3.2055535000000003E-02,  2.3262000000000001E-04,0
267,  5.0000000000000003E-02,35,  2.5000000000000000E-01,  8.1250000000000000E-01,2,  8.7401862698694252E-02,46,43,164,164,0,  1.2248296348808324E-01,  3.2800000000000001E-01,  3.2800000000000001E-01,  1.7836151544121179E-01,  3.3713574000000003E-02,  1.7149099999999999E-04,0
268,  5.0000000000000003E-02,35,  2.5000000000000000E-01,  8.1250000000000000E-01,3,  8.7401862698694252E-02,46,43,164,164,0,  1.2248296348808324E-01,  3.2800000000000001E-01,  3.2800000000000001E-01,  1.7836151544121179E-01,  2.7129224000000000E-02,  1.6522100000000001E-04,0
269,  5.0000000000000003E-02,35,  2.5000000000000000E-01,  8.1250000000000000E-01,4,  8.7401862698694252E-02,46,43,164,164,0,  1.2248296348808324E-01,  3.2800000000000001E-01,  3.2800000000000001E-01,  1.7836151544121179E-01,  2.7131617000000000E-02,  1.6126199999999999E-04,0
270,  5.0000000000000003E-02,35,  2.5000000000000000E-01,  8.1250000000000000E-01,5,  8.7401862698694252E-02,46,43,164,164,0,  1.2248296348808324E-01,  3.2800000000000001E-01,  3.2800000000000001E-01,  1.7836151544121179E-01,  2.7080225999999999E-02,  1.5891300000000000E-04,0
271,  5.0000000000000003E-02,35,  2.5000000000000000E-01,  1.0000000000000000E+00,1,  8.7401862698694252E-02,46,43,164,164,0,  1.2248296348808324E-01,  3.2800000000000001E-01,  3.2800000000000001E-01,  1.7836151544121179E-01,  2.7182846000000000E-02,  2.5322900000000000E-04,0
272,  5.0000000000000003E-02,35,  2.5000000000000000E-01,  1.0000000000000000E+00,2,  8.7401862698694252E-02,46,43,164,164,0,  1.2248296348808324E-01,  3.2800000000000001E-01,  3.2800000000000001E-01,  1.7836151544121179E-01,  2.6874265000000001E-02,  1.5951400000000000E-04,0
273,  5.0000000000000003E-02,35,  2.5000000000000000E-01,  1.0000000000000000E+00,3,  8.7401862698694252E-02,46,43,164,164,0,  1.2248296348808324E-01,  3.2800000000000001E-01,  3.2800000000000001E-01,  1.7836151544121179E-01,  2.7245235999999999E-02,  1.5816800000000001E-04,0
274,  5.0000000000000003E-02,35,  2.5000000000000000E-01,  1.0000000000000000E+00,4,  8.7401862698694252E-02,46,43,164,164,0,  1.2248296348808324E-01,  3.2800000000000001E-01,  3.2800000000000001E-01,  1.7836151544121179E-01,  2.7349987999999999E-02,  1.6416000000000000E-04,0
275,  5.0000000000000003E-02,35,  2.5000000000000000E-01,  1.0000000000000000E+00,5,  8.7401862698694252E-02,46,43,164,164,0,  1.2248296348808324E-01,  3.2800000000000001E-01,  3.2800000000000001E-01,  1.7836151544121179E-01,  2.7274687999999998E-02,  1.6167300000000001E-04,0
276,  5.0000000000000003E-02,35,  4.3750000000000000E-01,  2.5000000000000000E-01,1,  8.7401862698694252E-02,46,16,396,396,0,  4.8783099831602000E-01,  7.9200000000000004E-01,  7.9200000000000004E-01,  6.0377057779450038E-01,  4.9358025999999999E-02,  3.1427700000000001E-04,0
277,  5.0000000000000003E-02,35,  4.3750000000000000E-01,  2.5000000000000000E-01,2,  8.7401862698694252E-02,46,19,399,396,3,  4.5148761864792214E-01,  7.9800000000000004E-01,  7.9200000000000004E-01,  5.7669578202129068E-01,  4.8231898000000002E-02,  3.0823999999999999E-04,0
278,  5.0000000000000003E-02,35,  4.3750000000000000E-01,  2.5000000000000000E-01,3,  8.7401862698694252E-02,46,23,407,396,11,  3.7559504173275521E-01,  8.1399999999999995E-01,  7.9200000000000004E-01,  5.1401418675237975E-01,  4.5667263999999999E-02,  3.2680099999999999E-04,0
279,  5.0000000000000003E-02,35,  4.3750000000000000E-01,  2.5000000000000000E-01,4,  8.7401862698694252E-02,46,24,410,396,14,  3.5376932464915212E-01,  8.1999999999999995E-01,  7.9200000000000004E-01,  4.9428936354085579E-01,  4.5437340000000000E-02,  3.2873000000000001E-04,0
280,  5.0000000000000003E-02,35,  4.3750000000000000E-01,  2.5000000000000000E-01,5,  8.7401862698694252E-02,46,24,410,396,14,  3.5376932464915212E-01,  8.1999999999999995E-01,  7.9200000000000004E-01,  4.9428936354085579E-01,  4.5316501000000002E-02,  3.2254700000000001E-04,0
281,  5.0000000000000003E-02,35,  4.3750000000000000E-01,  4.3750000000000000E-01,1,  8.7401862698694252E-02,46,16,396,396,0,  4.8783099831602000E-01,  7.9200000000000004E-01,  7.9200000000000004E-01,  6.0377057779450038E-01,  4.7185831999999997E-02,  2.9836499999999998E-04,0
282,  5.0000000000000003E-02,35,  4.3750000000000000E-01,  4.3750000000000000E-01,2,  8.7401862698694252E-02,46,19,399,396,3,  4.5148761864792214E-01,  7.9800000000000004E-01,  7.9200000000000004E-01,  5.7669578202129068E-01,  4.5184043000000000E-02,  3.4013899999999999E-04,0
283,  5.0000000000000003E-02,35,  4.3750000000000000E-01,  4.3750000000000000E-01,3,  8.7401862698694252E-02,46,23,407,396,11,  3.7559504173275521E-01,  8.1399999999999995E-01,  7.9200000000000004E-01,  5.1401418675237975E-01,  4.7211398000000002E-02,  3.2273799999999999E-04,0
284,  5.0000000000000003E-02,35,  4.3750000000000000E-01,  4.3750000000000000E-01,4,  8.7401862698694252E-02,46,24,410,396,14,  3.5376932464915212E-01,  8.1999999999999995E-01,  7.9200000000000004E-01,  4.9428936354085579E-01,  4.5196225000000000E-02,  3.2979299999999999E-04,0
285,  5.0000000000000003E-02,35,  4.3750000000000000E-01,  4.3750000000000000E-01,5,  8.7401862698694252E-02,46,24,410,396,14,  3.5376932464915212E-01,  8.1999999999999995E-01,  7.9200000000000004E-01,  4.9428936354085579E-01,  4.5157572999999999E-02,  3.2162400000000001E-04,0
286,  5.0000000000000003E-02,35,  4.3750000000000000E-01,  6.2500000000000000E-01,1,  8.7401862698694252E-02,46,16,396,396,0,  4.8783099831602000E-01,  7.9200000000000004E-01,  7.9200000000000004E-01,  6.0377057779450038E-01,  4.7388856000000000E-02,  3.0373500000000002E-04,0
287,  5.0000000000000003E-02,35,  4.3750000000000000E-01,  6.2500000000000000E-01,2,  8.7401862698694252E-02,46,19,399,396,3,  4.5148761864792214E-01,  7.9800000000000004E-01,  7.9200000000000004E-01,  5.7669578202129068E-01,  4.5079428999999997E-02,  4.2634599999999997E-04,0
288,  5.0000000000000003E-02,35,  4.3750000000000000E-01,  6.2500000000000000E-01,3,  8.7401862698694252E-02,46,23,407,396,11,  3.7559504173275521E-01,  8.1399999999999995E-01,  7.9200000000000004E-01,  5.1401418675237975E-01,  5.2630794000000002E-02,  3.2461499999999999E-04,0
289,  5.0000000000000003E-02,35,  4.3750000000000000E-01,  6.2500000000000000E-01,4,  8.7401862698694252E-02,46,24,410,396,14,  3.5376932464915212E-01,  8.1999999999999995E-01,  7.9200000000000004E-01,  4.9428936354085579E-01,  4.4429020999999999E-02,  3.4537300000000000E-04,0
290,  5.0000000000000003E-02,35,  4.3750000000000000E-01,  6.2500000000000000E-01,5,  8.7401862698694252E-02,46,24,410,396,14,  3.5376932464915212E-01,  8.1999999999999995E-01,  7.9200000000000004E-01,  4.9428936354085579E-01,  4.6144836000000002E-02,  3.5443900000000001E-04,0
291,  5.0000000000000003E-02,35,  4.3750000000000000E-01,  8.1250000000000000E-01,1,  8.7401862698694252E-02,46,16,396,396,0,  4.8783099831602000E-01,  7.9200000000000004E-01,  7.9200000000000004E-01,  6.0377057779450038E-01,  4.7503518000000002E-02,  3.2907100000000001E-04,0
292,  5.0000000000000003E-02,35,  4.3750000000000000E-01,  8.1250000000000000E-01,2,  8.7401862698694252E-02,46,19,399,396,3,  4.5148761864792214E-01,  7.9800000000000004E-01,  7.9200000000000004E-01,  5.7669578202129068E-01,  4.4065756999999997E-02,  3.1600800000000000E-04,0
293,  5.0000000000000003E-02,35,  4.3750000000000000E-01,  8.1250000000000000E-01,3,  8.7401862698694252E-02,46,23,407,396,11,  3.7559504173275521E-01,  8.1399999999999995E-01,  7.9200000000000004E-01,  5.1401418675237975E-01,  5.3139023000000001E-02,  3.2509599999999998E-04,0
294,  5.0000000000000003E-02,35,  4.3750000000000000E-01,  8.1250000000000000E-01,4,  8.7401862698694252E-02,46,24,410,396,14,  3.5376932464915212E-01,  8.1999999999999995E-01,  7.9200000000000004E-01,  4.9428936354085579E-01,  4.4966363000000002E-02,  3.3019599999999999E-04,0
295,  5.0000000000000003E-02,35,  4.3750000000000000E-01,  8.1250000000000000E-01,5,  8.7401862698694252E-02,46,24,410,396,14,  3.5376932464915212E-01,  8.1999999999999995E-01,  7.9200000000000004E-01,  4.9428936354085579E-01,  4.7221029999999997E-02,  3.3157000000000000E-04,0
296,  5.0000000000000003E-02,35,  4.3750000000000000E-01,  1.0000000000000000E+00,1,  8.7401862698694252E-02,46,16,396,396,0,  4.8783099831602000E-01,  7.9200000000000004E-01,  7.9200000000000004E-01,  6.0377057779450038E-01,  4.4889260000000000E-02,  3.3637700000000001E-04,0
297,  5.0000000000000003E-02,35,  4.3750000000000000E-01,  1.0000000000000000E+00,2,  8.7401862698694252E-02,46,19,399,396,3,  4.5148761864792214E-01,  7.9800000000000004E-01,  7.9200000000000004E-01,  5.7669578202129068E-01,  5.1510268999999997E-02,  3.2915700000000001E-04,0
298,  5.0000000000000003E-02,35,  4.3750000000000000E-01,  1.0000000000000000E+00,3,  8.7401862698694252E-02,46,23,407,396,11,  3.7559504173275521E-01,  8.1399999999999995E-01,  7.9200000000000004E-01,  5.1401418675237975E-01,  4.4681132999999998E-02,  3.1664699999999998E-04,0
299,  5.0000000000000003E-02,35,  4.3750000000000000E-01,  1.0000000000000000E+00,4,  8.7401862698694252E-02,46,24,410,396,14,  3.5376932464915212E-01,  8.1999999999999995E-01,  7.9200000000000004E-01,  4.9428936354085579E-01,  5.3976480000000000E-02,  3.3164799999999998E-04,0
300,  5.0000000000000003E-02,35,  4.3750000000000000E-01,  1.0000000000000000E+00,5,  8.7401862698694252E-02,46,24,410,396,14,  3.5376932464915212E-01,  8.1999999999999995E-01,  7.9200000000000004E-01,  4.9428936354085579E-01,  4.5277301999999998E-02,  3.1925100000000000E-04,0
301,  5.0000000000000003E-02,35,  6.2500000000000000E-01,  2.5000000000000000E-01,1,  8.7401862698694252E-02,46,15,409,409,0,  5.1856251591590707E-01,  8.1799999999999995E-01,  8.1799999999999995E-01,  6.3473894107905759E-01,  4.8224156999999997E-02,  3.0955000000000002E-04,0
302,  5.0000000000000003E-02,35,  6.2500000000000000E-01,  2.5000000000000000E-01,2,  8.7401862698694252E-02,46,17,411,409,2,  4.9014374577436265E-01,  8.2199999999999995E-01,  8.1799999999999995E-01,  6.1410673994220877E-01,  5.2197717999999997E-02,  3.1955400000000000E-04,0
303,  5.0000000000000003E-02,35,  6.2500000000000000E-01,  2.5000000000000000E-01,3,  8.7401862698694252E-02,46,20,417,409,8,  4.2369612319756067E-01,  8.3399999999999996E-01,  8.1799999999999995E-01,  5.6192041977258900E-01,  4.8976470000000001E-02,  3.3075100000000001E-04,0
304,  5.0000000000000003E-02,35,  6.2500000000000000E-01,  2.5000000000000000E-01,4,  8.7401862698694252E-02,46,20,417,409,8,  4.2369612319756067E-01,  8.3399999999999996E-01,  8.1799999999999995E-01,  5.6192041977258900E-01,  4.9430868000000003E-02,  3.2528499999999997E-04,0
305,  5.0000000000000003E-02,35,  6.2500000000000000E-01,  2.5000000000000000E-01,5,  8.7401862698694252E-02,46,20,417,409,8,  4.2369612319756067E-01,  8.3399999999999996E-01,  8.1799999999999995E-01,  5.6192041977258900E-01,  5.6312965000000000E-02,  3.1802000000000002E-04,0
306,  5.0000000000000003E-02,35,  6.2500000000000000E-01,  4.3750000000000000E-01,1,  8.7401862698694252E-02,46,15,409,409,0,  5.1856251591590707E-01,  8.1799999999999995E-01,  8.1799999999999995E-01,  6.3473894107905759E-01,  4.8846380000000002E-02,  3.1288900000000001E-04,0
307,  5.0000000000000003E-02,35,  6.2500000000000000E-01,  4.3750000000000000E-01,2,  8.7401862698694252E-02,46,17,411,409,2,  4.9014374577436265E-01,  8.2199999999999995E-01,  8.1799999999999995E-01,  6.1410673994220877E-01,  4.9435227999999998E-02,  3.2288500000000002E-04,0
308,  5.0000000000000003E-02,35,  6.2500000000000000E-01,  4.3750000000000000E-01,3,  8.7401862698694252E-02,46,20,417,409,8,  4.2369612319756067E-01,  8.3399999999999996E-01,  8.1799999999999995E-01,  5.6192041977258900E-01,  4.9020292000000000E-02,  3.2615800000000000E-04,0
309,  5.0000000000000003E-02,35,  6.2500000000000000E-01,  4.3750000000000000E-01,4,  8.7401862698694252E-02,46,20,417,409,8,  4.2369612319756067E-01,  8.3399999999999996E-01,  8.1799999999999995E-01,  5.6192041977258900E-01,  5.6954439000000003E-02,  3.5223999999999997E-04,0
310,  5.0000000000000003E-02,35,  6.2500000000000000E-01,  4.3750000000000000E-01,5,  8.7401862698694252E-02,46,20,417,409,8,  4.2369612319756067E-01,  8.3399999999999996E-01,  8.1799999999999995E-01,  5.6192041977258900E-01,  5.0772099000000001E-02,  3.4986899999999999E-04,0
311,  5.0000000000000003E-02,35,  6.2500000000000000E-01,  6.2500000000000000E-01,1,  8.7401862698694252E-02,46,15,409,409,0,  5.1856251591590707E-01,  8.1799999999999995E-01,  8.1799999999999995E-01,  6.3473894107905759E-01,  5.0133309000000001E-02,  3.1465500000000000E-04,0
312,  5.0000000000000003E-02,35,  6.2500000000000000E-01,  6.2500000000000000E-01,2,  8.7401862698694252E-02,46,17,411,409,2,  4.9014374577436265E-01,  8.2199999999999995E-01,  8.1799999999999995E-01,  6.1410673994220877E-01,  4.8575121999999998E-02,  3.2153999999999999E-04,0
313,  5.0000000000000003E-02,35,  6.2500000000000000E-01,  6.2500000000000000E-01,3,  8.7401862698694252E-02,46,20,417,409,8,  4.2369612319756067E-01,  8.3399999999999996E-01,  8.1799999999999995E-01,  5.6192041977258900E-01,  5.2393394000000003E-02,  4.7847100000000001E-04,0
314,  5.0000000000000003E-02,35,  6.2500000000000000E-01,  6.2500000000000000E-01,4,  8.7401862698694252E-02,46,20,417,409,8,  4.2369612319756067E-01,  8.3399999999999996E-01,  8.1799999999999995E-01,  5.6192041977258900E-01,  5.7068730999999998E-02,  3.5297099999999999E-04,0
315,  5.0000000000000003E-02,35,  6.2500000000000000E-01,  6.2500000000000000E-01,5,  8.7401862698694252E-02,46,20,417,409,8,  4.2369612319756067E-01,  8.3399999999999996E-01,  8.1799999999999995E-01,  5.6192041977258900E-01,  4.8767158999999997E-02,  3.3441500000000002E-04,0
316,  5.0000000000000003E-02,35,  6.2500000000000000E-01,  8.1250000000000000E-01,1,  8.7401862698694252E-02,46,15,409,409,0,  5.1856251591590707E-01,  8.1799999999999995E-01,  8.1799999999999995E-01,  6.3473894107905759E-01,  5.0034013000000002E-02,  3.2123100000000000E-04,0
317,  5.0000000000000003E-02,35,  6.2500000000000000E-01,  8.1250000000000000E-01,2,  8.7401862698694252E-02,46,17,411,409,2,  4.9014374577436265E-01,  8.2199999999999995E-01,  8.1799999999999995E-01,  6.1410673994220877E-01,  4.7770127000000003E-02,  3.1360200000000001E-04,0
318,  5.0000000000000003E-02,35,  6.2500000000000000E-01,  8.1250000000000000E-01,3,  8.7401862698694252E-02,46,20,417,409,8,  4.2369612319756067E-01,  8.3399999999999996E-01,  8.1799999999999995E-01,  5.6192041977258900E-01,  4.9068476999999999E-02,  3.2024799999999997E-04,0
319,  5.0000000000000003E-02,35,  6.2500000000000000E-01,  8.1250000000000000E-01,4,  8.7401862698694252E-02,46,20,417,409,8,  4.2369612319756067E-01,  8.3399999999999996E-01,  8.1799999999999995E-01,  5.6192041977258900E-01,  4.9033743999999997E-02,  3.1605000000000001E-04,0
320,  5.0000000000000003E-02,35,  6.2500000000000000E-01,  8.1250000000000000E-01,5,  8.7401862698694252E-02,46,20,417,409,8,  4.2369612319756067E-01,  8.3399999999999996E-01,  8.1799999999999995E-01,  5.6192041977258900E-01,  4.8053090000000000E-02,  3.1544100000000002E-04,0
321,  5.0000000000000003E-02,35,  6.2500000000000000E-01,  1.0000000000000000E+00,1,  8.7401862698694252E-02,46,15,409,409,0,  5.1856251591590707E-01,  8.1799999999999995E-01,  8.1799999999999995E-01,  6.3473894107905759E-01,  5.2430229000000002E-02,  3.1186300000000001E-04,0
322,  5.0000000000000003E-02,35,  6.2500000000000000E-01,  1.0000000000000000E+00,2,  8.7401862698694252E-02,46,17,411,409,2,  4.9014374577436265E-01,  8.2199999999999995E-01,  8.1799999999999995E-01,  6.1410673994220877E-01,  4.9214598999999998E-02,  3.1796199999999998E-04,0
323,  5.0000000000000003E-02,35,  6.2500000000000000E-01,  1.0000000000000000E+00,3,  8.7401862698694252E-02,46,20,417,409,8,  4.2369612319756067E-01,  8.3399999999999996E-01,  8.1799999999999995E-01,  5.6192041977258900E-01,  4.9795587000000002E-02,  3.2475000000000001E-04,0
324,  5.0000000000000003E-02,35,  6.2500000000000000E-01,  1.0000000000000000E+00,4,  8.7401862698694252E-02,46,20,417,409,8,  4.2369612319756067E-01,  8.3399999999999996E-01,  8.1799999999999995E-01,  5.6192041977258900E-01,  5.8907739000000001E-02,  4.8269099999999999E-04,0
325,  5.0000000000000003E-02,35,  6.2500000000000000E-01,  1.0000000000000000E+00,5,  8.7401862698694252E-02,46,20,417,409,8,  4.2369612319756067E-01,  8.3399999999999996E-01,  8.1799999999999995E-01,  5.6192041977258900E-01,  5.6004163000000003E-02,  3.4826699999999998E-04,0
326,  5.0000000000000003E-02,35,  8.1250000000000000E-01,  2.5000000000000000E-01,1,  8.7401862698694252E-02,46,9,449,449,0,  6.3733181060301491E-01,  8.9800000000000002E-01,  8.9800000000000002E-01,  7.4553782051414952E-01,  6.4611680000000005E-02,  3.8328199999999998E-04,0
327,  5.0000000000000003E-02,35,  8.1250000000000000E-01,  2.5000000000000000E-01,2,  8.7401862698694252E-02,46,10,450,449,1,  6.2701005581895897E-01,  9.0000000000000002E-01,  8.9800000000000002E-01,  7.3910325355967021E-01,  6.2333591000000001E-02,  3.3053200000000003E-04,0
328,  5.0000000000000003E-02,35,  8.1250000000000000E-01,  2.5000000000000000E-01,3,  8.7401862698694252E-02,46,10,450,449,1,  6.2701005581895897E-01,  9.0000000000000002E-01,  8.9800000000000002E-01,  7.3910325355967021E-01,  6.0939992999999998E-02,  3.6233800000000003E-04,0
329,  5.0000000000000003E-02,35,  8.1250000000000000E-01,  2.5000000000000000E-01,4,  8.7401862698694252E-02,46,10,450,449,1,  6.2701005581895897E-01,  9.0000000000000002E-01,  8.9800000000000002E-01,  7.3910325355967021E-01,  6.1614369000000002E-02,  3.3775000000000000E-04,0
330,  5.0000000000000003E-02,35,  8.1250000000000000E-01,  2.5000000000000000E-01,5,  8.7401862698694252E-02,46,11,454,449,5,  6.1190780215782614E-01,  9.0800000000000003E-01,  8.9800000000000002E-01,  7.3111314195571420E-01,  6.8914913999999994E-02,  3.4251099999999999E-04,0
331,  5.0000000000000003E-02,35,  8.1250000000000000E-01,  4.3750000000000000E-01,1,  8.7401862698694252E-02,46,9,449,449,0,  6.3733181060301491E-01,  8.9800000000000002E-01,  8.9800000000000002E-01,  7.4553782051414952E-01,  6.4256497999999995E-02,  3.6929900000000002E-04,0
332,  5.0000000000000003E-02,35,  8.1250000000000000E-01,  4.3750000000000000E-01,2,  8.7401862698694252E-02,46,10,450,449,1,  6.2701005581895897E-01,  9.0000000000000002E-01,  8.9800000000000002E-01,  7.3910325355967021E-01,  6.2766687000000002E-02,  3.9928300000000001E-04,0
333,  5.0000000000000003E-02,35,  8.1250000000000000E-01,  4.3750000000000000E-01,3,  8.7401862698694252E-02,46,10,450,449,1,  6.2701005581895897E-01,  9.0000000000000002E-01,  8.9800000000000002E-01,  7.3910325355967021E-01,  6.1020502999999997E-02,  3.4776400000000003E-04,0
334,  5.0000000000000003E-02,35,  8.1250000000000000E-01,  4.3750000000000000E-01,4,  8.7401862698694252E-02,46,10,450,449,1,  6.2701005581895897E-01,  9.0000000000000002E-01,  8.9800000000000002E-01,  7.3910325355967021E-01,  7.2042614000000005E-02,  3.2730200000000002E-04,0
335,  5.0000000000000003E-02,35,  8.1250000000000000E-01,  4.3750000000000000E-01,5,  8.7401862698694252E-02,46,11,454,449,5,  6.1190780215782614E-01,  9.0800000000000003E-01,  8.9800000000000002E-01,  7.3111314195571420E-01,  6.4744362999999999E-02,  3.5224799999999999E-04,0
336,  5.0000000000000003E-02,35,  8.1250000000000000E-01,  6.2500000000000000E-01,1,  8.7401862698694252E-02,46,9,449,449,0,  6.3733181060301491E-01,  8.9800000000000002E-01,  8.9800000000000002E-01,  7.4553782051414952E-01,  6.3154198999999994E-02,  3.4514700000000002E-04,0
337,  5.0000000000000003E-02,35,  8.1250000000000000E-01,  6.2500000000000000E-01,2,  8.7401862698694252E-02,46,10,450,449,1,  6.2701005581895897E-01,  9.0000000000000002E-01,  8.9800000000000002E-01,  7.3910325355967021E-01,  6.5264787000000005E-02,  3.2971900000000002E-04,0
338,  5.0000000000000003E-02,35,  8.1250000000000000E-01,  6.2500000000000000E-01,3,  8.7401862698694252E-02,46,10,450,449,1,  6.2701005581895897E-01,  9.0000000000000002E-01,  8.9800000000000002E-01,  7.3910325355967021E-01,  6.6187029999999994E-02,  3.3730700000000001E-04,0
339,  5.0000000000000003E-02,35,  8.1250000000000000E-01,  6.2500000000000000E-01,4,  8.7401862698694252E-02,46,10,450,449,1,  6.2701005581895897E-01,  9.0000000000000002E-01,  8.9800000000000002E-01,  7.3910325355967021E-01,  6.2912158999999995E-02,  4.7275200000000000E-04,0
340,  5.0000000000000003E-02,35,  8.1250000000000000E-01,  6.2500000000000000E-01,5,  8.7401862698694252E-02,46,11,454,449,5,  6.1190780215782614E-01,  9.0800000000000003E-01,  8.9800000000000002E-01,  7.3111314195571420E-01,  6.3705782000000002E-02,  3.3606000000000000E-04,0
341,  5.0000000000000003E-02,35,  8.1250000000000000E-01,  8.1250000000000000E-01,1,  8.7401862698694252E-02,46,9,449,449,0,  6.3733181060301491E-01,  8.9800000000000002E-01,  8.9800000000000002E-01,  7.4553782051414952E-01,  6.6446921000000006E-02,  5.1422700000000002E-04,0
342,  5.0000000000000003E-02,35,  8.1250000000000000E-01,  8.1250000000000000E-01,2,  8.7401862698694252E-02,46,10,450,449,1,  6.2701005581895897E-01,  9.0000000000000002E-01,  8.9800000000000002E-01,  7.3910325355967021E-01,  6.1205860000000001E-02,  3.3815300000000000E-04,0
343,  5.0000000000000003E-02,35,  8.1250000000000000E-01,  8.1250000000000000E-01,3,  8.7401862698694252E-02,46,10,450,449,1,  6.2701005581895897E-01,  9.0000000000000002E-01,  8.9800000000000002E-01,  7.3910325355967021E-01,  5.9510518999999998E-02,  3.3049099999999998E-04,0
344,  5.0000000000000003E-02,35,  8.1250000000000000E-01,  8.1250000000000000E-01,4,  8.7401862698694252E-02,46,10,450,449,1,  6.2701005581895897E-01,  9.0000000000000002E-01,  8.9800000000000002E-01,  7.3910325355967021E-01,  7.1876490000000001E-02,  3.3824400000000002E-04,0
345,  5.0000000000000003E-02,35,  8.1250000000000000E-01,  8.1250000000000000E-01,5,  8.7401862698694252E-02,46,11,454,449,5,  6.1190780215782614E-01,  9.0800000000000003E-01,  8.9800000000000002E-01,  7.3111314195571420E-01,  6.3424306999999999E-02,  3.3438000000000001E-04,0
346,  5.0000000000000003E-02,35,  8.1250000000000000E-01,  1.0000000000000000E+00,1,  8.7401862698694252E-02,46,9,449,449,0,  6.3733181060301491E-01,  8.9800000000000002E-01,  8.9800000000000002E-01,  7.4553782051414952E-01,  6.5284527999999994E-02,  4.8423900000000002E-04,0
347,  5.0000000000000003E-02,35,  8.1250000000000000E-01,  1.0000000000000000E+00,2,  8.7401862698694252E-02,46,10,450,449,1,  6.2701005581895897E-01,  9.0000000000000002E-01,  8.9800000000000002E-01,  7.3910325355967021E-01,  6.8228594000000004E-02,  3.7121099999999998E-04,0
348,  5.0000000000000003E-02,35,  8.1250000000000000E-01,  1.0000000000000000E+00,3,  8.7401862698694252E-02,46,10,450,449,1,  6.2701005581895897E-01,  9.0000000000000002E-01,  8.9800000000000002E-01,  7.3910325355967021E-01,  6.2030986000000003E-02,  3.5003600000000002E-04,0
349,  5.0000000000000003E-02,35,  8.1250000000000000E-01,  1.0000000000000000E+00,4,  8.7401862698694252E-02,46,10,450,449,1,  6.2701005581895897E-01,  9.0000000000000002E-01,  8.9800000000000002E-01,  7.3910325355967021E-01,  6.6150549000000003E-02,  3.4670099999999999E-04,0
350,  5.0000000000000003E-02,35,  8.1250000000000000E-01,  1.0000000000000000E+00,5,  8.7401862698694252E-02,46,11,454,449,5,  6.1190780215782614E-01,  9.0800000000000003E-01,  8.9800000000000002E-01,  7.3111314195571420E-01,  6.0161829000000000E-02,  3.3086500000000001E-04,0
351,  5.0000000000000003E-02,35,  1.0000000000000000E+00,  2.5000000000000000E-01,1,  8.7401862698694252E-02,46,6,469,469,0,  7.8890875813533634E-01,  9.3799999999999994E-01,  9.3799999999999994E-01,  8.5701854443076797E-01,  6.2022958000000003E-02,  3.9971599999999999E-04,0
352,  5.0000000000000003E-02,35,  1.0000000000000000E+00,  2.5000000000000000E-01,2,  8.7401862698694252E-02,46,7,470,469,1,  7.5521946890311231E-01,  9.3999999999999995E-01,  9.3799999999999994E-01,  8.3753910781625085E-01,  6.2812909000000000E-02,  3.4607200000000000E-04,0
353,  5.0000000000000003E-02,35,  1.0000000000000000E+00,  2.5000000000000000E-01,3,  8.7401862698694252E-02,46,8,472,469,3,  7.0316069188486641E-01,  9.4399999999999995E-01,  9.3799999999999994E-01,  8.0597320760458169E-01,  6.9413299999999997E-02,  3.6268800000000001E-04,0
354,  5.0000000000000003E-02,35,  1.0000000000000000E+00,  2.5000000000000000E-01,4,  8.7401862698694252E-02,46,8,472,469,3,  7.0316069188486641E-01,  9.4399999999999995E-01,  9.3799999999999994E-01,  8.0597320760458169E-01,  6.5662309000000002E-02,  3.6979299999999999E-04,0
355,  5.0000000000000003E-02,35,  1.0000000000000000E+00,  2.5000000000000000E-01,5,  8.7401862698694252E-02,46,8,472,469,3,  7.0316069188486641E-01,  9.4399999999999995E-01,  9.3799999999999994E-01,  8.0597320760458169E-01,  6.8364114000000004E-02,  3.6993399999999999E-04,0
356,  5.0000000000000003E-02,35,  1.0000000000000000E+00,  4.3750000000000000E-01,1,  8.7401862698694252E-02,46,6,469,469,0,  7.8890875813533634E-01,  9.3799999999999994E-01,  9.3799999999999994E-01,  8.5701854443076797E-01,  6.8909720999999993E-02,  3.4613400000000000E-04,0
357,  5.0000000000000003E-02,35,  1.0000000000000000E+00,  4.3750000000000000E-01,2,  8.7401862698694252E-02,46,7,470,469,1,  7.5521946890311231E-01,  9.3999999999999995E-01,  9.3799999999999994E-01,  8.3753910781625085E-01,  6.7969489999999994E-02,  3.6852500000000003E-04,0
358,  5.0000000000000003E-02,35,  1.0000000000000000E+00,  4.3750000000000000E-01,3,  8.7401862698694252E-02,46,8,472,469,3,  7.0316069188486641E-01,  9.4399999999999995E-01,  9.3799999999999994E-01,  8.0597320760458169E-01,  6.9676572000000006E-02,  3.6691000000000002E-04,0
359,  5.0000000000000003E-02,35,  1.0000000000000000E+00,  4.3750000000000000E-01,4,  8.7401862698694252E-02,46,8,472,469,3,  7.0316069188486641E-01,  9.4399999999999995E-01,  9.3799999999999994E-01,  8.0597320760458169E-01,  6.4623350999999996E-02,  3.6088800000000002E-04,0
360,  5.0000000000000003E-02,35,  1.0000000000000000E+00,  4.3750000000000000E-01,5,  8.7401862698694252E-02,46,8,472,469,3,  7.0316069188486641E-01,  9.4399999999999995E-01,  9.3799999999999994E-01,  8.0597320760458169E-01,  6.2225516000000002E-02,  3.5836499999999997E-04,0
361,  5.0000000000000003E-02,35,  1.0000000000000000E+00,  6.2500000000000000E-01,1,  8.7401862698694252E-02,46,6,469,469,0,  7.8890875813533634E-01,  9.3799999999999994E-01,  9.3799999999999994E-01,  8.5701854443076797E-01,  6.2347609999999998E-02,  3.5042199999999997E-04,0
362,  5.0000000000000003E-02,35,  1.0000000000000000E+00,  6.2500000000000000E-01,2,  8.7401862698694252E-02,46,7,470,469,1,  7.5521946890311231E-01,  9.3999999999999995E-01,  9.3799999999999994E-01,  8.3753910781625085E-01,  6.7393483000000004E-02,  3.4985399999999997E-04,0
363,  5.0000000000000003E-02,35,  1.0000000000000000E+00,  6.2500000000000000E-01,3,  8.7401862698694252E-02,46,8,472,469,3,  7.0316069188486641E-01,  9.4399999999999995E-01,  9.3799999999999994E-01,  8.0597320760458169E-01,  6.9193409999999997E-02,  4.9001100000000005E-04,0
364,  5.0000000000000003E-02,35,  1.0000000000000000E+00,  6.2500000000000000E-01,4,  8.7401862698694252E-02,46,8,472,469,3,  7.0316069188486641E-01,  9.4399999999999995E-01,  9.3799999999999994E-01,  8.0597320760458169E-01,  6.6605570000000003E-02,  3.5831399999999998E-04,0
365,  5.0000000000000003E-02,35,  1.0000000000000000E+00,  6.2500000000000000E-01,5,  8.7401862698694252E-02,46,8,472,469,3,  7.0316069188486641E-01,  9.4399999999999995E-01,  9.3799999999999994E-01,  8.0597320760458169E-01,  6.6083995000000006E-02,  3.9972899999999998E-04,0
366,  5.0000000000000003E-02,35,  1.0000000000000000E+00,  8.1250000000000000E-01,1,  8.7401862698694252E-02,46,6,469,469,0,  7.8890875813533634E-01,  9.3799999999999994E-01,  9.3799999999999994E-01,  8.5701854443076797E-01,  6.4355674000000002E-02,  3.6415500000000001E-04,0
367,  5.0000000000000003E-02,35,  1.0000000000000000E+00,  8.1250000000000000E-01,2,  8.7401862698694252E-02,46,7,470,469,1,  7.5521946890311231E-01,  9.3999999999999995E-01,  9.3799999999999994E-01,  8.3753910781625085E-01,  6.5639697999999996E-02,  4.0258200000000002E-04,0
368,  5.0000000000000003E-02,35,  1.0000000000000000E+00,  8.1250000000000000E-01,3,  8.7401862698694252E-02,46,8,472,469,3,  7.0316069188486641E-01,  9.4399999999999995E-01,  9.3799999999999994E-01,  8.0597320760458169E-01,  6.6008529999999996E-02,  3.5781300000000001E-04,0
369,  5.0000000000000003E-02,35,  1.0000000000000000E+00,  8.1250000000000000E-01,4,  8.7401862698694252E-02,46,8,472,469,3,  7.0316069188486641E-01,  9.4399999999999995E-01,  9.3799999999999994E-01,  8.0597320760458169E-01,  7.1212841999999998E-02,  4.5551300000000000E-04,0
370,  5.0000000000000003E-02,35,  1.0000000000000000E+00,  8.1250000000000000E-01,5,  8.7401862698694252E-02,46,8,472,469,3,  7.0316069188486641E-01,  9.4399999999999995E-01,  9.3799999999999994E-01,  8.0597320760458169E-01,  6.9973363999999996E-02,  5.7912800000000004E-04,0
371,  5.0000000000000003E-02,35,  1.0000000000000000E+00,  1.0000000000000000E+00,1,  8.7401862698694252E-02,46,6,469,469,0,  7.8890875813533634E-01,  9.3799999999999994E-01,  9.3799999999999994E-01,  8.5701854443076797E-01,  6.5906567999999999E-02,  3.7295100000000000E-04,0
372,  5.0000000000000003E-02,35,  1.0000000000000000E+00,  1.0000000000000000E+00,2,  8.7401862698694252E-02,46,7,470,469,1,  7.5521946890311231E-01,  9.3999999999999995E-01,  9.3799999999999994E-01,  8.3753910781625085E-01,  6.5700299000000004E-02,  3.5487600000000001E-04,0
373,  5.0000000000000003E-02,35,  1.0000000000000000E+00,  1.0000000000000000E+00,3,  8.7401862698694252E-02,46,8,472,469,3,  7.0316069188486641E-01,  9.4399999999999995E-01,  9.3799999999999994E-01,  8.0597320760458169E-01,  6.6786788999999999E-02,  3.6200199999999999E-04,0
374,  5.0000000000000003E-02,35,  1.0000000000000000E+00,  1.0000000000000000E+00,4,  8.7401862698694252E-02,46,8,472,469,3,  7.0316069188486641E-01,  9.4399999999999995E-01,  9.3799999999999994E-01,  8.0597320760458169E-01,  6.4550605999999996E-02,  4.9162999999999995E-04,0
375,  5.0000000000000003E-02,35,  1.0000000000000000E+00,  1.0000000000000000E+00,5,  8.7401862698694252E-02,46,8,472,469,3,  7.0316069188486641E-01,  9.4399999999999995E-01,  9.3799999999999994E-01,  8.0597320760458169E-01,  6.5135939000000004E-02,  3.5741100000000002E-04,0
376,  5.0000000000000003E-02,45,  2.5000000000000000E-01,  2.5000000000000000E-01,1,  8.7401862698694252E-02,37,35,134,134,0,  1.2059075992878462E-01,  2.6800000000000002E-01,  2.6800000000000002E-01,  1.6633603777319420E-01,  2.3843210000000000E-02,  1.3149200000000001E-04,0
377,  5.0000000000000003E-02,45,  2.5000000000000000E-01,  2.5000000000000000E-01,2,  8.7401862698694252E-02,37,35,134,134,0,  1.2059075992878462E-01,  2.6800000000000002E-01,  2.6800000000000002E-01,  1.6633603777319420E-01,  2.1570849000000000E-02,  1.2945700000000000E-04,0
378,  5.0000000000000003E-02,45,  2.5000000000000000E-01,  2.5000000000000000E-01,3,  8.7401862698694252E-02,37,35,134,134,0,  1.2059075992878462E-01,  2.6800000000000002E-01,  2.6800000000000002E-01,  1.6633603777319420E-01,  2.1826310000000002E-02,  1.3091000000000001E-04,0
379,  5.0000000000000003E-02,45,  2.5000000000000000E-01,  2.5000000000000000E-01,4,  8.7401862698694252E-02,37,35,134,134,0,  1.2059075992878462E-01,  2.6800000000000002E-01,  2.6800000000000002E-01,  1.6633603777319420E-01,  2.2353458999999999E-02,  1.3915299999999999E-04,0
380,  5.0000000000000003E-02,45,  2.5000000000000000E-01,  2.5000000000000000E-01,5,  8.7401862698694252E-02,37,35,134,134,0,  1.2059075992878462E-01,  2.6800000000000002E-01,  2.6800000000000002E-01,  1.6633603777319420E-01,  2.3433595000000002E-02,  1.7917200000000001E-04,0
381,  5.0000000000000003E-02,45,  2.5000000000000000E-01,  4.3750000000000000E-01,1,  8.7401862698694252E-02,37,35,134,134,0,  1.2059075992878462E-01,  2.6800000000000002E-01,  2.6800000000000002E-01,  1.6633603777319420E-01,  2.5257157999999998E-02,  1.4519700000000001E-04,0
382,  5.0000000000000003E-02,45,  2.5000000000000000E-01,  4.3750000000000000E-01,2,  8.7401862698694252E-02,37,35,134,134,0,  1.2059075992878462E-01,  2.6800000000000002E-01,  2.6800000000000002E-01,  1.6633603777319420E-01,  2.2010735000000000E-02,  1.9703900000000001E-04,0
383,  5.0000000000000003E-02,45,  2.5000000000000000E-01,  4.3750000000000000E-01,3,  8.7401862698694252E-02,37,35,134,134,0,  1.2059075992878462E-01,  2.6800000000000002E-01,  2.6800000000000002E-01,  1.6633603777319420E-01,  2.1661934000000001E-02,  1.3278100000000000E-04,0
384,  5.0000000000000003E-02,45,  2.5000000000000000E-01,  4.3750000000000000E-01,4,  8.7401862698694252E-02,37,35,134,134,0,  1.2059075992878462E-01,  2.6800000000000002E-01,  2.6800000000000002E-01,  1.6633603777319420E-01,  2.1856980000000002E-02,  1.3984300000000001E-04,0
385,  5.0000000000000003E-02,45,  2.5000000000000000E-01,  4.3750000000000000E-01,5,  8.7401862698694252E-02,37,35,134,134,0,  1.2059075992878462E-01,  2.6800000000000002E-01,  2.6800000000000002E-01,  1.6633603777319420E-01,  2.3816151000000001E-02,  2.0023999999999999E-04,0
386,  5.0000000000000003E-02,45,  2.5000000000000000E-01,  6.2500000000000000E-01,1,  8.7401862698694252E-02,37,35,134,134,0,  1.2059075992878462E-01,  2.6800000000000002E-01,  2.6800000000000002E-01,  1.6633603777319420E-01,  2.6156947000000000E-02,  1.3604700000000001E-04,0
387,  5.0000000000000003E-02,45,  2.5000000000000000E-01,  6.2500000000000000E-01,2,  8.7401862698694252E-02,37,35,134,134,0,  1.2059075992878462E-01,  2.6800000000000002E-01,  2.6800000000000002E-01,  1.6633603777319420E-01,  2.3062263999999999E-02,  1.4972600000000001E-04,0
388,  5.0000000000000003E-02,45,  2.5000000000000000E-01,  6.2500000000000000E-01,3,  8.7401862698694252E-02,37,35,134,134,0,  1.2059075992878462E-01,  2.6800000000000002E-01,  2.6800000000000002E-01,  1.6633603777319420E-01,  2.3787063000000001E-02,  1.7511000000000000E-04,0
389,  5.0000000000000003E-02,45,  2.5000000000000000E-01,  6.2500000000000000E-01,4,  8.7401862698694252E-02,37,35,134,134,0,  1.2059075992878462E-01,  2.6800000000000002E-01,  2.6800000000000002E-01,  1.6633603777319420E-01,  2.3476819999999999E-02,  1.5396499999999999E-04,0
390,  5.0000000000000003E-02,45,  2.5000000000000000E-01,  6.2500000000000000E-01,5,  8.7401862698694252E-02,37,35,134,134,0,  1.2059075992878462E-01,  2.6800000000000002E-01,  2.6800000000000002E-01,  1.6633603777319420E-01,  2.4595796000000000E-02,  1.3552500000000000E-04,0
391,  5.0000000000000003E-02,45,  2.5000000000000000E-01,  8.1250000000000000E-01,1,  8.7401862698694252E-02,37,35,134,134,0,  1.2059075992878462E-01,  2.6800000000000002E-01,  2.6800000000000002E-01,  1.6633603777319420E-01,  2.2157574999999999E-02,  1.4638800000000001E-04,0
392,  5.0000000000000003E-02,45,  2.5000000000000000E-01,  8.1250000000000000E-01,2,  8.7401862698694252E-02,37,35,134,134,0,  1.2059075992878462E-01,  2.6800000000000002E-01,  2.6800000000000002E-01,  1.6633603777319420E-01,  2.1591813000000001E-02,  1.3017100000000000E-04,0
393,  5.0000000000000003E-02,45,  2.5000000000000000E-01,  8.1250000000000000E-01,3,  8.7401862698694252E-02,37,35,134,134,0,  1.2059075992878462E-01,  2.6800000000000002E-01,  2.6800000000000002E-01,  1.6633603777319420E-01,  2.4061071999999999E-02,  1.3181900000000001E-04,0
394,  5.0000000000000003E-02,45,  2.5000000000000000E-01,  8.1250000000000000E-01,4,  8.7401862698694252E-02,37,35,134,134,0,  1.2059075992878462E-01,  2.6800000000000002E-01,  2.6800000000000002E-01,  1.6633603777319420E-01,  2.2739276999999999E-02,  1.2899600000000001E-04,0
395,  5.0000000000000003E-02,45,  2.5000000000000000E-01,  8.1250000000000000E-01,5,  8.7401862698694252E-02,37,35,134,134,0,  1.2059075992878462E-01,  2.6800000000000002E-01,  2.6800000000000002E-01,  1.6633603777319420E-01,  2.1750505999999999E-02,  1.3254400000000001E-04,0
396,  5.0000000000000003E-02,45,  2.5000000000000000E-01,  1.0000000000000000E+00,1,  8.7401862698694252E-02,37,35,134,134,0,  1.2059075992878462E-01,  2.6800000000000002E-01,  2.6800000000000002E-01,  1.6633603777319420E-01,  2.5495138000000001E-02,  1.8725400000000001E-04,0
397,  5.0000000000000003E-02,45,  2.5000000000000000E-01,  1.0000000000000000E+00,2,  8.7401862698694252E-02,37,35,134,134,0,  1.2059075992878462E-01,  2.6800000000000002E-01,  2.6800000000000002E-01,  1.6633603777319420E-01,  2.3983411999999999E-02,  1.3314400000000000E-04,0
398,  5.0000000000000003E-02,45,  2.5000000000000000E-01,  1.0000000000000000E+00,3,  8.7401862698694252E-02,37,35,134,134,0,  1.2059075992878462E-01,  2.6800000000000002E-01,  2.6800000000000002E-01,  1.6633603777319420E-01,  2.4253614000000000E-02,  1.3450300000000001E-04,0
399,  5.0000000000000003E-02,45,  2.5000000000000000E-01,  1.0000000000000000E+00,4,  8.7401862698694252E-02,37,35,134,134,0,  1.2059075992878462E-01,  2.6800000000000002E-01,  2.6800000000000002E-01,  1.6633603777319420E-01,  2.2159925000000000E-02,  1.3183499999999999E-04,0
400,  5.0000000000000003E-02,45,  2.5000000000000000E-01,  1.0000000000000000E+00,5,  8.7401862698694252E-02,37,35,134,134,0,  1.2059075992878462E-01,  2.6800000000000002E-01,  2.6800000000000002E-01,  1.6633603777319420E-01,  2.1737782000000001E-02,  1.3353200000000001E-04,0
401,  5.0000000000000003E-02,45,  4.3750000000000000E-01,  2.5000000000000000E-01,1,  8.7401862698694252E-02,37,18,400,400,0,  4.4978943905223440E-01,  8.0000000000000004E-01,  8.0000000000000004E-01,  5.7582747941071144E-01,  3.8913265000000002E-02,  3.1254600000000003E-04,0
402,  5.0000000000000003E-02,45,  4.3750000000000000E-01,  2.5000000000000000E-01,2,  8.7401862698694252E-02,37,19,401,400,1,  4.3886118387805328E-01,  8.0200000000000005E-01,  8.0000000000000004E-01,  5.6729418897640138E-01,  3.7687846999999997E-02,  3.1041499999999997E-04,0
403,  5.0000000000000003E-02,45,  4.3750000000000000E-01,  2.5000000000000000E-01,3,  8.7401862698694252E-02,37,22,407,400,7,  3.7463568763787269E-01,  8.1399999999999995E-01,  8.0000000000000004E-01,  5.1311508296246766E-01,  4.2368720999999998E-02,  4.2779999999999999E-04,0
404,  5.0000000000000003E-02,45,  4.3750000000000000E-01,  2.5000000000000000E-01,4,  8.7401862698694252E-02,37,24,413,400,13,  3.4891766168536448E-01,  8.2599999999999996E-01,  8.0000000000000004E-01,  4.9059776348700557E-01,  3.7980924999999999E-02,  3.3296900000000002E-04,0
405,  5.0000000000000003E-02,45,  4.3750000000000000E-01,  2.5000000000000000E-01,5,  8.7401862698694252E-02,37,24,413,400,13,  3.4891766168536448E-01,  8.2599999999999996E-01,  8.0000000000000004E-01,  4.9059776348700557E-01,  3.6102906999999997E-02,  3.5699700000000001E-04,0
406,  5.0000000000000003E-02,45,  4.3750000000000000E-01,  4.3750000000000000E-01,1,  8.7401862698694252E-02,37,18,400,400,0,  4.4978943905223440E-01,  8.0000000000000004E-01,  8.0000000000000004E-01,  5.7582747941071144E-01,  4.1741335999999997E-02,  5.1526399999999998E-04,0
407,  5.0000000000000003E-02,45,  4.3750000000000000E-01,  4.3750000000000000E-01,2,  8.7401862698694252E-02,37,19,401,400,1,  4.3886118387805328E-01,  8.0200000000000005E-01,  8.0000000000000004E-01,  5.6729418897640138E-01,  5.1082101999999997E-02,  3.4688999999999998E-04,0
408,  5.0000000000000003E-02,45,  4.3750000000000000E-01,  4.3750000000000000E-01,3,  8.7401862698694252E-02,37,22,407,400,7,  3.7463568763787269E-01,  8.1399999999999995E-01,  8.0000000000000004E-01,  5.1311508296246766E-01,  3.7571371999999999E-02,  3.4623599999999998E-04,0
409,  5.0000000000000003E-02,45,  4.3750000000000000E-01,  4.3750000000000000E-01,4,  8.7401862698694252E-02,37,24,413,400,13,  3.4891766168536448E-01,  8.2599999999999996E-01,  8.0000000000000004E-01,  4.9059776348700557E-01,  4.1787296000000002E-02,  3.2662000000000001E-04,0
410,  5.0000000000000003E-02,45,  4.3750000000000000E-01,  4.3750000000000000E-01,5,  8.7401862698694252E-02,37,24,413,400,13,  3.4891766168536448E-01,  8.2599999999999996E-01,  8.0000000000000004E-01,  4.9059776348700557E-01,  3.5777508999999999E-02,  3.4595200000000001E-04,0
411,  5.0000000000000003E-02,45,  4.3750000000000000E-01,  6.2500000000000000E-01,1,  8.7401862698694252E-02,37,18,400,400,0,  4.4978943905223440E-01,  8.0000000000000004E-01,  8.0000000000000004E-01,  5.7582747941071144E-01,  3.5912964999999998E-02,  3.1577100000000001E-04,0
412,  5.0000000000000003E-02,45,  4.3750000000000000E-01,  6.2500000000000000E-01,2,  8.7401862698694252E-02,37,19,401,400,1,  4.3886118387805328E-01,  8.0200000000000005E-01,  8.0000000000000004E-01,  5.6729418897640138E-01,  4.1351828000000000E-02,  5.1732000000000004E-04,0
413,  5.0000000000000003E-02,45,  4.3750000000000000E-01,  6.2500000000000000E-01,3,  8.7401862698694252E-02,37,22,407,400,7,  3.7463568763787269E-01,  8.1399999999999995E-01,  8.0000000000000004E-01,  5.1311508296246766E-01,  3.9353269000000003E-02,  3.6551299999999998E-04,0
414,  5.0000000000000003E-02,45,  4.3750000000000000E-01,  6.2500000000000000E-01,4,  8.7401862698694252E-02,37,24,413,400,13,  3.4891766168536448E-01,  8.2599999999999996E-01,  8.0000000000000004E-01,  4.9059776348700557E-01,  3.7549299000000001E-02,  3.3111099999999998E-04,0
415,  5.0000000000000003E-02,45,  4.3750000000000000E-01,  6.2500000000000000E-01,5,  8.7401862698694252E-02,37,24,413,400,13,  3.4891766168536448E-01,  8.2599999999999996E-01,  8.0000000000000004E-01,  4.9059776348700557E-01,  3.8783672999999998E-02,  3.4376699999999998E-04,0
416,  5.0000000000000003E-02,45,  4.3750000000000000E-01,  8.1250000000000000E-01,1,  8.7401862698694252E-02,37,18,400,400,0,  4.4978943905223440E-01,  8.0000000000000004E-01,  8.0000000000000004E-01,  5.7582747941071144E-01,  3.6932833999999998E-02,  3.1194200000000000E-04,0
417,  5.0000000000000003E-02,45,  4.3750000000000000E-01,  8.1250000000000000E-01,2,  8.7401862698694252E-02,37,19,401,400,1,  4.3886118387805328E-01,  8.0200000000000005E-01,  8.0000000000000004E-01,  5.6729418897640138E-01,  3.9908746000000002E-02,  4.4345799999999998E-04,0
418,  5.0000000000000003E-02,45,  4.3750000000000000E-01,  8.1250000000000000E-01,3,  8.7401862698694252E-02,37,22,407,400,7,  3.7463568763787269E-01,  8.1399999999999995E-01,  8.0000000000000004E-01,  5.1311508296246766E-01,  3.7689569999999999E-02,  3.2625299999999998E-04,0
419,  5.0000000000000003E-02,45,  4.3750000000000000E-01,  8.1250000000000000E-01,4,  8.7401862698694252E-02,37,24,413,400,13,  3.4891766168536448E-01,  8.2599999999999996E-01,  8.0000000000000004E-01,  4.9059776348700557E-01,  3.6673268000000002E-02,  3.2979199999999998E-04,0
420,  5.0000000000000003E-02,45,  4.3750000000000000E-01,  8.1250000000000000E-01,5,  8.7401862698694252E-02,37,24,413,400,13,  3.4891766168536448E-01,  8.2599999999999996E-01,  8.0000000000000004E-01,  4.9059776348700557E-01,  3.8949904000000000E-02,  3.3592099999999998E-04,0
421,  5.0000000000000003E-02,45,  4.3750000000000000E-01,  1.0000000000000000E+00,1,  8.7401862698694252E-02,37,18,400,400,0,  4.4978943905223440E-01,  8.0000000000000004E-01,  8.0000000000000004E-01,  5.7582747941071144E-01,  3.5915481999999999E-02,  3.2609700000000002E-04,0
422,  5.0000000000000003E-02,45,  4.3750000000000000E-01,  1.0000000000000000E+00,2,  8.7401862698694252E-02,37,19,401,400,1,  4.3886118387805328E-01,  8.0200000000000005E-01,  8.0000000000000004E-01,  5.6729418897640138E-01,  3.8252830000000002E-02,  3.4005899999999998E-04,0
423,  5.0000000000000003E-02,45,  4.3750000000000000E-01,  1.0000000000000000E+00,3,  8.7401862698694252E-02,37,22,407,400,7,  3.7463568763787269E-01,  8.1399999999999995E-01,  8.0000000000000004E-01,  5.1311508296246766E-01,  3.7122422000000002E-02,  3.3974899999999998E-04,0
424,  5.0000000000000003E-02,45,  4.3750000000000000E-01,  1.0000000000000000E+00,4,  8.7401862698694252E-02,37,24,413,400,13,  3.4891766168536448E-01,  8.2599999999999996E-01,  8.0000000000000004E-01,  4.9059776348700557E-01,  3.8945883000000001E-02,  4.9056999999999996E-04,0
425,  5.0000000000000003E-02,45,  4.3750000000000000E-01,  1.0000000000000000E+00,5,  8.7401862698694252E-02,37,24,413,400,13,  3.4891766168536448E-01,  8.2599999999999996E-01,  8.0000000000000004E-01,  4.9059776348700557E-01,  4.1599349000000001E-02,  3.4128600000000000E-04,0
426,  5.0000000000000003E-02,45,  6.2500000000000000E-01,  2.5000000000000000E-01,1,  8.7401862698694252E-02,37,16,406,406,0,  5.0688528432874813E-01,  8.1200000000000006E-01,  8.1200000000000006E-01,  6.2414958414586341E-01,  4.4942982999999999E-02,  3.4372800000000001E-04,0
427,  5.0000000000000003E-02,45,  6.2500000000000000E-01,  2.5000000000000000E-01,2,  8.7401862698694252E-02,37,17,407,406,1,  4.9309799462210818E-01,  8.1399999999999995E-01,  8.1200000000000006E-01,  6.1415711641182424E-01,  3.9452336999999997E-02,  4.7307099999999998E-04,0
428,  5.0000000000000003E-02,45,  6.2500000000000000E-01,  2.5000000000000000E-01,3,  8.7401862698694252E-02,37,20,413,406,7,  4.1823616952958842E-01,  8.2599999999999996E-01,  8.1200000000000006E-01,  5.5530145239556905E-01,  3.8963594999999997E-02,  3.2825999999999998E-04,0
429,  5.0000000000000003E-02,45,  6.2500000000000000E-01,  2.5000000000000000E-01,4,  8.7401862698694252E-02,37,21,416,406,10,  3.9141382468072827E-01,  8.3199999999999996E-01,  8.1200000000000006E-01,  5.3237309496539609E-01,  3.9867094999999998E-02,  3.3355199999999998E-04,0
430,  5.0000000000000003E-02,45,  6.2500000000000000E-01,  2.5000000000000000E-01,5,  8.7401862698694252E-02,37,21,416,406,10,  3.9141382468072827E-01,  8.3199999999999996E-01,  8.1200000000000006E-01,  5.3237309496539609E-01,  4.2081233000000003E-02,  4.5720700000000000E-04,0
431,  5.0000000000000003E-02,45,  6.2500000000000000E-01,  4.3750000000000000E-01,1,  8.7401862698694252E-02,37,16,406,406,0,  5.0688528432874813E-01,  8.1200000000000006E-01,  8.1200000000000006E-01,  6.2414958414586341E-01,  4.0819286000000003E-02,  4.0532099999999999E-04,0
432,  5.0000000000000003E-02,45,  6.2500000000000000E-01,  4.3750000000000000E-01,2,  8.7401862698694252E-02,37,17,407,406,1,  4.9309799462210818E-01,  8.1399999999999995E-01,  8.1200000000000006E-01,  6.1415711641182424E-01,  4.2662752999999998E-02,  3.2100700000000000E-04,0
433,  5.0000000000000003E-02,45,  6.2500000000000000E-01,  4.3750000000000000E-01,3,  8.7401862698694252E-02,37,20,413,406,7,  4.1823616952958842E-01,  8.2599999999999996E-01,  8.1200000000000006E-01,  5.5530145239556905E-01,  4.8638228999999998E-02,  4.3711500000000002E-04,0
434,  5.0000000000000003E-02,45,  6.2500000000000000E-01,  4.3750000000000000E-01,4,  8.7401862698694252E-02,37,21,416,406,10,  3.9141382468072827E-01,  8.3199999999999996E-01,  8.1200000000000006E-01,  5.3237309496539609E-01,  4.2066258000000002E-02,  3.5325100000000001E-04,0
435,  5.0000000000000003E-02,45,  6.2500000000000000E-01,  4.3750000000000000E-01,5,  8.7401862698694252E-02,37,21,416,406,10,  3.9141382468072827E-01,  8.3199999999999996E-01,  8.1200000000000006E-01,  5.3237309496539609E-01,  4.2587998000000002E-02,  3.8540299999999998E-04,0
436,  5.0000000000000003E-02,45,  6.2500000000000000E-01,  6.2500000000000000E-01,1,  8.7401862698694252E-02,37,16,406,406,0,  5.0688528432874813E-01,  8.1200000000000006E-01,  8.1200000000000006E-01,  6.2414958414586341E-01,  3.9362668000000003E-02,  3.3663200000000001E-04,0
437,  5.0000000000000003E-02,45,  6.2500000000000000E-01,  6.2500000000000000E-01,2,  8.7401862698694252E-02,37,17,407,406,1,  4.9309799462210818E-01,  8.1399999999999995E-01,  8.1200000000000006E-01,  6.1415711641182424E-01,  4.3215941000000001E-02,  3.3485999999999998E-04,0
438,  5.0000000000000003E-02,45,  6.2500000000000000E-01,  6.2500000000000000E-01,3,  8.7401862698694252E-02,37,20,413,406,7,  4.1823616952958842E-01,  8.2599999999999996E-01,  8.1200000000000006E-01,  5.5530145239556905E-01,  4.1674004000000001E-02,  3.2742399999999999E-04,0
439,  5.0000000000000003E-02,45,  6.2500000000000000E-01,  6.2500000000000000E-01,4,  8.7401862698694252E-02,37,21,416,406,10,  3.9141382468072827E-01,  8.3199999999999996E-01,  8.1200000000000006E-01,  5.3237309496539609E-01,  3.9968427000000001E-02,  3.2875700000000000E-04,0
440,  5.0000000000000003E-02,45,  6.2500000000000000E-01,  6.2500000000000000E-01,5,  8.7401862698694252E-02,37,21,416,406,10,  3.9141382468072827E-01,  8.3199999999999996E-01,  8.1200000000000006E-01,  5.3237309496539609E-01,  4.0788313000000000E-02,  5.2686900000000001E-04,0
441,  5.0000000000000003E-02,45,  6.2500000000000000E-01,  8.1250000000000000E-01,1,  8.7401862698694252E-02,37,16,406,406,0,  5.0688528432874813E-01,  8.1200000000000006E-01,  8.1200000000000006E-01,  6.2414958414586341E-01,  4.0920647999999997E-02,  3.6648099999999999E-04,0
442,  5.0000000000000003E-02,45,  6.2500000000000000E-01,  8.1250000000000000E-01,2,  8.7401862698694252E-02,37,17,407,406,1,  4.9309799462210818E-01,  8.1399999999999995E-01,  8.1200000000000006E-01,  6.1415711641182424E-01,  4.0156663000000002E-02,  3.2763600000000002E-04,0
443,  5.0000000000000003E-02,45,  6.2500000000000000E-01,  8.1250000000000000E-01,3,  8.7401862698694252E-02,37,20,413,406,7,  4.1823616952958842E-01,  8.2599999999999996E-01,  8.1200000000000006E-01,  5.5530145239556905E-01,  4.3415800999999997E-02,  3.2390700000000001E-04,0
444,  5.0000000000000003E-02,45,  6.2500000000000000E-01,  8.1250000000000000E-01,4,  8.7401862698694252E-02,37,21,416,406,10,  3.9141382468072827E-01,  8.3199999999999996E-01,  8.1200000000000006E-01,  5.3237309496539609E-01,  3.9301457999999997E-02,  3.3653900000000001E-04,0
445,  5.0000000000000003E-02,45,  6.2500000000000000E-01,  8.1250000000000000E-01,5,  8.7401862698694252E-02,37,21,416,406,10,  3.9141382468072827E-01,  8.3199999999999996E-01,  8.1200000000000006E-01,  5.3237309496539609E-01,  4.2017151000000003E-02,  3.3181900000000002E-04,0
446,  5.0000000000000003E-02,45,  6.2500000000000000E-01,  1.0000000000000000E+00,1,  8.7401862698694252E-02,37,16,406,406,0,  5.0688528432874813E-01,  8.1200000000000006E-01,  8.1200000000000006E-01,  6.2414958414586341E-01,  3.8990980000000001E-02,  3.1792600000000001E-04,0
447,  5.0000000000000003E-02,45,  6.2500000000000000E-01,  1.0000000000000000E+00,2,  8.7401862698694252E-02,37,17,407,406,1,  4.9309799462210818E-01,  8.1399999999999995E-01,  8.1200000000000006E-01,  6.1415711641182424E-01,  4.1023650000000002E-02,  3.5158999999999999E-04,0
448,  5.0000000000000003E-02,45,  6.2500000000000000E-01,  1.0000000000000000E+00,3,  8.7401862698694252E-02,37,20,413,406,7,  4.1823616952958842E-01,  8.2599999999999996E-01,  8.1200000000000006E-01,  5.5530145239556905E-01,  4.2930072000000000E-02,  3.5192699999999998E-04,0
449,  5.0000000000000003E-02,45,  6.2500000000000000E-01,  1.0000000000000000E+00,4,  8.7401862698694252E-02,37,21,416,406,10,  3.9141382468072827E-01,  8.3199999999999996E-01,  8.1200000000000006E-01,  5.3237309496539609E-01,  4.3161456000000001E-02,  4.6027800000000000E-04,0
450,  5.0000000000000003E-02,45,  6.2500000000000000E-01,  1.0000000000000000E+00,5,  8.7401862698694252E-02,37,21,416,406,10,  3.9141382468072827E-01,  8.3199999999999996E-01,  8.1200000000000006E-01,  5.3237309496539609E-01,  4.0916642000000003E-02,  3.3995000000000000E-04,0
451,  5.0000000000000003E-02,45,  8.1250000000000000E-01,  2.5000000000000000E-01,1,  8.7401862698694252E-02,37,7,440,440,0,  7.7843754592020675E-01,  8.8000000000000000E-01,  8.8000000000000000E-01,  8.2610893861509438E-01,  5.2418903000000003E-02,  3.3204799999999999E-04,0
452,  5.0000000000000003E-02,45,  8.1250000000000000E-01,  2.5000000000000000E-01,2,  8.7401862698694252E-02,37,9,442,440,2,  7.3249364654267468E-01,  8.8400000000000001E-01,  8.8000000000000000E-01,  8.0114683398680475E-01,  5.3468270999999998E-02,  3.5685300000000002E-04,0
453,  5.0000000000000003E-02,45,  8.1250000000000000E-01,  2.5000000000000000E-01,3,  8.7401862698694252E-02,37,10,444,440,4,  6.6229562167770029E-01,  8.8800000000000001E-01,  8.8000000000000000E-01,  7.5871789073795781E-01,  5.0157040000000000E-02,  3.6002199999999999E-04,0
454,  5.0000000000000003E-02,45,  8.1250000000000000E-01,  2.5000000000000000E-01,4,  8.7401862698694252E-02,37,10,444,440,4,  6.6229562167770029E-01,  8.8800000000000001E-01,  8.8000000000000000E-01,  7.5871789073795781E-01,  5.3836487000000002E-02,  5.5127799999999999E-04,0
455,  5.0000000000000003E-02,45,  8.1250000000000000E-01,  2.5000000000000000E-01,5,  8.7401862698694252E-02,37,11,448,440,8,  6.2091997139684407E-01,  8.9600000000000002E-01,  8.8000000000000000E-01,  7.3351831983498372E-01,  5.2489475000000001E-02,  3.3924800000000000E-04,0
456,  5.0000000000000003E-02,45,  8.1250000000000000E-01,  4.3750000000000000E-01,1,  8.7401862698694252E-02,37,7,440,440,0,  7.7843754592020675E-01,  8.8000000000000000E-01,  8.8000000000000000E-01,  8.2610893861509438E-01,  5.4270383999999998E-02,  4.9225099999999997E-04,0
457,  5.0000000000000003E-02,45,  8.1250000000000000E-01,  4.3750000000000000E-01,2,  8.7401862698694252E-02,37,9,442,440,2,  7.3249364654267468E-01,  8.8400000000000001E-01,  8.8000000000000000E-01,  8.0114683398680475E-01,  5.5006171000000000E-02,  3.3060600000000000E-04,0
458,  5.0000000000000003E-02,45,  8.1250000000000000E-01,  4.3750000000000000E-01,3,  8.7401862698694252E-02,37,10,444,440,4,  6.6229562167770029E-01,  8.8800000000000001E-01,  8.8000000000000000E-01,  7.5871789073795781E-01,  5.3732303000000002E-02,  4.8241100000000003E-04,0
459,  5.0000000000000003E-02,45,  8.1250000000000000E-01,  4.3750000000000000E-01,4,  8.7401862698694252E-02,37,10,444,440,4,  6.6229562167770029E-01,  8.8800000000000001E-01,  8.8000000000000000E-01,  7.5871789073795781E-01,  5.7721355000000002E-02,  5.3012899999999995E-04,0
460,  5.0000000000000003E-02,45,  8.1250000000000000E-01,  4.3750000000000000E-01,5,  8.7401862698694252E-02,37,11,448,440,8,  6.2091997139684407E-01,  8.9600000000000002E-01,  8.8000000000000000E-01,  7.3351831983498372E-01,  5.4461663000000000E-02,  3.3891299999999999E-04,0
461,  5.0000000000000003E-02,45,  8.1250000000000000E-01,  6.2500000000000000E-01,1,  8.7401862698694252E-02,37,7,440,440,0,  7.7843754592020675E-01,  8.8000000000000000E-01,  8.8000000000000000E-01,  8.2610893861509438E-01,  5.1820540999999998E-02,  3.2221799999999998E-04,0
462,  5.0000000000000003E-02,45,  8.1250000000000000E-01,  6.2500000000000000E-01,2,  8.7401862698694252E-02,37,9,442,440,2,  7.3249364654267468E-01,  8.8400000000000001E-01,  8.8000000000000000E-01,  8.0114683398680475E-01,  5.4765004999999999E-02,  3.3214900000000001E-04,0
463,  5.0000000000000003E-02,45,  8.1250000000000000E-01,  6.2500000000000000E-01,3,  8.7401862698694252E-02,37,10,444,440,4,  6.6229562167770029E-01,  8.8800000000000001E-01,  8.8000000000000000E-01,  7.5871789073795781E-01,  4.9163052999999998E-02,  3.3808299999999998E-04,0
464,  5.0000000000000003E-02,45,  8.1250000000000000E-01,  6.2500000000000000E-01,4,  8.7401862698694252E-02,37,10,444,440,4,  6.6229562167770029E-01,  8.8800000000000001E-01,  8.8000000000000000E-01,  7.5871789073795781E-01,  5.4210003999999999E-02,  3.4091900000000002E-04,0
465,  5.0000000000000003E-02,45,  8.1250000000000000E-01,  6.2500000000000000E-01,5,  8.7401862698694252E-02,37,11,448,440,8,  6.2091997139684407E-01,  8.9600000000000002E-01,  8.8000000000000000E-01,  7.3351831983498372E-01,  4.9334443999999998E-02,  3.3890299999999999E-04,0
466,  5.0000000000000003E-02,45,  8.1250000000000000E-01,  8.1250000000000000E-01,1,  8.7401862698694252E-02,37,7,440,440,0,  7.7843754592020675E-01,  8.8000000000000000E-01,  8.8000000000000000E-01,  8.2610893861509438E-01,  5.1924087000000001E-02,  3.4037599999999998E-04,0
467,  5.0000000000000003E-02,45,  8.1250000000000000E-01,  8.1250000000000000E-01,2,  8.7401862698694252E-02,37,9,442,440,2,  7.3249364654267468E-01,  8.8400000000000001E-01,  8.8000000000000000E-01,  8.0114683398680475E-01,  5.1164373999999999E-02,  3.3052000000000000E-04,0
468,  5.0000000000000003E-02,45,  8.1250000000000000E-01,  8.1250000000000000E-01,3,  8.7401862698694252E-02,37,10,444,440,4,  6.6229562167770029E-01,  8.8800000000000001E-01,  8.8000000000000000E-01,  7.5871789073795781E-01,  5.2291158999999997E-02,  4.9954199999999995E-04,0
469,  5.0000000000000003E-02,45,  8.1250000000000000E-01,  8.1250000000000000E-01,4,  8.7401862698694252E-02,37,10,444,440,4,  6.6229562167770029E-01,  8.8800000000000001E-01,  8.8000000000000000E-01,  7.5871789073795781E-01,  5.6368840000000003E-02,  3.4824900000000002E-04,0
470,  5.0000000000000003E-02,45,  8.1250000000000000E-01,  8.1250000000000000E-01,5,  8.7401862698694252E-02,37,11,448,440,8,  6.2091997139684407E-01,  8.9600000000000002E-01,  8.8000000000000000E-01,  7.3351831983498372E-01,  5.3725463000000001E-02,  3.3717799999999999E-04,0
471,  5.0000000000000003E-02,45,  8.1250000000000000E-01,  1.0000000000000000E+00,1,  8.7401862698694252E-02,37,7,440,440,0,  7.7843754592020675E-01,  8.8000000000000000E-01,  8.8000000000000000E-01,  8.2610893861509438E-01,  5.3699824000000000E-02,  4.6538900000000003E-04,0
472,  5.0000000000000003E-02,45,  8.1250000000000000E-01,  1.0000000000000000E+00,2,  8.7401862698694252E-02,37,9,442,440,2,  7.3249364654267468E-01,  8.8400000000000001E-01,  8.8000000000000000E-01,  8.0114683398680475E-01,  5.2565685000000001E-02,  4.9014399999999997E-04,0
473,  5.0000000000000003E-02,45,  8.1250000000000000E-01,  1.0000000000000000E+00,3,  8.7401862698694252E-02,37,10,444,440,4,  6.6229562167770029E-01,  8.8800000000000001E-01,  8.8000000000000000E-01,  7.5871789073795781E-01,  5.7130702999999998E-02,  3.3726200000000001E-04,0
474,  5.0000000000000003E-02,45,  8.1250000000000000E-01,  1.0000000000000000E+00,4,  8.7401862698694252E-02,37,10,444,440,4,  6.6229562167770029E-01,  8.8800000000000001E-01,  8.8000000000000000E-01,  7.5871789073795781E-01,  5.4764792999999999E-02,  3.3212299999999998E-04,0
475,  5.0000000000000003E-02,45,  8.1250000000000000E-01,  1.0000000000000000E+00,5,  8.7401862698694252E-02,37,11,448,440,8,  6.2091997139684407E-01,  8.9600000000000002E-01,  8.8000000000000000E-01,  7.3351831983498372E-01,  5.3681867000000001E-02,  5.0102800000000004E-04,0
476,  5.0000000000000003E-02,45,  1.0000000000000000E+00,  2.5000000000000000E-01,1,  8.7401862698694252E-02,37,6,463,463,0,  8.3338098055592180E-01,  9.2600000000000005E-01,  9.2600000000000005E-01,  8.7725262069269572E-01,  5.2416367999999998E-02,  3.3609599999999998E-04,0
477,  5.0000000000000003E-02,45,  1.0000000000000000E+00,  2.5000000000000000E-01,2,  8.7401862698694252E-02,37,6,463,463,0,  8.3338098055592180E-01,  9.2600000000000005E-01,  9.2600000000000005E-01,  8.7725262069269572E-01,  5.3444079999999998E-02,  3.5799399999999999E-04,0
478,  5.0000000000000003E-02,45,  1.0000000000000000E+00,  2.5000000000000000E-01,3,  8.7401862698694252E-02,37,6,463,463,0,  8.3338098055592180E-01,  9.2600000000000005E-01,  9.2600000000000005E-01,  8.7725262069269572E-01,  6.2781850000000000E-02,  5.5689200000000002E-04,0
479,  5.0000000000000003E-02,45,  1.0000000000000000E+00,  2.5000000000000000E-01,4,  8.7401862698694252E-02,37,6,463,463,0,  8.3338098055592180E-01,  9.2600000000000005E-01,  9.2600000000000005E-01,  8.7725262069269572E-01,  5.4553368999999997E-02,  3.4694599999999999E-04,0
480,  5.0000000000000003E-02,45,  1.0000000000000000E+00,  2.5000000000000000E-01,5,  8.7401862698694252E-02,37,6,463,463,0,  8.3338098055592180E-01,  9.2600000000000005E-01,  9.2600000000000005E-01,  8.7725262069269572E-01,  5.9574706999999998E-02,  4.8667500000000000E-04,0
481,  5.0000000000000003E-02,45,  1.0000000000000000E+00,  4.3750000000000000E-01,1,  8.7401862698694252E-02,37,6,463,463,0,  8.3338098055592180E-01,  9.2600000000000005E-01,  9.2600000000000005E-01,  8.7725262069269572E-01,  5.6516324999999999E-02,  3.3652399999999999E-04,0
482,  5.0000000000000003E-02,45,  1.0000000000000000E+00,  4.3750000000000000E-01,2,  8.7401862698694252E-02,37,6,463,463,0,  8.3338098055592180E-01,  9.2600000000000005E-01,  9.2600000000000005E-01,  8.7725262069269572E-01,  5.6973668999999998E-02,  3.7079900000000000E-04,0
483,  5.0000000000000003E-02,45,  1.0000000000000000E+00,  4.3750000000000000E-01,3,  8.7401862698694252E-02,37,6,463,463,0,  8.3338098055592180E-01,  9.2600000000000005E-01,  9.2600000000000005E-01,  8.7725262069269572E-01,  5.3854514999999999E-02,  3.6639700000000002E-04,0
484,  5.0000000000000003E-02,45,  1.0000000000000000E+00,  4.3750000000000000E-01,4,  8.7401862698694252E-02,37,6,463,463,0,  8.3338098055592180E-01,  9.2600000000000005E-01,  9.2600000000000005E-01,  8.7725262069269572E-01,  5.7550891000000000E-02,  4.2839300000000000E-04,0
485,  5.0000000000000003E-02,45,  1.0000000000000000E+00,  4.3750000000000000E-01,5,  8.7401862698694252E-02,37,6,463,463,0,  8.3338098055592180E-01,  9.2600000000000005E-01,  9.2600000000000005E-01,  8.7725262069269572E-01,  5.6720911999999998E-02,  3.4513900000000000E-04,0
486,  5.0000000000000003E-02,45,  1.0000000000000000E+00,  6.2500000000000000E-01,1,  8.7401862698694252E-02,37,6,463,463,0,  8.3338098055592180E-01,  9.2600000000000005E-01,  9.2600000000000005E-01,  8.7725262069269572E-01,  5.2433838000000003E-02,  3.8375200000000001E-04,0
487,  5.0000000000000003E-02,45,  1.0000000000000000E+00,  6.2500000000000000E-01,2,  8.7401862698694252E-02,37,6,463,463,0,  8.3338098055592180E-01,  9.2600000000000005E-01,  9.2600000000000005E-01,  8.7725262069269572E-01,  6.0508863000000003E-02,  3.8674400000000001E-04,0
488,  5.0000000000000003E-02,45,  1.0000000000000000E+00,  6.2500000000000000E-01,3,  8.7401862698694252E-02,37,6,463,463,0,  8.3338098055592180E-01,  9.2600000000000005E-01,  9.2600000000000005E-01,  8.7725262069269572E-01,  5.3265756999999997E-02,  3.6458800000000000E-04,0
489,  5.0000000000000003E-02,45,  1.0000000000000000E+00,  6.2500000000000000E-01,4,  8.7401862698694252E-02,37,6,463,463,0,  8.3338098055592180E-01,  9.2600000000000005E-01,  9.2600000000000005E-01,  8.7725262069269572E-01,  5.4877608000000001E-02,  3.7887499999999998E-04,0
490,  5.0000000000000003E-02,45,  1.0000000000000000E+00,  6.2500000000000000E-01,5,  8.7401862698694252E-02,37,6,463,463,0,  8.3338098055592180E-01,  9.2600000000000005E-01,  9.2600000000000005E-01,  8.7725262069269572E-01,  5.3118867000000000E-02,  3.4211099999999998E-04,0
491,  5.0000000000000003E-02,45,  1.0000000000000000E+00,  8.1250000000000000E-01,1,  8.7401862698694252E-02,37,6,463,463,0,  8.3338098055592180E-01,  9.2600000000000005E-01,  9.2600000000000005E-01,  8.7725262069269572E-01,  5.6590534999999997E-02,  3.4565500000000000E-04,0
492,  5.0000000000000003E-02,45,  1.0000000000000000E+00,  8.1250000000000000E-01,2,  8.7401862698694252E-02,37,6,463,463,0,  8.3338098055592180E-01,  9.2600000000000005E-01,  9.2600000000000005E-01,  8.7725262069269572E-01,  5.1417657999999998E-02,  3.4411000000000001E-04,0
493,  5.0000000000000003E-02,45,  1.0000000000000000E+00,  8.1250000000000000E-01,3,  8.7401862698694252E-02,37,6,463,463,0,  8.3338098055592180E-01,  9.2600000000000005E-01,  9.2600000000000005E-01,  8.7725262069269572E-01,  6.0503689999999999E-02,  5.1651400000000004E-04,0
494,  5.0000000000000003E-02,45,  1.0000000000000000E+00,  8.1250000000000000E-01,4,  8.7401862698694252E-02,37,6,463,463,0,  8.3338098055592180E-01,  9.2600000000000005E-01,  9.2600000000000005E-01,  8.7725262069269572E-01,  5.9273899999999997E-02,  3.6847900000000001E-04,0
495,  5.0000000000000003E-02,45,  1.0000000000000000E+00,  8.1250000000000000E-01,5,  8.7401862698694252E-02,37,6,463,463,0,  8.3338098055592180E-01,  9.2600000000000005E-01,  9.2600000000000005E-01,  8.7725262069269572E-01,  5.6203853999999998E-02,  3.5168100000000001E-04,0
496,  5.0000000000000003E-02,45,  1.0000000000000000E+00,  1.0000000000000000E+00,1,  8.7401862698694252E-02,37,6,463,463,0,  8.3338098055592180E-01,  9.2600000000000005E-01,  9.2600000000000005E-01,  8.7725262069269572E-01,  5.6635145999999997E-02,  3.5678400000000002E-04,0
497,  5.0000000000000003E-02,45,  1.0000000000000000E+00,  1.0000000000000000E+00,2,  8.7401862698694252E-02,37,6,463,463,0,  8.3338098055592180E-01,  9.2600000000000005E-01,  9.2600000000000005E-01,  8.7725262069269572E-01,  5.6398118999999997E-02,  3.4284600000000000E-04,0
498,  5.0000000000000003E-02,45,  1.0000000000000000E+00,  1.0000000000000000E+00,3,  8.7401862698694252E-02,37,6,463,463,0,  8.3338098055592180E-01,  9.2600000000000005E-01,  9.2600000000000005E-01,  8.7725262069269572E-01,  5.1401971999999997E-02,  3.4571100000000001E-04,0
499,  5.0000000000000003E-02,45,  1.0000000000000000E+00,  1.0000000000000000E+00,4,  8.7401862698694252E-02,37,6,463,463,0,  8.3338098055592180E-01,  9.2600000000000005E-01,  9.2600000000000005E-01,  8.7725262069269572E-01,  5.1338283999999998E-02,  3.3681000000000000E-04,0
500,  5.0000000000000003E-02,45,  1.0000000000000000E+00,  1.0000000000000000E+00,5,  8.7401862698694252E-02,37,6,463,463,0,  8.3338098055592180E-01,  9.2600000000000005E-01,  9.2600000000000005E-01,  8.7725262069269572E-01,  5.2349184999999999E-02,  3.4451499999999999E-04,0
501,  5.0000000000000003E-02,55,  2.5000000000000000E-01,  2.5000000000000000E-01,1,  8.7401862698694252E-02,30,28,98,98,0,  1.1045717893594575E-01,  1.9600000000000001E-01,  1.9600000000000001E-01,  1.4128960624525272E-01,  2.0418823999999999E-02,  2.0552499999999999E-04,0
502,  5.0000000000000003E-02,55,  2.5000000000000000E-01,  2.5000000000000000E-01,2,  8.7401862698694252E-02,30,28,98,98,0,  1.1045717893594575E-01,  1.9600000000000001E-01,  1.9600000000000001E-01,  1.4128960624525272E-01,  1.9772301999999999E-02,  1.2773600000000001E-04,0
503,  5.0000000000000003E-02,55,  2.5000000000000000E-01,  2.5000000000000000E-01,3,  8.7401862698694252E-02,30,28,98,98,0,  1.1045717893594575E-01,  1.9600000000000001E-01,  1.9600000000000001E-01,  1.4128960624525272E-01,  1.0998508000000001E-02,  9.1881999999999999E-05,0
504,  5.0000000000000003E-02,55,  2.5000000000000000E-01,  2.5000000000000000E-01,4,  8.7401862698694252E-02,30,28,98,98,0,  1.1045717893594575E-01,  1.9600000000000001E-01,  1.9600000000000001E-01,  1.4128960624525272E-01,  1.0704870999999999E-02,  9.9127000000000001E-05,0
505,  5.0000000000000003E-02,55,  2.5000000000000000E-01,  2.5000000000000000E-01,5,  8.7401862698694252E-02,30,28,98,98,0,  1.1045717893594575E-01,  1.9600000000000001E-01,  1.9600000000000001E-01,  1.4128960624525272E-01,  1.0546770000000000E-02,  9.1225999999999997E-05,0
506,  5.0000000000000003E-02,55,  2.5000000000000000E-01,  4.3750000000000000E-01,1,  8.7401862698694252E-02,30,28,98,98,0,  1.1045717893594575E-01,  1.9600000000000001E-01,  1.9600000000000001E-01,  1.4128960624525272E-01,  1.0512568000000000E-02,  9.3095000000000002E-05,0
507,  5.0000000000000003E-02,55,  2.5000000000000000E-01,  4.3750000000000000E-01,2,  8.7401862698694252E-02,30,28,98,98,0,  1.1045717893594575E-01,  1.9600000000000001E-01,  1.9600000000000001E-01,  1.4128960624525272E-01,  1.0507413000000000E-02,  9.3236000000000000E-05,0
508,  5.0000000000000003E-02,55,  2.5000000000000000E-01,  4.3750000000000000E-01,3,  8.7401862698694252E-02,30,28,98,98,0,  1.1045717893594575E-01,  1.9600000000000001E-01,  1.9600000000000001E-01,  1.4128960624525272E-01,  1.0441293000000001E-02,  9.2961999999999995E-05,0
509,  5.0000000000000003E-02,55,  2.5000000000000000E-01,  4.3750000000000000E-01,4,  8.7401862698694252E-02,30,28,98,98,0,  1.1045717893594575E-01,  1.9600000000000001E-01,  1.9600000000000001E-01,  1.4128960624525272E-01,  1.0555821000000000E-02,  9.3741999999999998E-05,0
510,  5.0000000000000003E-02,55,  2.5000000000000000E-01,  4.3750000000000000E-01,5,  8.7401862698694252E-02,30,28,98,98,0,  1.1045717893594575E-01,  1.9600000000000001E-01,  1.9600000000000001E-01,  1.4128960624525272E-01,  1.0438337000000001E-02,  1.0204800000000000E-04,0
511,  5.0000000000000003E-02,55,  2.5000000000000000E-01,  6.2500000000000000E-01,1,  8.7401862698694252E-02,30,28,98,98,0,  1.1045717893594575E-01,  1.9600000000000001E-01,  1.9600000000000001E-01,  1.4128960624525272E-01,  1.0730697000000001E-02,  8.9225000000000000E-05,0
512,  5.0000000000000003E-02,55,  2.5000000000000000E-01,  6.2500000000000000E-01,2,  8.7401862698694252E-02,30,28,98,98,0,  1.1045717893594575E-01,  1.9600000000000001E-01,  1.9600000000000001E-01,  1.4128960624525272E-01,  1.0451815999999999E-02,  9.1296000000000001E-05,0
513,  5.0000000000000003E-02,55,  2.5000000000000000E-01,  6.2500000000000000E-01,3,  8.7401862698694252E-02,30,28,98,98,0,  1.1045717893594575E-01,  1.9600000000000001E-01,  1.9600000000000001E-01,  1.4128960624525272E-01,  1.1050615000000000E-02,  9.6716000000000000E-05,0
514,  5.0000000000000003E-02,55,  2.5000000000000000E-01,  6.2500000000000000E-01,4,  8.7401862698694252E-02,30,28,98,98,0,  1.1045717893594575E-01,  1.9600000000000001E-01,  1.9600000000000001E-01,  1.4128960624525272E-01,  1.3118629999999999E-02,  9.9296000000000006E-05,0
515,  5.0000000000000003E-02,55,  2.5000000000000000E-01,  6.2500000000000000E-01,5,  8.7401862698694252E-02,30,28,98,98,0,  1.1045717893594575E-01,  1.9600000000000001E-01,  1.9600000000000001E-01,  1.4128960624525272E-01,  1.1593374000000000E-02,  1.0017000000000000E-04,0
516,  5.0000000000000003E-02,55,  2.5000000000000000E-01,  8.1250000000000000E-01,1,  8.7401862698694252E-02,30,28,98,98,0,  1.1045717893594575E-01,  1.9600000000000001E-01,  1.9600000000000001E-01,  1.4128960624525272E-01,  1.1429210000000000E-02,  9.3410000000000002E-05,0
517,  5.0000000000000003E-02,55,  2.5000000000000000E-01,  8.1250000000000000E-01,2,  8.7401862698694252E-02,30,28,98,98,0,  1.1045717893594575E-01,  1.9600000000000001E-01,  1.9600000000000001E-01,  1.4128960624525272E-01,  1.0501846000000000E-02,  9.5391999999999997E-05,0
518,  5.0000000000000003E-02,55,  2.5000000000000000E-01,  8.1250000000000000E-01,3,  8.7401862698694252E-02,30,28,98,98,0,  1.1045717893594575E-01,  1.9600000000000001E-01,  1.9600000000000001E-01,  1.4128960624525272E-01,  1.1591496000000000E-02,  1.4161999999999999E-04,0
519,  5.0000000000000003E-02,55,  2.5000000000000000E-01,  8.1250000000000000E-01,4,  8.7401862698694252E-02,30,28,98,98,0,  1.1045717893594575E-01,  1.9600000000000001E-01,  1.9600000000000001E-01,  1.4128960624525272E-01,  1.0877105999999999E-02,  9.0328000000000007E-05,0
520,  5.0000000000000003E-02,55,  2.5000000000000000E-01,  8.1250000000000000E-01,5,  8.7401862698694252E-02,30,28,98,98,0,  1.1045717893594575E-01,  1.9600000000000001E-01,  1.9600000000000001E-01,  1.4128960624525272E-01,  1.0422700000000000E-02,  8.9680999999999997E-05,0
521,  5.0000000000000003E-02,55,  2.5000000000000000E-01,  1.0000000000000000E+00,1,  8.7401862698694252E-02,30,28,98,98,0,  1.1045717893594575E-01,  1.9600000000000001E-01,  1.9600000000000001E-01,  1.4128960624525272E-01,  1.2130161000000000E-02,  8.8626000000000002E-05,0
522,  5.0000000000000003E-02,55,  2.5000000000000000E-01,  1.0000000000000000E+00,2,  8.7401862698694252E-02,30,28,98,98,0,  1.1045717893594575E-01,  1.9600000000000001E-01,  1.9600000000000001E-01,  1.4128960624525272E-01,  1.3458562000000000E-02,  9.5987000000000001E-05,0
523,  5.0000000000000003E-02,55,  2.5000000000000000E-01,  1.0000000000000000E+00,3,  8.7401862698694252E-02,30,28,98,98,0,  1.1045717893594575E-01,  1.9600000000000001E-01,  1.9600000000000001E-01,  1.4128960624525272E-01,  1.0721684000000000E-02,  9.0162999999999997E-05,0
524,  5.0000000000000003E-02,55,  2.5000000000000000E-01,  1.0000000000000000E+00,4,  8.7401862698694252E-02,30,28,98,98,0,  1.1045717893594575E-01,  1.9600000000000001E-01,  1.9600000000000001E-01,  1.4128960624525272E-01,  1.0527631000000001E-02,  1.0263600000000000E-04,0
525,  5.0000000000000003E-02,55,  2.5000000000000000E-01,  1.0000000000000000E+00,5,  8.7401862698694252E-02,30,28,98,98,0,  1.1045717893594575E-01,  1.9600000000000001E-01,  1.9600000000000001E-01,  1.4128960624525272E-01,  1.0567872000000001E-02,  9.4648999999999995E-05,0
526,  5.0000000000000003E-02,55,  4.3750000000000000E-01,  2.5000000000000000E-01,1,  8.7401862698694252E-02,30,16,343,343,0,  3.8135735169582358E-01,  6.8600000000000005E-01,  6.8600000000000005E-01,  4.9020347842769935E-01,  2.2943762999999999E-02,  2.7346500000000003E-04,0
527,  5.0000000000000003E-02,55,  4.3750000000000000E-01,  2.5000000000000000E-01,2,  8.7401862698694252E-02,30,18,345,343,2,  3.5797496062115447E-01,  6.8999999999999995E-01,  6.8600000000000005E-01,  4.7139050475441402E-01,  2.2707676999999999E-02,  2.8401000000000001E-04,0
528,  5.0000000000000003E-02,55,  4.3750000000000000E-01,  2.5000000000000000E-01,3,  8.7401862698694252E-02,30,19,347,343,4,  3.5058463917471733E-01,  6.9399999999999995E-01,  6.8600000000000005E-01,  4.6584207820532281E-01,  2.6164742000000001E-02,  2.6653499999999998E-04,0
529,  5.0000000000000003E-02,55,  4.3750000000000000E-01,  2.5000000000000000E-01,4,  8.7401862698694252E-02,30,19,347,343,4,  3.5058463917471733E-01,  6.9399999999999995E-01,  6.8600000000000005E-01,  4.6584207820532281E-01,  2.3932728000000000E-02,  2.7864500000000000E-04,0
530,  5.0000000000000003E-02,55,  4.3750000000000000E-01,  2.5000000000000000E-01,5,  8.7401862698694252E-02,30,19,347,343,4,  3.5058463917471733E-01,  6.9399999999999995E-01,  6.8600000000000005E-01,  4.6584207820532281E-01,  2.3473082999999999E-02,  2.8484400000000003E-04,0
531,  5.0000000000000003E-02,55,  4.3750000000000000E-01,  4.3750000000000000E-01,1,  8.7401862698694252E-02,30,16,343,343,0,  3.8135735169582358E-01,  6.8600000000000005E-01,  6.8600000000000005E-01,  4.9020347842769935E-01,  2.4074275999999999E-02,  4.0065300000000000E-04,0
532,  5.0000000000000003E-02,55,  4.3750000000000000E-01,  4.3750000000000000E-01,2,  8.7401862698694252E-02,30,18,345,343,2,  3.5797496062115447E-01,  6.8999999999999995E-01,  6.8600000000000005E-01,  4.7139050475441402E-01,  2.5023152000000000E-02,  3.8338599999999999E-04,0
533,  5.0000000000000003E-02,55,  4.3750000000000000E-01,  4.3750000000000000E-01,3,  8.7401862698694252E-02,30,19,347,343,4,  3.5058463917471733E-01,  6.9399999999999995E-01,  6.8600000000000005E-01,  4.6584207820532281E-01,  2.8115746000000000E-02,  3.8022700000000002E-04,0
534,  5.0000000000000003E-02,55,  4.3750000000000000E-01,  4.3750000000000000E-01,4,  8.7401862698694252E-02,30,19,347,343,4,  3.5058463917471733E-01,  6.9399999999999995E-01,  6.8600000000000005E-01,  4.6584207820532281E-01,  2.3952622000000000E-02,  2.7562799999999998E-04,0
535,  5.0000000000000003E-02,55,  4.3750000000000000E-01,  4.3750000000000000E-01,5,  8.7401862698694252E-02,30,19,347,343,4,  3.5058463917471733E-01,  6.9399999999999995E-01,  6.8600000000000005E-01,  4.6584207820532281E-01,  2.3376761999999999E-02,  2.9448400000000002E-04,0
536,  5.0000000000000003E-02,55,  4.3750000000000000E-01,  6.2500000000000000E-01,1,  8.7401862698694252E-02,30,16,343,343,0,  3.8135735169582358E-01,  6.8600000000000005E-01,  6.8600000000000005E-01,  4.9020347842769935E-01,  2.4160096999999998E-02,  3.8641599999999999E-04,0
537,  5.0000000000000003E-02,55,  4.3750000000000000E-01,  6.2500000000000000E-01,2,  8.7401862698694252E-02,30,18,345,343,2,  3.5797496062115447E-01,  6.8999999999999995E-01,  6.8600000000000005E-01,  4.7139050475441402E-01,  2.3272654000000000E-02,  2.7498600000000001E-04,0
538,  5.0000000000000003E-02,55,  4.3750000000000000E-01,  6.2500000000000000E-01,3,  8.7401862698694252E-02,30,19,347,343,4,  3.5058463917471733E-01,  6.9399999999999995E-01,  6.8600000000000005E-01,  4.6584207820532281E-01,  2.3231346000000000E-02,  2.6518199999999998E-04,0
539,  5.0000000000000003E-02,55,  4.3750000000000000E-01,  6.2500000000000000E-01,4,  8.7401862698694252E-02,30,19,347,343,4,  3.5058463917471733E-01,  6.9399999999999995E-01,  6.8600000000000005E-01,  4.6584207820532281E-01,  2.6095881000000001E-02,  3.8229900000000001E-04,0
540,  5.0000000000000003E-02,55,  4.3750000000000000E-01,  6.2500000000000000E-01,5,  8.7401862698694252E-02,30,19,347,343,4,  3.5058463917471733E-01,  6.9399999999999995E-01,  6.8600000000000005E-01,  4.6584207820532281E-01,  2.4076845999999999E-02,  2.6505399999999997E-04,0
541,  5.0000000000000003E-02,55,  4.3750000000000000E-01,  8.1250000000000000E-01,1,  8.7401862698694252E-02,30,16,343,343,0,  3.8135735169582358E-01,  6.8600000000000005E-01,  6.8600000000000005E-01,  4.9020347842769935E-01,  2.5468467000000002E-02,  2.7993099999999997E-04,0
542,  5.0000000000000003E-02,55,  4.3750000000000000E-01,  8.1250000000000000E-01,2,  8.7401862698694252E-02,30,18,345,343,2,  3.5797496062115447E-01,  6.8999999999999995E-01,  6.8600000000000005E-01,  4.7139050475441402E-01,  2.2768131000000000E-02,  2.7441999999999999E-04,0
543,  5.0000000000000003E-02,55,  4.3750000000000000E-01,  8.1250000000000000E-01,3,  8.7401862698694252E-02,30,19,347,343,4,  3.5058463917471733E-01,  6.9399999999999995E-01,  6.8600000000000005E-01,  4.6584207820532281E-01,  2.2642850999999999E-02,  2.7531900000000000E-04,0
544,  5.0000000000000003E-02,55,  4.3750000000000000E-01,  8.1250000000000000E-01,4,  8.7401862698694252E-02,30,19,347,343,4,  3.5058463917471733E-01,  6.9399999999999995E-01,  6.8600000000000005E-01,  4.6584207820532281E-01,  2.3824158000000002E-02,  3.7247600000000000E-04,0
545,  5.0000000000000003E-02,55,  4.3750000000000000E-01,  8.1250000000000000E-01,5,  8.7401862698694252E-02,30,19,347,343,4,  3.5058463917471733E-01,  6.9399999999999995E-01,  6.8600000000000005E-01,  4.6584207820532281E-01,  2.6658094000000000E-02,  2.7145300000000000E-04,0
546,  5.0000000000000003E-02,55,  4.3750000000000000E-01,  1.0000000000000000E+00,1,  8.7401862698694252E-02,30,16,343,343,0,  3.8135735169582358E-01,  6.8600000000000005E-01,  6.8600000000000005E-01,  4.9020347842769935E-01,  2.3649021999999999E-02,  2.5789399999999999E-04,0
547,  5.0000000000000003E-02,55,  4.3750000000000000E-01,  1.0000000000000000E+00,2,  8.7401862698694252E-02,30,18,345,343,2,  3.5797496062115447E-01,  6.8999999999999995E-01,  6.8600000000000005E-01,  4.7139050475441402E-01,  2.6887366999999999E-02,  2.9133300000000001E-04,0
548,  5.0000000000000003E-02,55,  4.3750000000000000E-01,  1.0000000000000000E+00,3,  8.7401862698694252E-02,30,19,347,343,4,  3.5058463917471733E-01,  6.9399999999999995E-01,  6.8600000000000005E-01,  4.6584207820532281E-01,  2.3511212000000000E-02,  2.6961400000000000E-04,0
549,  5.0000000000000003E-02,55,  4.3750000000000000E-01,  1.0000000000000000E+00,4,  8.7401862698694252E-02,30,19,347,343,4,  3.5058463917471733E-01,  6.9399999999999995E-01,  6.8600000000000005E-01,  4.6584207820532281E-01,  2.5181460999999999E-02,  6.0064000000000005E-04,0
550,  5.0000000000000003E-02,55,  4.3750000000000000E-01,  1.0000000000000000E+00,5,  8.7401862698694252E-02,30,19,347,343,4,  3.5058463917471733E-01,  6.9399999999999995E-01,  6.8600000000000005E-01,  4.6584207820532281E-01,  2.3968650000000001E-02,  2.7704200000000002E-04,0
551,  5.0000000000000003E-02,55,  6.2500000000000000E-01,  2.5000000000000000E-01,1,  8.7401862698694252E-02,30,13,372,372,0,  4.9283708885929112E-01,  7.4399999999999999E-01,  7.4399999999999999E-01,  5.9291688034595635E-01,  2.7123997000000000E-02,  2.8558600000000000E-04,0
552,  5.0000000000000003E-02,55,  6.2500000000000000E-01,  2.5000000000000000E-01,2,  8.7401862698694252E-02,30,15,374,372,2,  4.5657139006258246E-01,  7.4800000000000000E-01,  7.4399999999999999E-01,  5.6703222836642087E-01,  2.6590732999999998E-02,  2.9187000000000001E-04,0
553,  5.0000000000000003E-02,55,  6.2500000000000000E-01,  2.5000000000000000E-01,3,  8.7401862698694252E-02,30,17,378,372,6,  4.2355596364800635E-01,  7.5600000000000001E-01,  7.4399999999999999E-01,  5.4293025237664228E-01,  2.7780101000000001E-02,  2.9486600000000002E-04,0
554,  5.0000000000000003E-02,55,  6.2500000000000000E-01,  2.5000000000000000E-01,4,  8.7401862698694252E-02,30,17,378,372,6,  4.2355596364800635E-01,  7.5600000000000001E-01,  7.4399999999999999E-01,  5.4293025237664228E-01,  2.5471846999999999E-02,  2.9497099999999999E-04,0
555,  5.0000000000000003E-02,55,  6.2500000000000000E-01,  2.5000000000000000E-01,5,  8.7401862698694252E-02,30,17,378,372,6,  4.2355596364800635E-01,  7.5600000000000001E-01,  7.4399999999999999E-01,  5.4293025237664228E-01,  2.5476882999999999E-02,  3.0290100000000001E-04,0
556,  5.0000000000000003E-02,55,  6.2500000000000000E-01,  4.3750000000000000E-01,1,  8.7401862698694252E-02,30,13,372,372,0,  4.9283708885929112E-01,  7.4399999999999999E-01,  7.4399999999999999E-01,  5.9291688034595635E-01,  2.5596298000000000E-02,  2.8765799999999999E-04,0
557,  5.0000000000000003E-02,55,  6.2500000000000000E-01,  4.3750000000000000E-01,2,  8.7401862698694252E-02,30,15,374,372,2,  4.5657139006258246E-01,  7.4800000000000000E-01,  7.4399999999999999E-01,  5.6703222836642087E-01,  2.5404782000000001E-02,  2.9104499999999998E-04,0
558,  5.0000000000000003E-02,55,  6.2500000000000000E-01,  4.3750000000000000E-01,3,  8.7401862698694252E-02,30,17,378,372,6,  4.2355596364800635E-01,  7.5600000000000001E-01,  7.4399999999999999E-01,  5.4293025237664228E-01,  2.6528775000000001E-02,  3.0774099999999999E-04,0
559,  5.0000000000000003E-02,55,  6.2500000000000000E-01,  4.3750000000000000E-01,4,  8.7401862698694252E-02,30,17,378,372,6,  4.2355596364800635E-01,  7.5600000000000001E-01,  7.4399999999999999E-01,  5.4293025237664228E-01,  2.5919800999999999E-02,  2.9602300000000002E-04,0
560,  5.0000000000000003E-02,55,  6.2500000000000000E-01,  4.3750000000000000E-01,5,  8.7401862698694252E-02,30,17,378,372,6,  4.2355596364800635E-01,  7.5600000000000001E-01,  7.4399999999999999E-01,  5.4293025237664228E-01,  2.5643635000000001E-02,  2.9633699999999998E-04,0
561,  5.0000000000000003E-02,55,  6.2500000000000000E-01,  6.2500000000000000E-01,1,  8.7401862698694252E-02,30,13,372,372,0,  4.9283708885929112E-01,  7.4399999999999999E-01,  7.4399999999999999E-01,  5.9291688034595635E-01,  2.6338024000000002E-02,  2.9357100000000001E-04,0
562,  5.0000000000000003E-02,55,  6.2500000000000000E-01,  6.2500000000000000E-01,2,  8.7401862698694252E-02,30,15,374,372,2,  4.5657139006258246E-01,  7.4800000000000000E-01,  7.4399999999999999E-01,  5.6703222836642087E-01,  2.6663220000000001E-02,  2.9085100000000001E-04,0
563,  5.0000000000000003E-02,55,  6.2500000000000000E-01,  6.2500000000000000E-01,3,  8.7401862698694252E-02,30,17,378,372,6,  4.2355596364800635E-01,  7.5600000000000001E-01,  7.4399999999999999E-01,  5.4293025237664228E-01,  2.5502968000000001E-02,  2.9535000000000000E-04,0
564,  5.0000000000000003E-02,55,  6.2500000000000000E-01,  6.2500000000000000E-01,4,  8.7401862698694252E-02,30,17,378,372,6,  4.2355596364800635E-01,  7.5600000000000001E-01,  7.4399999999999999E-01,  5.4293025237664228E-01,  2.5544384000000000E-02,  2.9526599999999997E-04,0
565,  5.0000000000000003E-02,55,  6.2500000000000000E-01,  6.2500000000000000E-01,5,  8.7401862698694252E-02,30,17,378,372,6,  4.2355596364800635E-01,  7.5600000000000001E-01,  7.4399999999999999E-01,  5.4293025237664228E-01,  2.5321593000000000E-02,  3.1465699999999998E-04,0
566,  5.0000000000000003E-02,55,  6.2500000000000000E-01,  8.1250000000000000E-01,1,  8.7401862698694252E-02,30,13,372,372,0,  4.9283708885929112E-01,  7.4399999999999999E-01,  7.4399999999999999E-01,  5.9291688034595635E-01,  2.6713450000000000E-02,  2.7430899999999998E-04,0
567,  5.0000000000000003E-02,55,  6.2500000000000000E-01,  8.1250000000000000E-01,2,  8.7401862698694252E-02,30,15,374,372,2,  4.5657139006258246E-01,  7.4800000000000000E-01,  7.4399999999999999E-01,  5.6703222836642087E-01,  2.4852296999999999E-02,  3.2018400000000000E-04,0
568,  5.0000000000000003E-02,55,  6.2500000000000000E-01,  8.1250000000000000E-01,3,  8.7401862698694252E-02,30,17,378,372,6,  4.2355596364800635E-01,  7.5600000000000001E-01,  7.4399999999999999E-01,  5.4293025237664228E-01,  3.1447783999999999E-02,  4.9503700000000004E-04,0
569,  5.0000000000000003E-02,55,  6.2500000000000000E-01,  8.1250000000000000E-01,4,  8.7401862698694252E-02,30,17,378,372,6,  4.2355596364800635E-01,  7.5600000000000001E-01,  7.4399999999999999E-01,  5.4293025237664228E-01,  2.8709722999999999E-02,  2.9825000000000001E-04,0
570,  5.0000000000000003E-02,55,  6.2500000000000000E-01,  8.1250000000000000E-01,5,  8.7401862698694252E-02,30,17,378,372,6,  4.2355596364800635E-01,  7.5600000000000001E-01,  7.4399999999999999E-01,  5.4293025237664228E-01,  2.5755457999999998E-02,  2.9436799999999998E-04,0
571,  5.0000000000000003E-02,55,  6.2500000000000000E-01,  1.0000000000000000E+00,1,  8.7401862698694252E-02,30,13,372,372,0,  4.9283708885929112E-01,  7.4399999999999999E-01,  7.4399999999999999E-01,  5.9291688034595635E-01,  2.6216466000000001E-02,  2.8734300000000002E-04,0
572,  5.0000000000000003E-02,55,  6.2500000000000000E-01,  1.0000000000000000E+00,2,  8.7401862698694252E-02,30,15,374,372,2,  4.5657139006258246E-01,  7.4800000000000000E-01,  7.4399999999999999E-01,  5.6703222836642087E-01,  2.5621432999999999E-02,  3.5574700000000001E-04,0
573,  5.0000000000000003E-02,55,  6.2500000000000000E-01,  1.0000000000000000E+00,3,  8.7401862698694252E-02,30,17,378,372,6,  4.2355596364800635E-01,  7.5600000000000001E-01,  7.4399999999999999E-01,  5.4293025237664228E-01,  2.5312701999999999E-02,  2.9544499999999997E-04,0
574,  5.0000000000000003E-02,55,  6.2500000000000000E-01,  1.0000000000000000E+00,4,  8.7401862698694252E-02,30,17,378,372,6,  4.2355596364800635E-01,  7.5600000000000001E-01,  7.4399999999999999E-01,  5.4293025237664228E-01,  2.5515425000000001E-02,  2.9491400000000002E-04,0
575,  5.0000000000000003E-02,55,  6.2500000000000000E-01,  1.0000000000000000E+00,5,  8.7401862698694252E-02,30,17,378,372,6,  4.2355596364800635E-01,  7.5600000000000001E-01,  7.4399999999999999E-01,  5.4293025237664228E-01,  2.5500140000000001E-02,  2.9451000000000000E-04,0
576,  5.0000000000000003E-02,55,  8.1250000000000000E-01,  2.5000000000000000E-01,1,  8.7401862698694252E-02,30,8,434,434,0,  6.9049438631008420E-01,  8.6799999999999999E-01,  8.6799999999999999E-01,  7.6913864121921094E-01,  3.2716041000000001E-02,  3.2775200000000000E-04,0
577,  5.0000000000000003E-02,55,  8.1250000000000000E-01,  2.5000000000000000E-01,2,  8.7401862698694252E-02,30,9,435,434,1,  6.6561972707207284E-01,  8.7000000000000000E-01,  8.6799999999999999E-01,  7.5420906926851994E-01,  3.2325811000000003E-02,  3.1147000000000000E-04,0
578,  5.0000000000000003E-02,55,  8.1250000000000000E-01,  2.5000000000000000E-01,3,  8.7401862698694252E-02,30,9,435,434,1,  6.6561972707207284E-01,  8.7000000000000000E-01,  8.6799999999999999E-01,  7.5420906926851994E-01,  3.2440411000000002E-02,  3.3941499999999997E-04,0
579,  5.0000000000000003E-02,55,  8.1250000000000000E-01,  2.5000000000000000E-01,4,  8.7401862698694252E-02,30,9,435,434,1,  6.6561972707207284E-01,  8.7000000000000000E-01,  8.6799999999999999E-01,  7.5420906926851994E-01,  3.4339461000000002E-02,  3.1117500000000001E-04,0
580,  5.0000000000000003E-02,55,  8.1250000000000000E-01,  2.5000000000000000E-01,5,  8.7401862698694252E-02,30,10,439,434,5,  6.2301240842415639E-01,  8.7800000000000000E-01,  8.6799999999999999E-01,  7.2884793160462202E-01,  3.3557688000000002E-02,  3.2934099999999998E-04,0
581,  5.0000000000000003E-02,55,  8.1250000000000000E-01,  4.3750000000000000E-01,1,  8.7401862698694252E-02,30,8,434,434,0,  6.9049438631008420E-01,  8.6799999999999999E-01,  8.6799999999999999E-01,  7.6913864121921094E-01,  3.3027516000000000E-02,  3.2712300000000002E-04,0
582,  5.0000000000000003E-02,55,  8.1250000000000000E-01,  4.3750000000000000E-01,2,  8.7401862698694252E-02,30,9,435,434,1,  6.6561972707207284E-01,  8.7000000000000000E-01,  8.6799999999999999E-01,  7.5420906926851994E-01,  3.3115123000000003E-02,  3.2465700000000001E-04,0
583,  5.0000000000000003E-02,55,  8.1250000000000000E-01,  4.3750000000000000E-01,3,  8.7401862698694252E-02,30,9,435,434,1,  6.6561972707207284E-01,  8.7000000000000000E-01,  8.6799999999999999E-01,  7.5420906926851994E-01,  3.2901496000000002E-02,  3.1994599999999999E-04,0
584,  5.0000000000000003E-02,55,  8.1250000000000000E-01,  4.3750000000000000E-01,4,  8.7401862698694252E-02,30,9,435,434,1,  6.6561972707207284E-01,  8.7000000000000000E-01,  8.6799999999999999E-01,  7.5420906926851994E-01,  3.2157072000000002E-02,  3.1108100000000000E-04,0
585,  5.0000000000000003E-02,55,  8.1250000000000000E-01,  4.3750000000000000E-01,5,  8.7401862698694252E-02,30,10,439,434,5,  6.2301240842415639E-01,  8.7800000000000000E-01,  8.6799999999999999E-01,  7.2884793160462202E-01,  3.2768837000000002E-02,  3.7971899999999999E-04,0
586,  5.0000000000000003E-02,55,  8.1250000000000000E-01,  6.2500000000000000E-01,1,  8.7401862698694252E-02,30,8,434,434,0,  6.9049438631008420E-01,  8.6799999999999999E-01,  8.6799999999999999E-01,  7.6913864121921094E-01,  3.3854057000000000E-02,  4.0796000000000002E-04,0
587,  5.0000000000000003E-02,55,  8.1250000000000000E-01,  6.2500000000000000E-01,2,  8.7401862698694252E-02,30,9,435,434,1,  6.6561972707207284E-01,  8.7000000000000000E-01,  8.6799999999999999E-01,  7.5420906926851994E-01,  3.4695037999999997E-02,  3.7288000000000002E-04,0
588,  5.0000000000000003E-02,55,  8.1250000000000000E-01,  6.2500000000000000E-01,3,  8.7401862698694252E-02,30,9,435,434,1,  6.6561972707207284E-01,  8.7000000000000000E-01,  8.6799999999999999E-01,  7.5420906926851994E-01,  3.3793188000000002E-02,  3.0995099999999999E-04,0
589,  5.0000000000000003E-02,55,  8.1250000000000000E-01,  6.2500000000000000E-01,4,  8.7401862698694252E-02,30,9,435,434,1,  6.6561972707207284E-01,  8.7000000000000000E-01,  8.6799999999999999E-01,  7.5420906926851994E-01,  3.1938437000000000E-02,  3.2348099999999997E-04,0
590,  5.0000000000000003E-02,55,  8.1250000000000000E-01,  6.2500000000000000E-01,5,  8.7401862698694252E-02,30,10,439,434,5,  6.2301240842415639E-01,  8.7800000000000000E-01,  8.6799999999999999E-01,  7.2884793160462202E-01,  3.3839662999999999E-02,  3.3448300000000000E-04,0
591,  5.0000000000000003E-02,55,  8.1250000000000000E-01,  8.1250000000000000E-01,1,  8.7401862698694252E-02,30,8,434,434,0,  6.9049438631008420E-01,  8.6799999999999999E-01,  8.6799999999999999E-01,  7.6913864121921094E-01,  3.1929853000000001E-02,  3.1099200000000001E-04,0
592,  5.0000000000000003E-02,55,  8.1250000000000000E-01,  8.1250000000000000E-01,2,  8.7401862698694252E-02,30,9,435,434,1,  6.6561972707207284E-01,  8.7000000000000000E-01,  8.6799999999999999E-01,  7.5420906926851994E-01,  3.2644555999999998E-02,  3.2366200000000001E-04,0
593,  5.0000000000000003E-02,55,  8.1250000000000000E-01,  8.1250000000000000E-01,3,  8.7401862698694252E-02,30,9,435,434,1,  6.6561972707207284E-01,  8.7000000000000000E-01,  8.6799999999999999E-01,  7.5420906926851994E-01,  3.2290986000000001E-02,  3.1454999999999998E-04,0
594,  5.0000000000000003E-02,55,  8.1250000000000000E-01,  8.1250000000000000E-01,4,  8.7401862698694252E-02,30,9,435,434,1,  6.6561972707207284E-01,  8.7000000000000000E-01,  8.6799999999999999E-01,  7.5420906926851994E-01,  3.2891281000000001E-02,  4.3060599999999999E-04,0
595,  5.0000000000000003E-02,55,  8.1250000000000000E-01,  8.1250000000000000E-01,5,  8.7401862698694252E-02,30,10,439,434,5,  6.2301240842415639E-01,  8.7800000000000000E-01,  8.6799999999999999E-01,  7.2884793160462202E-01,  3.2735280999999998E-02,  3.2648699999999998E-04,0
596,  5.0000000000000003E-02,55,  8.1250000000000000E-01,  1.0000000000000000E+00,1,  8.7401862698694252E-02,30,8,434,434,0,  6.9049438631008420E-01,  8.6799999999999999E-01,  8.6799999999999999E-01,  7.6913864121921094E-01,  3.3527532999999998E-02,  3.2343500000000001E-04,0
597,  5.0000000000000003E-02,55,  8.1250000000000000E-01,  1.0000000000000000E+00,2,  8.7401862698694252E-02,30,9,435,434,1,  6.6561972707207284E-01,  8.7000000000000000E-01,  8.6799999999999999E-01,  7.5420906926851994E-01,  3.6480510000000001E-02,  3.1349600000000002E-04,0
598,  5.0000000000000003E-02,55,  8.1250000000000000E-01,  1.0000000000000000E+00,3,  8.7401862698694252E-02,30,9,435,434,1,  6.6561972707207284E-01,  8.7000000000000000E-01,  8.6799999999999999E-01,  7.5420906926851994E-01,  3.2922468000000003E-02,  3.1094400000000001E-04,0
599,  5.0000000000000003E-02,55,  8.1250000000000000E-01,  1.0000000000000000E+00,4,  8.7401862698694252E-02,30,9,435,434,1,  6.6561972707207284E-01,  8.7000000000000000E-01,  8.6799999999999999E-01,  7.5420906926851994E-01,  3.2790136999999997E-02,  3.3475300000000003E-04,0
600,  5.0000000000000003E-02,55,  8.1250000000000000E-01,  1.0000000000000000E+00,5,  8.7401862698694252E-02,30,10,439,434,5,  6.2301240842415639E-01,  8.7800000000000000E-01,  8.6799999999999999E-01,  7.2884793160462202E-01,  3.7048554999999997E-02,  3.2830300000000000E-04,0
601,  5.0000000000000003E-02,55,  1.0000000000000000E+00,  2.5000000000000000E-01,1,  8.7401862698694252E-02,30,7,462,462,0,  8.1623329321352234E-01,  9.2400000000000004E-01,  9.2400000000000004E-01,  8.6677983448596885E-01,  3.3214438999999998E-02,  3.2911200000000000E-04,0
602,  5.0000000000000003E-02,55,  1.0000000000000000E+00,  2.5000000000000000E-01,2,  8.7401862698694252E-02,30,7,462,462,0,  8.1623329321352234E-01,  9.2400000000000004E-01,  9.2400000000000004E-01,  8.6677983448596885E-01,  3.4605930999999999E-02,  3.5111600000000000E-04,0
603,  5.0000000000000003E-02,55,  1.0000000000000000E+00,  2.5000000000000000E-01,3,  8.7401862698694252E-02,30,7,462,462,0,  8.1623329321352234E-01,  9.2400000000000004E-01,  9.2400000000000004E-01,  8.6677983448596885E-01,  3.3267299000000000E-02,  3.4476500000000002E-04,0
604,  5.0000000000000003E-02,55,  1.0000000000000000E+00,  2.5000000000000000E-01,4,  8.7401862698694252E-02,30,8,465,462,3,  7.3217470698063269E-01,  9.3000000000000005E-01,  9.2400000000000004E-01,  8.1931517142249766E-01,  3.2500547999999997E-02,  3.4624999999999999E-04,0
605,  5.0000000000000003E-02,55,  1.0000000000000000E+00,  2.5000000000000000E-01,5,  8.7401862698694252E-02,30,8,465,462,3,  7.3217470698063269E-01,  9.3000000000000005E-01,  9.2400000000000004E-01,  8.1931517142249766E-01,  3.4277652999999998E-02,  3.3666099999999998E-04,0
606,  5.0000000000000003E-02,55,  1.0000000000000000E+00,  4.3750000000000000E-01,1,  8.7401862698694252E-02,30,7,462,462,0,  8.1623329321352234E-01,  9.2400000000000004E-01,  9.2400000000000004E-01,  8.6677983448596885E-01,  3.3385419000000000E-02,  4.8156499999999999E-04,0
607,  5.0000000000000003E-02,55,  1.0000000000000000E+00,  4.3750000000000000E-01,2,  8.7401862698694252E-02,30,7,462,462,0,  8.1623329321352234E-01,  9.2400000000000004E-01,  9.2400000000000004E-01,  8.6677983448596885E-01,  3.9181305999999999E-02,  4.6812100000000000E-04,0
608,  5.0000000000000003E-02,55,  1.0000000000000000E+00,  4.3750000000000000E-01,3,  8.7401862698694252E-02,30,7,462,462,0,  8.1623329321352234E-01,  9.2400000000000004E-01,  9.2400000000000004E-01,  8.6677983448596885E-01,  3.9946535999999998E-02,  4.0891199999999999E-04,0
609,  5.0000000000000003E-02,55,  1.0000000000000000E+00,  4.3750000000000000E-01,4,  8.7401862698694252E-02,30,8,465,462,3,  7.3217470698063269E-01,  9.3000000000000005E-01,  9.2400000000000004E-01,  8.1931517142249766E-01,  3.4396073999999999E-02,  3.4829499999999998E-04,0
610,  5.0000000000000003E-02,55,  1.0000000000000000E+00,  4.3750000000000000E-01,5,  8.7401862698694252E-02,30,8,465,462,3,  7.3217470698063269E-01,  9.3000000000000005E-01,  9.2400000000000004E-01,  8.1931517142249766E-01,  3.4793817999999997E-02,  3.6306499999999998E-04,0
611,  5.0000000000000003E-02,55,  1.0000000000000000E+00,  6.2500000000000000E-01,1,  8.7401862698694252E-02,30,7,462,462,0,  8.1623329321352234E-01,  9.2400000000000004E-01,  9.2400000000000004E-01,  8.6677983448596885E-01,  3.3272614999999998E-02,  3.4699800000000000E-04,0
612,  5.0000000000000003E-02,55,  1.0000000000000000E+00,  6.2500000000000000E-01,2,  8.7401862698694252E-02,30,7,462,462,0,  8.1623329321352234E-01,  9.2400000000000004E-01,  9.2400000000000004E-01,  8.6677983448596885E-01,  3.3590215000000000E-02,  3.8041699999999997E-04,0
613,  5.0000000000000003E-02,55,  1.0000000000000000E+00,  6.2500000000000000E-01,3,  8.7401862698694252E-02,30,7,462,462,0,  8.1623329321352234E-01,  9.2400000000000004E-01,  9.2400000000000004E-01,  8.6677983448596885E-01,  3.5045462999999999E-02,  3.7314999999999999E-04,0
614,  5.0000000000000003E-02,55,  1.0000000000000000E+00,  6.2500000000000000E-01,4,  8.7401862698694252E-02,30,8,465,462,3,  7.3217470698063269E-01,  9.3000000000000005E-01,  9.2400000000000004E-01,  8.1931517142249766E-01,  3.7058279000000000E-02,  3.6494300000000001E-04,0
615,  5.0000000000000003E-02,55,  1.0000000000000000E+00,  6.2500000000000000E-01,5,  8.7401862698694252E-02,30,8,465,462,3,  7.3217470698063269E-01,  9.3000000000000005E-01,  9.2400000000000004E-01,  8.1931517142249766E-01,  3.3341186000000002E-02,  3.8500600000000002E-04,0
616,  5.0000000000000003E-02,55,  1.0000000000000000E+00,  8.1250000000000000E-01,1,  8.7401862698694252E-02,30,7,462,462,0,  8.1623329321352234E-01,  9.2400000000000004E-01,  9.2400000000000004E-01,  8.6677983448596885E-01,  3.4925843999999998E-02,  4.7612899999999999E-04,0
617,  5.0000000000000003E-02,55,  1.0000000000000000E+00,  8.1250000000000000E-01,2,  8.7401862698694252E-02,30,7,462,462,0,  8.1623329321352234E-01,  9.2400000000000004E-01,  9.2400000000000004E-01,  8.6677983448596885E-01,  3.5337527000000001E-02,  3.5040000000000001E-04,0
618,  5.0000000000000003E-02,55,  1.0000000000000000E+00,  8.1250000000000000E-01,3,  8.7401862698694252E-02,30,7,462,462,0,  8.1623329321352234E-01,  9.2400000000000004E-01,  9.2400000000000004E-01,  8.6677983448596885E-01,  3.4047646000000001E-02,  3.5214399999999998E-04,0
619,  5.0000000000000003E-02,55,  1.0000000000000000E+00,  8.1250000000000000E-01,4,  8.7401862698694252E-02,30,8,465,462,3,  7.3217470698063269E-01,  9.3000000000000005E-01,  9.2400000000000004E-01,  8.1931517142249766E-01,  3.3379599000000003E-02,  3.3326800000000001E-04,0
620,  5.0000000000000003E-02,55,  1.0000000000000000E+00,  8.1250000000000000E-01,5,  8.7401862698694252E-02,30,8,465,462,3,  7.3217470698063269E-01,  9.3000000000000005E-01,  9.2400000000000004E-01,  8.1931517142249766E-01,  3.3506668000000003E-02,  5.2078900000000002E-04,0
621,  5.0000000000000003E-02,55,  1.0000000000000000E+00,  1.0000000000000000E+00,1,  8.7401862698694252E-02,30,7,462,462,0,  8.1623329321352234E-01,  9.2400000000000004E-01,  9.2400000000000004E-01,  8.6677983448596885E-01,  3.3376345000000002E-02,  3.6003400000000002E-04,0
622,  5.0000000000000003E-02,55,  1.0000000000000000E+00,  1.0000000000000000E+00,2,  8.7401862698694252E-02,30,7,462,462,0,  8.1623329321352234E-01,  9.2400000000000004E-01,  9.2400000000000004E-01,  8.6677983448596885E-01,  3.3520583999999999E-02,  3.5274400000000000E-04,0
623,  5.0000000000000003E-02,55,  1.0000000000000000E+00,  1.0000000000000000E+00,3,  8.7401862698694252E-02,30,7,462,462,0,  8.1623329321352234E-01,  9.2400000000000004E-01,  9.2400000000000004E-01,  8.6677983448596885E-01,  3.6710857000000000E-02,  3.6766300000000001E-04,0
624,  5.0000000000000003E-02,55,  1.0000000000000000E+00,  1.0000000000000000E+00,4,  8.7401862698694252E-02,30,8,465,462,3,  7.3217470698063269E-01,  9.3000000000000005E-01,  9.2400000000000004E-01,  8.1931517142249766E-01,  3.3252996000000000E-02,  3.3337299999999998E-04,0
625,  5.0000000000000003E-02,55,  1.0000000000000000E+00,  1.0000000000000000E+00,5,  8.7401862698694252E-02,30,8,465,462,3,  7.3217470698063269E-01,  9.3000000000000005E-01,  9.2400000000000004E-01,  8.1931517142249766E-01,  3.3402580000000001E-02,  3.6697299999999998E-04,0
626,  1.6250000000000001E-01,15,  2.5000000000000000E-01,  2.5000000000000000E-01,1,  1.6001434303808096E-01,112,30,449,449,0,  2.4136423209438418E-01,  8.9800000000000002E-01,  8.9800000000000002E-01,  3.8046670996918214E-01,  8.9563437999999995E-02,  4.4929399999999998E-04,0
627,  1.6250000000000001E-01,15,  2.5000000000000000E-01,  2.5000000000000000E-01,2,  1.6001434303808096E-01,112,31,450,449,1,  2.3743455922138759E-01,  9.0000000000000002E-01,  8.9800000000000002E-01,  3.7574223776975374E-01,  8.7216049000000004E-02,  4.5031200000000002E-04,0
628,  1.6250000000000001E-01,15,  2.5000000000000000E-01,  2.5000000000000000E-01,3,  1.6001434303808096E-01,112,32,452,449,3,  2.2317133584118032E-01,  9.0400000000000003E-01,  8.9800000000000002E-01,  3.5797022366589598E-01,  9.4964620000000000E-02,  5.0734000000000000E-04,0
629,  1.6250000000000001E-01,15,  2.5000000000000000E-01,  2.5000000000000000E-01,4,  1.6001434303808096E-01,112,37,467,449,18,  1.9202099179878973E-01,  9.3400000000000005E-01,  8.9800000000000002E-01,  3.1855108856108699E-01,  8.9796902999999997E-02,  4.9950099999999996E-04,0
630,  1.6250000000000001E-01,15,  2.5000000000000000E-01,  2.5000000000000000E-01,5,  1.6001434303808096E-01,112,37,467,449,18,  1.9202099179878973E-01,  9.3400000000000005E-01,  8.9800000000000002E-01,  3.1855108856108699E-01,  8.6591545000000006E-02,  4.5166899999999997E-04,0
631,  1.6250000000000001E-01,15,  2.5000000000000000E-01,  4.3750000000000000E-01,1,  1.6001434303808096E-01,112,30,449,449,0,  2.4136423209438418E-01,  8.9800000000000002E-01,  8.9800000000000002E-01,  3.8046670996918214E-01,  8.8319035000000004E-02,  4.5533100000000001E-04,0
632,  1.6250000000000001E-01,15,  2.5000000000000000E-01,  4.3750000000000000E-01,2,  1.6001434303808096E-01,112,31,450,449,1,  2.3743455922138759E-01,  9.0000000000000002E-01,  8.9800000000000002E-01,  3.7574223776975374E-01,  8.7085712999999995E-02,  4.8373399999999999E-04,0
633,  1.6250000000000001E-01,15,  2.5000000000000000E-01,  4.3750000000000000E-01,3,  1.6001434303808096E-01,112,32,452,449,3,  2.2317133584118032E-01,  9.0400000000000003E-01,  8.9800000000000002E-01,  3.5797022366589598E-01,  9.1430521000000001E-02,  4.7817800000000000E-04,0
634,  1.6250000000000001E-01,15,  2.5000000000000000E-01,  4.3750000000000000E-01,4,  1.6001434303808096E-01,112,37,467,449,18,  1.9202099179878973E-01,  9.3400000000000005E-01,  8.9800000000000002E-01,  3.1855108856108699E-01,  8.6963288999999999E-02,  6.1511200000000002E-04,0
635,  1.6250000000000001E-01,15,  2.5000000000000000E-01,  4.3750000000000000E-01,5,  1.6001434303808096E-01,112,37,467,449,18,  1.9202099179878973E-01,  9.3400000000000005E-01,  8.9800000000000002E-01,  3.1855108856108699E-01,  8.6744712000000002E-02,  6.3448300000000003E-04,0
636,  1.6250000000000001E-01,15,  2.5000000000000000E-01,  6.2500000000000000E-01,1,  1.6001434303808096E-01,112,30,449,449,0,  2.4136423209438418E-01,  8.9800000000000002E-01,  8.9800000000000002E-01,  3.8046670996918214E-01,  9.7940059999999995E-02,  4.6895500000000001E-04,0
637,  1.6250000000000001E-01,15,  2.5000000000000000E-01,  6.2500000000000000E-01,2,  1.6001434303808096E-01,112,31,450,449,1,  2.3743455922138759E-01,  9.0000000000000002E-01,  8.9800000000000002E-01,  3.7574223776975374E-01,  9.1059293999999999E-02,  6.2134300000000000E-04,0
638,  1.6250000000000001E-01,15,  2.5000000000000000E-01,  6.2500000000000000E-01,3,  1.6001434303808096E-01,112,32,452,449,3,  2.2317133584118032E-01,  9.0400000000000003E-01,  8.9800000000000002E-01,  3.5797022366589598E-01,  9.7412577000000000E-02,  4.6455599999999998E-04,0
639,  1.6250000000000001E-01,15,  2.5000000000000000E-01,  6.2500000000000000E-01,4,  1.6001434303808096E-01,112,37,467,449,18,  1.9202099179878973E-01,  9.3400000000000005E-01,  8.9800000000000002E-01,  3.1855108856108699E-01,  9.0969355000000002E-02,  4.7405000000000000E-04,0
640,  1.6250000000000001E-01,15,  2.5000000000000000E-01,  6.2500000000000000E-01,5,  1.6001434303808096E-01,112,37,467,449,18,  1.9202099179878973E-01,  9.3400000000000005E-01,  8.9800000000000002E-01,  3.1855108856108699E-01,  1.0406235000000000E-01,  5.0553100000000004E-04,0
641,  1.6250000000000001E-01,15,  2.5000000000000000E-01,  8.1250000000000000E-01,1,  1.6001434303808096E-01,112,30,449,449,0,  2.4136423209438418E-01,  8.9800000000000002E-01,  8.9800000000000002E-01,  3.8046670996918214E-01,  8.7935975999999999E-02,  4.4829700000000001E-04,0
642,  1.6250000000000001E-01,15,  2.5000000000000000E-01,  8.1250000000000000E-01,2,  1.6001434303808096E-01,112,31,450,449,1,  2.3743455922138759E-01,  9.0000000000000002E-01,  8.9800000000000002E-01,  3.7574223776975374E-01,  9.5344242999999995E-02,  4.8483599999999999E-04,0
643,  1.6250000000000001E-01,15,  2.5000000000000000E-01,  8.1250000000000000E-01,3,  1.6001434303808096E-01,112,32,452,449,3,  2.2317133584118032E-01,  9.0400000000000003E-01,  8.9800000000000002E-01,  3.5797022366589598E-01,  9.4467123000000000E-02,  4.5527900000000000E-04,0
644,  1.6250000000000001E-01,15,  2.5000000000000000E-01,  8.1250000000000000E-01,4,  1.6001434303808096E-01,112,37,467,449,18,  1.9202099179878973E-01,  9.3400000000000005E-01,  8.9800000000000002E-01,  3.1855108856108699E-01,  8.4764671999999999E-02,  4.7009299999999999E-04,0
645,  1.6250000000000001E-01,15,  2.5000000000000000E-01,  8.1250000000000000E-01,5,  1.6001434303808096E-01,112,37,467,449,18,  1.9202099179878973E-01,  9.3400000000000005E-01,  8.9800000000000002E-01,  3.1855108856108699E-01,  8.5280840999999996E-02,  4.9399899999999996E-04,0
646,  1.6250000000000001E-01,15,  2.5000000000000000E-01,  1.0000000000000000E+00,1,  1.6001434303808096E-01,112,30,449,449,0,  2.4136423209438418E-01,  8.9800000000000002E-01,  8.9800000000000002E-01,  3.8046670996918214E-01,  8.6187820999999998E-02,  4.4856099999999999E-04,0
647,  1.6250000000000001E-01,15,  2.5000000000000000E-01,  1.0000000000000000E+00,2,  1.6001434303808096E-01,112,31,450,449,1,  2.3743455922138759E-01,  9.0000000000000002E-01,  8.9800000000000002E-01,  3.7574223776975374E-01,  8.6928837999999994E-02,  4.6299200000000002E-04,0
648,  1.6250000000000001E-01,15,  2.5000000000000000E-01,  1.0000000000000000E+00,3,  1.6001434303808096E-01,112,32,452,449,3,  2.2317133584118032E-01,  9.0400000000000003E-01,  8.9800000000000002E-01,  3.5797022366589598E-01,  8.4680107000000004E-02,  4.9110500000000004E-04,0
649,  1.6250000000000001E-01,15,  2.5000000000000000E-01,  1.0000000000000000E+00,4,  1.6001434303808096E-01,112,37,467,449,18,  1.9202099179878973E-01,  9.3400000000000005E-01,  8.9800000000000002E-01,  3.1855108856108699E-01,  8.6907501999999998E-02,  5.1716800000000003E-04,0
650,  1.6250000000000001E-01,15,  2.5000000000000000E-01,  1.0000000000000000E+00,5,  1.6001434303808096E-01,112,37,467,449,18,  1.9202099179878973E-01,  9.3400000000000005E-01,  8.9800000000000002E-01,  3.1855108856108699E-01,  8.3705987999999995E-02,  4.5092500000000002E-04,0
651,  1.6250000000000001E-01,15,  4.3750000000000000E-01,  2.5000000000000000E-01,1,  1.6001434303808096E-01,112,22,477,477,0,  3.2841771391581021E-01,  9.5399999999999996E-01,  9.5399999999999996E-01,  4.8862472137725249E-01,  9.1164775000000003E-02,  4.7706799999999998E-04,0
652,  1.6250000000000001E-01,15,  4.3750000000000000E-01,  2.5000000000000000E-01,2,  1.6001434303808096E-01,112,27,482,477,5,  2.9151923586037354E-01,  9.6399999999999997E-01,  9.5399999999999996E-01,  4.4766266472503952E-01,  1.0481163100000000E-01,  5.3379000000000002E-04,0
653,  1.6250000000000001E-01,15,  4.3750000000000000E-01,  2.5000000000000000E-01,3,  1.6001434303808096E-01,112,27,482,477,5,  2.9151923586037354E-01,  9.6399999999999997E-01,  9.5399999999999996E-01,  4.4766266472503952E-01,  9.3735627000000002E-02,  5.0532500000000004E-04,0
654,  1.6250000000000001E-01,15,  4.3750000000000000E-01,  2.5000000000000000E-01,4,  1.6001434303808096E-01,112,27,482,477,5,  2.9151923586037354E-01,  9.6399999999999997E-01,  9.5399999999999996E-01,  4.4766266472503952E-01,  9.1411901000000004E-02,  4.5608500000000001E-04,0
655,  1.6250000000000001E-01,15,  4.3750000000000000E-01,  2.5000000000000000E-01,5,  1.6001434303808096E-01,112,29,490,477,13,  2.6552405517711469E-01,  9.7999999999999998E-01,  9.5399999999999996E-01,  4.1783789400449556E-01,  9.0550607000000005E-02,  4.6294100000000003E-04,0
656,  1.6250000000000001E-01,15,  4.3750000000000000E-01,  4.3750000000000000E-01,1,  1.6001434303808096E-01,112,22,477,477,0,  3.2841771391581021E-01,  9.5399999999999996E-01,  9.5399999999999996E-01,  4.8862472137725249E-01,  9.0773593999999999E-02,  4.4783500000000000E-04,0
657,  1.6250000000000001E-01,15,  4.3750000000000000E-01,  4.3750000000000000E-01,2,  1.6001434303808096E-01,112,27,482,477,5,  2.9151923586037354E-01,  9.6399999999999997E-01,  9.5399999999999996E-01,  4.4766266472503952E-01,  9.1074693999999998E-02,  4.8389599999999999E-04,0
658,  1.6250000000000001E-01,15,  4.3750000000000000E-01,  4.3750000000000000E-01,3,  1.6001434303808096E-01,112,27,482,477,5,  2.9151923586037354E-01,  9.6399999999999997E-01,  9.5399999999999996E-01,  4.4766266472503952E-01,  9.2632926000000004E-02,  5.0058999999999998E-04,0
659,  1.6250000000000001E-01,15,  4.3750000000000000E-01,  4.3750000000000000E-01,4,  1.6001434303808096E-01,112,27,482,477,5,  2.9151923586037354E-01,  9.6399999999999997E-01,  9.5399999999999996E-01,  4.4766266472503952E-01,  9.0876025999999999E-02,  6.4451999999999999E-04,0
660,  1.6250000000000001E-01,15,  4.3750000000000000E-01,  4.3750000000000000E-01,5,  1.6001434303808096E-01,112,29,490,477,13,  2.6552405517711469E-01,  9.7999999999999998E-01,  9.5399999999999996E-01,  4.1783789400449556E-01,  9.3711820000000001E-02,  4.9428500000000002E-04,0
661,  1.6250000000000001E-01,15,  4.3750000000000000E-01,  6.2500000000000000E-01,1,  1.6001434303808096E-01,112,22,477,477,0,  3.2841771391581021E-01,  9.5399999999999996E-01,  9.5399999999999996E-01,  4.8862472137725249E-01,  9.3115702999999994E-02,  4.8012400000000001E-04,0
662,  1.6250000000000001E-01,15,  4.3750000000000000E-01,  6.2500000000000000E-01,2,  1.6001434303808096E-01,112,27,482,477,5,  2.9151923586037354E-01,  9.6399999999999997E-01,  9.5399999999999996E-01,  4.4766266472503952E-01,  9.1921767000000001E-02,  4.8003199999999997E-04,0
663,  1.6250000000000001E-01,15,  4.3750000000000000E-01,  6.2500000000000000E-01,3,  1.6001434303808096E-01,112,27,482,477,5,  2.9151923586037354E-01,  9.6399999999999997E-01,  9.5399999999999996E-01,  4.4766266472503952E-01,  9.1698429999999997E-02,  5.2069599999999996E-04,0
664,  1.6250000000000001E-01,15,  4.3750000000000000E-01,  6.2500000000000000E-01,4,  1.6001434303808096E-01,112,27,482,477,5,  2.9151923586037354E-01,  9.6399999999999997E-01,  9.5399999999999996E-01,  4.4766266472503952E-01,  9.0758986999999999E-02,  4.7280199999999998E-04,0
665,  1.6250000000000001E-01,15,  4.3750000000000000E-01,  6.2500000000000000E-01,5,  1.6001434303808096E-01,112,29,490,477,13,  2.6552405517711469E-01,  9.7999999999999998E-01,  9.5399999999999996E-01,  4.1783789400449556E-01,  8.9687359999999994E-02,  4.8573399999999998E-04,0
666,  1.6250000000000001E-01,15,  4.3750000000000000E-01,  8.1250000000000000E-01,1,  1.6001434303808096E-01,112,22,477,477,0,  3.2841771391581021E-01,  9.5399999999999996E-01,  9.5399999999999996E-01,  4.8862472137725249E-01,  9.0069055999999995E-02,  5.0285700000000000E-04,0
667,  1.6250000000000001E-01,15,  4.3750000000000000E-01,  8.1250000000000000E-01,2,  1.6001434303808096E-01,112,27,482,477,5,  2.9151923586037354E-01,  9.6399999999999997E-01,  9.5399999999999996E-01,  4.4766266472503952E-01,  9.0969432000000003E-02,  4.7962599999999998E-04,0
668,  1.6250000000000001E-01,15,  4.3750000000000000E-01,  8.1250000000000000E-01,3,  1.6001434303808096E-01,112,27,482,477,5,  2.9151923586037354E-01,  9.6399999999999997E-01,  9.5399999999999996E-01,  4.4766266472503952E-01,  9.0820998000000000E-02,  5.2838699999999995E-04,0
669,  1.6250000000000001E-01,15,  4.3750000000000000E-01,  8.1250000000000000E-01,4,  1.6001434303808096E-01,112,27,482,477,5,  2.9151923586037354E-01,  9.6399999999999997E-01,  9.5399999999999996E-01,  4.4766266472503952E-01,  9.1966771000000003E-02,  4.7511999999999999E-04,0
670,  1.6250000000000001E-01,15,  4.3750000000000000E-01,  8.1250000000000000E-01,5,  1.6001434303808096E-01,112,29,490,477,13,  2.6552405517711469E-01,  9.7999999999999998E-01,  9.5399999999999996E-01,  4.1783789400449556E-01,  9.0933657000000001E-02,  5.3404300000000000E-04,0
671,  1.6250000000000001E-01,15,  4.3750000000000000E-01,  1.0000000000000000E+00,1,  1.6001434303808096E-01,112,22,477,477,0,  3.2841771391581021E-01,  9.5399999999999996E-01,  9.5399999999999996E-01,  4.8862472137725249E-01,  9.1493074999999993E-02,  5.4872500000000002E-04,0
672,  1.6250000000000001E-01,15,  4.3750000000000000E-01,  1.0000000000000000E+00,2,  1.6001434303808096E-01,112,27,482,477,5,  2.9151923586037354E-01,  9.6399999999999997E-01,  9.5399999999999996E-01,  4.4766266472503952E-01,  9.2017179000000004E-02,  4.8196200000000000E-04,0
673,  1.6250000000000001E-01,15,  4.3750000000000000E-01,  1.0000000000000000E+00,3,  1.6001434303808096E-01,112,27,482,477,5,  2.9151923586037354E-01,  9.6399999999999997E-01,  9.5399999999999996E-01,  4.4766266472503952E-01,  9.2713634000000003E-02,  1.0375400000000000E-03,0
674,  1.6250000000000001E-01,15,  4.3750000000000000E-01,  1.0000000000000000E+00,4,  1.6001434303808096E-01,112,27,482,477,5,  2.9151923586037354E-01,  9.6399999999999997E-01,  9.5399999999999996E-01,  4.4766266472503952E-01,  1.0677686300000000E-01,  5.2472599999999999E-04,0
675,  1.6250000000000001E-01,15,  4.3750000000000000E-01,  1.0000000000000000E+00,5,  1.6001434303808096E-01,112,29,490,477,13,  2.6552405517711469E-01,  9.7999999999999998E-01,  9.5399999999999996E-01,  4.1783789400449556E-01,  9.4610285000000002E-02,  5.1870300000000002E-04,0
676,  1.6250000000000001E-01,15,  6.2500000000000000E-01,  2.5000000000000000E-01,1,  1.6001434303808096E-01,112,13,492,492,0,  4.7525053317631066E-01,  9.8399999999999999E-01,  9.8399999999999999E-01,  6.4094069388835695E-01,  1.0746615299999999E-01,  5.2364600000000001E-04,0
677,  1.6250000000000001E-01,15,  6.2500000000000000E-01,  2.5000000000000000E-01,2,  1.6001434303808096E-01,112,19,498,492,6,  3.7988565991249573E-01,  9.9600000000000000E-01,  9.8399999999999999E-01,  5.4999645435204148E-01,  9.8611935999999997E-02,  5.6426100000000004E-04,0
678,  1.6250000000000001E-01,15,  6.2500000000000000E-01,  2.5000000000000000E-01,3,  1.6001434303808096E-01,112,22,504,492,12,  3.4507006197039264E-01,  1.0080000000000000E+00,  9.8399999999999999E-01,  5.1413542024517411E-01,  1.0227384100000000E-01,  4.9551000000000000E-04,0
679,  1.6250000000000001E-01,15,  6.2500000000000000E-01,  2.5000000000000000E-01,4,  1.6001434303808096E-01,112,25,513,492,21,  3.2423320661597815E-01,  1.0260000000000000E+00,  9.8399999999999999E-01,  4.9274935375309115E-01,  9.6943416000000004E-02,  5.1559900000000005E-04,0
680,  1.6250000000000001E-01,15,  6.2500000000000000E-01,  2.5000000000000000E-01,5,  1.6001434303808096E-01,112,26,517,492,25,  3.0806917577989401E-01,  1.0340000000000000E+00,  9.8399999999999999E-01,  4.7470508004373257E-01,  9.8279511999999999E-02,  5.0275999999999999E-04,0
681,  1.6250000000000001E-01,15,  6.2500000000000000E-01,  4.3750000000000000E-01,1,  1.6001434303808096E-01,112,13,492,492,0,  4.7525053317631066E-01,  9.8399999999999999E-01,  9.8399999999999999E-01,  6.4094069388835695E-01,  1.0041997900000001E-01,  5.9297799999999997E-04,0
682,  1.6250000000000001E-01,15,  6.2500000000000000E-01,  4.3750000000000000E-01,2,  1.6001434303808096E-01,112,19,498,492,6,  3.7988565991249573E-01,  9.9600000000000000E-01,  9.8399999999999999E-01,  5.4999645435204148E-01,  9.8764373000000003E-02,  7.7158499999999998E-04,0
683,  1.6250000000000001E-01,15,  6.2500000000000000E-01,  4.3750000000000000E-01,3,  1.6001434303808096E-01,112,22,504,492,12,  3.4507006197039264E-01,  1.0080000000000000E+00,  9.8399999999999999E-01,  5.1413542024517411E-01,  1.0032533700000000E-01,  5.2622699999999999E-04,0
684,  1.6250000000000001E-01,15,  6.2500000000000000E-01,  4.3750000000000000E-01,4,  1.6001434303808096E-01,112,25,513,492,21,  3.2423320661597815E-01,  1.0260000000000000E+00,  9.8399999999999999E-01,  4.9274935375309115E-01,  9.7650414000000005E-02,  5.2814599999999995E-04,0
685,  1.6250000000000001E-01,15,  6.2500000000000000E-01,  4.3750000000000000E-01,5,  1.6001434303808096E-01,112,26,517,492,25,  3.0806917577989401E-01,  1.0340000000000000E+00,  9.8399999999999999E-01,  4.7470508004373257E-01,  1.0952342299999999E-01,  5.6189599999999999E-04,0
686,  1.6250000000000001E-01,15,  6.2500000000000000E-01,  6.2500000000000000E-01,1,  1.6001434303808096E-01,112,13,492,492,0,  4.7525053317631066E-01,  9.8399999999999999E-01,  9.8399999999999999E-01,  6.4094069388835695E-01,  9.9126913999999997E-02,  4.8682000000000000E-04,0
687,  1.6250000000000001E-01,15,  6.2500000000000000E-01,  6.2500000000000000E-01,2,  1.6001434303808096E-01,112,19,498,492,6,  3.7988565991249573E-01,  9.9600000000000000E-01,  9.8399999999999999E-01,  5.4999645435204148E-01,  1.0001958200000000E-01,  4.8703000000000000E-04,0
688,  1.6250000000000001E-01,15,  6.2500000000000000E-01,  6.2500000000000000E-01,3,  1.6001434303808096E-01,112,22,504,492,12,  3.4507006197039264E-01,  1.0080000000000000E+00,  9.8399999999999999E-01,  5.1413542024517411E-01,  9.7210281999999995E-02,  4.7871500000000000E-04,0
689,  1.6250000000000001E-01,15,  6.2500000000000000E-01,  6.2500000000000000E-01,4,  1.6001434303808096E-01,112,25,513,492,21,  3.2423320661597815E-01,  1.0260000000000000E+00,  9.8399999999999999E-01,  4.9274935375309115E-01,  9.9633053999999999E-02,  5.0869399999999996E-04,0
690,  1.6250000000000001E-01,15,  6.2500000000000000E-01,  6.2500000000000000E-01,5,  1.6001434303808096E-01,112,26,517,492,25,  3.0806917577989401E-01,  1.0340000000000000E+00,  9.8399999999999999E-01,  4.7470508004373257E-01,  9.9347498000000006E-02,  5.2485699999999999E-04,0
691,  1.6250000000000001E-01,15,  6.2500000000000000E-01,  8.1250000000000000E-01,1,  1.6001434303808096E-01,112,13,492,492,0,  4.7525053317631066E-01,  9.8399999999999999E-01,  9.8399999999999999E-01,  6.4094069388835695E-01,  1.0103141900000000E-01,  5.0362499999999995E-04,0
692,  1.6250000000000001E-01,15,  6.2500000000000000E-01,  8.1250000000000000E-01,2,  1.6001434303808096E-01,112,19,498,492,6,  3.7988565991249573E-01,  9.9600000000000000E-01,  9.8399999999999999E-01,  5.4999645435204148E-01,  9.8634026000000000E-02,  4.9922800000000000E-04,0
693,  1.6250000000000001E-01,15,  6.2500000000000000E-01,  8.1250000000000000E-01,3,  1.6001434303808096E-01,112,22,504,492,12,  3.4507006197039264E-01,  1.0080000000000000E+00,  9.8399999999999999E-01,  5.1413542024517411E-01,  9.9336959000000002E-02,  4.9555900000000002E-04,0
694,  1.6250000000000001E-01,15,  6.2500000000000000E-01,  8.1250000000000000E-01,4,  1.6001434303808096E-01,112,25,513,492,21,  3.2423320661597815E-01,  1.0260000000000000E+00,  9.8399999999999999E-01,  4.9274935375309115E-01,  9.7305053000000002E-02,  4.8244800000000001E-04,0
695,  1.6250000000000001E-01,15,  6.2500000000000000E-01,  8.1250000000000000E-01,5,  1.6001434303808096E-01,112,26,517,492,25,  3.0806917577989401E-01,  1.0340000000000000E+00,  9.8399999999999999E-01,  4.7470508004373257E-01,  9.6977143000000002E-02,  4.8366899999999999E-04,0
696,  1.6250000000000001E-01,15,  6.2500000000000000E-01,  1.0000000000000000E+00,1,  1.6001434303808096E-01,112,13,492,492,0,  4.7525053317631066E-01,  9.8399999999999999E-01,  9.8399999999999999E-01,  6.4094069388835695E-01,  9.9670396999999994E-02,  5.1704300000000002E-04,0
697,  1.6250000000000001E-01,15,  6.2500000000000000E-01,  1.0000000000000000E+00,2,  1.6001434303808096E-01,112,19,498,492,6,  3.7988565991249573E-01,  9.9600000000000000E-01,  9.8399999999999999E-01,  5.4999645435204148E-01,  1.0542085900000001E-01,  5.2690199999999999E-04,0
698,  1.6250000000000001E-01,15,  6.2500000000000000E-01,  1.0000000000000000E+00,3,  1.6001434303808096E-01,112,22,504,492,12,  3.4507006197039264E-01,  1.0080000000000000E+00,  9.8399999999999999E-01,  5.1413542024517411E-01,  9.7731984999999993E-02,  5.1555999999999998E-04,0
699,  1.6250000000000001E-01,15,  6.2500000000000000E-01,  1.0000000000000000E+00,4,  1.6001434303808096E-01,112,25,513,492,21,  3.2423320661597815E-01,  1.0260000000000000E+00,  9.8399999999999999E-01,  4.9274935375309115E-01,  9.9034084999999994E-02,  4.8634200000000001E-04,0
700,  1.6250000000000001E-01,15,  6.2500000000000000E-01,  1.0000000000000000E+00,5,  1.6001434303808096E-01,112,26,517,492,25,  3.0806917577989401E-01,  1.0340000000000000E+00,  9.8399999999999999E-01,  4.7470508004373257E-01,  9.8609775999999996E-02,  4.9175599999999999E-04,0
701,  1.6250000000000001E-01,15,  8.1250000000000000E-01,  2.5000000000000000E-01,1,  1.6001434303808096E-01,112,7,498,498,0,  8.2241005971879477E-01,  9.9600000000000000E-01,  9.9600000000000000E-01,  9.0091936645642079E-01,  1.1117301200000000E-01,  5.1522500000000001E-04,0
702,  1.6250000000000001E-01,15,  8.1250000000000000E-01,  2.5000000000000000E-01,2,  1.6001434303808096E-01,112,13,504,498,6,  4.7984206944063468E-01,  1.0080000000000000E+00,  9.9600000000000000E-01,  6.5017761754512449E-01,  9.8540936999999995E-02,  5.4096099999999996E-04,0
703,  1.6250000000000001E-01,15,  8.1250000000000000E-01,  2.5000000000000000E-01,3,  1.6001434303808096E-01,112,17,512,498,14,  3.9857328552712989E-01,  1.0240000000000000E+00,  9.9600000000000000E-01,  5.7380389261077192E-01,  9.7526036999999996E-02,  5.8675299999999997E-04,0
704,  1.6250000000000001E-01,15,  8.1250000000000000E-01,  2.5000000000000000E-01,4,  1.6001434303808096E-01,112,19,518,498,20,  3.8202790975225864E-01,  1.0360000000000000E+00,  9.9600000000000000E-01,  5.5821315191530496E-01,  9.8878762999999995E-02,  5.0127099999999996E-04,0
705,  1.6250000000000001E-01,15,  8.1250000000000000E-01,  2.5000000000000000E-01,5,  1.6001434303808096E-01,112,19,518,498,20,  3.8202790975225864E-01,  1.0360000000000000E+00,  9.9600000000000000E-01,  5.5821315191530496E-01,  1.0077923699999999E-01,  7.1905000000000005E-04,0
706,  1.6250000000000001E-01,15,  8.1250000000000000E-01,  4.3750000000000000E-01,1,  1.6001434303808096E-01,112,7,498,498,0,  8.2241005971879477E-01,  9.9600000000000000E-01,  9.9600000000000000E-01,  9.0091936645642079E-01,  9.9133444000000001E-02,  4.6318100000000001E-04,0
707,  1.6250000000000001E-01,15,  8.1250000000000000E-01,  4.3750000000000000E-01,2,  1.6001434303808096E-01,112,13,504,498,6,  4.7984206944063468E-01,  1.0080000000000000E+00,  9.9600000000000000E-01,  6.5017761754512449E-01,  9.9677178000000005E-02,  5.3016700000000001E-04,0
708,  1.6250000000000001E-01,15,  8.1250000000000000E-01,  4.3750000000000000E-01,3,  1.6001434303808096E-01,112,17,512,498,14,  3.9857328552712989E-01,  1.0240000000000000E+00,  9.9600000000000000E-01,  5.7380389261077192E-01,  1.0028655300000000E-01,  4.7600200000000000E-04,0
709,  1.6250000000000001E-01,15,  8.1250000000000000E-01,  4.3750000000000000E-01,4,  1.6001434303808096E-01,112,19,518,498,20,  3.8202790975225864E-01,  1.0360000000000000E+00,  9.9600000000000000E-01,  5.5821315191530496E-01,  9.8566081000000000E-02,  5.3323100000000000E-04,0
710,  1.6250000000000001E-01,15,  8.1250000000000000E-01,  4.3750000000000000E-01,5,  1.6001434303808096E-01,112,19,518,498,20,  3.8202790975225864E-01,  1.0360000000000000E+00,  9.9600000000000000E-01,  5.5821315191530496E-01,  9.9151766000000002E-02,  5.1001499999999995E-04,0
711,  1.6250000000000001E-01,15,  8.1250000000000000E-01,  6.2500000000000000E-01,1,  1.6001434303808096E-01,112,7,498,498,0,  8.2241005971879477E-01,  9.9600000000000000E-01,  9.9600000000000000E-01,  9.0091936645642079E-01,  1.0033599700000000E-01,  5.4076400000000000E-04,0
712,  1.6250000000000001E-01,15,  8.1250000000000000E-01,  6.2500000000000000E-01,2,  1.6001434303808096E-01,112,13,504,498,6,  4.7984206944063468E-01,  1.0080000000000000E+00,  9.9600000000000000E-01,  6.5017761754512449E-01,  9.6852642000000003E-02,  4.9115300000000003E-04,0
713,  1.6250000000000001E-01,15,  8.1250000000000000E-01,  6.2500000000000000E-01,3,  1.6001434303808096E-01,112,17,512,498,14,  3.9857328552712989E-01,  1.0240000000000000E+00,  9.9600000000000000E-01,  5.7380389261077192E-01,  9.9758500000000000E-02,  5.0215600000000002E-04,0
714,  1.6250000000000001E-01,15,  8.1250000000000000E-01,  6.2500000000000000E-01,4,  1.6001434303808096E-01,112,19,518,498,20,  3.8202790975225864E-01,  1.0360000000000000E+00,  9.9600000000000000E-01,  5.5821315191530496E-01,  1.0390126500000001E-01,  5.3281499999999996E-04,0
715,  1.6250000000000001E-01,15,  8.1250000000000000E-01,  6.2500000000000000E-01,5,  1.6001434303808096E-01,112,19,518,498,20,  3.8202790975225864E-01,  1.0360000000000000E+00,  9.9600000000000000E-01,  5.5821315191530496E-01,  1.1881741600000000E-01,  5.4598199999999998E-04,0
716,  1.6250000000000001E-01,15,  8.1250000000000000E-01,  8.1250000000000000E-01,1,  1.6001434303808096E-01,112,7,498,498,0,  8.2241005971879477E-01,  9.9600000000000000E-01,  9.9600000000000000E-01,  9.0091936645642079E-01,  1.0276045200000000E-01,  4.9341999999999995E-04,0
717,  1.6250000000000001E-01,15,  8.1250000000000000E-01,  8.1250000000000000E-01,2,  1.6001434303808096E-01,112,13,504,498,6,  4.7984206944063468E-01,  1.0080000000000000E+00,  9.9600000000000000E-01,  6.5017761754512449E-01,  9.9267817999999994E-02,  4.9212400000000003E-04,0
718,  1.6250000000000001E-01,15,  8.1250000000000000E-01,  8.1250000000000000E-01,3,  1.6001434303808096E-01,112,17,512,498,14,  3.9857328552712989E-01,  1.0240000000000000E+00,  9.9600000000000000E-01,  5.7380389261077192E-01,  9.8079243999999996E-02,  5.0793099999999999E-04,0
719,  1.6250000000000001E-01,15,  8.1250000000000000E-01,  8.1250000000000000E-01,4,  1.6001434303808096E-01,112,19,518,498,20,  3.8202790975225864E-01,  1.0360000000000000E+00,  9.9600000000000000E-01,  5.5821315191530496E-01,  1.0037403300000000E-01,  5.7096100000000004E-04,0
720,  1.6250000000000001E-01,15,  8.1250000000000000E-01,  8.1250000000000000E-01,5,  1.6001434303808096E-01,112,19,518,498,20,  3.8202790975225864E-01,  1.0360000000000000E+00,  9.9600000000000000E-01,  5.5821315191530496E-01,  9.8575670000000004E-02,  5.1978599999999995E-04,0
721,  1.6250000000000001E-01,15,  8.1250000000000000E-01,  1.0000000000000000E+00,1,  1.6001434303808096E-01,112,7,498,498,0,  8.2241005971879477E-01,  9.9600000000000000E-01,  9.9600000000000000E-01,  9.0091936645642079E-01,  1.0338524400000000E-01,  4.8320200000000001E-04,0
722,  1.6250000000000001E-01,15,  8.1250000000000000E-01,  1.0000000000000000E+00,2,  1.6001434303808096E-01,112,13,504,498,6,  4.7984206944063468E-01,  1.0080000000000000E+00,  9.9600000000000000E-01,  6.5017761754512449E-01,  1.0204464000000001E-01,  6.0015999999999997E-04,0
723,  1.6250000000000001E-01,15,  8.1250000000000000E-01,  1.0000000000000000E+00,3,  1.6001434303808096E-01,112,17,512,498,14,  3.9857328552712989E-01,  1.0240000000000000E+00,  9.9600000000000000E-01,  5.7380389261077192E-01,  1.1302607700000000E-01,  6.0097700000000004E-04,0
724,  1.6250000000000001E-01,15,  8.1250000000000000E-01,  1.0000000000000000E+00,4,  1.6001434303808096E-01,112,19,518,498,20,  3.8202790975225864E-01,  1.0360000000000000E+00,  9.9600000000000000E-01,  5.5821315191530496E-01,  1.0012714400000000E-01,  4.9387699999999999E-04,0
725,  1.6250000000000001E-01,15,  8.1250000000000000E-01,  1.0000000000000000E+00,5,  1.6001434303808096E-01,112,19,518,498,20,  3.8202790975225864E-01,  1.0360000000000000E+00,  9.9600000000000000E-01,  5.5821315191530496E-01,  9.9343473000000002E-02,  5.4216699999999997E-04,0
726,  1.6250000000000001E-01,15,  1.0000000000000000E+00,  2.5000000000000000E-01,1,  1.6001434303808096E-01,112,3,500,500,0,  9.5051295825763471E-01,  1.0000000000000000E+00,  1.0000000000000000E+00,  9.7462870393510670E-01,  1.1499978299999999E-01,  5.2634800000000005E-04,0
727,  1.6250000000000001E-01,15,  1.0000000000000000E+00,  2.5000000000000000E-01,2,  1.6001434303808096E-01,112,3,500,500,0,  9.5051295825763471E-01,  1.0000000000000000E+00,  1.0000000000000000E+00,  9.7462870393510670E-01,  1.0667704500000000E-01,  5.0045400000000000E-04,0
728,  1.6250000000000001E-01,15,  1.0000000000000000E+00,  2.5000000000000000E-01,3,  1.6001434303808096E-01,112,4,502,500,2,  9.2014260850354046E-01,  1.0040000000000000E+00,  1.0000000000000000E+00,  9.6024398072660300E-01,  1.1283891700000000E-01,  4.8037299999999998E-04,0
729,  1.6250000000000001E-01,15,  1.0000000000000000E+00,  2.5000000000000000E-01,4,  1.6001434303808096E-01,112,7,511,500,11,  8.3106749918369827E-01,  1.0220000000000000E+00,  1.0000000000000000E+00,  9.1669729736222827E-01,  1.0681067200000000E-01,  5.2681500000000003E-04,0
730,  1.6250000000000001E-01,15,  1.0000000000000000E+00,  2.5000000000000000E-01,5,  1.6001434303808096E-01,112,9,519,500,19,  6.7573599827325037E-01,  1.0380000000000000E+00,  1.0000000000000000E+00,  8.1857878566403941E-01,  1.0553373100000001E-01,  5.0255500000000002E-04,0
731,  1.6250000000000001E-01,15,  1.0000000000000000E+00,  4.3750000000000000E-01,1,  1.6001434303808096E-01,112,3,500,500,0,  9.5051295825763471E-01,  1.0000000000000000E+00,  1.0000000000000000E+00,  9.7462870393510670E-01,  1.0349230800000001E-01,  5.0527799999999996E-04,0
732,  1.6250000000000001E-01,15,  1.0000000000000000E+00,  4.3750000000000000E-01,2,  1.6001434303808096E-01,112,3,500,500,0,  9.5051295825763471E-01,  1.0000000000000000E+00,  1.0000000000000000E+00,  9.7462870393510670E-01,  1.0659634599999999E-01,  4.8066400000000000E-04,0
733,  1.6250000000000001E-01,15,  1.0000000000000000E+00,  4.3750000000000000E-01,3,  1.6001434303808096E-01,112,4,502,500,2,  9.2014260850354046E-01,  1.0040000000000000E+00,  1.0000000000000000E+00,  9.6024398072660300E-01,  1.1942979099999999E-01,  6.4261500000000003E-04,0
734,  1.6250000000000001E-01,15,  1.0000000000000000E+00,  4.3750000000000000E-01,4,  1.6001434303808096E-01,112,7,511,500,11,  8.3106749918369827E-01,  1.0220000000000000E+00,  1.0000000000000000E+00,  9.1669729736222827E-01,  1.1063244000000000E-01,  5.6348800000000001E-04,0
735,  1.6250000000000001E-01,15,  1.0000000000000000E+00,  4.3750000000000000E-01,5,  1.6001434303808096E-01,112,9,519,500,19,  6.7573599827325037E-01,  1.0380000000000000E+00,  1.0000000000000000E+00,  8.1857878566403941E-01,  1.0485911500000000E-01,  5.0642799999999996E-04,0
736,  1.6250000000000001E-01,15,  1.0000000000000000E+00,  6.2500000000000000E-01,1,  1.6001434303808096E-01,112,3,500,500,0,  9.5051295825763471E-01,  1.0000000000000000E+00,  1.0000000000000000E+00,  9.7462870393510670E-01,  1.0615530800000000E-01,  5.2481000000000001E-04,0
737,  1.6250000000000001E-01,15,  1.0000000000000000E+00,  6.2500000000000000E-01,2,  1.6001434303808096E-01,112,3,500,500,0,  9.5051295825763471E-01,  1.0000000000000000E+00,  1.0000000000000000E+00,  9.7462870393510670E-01,  1.0580999000000001E-01,  5.2638900000000005E-04,0
738,  1.6250000000000001E-01,15,  1.0000000000000000E+00,  6.2500000000000000E-01,3,  1.6001434303808096E-01,112,4,502,500,2,  9.2014260850354046E-01,  1.0040000000000000E+00,  1.0000000000000000E+00,  9.6024398072660300E-01,  1.0361862800000000E-01,  5.2028000000000003E-04,0
739,  1.6250000000000001E-01,15,  1.0000000000000000E+00,  6.2500000000000000E-01,4,  1.6001434303808096E-01,112,7,511,500,11,  8.3106749918369827E-01,  1.0220000000000000E+00,  1.0000000000000000E+00,  9.1669729736222827E-01,  1.0628068400000000E-01,  5.1419699999999998E-04,0
740,  1.6250000000000001E-01,15,  1.0000000000000000E+00,  6.2500000000000000E-01,5,  1.6001434303808096E-01,112,9,519,500,19,  6.7573599827325037E-01,  1.0380000000000000E+00,  1.0000000000000000E+00,  8.1857878566403941E-01,  1.0557414399999999E-01,  5.1441099999999999E-04,0
741,  1.6250000000000001E-01,15,  1.0000000000000000E+00,  8.1250000000000000E-01,1,  1.6001434303808096E-01,112,3,500,500,0,  9.5051295825763471E-01,  1.0000000000000000E+00,  1.0000000000000000E+00,  9.7462870393510670E-01,  1.0533098900000000E-01,  4.7950999999999999E-04,0
742,  1.6250000000000001E-01,15,  1.0000000000000000E+00,  8.1250000000000000E-01,2,  1.6001434303808096E-01,112,3,500,500,0,  9.5051295825763471E-01,  1.0000000000000000E+00,  1.0000000000000000E+00,  9.7462870393510670E-01,  1.0722604500000001E-01,  4.8696299999999998E-04,0
743,  1.6250000000000001E-01,15,  1.0000000000000000E+00,  8.1250000000000000E-01,3,  1.6001434303808096E-01,112,4,502,500,2,  9.2014260850354046E-01,  1.0040000000000000E+00,  1.0000000000000000E+00,  9.6024398072660300E-01,  1.1528278200000000E-01,  5.0025600000000003E-04,0
744,  1.6250000000000001E-01,15,  1.0000000000000000E+00,  8.1250000000000000E-01,4,  1.6001434303808096E-01,112,7,511,500,11,  8.3106749918369827E-01,  1.0220000000000000E+00,  1.0000000000000000E+00,  9.1669729736222827E-01,  1.1665620800000000E-01,  5.3950199999999997E-04,0
745,  1.6250000000000001E-01,15,  1.0000000000000000E+00,  8.1250000000000000E-01,5,  1.6001434303808096E-01,112,9,519,500,19,  6.7573599827325037E-01,  1.0380000000000000E+00,  1.0000000000000000E+00,  8.1857878566403941E-01,  1.1611310300000000E-01,  5.5812099999999996E-04,0
746,  1.6250000000000001E-01,15,  1.0000000000000000E+00,  1.0000000000000000E+00,1,  1.6001434303808096E-01,112,3,500,500,0,  9.5051295825763471E-01,  1.0000000000000000E+00,  1.0000000000000000E+00,  9.7462870393510670E-01,  1.0893655600000000E-01,  5.2281799999999998E-04,0
747,  1.6250000000000001E-01,15,  1.0000000000000000E+00,  1.0000000000000000E+00,2,  1.6001434303808096E-01,112,3,500,500,0,  9.5051295825763471E-01,  1.0000000000000000E+00,  1.0000000000000000E+00,  9.7462870393510670E-01,  1.0372661800000001E-01,  4.9669199999999997E-04,0
748,  1.6250000000000001E-01,15,  1.0000000000000000E+00,  1.0000000000000000E+00,3,  1.6001434303808096E-01,112,4,502,500,2,  9.2014260850354046E-01,  1.0040000000000000E+00,  1.0000000000000000E+00,  9.6024398072660300E-01,  1.0525781600000000E-01,  4.8923300000000005E-04,0
749,  1.6250000000000001E-01,15,  1.0000000000000000E+00,  1.0000000000000000E+00,4,  1.6001434303808096E-01,112,7,511,500,11,  8.3106749918369827E-01,  1.0220000000000000E+00,  1.0000000000000000E+00,  9.1669729736222827E-01,  1.0777446600000000E-01,  4.7462699999999998E-04,0
750,  1.6250000000000001E-01,15,  1.0000000000000000E+00,  1.0000000000000000E+00,5,  1.6001434303808096E-01,112,9,519,500,19,  6.7573599827325037E-01,  1.0380000000000000E+00,  1.0000000000000000E+00,  8.1857878566403941E-01,  1.0570942300000000E-01,  5.2733999999999995E-04,0
751,  1.6250000000000001E-01,25,  2.5000000000000000E-01,  2.5000000000000000E-01,1,  1.6001434303808096E-01,66,27,415,415,0,  2.3325990186675688E-01,  8.2999999999999996E-01,  8.2999999999999996E-01,  3.6417383597274045E-01,  5.0579691000000003E-02,  4.5431900000000001E-04,0
752,  1.6250000000000001E-01,25,  2.5000000000000000E-01,  2.5000000000000000E-01,2,  1.6001434303808096E-01,66,27,415,415,0,  2.3325990186675688E-01,  8.2999999999999996E-01,  8.2999999999999996E-01,  3.6417383597274045E-01,  5.0034686000000002E-02,  4.1803800000000003E-04,0
753,  1.6250000000000001E-01,25,  2.5000000000000000E-01,  2.5000000000000000E-01,3,  1.6001434303808096E-01,66,28,417,415,2,  2.1751457429820631E-01,  8.3399999999999996E-01,  8.2999999999999996E-01,  3.4503973487153500E-01,  5.0633584000000002E-02,  4.1533100000000001E-04,0
754,  1.6250000000000001E-01,25,  2.5000000000000000E-01,  2.5000000000000000E-01,4,  1.6001434303808096E-01,66,28,417,415,2,  2.1751457429820631E-01,  8.3399999999999996E-01,  8.2999999999999996E-01,  3.4503973487153500E-01,  5.3614182000000003E-02,  4.4280600000000002E-04,0
755,  1.6250000000000001E-01,25,  2.5000000000000000E-01,  2.5000000000000000E-01,5,  1.6001434303808096E-01,66,28,417,415,2,  2.1751457429820631E-01,  8.3399999999999996E-01,  8.2999999999999996E-01,  3.4503973487153500E-01,  4.8815527999999997E-02,  4.0958400000000000E-04,0
756,  1.6250000000000001E-01,25,  2.5000000000000000E-01,  4.3750000000000000E-01,1,  1.6001434303808096E-01,66,27,415,415,0,  2.3325990186675688E-01,  8.2999999999999996E-01,  8.2999999999999996E-01,  3.6417383597274045E-01,  5.0655392000000000E-02,  4.4027699999999999E-04,0
757,  1.6250000000000001E-01,25,  2.5000000000000000E-01,  4.3750000000000000E-01,2,  1.6001434303808096E-01,66,27,415,415,0,  2.3325990186675688E-01,  8.2999999999999996E-01,  8.2999999999999996E-01,  3.6417383597274045E-01,  4.8400107999999997E-02,  4.2031700000000002E-04,0
758,  1.6250000000000001E-01,25,  2.5000000000000000E-01,  4.3750000000000000E-01,3,  1.6001434303808096E-01,66,28,417,415,2,  2.1751457429820631E-01,  8.3399999999999996E-01,  8.2999999999999996E-01,  3.4503973487153500E-01,  5.2452046000000002E-02,  4.4116799999999997E-04,0
759,  1.6250000000000001E-01,25,  2.5000000000000000E-01,  4.3750000000000000E-01,4,  1.6001434303808096E-01,66,28,417,415,2,  2.1751457429820631E-01,  8.3399999999999996E-01,  8.2999999999999996E-01,  3.4503973487153500E-01,  5.1026032999999998E-02,  5.0936999999999998E-04,0
760,  1.6250000000000001E-01,25,  2.5000000000000000E-01,  4.3750000000000000E-01,5,  1.6001434303808096E-01,66,28,417,415,2,  2.1751457429820631E-01,  8.3399999999999996E-01,  8.2999999999999996E-01,  3.4503973487153500E-01,  5.1153215000000002E-02,  4.1975600000000002E-04,0
761,  1.6250000000000001E-01,25,  2.5000000000000000E-01,  6.2500000000000000E-01,1,  1.6001434303808096E-01,66,27,415,415,0,  2.3325990186675688E-01,  8.2999999999999996E-01,  8.2999999999999996E-01,  3.6417383597274045E-01,  5.2630382000000003E-02,  4.4204999999999998E-04,0
762,  1.6250000000000001E-01,25,  2.5000000000000000E-01,  6.2500000000000000E-01,2,  1.6001434303808096E-01,66,27,415,415,0,  2.3325990186675688E-01,  8.2999999999999996E-01,  8.2999999999999996E-01,  3.6417383597274045E-01,  4.8381443000000003E-02,  4.2418799999999998E-04,0
763,  1.6250000000000001E-01,25,  2.5000000000000000E-01,  6.2500000000000000E-01,3,  1.6001434303808096E-01,66,28,417,415,2,  2.1751457429820631E-01,  8.3399999999999996E-01,  8.2999999999999996E-01,  3.4503973487153500E-01,  4.9458504000000000E-02,  4.3034300000000002E-04,0
764,  1.6250000000000001E-01,25,  2.5000000000000000E-01,  6.2500000000000000E-01,4,  1.6001434303808096E-01,66,28,417,415,2,  2.1751457429820631E-01,  8.3399999999999996E-01,  8.2999999999999996E-01,  3.4503973487153500E-01,  4.9388651999999998E-02,  4.1484399999999999E-04,0
765,  1.6250000000000001E-01,25,  2.5000000000000000E-01,  6.2500000000000000E-01,5,  1.6001434303808096E-01,66,28,417,415,2,  2.1751457429820631E-01,  8.3399999999999996E-01,  8.2999999999999996E-01,  3.4503973487153500E-01,  4.7965518999999998E-02,  5.1551400000000001E-04,0
766,  1.6250000000000001E-01,25,  2.5000000000000000E-01,  8.1250000000000000E-01,1,  1.6001434303808096E-01,66,27,415,415,0,  2.3325990186675688E-01,  8.2999999999999996E-01,  8.2999999999999996E-01,  3.6417383597274045E-01,  4.8915678999999997E-02,  4.1144599999999999E-04,0
767,  1.6250000000000001E-01,25,  2.5000000000000000E-01,  8.1250000000000000E-01,2,  1.6001434303808096E-01,66,27,415,415,0,  2.3325990186675688E-01,  8.2999999999999996E-01,  8.2999999999999996E-01,  3.6417383597274045E-01,  4.7731322000000000E-02,  3.9492999999999999E-04,0
768,  1.6250000000000001E-01,25,  2.5000000000000000E-01,  8.1250000000000000E-01,3,  1.6001434303808096E-01,66,28,417,415,2,  2.1751457429820631E-01,  8.3399999999999996E-01,  8.2999999999999996E-01,  3.4503973487153500E-01,  4.9177920999999999E-02,  4.4891100000000003E-04,0
769,  1.6250000000000001E-01,25,  2.5000000000000000E-01,  8.1250000000000000E-01,4,  1.6001434303808096E-01,66,28,417,415,2,  2.1751457429820631E-01,  8.3399999999999996E-01,  8.2999999999999996E-01,  3.4503973487153500E-01,  4.7313952999999999E-02,  3.9578500000000001E-04,0
770,  1.6250000000000001E-01,25,  2.5000000000000000E-01,  8.1250000000000000E-01,5,  1.6001434303808096E-01,66,28,417,415,2,  2.1751457429820631E-01,  8.3399999999999996E-01,  8.2999999999999996E-01,  3.4503973487153500E-01,  4.7303064999999998E-02,  4.2538100000000001E-04,0
771,  1.6250000000000001E-01,25,  2.5000000000000000E-01,  1.0000000000000000E+00,1,  1.6001434303808096E-01,66,27,415,415,0,  2.3325990186675688E-01,  8.2999999999999996E-01,  8.2999999999999996E-01,  3.6417383597274045E-01,  5.1340670999999997E-02,  4.0951399999999998E-04,0
772,  1.6250000000000001E-01,25,  2.5000000000000000E-01,  1.0000000000000000E+00,2,  1.6001434303808096E-01,66,27,415,415,0,  2.3325990186675688E-01,  8.2999999999999996E-01,  8.2999999999999996E-01,  3.6417383597274045E-01,  4.8753302999999998E-02,  4.1238400000000001E-04,0
773,  1.6250000000000001E-01,25,  2.5000000000000000E-01,  1.0000000000000000E+00,3,  1.6001434303808096E-01,66,28,417,415,2,  2.1751457429820631E-01,  8.3399999999999996E-01,  8.2999999999999996E-01,  3.4503973487153500E-01,  4.8766990000000003E-02,  4.8064599999999999E-04,0
774,  1.6250000000000001E-01,25,  2.5000000000000000E-01,  1.0000000000000000E+00,4,  1.6001434303808096E-01,66,28,417,415,2,  2.1751457429820631E-01,  8.3399999999999996E-01,  8.2999999999999996E-01,  3.4503973487153500E-01,  5.1390282000000002E-02,  4.4963600000000000E-04,0
775,  1.6250000000000001E-01,25,  2.5000000000000000E-01,  1.0000000000000000E+00,5,  1.6001434303808096E-01,66,28,417,415,2,  2.1751457429820631E-01,  8.3399999999999996E-01,  8.2999999999999996E-01,  3.4503973487153500E-01,  4.9048611999999998E-02,  4.1013600000000002E-04,0
776,  1.6250000000000001E-01,25,  4.3750000000000000E-01,  2.5000000000000000E-01,1,  1.6001434303808096E-01,66,21,459,459,0,  3.2747608190975547E-01,  9.1800000000000004E-01,  9.1800000000000004E-01,  4.8274398450461459E-01,  5.1495274000000001E-02,  4.3763899999999998E-04,0
777,  1.6250000000000001E-01,25,  4.3750000000000000E-01,  2.5000000000000000E-01,2,  1.6001434303808096E-01,66,22,460,459,1,  3.2017788787128398E-01,  9.2000000000000004E-01,  9.1800000000000004E-01,  4.7503452484092912E-01,  5.2292713999999997E-02,  4.5356200000000002E-04,0
778,  1.6250000000000001E-01,25,  4.3750000000000000E-01,  2.5000000000000000E-01,3,  1.6001434303808096E-01,66,22,460,459,1,  3.2017788787128398E-01,  9.2000000000000004E-01,  9.1800000000000004E-01,  4.7503452484092912E-01,  5.2579267999999998E-02,  4.7544999999999998E-04,0
779,  1.6250000000000001E-01,25,  4.3750000000000000E-01,  2.5000000000000000E-01,4,  1.6001434303808096E-01,66,22,460,459,1,  3.2017788787128398E-01,  9.2000000000000004E-01,  9.1800000000000004E-01,  4.7503452484092912E-01,  5.2087187000000000E-02,  4.6170299999999999E-04,0
780,  1.6250000000000001E-01,25,  4.3750000000000000E-01,  2.5000000000000000E-01,5,  1.6001434303808096E-01,66,23,464,459,5,  3.1640845546426172E-01,  9.2800000000000005E-01,  9.1800000000000004E-01,  4.7191425834741535E-01,  5.3594053000000003E-02,  4.6262099999999997E-04,0
781,  1.6250000000000001E-01,25,  4.3750000000000000E-01,  4.3750000000000000E-01,1,  1.6001434303808096E-01,66,21,459,459,0,  3.2747608190975547E-01,  9.1800000000000004E-01,  9.1800000000000004E-01,  4.8274398450461459E-01,  5.1301932000000001E-02,  4.4624399999999999E-04,0
782,  1.6250000000000001E-01,25,  4.3750000000000000E-01,  4.3750000000000000E-01,2,  1.6001434303808096E-01,66,22,460,459,1,  3.2017788787128398E-01,  9.2000000000000004E-01,  9.1800000000000004E-01,  4.7503452484092912E-01,  5.0722213000000002E-02,  4.4101800000000000E-04,0
783,  1.6250000000000001E-01,25,  4.3750000000000000E-01,  4.3750000000000000E-01,3,  1.6001434303808096E-01,66,22,460,459,1,  3.2017788787128398E-01,  9.2000000000000004E-01,  9.1800000000000004E-01,  4.7503452484092912E-01,  5.9343194000000002E-02,  6.9958900000000003E-04,0
784,  1.6250000000000001E-01,25,  4.3750000000000000E-01,  4.3750000000000000E-01,4,  1.6001434303808096E-01,66,22,460,459,1,  3.2017788787128398E-01,  9.2000000000000004E-01,  9.1800000000000004E-01,  4.7503452484092912E-01,  6.5298193000000004E-02,  6.6732599999999999E-04,0
785,  1.6250000000000001E-01,25,  4.3750000000000000E-01,  4.3750000000000000E-01,5,  1.6001434303808096E-01,66,23,464,459,5,  3.1640845546426172E-01,  9.2800000000000005E-01,  9.1800000000000004E-01,  4.7191425834741535E-01,  6.2658060000000002E-02,  4.6368899999999998E-04,0
786,  1.6250000000000001E-01,25,  4.3750000000000000E-01,  6.2500000000000000E-01,1,  1.6001434303808096E-01,66,21,459,459,0,  3.2747608190975547E-01,  9.1800000000000004E-01,  9.1800000000000004E-01,  4.8274398450461459E-01,  6.4592496999999999E-02,  5.9193300000000000E-04,0
787,  1.6250000000000001E-01,25,  4.3750000000000000E-01,  6.2500000000000000E-01,2,  1.6001434303808096E-01,66,22,460,459,1,  3.2017788787128398E-01,  9.2000000000000004E-01,  9.1800000000000004E-01,  4.7503452484092912E-01,  6.1347317999999998E-02,  7.7099700000000005E-04,0
788,  1.6250000000000001E-01,25,  4.3750000000000000E-01,  6.2500000000000000E-01,3,  1.6001434303808096E-01,66,22,460,459,1,  3.2017788787128398E-01,  9.2000000000000004E-01,  9.1800000000000004E-01,  4.7503452484092912E-01,  5.5404760999999997E-02,  4.5359300000000002E-04,0
789,  1.6250000000000001E-01,25,  4.3750000000000000E-01,  6.2500000000000000E-01,4,  1.6001434303808096E-01,66,22,460,459,1,  3.2017788787128398E-01,  9.2000000000000004E-01,  9.1800000000000004E-01,  4.7503452484092912E-01,  5.2031135999999999E-02,  4.6686800000000000E-04,0
790,  1.6250000000000001E-01,25,  4.3750000000000000E-01,  6.2500000000000000E-01,5,  1.6001434303808096E-01,66,23,464,459,5,  3.1640845546426172E-01,  9.2800000000000005E-01,  9.1800000000000004E-01,  4.7191425834741535E-01,  5.2121817000000001E-02,  4.6282900000000000E-04,0
791,  1.6250000000000001E-01,25,  4.3750000000000000E-01,  8.1250000000000000E-01,1,  1.6001434303808096E-01,66,21,459,459,0,  3.2747608190975547E-01,  9.1800000000000004E-01,  9.1800000000000004E-01,  4.8274398450461459E-01,  5.1828183000000000E-02,  4.5910999999999999E-04,0
792,  1.6250000000000001E-01,25,  4.3750000000000000E-01,  8.1250000000000000E-01,2,  1.6001434303808096E-01,66,22,460,459,1,  3.2017788787128398E-01,  9.2000000000000004E-01,  9.1800000000000004E-01,  4.7503452484092912E-01,  5.2731858999999999E-02,  4.7790499999999999E-04,0
793,  1.6250000000000001E-01,25,  4.3750000000000000E-01,  8.1250000000000000E-01,3,  1.6001434303808096E-01,66,22,460,459,1,  3.2017788787128398E-01,  9.2000000000000004E-01,  9.1800000000000004E-01,  4.7503452484092912E-01,  5.1535721999999999E-02,  4.7771899999999998E-04,0
794,  1.6250000000000001E-01,25,  4.3750000000000000E-01,  8.1250000000000000E-01,4,  1.6001434303808096E-01,66,22,460,459,1,  3.2017788787128398E-01,  9.2000000000000004E-01,  9.1800000000000004E-01,  4.7503452484092912E-01,  5.6134728000000002E-02,  5.0113200000000005E-04,0
795,  1.6250000000000001E-01,25,  4.3750000000000000E-01,  8.1250000000000000E-01,5,  1.6001434303808096E-01,66,23,464,459,5,  3.1640845546426172E-01,  9.2800000000000005E-01,  9.1800000000000004E-01,  4.7191425834741535E-01,  5.5855380000000003E-02,  4.5648200000000002E-04,0
796,  1.6250000000000001E-01,25,  4.3750000000000000E-01,  1.0000000000000000E+00,1,  1.6001434303808096E-01,66,21,459,459,0,  3.2747608190975547E-01,  9.1800000000000004E-01,  9.1800000000000004E-01,  4.8274398450461459E-01,  5.3196642000000002E-02,  4.6475800000000001E-04,0
797,  1.6250000000000001E-01,25,  4.3750000000000000E-01,  1.0000000000000000E+00,2,  1.6001434303808096E-01,66,22,460,459,1,  3.2017788787128398E-01,  9.2000000000000004E-01,  9.1800000000000004E-01,  4.7503452484092912E-01,  5.2608275000000003E-02,  4.4371699999999999E-04,0
798,  1.6250000000000001E-01,25,  4.3750000000000000E-01,  1.0000000000000000E+00,3,  1.6001434303808096E-01,66,22,460,459,1,  3.2017788787128398E-01,  9.2000000000000004E-01,  9.1800000000000004E-01,  4.7503452484092912E-01,  5.1807188999999997E-02,  4.7760800000000003E-04,0
799,  1.6250000000000001E-01,25,  4.3750000000000000E-01,  1.0000000000000000E+00,4,  1.6001434303808096E-01,66,22,460,459,1,  3.2017788787128398E-01,  9.2000000000000004E-01,  9.1800000000000004E-01,  4.7503452484092912E-01,  5.1913780000000000E-02,  4.5836400000000000E-04,0
800,  1.6250000000000001E-01,25,  4.3750000000000000E-01,  1.0000000000000000E+00,5,  1.6001434303808096E-01,66,23,464,459,5,  3.1640845546426172E-01,  9.2800000000000005E-01,  9.1800000000000004E-01,  4.7191425834741535E-01,  5.1651084999999999E-02,  4.5321300000000000E-04,0
801,  1.6250000000000001E-01,25,  6.2500000000000000E-01,  2.5000000000000000E-01,1,  1.6001434303808096E-01,66,14,480,480,0,  4.7539085916210089E-01,  9.5999999999999996E-01,  9.5999999999999996E-01,  6.3588983012198164E-01,  5.6005408000000000E-02,  4.6632100000000001E-04,0
802,  1.6250000000000001E-01,25,  6.2500000000000000E-01,  2.5000000000000000E-01,2,  1.6001434303808096E-01,66,17,483,480,3,  3.9986745869707108E-01,  9.6599999999999997E-01,  9.5999999999999996E-01,  5.6560680561178800E-01,  5.6587008000000001E-02,  4.6642000000000000E-04,0
803,  1.6250000000000001E-01,25,  6.2500000000000000E-01,  2.5000000000000000E-01,3,  1.6001434303808096E-01,66,17,483,480,3,  3.9986745869707108E-01,  9.6599999999999997E-01,  9.5999999999999996E-01,  5.6560680561178800E-01,  5.6802911999999997E-02,  4.7596599999999998E-04,0
804,  1.6250000000000001E-01,25,  6.2500000000000000E-01,  2.5000000000000000E-01,4,  1.6001434303808096E-01,66,20,492,480,12,  3.6322568506515818E-01,  9.8399999999999999E-01,  9.5999999999999996E-01,  5.3059272557860915E-01,  6.0328511000000001E-02,  5.6640399999999995E-04,0
805,  1.6250000000000001E-01,25,  6.2500000000000000E-01,  2.5000000000000000E-01,5,  1.6001434303808096E-01,66,20,492,480,12,  3.6322568506515818E-01,  9.8399999999999999E-01,  9.5999999999999996E-01,  5.3059272557860915E-01,  5.7872088000000002E-02,  4.9100399999999996E-04,0
806,  1.6250000000000001E-01,25,  6.2500000000000000E-01,  4.3750000000000000E-01,1,  1.6001434303808096E-01,66,14,480,480,0,  4.7539085916210089E-01,  9.5999999999999996E-01,  9.5999999999999996E-01,  6.3588983012198164E-01,  5.5732825000000000E-02,  4.4228500000000000E-04,0
807,  1.6250000000000001E-01,25,  6.2500000000000000E-01,  4.3750000000000000E-01,2,  1.6001434303808096E-01,66,17,483,480,3,  3.9986745869707108E-01,  9.6599999999999997E-01,  9.5999999999999996E-01,  5.6560680561178800E-01,  5.7310811000000003E-02,  5.0301399999999998E-04,0
808,  1.6250000000000001E-01,25,  6.2500000000000000E-01,  4.3750000000000000E-01,3,  1.6001434303808096E-01,66,17,483,480,3,  3.9986745869707108E-01,  9.6599999999999997E-01,  9.5999999999999996E-01,  5.6560680561178800E-01,  5.6063979000000000E-02,  4.7059800000000002E-04,0
809,  1.6250000000000001E-01,25,  6.2500000000000000E-01,  4.3750000000000000E-01,4,  1.6001434303808096E-01,66,20,492,480,12,  3.6322568506515818E-01,  9.8399999999999999E-01,  9.5999999999999996E-01,  5.3059272557860915E-01,  5.5809012999999998E-02,  5.1152700000000001E-04,0
810,  1.6250000000000001E-01,25,  6.2500000000000000E-01,  4.3750000000000000E-01,5,  1.6001434303808096E-01,66,20,492,480,12,  3.6322568506515818E-01,  9.8399999999999999E-01,  9.5999999999999996E-01,  5.3059272557860915E-01,  5.6674997999999997E-02,  5.0392600000000003E-04,0
811,  1.6250000000000001E-01,25,  6.2500000000000000E-01,  6.2500000000000000E-01,1,  1.6001434303808096E-01,66,14,480,480,0,  4.7539085916210089E-01,  9.5999999999999996E-01,  9.5999999999999996E-01,  6.3588983012198164E-01,  5.4994847999999999E-02,  4.6744300000000000E-04,0
812,  1.6250000000000001E-01,25,  6.2500000000000000E-01,  6.2500000000000000E-01,2,  1.6001434303808096E-01,66,17,483,480,3,  3.9986745869707108E-01,  9.6599999999999997E-01,  9.5999999999999996E-01,  5.6560680561178800E-01,  5.6139859000000000E-02,  4.6912599999999999E-04,0
813,  1.6250000000000001E-01,25,  6.2500000000000000E-01,  6.2500000000000000E-01,3,  1.6001434303808096E-01,66,17,483,480,3,  3.9986745869707108E-01,  9.6599999999999997E-01,  9.5999999999999996E-01,  5.6560680561178800E-01,  5.6526057999999997E-02,  5.0815500000000004E-04,0
814,  1.6250000000000001E-01,25,  6.2500000000000000E-01,  6.2500000000000000E-01,4,  1.6001434303808096E-01,66,20,492,480,12,  3.6322568506515818E-01,  9.8399999999999999E-01,  9.5999999999999996E-01,  5.3059272557860915E-01,  5.9753901999999998E-02,  5.0837699999999996E-04,0
815,  1.6250000000000001E-01,25,  6.2500000000000000E-01,  6.2500000000000000E-01,5,  1.6001434303808096E-01,66,20,492,480,12,  3.6322568506515818E-01,  9.8399999999999999E-01,  9.5999999999999996E-01,  5.3059272557860915E-01,  5.6927010000000000E-02,  4.8468600000000001E-04,0
816,  1.6250000000000001E-01,25,  6.2500000000000000E-01,  8.1250000000000000E-01,1,  1.6001434303808096E-01,66,14,480,480,0,  4.7539085916210089E-01,  9.5999999999999996E-01,  9.5999999999999996E-01,  6.3588983012198164E-01,  6.0798650000000003E-02,  5.5926800000000003E-04,0
817,  1.6250000000000001E-01,25,  6.2500000000000000E-01,  8.1250000000000000E-01,2,  1.6001434303808096E-01,66,17,483,480,3,  3.9986745869707108E-01,  9.6599999999999997E-01,  9.5999999999999996E-01,  5.6560680561178800E-01,  5.7380085999999997E-02,  4.6771800000000000E-04,0
818,  1.6250000000000001E-01,25,  6.2500000000000000E-01,  8.1250000000000000E-01,3,  1.6001434303808096E-01,66,17,483,480,3,  3.9986745869707108E-01,  9.6599999999999997E-01,  9.5999999999999996E-01,  5.6560680561178800E-01,  5.6772391999999998E-02,  4.4380299999999999E-04,0
819,  1.6250000000000001E-01,25,  6.2500000000000000E-01,  8.1250000000000000E-01,4,  1.6001434303808096E-01,66,20,492,480,12,  3.6322568506515818E-01,  9.8399999999999999E-01,  9.5999999999999996E-01,  5.3059272557860915E-01,  5.6087139000000001E-02,  4.7201200000000001E-04,0
820,  1.6250000000000001E-01,25,  6.2500000000000000E-01,  8.1250000000000000E-01,5,  1.6001434303808096E-01,66,20,492,480,12,  3.6322568506515818E-01,  9.8399999999999999E-01,  9.5999999999999996E-01,  5.3059272557860915E-01,  5.5485621999999998E-02,  4.8152999999999998E-04,0
821,  1.6250000000000001E-01,25,  6.2500000000000000E-01,  1.0000000000000000E+00,1,  1.6001434303808096E-01,66,14,480,480,0,  4.7539085916210089E-01,  9.5999999999999996E-01,  9.5999999999999996E-01,  6.3588983012198164E-01,  5.5858838000000001E-02,  4.7871500000000000E-04,0
822,  1.6250000000000001E-01,25,  6.2500000000000000E-01,  1.0000000000000000E+00,2,  1.6001434303808096E-01,66,17,483,480,3,  3.9986745869707108E-01,  9.6599999999999997E-01,  9.5999999999999996E-01,  5.6560680561178800E-01,  5.8597352999999998E-02,  4.6801600000000003E-04,0
823,  1.6250000000000001E-01,25,  6.2500000000000000E-01,  1.0000000000000000E+00,3,  1.6001434303808096E-01,66,17,483,480,3,  3.9986745869707108E-01,  9.6599999999999997E-01,  9.5999999999999996E-01,  5.6560680561178800E-01,  5.9771105999999997E-02,  4.6394900000000001E-04,0
824,  1.6250000000000001E-01,25,  6.2500000000000000E-01,  1.0000000000000000E+00,4,  1.6001434303808096E-01,66,20,492,480,12,  3.6322568506515818E-01,  9.8399999999999999E-01,  9.5999999999999996E-01,  5.3059272557860915E-01,  5.7718696999999999E-02,  4.8170199999999998E-04,0
825,  1.6250000000000001E-01,25,  6.2500000000000000E-01,  1.0000000000000000E+00,5,  1.6001434303808096E-01,66,20,492,480,12,  3.6322568506515818E-01,  9.8399999999999999E-01,  9.5999999999999996E-01,  5.3059272557860915E-01,  5.6163077999999998E-02,  4.7841600000000001E-04,0
826,  1.6250000000000001E-01,25,  8.1250000000000000E-01,  2.5000000000000000E-01,1,  1.6001434303808096E-01,66,12,489,489,0,  5.9518390788195907E-01,  9.7799999999999998E-01,  9.7799999999999998E-01,  7.4001502175578060E-01,  6.0275226000000001E-02,  4.7442200000000001E-04,0
827,  1.6250000000000001E-01,25,  8.1250000000000000E-01,  2.5000000000000000E-01,2,  1.6001434303808096E-01,66,13,490,489,1,  5.7961341608600636E-01,  9.7999999999999998E-01,  9.7799999999999998E-01,  7.2841274883334584E-01,  5.6355648000000001E-02,  4.7162400000000002E-04,0
828,  1.6250000000000001E-01,25,  8.1250000000000000E-01,  2.5000000000000000E-01,3,  1.6001434303808096E-01,66,15,494,489,5,  4.4038328282860900E-01,  9.8799999999999999E-01,  9.7799999999999998E-01,  6.0921839210137685E-01,  5.9673332000000003E-02,  6.9612000000000005E-04,0
829,  1.6250000000000001E-01,25,  8.1250000000000000E-01,  2.5000000000000000E-01,4,  1.6001434303808096E-01,66,17,500,489,11,  4.1996764127441727E-01,  1.0000000000000000E+00,  9.7799999999999998E-01,  5.9151719950110604E-01,  5.7009850000000001E-02,  5.1578500000000005E-04,0
830,  1.6250000000000001E-01,25,  8.1250000000000000E-01,  2.5000000000000000E-01,5,  1.6001434303808096E-01,66,17,500,489,11,  4.1996764127441727E-01,  1.0000000000000000E+00,  9.7799999999999998E-01,  5.9151719950110604E-01,  5.7085020000000000E-02,  4.6685999999999999E-04,0
831,  1.6250000000000001E-01,25,  8.1250000000000000E-01,  4.3750000000000000E-01,1,  1.6001434303808096E-01,66,12,489,489,0,  5.9518390788195907E-01,  9.7799999999999998E-01,  9.7799999999999998E-01,  7.4001502175578060E-01,  5.7178296000000003E-02,  4.9072999999999999E-04,0
832,  1.6250000000000001E-01,25,  8.1250000000000000E-01,  4.3750000000000000E-01,2,  1.6001434303808096E-01,66,13,490,489,1,  5.7961341608600636E-01,  9.7999999999999998E-01,  9.7799999999999998E-01,  7.2841274883334584E-01,  5.6515925000000002E-02,  5.0197999999999996E-04,0
833,  1.6250000000000001E-01,25,  8.1250000000000000E-01,  4.3750000000000000E-01,3,  1.6001434303808096E-01,66,15,494,489,5,  4.4038328282860900E-01,  9.8799999999999999E-01,  9.7799999999999998E-01,  6.0921839210137685E-01,  5.6362002000000001E-02,  4.6781900000000001E-04,0
834,  1.6250000000000001E-01,25,  8.1250000000000000E-01,  4.3750000000000000E-01,4,  1.6001434303808096E-01,66,17,500,489,11,  4.1996764127441727E-01,  1.0000000000000000E+00,  9.7799999999999998E-01,  5.9151719950110604E-01,  5.6864316999999998E-02,  4.9020699999999999E-04,0
835,  1.6250000000000001E-01,25,  8.1250000000000000E-01,  4.3750000000000000E-01,5,  1.6001434303808096E-01,66,17,500,489,11,  4.1996764127441727E-01,  1.0000000000000000E+00,  9.7799999999999998E-01,  5.9151719950110604E-01,  5.8879631000000002E-02,  4.8592200000000001E-04,0
836,  1.6250000000000001E-01,25,  8.1250000000000000E-01,  6.2500000000000000E-01,1,  1.6001434303808096E-01,66,12,489,489,0,  5.9518390788195907E-01,  9.7799999999999998E-01,  9.7799999999999998E-01,  7.4001502175578060E-01,  5.8645228000000001E-02,  4.7684700000000002E-04,0
837,  1.6250000000000001E-01,25,  8.1250000000000000E-01,  6.2500000000000000E-01,2,  1.6001434303808096E-01,66,13,490,489,1,  5.7961341608600636E-01,  9.7999999999999998E-01,  9.7799999999999998E-01,  7.2841274883334584E-01,  5.7303536000000002E-02,  5.5791599999999999E-04,0
838,  1.6250000000000001E-01,25,  8.1250000000000000E-01,  6.2500000000000000E-01,3,  1.6001434303808096E-01,66,15,494,489,5,  4.4038328282860900E-01,  9.8799999999999999E-01,  9.7799999999999998E-01,  6.0921839210137685E-01,  6.1226543000000001E-02,  4.7956499999999999E-04,0
839,  1.6250000000000001E-01,25,  8.1250000000000000E-01,  6.2500000000000000E-01,4,  1.6001434303808096E-01,66,17,500,489,11,  4.1996764127441727E-01,  1.0000000000000000E+00,  9.7799999999999998E-01,  5.9151719950110604E-01,  6.1897006999999997E-02,  5.5363099999999996E-04,0
840,  1.6250000000000001E-01,25,  8.1250000000000000E-01,  6.2500000000000000E-01,5,  1.6001434303808096E-01,66,17,500,489,11,  4.1996764127441727E-01,  1.0000000000000000E+00,  9.7799999999999998E-01,  5.9151719950110604E-01,  6.8040024000000005E-02,  5.4292000000000001E-04,0
841,  1.6250000000000001E-01,25,  8.1250000000000000E-01,  8.1250000000000000E-01,1,  1.6001434303808096E-01,66,12,489,489,0,  5.9518390788195907E-01,  9.7799999999999998E-01,  9.7799999999999998E-01,  7.4001502175578060E-01,  6.1029571999999997E-02,  5.6080500000000005E-04,0
842,  1.6250000000000001E-01,25,  8.1250000000000000E-01,  8.1250000000000000E-01,2,  1.6001434303808096E-01,66,13,490,489,1,  5.7961341608600636E-01,  9.7999999999999998E-01,  9.7799999999999998E-01,  7.2841274883334584E-01,  6.9072631999999995E-02,  5.0788099999999996E-04,0
843,  1.6250000000000001E-01,25,  8.1250000000000000E-01,  8.1250000000000000E-01,3,  1.6001434303808096E-01,66,15,494,489,5,  4.4038328282860900E-01,  9.8799999999999999E-01,  9.7799999999999998E-01,  6.0921839210137685E-01,  6.8848434000000000E-02,  5.2757599999999998E-04,0
844,  1.6250000000000001E-01,25,  8.1250000000000000E-01,  8.1250000000000000E-01,4,  1.6001434303808096E-01,66,17,500,489,11,  4.1996764127441727E-01,  1.0000000000000000E+00,  9.7799999999999998E-01,  5.9151719950110604E-01,  6.2164029000000003E-02,  5.7773899999999997E-04,0
845,  1.6250000000000001E-01,25,  8.1250000000000000E-01,  8.1250000000000000E-01,5,  1.6001434303808096E-01,66,17,500,489,11,  4.1996764127441727E-01,  1.0000000000000000E+00,  9.7799999999999998E-01,  5.9151719950110604E-01,  5.9884725999999999E-02,  5.2872300000000004E-04,0
846,  1.6250000000000001E-01,25,  8.1250000000000000E-01,  1.0000000000000000E+00,1,  1.6001434303808096E-01,66,12,489,489,0,  5.9518390788195907E-01,  9.7799999999999998E-01,  9.7799999999999998E-01,  7.4001502175578060E-01,  6.5471921000000002E-02,  6.9848100000000004E-04,0
847,  1.6250000000000001E-01,25,  8.1250000000000000E-01,  1.0000000000000000E+00,2,  1.6001434303808096E-01,66,13,490,489,1,  5.7961341608600636E-01,  9.7999999999999998E-01,  9.7799999999999998E-01,  7.2841274883334584E-01,  6.1087282999999999E-02,  5.0556799999999997E-04,0
848,  1.6250000000000001E-01,25,  8.1250000000000000E-01,  1.0000000000000000E+00,3,  1.6001434303808096E-01,66,15,494,489,5,  4.4038328282860900E-01,  9.8799999999999999E-01,  9.7799999999999998E-01,  6.0921839210137685E-01,  6.4289389000000002E-02,  4.9411300000000002E-04,0
849,  1.6250000000000001E-01,25,  8.1250000000000000E-01,  1.0000000000000000E+00,4,  1.6001434303808096E-01,66,17,500,489,11,  4.1996764127441727E-01,  1.0000000000000000E+00,  9.7799999999999998E-01,  5.9151719950110604E-01,  6.1388627000000001E-02,  5.1208700000000005E-04,0
850,  1.6250000000000001E-01,25,  8.1250000000000000E-01,  1.0000000000000000E+00,5,  1.6001434303808096E-01,66,17,500,489,11,  4.1996764127441727E-01,  1.0000000000000000E+00,  9.7799999999999998E-01,  5.9151719950110604E-01,  6.5795312999999994E-02,  6.2464400000000005E-04,0
851,  1.6250000000000001E-01,25,  1.0000000000000000E+00,  2.5000000000000000E-01,1,  1.6001434303808096E-01,66,4,499,499,0,  9.1043450668009407E-01,  9.9800000000000000E-01,  9.9800000000000000E-01,  9.5220835138571769E-01,  7.1565719999999999E-02,  5.1736600000000001E-04,0
852,  1.6250000000000001E-01,25,  1.0000000000000000E+00,  2.5000000000000000E-01,2,  1.6001434303808096E-01,66,6,501,499,2,  7.5157212199445755E-01,  1.0020000000000000E+00,  9.9800000000000000E-01,  8.5890424099799489E-01,  7.0634554000000002E-02,  4.9642100000000004E-04,0
853,  1.6250000000000001E-01,25,  1.0000000000000000E+00,  2.5000000000000000E-01,3,  1.6001434303808096E-01,66,7,503,499,4,  7.2730793024667395E-01,  1.0060000000000000E+00,  9.9800000000000000E-01,  8.4424903972374588E-01,  6.4968919000000000E-02,  5.3522499999999996E-04,0
854,  1.6250000000000001E-01,25,  1.0000000000000000E+00,  2.5000000000000000E-01,4,  1.6001434303808096E-01,66,10,512,499,13,  6.5124653838894686E-01,  1.0240000000000000E+00,  9.9800000000000000E-01,  7.9615321091975422E-01,  6.4687716000000006E-02,  5.3031599999999997E-04,0
855,  1.6250000000000001E-01,25,  1.0000000000000000E+00,  2.5000000000000000E-01,5,  1.6001434303808096E-01,66,12,520,499,21,  6.1027541469970936E-01,  1.0400000000000000E+00,  9.9800000000000000E-01,  7.6918849500425701E-01,  6.3139793000000000E-02,  4.9502599999999997E-04,0
856,  1.6250000000000001E-01,25,  1.0000000000000000E+00,  4.3750000000000000E-01,1,  1.6001434303808096E-01,66,4,499,499,0,  9.1043450668009407E-01,  9.9800000000000000E-01,  9.9800000000000000E-01,  9.5220835138571769E-01,  7.2632126000000005E-02,  5.4752900000000005E-04,0
857,  1.6250000000000001E-01,25,  1.0000000000000000E+00,  4.3750000000000000E-01,2,  1.6001434303808096E-01,66,6,501,499,2,  7.5157212199445755E-01,  1.0020000000000000E+00,  9.9800000000000000E-01,  8.5890424099799489E-01,  7.0053494999999993E-02,  5.1969099999999997E-04,0
858,  1.6250000000000001E-01,25,  1.0000000000000000E+00,  4.3750000000000000E-01,3,  1.6001434303808096E-01,66,7,503,499,4,  7.2730793024667395E-01,  1.0060000000000000E+00,  9.9800000000000000E-01,  8.4424903972374588E-01,  6.3399226000000003E-02,  5.1522899999999997E-04,0
859,  1.6250000000000001E-01,25,  1.0000000000000000E+00,  4.3750000000000000E-01,4,  1.6001434303808096E-01,66,10,512,499,13,  6.5124653838894686E-01,  1.0240000000000000E+00,  9.9800000000000000E-01,  7.9615321091975422E-01,  6.4028006999999998E-02,  4.8936699999999999E-04,0
860,  1.6250000000000001E-01,25,  1.0000000000000000E+00,  4.3750000000000000E-01,5,  1.6001434303808096E-01,66,12,520,499,21,  6.1027541469970936E-01,  1.0400000000000000E+00,  9.9800000000000000E-01,  7.6918849500425701E-01,  5.9944282000000002E-02,  5.2931099999999997E-04,0
861,  1.6250000000000001E-01,25,  1.0000000000000000E+00,  6.2500000000000000E-01,1,  1.6001434303808096E-01,66,4,499,499,0,  9.1043450668009407E-01,  9.9800000000000000E-01,  9.9800000000000000E-01,  9.5220835138571769E-01,  5.9995558999999997E-02,  4.7636800000000002E-04,0
862,  1.6250000000000001E-01,25,  1.0000000000000000E+00,  6.2500000000000000E-01,2,  1.6001434303808096E-01,66,6,501,499,2,  7.5157212199445755E-01,  1.0020000000000000E+00,  9.9800000000000000E-01,  8.5890424099799489E-01,  6.3071026000000002E-02,  5.2663199999999997E-04,0
863,  1.6250000000000001E-01,25,  1.0000000000000000E+00,  6.2500000000000000E-01,3,  1.6001434303808096E-01,66,7,503,499,4,  7.2730793024667395E-01,  1.0060000000000000E+00,  9.9800000000000000E-01,  8.4424903972374588E-01,  6.1129048999999998E-02,  4.7948000000000001E-04,0
864,  1.6250000000000001E-01,25,  1.0000000000000000E+00,  6.2500000000000000E-01,4,  1.6001434303808096E-01,66,10,512,499,13,  6.5124653838894686E-01,  1.0240000000000000E+00,  9.9800000000000000E-01,  7.9615321091975422E-01,  5.9688430000000001E-02,  4.8989100000000000E-04,0
865,  1.6250000000000001E-01,25,  1.0000000000000000E+00,  6.2500000000000000E-01,5,  1.6001434303808096E-01,66,12,520,499,21,  6.1027541469970936E-01,  1.0400000000000000E+00,  9.9800000000000000E-01,  7.6918849500425701E-01,  6.5814788999999999E-02,  6.3774000000000003E-04,0
866,  1.6250000000000001E-01,25,  1.0000000000000000E+00,  8.1250000000000000E-01,1,  1.6001434303808096E-01,66,4,499,499,0,  9.1043450668009407E-01,  9.9800000000000000E-01,  9.9800000000000000E-01,  9.5220835138571769E-01,  7.1357199999999996E-02,  7.3414200000000002E-04,0
867,  1.6250000000000001E-01,25,  1.0000000000000000E+00,  8.1250000000000000E-01,2,  1.6001434303808096E-01,66,6,501,499,2,  7.5157212199445755E-01,  1.0020000000000000E+00,  9.9800000000000000E-01,  8.5890424099799489E-01,  6.8538474000000002E-02,  5.3950799999999996E-04,0
868,  1.6250000000000001E-01,25,  1.0000000000000000E+00,  8.1250000000000000E-01,3,  1.6001434303808096E-01,66,7,503,499,4,  7.2730793024667395E-01,  1.0060000000000000E+00,  9.9800000000000000E-01,  8.4424903972374588E-01,  6.5142370000000005E-02,  5.0900600000000000E-04,0
869,  1.6250000000000001E-01,25,  1.0000000000000000E+00,  8.1250000000000000E-01,4,  1.6001434303808096E-01,66,10,512,499,13,  6.5124653838894686E-01,  1.0240000000000000E+00,  9.9800000000000000E-01,  7.9615321091975422E-01,  6.1515049000000002E-02,  5.3022599999999996E-04,0
870,  1.6250000000000001E-01,25,  1.0000000000000000E+00,  8.1250000000000000E-01,5,  1.6001434303808096E-01,66,12,520,499,21,  6.1027541469970936E-01,  1.0400000000000000E+00,  9.9800000000000000E-01,  7.6918849500425701E-01,  6.0768571000000000E-02,  6.4773700000000001E-04,0
871,  1.6250000000000001E-01,25,  1.0000000000000000E+00,  1.0000000000000000E+00,1,  1.6001434303808096E-01,66,4,499,499,0,  9.1043450668009407E-01,  9.9800000000000000E-01,  9.9800000000000000E-01,  9.5220835138571769E-01,  5.9730422999999998E-02,  4.6235800000000001E-04,0
872,  1.6250000000000001E-01,25,  1.0000000000000000E+00,  1.0000000000000000E+00,2,  1.6001434303808096E-01,66,6,501,499,2,  7.5157212199445755E-01,  1.0020000000000000E+00,  9.9800000000000000E-01,  8.5890424099799489E-01,  6.1304984999999999E-02,  4.6568899999999998E-04,0
873,  1.6250000000000001E-01,25,  1.0000000000000000E+00,  1.0000000000000000E+00,3,  1.6001434303808096E-01,66,7,503,499,4,  7.2730793024667395E-01,  1.0060000000000000E+00,  9.9800000000000000E-01,  8.4424903972374588E-01,  5.9530993999999997E-02,  4.9139200000000000E-04,0
874,  1.6250000000000001E-01,25,  1.0000000000000000E+00,  1.0000000000000000E+00,4,  1.6001434303808096E-01,66,10,512,499,13,  6.5124653838894686E-01,  1.0240000000000000E+00,  9.9800000000000000E-01,  7.9615321091975422E-01,  5.9514379999999999E-02,  4.7921500000000001E-04,0
875,  1.6250000000000001E-01,25,  1.0000000000000000E+00,  1.0000000000000000E+00,5,  1.6001434303808096E-01,66,12,520,499,21,  6.1027541469970936E-01,  1.0400000000000000E+00,  9.9800000000000000E-01,  7.6918849500425701E-01,  6.1490357000000002E-02,  4.8384500000000000E-04,0
876,  1.6250000000000001E-01,35,  2.5000000000000000E-01,  2.5000000000000000E-01,1,  1.6001434303808096E-01,46,20,376,376,0,  2.5769979420421457E-01,  7.5200000000000000E-01,  7.5200000000000000E-01,  3.8385715507509499E-01,  3.5723786000000000E-02,  3.8751200000000001E-04,0
877,  1.6250000000000001E-01,35,  2.5000000000000000E-01,  2.5000000000000000E-01,2,  1.6001434303808096E-01,46,20,376,376,0,  2.5769979420421457E-01,  7.5200000000000000E-01,  7.5200000000000000E-01,  3.8385715507509499E-01,  4.7509576999999997E-02,  3.9214000000000002E-04,0
878,  1.6250000000000001E-01,35,  2.5000000000000000E-01,  2.5000000000000000E-01,3,  1.6001434303808096E-01,46,21,378,376,2,  2.3835530395755067E-01,  7.5600000000000001E-01,  7.5200000000000000E-01,  3.6243907801310615E-01,  3.9827116000000003E-02,  3.9561799999999998E-04,0
879,  1.6250000000000001E-01,35,  2.5000000000000000E-01,  2.5000000000000000E-01,4,  1.6001434303808096E-01,46,22,381,376,5,  2.2788695608971077E-01,  7.6200000000000001E-01,  7.5200000000000000E-01,  3.5084786090387110E-01,  3.5924962999999997E-02,  3.8095400000000003E-04,0
880,  1.6250000000000001E-01,35,  2.5000000000000000E-01,  2.5000000000000000E-01,5,  1.6001434303808096E-01,46,22,381,376,5,  2.2788695608971077E-01,  7.6200000000000001E-01,  7.5200000000000000E-01,  3.5084786090387110E-01,  3.4455726999999998E-02,  3.8088000000000000E-04,0
881,  1.6250000000000001E-01,35,  2.5000000000000000E-01,  4.3750000000000000E-01,1,  1.6001434303808096E-01,46,20,376,376,0,  2.5769979420421457E-01,  7.5200000000000000E-01,  7.5200000000000000E-01,  3.8385715507509499E-01,  3.4651970999999997E-02,  3.6911000000000002E-04,0
882,  1.6250000000000001E-01,35,  2.5000000000000000E-01,  4.3750000000000000E-01,2,  1.6001434303808096E-01,46,20,376,376,0,  2.5769979420421457E-01,  7.5200000000000000E-01,  7.5200000000000000E-01,  3.8385715507509499E-01,  3.5668005000000003E-02,  3.9319799999999999E-04,0
883,  1.6250000000000001E-01,35,  2.5000000000000000E-01,  4.3750000000000000E-01,3,  1.6001434303808096E-01,46,21,378,376,2,  2.3835530395755067E-01,  7.5600000000000001E-01,  7.5200000000000000E-01,  3.6243907801310615E-01,  3.6045285000000003E-02,  3.7848899999999997E-04,0
884,  1.6250000000000001E-01,35,  2.5000000000000000E-01,  4.3750000000000000E-01,4,  1.6001434303808096E-01,46,22,381,376,5,  2.2788695608971077E-01,  7.6200000000000001E-01,  7.5200000000000000E-01,  3.5084786090387110E-01,  3.6301765999999999E-02,  3.7310199999999999E-04,0
885,  1.6250000000000001E-01,35,  2.5000000000000000E-01,  4.3750000000000000E-01,5,  1.6001434303808096E-01,46,22,381,376,5,  2.2788695608971077E-01,  7.6200000000000001E-01,  7.5200000000000000E-01,  3.5084786090387110E-01,  3.4004824000000003E-02,  3.7131300000000001E-04,0
886,  1.6250000000000001E-01,35,  2.5000000000000000E-01,  6.2500000000000000E-01,1,  1.6001434303808096E-01,46,20,376,376,0,  2.5769979420421457E-01,  7.5200000000000000E-01,  7.5200000000000000E-01,  3.8385715507509499E-01,  3.7610769000000002E-02,  3.7719799999999998E-04,0
887,  1.6250000000000001E-01,35,  2.5000000000000000E-01,  6.2500000000000000E-01,2,  1.6001434303808096E-01,46,20,376,376,0,  2.5769979420421457E-01,  7.5200000000000000E-01,  7.5200000000000000E-01,  3.8385715507509499E-01,  3.5036617999999999E-02,  3.7763299999999999E-04,0
888,  1.6250000000000001E-01,35,  2.5000000000000000E-01,  6.2500000000000000E-01,3,  1.6001434303808096E-01,46,21,378,376,2,  2.3835530395755067E-01,  7.5600000000000001E-01,  7.5200000000000000E-01,  3.6243907801310615E-01,  3.5985577999999997E-02,  4.1474799999999999E-04,0
889,  1.6250000000000001E-01,35,  2.5000000000000000E-01,  6.2500000000000000E-01,4,  1.6001434303808096E-01,46,22,381,376,5,  2.2788695608971077E-01,  7.6200000000000001E-01,  7.5200000000000000E-01,  3.5084786090387110E-01,  3.5147020000000001E-02,  3.8172199999999997E-04,0
890,  1.6250000000000001E-01,35,  2.5000000000000000E-01,  6.2500000000000000E-01,5,  1.6001434303808096E-01,46,22,381,376,5,  2.2788695608971077E-01,  7.6200000000000001E-01,  7.5200000000000000E-01,  3.5084786090387110E-01,  3.4939229000000002E-02,  4.1092300000000000E-04,0
891,  1.6250000000000001E-01,35,  2.5000000000000000E-01,  8.1250000000000000E-01,1,  1.6001434303808096E-01,46,20,376,376,0,  2.5769979420421457E-01,  7.5200000000000000E-01,  7.5200000000000000E-01,  3.8385715507509499E-01,  3.5761459000000002E-02,  3.6609799999999998E-04,0
892,  1.6250000000000001E-01,35,  2.5000000000000000E-01,  8.1250000000000000E-01,2,  1.6001434303808096E-01,46,20,376,376,0,  2.5769979420421457E-01,  7.5200000000000000E-01,  7.5200000000000000E-01,  3.8385715507509499E-01,  3.4879205000000003E-02,  3.7108800000000000E-04,0
893,  1.6250000000000001E-01,35,  2.5000000000000000E-01,  8.1250000000000000E-01,3,  1.6001434303808096E-01,46,21,378,376,2,  2.3835530395755067E-01,  7.5600000000000001E-01,  7.5200000000000000E-01,  3.6243907801310615E-01,  3.4296917000000003E-02,  3.8507999999999999E-04,0
894,  1.6250000000000001E-01,35,  2.5000000000000000E-01,  8.1250000000000000E-01,4,  1.6001434303808096E-01,46,22,381,376,5,  2.2788695608971077E-01,  7.6200000000000001E-01,  7.5200000000000000E-01,  3.5084786090387110E-01,  3.8401826999999999E-02,  3.8983300000000002E-04,0
895,  1.6250000000000001E-01,35,  2.5000000000000000E-01,  8.1250000000000000E-01,5,  1.6001434303808096E-01,46,22,381,376,5,  2.2788695608971077E-01,  7.6200000000000001E-01,  7.5200000000000000E-01,  3.5084786090387110E-01,  3.4340940000000000E-02,  3.8919200000000001E-04,0
896,  1.6250000000000001E-01,35,  2.5000000000000000E-01,  1.0000000000000000E+00,1,  1.6001434303808096E-01,46,20,376,376,0,  2.5769979420421457E-01,  7.5200000000000000E-01,  7.5200000000000000E-01,  3.8385715507509499E-01,  3.8317439000000002E-02,  4.1323299999999999E-04,0
897,  1.6250000000000001E-01,35,  2.5000000000000000E-01,  1.0000000000000000E+00,2,  1.6001434303808096E-01,46,20,376,376,0,  2.5769979420421457E-01,  7.5200000000000000E-01,  7.5200000000000000E-01,  3.8385715507509499E-01,  4.0068722000000001E-02,  3.8017900000000002E-04,0
898,  1.6250000000000001E-01,35,  2.5000000000000000E-01,  1.0000000000000000E+00,3,  1.6001434303808096E-01,46,21,378,376,2,  2.3835530395755067E-01,  7.5600000000000001E-01,  7.5200000000000000E-01,  3.6243907801310615E-01,  3.4411083000000002E-02,  3.7921899999999998E-04,0
899,  1.6250000000000001E-01,35,  2.5000000000000000E-01,  1.0000000000000000E+00,4,  1.6001434303808096E-01,46,22,381,376,5,  2.2788695608971077E-01,  7.6200000000000001E-01,  7.5200000000000000E-01,  3.5084786090387110E-01,  3.4285292000000002E-02,  3.8153999999999998E-04,0
900,  1.6250000000000001E-01,35,  2.5000000000000000E-01,  1.0000000000000000E+00,5,  1.6001434303808096E-01,46,22,381,376,5,  2.2788695608971077E-01,  7.6200000000000001E-01,  7.5200000000000000E-01,  3.5084786090387110E-01,  3.5146243000000001E-02,  3.8125799999999999E-04,0
901,  1.6250000000000001E-01,35,  4.3750000000000000E-01,  2.5000000000000000E-01,1,  1.6001434303808096E-01,46,19,432,432,0,  3.1553652745265254E-01,  8.6399999999999999E-01,  8.6399999999999999E-01,  4.6225539162887025E-01,  3.6806616000000000E-02,  4.2246699999999999E-04,0
902,  1.6250000000000001E-01,35,  4.3750000000000000E-01,  2.5000000000000000E-01,2,  1.6001434303808096E-01,46,19,432,432,0,  3.1553652745265254E-01,  8.6399999999999999E-01,  8.6399999999999999E-01,  4.6225539162887025E-01,  3.5978985999999998E-02,  4.2723700000000002E-04,0
903,  1.6250000000000001E-01,35,  4.3750000000000000E-01,  2.5000000000000000E-01,3,  1.6001434303808096E-01,46,19,432,432,0,  3.1553652745265254E-01,  8.6399999999999999E-01,  8.6399999999999999E-01,  4.6225539162887025E-01,  3.6040231999999998E-02,  4.6688600000000002E-04,0
904,  1.6250000000000001E-01,35,  4.3750000000000000E-01,  2.5000000000000000E-01,4,  1.6001434303808096E-01,46,19,432,432,0,  3.1553652745265254E-01,  8.6399999999999999E-01,  8.6399999999999999E-01,  4.6225539162887025E-01,  3.6481461999999999E-02,  4.1679899999999998E-04,0
905,  1.6250000000000001E-01,35,  4.3750000000000000E-01,  2.5000000000000000E-01,5,  1.6001434303808096E-01,46,19,432,432,0,  3.1553652745265254E-01,  8.6399999999999999E-01,  8.6399999999999999E-01,  4.6225539162887025E-01,  3.7798244000000002E-02,  4.3697799999999998E-04,0
906,  1.6250000000000001E-01,35,  4.3750000000000000E-01,  4.3750000000000000E-01,1,  1.6001434303808096E-01,46,19,432,432,0,  3.1553652745265254E-01,  8.6399999999999999E-01,  8.6399999999999999E-01,  4.6225539162887025E-01,  4.0279540000000003E-02,  4.4372999999999998E-04,0
907,  1.6250000000000001E-01,35,  4.3750000000000000E-01,  4.3750000000000000E-01,2,  1.6001434303808096E-01,46,19,432,432,0,  3.1553652745265254E-01,  8.6399999999999999E-01,  8.6399999999999999E-01,  4.6225539162887025E-01,  3.7192813999999998E-02,  4.2647099999999999E-04,0
908,  1.6250000000000001E-01,35,  4.3750000000000000E-01,  4.3750000000000000E-01,3,  1.6001434303808096E-01,46,19,432,432,0,  3.1553652745265254E-01,  8.6399999999999999E-01,  8.6399999999999999E-01,  4.6225539162887025E-01,  3.6320803999999998E-02,  4.1522000000000000E-04,0
909,  1.6250000000000001E-01,35,  4.3750000000000000E-01,  4.3750000000000000E-01,4,  1.6001434303808096E-01,46,19,432,432,0,  3.1553652745265254E-01,  8.6399999999999999E-01,  8.6399999999999999E-01,  4.6225539162887025E-01,  3.8123365999999999E-02,  4.3943999999999998E-04,0
910,  1.6250000000000001E-01,35,  4.3750000000000000E-01,  4.3750000000000000E-01,5,  1.6001434303808096E-01,46,19,432,432,0,  3.1553652745265254E-01,  8.6399999999999999E-01,  8.6399999999999999E-01,  4.6225539162887025E-01,  4.5550180000000003E-02,  4.2965000000000001E-04,0
911,  1.6250000000000001E-01,35,  4.3750000000000000E-01,  6.2500000000000000E-01,1,  1.6001434303808096E-01,46,19,432,432,0,  3.1553652745265254E-01,  8.6399999999999999E-01,  8.6399999999999999E-01,  4.6225539162887025E-01,  4.2477472000000002E-02,  4.3554999999999999E-04,0
912,  1.6250000000000001E-01,35,  4.3750000000000000E-01,  6.2500000000000000E-01,2,  1.6001434303808096E-01,46,19,432,432,0,  3.1553652745265254E-01,  8.6399999999999999E-01,  8.6399999999999999E-01,  4.6225539162887025E-01,  3.9039996000000000E-02,  4.2974499999999999E-04,0
913,  1.6250000000000001E-01,35,  4.3750000000000000E-01,  6.2500000000000000E-01,3,  1.6001434303808096E-01,46,19,432,432,0,  3.1553652745265254E-01,  8.6399999999999999E-01,  8.6399999999999999E-01,  4.6225539162887025E-01,  3.6482841000000002E-02,  4.2427399999999998E-04,0
914,  1.6250000000000001E-01,35,  4.3750000000000000E-01,  6.2500000000000000E-01,4,  1.6001434303808096E-01,46,19,432,432,0,  3.1553652745265254E-01,  8.6399999999999999E-01,  8.6399999999999999E-01,  4.6225539162887025E-01,  4.0782745000000002E-02,  4.3371499999999999E-04,0
915,  1.6250000000000001E-01,35,  4.3750000000000000E-01,  6.2500000000000000E-01,5,  1.6001434303808096E-01,46,19,432,432,0,  3.1553652745265254E-01,  8.6399999999999999E-01,  8.6399999999999999E-01,  4.6225539162887025E-01,  3.7143416999999998E-02,  4.3063100000000000E-04,0
916,  1.6250000000000001E-01,35,  4.3750000000000000E-01,  8.1250000000000000E-01,1,  1.6001434303808096E-01,46,19,432,432,0,  3.1553652745265254E-01,  8.6399999999999999E-01,  8.6399999999999999E-01,  4.6225539162887025E-01,  3.7582580999999997E-02,  4.3008100000000002E-04,0
917,  1.6250000000000001E-01,35,  4.3750000000000000E-01,  8.1250000000000000E-01,2,  1.6001434303808096E-01,46,19,432,432,0,  3.1553652745265254E-01,  8.6399999999999999E-01,  8.6399999999999999E-01,  4.6225539162887025E-01,  3.6517504999999999E-02,  4.4032700000000001E-04,0
918,  1.6250000000000001E-01,35,  4.3750000000000000E-01,  8.1250000000000000E-01,3,  1.6001434303808096E-01,46,19,432,432,0,  3.1553652745265254E-01,  8.6399999999999999E-01,  8.6399999999999999E-01,  4.6225539162887025E-01,  4.1007373999999999E-02,  4.3204799999999998E-04,0
919,  1.6250000000000001E-01,35,  4.3750000000000000E-01,  8.1250000000000000E-01,4,  1.6001434303808096E-01,46,19,432,432,0,  3.1553652745265254E-01,  8.6399999999999999E-01,  8.6399999999999999E-01,  4.6225539162887025E-01,  3.6581305000000001E-02,  4.4482000000000001E-04,0
920,  1.6250000000000001E-01,35,  4.3750000000000000E-01,  8.1250000000000000E-01,5,  1.6001434303808096E-01,46,19,432,432,0,  3.1553652745265254E-01,  8.6399999999999999E-01,  8.6399999999999999E-01,  4.6225539162887025E-01,  3.7041012999999998E-02,  4.5871200000000001E-04,0
921,  1.6250000000000001E-01,35,  4.3750000000000000E-01,  1.0000000000000000E+00,1,  1.6001434303808096E-01,46,19,432,432,0,  3.1553652745265254E-01,  8.6399999999999999E-01,  8.6399999999999999E-01,  4.6225539162887025E-01,  3.6970799999999998E-02,  4.2108599999999999E-04,0
922,  1.6250000000000001E-01,35,  4.3750000000000000E-01,  1.0000000000000000E+00,2,  1.6001434303808096E-01,46,19,432,432,0,  3.1553652745265254E-01,  8.6399999999999999E-01,  8.6399999999999999E-01,  4.6225539162887025E-01,  3.7084937999999998E-02,  4.4806900000000000E-04,0
923,  1.6250000000000001E-01,35,  4.3750000000000000E-01,  1.0000000000000000E+00,3,  1.6001434303808096E-01,46,19,432,432,0,  3.1553652745265254E-01,  8.6399999999999999E-01,  8.6399999999999999E-01,  4.6225539162887025E-01,  4.2804006999999998E-02,  5.0831300000000004E-04,0
924,  1.6250000000000001E-01,35,  4.3750000000000000E-01,  1.0000000000000000E+00,4,  1.6001434303808096E-01,46,19,432,432,0,  3.1553652745265254E-01,  8.6399999999999999E-01,  8.6399999999999999E-01,  4.6225539162887025E-01,  3.7519336000000000E-02,  5.1902199999999995E-04,0
925,  1.6250000000000001E-01,35,  4.3750000000000000E-01,  1.0000000000000000E+00,5,  1.6001434303808096E-01,46,19,432,432,0,  3.1553652745265254E-01,  8.6399999999999999E-01,  8.6399999999999999E-01,  4.6225539162887025E-01,  4.8810448999999999E-02,  7.7280999999999997E-04,0
926,  1.6250000000000001E-01,35,  6.2500000000000000E-01,  2.5000000000000000E-01,1,  1.6001434303808096E-01,46,15,464,464,0,  4.0760945777504654E-01,  9.2800000000000005E-01,  9.2800000000000005E-01,  5.6642542415861341E-01,  4.0830914000000003E-02,  4.7719499999999997E-04,0
927,  1.6250000000000001E-01,35,  6.2500000000000000E-01,  2.5000000000000000E-01,2,  1.6001434303808096E-01,46,16,465,464,1,  3.9449820171624761E-01,  9.3000000000000005E-01,  9.2800000000000005E-01,  5.5399596182269362E-01,  4.2715466000000001E-02,  4.6640499999999998E-04,0
928,  1.6250000000000001E-01,35,  6.2500000000000000E-01,  2.5000000000000000E-01,3,  1.6001434303808096E-01,46,18,469,464,5,  3.6137129097086174E-01,  9.3799999999999994E-01,  9.2800000000000005E-01,  5.2173889524279105E-01,  3.9201506999999997E-02,  4.9241900000000002E-04,0
929,  1.6250000000000001E-01,35,  6.2500000000000000E-01,  2.5000000000000000E-01,4,  1.6001434303808096E-01,46,18,469,464,5,  3.6137129097086174E-01,  9.3799999999999994E-01,  9.2800000000000005E-01,  5.2173889524279105E-01,  4.8830092999999998E-02,  5.0244500000000002E-04,0
930,  1.6250000000000001E-01,35,  6.2500000000000000E-01,  2.5000000000000000E-01,5,  1.6001434303808096E-01,46,18,469,464,5,  3.6137129097086174E-01,  9.3799999999999994E-01,  9.2800000000000005E-01,  5.2173889524279105E-01,  5.5364839999999998E-02,  4.8853899999999997E-04,0
931,  1.6250000000000001E-01,35,  6.2500000000000000E-01,  4.3750000000000000E-01,1,  1.6001434303808096E-01,46,15,464,464,0,  4.0760945777504654E-01,  9.2800000000000005E-01,  9.2800000000000005E-01,  5.6642542415861341E-01,  4.4066856000000001E-02,  7.7662100000000002E-04,0
932,  1.6250000000000001E-01,35,  6.2500000000000000E-01,  4.3750000000000000E-01,2,  1.6001434303808096E-01,46,16,465,464,1,  3.9449820171624761E-01,  9.3000000000000005E-01,  9.2800000000000005E-01,  5.5399596182269362E-01,  4.8463899999999997E-02,  4.6987500000000002E-04,0
933,  1.6250000000000001E-01,35,  6.2500000000000000E-01,  4.3750000000000000E-01,3,  1.6001434303808096E-01,46,18,469,464,5,  3.6137129097086174E-01,  9.3799999999999994E-01,  9.2800000000000005E-01,  5.2173889524279105E-01,  4.2743373000000001E-02,  4.8762099999999999E-04,0
934,  1.6250000000000001E-01,35,  6.2500000000000000E-01,  4.3750000000000000E-01,4,  1.6001434303808096E-01,46,18,469,464,5,  3.6137129097086174E-01,  9.3799999999999994E-01,  9.2800000000000005E-01,  5.2173889524279105E-01,  4.1761715999999997E-02,  7.0950099999999997E-04,0
935,  1.6250000000000001E-01,35,  6.2500000000000000E-01,  4.3750000000000000E-01,5,  1.6001434303808096E-01,46,18,469,464,5,  3.6137129097086174E-01,  9.3799999999999994E-01,  9.2800000000000005E-01,  5.2173889524279105E-01,  4.1785428999999999E-02,  4.5935300000000002E-04,0
936,  1.6250000000000001E-01,35,  6.2500000000000000E-01,  6.2500000000000000E-01,1,  1.6001434303808096E-01,46,15,464,464,0,  4.0760945777504654E-01,  9.2800000000000005E-01,  9.2800000000000005E-01,  5.6642542415861341E-01,  4.4368316999999997E-02,  6.2796000000000000E-04,0
937,  1.6250000000000001E-01,35,  6.2500000000000000E-01,  6.2500000000000000E-01,2,  1.6001434303808096E-01,46,16,465,464,1,  3.9449820171624761E-01,  9.3000000000000005E-01,  9.2800000000000005E-01,  5.5399596182269362E-01,  4.5106645000000001E-02,  4.8764300000000001E-04,0
938,  1.6250000000000001E-01,35,  6.2500000000000000E-01,  6.2500000000000000E-01,3,  1.6001434303808096E-01,46,18,469,464,5,  3.6137129097086174E-01,  9.3799999999999994E-01,  9.2800000000000005E-01,  5.2173889524279105E-01,  3.8844772999999999E-02,  4.6118599999999999E-04,0
939,  1.6250000000000001E-01,35,  6.2500000000000000E-01,  6.2500000000000000E-01,4,  1.6001434303808096E-01,46,18,469,464,5,  3.6137129097086174E-01,  9.3799999999999994E-01,  9.2800000000000005E-01,  5.2173889524279105E-01,  4.3045763000000001E-02,  6.7878199999999995E-04,0
940,  1.6250000000000001E-01,35,  6.2500000000000000E-01,  6.2500000000000000E-01,5,  1.6001434303808096E-01,46,18,469,464,5,  3.6137129097086174E-01,  9.3799999999999994E-01,  9.2800000000000005E-01,  5.2173889524279105E-01,  4.7030997999999997E-02,  4.9323100000000001E-04,0
941,  1.6250000000000001E-01,35,  6.2500000000000000E-01,  8.1250000000000000E-01,1,  1.6001434303808096E-01,46,15,464,464,0,  4.0760945777504654E-01,  9.2800000000000005E-01,  9.2800000000000005E-01,  5.6642542415861341E-01,  3.8735565000000000E-02,  4.6471499999999998E-04,0
942,  1.6250000000000001E-01,35,  6.2500000000000000E-01,  8.1250000000000000E-01,2,  1.6001434303808096E-01,46,16,465,464,1,  3.9449820171624761E-01,  9.3000000000000005E-01,  9.2800000000000005E-01,  5.5399596182269362E-01,  3.9163397000000003E-02,  4.5428500000000002E-04,0
943,  1.6250000000000001E-01,35,  6.2500000000000000E-01,  8.1250000000000000E-01,3,  1.6001434303808096E-01,46,18,469,464,5,  3.6137129097086174E-01,  9.3799999999999994E-01,  9.2800000000000005E-01,  5.2173889524279105E-01,  3.9549842000000002E-02,  4.7270599999999998E-04,0
944,  1.6250000000000001E-01,35,  6.2500000000000000E-01,  8.1250000000000000E-01,4,  1.6001434303808096E-01,46,18,469,464,5,  3.6137129097086174E-01,  9.3799999999999994E-01,  9.2800000000000005E-01,  5.2173889524279105E-01,  4.1972265000000002E-02,  4.9000400000000005E-04,0
945,  1.6250000000000001E-01,35,  6.2500000000000000E-01,  8.1250000000000000E-01,5,  1.6001434303808096E-01,46,18,469,464,5,  3.6137129097086174E-01,  9.3799999999999994E-01,  9.2800000000000005E-01,  5.2173889524279105E-01,  4.1455590000000000E-02,  4.5832000000000002E-04,0
946,  1.6250000000000001E-01,35,  6.2500000000000000E-01,  1.0000000000000000E+00,1,  1.6001434303808096E-01,46,15,464,464,0,  4.0760945777504654E-01,  9.2800000000000005E-01,  9.2800000000000005E-01,  5.6642542415861341E-01,  3.9491463999999997E-02,  4.5483800000000000E-04,0
947,  1.6250000000000001E-01,35,  6.2500000000000000E-01,  1.0000000000000000E+00,2,  1.6001434303808096E-01,46,16,465,464,1,  3.9449820171624761E-01,  9.3000000000000005E-01,  9.2800000000000005E-01,  5.5399596182269362E-01,  3.9394898999999997E-02,  4.6399599999999999E-04,0
948,  1.6250000000000001E-01,35,  6.2500000000000000E-01,  1.0000000000000000E+00,3,  1.6001434303808096E-01,46,18,469,464,5,  3.6137129097086174E-01,  9.3799999999999994E-01,  9.2800000000000005E-01,  5.2173889524279105E-01,  4.3107144000000000E-02,  6.7044000000000001E-04,0
949,  1.6250000000000001E-01,35,  6.2500000000000000E-01,  1.0000000000000000E+00,4,  1.6001434303808096E-01,46,18,469,464,5,  3.6137129097086174E-01,  9.3799999999999994E-01,  9.2800000000000005E-01,  5.2173889524279105E-01,  3.9352931000000001E-02,  5.1577000000000003E-04,0
950,  1.6250000000000001E-01,35,  6.2500000000000000E-01,  1.0000000000000000E+00,5,  1.6001434303808096E-01,46,18,469,464,5,  3.6137129097086174E-01,  9.3799999999999994E-01,  9.2800000000000005E-01,  5.2173889524279105E-01,  3.8371458999999997E-02,  4.8648799999999998E-04,0
951,  1.6250000000000001E-01,35,  8.1250000000000000E-01,  2.5000000000000000E-01,1,  1.6001434303808096E-01,46,9,483,483,0,  6.3815928198420480E-01,  9.6599999999999997E-01,  9.6599999999999997E-01,  7.6857937153751021E-01,  4.0021249000000002E-02,  4.6878099999999998E-04,0
952,  1.6250000000000001E-01,35,  8.1250000000000000E-01,  2.5000000000000000E-01,2,  1.6001434303808096E-01,46,12,486,483,3,  4.9343408210811224E-01,  9.7199999999999998E-01,  9.6599999999999997E-01,  6.5457455052379676E-01,  4.2990101000000003E-02,  4.9286700000000002E-04,0
953,  1.6250000000000001E-01,35,  8.1250000000000000E-01,  2.5000000000000000E-01,3,  1.6001434303808096E-01,46,13,488,483,5,  4.6995385954014562E-01,  9.7599999999999998E-01,  9.6599999999999997E-01,  6.3442545401421557E-01,  4.3198816000000001E-02,  5.0107699999999995E-04,0
954,  1.6250000000000001E-01,35,  8.1250000000000000E-01,  2.5000000000000000E-01,4,  1.6001434303808096E-01,46,14,491,483,8,  4.5582237643629825E-01,  9.8199999999999998E-01,  9.6599999999999997E-01,  6.2263264363694681E-01,  4.2523950999999997E-02,  4.7879299999999998E-04,0
955,  1.6250000000000001E-01,35,  8.1250000000000000E-01,  2.5000000000000000E-01,5,  1.6001434303808096E-01,46,14,491,483,8,  4.5582237643629825E-01,  9.8199999999999998E-01,  9.6599999999999997E-01,  6.2263264363694681E-01,  4.4122187000000000E-02,  4.7952599999999998E-04,0
956,  1.6250000000000001E-01,35,  8.1250000000000000E-01,  4.3750000000000000E-01,1,  1.6001434303808096E-01,46,9,483,483,0,  6.3815928198420480E-01,  9.6599999999999997E-01,  9.6599999999999997E-01,  7.6857937153751021E-01,  4.1037504000000002E-02,  4.6485700000000000E-04,0
957,  1.6250000000000001E-01,35,  8.1250000000000000E-01,  4.3750000000000000E-01,2,  1.6001434303808096E-01,46,12,486,483,3,  4.9343408210811224E-01,  9.7199999999999998E-01,  9.6599999999999997E-01,  6.5457455052379676E-01,  4.3867027000000003E-02,  4.5560899999999999E-04,0
958,  1.6250000000000001E-01,35,  8.1250000000000000E-01,  4.3750000000000000E-01,3,  1.6001434303808096E-01,46,13,488,483,5,  4.6995385954014562E-01,  9.7599999999999998E-01,  9.6599999999999997E-01,  6.3442545401421557E-01,  4.6341163999999997E-02,  7.0833099999999998E-04,0
959,  1.6250000000000001E-01,35,  8.1250000000000000E-01,  4.3750000000000000E-01,4,  1.6001434303808096E-01,46,14,491,483,8,  4.5582237643629825E-01,  9.8199999999999998E-01,  9.6599999999999997E-01,  6.2263264363694681E-01,  4.2109919000000003E-02,  4.8421500000000003E-04,0
960,  1.6250000000000001E-01,35,  8.1250000000000000E-01,  4.3750000000000000E-01,5,  1.6001434303808096E-01,46,14,491,483,8,  4.5582237643629825E-01,  9.8199999999999998E-01,  9.6599999999999997E-01,  6.2263264363694681E-01,  4.1389268000000000E-02,  6.9072299999999997E-04,0
961,  1.6250000000000001E-01,35,  8.1250000000000000E-01,  6.2500000000000000E-01,1,  1.6001434303808096E-01,46,9,483,483,0,  6.3815928198420480E-01,  9.6599999999999997E-01,  9.6599999999999997E-01,  7.6857937153751021E-01,  4.0701534999999997E-02,  4.5260700000000000E-04,0
962,  1.6250000000000001E-01,35,  8.1250000000000000E-01,  6.2500000000000000E-01,2,  1.6001434303808096E-01,46,12,486,483,3,  4.9343408210811224E-01,  9.7199999999999998E-01,  9.6599999999999997E-01,  6.5457455052379676E-01,  4.5148389999999997E-02,  5.0693899999999998E-04,0
963,  1.6250000000000001E-01,35,  8.1250000000000000E-01,  6.2500000000000000E-01,3,  1.6001434303808096E-01,46,13,488,483,5,  4.6995385954014562E-01,  9.7599999999999998E-01,  9.6599999999999997E-01,  6.3442545401421557E-01,  4.2895792000000002E-02,  4.8650700000000001E-04,0
964,  1.6250000000000001E-01,35,  8.1250000000000000E-01,  6.2500000000000000E-01,4,  1.6001434303808096E-01,46,14,491,483,8,  4.5582237643629825E-01,  9.8199999999999998E-01,  9.6599999999999997E-01,  6.2263264363694681E-01,  4.4133117999999999E-02,  5.0707200000000001E-04,0
965,  1.6250000000000001E-01,35,  8.1250000000000000E-01,  6.2500000000000000E-01,5,  1.6001434303808096E-01,46,14,491,483,8,  4.5582237643629825E-01,  9.8199999999999998E-01,  9.6599999999999997E-01,  6.2263264363694681E-01,  4.7795374000000002E-02,  6.6463700000000004E-04,0
966,  1.6250000000000001E-01,35,  8.1250000000000000E-01,  8.1250000000000000E-01,1,  1.6001434303808096E-01,46,9,483,483,0,  6.3815928198420480E-01,  9.6599999999999997E-01,  9.6599999999999997E-01,  7.6857937153751021E-01,  4.3852623000000000E-02,  4.6350599999999998E-04,0
967,  1.6250000000000001E-01,35,  8.1250000000000000E-01,  8.1250000000000000E-01,2,  1.6001434303808096E-01,46,12,486,483,3,  4.9343408210811224E-01,  9.7199999999999998E-01,  9.6599999999999997E-01,  6.5457455052379676E-01,  4.0498204000000003E-02,  4.5778099999999999E-04,0
968,  1.6250000000000001E-01,35,  8.1250000000000000E-01,  8.1250000000000000E-01,3,  1.6001434303808096E-01,46,13,488,483,5,  4.6995385954014562E-01,  9.7599999999999998E-01,  9.6599999999999997E-01,  6.3442545401421557E-01,  3.9821097000000000E-02,  4.8320600000000002E-04,0
969,  1.6250000000000001E-01,35,  8.1250000000000000E-01,  8.1250000000000000E-01,4,  1.6001434303808096E-01,46,14,491,483,8,  4.5582237643629825E-01,  9.8199999999999998E-01,  9.6599999999999997E-01,  6.2263264363694681E-01,  3.9956901000000003E-02,  5.2111799999999999E-04,0
970,  1.6250000000000001E-01,35,  8.1250000000000000E-01,  8.1250000000000000E-01,5,  1.6001434303808096E-01,46,14,491,483,8,  4.5582237643629825E-01,  9.8199999999999998E-01,  9.6599999999999997E-01,  6.2263264363694681E-01,  4.0066286999999999E-02,  4.7541300000000000E-04,0
971,  1.6250000000000001E-01,35,  8.1250000000000000E-01,  1.0000000000000000E+00,1,  1.6001434303808096E-01,46,9,483,483,0,  6.3815928198420480E-01,  9.6599999999999997E-01,  9.6599999999999997E-01,  7.6857937153751021E-01,  3.9275395999999997E-02,  4.5138099999999999E-04,0
972,  1.6250000000000001E-01,35,  8.1250000000000000E-01,  1.0000000000000000E+00,2,  1.6001434303808096E-01,46,12,486,483,3,  4.9343408210811224E-01,  9.7199999999999998E-01,  9.6599999999999997E-01,  6.5457455052379676E-01,  4.5726536999999998E-02,  6.7079499999999996E-04,0
973,  1.6250000000000001E-01,35,  8.1250000000000000E-01,  1.0000000000000000E+00,3,  1.6001434303808096E-01,46,13,488,483,5,  4.6995385954014562E-01,  9.7599999999999998E-01,  9.6599999999999997E-01,  6.3442545401421557E-01,  4.7194978999999998E-02,  4.5961400000000001E-04,0
974,  1.6250000000000001E-01,35,  8.1250000000000000E-01,  1.0000000000000000E+00,4,  1.6001434303808096E-01,46,14,491,483,8,  4.5582237643629825E-01,  9.8199999999999998E-01,  9.6599999999999997E-01,  6.2263264363694681E-01,  4.1902795999999999E-02,  7.3660900000000005E-04,0
975,  1.6250000000000001E-01,35,  8.1250000000000000E-01,  1.0000000000000000E+00,5,  1.6001434303808096E-01,46,14,491,483,8,  4.5582237643629825E-01,  9.8199999999999998E-01,  9.6599999999999997E-01,  6.2263264363694681E-01,  5.2019252000000002E-02,  6.9302000000000003E-04,0
976,  1.6250000000000001E-01,35,  1.0000000000000000E+00,  2.5000000000000000E-01,1,  1.6001434303808096E-01,46,5,490,490,0,  7.6432313958585396E-01,  9.7999999999999998E-01,  9.7999999999999998E-01,  8.5882788549371292E-01,  4.2411931999999999E-02,  4.7416100000000002E-04,0
977,  1.6250000000000001E-01,35,  1.0000000000000000E+00,  2.5000000000000000E-01,2,  1.6001434303808096E-01,46,6,491,490,1,  7.3989244752804906E-01,  9.8199999999999998E-01,  9.7999999999999998E-01,  8.4392539675241074E-01,  4.1957154000000003E-02,  4.6598499999999998E-04,0
978,  1.6250000000000001E-01,35,  1.0000000000000000E+00,  2.5000000000000000E-01,3,  1.6001434303808096E-01,46,6,491,490,1,  7.3989244752804906E-01,  9.8199999999999998E-01,  9.7999999999999998E-01,  8.4392539675241074E-01,  4.0718774999999999E-02,  4.6269699999999998E-04,0
979,  1.6250000000000001E-01,35,  1.0000000000000000E+00,  2.5000000000000000E-01,4,  1.6001434303808096E-01,46,9,500,490,10,  6.4917224691353637E-01,  1.0000000000000000E+00,  9.7999999999999998E-01,  7.8727039959407163E-01,  4.1701513000000003E-02,  4.8556400000000002E-04,0
980,  1.6250000000000001E-01,35,  1.0000000000000000E+00,  2.5000000000000000E-01,5,  1.6001434303808096E-01,46,9,500,490,10,  6.4917224691353637E-01,  1.0000000000000000E+00,  9.7999999999999998E-01,  7.8727039959407163E-01,  4.3602888999999999E-02,  1.2538899999999999E-03,0
981,  1.6250000000000001E-01,35,  1.0000000000000000E+00,  4.3750000000000000E-01,1,  1.6001434303808096E-01,46,5,490,490,0,  7.6432313958585396E-01,  9.7999999999999998E-01,  9.7999999999999998E-01,  8.5882788549371292E-01,  4.7113731999999998E-02,  5.0900000000000001E-04,0
982,  1.6250000000000001E-01,35,  1.0000000000000000E+00,  4.3750000000000000E-01,2,  1.6001434303808096E-01,46,6,491,490,1,  7.3989244752804906E-01,  9.8199999999999998E-01,  9.7999999999999998E-01,  8.4392539675241074E-01,  4.2748020999999997E-02,  4.6243100000000002E-04,0
983,  1.6250000000000001E-01,35,  1.0000000000000000E+00,  4.3750000000000000E-01,3,  1.6001434303808096E-01,46,6,491,490,1,  7.3989244752804906E-01,  9.8199999999999998E-01,  9.7999999999999998E-01,  8.4392539675241074E-01,  4.0753052999999997E-02,  5.7689700000000004E-04,0
984,  1.6250000000000001E-01,35,  1.0000000000000000E+00,  4.3750000000000000E-01,4,  1.6001434303808096E-01,46,9,500,490,10,  6.4917224691353637E-01,  1.0000000000000000E+00,  9.7999999999999998E-01,  7.8727039959407163E-01,  4.6688420000000001E-02,  6.8213200000000001E-04,0
985,  1.6250000000000001E-01,35,  1.0000000000000000E+00,  4.3750000000000000E-01,5,  1.6001434303808096E-01,46,9,500,490,10,  6.4917224691353637E-01,  1.0000000000000000E+00,  9.7999999999999998E-01,  7.8727039959407163E-01,  4.4330187000000000E-02,  4.8962799999999998E-04,0
986,  1.6250000000000001E-01,35,  1.0000000000000000E+00,  6.2500000000000000E-01,1,  1.6001434303808096E-01,46,5,490,490,0,  7.6432313958585396E-01,  9.7999999999999998E-01,  9.7999999999999998E-01,  8.5882788549371292E-01,  4.1893433000000001E-02,  4.6611200000000003E-04,0
987,  1.6250000000000001E-01,35,  1.0000000000000000E+00,  6.2500000000000000E-01,2,  1.6001434303808096E-01,46,6,491,490,1,  7.3989244752804906E-01,  9.8199999999999998E-01,  9.7999999999999998E-01,  8.4392539675241074E-01,  4.1340309999999998E-02,  4.6710399999999998E-04,0
988,  1.6250000000000001E-01,35,  1.0000000000000000E+00,  6.2500000000000000E-01,3,  1.6001434303808096E-01,46,6,491,490,1,  7.3989244752804906E-01,  9.8199999999999998E-01,  9.7999999999999998E-01,  8.4392539675241074E-01,  4.1603313000000003E-02,  4.8135600000000000E-04,0
989,  1.6250000000000001E-01,35,  1.0000000000000000E+00,  6.2500000000000000E-01,4,  1.6001434303808096E-01,46,9,500,490,10,  6.4917224691353637E-01,  1.0000000000000000E+00,  9.7999999999999998E-01,  7.8727039959407163E-01,  4.1757753000000002E-02,  4.7211300000000002E-04,0
990,  1.6250000000000001E-01,35,  1.0000000000000000E+00,  6.2500000000000000E-01,5,  1.6001434303808096E-01,46,9,500,490,10,  6.4917224691353637E-01,  1.0000000000000000E+00,  9.7999999999999998E-01,  7.8727039959407163E-01,  4.1107632999999998E-02,  4.9936200000000005E-04,0
991,  1.6250000000000001E-01,35,  1.0000000000000000E+00,  8.1250000000000000E-01,1,  1.6001434303808096E-01,46,5,490,490,0,  7.6432313958585396E-01,  9.7999999999999998E-01,  9.7999999999999998E-01,  8.5882788549371292E-01,  4.1993539000000003E-02,  4.6541300000000002E-04,0
992,  1.6250000000000001E-01,35,  1.0000000000000000E+00,  8.1250000000000000E-01,2,  1.6001434303808096E-01,46,6,491,490,1,  7.3989244752804906E-01,  9.8199999999999998E-01,  9.7999999999999998E-01,  8.4392539675241074E-01,  4.7061111000000003E-02,  4.6215600000000003E-04,0
993,  1.6250000000000001E-01,35,  1.0000000000000000E+00,  8.1250000000000000E-01,3,  1.6001434303808096E-01,46,6,491,490,1,  7.3989244752804906E-01,  9.8199999999999998E-01,  9.7999999999999998E-01,  8.4392539675241074E-01,  4.6208269000000003E-02,  4.7512999999999999E-04,0
994,  1.6250000000000001E-01,35,  1.0000000000000000E+00,  8.1250000000000000E-01,4,  1.6001434303808096E-01,46,9,500,490,10,  6.4917224691353637E-01,  1.0000000000000000E+00,  9.7999999999999998E-01,  7.8727039959407163E-01,  4.4562921999999998E-02,  4.7963400000000000E-04,0
995,  1.6250000000000001E-01,35,  1.0000000000000000E+00,  8.1250000000000000E-01,5,  1.6001434303808096E-01,46,9,500,490,10,  6.4917224691353637E-01,  1.0000000000000000E+00,  9.7999999999999998E-01,  7.8727039959407163E-01,  4.6268601999999999E-02,  5.4559599999999997E-04,0
996,  1.6250000000000001E-01,35,  1.0000000000000000E+00,  1.0000000000000000E+00,1,  1.6001434303808096E-01,46,5,490,490,0,  7.6432313958585396E-01,  9.7999999999999998E-01,  9.7999999999999998E-01,  8.5882788549371292E-01,  4.3288742999999998E-02,  5.0857300000000001E-04,0
997,  1.6250000000000001E-01,35,  1.0000000000000000E+00,  1.0000000000000000E+00,2,  1.6001434303808096E-01,46,6,491,490,1,  7.3989244752804906E-01,  9.8199999999999998E-01,  9.7999999999999998E-01,  8.4392539675241074E-01,  4.1818501000000001E-02,  7.6307399999999998E-04,0
998,  1.6250000000000001E-01,35,  1.0000000000000000E+00,  1.0000000000000000E+00,3,  1.6001434303808096E-01,46,6,491,490,1,  7.3989244752804906E-01,  9.8199999999999998E-01,  9.7999999999999998E-01,  8.4392539675241074E-01,  4.2073537000000001E-02,  4.7092599999999998E-04,0
999,  1.6250000000000001E-01,35,  1.0000000000000000E+00,  1.0000000000000000E+00,4,  1.6001434303808096E-01,46,9,500,490,10,  6.4917224691353637E-01,  1.0000000000000000E+00,  9.7999999999999998E-01,  7.8727039959407163E-01,  4.3325563999999997E-02,  7.2464100000000004E-04,0
1000,  1.6250000000000001E-01,35,  1.0000000000000000E+00,  1.0000000000000000E+00,5,  1.6001434303808096E-01,46,9,500,490,10,  6.4917224691353637E-01,  1.0000000000000000E+00,  9.7999999999999998E-01,  7.8727039959407163E-01,  5.4458825000000002E-02,  6.8407699999999995E-04,0
1001,  1.6250000000000001E-01,45,  2.5000000000000000E-01,  2.5000000000000000E-01,1,  1.6001434303808096E-01,38,22,339,339,0,  2.2305019248943919E-01,  6.7800000000000005E-01,  6.7800000000000005E-01,  3.3567060252220582E-01,  3.0207240999999999E-02,  3.4324600000000001E-04,0
1002,  1.6250000000000001E-01,45,  2.5000000000000000E-01,  2.5000000000000000E-01,2,  1.6001434303808096E-01,38,23,340,339,1,  2.1248840748119571E-01,  6.8000000000000005E-01,  6.7800000000000005E-01,  3.2379606474666167E-01,  2.7912176000000000E-02,  3.5034500000000001E-04,0
1003,  1.6250000000000001E-01,45,  2.5000000000000000E-01,  2.5000000000000000E-01,3,  1.6001434303808096E-01,38,23,340,339,1,  2.1248840748119571E-01,  6.8000000000000005E-01,  6.7800000000000005E-01,  3.2379606474666167E-01,  2.7845145000000002E-02,  3.5286900000000001E-04,0
1004,  1.6250000000000001E-01,45,  2.5000000000000000E-01,  2.5000000000000000E-01,4,  1.6001434303808096E-01,38,23,340,339,1,  2.1248840748119571E-01,  6.8000000000000005E-01,  6.7800000000000005E-01,  3.2379606474666167E-01,  2.7502793000000001E-02,  3.4915400000000001E-04,0
1005,  1.6250000000000001E-01,45,  2.5000000000000000E-01,  2.5000000000000000E-01,5,  1.6001434303808096E-01,38,23,340,339,1,  2.1248840748119571E-01,  6.8000000000000005E-01,  6.7800000000000005E-01,  3.2379606474666167E-01,  2.7605096999999999E-02,  3.5862999999999997E-04,0
1006,  1.6250000000000001E-01,45,  2.5000000000000000E-01,  4.3750000000000000E-01,1,  1.6001434303808096E-01,38,22,339,339,0,  2.2305019248943919E-01,  6.7800000000000005E-01,  6.7800000000000005E-01,  3.3567060252220582E-01,  2.9836661000000000E-02,  5.1324800000000000E-04,0
1007,  1.6250000000000001E-01,45,  2.5000000000000000E-01,  4.3750000000000000E-01,2,  1.6001434303808096E-01,38,23,340,339,1,  2.1248840748119571E-01,  6.8000000000000005E-01,  6.7800000000000005E-01,  3.2379606474666167E-01,  2.9077839000000001E-02,  3.5772000000000001E-04,0
1008,  1.6250000000000001E-01,45,  2.5000000000000000E-01,  4.3750000000000000E-01,3,  1.6001434303808096E-01,38,23,340,339,1,  2.1248840748119571E-01,  6.8000000000000005E-01,  6.7800000000000005E-01,  3.2379606474666167E-01,  2.6721558999999999E-02,  3.4228600000000002E-04,0
1009,  1.6250000000000001E-01,45,  2.5000000000000000E-01,  4.3750000000000000E-01,4,  1.6001434303808096E-01,38,23,340,339,1,  2.1248840748119571E-01,  6.8000000000000005E-01,  6.7800000000000005E-01,  3.2379606474666167E-01,  2.7668076000000000E-02,  5.5736700000000002E-04,0
1010,  1.6250000000000001E-01,45,  2.5000000000000000E-01,  4.3750000000000000E-01,5,  1.6001434303808096E-01,38,23,340,339,1,  2.1248840748119571E-01,  6.8000000000000005E-01,  6.7800000000000005E-01,  3.2379606474666167E-01,  3.3201947000000002E-02,  3.5268099999999998E-04,0
1011,  1.6250000000000001E-01,45,  2.5000000000000000E-01,  6.2500000000000000E-01,1,  1.6001434303808096E-01,38,22,339,339,0,  2.2305019248943919E-01,  6.7800000000000005E-01,  6.7800000000000005E-01,  3.3567060252220582E-01,  2.7462302000000001E-02,  4.1408400000000000E-04,0
1012,  1.6250000000000001E-01,45,  2.5000000000000000E-01,  6.2500000000000000E-01,2,  1.6001434303808096E-01,38,23,340,339,1,  2.1248840748119571E-01,  6.8000000000000005E-01,  6.7800000000000005E-01,  3.2379606474666167E-01,  3.8174163999999997E-02,  6.1117200000000000E-04,0
1013,  1.6250000000000001E-01,45,  2.5000000000000000E-01,  6.2500000000000000E-01,3,  1.6001434303808096E-01,38,23,340,339,1,  2.1248840748119571E-01,  6.8000000000000005E-01,  6.7800000000000005E-01,  3.2379606474666167E-01,  3.2232864000000000E-02,  4.4557199999999998E-04,0
1014,  1.6250000000000001E-01,45,  2.5000000000000000E-01,  6.2500000000000000E-01,4,  1.6001434303808096E-01,38,23,340,339,1,  2.1248840748119571E-01,  6.8000000000000005E-01,  6.7800000000000005E-01,  3.2379606474666167E-01,  3.3749982999999997E-02,  3.6741399999999999E-04,0
1015,  1.6250000000000001E-01,45,  2.5000000000000000E-01,  6.2500000000000000E-01,5,  1.6001434303808096E-01,38,23,340,339,1,  2.1248840748119571E-01,  6.8000000000000005E-01,  6.7800000000000005E-01,  3.2379606474666167E-01,  3.2698975999999998E-02,  3.8654999999999999E-04,0
1016,  1.6250000000000001E-01,45,  2.5000000000000000E-01,  8.1250000000000000E-01,1,  1.6001434303808096E-01,38,22,339,339,0,  2.2305019248943919E-01,  6.7800000000000005E-01,  6.7800000000000005E-01,  3.3567060252220582E-01,  2.8679710000000001E-02,  3.4967199999999998E-04,0
1017,  1.6250000000000001E-01,45,  2.5000000000000000E-01,  8.1250000000000000E-01,2,  1.6001434303808096E-01,38,23,340,339,1,  2.1248840748119571E-01,  6.8000000000000005E-01,  6.7800000000000005E-01,  3.2379606474666167E-01,  2.9957834999999999E-02,  3.8185699999999999E-04,0
1018,  1.6250000000000001E-01,45,  2.5000000000000000E-01,  8.1250000000000000E-01,3,  1.6001434303808096E-01,38,23,340,339,1,  2.1248840748119571E-01,  6.8000000000000005E-01,  6.7800000000000005E-01,  3.2379606474666167E-01,  3.0286805000000000E-02,  3.5832799999999999E-04,0
1019,  1.6250000000000001E-01,45,  2.5000000000000000E-01,  8.1250000000000000E-01,4,  1.6001434303808096E-01,38,23,340,339,1,  2.1248840748119571E-01,  6.8000000000000005E-01,  6.7800000000000005E-01,  3.2379606474666167E-01,  2.9084088000000001E-02,  3.5708199999999999E-04,0
1020,  1.6250000000000001E-01,45,  2.5000000000000000E-01,  8.1250000000000000E-01,5,  1.6001434303808096E-01,38,23,340,339,1,  2.1248840748119571E-01,  6.8000000000000005E-01,  6.7800000000000005E-01,  3.2379606474666167E-01,  2.8986239000000000E-02,  3.3675900000000001E-04,0
1021,  1.6250000000000001E-01,45,  2.5000000000000000E-01,  1.0000000000000000E+00,1,  1.6001434303808096E-01,38,22,339,339,0,  2.2305019248943919E-01,  6.7800000000000005E-01,  6.7800000000000005E-01,  3.3567060252220582E-01,  2.8859569000000002E-02,  3.7031400000000001E-04,0
1022,  1.6250000000000001E-01,45,  2.5000000000000000E-01,  1.0000000000000000E+00,2,  1.6001434303808096E-01,38,23,340,339,1,  2.1248840748119571E-01,  6.8000000000000005E-01,  6.7800000000000005E-01,  3.2379606474666167E-01,  3.2094101000000000E-02,  3.5409100000000001E-04,0
1023,  1.6250000000000001E-01,45,  2.5000000000000000E-01,  1.0000000000000000E+00,3,  1.6001434303808096E-01,38,23,340,339,1,  2.1248840748119571E-01,  6.8000000000000005E-01,  6.7800000000000005E-01,  3.2379606474666167E-01,  3.0494485000000002E-02,  3.5150200000000001E-04,0
1024,  1.6250000000000001E-01,45,  2.5000000000000000E-01,  1.0000000000000000E+00,4,  1.6001434303808096E-01,38,23,340,339,1,  2.1248840748119571E-01,  6.8000000000000005E-01,  6.7800000000000005E-01,  3.2379606474666167E-01,  3.2274393999999998E-02,  3.4198099999999999E-04,0
1025,  1.6250000000000001E-01,45,  2.5000000000000000E-01,  1.0000000000000000E+00,5,  1.6001434303808096E-01,38,23,340,339,1,  2.1248840748119571E-01,  6.8000000000000005E-01,  6.7800000000000005E-01,  3.2379606474666167E-01,  3.0538248000000000E-02,  3.4233899999999999E-04,0
1026,  1.6250000000000001E-01,45,  4.3750000000000000E-01,  2.5000000000000000E-01,1,  1.6001434303808096E-01,38,17,422,422,0,  3.7450808544747177E-01,  8.4399999999999997E-01,  8.4399999999999997E-01,  5.1880628104587523E-01,  3.3843816999999998E-02,  4.2630100000000002E-04,0
1027,  1.6250000000000001E-01,45,  4.3750000000000000E-01,  2.5000000000000000E-01,2,  1.6001434303808096E-01,38,17,422,422,0,  3.7450808544747177E-01,  8.4399999999999997E-01,  8.4399999999999997E-01,  5.1880628104587523E-01,  3.0719684000000001E-02,  4.2262900000000000E-04,0
1028,  1.6250000000000001E-01,45,  4.3750000000000000E-01,  2.5000000000000000E-01,3,  1.6001434303808096E-01,38,18,424,422,2,  3.5212515669556271E-01,  8.4799999999999998E-01,  8.4399999999999997E-01,  4.9761832124244681E-01,  3.0255750000000001E-02,  4.2065100000000002E-04,0
1029,  1.6250000000000001E-01,45,  4.3750000000000000E-01,  2.5000000000000000E-01,4,  1.6001434303808096E-01,38,18,424,422,2,  3.5212515669556271E-01,  8.4799999999999998E-01,  8.4399999999999997E-01,  4.9761832124244681E-01,  3.5572315000000000E-02,  4.1918800000000003E-04,0
1030,  1.6250000000000001E-01,45,  4.3750000000000000E-01,  2.5000000000000000E-01,5,  1.6001434303808096E-01,38,18,424,422,2,  3.5212515669556271E-01,  8.4799999999999998E-01,  8.4399999999999997E-01,  4.9761832124244681E-01,  3.2545629000000000E-02,  6.4578300000000003E-04,0
1031,  1.6250000000000001E-01,45,  4.3750000000000000E-01,  4.3750000000000000E-01,1,  1.6001434303808096E-01,38,17,422,422,0,  3.7450808544747177E-01,  8.4399999999999997E-01,  8.4399999999999997E-01,  5.1880628104587523E-01,  3.6147240999999997E-02,  4.2694100000000002E-04,0
1032,  1.6250000000000001E-01,45,  4.3750000000000000E-01,  4.3750000000000000E-01,2,  1.6001434303808096E-01,38,17,422,422,0,  3.7450808544747177E-01,  8.4399999999999997E-01,  8.4399999999999997E-01,  5.1880628104587523E-01,  3.9632254999999998E-02,  4.8419499999999998E-04,0
1033,  1.6250000000000001E-01,45,  4.3750000000000000E-01,  4.3750000000000000E-01,3,  1.6001434303808096E-01,38,18,424,422,2,  3.5212515669556271E-01,  8.4799999999999998E-01,  8.4399999999999997E-01,  4.9761832124244681E-01,  3.7561971000000000E-02,  5.2201199999999998E-04,0
1034,  1.6250000000000001E-01,45,  4.3750000000000000E-01,  4.3750000000000000E-01,4,  1.6001434303808096E-01,38,18,424,422,2,  3.5212515669556271E-01,  8.4799999999999998E-01,  8.4399999999999997E-01,  4.9761832124244681E-01,  3.4114072000000002E-02,  4.7558099999999999E-04,0
1035,  1.6250000000000001E-01,45,  4.3750000000000000E-01,  4.3750000000000000E-01,5,  1.6001434303808096E-01,38,18,424,422,2,  3.5212515669556271E-01,  8.4799999999999998E-01,  8.4399999999999997E-01,  4.9761832124244681E-01,  3.5102519999999998E-02,  5.9392099999999997E-04,0
1036,  1.6250000000000001E-01,45,  4.3750000000000000E-01,  6.2500000000000000E-01,1,  1.6001434303808096E-01,38,17,422,422,0,  3.7450808544747177E-01,  8.4399999999999997E-01,  8.4399999999999997E-01,  5.1880628104587523E-01,  3.6453562000000002E-02,  5.4630900000000003E-04,0
1037,  1.6250000000000001E-01,45,  4.3750000000000000E-01,  6.2500000000000000E-01,2,  1.6001434303808096E-01,38,17,422,422,0,  3.7450808544747177E-01,  8.4399999999999997E-01,  8.4399999999999997E-01,  5.1880628104587523E-01,  3.5769552000000003E-02,  4.3848699999999999E-04,0
1038,  1.6250000000000001E-01,45,  4.3750000000000000E-01,  6.2500000000000000E-01,3,  1.6001434303808096E-01,38,18,424,422,2,  3.5212515669556271E-01,  8.4799999999999998E-01,  8.4399999999999997E-01,  4.9761832124244681E-01,  3.5540348999999999E-02,  4.4016800000000000E-04,0
1039,  1.6250000000000001E-01,45,  4.3750000000000000E-01,  6.2500000000000000E-01,4,  1.6001434303808096E-01,38,18,424,422,2,  3.5212515669556271E-01,  8.4799999999999998E-01,  8.4399999999999997E-01,  4.9761832124244681E-01,  3.5790359000000001E-02,  6.4467699999999997E-04,0
1040,  1.6250000000000001E-01,45,  4.3750000000000000E-01,  6.2500000000000000E-01,5,  1.6001434303808096E-01,38,18,424,422,2,  3.5212515669556271E-01,  8.4799999999999998E-01,  8.4399999999999997E-01,  4.9761832124244681E-01,  3.5099403000000001E-02,  6.3431600000000000E-04,0
1041,  1.6250000000000001E-01,45,  4.3750000000000000E-01,  8.1250000000000000E-01,1,  1.6001434303808096E-01,38,17,422,422,0,  3.7450808544747177E-01,  8.4399999999999997E-01,  8.4399999999999997E-01,  5.1880628104587523E-01,  3.6496455999999997E-02,  5.0396499999999999E-04,0
1042,  1.6250000000000001E-01,45,  4.3750000000000000E-01,  8.1250000000000000E-01,2,  1.6001434303808096E-01,38,17,422,422,0,  3.7450808544747177E-01,  8.4399999999999997E-01,  8.4399999999999997E-01,  5.1880628104587523E-01,  3.2643054999999997E-02,  5.4517200000000002E-04,0
1043,  1.6250000000000001E-01,45,  4.3750000000000000E-01,  8.1250000000000000E-01,3,  1.6001434303808096E-01,38,18,424,422,2,  3.5212515669556271E-01,  8.4799999999999998E-01,  8.4399999999999997E-01,  4.9761832124244681E-01,  3.2798810999999997E-02,  4.2060200000000001E-04,0
1044,  1.6250000000000001E-01,45,  4.3750000000000000E-01,  8.1250000000000000E-01,4,  1.6001434303808096E-01,38,18,424,422,2,  3.5212515669556271E-01,  8.4799999999999998E-01,  8.4399999999999997E-01,  4.9761832124244681E-01,  3.5516869999999999E-02,  6.2137000000000000E-04,0
1045,  1.6250000000000001E-01,45,  4.3750000000000000E-01,  8.1250000000000000E-01,5,  1.6001434303808096E-01,38,18,424,422,2,  3.5212515669556271E-01,  8.4799999999999998E-01,  8.4399999999999997E-01,  4.9761832124244681E-01,  3.8379128999999998E-02,  4.3325200000000002E-04,0
1046,  1.6250000000000001E-01,45,  4.3750000000000000E-01,  1.0000000000000000E+00,1,  1.6001434303808096E-01,38,17,422,422,0,  3.7450808544747177E-01,  8.4399999999999997E-01,  8.4399999999999997E-01,  5.1880628104587523E-01,  3.0592573000000001E-02,  4.1626300000000000E-04,0
1047,  1.6250000000000001E-01,45,  4.3750000000000000E-01,  1.0000000000000000E+00,2,  1.6001434303808096E-01,38,17,422,422,0,  3.7450808544747177E-01,  8.4399999999999997E-01,  8.4399999999999997E-01,  5.1880628104587523E-01,  2.9978909000000002E-02,  4.1762899999999998E-04,0
1048,  1.6250000000000001E-01,45,  4.3750000000000000E-01,  1.0000000000000000E+00,3,  1.6001434303808096E-01,38,18,424,422,2,  3.5212515669556271E-01,  8.4799999999999998E-01,  8.4399999999999997E-01,  4.9761832124244681E-01,  3.2175842000000003E-02,  4.2357300000000001E-04,0
1049,  1.6250000000000001E-01,45,  4.3750000000000000E-01,  1.0000000000000000E+00,4,  1.6001434303808096E-01,38,18,424,422,2,  3.5212515669556271E-01,  8.4799999999999998E-01,  8.4399999999999997E-01,  4.9761832124244681E-01,  3.3714590000000003E-02,  6.8837399999999995E-04,0
1050,  1.6250000000000001E-01,45,  4.3750000000000000E-01,  1.0000000000000000E+00,5,  1.6001434303808096E-01,38,18,424,422,2,  3.5212515669556271E-01,  8.4799999999999998E-01,  8.4399999999999997E-01,  4.9761832124244681E-01,  3.5514808000000002E-02,  4.6825600000000001E-04,0
1051,  1.6250000000000001E-01,45,  6.2500000000000000E-01,  2.5000000000000000E-01,1,  1.6001434303808096E-01,38,13,453,453,0,  5.0683499359303918E-01,  9.0600000000000003E-01,  9.0600000000000003E-01,  6.5002991329865356E-01,  4.2300994000000001E-02,  7.6528299999999996E-04,0
1052,  1.6250000000000001E-01,45,  6.2500000000000000E-01,  2.5000000000000000E-01,2,  1.6001434303808096E-01,38,14,454,453,1,  4.9254791138675402E-01,  9.0800000000000003E-01,  9.0600000000000003E-01,  6.3865505764289621E-01,  3.7046232999999998E-02,  7.4179800000000000E-04,0
1053,  1.6250000000000001E-01,45,  6.2500000000000000E-01,  2.5000000000000000E-01,3,  1.6001434303808096E-01,38,14,454,453,1,  4.9254791138675402E-01,  9.0800000000000003E-01,  9.0600000000000003E-01,  6.3865505764289621E-01,  3.7098045000000003E-02,  4.4907100000000000E-04,0
1054,  1.6250000000000001E-01,45,  6.2500000000000000E-01,  2.5000000000000000E-01,4,  1.6001434303808096E-01,38,16,460,453,7,  4.1019113694128939E-01,  9.2000000000000004E-01,  9.0600000000000003E-01,  5.6740093285201687E-01,  3.7262536999999998E-02,  4.6516800000000002E-04,0
1055,  1.6250000000000001E-01,45,  6.2500000000000000E-01,  2.5000000000000000E-01,5,  1.6001434303808096E-01,38,16,460,453,7,  4.1019113694128939E-01,  9.2000000000000004E-01,  9.0600000000000003E-01,  5.6740093285201687E-01,  3.8278037000000001E-02,  6.2907999999999996E-04,0
1056,  1.6250000000000001E-01,45,  6.2500000000000000E-01,  4.3750000000000000E-01,1,  1.6001434303808096E-01,38,13,453,453,0,  5.0683499359303918E-01,  9.0600000000000003E-01,  9.0600000000000003E-01,  6.5002991329865356E-01,  3.5030642000000001E-02,  6.0767500000000001E-04,0
1057,  1.6250000000000001E-01,45,  6.2500000000000000E-01,  4.3750000000000000E-01,2,  1.6001434303808096E-01,38,14,454,453,1,  4.9254791138675402E-01,  9.0800000000000003E-01,  9.0600000000000003E-01,  6.3865505764289621E-01,  3.4530047000000001E-02,  4.4072099999999998E-04,0
1058,  1.6250000000000001E-01,45,  6.2500000000000000E-01,  4.3750000000000000E-01,3,  1.6001434303808096E-01,38,14,454,453,1,  4.9254791138675402E-01,  9.0800000000000003E-01,  9.0600000000000003E-01,  6.3865505764289621E-01,  3.2455678000000002E-02,  4.4564900000000000E-04,0
1059,  1.6250000000000001E-01,45,  6.2500000000000000E-01,  4.3750000000000000E-01,4,  1.6001434303808096E-01,38,16,460,453,7,  4.1019113694128939E-01,  9.2000000000000004E-01,  9.0600000000000003E-01,  5.6740093285201687E-01,  3.3267446999999999E-02,  4.2766800000000003E-04,0
1060,  1.6250000000000001E-01,45,  6.2500000000000000E-01,  4.3750000000000000E-01,5,  1.6001434303808096E-01,38,16,460,453,7,  4.1019113694128939E-01,  9.2000000000000004E-01,  9.0600000000000003E-01,  5.6740093285201687E-01,  3.5543661999999997E-02,  4.6570699999999999E-04,0
1061,  1.6250000000000001E-01,45,  6.2500000000000000E-01,  6.2500000000000000E-01,1,  1.6001434303808096E-01,38,13,453,453,0,  5.0683499359303918E-01,  9.0600000000000003E-01,  9.0600000000000003E-01,  6.5002991329865356E-01,  3.4753427000000003E-02,  4.4684100000000001E-04,0
1062,  1.6250000000000001E-01,45,  6.2500000000000000E-01,  6.2500000000000000E-01,2,  1.6001434303808096E-01,38,14,454,453,1,  4.9254791138675402E-01,  9.0800000000000003E-01,  9.0600000000000003E-01,  6.3865505764289621E-01,  3.3924256000000000E-02,  4.4290699999999998E-04,0
1063,  1.6250000000000001E-01,45,  6.2500000000000000E-01,  6.2500000000000000E-01,3,  1.6001434303808096E-01,38,14,454,453,1,  4.9254791138675402E-01,  9.0800000000000003E-01,  9.0600000000000003E-01,  6.3865505764289621E-01,  3.3831088000000002E-02,  4.2595500000000000E-04,0
1064,  1.6250000000000001E-01,45,  6.2500000000000000E-01,  6.2500000000000000E-01,4,  1.6001434303808096E-01,38,16,460,453,7,  4.1019113694128939E-01,  9.2000000000000004E-01,  9.0600000000000003E-01,  5.6740093285201687E-01,  3.9779833000000001E-02,  4.8431400000000001E-04,0
1065,  1.6250000000000001E-01,45,  6.2500000000000000E-01,  6.2500000000000000E-01,5,  1.6001434303808096E-01,38,16,460,453,7,  4.1019113694128939E-01,  9.2000000000000004E-01,  9.0600000000000003E-01,  5.6740093285201687E-01,  3.8905044000000000E-02,  6.9565100000000004E-04,0
1066,  1.6250000000000001E-01,45,  6.2500000000000000E-01,  8.1250000000000000E-01,1,  1.6001434303808096E-01,38,13,453,453,0,  5.0683499359303918E-01,  9.0600000000000003E-01,  9.0600000000000003E-01,  6.5002991329865356E-01,  3.7195831999999998E-02,  6.0125300000000005E-04,0
1067,  1.6250000000000001E-01,45,  6.2500000000000000E-01,  8.1250000000000000E-01,2,  1.6001434303808096E-01,38,14,454,453,1,  4.9254791138675402E-01,  9.0800000000000003E-01,  9.0600000000000003E-01,  6.3865505764289621E-01,  4.1468156999999999E-02,  4.7101400000000001E-04,0
1068,  1.6250000000000001E-01,45,  6.2500000000000000E-01,  8.1250000000000000E-01,3,  1.6001434303808096E-01,38,14,454,453,1,  4.9254791138675402E-01,  9.0800000000000003E-01,  9.0600000000000003E-01,  6.3865505764289621E-01,  3.4733154000000002E-02,  4.4599100000000002E-04,0
1069,  1.6250000000000001E-01,45,  6.2500000000000000E-01,  8.1250000000000000E-01,4,  1.6001434303808096E-01,38,16,460,453,7,  4.1019113694128939E-01,  9.2000000000000004E-01,  9.0600000000000003E-01,  5.6740093285201687E-01,  3.6126696000000000E-02,  7.6553299999999999E-04,0
1070,  1.6250000000000001E-01,45,  6.2500000000000000E-01,  8.1250000000000000E-01,5,  1.6001434303808096E-01,38,16,460,453,7,  4.1019113694128939E-01,  9.2000000000000004E-01,  9.0600000000000003E-01,  5.6740093285201687E-01,  4.0922202999999997E-02,  6.5952100000000004E-04,0
1071,  1.6250000000000001E-01,45,  6.2500000000000000E-01,  1.0000000000000000E+00,1,  1.6001434303808096E-01,38,13,453,453,0,  5.0683499359303918E-01,  9.0600000000000003E-01,  9.0600000000000003E-01,  6.5002991329865356E-01,  3.9275607999999997E-02,  4.5537900000000001E-04,0
1072,  1.6250000000000001E-01,45,  6.2500000000000000E-01,  1.0000000000000000E+00,2,  1.6001434303808096E-01,38,14,454,453,1,  4.9254791138675402E-01,  9.0800000000000003E-01,  9.0600000000000003E-01,  6.3865505764289621E-01,  3.9075798000000002E-02,  6.4374899999999999E-04,0
1073,  1.6250000000000001E-01,45,  6.2500000000000000E-01,  1.0000000000000000E+00,3,  1.6001434303808096E-01,38,14,454,453,1,  4.9254791138675402E-01,  9.0800000000000003E-01,  9.0600000000000003E-01,  6.3865505764289621E-01,  3.8469769000000001E-02,  6.3344100000000000E-04,0
1074,  1.6250000000000001E-01,45,  6.2500000000000000E-01,  1.0000000000000000E+00,4,  1.6001434303808096E-01,38,16,460,453,7,  4.1019113694128939E-01,  9.2000000000000004E-01,  9.0600000000000003E-01,  5.6740093285201687E-01,  4.1869983000000000E-02,  4.9043800000000005E-04,0
1075,  1.6250000000000001E-01,45,  6.2500000000000000E-01,  1.0000000000000000E+00,5,  1.6001434303808096E-01,38,16,460,453,7,  4.1019113694128939E-01,  9.2000000000000004E-01,  9.0600000000000003E-01,  5.6740093285201687E-01,  3.3918783000000001E-02,  4.9916100000000003E-04,0
1076,  1.6250000000000001E-01,45,  8.1250000000000000E-01,  2.5000000000000000E-01,1,  1.6001434303808096E-01,38,11,465,465,0,  6.4612582788822726E-01,  9.3000000000000005E-01,  9.3000000000000005E-01,  7.6249879204271842E-01,  3.4457614999999997E-02,  4.5154000000000000E-04,0
1077,  1.6250000000000001E-01,45,  8.1250000000000000E-01,  2.5000000000000000E-01,2,  1.6001434303808096E-01,38,13,467,465,2,  5.2024109116049100E-01,  9.3400000000000005E-01,  9.3000000000000005E-01,  6.6825945449821400E-01,  3.3942980999999997E-02,  4.5449100000000001E-04,0
1078,  1.6250000000000001E-01,45,  8.1250000000000000E-01,  2.5000000000000000E-01,3,  1.6001434303808096E-01,38,13,467,465,2,  5.2024109116049100E-01,  9.3400000000000005E-01,  9.3000000000000005E-01,  6.6825945449821400E-01,  3.6187443000000000E-02,  4.9359299999999996E-04,0
1079,  1.6250000000000001E-01,45,  8.1250000000000000E-01,  2.5000000000000000E-01,4,  1.6001434303808096E-01,38,14,470,465,5,  4.9829896844614791E-01,  9.3999999999999995E-01,  9.3000000000000005E-01,  6.5132638014113509E-01,  3.6748061999999998E-02,  4.5751800000000002E-04,0
1080,  1.6250000000000001E-01,45,  8.1250000000000000E-01,  2.5000000000000000E-01,5,  1.6001434303808096E-01,38,14,470,465,5,  4.9829896844614791E-01,  9.3999999999999995E-01,  9.3000000000000005E-01,  6.5132638014113509E-01,  3.9185243000000002E-02,  4.9225699999999996E-04,0
1081,  1.6250000000000001E-01,45,  8.1250000000000000E-01,  4.3750000000000000E-01,1,  1.6001434303808096E-01,38,11,465,465,0,  6.4612582788822726E-01,  9.3000000000000005E-01,  9.3000000000000005E-01,  7.6249879204271842E-01,  3.5732528000000000E-02,  4.5970800000000002E-04,0
1082,  1.6250000000000001E-01,45,  8.1250000000000000E-01,  4.3750000000000000E-01,2,  1.6001434303808096E-01,38,13,467,465,2,  5.2024109116049100E-01,  9.3400000000000005E-01,  9.3000000000000005E-01,  6.6825945449821400E-01,  3.4118065000000003E-02,  4.5331400000000002E-04,0
1083,  1.6250000000000001E-01,45,  8.1250000000000000E-01,  4.3750000000000000E-01,3,  1.6001434303808096E-01,38,13,467,465,2,  5.2024109116049100E-01,  9.3400000000000005E-01,  9.3000000000000005E-01,  6.6825945449821400E-01,  3.4956606000000001E-02,  4.5197999999999999E-04,0
1084,  1.6250000000000001E-01,45,  8.1250000000000000E-01,  4.3750000000000000E-01,4,  1.6001434303808096E-01,38,14,470,465,5,  4.9829896844614791E-01,  9.3999999999999995E-01,  9.3000000000000005E-01,  6.5132638014113509E-01,  3.4183562000000001E-02,  4.6636099999999999E-04,0
1085,  1.6250000000000001E-01,45,  8.1250000000000000E-01,  4.3750000000000000E-01,5,  1.6001434303808096E-01,38,14,470,465,5,  4.9829896844614791E-01,  9.3999999999999995E-01,  9.3000000000000005E-01,  6.5132638014113509E-01,  3.5126597000000002E-02,  6.8470700000000000E-04,0
1086,  1.6250000000000001E-01,45,  8.1250000000000000E-01,  6.2500000000000000E-01,1,  1.6001434303808096E-01,38,11,465,465,0,  6.4612582788822726E-01,  9.3000000000000005E-01,  9.3000000000000005E-01,  7.6249879204271842E-01,  3.6077781000000003E-02,  4.4776700000000001E-04,0
1087,  1.6250000000000001E-01,45,  8.1250000000000000E-01,  6.2500000000000000E-01,2,  1.6001434303808096E-01,38,13,467,465,2,  5.2024109116049100E-01,  9.3400000000000005E-01,  9.3000000000000005E-01,  6.6825945449821400E-01,  3.4327117999999997E-02,  4.5589799999999999E-04,0
1088,  1.6250000000000001E-01,45,  8.1250000000000000E-01,  6.2500000000000000E-01,3,  1.6001434303808096E-01,38,13,467,465,2,  5.2024109116049100E-01,  9.3400000000000005E-01,  9.3000000000000005E-01,  6.6825945449821400E-01,  3.5821543999999997E-02,  4.6445800000000000E-04,0
1089,  1.6250000000000001E-01,45,  8.1250000000000000E-01,  6.2500000000000000E-01,4,  1.6001434303808096E-01,38,14,470,465,5,  4.9829896844614791E-01,  9.3999999999999995E-01,  9.3000000000000005E-01,  6.5132638014113509E-01,  4.0680148999999999E-02,  4.5161399999999998E-04,0
1090,  1.6250000000000001E-01,45,  8.1250000000000000E-01,  6.2500000000000000E-01,5,  1.6001434303808096E-01,38,14,470,465,5,  4.9829896844614791E-01,  9.3999999999999995E-01,  9.3000000000000005E-01,  6.5132638014113509E-01,  3.8286361999999997E-02,  5.5198800000000000E-04,0
1091,  1.6250000000000001E-01,45,  8.1250000000000000E-01,  8.1250000000000000E-01,1,  1.6001434303808096E-01,38,11,465,465,0,  6.4612582788822726E-01,  9.3000000000000005E-01,  9.3000000000000005E-01,  7.6249879204271842E-01,  3.8061645999999998E-02,  4.4009200000000000E-04,0
1092,  1.6250000000000001E-01,45,  8.1250000000000000E-01,  8.1250000000000000E-01,2,  1.6001434303808096E-01,38,13,467,465,2,  5.2024109116049100E-01,  9.3400000000000005E-01,  9.3000000000000005E-01,  6.6825945449821400E-01,  3.3804780000000000E-02,  4.7105200000000002E-04,0
1093,  1.6250000000000001E-01,45,  8.1250000000000000E-01,  8.1250000000000000E-01,3,  1.6001434303808096E-01,38,13,467,465,2,  5.2024109116049100E-01,  9.3400000000000005E-01,  9.3000000000000005E-01,  6.6825945449821400E-01,  3.3373856000000000E-02,  4.5228899999999998E-04,0
1094,  1.6250000000000001E-01,45,  8.1250000000000000E-01,  8.1250000000000000E-01,4,  1.6001434303808096E-01,38,14,470,465,5,  4.9829896844614791E-01,  9.3999999999999995E-01,  9.3000000000000005E-01,  6.5132638014113509E-01,  3.5713208000000003E-02,  6.9524300000000001E-04,0
1095,  1.6250000000000001E-01,45,  8.1250000000000000E-01,  8.1250000000000000E-01,5,  1.6001434303808096E-01,38,14,470,465,5,  4.9829896844614791E-01,  9.3999999999999995E-01,  9.3000000000000005E-01,  6.5132638014113509E-01,  3.6155207000000002E-02,  4.4708900000000002E-04,0
1096,  1.6250000000000001E-01,45,  8.1250000000000000E-01,  1.0000000000000000E+00,1,  1.6001434303808096E-01,38,11,465,465,0,  6.4612582788822726E-01,  9.3000000000000005E-01,  9.3000000000000005E-01,  7.6249879204271842E-01,  4.2742895000000003E-02,  6.6755999999999998E-04,0
1097,  1.6250000000000001E-01,45,  8.1250000000000000E-01,  1.0000000000000000E+00,2,  1.6001434303808096E-01,38,13,467,465,2,  5.2024109116049100E-01,  9.3400000000000005E-01,  9.3000000000000005E-01,  6.6825945449821400E-01,  3.5442655000000003E-02,  6.9113400000000004E-04,0
1098,  1.6250000000000001E-01,45,  8.1250000000000000E-01,  1.0000000000000000E+00,3,  1.6001434303808096E-01,38,13,467,465,2,  5.2024109116049100E-01,  9.3400000000000005E-01,  9.3000000000000005E-01,  6.6825945449821400E-01,  3.6822713999999999E-02,  4.7046499999999999E-04,0
1099,  1.6250000000000001E-01,45,  8.1250000000000000E-01,  1.0000000000000000E+00,4,  1.6001434303808096E-01,38,14,470,465,5,  4.9829896844614791E-01,  9.3999999999999995E-01,  9.3000000000000005E-01,  6.5132638014113509E-01,  3.6776046000000000E-02,  4.5648100000000001E-04,0
1100,  1.6250000000000001E-01,45,  8.1250000000000000E-01,  1.0000000000000000E+00,5,  1.6001434303808096E-01,38,14,470,465,5,  4.9829896844614791E-01,  9.3999999999999995E-01,  9.3000000000000005E-01,  6.5132638014113509E-01,  3.7213258999999999E-02,  4.4777499999999997E-04,0
1101,  1.6250000000000001E-01,45,  1.0000000000000000E+00,  2.5000000000000000E-01,1,  1.6001434303808096E-01,38,6,489,489,0,  8.5746825796666559E-01,  9.7799999999999998E-01,  9.7799999999999998E-01,  9.1377658278918505E-01,  3.3807684999999997E-02,  4.4320100000000000E-04,0
1102,  1.6250000000000001E-01,45,  1.0000000000000000E+00,  2.5000000000000000E-01,2,  1.6001434303808096E-01,38,6,489,489,0,  8.5746825796666559E-01,  9.7799999999999998E-01,  9.7799999999999998E-01,  9.1377658278918505E-01,  3.3590862999999999E-02,  4.6185600000000002E-04,0
1103,  1.6250000000000001E-01,45,  1.0000000000000000E+00,  2.5000000000000000E-01,3,  1.6001434303808096E-01,38,7,491,489,2,  8.2483255659217347E-01,  9.8199999999999998E-01,  9.7799999999999998E-01,  8.9658066832845884E-01,  4.4733357000000001E-02,  6.6992400000000002E-04,0
1104,  1.6250000000000001E-01,45,  1.0000000000000000E+00,  2.5000000000000000E-01,4,  1.6001434303808096E-01,38,11,503,489,14,  7.0425163451972261E-01,  1.0060000000000000E+00,  9.7799999999999998E-01,  8.2850632038810756E-01,  4.4345979000000001E-02,  5.5529300000000000E-04,0
1105,  1.6250000000000001E-01,45,  1.0000000000000000E+00,  2.5000000000000000E-01,5,  1.6001434303808096E-01,38,12,507,489,18,  6.5266530664111655E-01,  1.0140000000000000E+00,  9.7799999999999998E-01,  7.9416379317074037E-01,  3.9531561999999999E-02,  5.3808000000000003E-04,0
1106,  1.6250000000000001E-01,45,  1.0000000000000000E+00,  4.3750000000000000E-01,1,  1.6001434303808096E-01,38,6,489,489,0,  8.5746825796666559E-01,  9.7799999999999998E-01,  9.7799999999999998E-01,  9.1377658278918505E-01,  3.7797910999999997E-02,  4.6027299999999998E-04,0
1107,  1.6250000000000001E-01,45,  1.0000000000000000E+00,  4.3750000000000000E-01,2,  1.6001434303808096E-01,38,6,489,489,0,  8.5746825796666559E-01,  9.7799999999999998E-01,  9.7799999999999998E-01,  9.1377658278918505E-01,  3.8668155000000003E-02,  6.3966100000000003E-04,0
1108,  1.6250000000000001E-01,45,  1.0000000000000000E+00,  4.3750000000000000E-01,3,  1.6001434303808096E-01,38,7,491,489,2,  8.2483255659217347E-01,  9.8199999999999998E-01,  9.7799999999999998E-01,  8.9658066832845884E-01,  3.5171965999999999E-02,  4.6215600000000003E-04,0
1109,  1.6250000000000001E-01,45,  1.0000000000000000E+00,  4.3750000000000000E-01,4,  1.6001434303808096E-01,38,11,503,489,14,  7.0425163451972261E-01,  1.0060000000000000E+00,  9.7799999999999998E-01,  8.2850632038810756E-01,  3.4568900999999999E-02,  4.6812699999999999E-04,0
1110,  1.6250000000000001E-01,45,  1.0000000000000000E+00,  4.3750000000000000E-01,5,  1.6001434303808096E-01,38,12,507,489,18,  6.5266530664111655E-01,  1.0140000000000000E+00,  9.7799999999999998E-01,  7.9416379317074037E-01,  3.7264503999999997E-02,  5.0972200000000000E-04,0
1111,  1.6250000000000001E-01,45,  1.0000000000000000E+00,  6.2500000000000000E-01,1,  1.6001434303808096E-01,38,6,489,489,0,  8.5746825796666559E-01,  9.7799999999999998E-01,  9.7799999999999998E-01,  9.1377658278918505E-01,  3.3623435000000000E-02,  4.5689100000000001E-04,0
1112,  1.6250000000000001E-01,45,  1.0000000000000000E+00,  6.2500000000000000E-01,2,  1.6001434303808096E-01,38,6,489,489,0,  8.5746825796666559E-01,  9.7799999999999998E-01,  9.7799999999999998E-01,  9.1377658278918505E-01,  3.7265326000000001E-02,  4.5539000000000002E-04,0
1113,  1.6250000000000001E-01,45,  1.0000000000000000E+00,  6.2500000000000000E-01,3,  1.6001434303808096E-01,38,7,491,489,2,  8.2483255659217347E-01,  9.8199999999999998E-01,  9.7799999999999998E-01,  8.9658066832845884E-01,  3.3578812999999999E-02,  4.6081900000000001E-04,0
1114,  1.6250000000000001E-01,45,  1.0000000000000000E+00,  6.2500000000000000E-01,4,  1.6001434303808096E-01,38,11,503,489,14,  7.0425163451972261E-01,  1.0060000000000000E+00,  9.7799999999999998E-01,  8.2850632038810756E-01,  3.3669484999999999E-02,  4.7583499999999997E-04,0
1115,  1.6250000000000001E-01,45,  1.0000000000000000E+00,  6.2500000000000000E-01,5,  1.6001434303808096E-01,38,12,507,489,18,  6.5266530664111655E-01,  1.0140000000000000E+00,  9.7799999999999998E-01,  7.9416379317074037E-01,  3.9965240999999999E-02,  6.0272300000000000E-04,0
1116,  1.6250000000000001E-01,45,  1.0000000000000000E+00,  8.1250000000000000E-01,1,  1.6001434303808096E-01,38,6,489,489,0,  8.5746825796666559E-01,  9.7799999999999998E-01,  9.7799999999999998E-01,  9.1377658278918505E-01,  4.6209001999999999E-02,  5.2264399999999995E-04,0
1117,  1.6250000000000001E-01,45,  1.0000000000000000E+00,  8.1250000000000000E-01,2,  1.6001434303808096E-01,38,6,489,489,0,  8.5746825796666559E-01,  9.7799999999999998E-01,  9.7799999999999998E-01,  9.1377658278918505E-01,  3.7172416999999999E-02,  4.6725599999999999E-04,0
1118,  1.6250000000000001E-01,45,  1.0000000000000000E+00,  8.1250000000000000E-01,3,  1.6001434303808096E-01,38,7,491,489,2,  8.2483255659217347E-01,  9.8199999999999998E-01,  9.7799999999999998E-01,  8.9658066832845884E-01,  3.3628466000000003E-02,  4.6511399999999998E-04,0
1119,  1.6250000000000001E-01,45,  1.0000000000000000E+00,  8.1250000000000000E-01,4,  1.6001434303808096E-01,38,11,503,489,14,  7.0425163451972261E-01,  1.0060000000000000E+00,  9.7799999999999998E-01,  8.2850632038810756E-01,  3.3780686999999997E-02,  4.7870500000000001E-04,0
1120,  1.6250000000000001E-01,45,  1.0000000000000000E+00,  8.1250000000000000E-01,5,  1.6001434303808096E-01,38,12,507,489,18,  6.5266530664111655E-01,  1.0140000000000000E+00,  9.7799999999999998E-01,  7.9416379317074037E-01,  3.3597938000000001E-02,  4.9142900000000004E-04,0
1121,  1.6250000000000001E-01,45,  1.0000000000000000E+00,  1.0000000000000000E+00,1,  1.6001434303808096E-01,38,6,489,489,0,  8.5746825796666559E-01,  9.7799999999999998E-01,  9.7799999999999998E-01,  9.1377658278918505E-01,  3.4332381000000002E-02,  7.5322300000000002E-04,0
1122,  1.6250000000000001E-01,45,  1.0000000000000000E+00,  1.0000000000000000E+00,2,  1.6001434303808096E-01,38,6,489,489,0,  8.5746825796666559E-01,  9.7799999999999998E-01,  9.7799999999999998E-01,  9.1377658278918505E-01,  3.4229137999999999E-02,  4.5895600000000000E-04,0
1123,  1.6250000000000001E-01,45,  1.0000000000000000E+00,  1.0000000000000000E+00,3,  1.6001434303808096E-01,38,7,491,489,2,  8.2483255659217347E-01,  9.8199999999999998E-01,  9.7799999999999998E-01,  8.9658066832845884E-01,  4.2643863999999997E-02,  5.7075400000000003E-04,0
1124,  1.6250000000000001E-01,45,  1.0000000000000000E+00,  1.0000000000000000E+00,4,  1.6001434303808096E-01,38,11,503,489,14,  7.0425163451972261E-01,  1.0060000000000000E+00,  9.7799999999999998E-01,  8.2850632038810756E-01,  3.8730373999999998E-02,  4.8140699999999999E-04,0
1125,  1.6250000000000001E-01,45,  1.0000000000000000E+00,  1.0000000000000000E+00,5,  1.6001434303808096E-01,38,12,507,489,18,  6.5266530664111655E-01,  1.0140000000000000E+00,  9.7799999999999998E-01,  7.9416379317074037E-01,  3.5647718000000002E-02,  5.1072900000000002E-04,0
1126,  1.6250000000000001E-01,55,  2.5000000000000000E-01,  2.5000000000000000E-01,1,  1.6001434303808096E-01,32,18,326,326,0,  2.4048622212869972E-01,  6.5200000000000002E-01,  6.5200000000000002E-01,  3.5137128829603720E-01,  2.3705364999999999E-02,  3.4824200000000002E-04,0
1127,  1.6250000000000001E-01,55,  2.5000000000000000E-01,  2.5000000000000000E-01,2,  1.6001434303808096E-01,32,18,326,326,0,  2.4048622212869972E-01,  6.5200000000000002E-01,  6.5200000000000002E-01,  3.5137128829603720E-01,  1.7604657999999999E-02,  3.3963100000000001E-04,0
1128,  1.6250000000000001E-01,55,  2.5000000000000000E-01,  2.5000000000000000E-01,3,  1.6001434303808096E-01,32,19,328,326,2,  2.2003588673904506E-01,  6.5600000000000003E-01,  6.5200000000000002E-01,  3.2953796502131388E-01,  1.7646703999999999E-02,  3.2481799999999999E-04,0
1129,  1.6250000000000001E-01,55,  2.5000000000000000E-01,  2.5000000000000000E-01,4,  1.6001434303808096E-01,32,19,328,326,2,  2.2003588673904506E-01,  6.5600000000000003E-01,  6.5200000000000002E-01,  3.2953796502131388E-01,  1.6017072000000000E-02,  3.3915900000000001E-04,0
1130,  1.6250000000000001E-01,55,  2.5000000000000000E-01,  2.5000000000000000E-01,5,  1.6001434303808096E-01,32,19,328,326,2,  2.2003588673904506E-01,  6.5600000000000003E-01,  6.5200000000000002E-01,  3.2953796502131388E-01,  1.6680315000000001E-02,  3.4237999999999998E-04,0
1131,  1.6250000000000001E-01,55,  2.5000000000000000E-01,  4.3750000000000000E-01,1,  1.6001434303808096E-01,32,18,326,326,0,  2.4048622212869972E-01,  6.5200000000000002E-01,  6.5200000000000002E-01,  3.5137128829603720E-01,  1.9160837999999999E-02,  4.5946499999999999E-04,0
1132,  1.6250000000000001E-01,55,  2.5000000000000000E-01,  4.3750000000000000E-01,2,  1.6001434303808096E-01,32,18,326,326,0,  2.4048622212869972E-01,  6.5200000000000002E-01,  6.5200000000000002E-01,  3.5137128829603720E-01,  1.6585869999999999E-02,  3.1970000000000002E-04,0
1133,  1.6250000000000001E-01,55,  2.5000000000000000E-01,  4.3750000000000000E-01,3,  1.6001434303808096E-01,32,19,328,326,2,  2.2003588673904506E-01,  6.5600000000000003E-01,  6.5200000000000002E-01,  3.2953796502131388E-01,  1.9623179000000001E-02,  4.6104000000000002E-04,0
1134,  1.6250000000000001E-01,55,  2.5000000000000000E-01,  4.3750000000000000E-01,4,  1.6001434303808096E-01,32,19,328,326,2,  2.2003588673904506E-01,  6.5600000000000003E-01,  6.5200000000000002E-01,  3.2953796502131388E-01,  1.7315377000000000E-02,  3.3911500000000002E-04,0
1135,  1.6250000000000001E-01,55,  2.5000000000000000E-01,  4.3750000000000000E-01,5,  1.6001434303808096E-01,32,19,328,326,2,  2.2003588673904506E-01,  6.5600000000000003E-01,  6.5200000000000002E-01,  3.2953796502131388E-01,  1.6718628999999999E-02,  3.4786200000000000E-04,0
1136,  1.6250000000000001E-01,55,  2.5000000000000000E-01,  6.2500000000000000E-01,1,  1.6001434303808096E-01,32,18,326,326,0,  2.4048622212869972E-01,  6.5200000000000002E-01,  6.5200000000000002E-01,  3.5137128829603720E-01,  1.6742717000000001E-02,  3.3902699999999999E-04,0
1137,  1.6250000000000001E-01,55,  2.5000000000000000E-01,  6.2500000000000000E-01,2,  1.6001434303808096E-01,32,18,326,326,0,  2.4048622212869972E-01,  6.5200000000000002E-01,  6.5200000000000002E-01,  3.5137128829603720E-01,  1.6534103000000001E-02,  3.6313600000000001E-04,0
1138,  1.6250000000000001E-01,55,  2.5000000000000000E-01,  6.2500000000000000E-01,3,  1.6001434303808096E-01,32,19,328,326,2,  2.2003588673904506E-01,  6.5600000000000003E-01,  6.5200000000000002E-01,  3.2953796502131388E-01,  1.8858904999999999E-02,  6.7153500000000001E-04,0
1139,  1.6250000000000001E-01,55,  2.5000000000000000E-01,  6.2500000000000000E-01,4,  1.6001434303808096E-01,32,19,328,326,2,  2.2003588673904506E-01,  6.5600000000000003E-01,  6.5200000000000002E-01,  3.2953796502131388E-01,  1.8213468999999999E-02,  3.3255900000000001E-04,0
1140,  1.6250000000000001E-01,55,  2.5000000000000000E-01,  6.2500000000000000E-01,5,  1.6001434303808096E-01,32,19,328,326,2,  2.2003588673904506E-01,  6.5600000000000003E-01,  6.5200000000000002E-01,  3.2953796502131388E-01,  1.6729856000000001E-02,  3.4676999999999999E-04,0
1141,  1.6250000000000001E-01,55,  2.5000000000000000E-01,  8.1250000000000000E-01,1,  1.6001434303808096E-01,32,18,326,326,0,  2.4048622212869972E-01,  6.5200000000000002E-01,  6.5200000000000002E-01,  3.5137128829603720E-01,  1.7384100000000000E-02,  3.2528599999999999E-04,0
1142,  1.6250000000000001E-01,55,  2.5000000000000000E-01,  8.1250000000000000E-01,2,  1.6001434303808096E-01,32,18,326,326,0,  2.4048622212869972E-01,  6.5200000000000002E-01,  6.5200000000000002E-01,  3.5137128829603720E-01,  1.8191944000000002E-02,  3.5373199999999999E-04,0
1143,  1.6250000000000001E-01,55,  2.5000000000000000E-01,  8.1250000000000000E-01,3,  1.6001434303808096E-01,32,19,328,326,2,  2.2003588673904506E-01,  6.5600000000000003E-01,  6.5200000000000002E-01,  3.2953796502131388E-01,  1.6940376000000000E-02,  3.4858200000000000E-04,0
1144,  1.6250000000000001E-01,55,  2.5000000000000000E-01,  8.1250000000000000E-01,4,  1.6001434303808096E-01,32,19,328,326,2,  2.2003588673904506E-01,  6.5600000000000003E-01,  6.5200000000000002E-01,  3.2953796502131388E-01,  1.8453237000000001E-02,  3.6569000000000000E-04,0
1145,  1.6250000000000001E-01,55,  2.5000000000000000E-01,  8.1250000000000000E-01,5,  1.6001434303808096E-01,32,19,328,326,2,  2.2003588673904506E-01,  6.5600000000000003E-01,  6.5200000000000002E-01,  3.2953796502131388E-01,  1.6511168000000000E-02,  3.4232000000000002E-04,0
1146,  1.6250000000000001E-01,55,  2.5000000000000000E-01,  1.0000000000000000E+00,1,  1.6001434303808096E-01,32,18,326,326,0,  2.4048622212869972E-01,  6.5200000000000002E-01,  6.5200000000000002E-01,  3.5137128829603720E-01,  1.8751200999999999E-02,  4.9642100000000004E-04,0
1147,  1.6250000000000001E-01,55,  2.5000000000000000E-01,  1.0000000000000000E+00,2,  1.6001434303808096E-01,32,18,326,326,0,  2.4048622212869972E-01,  6.5200000000000002E-01,  6.5200000000000002E-01,  3.5137128829603720E-01,  1.7466710000000000E-02,  3.3646700000000002E-04,0
1148,  1.6250000000000001E-01,55,  2.5000000000000000E-01,  1.0000000000000000E+00,3,  1.6001434303808096E-01,32,19,328,326,2,  2.2003588673904506E-01,  6.5600000000000003E-01,  6.5200000000000002E-01,  3.2953796502131388E-01,  1.6604188999999998E-02,  3.4002600000000000E-04,0
1149,  1.6250000000000001E-01,55,  2.5000000000000000E-01,  1.0000000000000000E+00,4,  1.6001434303808096E-01,32,19,328,326,2,  2.2003588673904506E-01,  6.5600000000000003E-01,  6.5200000000000002E-01,  3.2953796502131388E-01,  1.8980330000000000E-02,  3.7345700000000000E-04,0
1150,  1.6250000000000001E-01,55,  2.5000000000000000E-01,  1.0000000000000000E+00,5,  1.6001434303808096E-01,32,19,328,326,2,  2.2003588673904506E-01,  6.5600000000000003E-01,  6.5200000000000002E-01,  3.2953796502131388E-01,  1.9922328000000000E-02,  4.3052900000000002E-04,0
1151,  1.6250000000000001E-01,55,  4.3750000000000000E-01,  2.5000000000000000E-01,1,  1.6001434303808096E-01,32,15,423,423,0,  3.6595713343986047E-01,  8.4599999999999997E-01,  8.4599999999999997E-01,  5.1090872168291068E-01,  1.9737864000000001E-02,  4.2160700000000000E-04,0
1152,  1.6250000000000001E-01,55,  4.3750000000000000E-01,  2.5000000000000000E-01,2,  1.6001434303808096E-01,32,16,424,423,1,  3.5418396723782863E-01,  8.4799999999999998E-01,  8.4599999999999997E-01,  4.9967062014271674E-01,  2.3198169000000001E-02,  5.6955600000000003E-04,0
1153,  1.6250000000000001E-01,55,  4.3750000000000000E-01,  2.5000000000000000E-01,3,  1.6001434303808096E-01,32,16,424,423,1,  3.5418396723782863E-01,  8.4799999999999998E-01,  8.4599999999999997E-01,  4.9967062014271674E-01,  2.1938803999999999E-02,  4.0250600000000001E-04,0
1154,  1.6250000000000001E-01,55,  4.3750000000000000E-01,  2.5000000000000000E-01,4,  1.6001434303808096E-01,32,16,424,423,1,  3.5418396723782863E-01,  8.4799999999999998E-01,  8.4599999999999997E-01,  4.9967062014271674E-01,  2.3467399999999999E-02,  7.6738200000000005E-04,0
1155,  1.6250000000000001E-01,55,  4.3750000000000000E-01,  2.5000000000000000E-01,5,  1.6001434303808096E-01,32,16,424,423,1,  3.5418396723782863E-01,  8.4799999999999998E-01,  8.4599999999999997E-01,  4.9967062014271674E-01,  2.4293591000000000E-02,  5.8151700000000004E-04,0
1156,  1.6250000000000001E-01,55,  4.3750000000000000E-01,  4.3750000000000000E-01,1,  1.6001434303808096E-01,32,15,423,423,0,  3.6595713343986047E-01,  8.4599999999999997E-01,  8.4599999999999997E-01,  5.1090872168291068E-01,  2.4475021999999999E-02,  5.9091600000000003E-04,0
1157,  1.6250000000000001E-01,55,  4.3750000000000000E-01,  4.3750000000000000E-01,2,  1.6001434303808096E-01,32,16,424,423,1,  3.5418396723782863E-01,  8.4799999999999998E-01,  8.4599999999999997E-01,  4.9967062014271674E-01,  2.2858038000000001E-02,  4.2109800000000001E-04,0
1158,  1.6250000000000001E-01,55,  4.3750000000000000E-01,  4.3750000000000000E-01,3,  1.6001434303808096E-01,32,16,424,423,1,  3.5418396723782863E-01,  8.4799999999999998E-01,  8.4599999999999997E-01,  4.9967062014271674E-01,  2.0111807999999998E-02,  4.2519999999999998E-04,0
1159,  1.6250000000000001E-01,55,  4.3750000000000000E-01,  4.3750000000000000E-01,4,  1.6001434303808096E-01,32,16,424,423,1,  3.5418396723782863E-01,  8.4799999999999998E-01,  8.4599999999999997E-01,  4.9967062014271674E-01,  2.5004881999999999E-02,  8.8004900000000004E-04,0
1160,  1.6250000000000001E-01,55,  4.3750000000000000E-01,  4.3750000000000000E-01,5,  1.6001434303808096E-01,32,16,424,423,1,  3.5418396723782863E-01,  8.4799999999999998E-01,  8.4599999999999997E-01,  4.9967062014271674E-01,  2.3746613000000000E-02,  4.4352600000000002E-04,0
1161,  1.6250000000000001E-01,55,  4.3750000000000000E-01,  6.2500000000000000E-01,1,  1.6001434303808096E-01,32,15,423,423,0,  3.6595713343986047E-01,  8.4599999999999997E-01,  8.4599999999999997E-01,  5.1090872168291068E-01,  2.0253040999999999E-02,  4.4294799999999997E-04,0
1162,  1.6250000000000001E-01,55,  4.3750000000000000E-01,  6.2500000000000000E-01,2,  1.6001434303808096E-01,32,16,424,423,1,  3.5418396723782863E-01,  8.4799999999999998E-01,  8.4599999999999997E-01,  4.9967062014271674E-01,  2.2534760000000001E-02,  4.6182400000000000E-04,0
1163,  1.6250000000000001E-01,55,  4.3750000000000000E-01,  6.2500000000000000E-01,3,  1.6001434303808096E-01,32,16,424,423,1,  3.5418396723782863E-01,  8.4799999999999998E-01,  8.4599999999999997E-01,  4.9967062014271674E-01,  2.1637586000000000E-02,  5.6406399999999997E-04,0
1164,  1.6250000000000001E-01,55,  4.3750000000000000E-01,  6.2500000000000000E-01,4,  1.6001434303808096E-01,32,16,424,423,1,  3.5418396723782863E-01,  8.4799999999999998E-01,  8.4599999999999997E-01,  4.9967062014271674E-01,  2.1628066000000001E-02,  4.4682199999999999E-04,0
1165,  1.6250000000000001E-01,55,  4.3750000000000000E-01,  6.2500000000000000E-01,5,  1.6001434303808096E-01,32,16,424,423,1,  3.5418396723782863E-01,  8.4799999999999998E-01,  8.4599999999999997E-01,  4.9967062014271674E-01,  1.9735510000000001E-02,  4.2129800000000002E-04,0
1166,  1.6250000000000001E-01,55,  4.3750000000000000E-01,  8.1250000000000000E-01,1,  1.6001434303808096E-01,32,15,423,423,0,  3.6595713343986047E-01,  8.4599999999999997E-01,  8.4599999999999997E-01,  5.1090872168291068E-01,  2.0608099000000001E-02,  4.8147600000000000E-04,0
1167,  1.6250000000000001E-01,55,  4.3750000000000000E-01,  8.1250000000000000E-01,2,  1.6001434303808096E-01,32,16,424,423,1,  3.5418396723782863E-01,  8.4799999999999998E-01,  8.4599999999999997E-01,  4.9967062014271674E-01,  2.0533230999999999E-02,  4.4377400000000002E-04,0
1168,  1.6250000000000001E-01,55,  4.3750000000000000E-01,  8.1250000000000000E-01,3,  1.6001434303808096E-01,32,16,424,423,1,  3.5418396723782863E-01,  8.4799999999999998E-01,  8.4599999999999997E-01,  4.9967062014271674E-01,  2.1896729000000000E-02,  4.2273799999999998E-04,0
1169,  1.6250000000000001E-01,55,  4.3750000000000000E-01,  8.1250000000000000E-01,4,  1.6001434303808096E-01,32,16,424,423,1,  3.5418396723782863E-01,  8.4799999999999998E-01,  8.4599999999999997E-01,  4.9967062014271674E-01,  1.9461523000000001E-02,  6.1279300000000004E-04,0
1170,  1.6250000000000001E-01,55,  4.3750000000000000E-01,  8.1250000000000000E-01,5,  1.6001434303808096E-01,32,16,424,423,1,  3.5418396723782863E-01,  8.4799999999999998E-01,  8.4599999999999997E-01,  4.9967062014271674E-01,  2.0429841000000001E-02,  4.3584700000000000E-04,0
1171,  1.6250000000000001E-01,55,  4.3750000000000000E-01,  1.0000000000000000E+00,1,  1.6001434303808096E-01,32,15,423,423,0,  3.6595713343986047E-01,  8.4599999999999997E-01,  8.4599999999999997E-01,  5.1090872168291068E-01,  2.0699898000000001E-02,  4.9923399999999998E-04,0
1172,  1.6250000000000001E-01,55,  4.3750000000000000E-01,  1.0000000000000000E+00,2,  1.6001434303808096E-01,32,16,424,423,1,  3.5418396723782863E-01,  8.4799999999999998E-01,  8.4599999999999997E-01,  4.9967062014271674E-01,  2.4954296000000001E-02,  4.3236400000000002E-04,0
1173,  1.6250000000000001E-01,55,  4.3750000000000000E-01,  1.0000000000000000E+00,3,  1.6001434303808096E-01,32,16,424,423,1,  3.5418396723782863E-01,  8.4799999999999998E-01,  8.4599999999999997E-01,  4.9967062014271674E-01,  2.1428592000000000E-02,  4.3942699999999999E-04,0
1174,  1.6250000000000001E-01,55,  4.3750000000000000E-01,  1.0000000000000000E+00,4,  1.6001434303808096E-01,32,16,424,423,1,  3.5418396723782863E-01,  8.4799999999999998E-01,  8.4599999999999997E-01,  4.9967062014271674E-01,  2.0070107000000000E-02,  4.3557300000000003E-04,0
1175,  1.6250000000000001E-01,55,  4.3750000000000000E-01,  1.0000000000000000E+00,5,  1.6001434303808096E-01,32,16,424,423,1,  3.5418396723782863E-01,  8.4799999999999998E-01,  8.4599999999999997E-01,  4.9967062014271674E-01,  1.8941756000000001E-02,  4.2673800000000002E-04,0
1176,  1.6250000000000001E-01,55,  6.2500000000000000E-01,  2.5000000000000000E-01,1,  1.6001434303808096E-01,32,13,441,441,0,  4.3135465209307894E-01,  8.8200000000000001E-01,  8.8200000000000001E-01,  5.7936339211921006E-01,  2.0226305999999999E-02,  4.4744300000000001E-04,0
1177,  1.6250000000000001E-01,55,  6.2500000000000000E-01,  2.5000000000000000E-01,2,  1.6001434303808096E-01,32,15,443,441,2,  3.7855900416939525E-01,  8.8600000000000001E-01,  8.8200000000000001E-01,  5.3046678974760575E-01,  2.2916808000000000E-02,  6.2354800000000003E-04,0
1178,  1.6250000000000001E-01,55,  6.2500000000000000E-01,  2.5000000000000000E-01,3,  1.6001434303808096E-01,32,15,443,441,2,  3.7855900416939525E-01,  8.8600000000000001E-01,  8.8200000000000001E-01,  5.3046678974760575E-01,  2.1216229999999999E-02,  6.1903399999999997E-04,0
1179,  1.6250000000000001E-01,55,  6.2500000000000000E-01,  2.5000000000000000E-01,4,  1.6001434303808096E-01,32,15,443,441,2,  3.7855900416939525E-01,  8.8600000000000001E-01,  8.8200000000000001E-01,  5.3046678974760575E-01,  2.2081020000000000E-02,  4.5163000000000001E-04,0
1180,  1.6250000000000001E-01,55,  6.2500000000000000E-01,  2.5000000000000000E-01,5,  1.6001434303808096E-01,32,15,443,441,2,  3.7855900416939525E-01,  8.8600000000000001E-01,  8.8200000000000001E-01,  5.3046678974760575E-01,  2.1423797000000001E-02,  4.1921699999999999E-04,0
1181,  1.6250000000000001E-01,55,  6.2500000000000000E-01,  4.3750000000000000E-01,1,  1.6001434303808096E-01,32,13,441,441,0,  4.3135465209307894E-01,  8.8200000000000001E-01,  8.8200000000000001E-01,  5.7936339211921006E-01,  1.9514976999999999E-02,  4.1475200000000000E-04,0
1182,  1.6250000000000001E-01,55,  6.2500000000000000E-01,  4.3750000000000000E-01,2,  1.6001434303808096E-01,32,15,443,441,2,  3.7855900416939525E-01,  8.8600000000000001E-01,  8.8200000000000001E-01,  5.3046678974760575E-01,  2.0400240000000000E-02,  4.5340300000000001E-04,0
1183,  1.6250000000000001E-01,55,  6.2500000000000000E-01,  4.3750000000000000E-01,3,  1.6001434303808096E-01,32,15,443,441,2,  3.7855900416939525E-01,  8.8600000000000001E-01,  8.8200000000000001E-01,  5.3046678974760575E-01,  2.0374641999999998E-02,  4.4551900000000001E-04,0
1184,  1.6250000000000001E-01,55,  6.2500000000000000E-01,  4.3750000000000000E-01,4,  1.6001434303808096E-01,32,15,443,441,2,  3.7855900416939525E-01,  8.8600000000000001E-01,  8.8200000000000001E-01,  5.3046678974760575E-01,  2.0368827999999999E-02,  4.4222499999999997E-04,0
1185,  1.6250000000000001E-01,55,  6.2500000000000000E-01,  4.3750000000000000E-01,5,  1.6001434303808096E-01,32,15,443,441,2,  3.7855900416939525E-01,  8.8600000000000001E-01,  8.8200000000000001E-01,  5.3046678974760575E-01,  2.1831742000000001E-02,  5.3854300000000005E-04,0
1186,  1.6250000000000001E-01,55,  6.2500000000000000E-01,  6.2500000000000000E-01,1,  1.6001434303808096E-01,32,13,441,441,0,  4.3135465209307894E-01,  8.8200000000000001E-01,  8.8200000000000001E-01,  5.7936339211921006E-01,  2.4992749000000002E-02,  6.0648500000000003E-04,0
1187,  1.6250000000000001E-01,55,  6.2500000000000000E-01,  6.2500000000000000E-01,2,  1.6001434303808096E-01,32,15,443,441,2,  3.7855900416939525E-01,  8.8600000000000001E-01,  8.8200000000000001E-01,  5.3046678974760575E-01,  2.1664737999999999E-02,  5.5147099999999999E-04,0
1188,  1.6250000000000001E-01,55,  6.2500000000000000E-01,  6.2500000000000000E-01,3,  1.6001434303808096E-01,32,15,443,441,2,  3.7855900416939525E-01,  8.8600000000000001E-01,  8.8200000000000001E-01,  5.3046678974760575E-01,  2.7247469999999999E-02,  5.9951399999999999E-04,0
1189,  1.6250000000000001E-01,55,  6.2500000000000000E-01,  6.2500000000000000E-01,4,  1.6001434303808096E-01,32,15,443,441,2,  3.7855900416939525E-01,  8.8600000000000001E-01,  8.8200000000000001E-01,  5.3046678974760575E-01,  2.4223179000000001E-02,  4.5139399999999998E-04,0
1190,  1.6250000000000001E-01,55,  6.2500000000000000E-01,  6.2500000000000000E-01,5,  1.6001434303808096E-01,32,15,443,441,2,  3.7855900416939525E-01,  8.8600000000000001E-01,  8.8200000000000001E-01,  5.3046678974760575E-01,  2.4672217999999999E-02,  4.9393400000000002E-04,0
1191,  1.6250000000000001E-01,55,  6.2500000000000000E-01,  8.1250000000000000E-01,1,  1.6001434303808096E-01,32,13,441,441,0,  4.3135465209307894E-01,  8.8200000000000001E-01,  8.8200000000000001E-01,  5.7936339211921006E-01,  2.3285489999999999E-02,  4.9602800000000003E-04,0
1192,  1.6250000000000001E-01,55,  6.2500000000000000E-01,  8.1250000000000000E-01,2,  1.6001434303808096E-01,32,15,443,441,2,  3.7855900416939525E-01,  8.8600000000000001E-01,  8.8200000000000001E-01,  5.3046678974760575E-01,  2.1808406999999998E-02,  4.6433299999999999E-04,0
1193,  1.6250000000000001E-01,55,  6.2500000000000000E-01,  8.1250000000000000E-01,3,  1.6001434303808096E-01,32,15,443,441,2,  3.7855900416939525E-01,  8.8600000000000001E-01,  8.8200000000000001E-01,  5.3046678974760575E-01,  2.1794870000000001E-02,  4.6902300000000000E-04,0
1194,  1.6250000000000001E-01,55,  6.2500000000000000E-01,  8.1250000000000000E-01,4,  1.6001434303808096E-01,32,15,443,441,2,  3.7855900416939525E-01,  8.8600000000000001E-01,  8.8200000000000001E-01,  5.3046678974760575E-01,  2.1870557999999998E-02,  4.6023899999999998E-04,0
1195,  1.6250000000000001E-01,55,  6.2500000000000000E-01,  8.1250000000000000E-01,5,  1.6001434303808096E-01,32,15,443,441,2,  3.7855900416939525E-01,  8.8600000000000001E-01,  8.8200000000000001E-01,  5.3046678974760575E-01,  2.1062847999999999E-02,  4.4003899999999998E-04,0
1196,  1.6250000000000001E-01,55,  6.2500000000000000E-01,  1.0000000000000000E+00,1,  1.6001434303808096E-01,32,13,441,441,0,  4.3135465209307894E-01,  8.8200000000000001E-01,  8.8200000000000001E-01,  5.7936339211921006E-01,  2.0981627999999999E-02,  4.3582300000000000E-04,0
1197,  1.6250000000000001E-01,55,  6.2500000000000000E-01,  1.0000000000000000E+00,2,  1.6001434303808096E-01,32,15,443,441,2,  3.7855900416939525E-01,  8.8600000000000001E-01,  8.8200000000000001E-01,  5.3046678974760575E-01,  2.0692684999999999E-02,  4.4909900000000000E-04,0
1198,  1.6250000000000001E-01,55,  6.2500000000000000E-01,  1.0000000000000000E+00,3,  1.6001434303808096E-01,32,15,443,441,2,  3.7855900416939525E-01,  8.8600000000000001E-01,  8.8200000000000001E-01,  5.3046678974760575E-01,  2.0516032999999999E-02,  4.4087700000000000E-04,0
1199,  1.6250000000000001E-01,55,  6.2500000000000000E-01,  1.0000000000000000E+00,4,  1.6001434303808096E-01,32,15,443,441,2,  3.7855900416939525E-01,  8.8600000000000001E-01,  8.8200000000000001E-01,  5.3046678974760575E-01,  2.4233485999999999E-02,  4.4992799999999999E-04,0
1200,  1.6250000000000001E-01,55,  6.2500000000000000E-01,  1.0000000000000000E+00,5,  1.6001434303808096E-01,32,15,443,441,2,  3.7855900416939525E-01,  8.8600000000000001E-01,  8.8200000000000001E-01,  5.3046678974760575E-01,  2.1239071000000002E-02,  4.5390900000000001E-04,0
1201,  1.6250000000000001E-01,55,  8.1250000000000000E-01,  2.5000000000000000E-01,1,  1.6001434303808096E-01,32,10,456,456,0,  5.8583714720683355E-01,  9.1200000000000003E-01,  9.1200000000000003E-01,  7.1340663335658883E-01,  2.0599431000000001E-02,  4.5359000000000003E-04,0
1202,  1.6250000000000001E-01,55,  8.1250000000000000E-01,  2.5000000000000000E-01,2,  1.6001434303808096E-01,32,13,459,456,3,  4.0649783945715900E-01,  9.1800000000000004E-01,  9.1200000000000003E-01,  5.6348150295905719E-01,  2.4268907999999999E-02,  4.6096700000000001E-04,0
1203,  1.6250000000000001E-01,55,  8.1250000000000000E-01,  2.5000000000000000E-01,3,  1.6001434303808096E-01,32,14,461,456,5,  3.9882506687666808E-01,  9.2200000000000004E-01,  9.1200000000000003E-01,  5.5679850554293497E-01,  2.0638283000000000E-02,  4.6300800000000000E-04,0
1204,  1.6250000000000001E-01,55,  8.1250000000000000E-01,  2.5000000000000000E-01,4,  1.6001434303808096E-01,32,14,461,456,5,  3.9882506687666808E-01,  9.2200000000000004E-01,  9.1200000000000003E-01,  5.5679850554293497E-01,  2.0659741999999998E-02,  6.1030899999999996E-04,0
1205,  1.6250000000000001E-01,55,  8.1250000000000000E-01,  2.5000000000000000E-01,5,  1.6001434303808096E-01,32,15,465,456,9,  3.8719560920298501E-01,  9.3000000000000005E-01,  9.1200000000000003E-01,  5.4675541588946264E-01,  2.5704530999999999E-02,  4.6113799999999999E-04,0
1206,  1.6250000000000001E-01,55,  8.1250000000000000E-01,  4.3750000000000000E-01,1,  1.6001434303808096E-01,32,10,456,456,0,  5.8583714720683355E-01,  9.1200000000000003E-01,  9.1200000000000003E-01,  7.1340663335658883E-01,  2.1092368000000000E-02,  4.4630400000000001E-04,0
1207,  1.6250000000000001E-01,55,  8.1250000000000000E-01,  4.3750000000000000E-01,2,  1.6001434303808096E-01,32,13,459,456,3,  4.0649783945715900E-01,  9.1800000000000004E-01,  9.1200000000000003E-01,  5.6348150295905719E-01,  2.0744555000000001E-02,  4.8298999999999998E-04,0
1208,  1.6250000000000001E-01,55,  8.1250000000000000E-01,  4.3750000000000000E-01,3,  1.6001434303808096E-01,32,14,461,456,5,  3.9882506687666808E-01,  9.2200000000000004E-01,  9.1200000000000003E-01,  5.5679850554293497E-01,  2.1352790000000000E-02,  4.6091699999999998E-04,0
1209,  1.6250000000000001E-01,55,  8.1250000000000000E-01,  4.3750000000000000E-01,4,  1.6001434303808096E-01,32,14,461,456,5,  3.9882506687666808E-01,  9.2200000000000004E-01,  9.1200000000000003E-01,  5.5679850554293497E-01,  2.0937490000000000E-02,  4.6143399999999999E-04,0
1210,  1.6250000000000001E-01,55,  8.1250000000000000E-01,  4.3750000000000000E-01,5,  1.6001434303808096E-01,32,15,465,456,9,  3.8719560920298501E-01,  9.3000000000000005E-01,  9.1200000000000003E-01,  5.4675541588946264E-01,  2.0667952999999999E-02,  4.6119899999999997E-04,0
1211,  1.6250000000000001E-01,55,  8.1250000000000000E-01,  6.2500000000000000E-01,1,  1.6001434303808096E-01,32,10,456,456,0,  5.8583714720683355E-01,  9.1200000000000003E-01,  9.1200000000000003E-01,  7.1340663335658883E-01,  2.0244360999999999E-02,  4.5849200000000001E-04,0
1212,  1.6250000000000001E-01,55,  8.1250000000000000E-01,  6.2500000000000000E-01,2,  1.6001434303808096E-01,32,13,459,456,3,  4.0649783945715900E-01,  9.1800000000000004E-01,  9.1200000000000003E-01,  5.6348150295905719E-01,  2.0535985000000000E-02,  4.5464900000000000E-04,0
1213,  1.6250000000000001E-01,55,  8.1250000000000000E-01,  6.2500000000000000E-01,3,  1.6001434303808096E-01,32,14,461,456,5,  3.9882506687666808E-01,  9.2200000000000004E-01,  9.1200000000000003E-01,  5.5679850554293497E-01,  2.5437906000000000E-02,  6.0478300000000001E-04,0
1214,  1.6250000000000001E-01,55,  8.1250000000000000E-01,  6.2500000000000000E-01,4,  1.6001434303808096E-01,32,14,461,456,5,  3.9882506687666808E-01,  9.2200000000000004E-01,  9.1200000000000003E-01,  5.5679850554293497E-01,  2.0873216000000000E-02,  4.6192899999999997E-04,0
1215,  1.6250000000000001E-01,55,  8.1250000000000000E-01,  6.2500000000000000E-01,5,  1.6001434303808096E-01,32,15,465,456,9,  3.8719560920298501E-01,  9.3000000000000005E-01,  9.1200000000000003E-01,  5.4675541588946264E-01,  2.0334214000000000E-02,  4.6380800000000002E-04,0
1216,  1.6250000000000001E-01,55,  8.1250000000000000E-01,  8.1250000000000000E-01,1,  1.6001434303808096E-01,32,10,456,456,0,  5.8583714720683355E-01,  9.1200000000000003E-01,  9.1200000000000003E-01,  7.1340663335658883E-01,  2.0422200000000001E-02,  4.5028700000000001E-04,0
1217,  1.6250000000000001E-01,55,  8.1250000000000000E-01,  8.1250000000000000E-01,2,  1.6001434303808096E-01,32,13,459,456,3,  4.0649783945715900E-01,  9.1800000000000004E-01,  9.1200000000000003E-01,  5.6348150295905719E-01,  2.5969389999999998E-02,  6.2856800000000003E-04,0
1218,  1.6250000000000001E-01,55,  8.1250000000000000E-01,  8.1250000000000000E-01,3,  1.6001434303808096E-01,32,14,461,456,5,  3.9882506687666808E-01,  9.2200000000000004E-01,  9.1200000000000003E-01,  5.5679850554293497E-01,  2.0824644999999999E-02,  4.6542600000000001E-04,0
1219,  1.6250000000000001E-01,55,  8.1250000000000000E-01,  8.1250000000000000E-01,4,  1.6001434303808096E-01,32,14,461,456,5,  3.9882506687666808E-01,  9.2200000000000004E-01,  9.1200000000000003E-01,  5.5679850554293497E-01,  2.2382154000000001E-02,  4.3644499999999999E-04,0
1220,  1.6250000000000001E-01,55,  8.1250000000000000E-01,  8.1250000000000000E-01,5,  1.6001434303808096E-01,32,15,465,456,9,  3.8719560920298501E-01,  9.3000000000000005E-01,  9.1200000000000003E-01,  5.4675541588946264E-01,  2.1271821000000000E-02,  4.5424300000000001E-04,0
1221,  1.6250000000000001E-01,55,  8.1250000000000000E-01,  1.0000000000000000E+00,1,  1.6001434303808096E-01,32,10,456,456,0,  5.8583714720683355E-01,  9.1200000000000003E-01,  9.1200000000000003E-01,  7.1340663335658883E-01,  1.9482768000000001E-02,  4.5486700000000002E-04,0
1222,  1.6250000000000001E-01,55,  8.1250000000000000E-01,  1.0000000000000000E+00,2,  1.6001434303808096E-01,32,13,459,456,3,  4.0649783945715900E-01,  9.1800000000000004E-01,  9.1200000000000003E-01,  5.6348150295905719E-01,  1.9780579000000000E-02,  4.5811300000000001E-04,0
1223,  1.6250000000000001E-01,55,  8.1250000000000000E-01,  1.0000000000000000E+00,3,  1.6001434303808096E-01,32,14,461,456,5,  3.9882506687666808E-01,  9.2200000000000004E-01,  9.1200000000000003E-01,  5.5679850554293497E-01,  2.7185647000000000E-02,  5.7354599999999997E-04,0
1224,  1.6250000000000001E-01,55,  8.1250000000000000E-01,  1.0000000000000000E+00,4,  1.6001434303808096E-01,32,14,461,456,5,  3.9882506687666808E-01,  9.2200000000000004E-01,  9.1200000000000003E-01,  5.5679850554293497E-01,  2.4944351999999999E-02,  6.7992599999999997E-04,0
1225,  1.6250000000000001E-01,55,  8.1250000000000000E-01,  1.0000000000000000E+00,5,  1.6001434303808096E-01,32,15,465,456,9,  3.8719560920298501E-01,  9.3000000000000005E-01,  9.1200000000000003E-01,  5.4675541588946264E-01,  2.1519712000000000E-02,  4.7819500000000000E-04,0
1226,  1.6250000000000001E-01,55,  1.0000000000000000E+00,  2.5000000000000000E-01,1,  1.6001434303808096E-01,32,8,490,490,0,  6.9716793388222720E-01,  9.7999999999999998E-01,  9.7999999999999998E-01,  8.1473603376507142E-01,  2.3534043000000001E-02,  4.8345899999999999E-04,0
1227,  1.6250000000000001E-01,55,  1.0000000000000000E+00,  2.5000000000000000E-01,2,  1.6001434303808096E-01,32,9,491,490,1,  6.4842245685752375E-01,  9.8199999999999998E-01,  9.7999999999999998E-01,  7.8108695075429957E-01,  2.3005075999999999E-02,  4.8366600000000000E-04,0
1228,  1.6250000000000001E-01,55,  1.0000000000000000E+00,  2.5000000000000000E-01,3,  1.6001434303808096E-01,32,11,495,490,5,  5.4108756077680875E-01,  9.8999999999999999E-01,  9.7999999999999998E-01,  6.9973357356160748E-01,  2.2367204000000002E-02,  4.6857499999999999E-04,0
1229,  1.6250000000000001E-01,55,  1.0000000000000000E+00,  2.5000000000000000E-01,4,  1.6001434303808096E-01,32,11,495,490,5,  5.4108756077680875E-01,  9.8999999999999999E-01,  9.7999999999999998E-01,  6.9973357356160748E-01,  2.1947596999999999E-02,  4.8264199999999998E-04,0
1230,  1.6250000000000001E-01,55,  1.0000000000000000E+00,  2.5000000000000000E-01,5,  1.6001434303808096E-01,32,11,495,490,5,  5.4108756077680875E-01,  9.8999999999999999E-01,  9.7999999999999998E-01,  6.9973357356160748E-01,  2.7245677999999999E-02,  7.2477100000000003E-04,0
1231,  1.6250000000000001E-01,55,  1.0000000000000000E+00,  4.3750000000000000E-01,1,  1.6001434303808096E-01,32,8,490,490,0,  6.9716793388222720E-01,  9.7999999999999998E-01,  9.7999999999999998E-01,  8.1473603376507142E-01,  2.9623345999999998E-02,  5.0361600000000002E-04,0
1232,  1.6250000000000001E-01,55,  1.0000000000000000E+00,  4.3750000000000000E-01,2,  1.6001434303808096E-01,32,9,491,490,1,  6.4842245685752375E-01,  9.8199999999999998E-01,  9.7999999999999998E-01,  7.8108695075429957E-01,  2.2059742000000000E-02,  4.6227799999999999E-04,0
1233,  1.6250000000000001E-01,55,  1.0000000000000000E+00,  4.3750000000000000E-01,3,  1.6001434303808096E-01,32,11,495,490,5,  5.4108756077680875E-01,  9.8999999999999999E-01,  9.7999999999999998E-01,  6.9973357356160748E-01,  2.5968885000000001E-02,  5.2967200000000002E-04,0
1234,  1.6250000000000001E-01,55,  1.0000000000000000E+00,  4.3750000000000000E-01,4,  1.6001434303808096E-01,32,11,495,490,5,  5.4108756077680875E-01,  9.8999999999999999E-01,  9.7999999999999998E-01,  6.9973357356160748E-01,  2.3554556000000001E-02,  4.9850000000000003E-04,0
1235,  1.6250000000000001E-01,55,  1.0000000000000000E+00,  4.3750000000000000E-01,5,  1.6001434303808096E-01,32,11,495,490,5,  5.4108756077680875E-01,  9.8999999999999999E-01,  9.7999999999999998E-01,  6.9973357356160748E-01,  2.2954815000000000E-02,  4.7017100000000002E-04,0
1236,  1.6250000000000001E-01,55,  1.0000000000000000E+00,  6.2500000000000000E-01,1,  1.6001434303808096E-01,32,8,490,490,0,  6.9716793388222720E-01,  9.7999999999999998E-01,  9.7999999999999998E-01,  8.1473603376507142E-01,  2.5035812000000001E-02,  4.8085499999999998E-04,0
1237,  1.6250000000000001E-01,55,  1.0000000000000000E+00,  6.2500000000000000E-01,2,  1.6001434303808096E-01,32,9,491,490,1,  6.4842245685752375E-01,  9.8199999999999998E-01,  9.7999999999999998E-01,  7.8108695075429957E-01,  2.4112303000000002E-02,  4.8596600000000000E-04,0
1238,  1.6250000000000001E-01,55,  1.0000000000000000E+00,  6.2500000000000000E-01,3,  1.6001434303808096E-01,32,11,495,490,5,  5.4108756077680875E-01,  9.8999999999999999E-01,  9.7999999999999998E-01,  6.9973357356160748E-01,  2.2900772999999999E-02,  4.9979099999999997E-04,0
1239,  1.6250000000000001E-01,55,  1.0000000000000000E+00,  6.2500000000000000E-01,4,  1.6001434303808096E-01,32,11,495,490,5,  5.4108756077680875E-01,  9.8999999999999999E-01,  9.7999999999999998E-01,  6.9973357356160748E-01,  2.7355340999999998E-02,  5.1243100000000004E-04,0
1240,  1.6250000000000001E-01,55,  1.0000000000000000E+00,  6.2500000000000000E-01,5,  1.6001434303808096E-01,32,11,495,490,5,  5.4108756077680875E-01,  9.8999999999999999E-01,  9.7999999999999998E-01,  6.9973357356160748E-01,  2.2622051000000001E-02,  5.0711400000000002E-04,0
1241,  1.6250000000000001E-01,55,  1.0000000000000000E+00,  8.1250000000000000E-01,1,  1.6001434303808096E-01,32,8,490,490,0,  6.9716793388222720E-01,  9.7999999999999998E-01,  9.7999999999999998E-01,  8.1473603376507142E-01,  2.3144876000000002E-02,  7.0190499999999996E-04,0
1242,  1.6250000000000001E-01,55,  1.0000000000000000E+00,  8.1250000000000000E-01,2,  1.6001434303808096E-01,32,9,491,490,1,  6.4842245685752375E-01,  9.8199999999999998E-01,  9.7999999999999998E-01,  7.8108695075429957E-01,  2.6683254999999999E-02,  6.0873800000000005E-04,0
1243,  1.6250000000000001E-01,55,  1.0000000000000000E+00,  8.1250000000000000E-01,3,  1.6001434303808096E-01,32,11,495,490,5,  5.4108756077680875E-01,  9.8999999999999999E-01,  9.7999999999999998E-01,  6.9973357356160748E-01,  2.6260377000000001E-02,  5.0228899999999995E-04,0
1244,  1.6250000000000001E-01,55,  1.0000000000000000E+00,  8.1250000000000000E-01,4,  1.6001434303808096E-01,32,11,495,490,5,  5.4108756077680875E-01,  9.8999999999999999E-01,  9.7999999999999998E-01,  6.9973357356160748E-01,  2.6944560999999999E-02,  4.8246999999999998E-04,0
1245,  1.6250000000000001E-01,55,  1.0000000000000000E+00,  8.1250000000000000E-01,5,  1.6001434303808096E-01,32,11,495,490,5,  5.4108756077680875E-01,  9.8999999999999999E-01,  9.7999999999999998E-01,  6.9973357356160748E-01,  2.6925876000000001E-02,  4.8036500000000001E-04,0
1246,  1.6250000000000001E-01,55,  1.0000000000000000E+00,  1.0000000000000000E+00,1,  1.6001434303808096E-01,32,8,490,490,0,  6.9716793388222720E-01,  9.7999999999999998E-01,  9.7999999999999998E-01,  8.1473603376507142E-01,  2.5618236999999999E-02,  4.8207499999999999E-04,0
1247,  1.6250000000000001E-01,55,  1.0000000000000000E+00,  1.0000000000000000E+00,2,  1.6001434303808096E-01,32,9,491,490,1,  6.4842245685752375E-01,  9.8199999999999998E-01,  9.7999999999999998E-01,  7.8108695075429957E-01,  2.3998492999999999E-02,  5.0315699999999995E-04,0
1248,  1.6250000000000001E-01,55,  1.0000000000000000E+00,  1.0000000000000000E+00,3,  1.6001434303808096E-01,32,11,495,490,5,  5.4108756077680875E-01,  9.8999999999999999E-01,  9.7999999999999998E-01,  6.9973357356160748E-01,  2.8015433999999999E-02,  5.4506499999999996E-04,0
1249,  1.6250000000000001E-01,55,  1.0000000000000000E+00,  1.0000000000000000E+00,4,  1.6001434303808096E-01,32,11,495,490,5,  5.4108756077680875E-01,  9.8999999999999999E-01,  9.7999999999999998E-01,  6.9973357356160748E-01,  2.3507325999999999E-02,  4.9804199999999997E-04,0
1250,  1.6250000000000001E-01,55,  1.0000000000000000E+00,  1.0000000000000000E+00,5,  1.6001434303808096E-01,32,11,495,490,5,  5.4108756077680875E-01,  9.8999999999999999E-01,  9.7999999999999998E-01,  6.9973357356160748E-01,  2.2680079999999998E-02,  4.8792399999999999E-04,0
1251,  2.7500000000000002E-01,15,  2.5000000000000000E-01,  2.5000000000000000E-01,1,  2.1575581489243914E-01,105,31,468,468,0,  1.9426446333766220E-01,  9.3600000000000005E-01,  9.3600000000000005E-01,  3.2175042847424346E-01,  7.9789072000000003E-02,  5.4524599999999999E-04,0
1252,  2.7500000000000002E-01,15,  2.5000000000000000E-01,  2.5000000000000000E-01,2,  2.1575581489243914E-01,105,33,470,468,2,  1.8495568082808775E-01,  9.3999999999999995E-01,  9.3600000000000005E-01,  3.0909366998426846E-01,  8.3239339999999995E-02,  8.0337599999999996E-04,0
1253,  2.7500000000000002E-01,15,  2.5000000000000000E-01,  2.5000000000000000E-01,3,  2.1575581489243914E-01,105,37,478,468,10,  1.7229481742566435E-01,  9.5599999999999996E-01,  9.3600000000000005E-01,  2.9196951526330478E-01,  8.1684548999999995E-02,  5.5683499999999999E-04,0
1254,  2.7500000000000002E-01,15,  2.5000000000000000E-01,  2.5000000000000000E-01,4,  2.1575581489243914E-01,105,38,481,468,13,  1.6931649980084415E-01,  9.6199999999999997E-01,  9.3600000000000005E-01,  2.8795208562252161E-01,  7.7039702000000002E-02,  5.2647000000000002E-04,0
1255,  2.7500000000000002E-01,15,  2.5000000000000000E-01,  2.5000000000000000E-01,5,  2.1575581489243914E-01,105,40,489,468,21,  1.6466413774946553E-01,  9.7799999999999998E-01,  9.3600000000000005E-01,  2.8187027386044805E-01,  7.4054407000000003E-02,  5.6215300000000002E-04,0
1256,  2.7500000000000002E-01,15,  2.5000000000000000E-01,  4.3750000000000000E-01,1,  2.1575581489243914E-01,105,31,468,468,0,  1.9426446333766220E-01,  9.3600000000000005E-01,  9.3600000000000005E-01,  3.2175042847424346E-01,  8.2492496999999998E-02,  5.7116500000000000E-04,0
1257,  2.7500000000000002E-01,15,  2.5000000000000000E-01,  4.3750000000000000E-01,2,  2.1575581489243914E-01,105,33,470,468,2,  1.8495568082808775E-01,  9.3999999999999995E-01,  9.3600000000000005E-01,  3.0909366998426846E-01,  8.2797309999999999E-02,  5.7372700000000000E-04,0
1258,  2.7500000000000002E-01,15,  2.5000000000000000E-01,  4.3750000000000000E-01,3,  2.1575581489243914E-01,105,37,478,468,10,  1.7229481742566435E-01,  9.5599999999999996E-01,  9.3600000000000005E-01,  2.9196951526330478E-01,  8.0927608999999998E-02,  5.5450900000000001E-04,0
1259,  2.7500000000000002E-01,15,  2.5000000000000000E-01,  4.3750000000000000E-01,4,  2.1575581489243914E-01,105,38,481,468,13,  1.6931649980084415E-01,  9.6199999999999997E-01,  9.3600000000000005E-01,  2.8795208562252161E-01,  7.5670986999999995E-02,  5.3562599999999998E-04,0
1260,  2.7500000000000002E-01,15,  2.5000000000000000E-01,  4.3750000000000000E-01,5,  2.1575581489243914E-01,105,40,489,468,21,  1.6466413774946553E-01,  9.7799999999999998E-01,  9.3600000000000005E-01,  2.8187027386044805E-01,  7.8964251999999999E-02,  7.1050499999999995E-04,0
1261,  2.7500000000000002E-01,15,  2.5000000000000000E-01,  6.2500000000000000E-01,1,  2.1575581489243914E-01,105,31,468,468,0,  1.9426446333766220E-01,  9.3600000000000005E-01,  9.3600000000000005E-01,  3.2175042847424346E-01,  8.3762594999999995E-02,  5.3737900000000005E-04,0
1262,  2.7500000000000002E-01,15,  2.5000000000000000E-01,  6.2500000000000000E-01,2,  2.1575581489243914E-01,105,33,470,468,2,  1.8495568082808775E-01,  9.3999999999999995E-01,  9.3600000000000005E-01,  3.0909366998426846E-01,  8.1266723999999999E-02,  5.6540200000000001E-04,0
1263,  2.7500000000000002E-01,15,  2.5000000000000000E-01,  6.2500000000000000E-01,3,  2.1575581489243914E-01,105,37,478,468,10,  1.7229481742566435E-01,  9.5599999999999996E-01,  9.3600000000000005E-01,  2.9196951526330478E-01,  8.2904495999999994E-02,  5.6042600000000004E-04,0
1264,  2.7500000000000002E-01,15,  2.5000000000000000E-01,  6.2500000000000000E-01,4,  2.1575581489243914E-01,105,38,481,468,13,  1.6931649980084415E-01,  9.6199999999999997E-01,  9.3600000000000005E-01,  2.8795208562252161E-01,  8.3358577000000003E-02,  6.1657400000000005E-04,0
1265,  2.7500000000000002E-01,15,  2.5000000000000000E-01,  6.2500000000000000E-01,5,  2.1575581489243914E-01,105,40,489,468,21,  1.6466413774946553E-01,  9.7799999999999998E-01,  9.3600000000000005E-01,  2.8187027386044805E-01,  7.7052986000000004E-02,  5.8241599999999999E-04,0
1266,  2.7500000000000002E-01,15,  2.5000000000000000E-01,  8.1250000000000000E-01,1,  2.1575581489243914E-01,105,31,468,468,0,  1.9426446333766220E-01,  9.3600000000000005E-01,  9.3600000000000005E-01,  3.2175042847424346E-01,  7.4171394000000002E-02,  5.7355700000000004E-04,0
1267,  2.7500000000000002E-01,15,  2.5000000000000000E-01,  8.1250000000000000E-01,2,  2.1575581489243914E-01,105,33,470,468,2,  1.8495568082808775E-01,  9.3999999999999995E-01,  9.3600000000000005E-01,  3.0909366998426846E-01,  7.4320025999999997E-02,  5.1724300000000002E-04,0
1268,  2.7500000000000002E-01,15,  2.5000000000000000E-01,  8.1250000000000000E-01,3,  2.1575581489243914E-01,105,37,478,468,10,  1.7229481742566435E-01,  9.5599999999999996E-01,  9.3600000000000005E-01,  2.9196951526330478E-01,  8.1953466000000003E-02,  5.4547099999999996E-04,0
1269,  2.7500000000000002E-01,15,  2.5000000000000000E-01,  8.1250000000000000E-01,4,  2.1575581489243914E-01,105,38,481,468,13,  1.6931649980084415E-01,  9.6199999999999997E-01,  9.3600000000000005E-01,  2.8795208562252161E-01,  7.8934420000000005E-02,  5.5059599999999998E-04,0
1270,  2.7500000000000002E-01,15,  2.5000000000000000E-01,  8.1250000000000000E-01,5,  2.1575581489243914E-01,105,40,489,468,21,  1.6466413774946553E-01,  9.7799999999999998E-01,  9.3600000000000005E-01,  2.8187027386044805E-01,  7.3808621000000005E-02,  5.3490099999999995E-04,0
1271,  2.7500000000000002E-01,15,  2.5000000000000000E-01,  1.0000000000000000E+00,1,  2.1575581489243914E-01,105,31,468,468,0,  1.9426446333766220E-01,  9.3600000000000005E-01,  9.3600000000000005E-01,  3.2175042847424346E-01,  9.5015733000000005E-02,  7.9193099999999995E-04,0
1272,  2.7500000000000002E-01,15,  2.5000000000000000E-01,  1.0000000000000000E+00,2,  2.1575581489243914E-01,105,33,470,468,2,  1.8495568082808775E-01,  9.3999999999999995E-01,  9.3600000000000005E-01,  3.0909366998426846E-01,  7.9116529000000005E-02,  5.8766999999999999E-04,0
1273,  2.7500000000000002E-01,15,  2.5000000000000000E-01,  1.0000000000000000E+00,3,  2.1575581489243914E-01,105,37,478,468,10,  1.7229481742566435E-01,  9.5599999999999996E-01,  9.3600000000000005E-01,  2.9196951526330478E-01,  7.4463372999999999E-02,  5.2185999999999997E-04,0
1274,  2.7500000000000002E-01,15,  2.5000000000000000E-01,  1.0000000000000000E+00,4,  2.1575581489243914E-01,105,38,481,468,13,  1.6931649980084415E-01,  9.6199999999999997E-01,  9.3600000000000005E-01,  2.8795208562252161E-01,  7.4526286999999997E-02,  5.2431899999999998E-04,0
1275,  2.7500000000000002E-01,15,  2.5000000000000000E-01,  1.0000000000000000E+00,5,  2.1575581489243914E-01,105,40,489,468,21,  1.6466413774946553E-01,  9.7799999999999998E-01,  9.3600000000000005E-01,  2.8187027386044805E-01,  7.3718363999999995E-02,  5.3312900000000002E-04,0
1276,  2.7500000000000002E-01,15,  4.3750000000000000E-01,  2.5000000000000000E-01,1,  2.1575581489243914E-01,105,17,494,494,0,  3.3553347851221094E-01,  9.8799999999999999E-01,  9.8799999999999999E-01,  5.0094248789643425E-01,  7.4635153999999995E-02,  5.5701100000000005E-04,0
1277,  2.7500000000000002E-01,15,  4.3750000000000000E-01,  2.5000000000000000E-01,2,  2.1575581489243914E-01,105,22,499,494,5,  2.8925057556897477E-01,  9.9800000000000000E-01,  9.8799999999999999E-01,  4.4850952859778920E-01,  7.7569457999999994E-02,  5.5844700000000000E-04,0
1278,  2.7500000000000002E-01,15,  4.3750000000000000E-01,  2.5000000000000000E-01,3,  2.1575581489243914E-01,105,24,503,494,9,  2.5638623893575296E-01,  1.0060000000000000E+00,  9.8799999999999999E-01,  4.0863017738027507E-01,  8.1015947000000005E-02,  6.2479199999999999E-04,0
1279,  2.7500000000000002E-01,15,  4.3750000000000000E-01,  2.5000000000000000E-01,4,  2.1575581489243914E-01,105,26,509,494,15,  2.4317835449868652E-01,  1.0180000000000000E+00,  9.8799999999999999E-01,  3.9257820116658321E-01,  7.7454795000000007E-02,  6.1901800000000004E-04,0
1280,  2.7500000000000002E-01,15,  4.3750000000000000E-01,  2.5000000000000000E-01,5,  2.1575581489243914E-01,105,30,525,494,31,  2.0829513496656304E-01,  1.0500000000000000E+00,  9.8799999999999999E-01,  3.4762892367171555E-01,  7.8968924999999995E-02,  6.0828200000000003E-04,0
1281,  2.7500000000000002E-01,15,  4.3750000000000000E-01,  4.3750000000000000E-01,1,  2.1575581489243914E-01,105,17,494,494,0,  3.3553347851221094E-01,  9.8799999999999999E-01,  9.8799999999999999E-01,  5.0094248789643425E-01,  8.0246690999999995E-02,  5.7802600000000004E-04,0
1282,  2.7500000000000002E-01,15,  4.3750000000000000E-01,  4.3750000000000000E-01,2,  2.1575581489243914E-01,105,22,499,494,5,  2.8925057556897477E-01,  9.9800000000000000E-01,  9.8799999999999999E-01,  4.4850952859778920E-01,  8.0563787999999997E-02,  6.1216000000000005E-04,0
1283,  2.7500000000000002E-01,15,  4.3750000000000000E-01,  4.3750000000000000E-01,3,  2.1575581489243914E-01,105,24,503,494,9,  2.5638623893575296E-01,  1.0060000000000000E+00,  9.8799999999999999E-01,  4.0863017738027507E-01,  7.9125359000000006E-02,  6.2098800000000005E-04,0
1284,  2.7500000000000002E-01,15,  4.3750000000000000E-01,  4.3750000000000000E-01,4,  2.1575581489243914E-01,105,26,509,494,15,  2.4317835449868652E-01,  1.0180000000000000E+00,  9.8799999999999999E-01,  3.9257820116658321E-01,  8.2521504999999995E-02,  6.6743200000000003E-04,0
1285,  2.7500000000000002E-01,15,  4.3750000000000000E-01,  4.3750000000000000E-01,5,  2.1575581489243914E-01,105,30,525,494,31,  2.0829513496656304E-01,  1.0500000000000000E+00,  9.8799999999999999E-01,  3.4762892367171555E-01,  7.6298881999999998E-02,  5.9523099999999999E-04,0
1286,  2.7500000000000002E-01,15,  4.3750000000000000E-01,  6.2500000000000000E-01,1,  2.1575581489243914E-01,105,17,494,494,0,  3.3553347851221094E-01,  9.8799999999999999E-01,  9.8799999999999999E-01,  5.0094248789643425E-01,  8.1563867999999998E-02,  7.2587400000000005E-04,0
1287,  2.7500000000000002E-01,15,  4.3750000000000000E-01,  6.2500000000000000E-01,2,  2.1575581489243914E-01,105,22,499,494,5,  2.8925057556897477E-01,  9.9800000000000000E-01,  9.8799999999999999E-01,  4.4850952859778920E-01,  7.7462838000000006E-02,  5.8946300000000003E-04,0
1288,  2.7500000000000002E-01,15,  4.3750000000000000E-01,  6.2500000000000000E-01,3,  2.1575581489243914E-01,105,24,503,494,9,  2.5638623893575296E-01,  1.0060000000000000E+00,  9.8799999999999999E-01,  4.0863017738027507E-01,  8.2505960000000003E-02,  6.1093499999999995E-04,0
1289,  2.7500000000000002E-01,15,  4.3750000000000000E-01,  6.2500000000000000E-01,4,  2.1575581489243914E-01,105,26,509,494,15,  2.4317835449868652E-01,  1.0180000000000000E+00,  9.8799999999999999E-01,  3.9257820116658321E-01,  8.3132315999999998E-02,  5.9248500000000002E-04,0
1290,  2.7500000000000002E-01,15,  4.3750000000000000E-01,  6.2500000000000000E-01,5,  2.1575581489243914E-01,105,30,525,494,31,  2.0829513496656304E-01,  1.0500000000000000E+00,  9.8799999999999999E-01,  3.4762892367171555E-01,  8.1534101999999997E-02,  6.1439999999999997E-04,0
1291,  2.7500000000000002E-01,15,  4.3750000000000000E-01,  8.1250000000000000E-01,1,  2.1575581489243914E-01,105,17,494,494,0,  3.3553347851221094E-01,  9.8799999999999999E-01,  9.8799999999999999E-01,  5.0094248789643425E-01,  8.7135410999999996E-02,  5.8495800000000001E-04,0
1292,  2.7500000000000002E-01,15,  4.3750000000000000E-01,  8.1250000000000000E-01,2,  2.1575581489243914E-01,105,22,499,494,5,  2.8925057556897477E-01,  9.9800000000000000E-01,  9.8799999999999999E-01,  4.4850952859778920E-01,  8.0783917999999996E-02,  6.3055900000000005E-04,0
1293,  2.7500000000000002E-01,15,  4.3750000000000000E-01,  8.1250000000000000E-01,3,  2.1575581489243914E-01,105,24,503,494,9,  2.5638623893575296E-01,  1.0060000000000000E+00,  9.8799999999999999E-01,  4.0863017738027507E-01,  7.8397384000000001E-02,  6.1728000000000000E-04,0
1294,  2.7500000000000002E-01,15,  4.3750000000000000E-01,  8.1250000000000000E-01,4,  2.1575581489243914E-01,105,26,509,494,15,  2.4317835449868652E-01,  1.0180000000000000E+00,  9.8799999999999999E-01,  3.9257820116658321E-01,  8.3290797000000000E-02,  8.1036699999999999E-04,0
1295,  2.7500000000000002E-01,15,  4.3750000000000000E-01,  8.1250000000000000E-01,5,  2.1575581489243914E-01,105,30,525,494,31,  2.0829513496656304E-01,  1.0500000000000000E+00,  9.8799999999999999E-01,  3.4762892367171555E-01,  8.3124146999999995E-02,  7.4083700000000005E-04,0
1296,  2.7500000000000002E-01,15,  4.3750000000000000E-01,  1.0000000000000000E+00,1,  2.1575581489243914E-01,105,17,494,494,0,  3.3553347851221094E-01,  9.8799999999999999E-01,  9.8799999999999999E-01,  5.0094248789643425E-01,  9.2588429999999999E-02,  7.5557000000000000E-04,0
1297,  2.7500000000000002E-01,15,  4.3750000000000000E-01,  1.0000000000000000E+00,2,  2.1575581489243914E-01,105,22,499,494,5,  2.8925057556897477E-01,  9.9800000000000000E-01,  9.8799999999999999E-01,  4.4850952859778920E-01,  8.9157550000000002E-02,  5.6713000000000000E-04,0
1298,  2.7500000000000002E-01,15,  4.3750000000000000E-01,  1.0000000000000000E+00,3,  2.1575581489243914E-01,105,24,503,494,9,  2.5638623893575296E-01,  1.0060000000000000E+00,  9.8799999999999999E-01,  4.0863017738027507E-01,  9.1063987999999998E-02,  7.5204600000000003E-04,0
1299,  2.7500000000000002E-01,15,  4.3750000000000000E-01,  1.0000000000000000E+00,4,  2.1575581489243914E-01,105,26,509,494,15,  2.4317835449868652E-01,  1.0180000000000000E+00,  9.8799999999999999E-01,  3.9257820116658321E-01,  8.5099425000000006E-02,  7.0435199999999999E-04,0
1300,  2.7500000000000002E-01,15,  4.3750000000000000E-01,  1.0000000000000000E+00,5,  2.1575581489243914E-01,105,30,525,494,31,  2.0829513496656304E-01,  1.0500000000000000E+00,  9.8799999999999999E-01,  3.4762892367171555E-01,  8.0888418000000004E-02,  7.6608799999999995E-04,0
1301,  2.7500000000000002E-01,15,  6.2500000000000000E-01,  2.5000000000000000E-01,1,  2.1575581489243914E-01,105,4,499,499,0,  8.5172962053936707E-01,  9.9800000000000000E-01,  9.9800000000000000E-01,  9.1908152614264482E-01,  8.6785356999999994E-02,  6.0853700000000003E-04,0
1302,  2.7500000000000002E-01,15,  6.2500000000000000E-01,  2.5000000000000000E-01,2,  2.1575581489243914E-01,105,10,505,499,6,  4.8934529747926592E-01,  1.0100000000000000E+00,  9.9800000000000000E-01,  6.5927275229393012E-01,  8.7070314999999995E-02,  5.7750399999999995E-04,0
1303,  2.7500000000000002E-01,15,  6.2500000000000000E-01,  2.5000000000000000E-01,3,  2.1575581489243914E-01,105,12,509,499,10,  4.2457212407074935E-01,  1.0180000000000000E+00,  9.9800000000000000E-01,  5.9922747028324719E-01,  8.3547138000000007E-02,  5.7250100000000000E-04,0
1304,  2.7500000000000002E-01,15,  6.2500000000000000E-01,  2.5000000000000000E-01,4,  2.1575581489243914E-01,105,17,524,499,25,  3.2286681016915364E-01,  1.0480000000000000E+00,  9.9800000000000000E-01,  4.9365031605881782E-01,  9.6900072000000004E-02,  6.3134900000000002E-04,0
1305,  2.7500000000000002E-01,15,  6.2500000000000000E-01,  2.5000000000000000E-01,5,  2.1575581489243914E-01,105,19,532,499,33,  3.1116138575994406E-01,  1.0640000000000001E+00,  9.9800000000000000E-01,  4.8150816024494592E-01,  8.4838309000000001E-02,  6.2407200000000004E-04,0
1306,  2.7500000000000002E-01,15,  6.2500000000000000E-01,  4.3750000000000000E-01,1,  2.1575581489243914E-01,105,4,499,499,0,  8.5172962053936707E-01,  9.9800000000000000E-01,  9.9800000000000000E-01,  9.1908152614264482E-01,  9.1428694000000005E-02,  6.9199900000000000E-04,0
1307,  2.7500000000000002E-01,15,  6.2500000000000000E-01,  4.3750000000000000E-01,2,  2.1575581489243914E-01,105,10,505,499,6,  4.8934529747926592E-01,  1.0100000000000000E+00,  9.9800000000000000E-01,  6.5927275229393012E-01,  9.4905775999999997E-02,  6.5034800000000003E-04,0
1308,  2.7500000000000002E-01,15,  6.2500000000000000E-01,  4.3750000000000000E-01,3,  2.1575581489243914E-01,105,12,509,499,10,  4.2457212407074935E-01,  1.0180000000000000E+00,  9.9800000000000000E-01,  5.9922747028324719E-01,  8.4821750000000001E-02,  6.3617199999999995E-04,0
1309,  2.7500000000000002E-01,15,  6.2500000000000000E-01,  4.3750000000000000E-01,4,  2.1575581489243914E-01,105,17,524,499,25,  3.2286681016915364E-01,  1.0480000000000000E+00,  9.9800000000000000E-01,  4.9365031605881782E-01,  8.2028862999999994E-02,  6.3242200000000000E-04,0
1310,  2.7500000000000002E-01,15,  6.2500000000000000E-01,  4.3750000000000000E-01,5,  2.1575581489243914E-01,105,19,532,499,33,  3.1116138575994406E-01,  1.0640000000000001E+00,  9.9800000000000000E-01,  4.8150816024494592E-01,  8.4812921999999999E-02,  6.2786899999999997E-04,0
1311,  2.7500000000000002E-01,15,  6.2500000000000000E-01,  6.2500000000000000E-01,1,  2.1575581489243914E-01,105,4,499,499,0,  8.5172962053936707E-01,  9.9800000000000000E-01,  9.9800000000000000E-01,  9.1908152614264482E-01,  8.3807303000000000E-02,  6.1234199999999999E-04,0
1312,  2.7500000000000002E-01,15,  6.2500000000000000E-01,  6.2500000000000000E-01,2,  2.1575581489243914E-01,105,10,505,499,6,  4.8934529747926592E-01,  1.0100000000000000E+00,  9.9800000000000000E-01,  6.5927275229393012E-01,  8.9161459999999998E-02,  6.9344199999999995E-04,0
1313,  2.7500000000000002E-01,15,  6.2500000000000000E-01,  6.2500000000000000E-01,3,  2.1575581489243914E-01,105,12,509,499,10,  4.2457212407074935E-01,  1.0180000000000000E+00,  9.9800000000000000E-01,  5.9922747028324719E-01,  8.6811918000000002E-02,  7.6779099999999998E-04,0
1314,  2.7500000000000002E-01,15,  6.2500000000000000E-01,  6.2500000000000000E-01,4,  2.1575581489243914E-01,105,17,524,499,25,  3.2286681016915364E-01,  1.0480000000000000E+00,  9.9800000000000000E-01,  4.9365031605881782E-01,  8.4129809000000000E-02,  6.7073499999999999E-04,0
1315,  2.7500000000000002E-01,15,  6.2500000000000000E-01,  6.2500000000000000E-01,5,  2.1575581489243914E-01,105,19,532,499,33,  3.1116138575994406E-01,  1.0640000000000001E+00,  9.9800000000000000E-01,  4.8150816024494592E-01,  9.3638654000000002E-02,  6.0608999999999999E-04,0
1316,  2.7500000000000002E-01,15,  6.2500000000000000E-01,  8.1250000000000000E-01,1,  2.1575581489243914E-01,105,4,499,499,0,  8.5172962053936707E-01,  9.9800000000000000E-01,  9.9800000000000000E-01,  9.1908152614264482E-01,  8.8998065000000001E-02,  8.5017399999999998E-04,0
1317,  2.7500000000000002E-01,15,  6.2500000000000000E-01,  8.1250000000000000E-01,2,  2.1575581489243914E-01,105,10,505,499,6,  4.8934529747926592E-01,  1.0100000000000000E+00,  9.9800000000000000E-01,  6.5927275229393012E-01,  1.1033166400000000E-01,  6.3042600000000001E-04,0
1318,  2.7500000000000002E-01,15,  6.2500000000000000E-01,  8.1250000000000000E-01,3,  2.1575581489243914E-01,105,12,509,499,10,  4.2457212407074935E-01,  1.0180000000000000E+00,  9.9800000000000000E-01,  5.9922747028324719E-01,  8.5380761999999999E-02,  5.9486499999999998E-04,0
1319,  2.7500000000000002E-01,15,  6.2500000000000000E-01,  8.1250000000000000E-01,4,  2.1575581489243914E-01,105,17,524,499,25,  3.2286681016915364E-01,  1.0480000000000000E+00,  9.9800000000000000E-01,  4.9365031605881782E-01,  8.2577010000000006E-02,  5.9989300000000000E-04,0
1320,  2.7500000000000002E-01,15,  6.2500000000000000E-01,  8.1250000000000000E-01,5,  2.1575581489243914E-01,105,19,532,499,33,  3.1116138575994406E-01,  1.0640000000000001E+00,  9.9800000000000000E-01,  4.8150816024494592E-01,  9.4789680000000001E-02,  6.3880100000000004E-04,0
1321,  2.7500000000000002E-01,15,  6.2500000000000000E-01,  1.0000000000000000E+00,1,  2.1575581489243914E-01,105,4,499,499,0,  8.5172962053936707E-01,  9.9800000000000000E-01,  9.9800000000000000E-01,  9.1908152614264482E-01,  9.2120585000000005E-02,  5.9864399999999996E-04,0
1322,  2.7500000000000002E-01,15,  6.2500000000000000E-01,  1.0000000000000000E+00,2,  2.1575581489243914E-01,105,10,505,499,6,  4.8934529747926592E-01,  1.0100000000000000E+00,  9.9800000000000000E-01,  6.5927275229393012E-01,  8.9680654999999998E-02,  6.2139499999999996E-04,0
1323,  2.7500000000000002E-01,15,  6.2500000000000000E-01,  1.0000000000000000E+00,3,  2.1575581489243914E-01,105,12,509,499,10,  4.2457212407074935E-01,  1.0180000000000000E+00,  9.9800000000000000E-01,  5.9922747028324719E-01,  8.3852567000000003E-02,  6.7405600000000003E-04,0
1324,  2.7500000000000002E-01,15,  6.2500000000000000E-01,  1.0000000000000000E+00,4,  2.1575581489243914E-01,105,17,524,499,25,  3.2286681016915364E-01,  1.0480000000000000E+00,  9.9800000000000000E-01,  4.9365031605881782E-01,  8.5421904000000007E-02,  6.6766799999999995E-04,0
1325,  2.7500000000000002E-01,15,  6.2500000000000000E-01,  1.0000000000000000E+00,5,  2.1575581489243914E-01,105,19,532,499,33,  3.1116138575994406E-01,  1.0640000000000001E+00,  9.9800000000000000E-01,  4.8150816024494592E-01,  1.0870100800000000E-01,  9.2661800000000004E-04,0
1326,  2.7500000000000002E-01,15,  8.1250000000000000E-01,  2.5000000000000000E-01,1,  2.1575581489243914E-01,105,2,500,500,0,  9.6812244553126514E-01,  1.0000000000000000E+00,  1.0000000000000000E+00,  9.8380306340130685E-01,  1.0838254000000000E-01,  6.0133699999999997E-04,0
1327,  2.7500000000000002E-01,15,  8.1250000000000000E-01,  2.5000000000000000E-01,2,  2.1575581489243914E-01,105,5,503,500,3,  6.8038212622785510E-01,  1.0060000000000000E+00,  1.0000000000000000E+00,  8.1175483105510693E-01,  9.9523977999999999E-02,  5.9479900000000002E-04,0
1328,  2.7500000000000002E-01,15,  8.1250000000000000E-01,  2.5000000000000000E-01,3,  2.1575581489243914E-01,105,6,505,500,5,  6.1179963821649530E-01,  1.0100000000000000E+00,  1.0000000000000000E+00,  7.6201476438629456E-01,  1.0744107000000000E-01,  7.1715400000000001E-04,0
1329,  2.7500000000000002E-01,15,  8.1250000000000000E-01,  2.5000000000000000E-01,4,  2.1575581489243914E-01,105,8,511,500,11,  5.2250284498138910E-01,  1.0220000000000000E+00,  1.0000000000000000E+00,  6.9148193453462259E-01,  9.5696374000000001E-02,  6.0289000000000002E-04,0
1330,  2.7500000000000002E-01,15,  8.1250000000000000E-01,  2.5000000000000000E-01,5,  2.1575581489243914E-01,105,8,511,500,11,  5.2250284498138910E-01,  1.0220000000000000E+00,  1.0000000000000000E+00,  6.9148193453462259E-01,  9.8255375000000006E-02,  1.0475440000000001E-03,0
1331,  2.7500000000000002E-01,15,  8.1250000000000000E-01,  4.3750000000000000E-01,1,  2.1575581489243914E-01,105,2,500,500,0,  9.6812244553126514E-01,  1.0000000000000000E+00,  1.0000000000000000E+00,  9.8380306340130685E-01,  9.4584054000000001E-02,  7.8009300000000004E-04,0
1332,  2.7500000000000002E-01,15,  8.1250000000000000E-01,  4.3750000000000000E-01,2,  2.1575581489243914E-01,105,5,503,500,3,  6.8038212622785510E-01,  1.0060000000000000E+00,  1.0000000000000000E+00,  8.1175483105510693E-01,  1.0203637300000000E-01,  5.7770200000000003E-04,0
1333,  2.7500000000000002E-01,15,  8.1250000000000000E-01,  4.3750000000000000E-01,3,  2.1575581489243914E-01,105,6,505,500,5,  6.1179963821649530E-01,  1.0100000000000000E+00,  1.0000000000000000E+00,  7.6201476438629456E-01,  9.2331285999999999E-02,  5.7857799999999995E-04,0
1334,  2.7500000000000002E-01,15,  8.1250000000000000E-01,  4.3750000000000000E-01,4,  2.1575581489243914E-01,105,8,511,500,11,  5.2250284498138910E-01,  1.0220000000000000E+00,  1.0000000000000000E+00,  6.9148193453462259E-01,  9.8316958999999995E-02,  5.9329599999999999E-04,0
1335,  2.7500000000000002E-01,15,  8.1250000000000000E-01,  4.3750000000000000E-01,5,  2.1575581489243914E-01,105,8,511,500,11,  5.2250284498138910E-01,  1.0220000000000000E+00,  1.0000000000000000E+00,  6.9148193453462259E-01,  1.0014921100000000E-01,  1.1426130000000000E-03,0
1336,  2.7500000000000002E-01,15,  8.1250000000000000E-01,  6.2500000000000000E-01,1,  2.1575581489243914E-01,105,2,500,500,0,  9.6812244553126514E-01,  1.0000000000000000E+00,  1.0000000000000000E+00,  9.8380306340130685E-01,  9.7153743000000001E-02,  7.7918599999999996E-04,0
1337,  2.7500000000000002E-01,15,  8.1250000000000000E-01,  6.2500000000000000E-01,2,  2.1575581489243914E-01,105,5,503,500,3,  6.8038212622785510E-01,  1.0060000000000000E+00,  1.0000000000000000E+00,  8.1175483105510693E-01,  9.7444221999999997E-02,  7.6528299999999996E-04,0
1338,  2.7500000000000002E-01,15,  8.1250000000000000E-01,  6.2500000000000000E-01,3,  2.1575581489243914E-01,105,6,505,500,5,  6.1179963821649530E-01,  1.0100000000000000E+00,  1.0000000000000000E+00,  7.6201476438629456E-01,  1.0944888200000000E-01,  6.3020299999999997E-04,0
1339,  2.7500000000000002E-01,15,  8.1250000000000000E-01,  6.2500000000000000E-01,4,  2.1575581489243914E-01,105,8,511,500,11,  5.2250284498138910E-01,  1.0220000000000000E+00,  1.0000000000000000E+00,  6.9148193453462259E-01,  1.1536742600000000E-01,  7.3127399999999996E-04,0
1340,  2.7500000000000002E-01,15,  8.1250000000000000E-01,  6.2500000000000000E-01,5,  2.1575581489243914E-01,105,8,511,500,11,  5.2250284498138910E-01,  1.0220000000000000E+00,  1.0000000000000000E+00,  6.9148193453462259E-01,  1.0106143099999999E-01,  8.4219399999999999E-04,0
1341,  2.7500000000000002E-01,15,  8.1250000000000000E-01,  8.1250000000000000E-01,1,  2.1575581489243914E-01,105,2,500,500,0,  9.6812244553126514E-01,  1.0000000000000000E+00,  1.0000000000000000E+00,  9.8380306340130685E-01,  1.2203400800000000E-01,  8.9825599999999995E-04,0
1342,  2.7500000000000002E-01,15,  8.1250000000000000E-01,  8.1250000000000000E-01,2,  2.1575581489243914E-01,105,5,503,500,3,  6.8038212622785510E-01,  1.0060000000000000E+00,  1.0000000000000000E+00,  8.1175483105510693E-01,  1.2560836700000000E-01,  7.9235799999999995E-04,0
1343,  2.7500000000000002E-01,15,  8.1250000000000000E-01,  8.1250000000000000E-01,3,  2.1575581489243914E-01,105,6,505,500,5,  6.1179963821649530E-01,  1.0100000000000000E+00,  1.0000000000000000E+00,  7.6201476438629456E-01,  1.1072833100000000E-01,  6.6279800000000003E-04,0
1344,  2.7500000000000002E-01,15,  8.1250000000000000E-01,  8.1250000000000000E-01,4,  2.1575581489243914E-01,105,8,511,500,11,  5.2250284498138910E-01,  1.0220000000000000E+00,  1.0000000000000000E+00,  6.9148193453462259E-01,  1.0150573600000000E-01,  6.3961900000000002E-04,0
1345,  2.7500000000000002E-01,15,  8.1250000000000000E-01,  8.1250000000000000E-01,5,  2.1575581489243914E-01,105,8,511,500,11,  5.2250284498138910E-01,  1.0220000000000000E+00,  1.0000000000000000E+00,  6.9148193453462259E-01,  1.0985233500000000E-01,  6.7019099999999999E-04,0
1346,  2.7500000000000002E-01,15,  8.1250000000000000E-01,  1.0000000000000000E+00,1,  2.1575581489243914E-01,105,2,500,500,0,  9.6812244553126514E-01,  1.0000000000000000E+00,  1.0000000000000000E+00,  9.8380306340130685E-01,  1.4202005500000001E-01,  1.0047019999999999E-03,0
1347,  2.7500000000000002E-01,15,  8.1250000000000000E-01,  1.0000000000000000E+00,2,  2.1575581489243914E-01,105,5,503,500,3,  6.8038212622785510E-01,  1.0060000000000000E+00,  1.0000000000000000E+00,  8.1175483105510693E-01,  1.1413518900000000E-01,  6.3465199999999998E-04,0
1348,  2.7500000000000002E-01,15,  8.1250000000000000E-01,  1.0000000000000000E+00,3,  2.1575581489243914E-01,105,6,505,500,5,  6.1179963821649530E-01,  1.0100000000000000E+00,  1.0000000000000000E+00,  7.6201476438629456E-01,  1.1523242000000000E-01,  6.1705799999999997E-04,0
1349,  2.7500000000000002E-01,15,  8.1250000000000000E-01,  1.0000000000000000E+00,4,  2.1575581489243914E-01,105,8,511,500,11,  5.2250284498138910E-01,  1.0220000000000000E+00,  1.0000000000000000E+00,  6.9148193453462259E-01,  1.0967829300000000E-01,  8.9600100000000000E-04,0
1350,  2.7500000000000002E-01,15,  8.1250000000000000E-01,  1.0000000000000000E+00,5,  2.1575581489243914E-01,105,8,511,500,11,  5.2250284498138910E-01,  1.0220000000000000E+00,  1.0000000000000000E+00,  6.9148193453462259E-01,  1.0504399300000000E-01,  6.4753900000000004E-04,0
1351,  2.7500000000000002E-01,15,  1.0000000000000000E+00,  2.5000000000000000E-01,1,  2.1575581489243914E-01,105,1,500,500,0,  1.0000000000000000E+00,  1.0000000000000000E+00,  1.0000000000000000E+00,  1.0000000000000000E+00,  1.1033267900000000E-01,  5.8414299999999997E-04,0
1352,  2.7500000000000002E-01,15,  1.0000000000000000E+00,  2.5000000000000000E-01,2,  2.1575581489243914E-01,105,2,501,500,1,  9.6626007460678454E-01,  1.0020000000000000E+00,  1.0000000000000000E+00,  9.8380555216964582E-01,  1.0030953700000000E-01,  5.9049600000000003E-04,0
1353,  2.7500000000000002E-01,15,  1.0000000000000000E+00,  2.5000000000000000E-01,3,  2.1575581489243914E-01,105,4,505,500,5,  8.5167151972263100E-01,  1.0100000000000000E+00,  1.0000000000000000E+00,  9.2410312539777806E-01,  1.0483930299999999E-01,  5.9008499999999996E-04,0
1354,  2.7500000000000002E-01,15,  1.0000000000000000E+00,  2.5000000000000000E-01,4,  2.1575581489243914E-01,105,5,508,500,8,  6.8179253992020494E-01,  1.0160000000000000E+00,  1.0000000000000000E+00,  8.1600219611223490E-01,  1.0164761899999999E-01,  6.1905700000000001E-04,0
1355,  2.7500000000000002E-01,15,  1.0000000000000000E+00,  2.5000000000000000E-01,5,  2.1575581489243914E-01,105,5,508,500,8,  6.8179253992020494E-01,  1.0160000000000000E+00,  1.0000000000000000E+00,  8.1600219611223490E-01,  1.1775059000000000E-01,  6.6092500000000003E-04,0
1356,  2.7500000000000002E-01,15,  1.0000000000000000E+00,  4.3750000000000000E-01,1,  2.1575581489243914E-01,105,1,500,500,0,  1.0000000000000000E+00,  1.0000000000000000E+00,  1.0000000000000000E+00,  1.0000000000000000E+00,  1.1938587200000000E-01,  6.2904400000000004E-04,0
1357,  2.7500000000000002E-01,15,  1.0000000000000000E+00,  4.3750000000000000E-01,2,  2.1575581489243914E-01,105,2,501,500,1,  9.6626007460678454E-01,  1.0020000000000000E+00,  1.0000000000000000E+00,  9.8380555216964582E-01,  1.0446662499999999E-01,  5.8329300000000003E-04,0
1358,  2.7500000000000002E-01,15,  1.0000000000000000E+00,  4.3750000000000000E-01,3,  2.1575581489243914E-01,105,4,505,500,5,  8.5167151972263100E-01,  1.0100000000000000E+00,  1.0000000000000000E+00,  9.2410312539777806E-01,  1.0187778200000000E-01,  5.6711900000000004E-04,0
1359,  2.7500000000000002E-01,15,  1.0000000000000000E+00,  4.3750000000000000E-01,4,  2.1575581489243914E-01,105,5,508,500,8,  6.8179253992020494E-01,  1.0160000000000000E+00,  1.0000000000000000E+00,  8.1600219611223490E-01,  1.0098272400000000E-01,  5.7624000000000000E-04,0
1360,  2.7500000000000002E-01,15,  1.0000000000000000E+00,  4.3750000000000000E-01,5,  2.1575581489243914E-01,105,5,508,500,8,  6.8179253992020494E-01,  1.0160000000000000E+00,  1.0000000000000000E+00,  8.1600219611223490E-01,  1.1014522500000000E-01,  6.3161800000000002E-04,0
1361,  2.7500000000000002E-01,15,  1.0000000000000000E+00,  6.2500000000000000E-01,1,  2.1575581489243914E-01,105,1,500,500,0,  1.0000000000000000E+00,  1.0000000000000000E+00,  1.0000000000000000E+00,  1.0000000000000000E+00,  1.0845158500000000E-01,  7.7894499999999996E-04,0
1362,  2.7500000000000002E-01,15,  1.0000000000000000E+00,  6.2500000000000000E-01,2,  2.1575581489243914E-01,105,2,501,500,1,  9.6626007460678454E-01,  1.0020000000000000E+00,  1.0000000000000000E+00,  9.8380555216964582E-01,  1.0045010500000000E-01,  6.5947800000000002E-04,0
1363,  2.7500000000000002E-01,15,  1.0000000000000000E+00,  6.2500000000000000E-01,3,  2.1575581489243914E-01,105,4,505,500,5,  8.5167151972263100E-01,  1.0100000000000000E+00,  1.0000000000000000E+00,  9.2410312539777806E-01,  1.0560726300000001E-01,  6.6140800000000005E-04,0
1364,  2.7500000000000002E-01,15,  1.0000000000000000E+00,  6.2500000000000000E-01,4,  2.1575581489243914E-01,105,5,508,500,8,  6.8179253992020494E-01,  1.0160000000000000E+00,  1.0000000000000000E+00,  8.1600219611223490E-01,  1.0999850700000000E-01,  6.0202499999999996E-04,0
1365,  2.7500000000000002E-01,15,  1.0000000000000000E+00,  6.2500000000000000E-01,5,  2.1575581489243914E-01,105,5,508,500,8,  6.8179253992020494E-01,  1.0160000000000000E+00,  1.0000000000000000E+00,  8.1600219611223490E-01,  1.0107126200000000E-01,  5.6584400000000003E-04,0
1366,  2.7500000000000002E-01,15,  1.0000000000000000E+00,  8.1250000000000000E-01,1,  2.1575581489243914E-01,105,1,500,500,0,  1.0000000000000000E+00,  1.0000000000000000E+00,  1.0000000000000000E+00,  1.0000000000000000E+00,  1.0388373900000000E-01,  7.3615099999999999E-04,0
1367,  2.7500000000000002E-01,15,  1.0000000000000000E+00,  8.1250000000000000E-01,2,  2.1575581489243914E-01,105,2,501,500,1,  9.6626007460678454E-01,  1.0020000000000000E+00,  1.0000000000000000E+00,  9.8380555216964582E-01,  1.0257344700000000E-01,  5.6910200000000004E-04,0
1368,  2.7500000000000002E-01,15,  1.0000000000000000E+00,  8.1250000000000000E-01,3,  2.1575581489243914E-01,105,4,505,500,5,  8.5167151972263100E-01,  1.0100000000000000E+00,  1.0000000000000000E+00,  9.2410312539777806E-01,  9.8230313000000000E-02,  5.6440199999999998E-04,0
1369,  2.7500000000000002E-01,15,  1.0000000000000000E+00,  8.1250000000000000E-01,4,  2.1575581489243914E-01,105,5,508,500,8,  6.8179253992020494E-01,  1.0160000000000000E+00,  1.0000000000000000E+00,  8.1600219611223490E-01,  1.0457091200000000E-01,  5.7458200000000002E-04,0
1370,  2.7500000000000002E-01,15,  1.0000000000000000E+00,  8.1250000000000000E-01,5,  2.1575581489243914E-01,105,5,508,500,8,  6.8179253992020494E-01,  1.0160000000000000E+00,  1.0000000000000000E+00,  8.1600219611223490E-01,  1.0897303799999999E-01,  6.0945300000000003E-04,0
1371,  2.7500000000000002E-01,15,  1.0000000000000000E+00,  1.0000000000000000E+00,1,  2.1575581489243914E-01,105,1,500,500,0,  1.0000000000000000E+00,  1.0000000000000000E+00,  1.0000000000000000E+00,  1.0000000000000000E+00,  1.0909987500000000E-01,  5.6638000000000001E-04,0
1372,  2.7500000000000002E-01,15,  1.0000000000000000E+00,  1.0000000000000000E+00,2,  2.1575581489243914E-01,105,2,501,500,1,  9.6626007460678454E-01,  1.0020000000000000E+00,  1.0000000000000000E+00,  9.8380555216964582E-01,  1.0244578300000000E-01,  5.6263799999999996E-04,0
1373,  2.7500000000000002E-01,15,  1.0000000000000000E+00,  1.0000000000000000E+00,3,  2.1575581489243914E-01,105,4,505,500,5,  8.5167151972263100E-01,  1.0100000000000000E+00,  1.0000000000000000E+00,  9.2410312539777806E-01,  9.8961865999999996E-02,  6.1801499999999997E-04,0
1374,  2.7500000000000002E-01,15,  1.0000000000000000E+00,  1.0000000000000000E+00,4,  2.1575581489243914E-01,105,5,508,500,8,  6.8179253992020494E-01,  1.0160000000000000E+00,  1.0000000000000000E+00,  8.1600219611223490E-01,  9.8564976999999998E-02,  5.7637200000000002E-04,0
1375,  2.7500000000000002E-01,15,  1.0000000000000000E+00,  1.0000000000000000E+00,5,  2.1575581489243914E-01,105,5,508,500,8,  6.8179253992020494E-01,  1.0160000000000000E+00,  1.0000000000000000E+00,  8.1600219611223490E-01,  9.8229760999999999E-02,  5.8858700000000001E-04,0
1376,  2.7500000000000002E-01,25,  2.5000000000000000E-01,  2.5000000000000000E-01,1,  2.1575581489243914E-01,66,27,426,426,0,  1.9406766059379760E-01,  8.5199999999999998E-01,  8.5199999999999998E-01,  3.1612801552828340E-01,  4.8253887000000002E-02,  5.1863099999999997E-04,0
1377,  2.7500000000000002E-01,25,  2.5000000000000000E-01,  2.5000000000000000E-01,2,  2.1575581489243914E-01,66,27,426,426,0,  1.9406766059379760E-01,  8.5199999999999998E-01,  8.5199999999999998E-01,  3.1612801552828340E-01,  4.7247591999999998E-02,  5.0413400000000005E-04,0
1378,  2.7500000000000002E-01,25,  2.5000000000000000E-01,  2.5000000000000000E-01,3,  2.1575581489243914E-01,66,28,428,426,2,  1.8591634119292985E-01,  8.5599999999999998E-01,  8.5199999999999998E-01,  3.0548400436629580E-01,  4.6216286000000002E-02,  4.9098600000000000E-04,0
1379,  2.7500000000000002E-01,25,  2.5000000000000000E-01,  2.5000000000000000E-01,4,  2.1575581489243914E-01,66,28,428,426,2,  1.8591634119292985E-01,  8.5599999999999998E-01,  8.5199999999999998E-01,  3.0548400436629580E-01,  4.6668149999999999E-02,  4.7813700000000001E-04,0
1380,  2.7500000000000002E-01,25,  2.5000000000000000E-01,  2.5000000000000000E-01,5,  2.1575581489243914E-01,66,31,440,426,14,  1.7316735099942618E-01,  8.8000000000000000E-01,  8.5199999999999998E-01,  2.8938851690547340E-01,  4.5865610000000001E-02,  4.8625200000000001E-04,0
1381,  2.7500000000000002E-01,25,  2.5000000000000000E-01,  4.3750000000000000E-01,1,  2.1575581489243914E-01,66,27,426,426,0,  1.9406766059379760E-01,  8.5199999999999998E-01,  8.5199999999999998E-01,  3.1612801552828340E-01,  5.0463109999999999E-02,  5.1946200000000005E-04,0
1382,  2.7500000000000002E-01,25,  2.5000000000000000E-01,  4.3750000000000000E-01,2,  2.1575581489243914E-01,66,27,426,426,0,  1.9406766059379760E-01,  8.5199999999999998E-01,  8.5199999999999998E-01,  3.1612801552828340E-01,  4.8393843999999998E-02,  4.9103099999999995E-04,0
1383,  2.7500000000000002E-01,25,  2.5000000000000000E-01,  4.3750000000000000E-01,3,  2.1575581489243914E-01,66,28,428,426,2,  1.8591634119292985E-01,  8.5599999999999998E-01,  8.5199999999999998E-01,  3.0548400436629580E-01,  4.6784771000000003E-02,  5.2776899999999998E-04,0
1384,  2.7500000000000002E-01,25,  2.5000000000000000E-01,  4.3750000000000000E-01,4,  2.1575581489243914E-01,66,28,428,426,2,  1.8591634119292985E-01,  8.5599999999999998E-01,  8.5199999999999998E-01,  3.0548400436629580E-01,  4.5575432999999999E-02,  5.0647400000000003E-04,0
1385,  2.7500000000000002E-01,25,  2.5000000000000000E-01,  4.3750000000000000E-01,5,  2.1575581489243914E-01,66,31,440,426,14,  1.7316735099942618E-01,  8.8000000000000000E-01,  8.5199999999999998E-01,  2.8938851690547340E-01,  4.6490147000000002E-02,  5.3849599999999996E-04,0
1386,  2.7500000000000002E-01,25,  2.5000000000000000E-01,  6.2500000000000000E-01,1,  2.1575581489243914E-01,66,27,426,426,0,  1.9406766059379760E-01,  8.5199999999999998E-01,  8.5199999999999998E-01,  3.1612801552828340E-01,  4.7173795999999997E-02,  5.3196899999999997E-04,0
1387,  2.7500000000000002E-01,25,  2.5000000000000000E-01,  6.2500000000000000E-01,2,  2.1575581489243914E-01,66,27,426,426,0,  1.9406766059379760E-01,  8.5199999999999998E-01,  8.5199999999999998E-01,  3.1612801552828340E-01,  4.6243789000000000E-02,  4.9387200000000002E-04,0
1388,  2.7500000000000002E-01,25,  2.5000000000000000E-01,  6.2500000000000000E-01,3,  2.1575581489243914E-01,66,28,428,426,2,  1.8591634119292985E-01,  8.5599999999999998E-01,  8.5199999999999998E-01,  3.0548400436629580E-01,  4.5787964000000000E-02,  4.8999299999999998E-04,0
1389,  2.7500000000000002E-01,25,  2.5000000000000000E-01,  6.2500000000000000E-01,4,  2.1575581489243914E-01,66,28,428,426,2,  1.8591634119292985E-01,  8.5599999999999998E-01,  8.5199999999999998E-01,  3.0548400436629580E-01,  4.6685111000000001E-02,  4.8874599999999997E-04,0
1390,  2.7500000000000002E-01,25,  2.5000000000000000E-01,  6.2500000000000000E-01,5,  2.1575581489243914E-01,66,31,440,426,14,  1.7316735099942618E-01,  8.8000000000000000E-01,  8.5199999999999998E-01,  2.8938851690547340E-01,  4.9203150000000001E-02,  5.2346000000000001E-04,0
1391,  2.7500000000000002E-01,25,  2.5000000000000000E-01,  8.1250000000000000E-01,1,  2.1575581489243914E-01,66,27,426,426,0,  1.9406766059379760E-01,  8.5199999999999998E-01,  8.5199999999999998E-01,  3.1612801552828340E-01,  4.6072601999999997E-02,  5.2626500000000004E-04,0
1392,  2.7500000000000002E-01,25,  2.5000000000000000E-01,  8.1250000000000000E-01,2,  2.1575581489243914E-01,66,27,426,426,0,  1.9406766059379760E-01,  8.5199999999999998E-01,  8.5199999999999998E-01,  3.1612801552828340E-01,  4.6032004000000001E-02,  4.9591999999999995E-04,0
1393,  2.7500000000000002E-01,25,  2.5000000000000000E-01,  8.1250000000000000E-01,3,  2.1575581489243914E-01,66,28,428,426,2,  1.8591634119292985E-01,  8.5599999999999998E-01,  8.5199999999999998E-01,  3.0548400436629580E-01,  4.6413068000000002E-02,  4.9424899999999999E-04,0
1394,  2.7500000000000002E-01,25,  2.5000000000000000E-01,  8.1250000000000000E-01,4,  2.1575581489243914E-01,66,28,428,426,2,  1.8591634119292985E-01,  8.5599999999999998E-01,  8.5199999999999998E-01,  3.0548400436629580E-01,  4.9101006000000003E-02,  5.0275099999999996E-04,0
1395,  2.7500000000000002E-01,25,  2.5000000000000000E-01,  8.1250000000000000E-01,5,  2.1575581489243914E-01,66,31,440,426,14,  1.7316735099942618E-01,  8.8000000000000000E-01,  8.5199999999999998E-01,  2.8938851690547340E-01,  4.6472776000000000E-02,  5.0437300000000002E-04,0
1396,  2.7500000000000002E-01,25,  2.5000000000000000E-01,  1.0000000000000000E+00,1,  2.1575581489243914E-01,66,27,426,426,0,  1.9406766059379760E-01,  8.5199999999999998E-01,  8.5199999999999998E-01,  3.1612801552828340E-01,  4.6026260999999999E-02,  5.3192199999999999E-04,0
1397,  2.7500000000000002E-01,25,  2.5000000000000000E-01,  1.0000000000000000E+00,2,  2.1575581489243914E-01,66,27,426,426,0,  1.9406766059379760E-01,  8.5199999999999998E-01,  8.5199999999999998E-01,  3.1612801552828340E-01,  4.5704705999999998E-02,  4.8182500000000002E-04,0
1398,  2.7500000000000002E-01,25,  2.5000000000000000E-01,  1.0000000000000000E+00,3,  2.1575581489243914E-01,66,28,428,426,2,  1.8591634119292985E-01,  8.5599999999999998E-01,  8.5199999999999998E-01,  3.0548400436629580E-01,  4.5992337000000001E-02,  4.9576600000000002E-04,0
1399,  2.7500000000000002E-01,25,  2.5000000000000000E-01,  1.0000000000000000E+00,4,  2.1575581489243914E-01,66,28,428,426,2,  1.8591634119292985E-01,  8.5599999999999998E-01,  8.5199999999999998E-01,  3.0548400436629580E-01,  4.7308677000000000E-02,  5.2216800000000005E-04,0
1400,  2.7500000000000002E-01,25,  2.5000000000000000E-01,  1.0000000000000000E+00,5,  2.1575581489243914E-01,66,31,440,426,14,  1.7316735099942618E-01,  8.8000000000000000E-01,  8.5199999999999998E-01,  2.8938851690547340E-01,  4.9961423999999997E-02,  5.0446099999999999E-04,0
1401,  2.7500000000000002E-01,25,  4.3750000000000000E-01,  2.5000000000000000E-01,1,  2.1575581489243914E-01,66,20,468,468,0,  2.9098668928819071E-01,  9.3600000000000005E-01,  9.3600000000000005E-01,  4.4395516846519700E-01,  4.9826983999999998E-02,  5.3794699999999999E-04,0
1402,  2.7500000000000002E-01,25,  4.3750000000000000E-01,  2.5000000000000000E-01,2,  2.1575581489243914E-01,66,23,471,468,3,  2.4355019673499098E-01,  9.4199999999999995E-01,  9.3600000000000005E-01,  3.8703428324873418E-01,  4.8250596000000000E-02,  5.4494700000000005E-04,0
1403,  2.7500000000000002E-01,25,  4.3750000000000000E-01,  2.5000000000000000E-01,3,  2.1575581489243914E-01,66,23,471,468,3,  2.4355019673499098E-01,  9.4199999999999995E-01,  9.3600000000000005E-01,  3.8703428324873418E-01,  4.7274244999999999E-02,  5.4553600000000000E-04,0
1404,  2.7500000000000002E-01,25,  4.3750000000000000E-01,  2.5000000000000000E-01,4,  2.1575581489243914E-01,66,24,474,468,6,  2.2877130901647724E-01,  9.4799999999999995E-01,  9.3600000000000005E-01,  3.6859362441268306E-01,  5.5411149000000000E-02,  5.5094200000000001E-04,0
1405,  2.7500000000000002E-01,25,  4.3750000000000000E-01,  2.5000000000000000E-01,5,  2.1575581489243914E-01,66,25,478,468,10,  2.1607188925326151E-01,  9.5599999999999996E-01,  9.3600000000000005E-01,  3.5247791201224427E-01,  4.8063368000000002E-02,  5.6488999999999997E-04,0
1406,  2.7500000000000002E-01,25,  4.3750000000000000E-01,  4.3750000000000000E-01,1,  2.1575581489243914E-01,66,20,468,468,0,  2.9098668928819071E-01,  9.3600000000000005E-01,  9.3600000000000005E-01,  4.4395516846519700E-01,  5.0789248000000002E-02,  5.5953199999999995E-04,0
1407,  2.7500000000000002E-01,25,  4.3750000000000000E-01,  4.3750000000000000E-01,2,  2.1575581489243914E-01,66,23,471,468,3,  2.4355019673499098E-01,  9.4199999999999995E-01,  9.3600000000000005E-01,  3.8703428324873418E-01,  4.8182053000000002E-02,  7.8844300000000000E-04,0
1408,  2.7500000000000002E-01,25,  4.3750000000000000E-01,  4.3750000000000000E-01,3,  2.1575581489243914E-01,66,23,471,468,3,  2.4355019673499098E-01,  9.4199999999999995E-01,  9.3600000000000005E-01,  3.8703428324873418E-01,  5.4307939999999999E-02,  5.6354699999999996E-04,0
1409,  2.7500000000000002E-01,25,  4.3750000000000000E-01,  4.3750000000000000E-01,4,  2.1575581489243914E-01,66,24,474,468,6,  2.2877130901647724E-01,  9.4799999999999995E-01,  9.3600000000000005E-01,  3.6859362441268306E-01,  4.7407154999999999E-02,  5.6083800000000003E-04,0
1410,  2.7500000000000002E-01,25,  4.3750000000000000E-01,  4.3750000000000000E-01,5,  2.1575581489243914E-01,66,25,478,468,10,  2.1607188925326151E-01,  9.5599999999999996E-01,  9.3600000000000005E-01,  3.5247791201224427E-01,  4.6895821999999997E-02,  5.4246000000000003E-04,0
1411,  2.7500000000000002E-01,25,  4.3750000000000000E-01,  6.2500000000000000E-01,1,  2.1575581489243914E-01,66,20,468,468,0,  2.9098668928819071E-01,  9.3600000000000005E-01,  9.3600000000000005E-01,  4.4395516846519700E-01,  5.3929474999999998E-02,  6.8410499999999996E-04,0
1412,  2.7500000000000002E-01,25,  4.3750000000000000E-01,  6.2500000000000000E-01,2,  2.1575581489243914E-01,66,23,471,468,3,  2.4355019673499098E-01,  9.4199999999999995E-01,  9.3600000000000005E-01,  3.8703428324873418E-01,  5.3666443000000001E-02,  5.5610900000000005E-04,0
1413,  2.7500000000000002E-01,25,  4.3750000000000000E-01,  6.2500000000000000E-01,3,  2.1575581489243914E-01,66,23,471,468,3,  2.4355019673499098E-01,  9.4199999999999995E-01,  9.3600000000000005E-01,  3.8703428324873418E-01,  4.8281039999999997E-02,  5.2449199999999999E-04,0
1414,  2.7500000000000002E-01,25,  4.3750000000000000E-01,  6.2500000000000000E-01,4,  2.1575581489243914E-01,66,24,474,468,6,  2.2877130901647724E-01,  9.4799999999999995E-01,  9.3600000000000005E-01,  3.6859362441268306E-01,  5.2420412999999999E-02,  5.9388699999999997E-04,0
1415,  2.7500000000000002E-01,25,  4.3750000000000000E-01,  6.2500000000000000E-01,5,  2.1575581489243914E-01,66,25,478,468,10,  2.1607188925326151E-01,  9.5599999999999996E-01,  9.3600000000000005E-01,  3.5247791201224427E-01,  5.0821110000000003E-02,  5.9219600000000002E-04,0
1416,  2.7500000000000002E-01,25,  4.3750000000000000E-01,  8.1250000000000000E-01,1,  2.1575581489243914E-01,66,20,468,468,0,  2.9098668928819071E-01,  9.3600000000000005E-01,  9.3600000000000005E-01,  4.4395516846519700E-01,  5.0168536000000000E-02,  1.0024599999999999E-03,0
1417,  2.7500000000000002E-01,25,  4.3750000000000000E-01,  8.1250000000000000E-01,2,  2.1575581489243914E-01,66,23,471,468,3,  2.4355019673499098E-01,  9.4199999999999995E-01,  9.3600000000000005E-01,  3.8703428324873418E-01,  4.9736296999999999E-02,  5.4754599999999999E-04,0
1418,  2.7500000000000002E-01,25,  4.3750000000000000E-01,  8.1250000000000000E-01,3,  2.1575581489243914E-01,66,23,471,468,3,  2.4355019673499098E-01,  9.4199999999999995E-01,  9.3600000000000005E-01,  3.8703428324873418E-01,  5.6654023999999997E-02,  5.7908700000000005E-04,0
1419,  2.7500000000000002E-01,25,  4.3750000000000000E-01,  8.1250000000000000E-01,4,  2.1575581489243914E-01,66,24,474,468,6,  2.2877130901647724E-01,  9.4799999999999995E-01,  9.3600000000000005E-01,  3.6859362441268306E-01,  4.9291065000000002E-02,  5.4577599999999999E-04,0
1420,  2.7500000000000002E-01,25,  4.3750000000000000E-01,  8.1250000000000000E-01,5,  2.1575581489243914E-01,66,25,478,468,10,  2.1607188925326151E-01,  9.5599999999999996E-01,  9.3600000000000005E-01,  3.5247791201224427E-01,  5.0492870000000002E-02,  8.2853600000000005E-04,0
1421,  2.7500000000000002E-01,25,  4.3750000000000000E-01,  1.0000000000000000E+00,1,  2.1575581489243914E-01,66,20,468,468,0,  2.9098668928819071E-01,  9.3600000000000005E-01,  9.3600000000000005E-01,  4.4395516846519700E-01,  5.3952061000000003E-02,  5.4859400000000001E-04,0
1422,  2.7500000000000002E-01,25,  4.3750000000000000E-01,  1.0000000000000000E+00,2,  2.1575581489243914E-01,66,23,471,468,3,  2.4355019673499098E-01,  9.4199999999999995E-01,  9.3600000000000005E-01,  3.8703428324873418E-01,  4.9838322999999997E-02,  5.7034800000000004E-04,0
1423,  2.7500000000000002E-01,25,  4.3750000000000000E-01,  1.0000000000000000E+00,3,  2.1575581489243914E-01,66,23,471,468,3,  2.4355019673499098E-01,  9.4199999999999995E-01,  9.3600000000000005E-01,  3.8703428324873418E-01,  4.8153173000000001E-02,  5.4588200000000003E-04,0
1424,  2.7500000000000002E-01,25,  4.3750000000000000E-01,  1.0000000000000000E+00,4,  2.1575581489243914E-01,66,24,474,468,6,  2.2877130901647724E-01,  9.4799999999999995E-01,  9.3600000000000005E-01,  3.6859362441268306E-01,  4.7733937999999997E-02,  5.5071500000000002E-04,0
1425,  2.7500000000000002E-01,25,  4.3750000000000000E-01,  1.0000000000000000E+00,5,  2.1575581489243914E-01,66,25,478,468,10,  2.1607188925326151E-01,  9.5599999999999996E-01,  9.3600000000000005E-01,  3.5247791201224427E-01,  5.4122509999999999E-02,  5.6455199999999996E-04,0
1426,  2.7500000000000002E-01,25,  6.2500000000000000E-01,  2.5000000000000000E-01,1,  2.1575581489243914E-01,66,7,489,489,0,  6.9468585841509456E-01,  9.7799999999999998E-01,  9.7799999999999998E-01,  8.1234951095205776E-01,  5.2618573000000002E-02,  5.7417000000000004E-04,0
1427,  2.7500000000000002E-01,25,  6.2500000000000000E-01,  2.5000000000000000E-01,2,  2.1575581489243914E-01,66,13,495,489,6,  4.3185759331939455E-01,  9.8999999999999999E-01,  9.7799999999999998E-01,  6.0138092505887353E-01,  5.9075972999999997E-02,  5.9790300000000000E-04,0
1428,  2.7500000000000002E-01,25,  6.2500000000000000E-01,  2.5000000000000000E-01,3,  2.1575581489243914E-01,66,14,497,489,8,  4.1773885459907684E-01,  9.9399999999999999E-01,  9.7799999999999998E-01,  5.8825670217797510E-01,  5.4447682999999997E-02,  7.1072099999999999E-04,0
1429,  2.7500000000000002E-01,25,  6.2500000000000000E-01,  2.5000000000000000E-01,4,  2.1575581489243914E-01,66,17,506,489,17,  3.4866926633743689E-01,  1.0120000000000000E+00,  9.7799999999999998E-01,  5.1864667816489196E-01,  5.4582210999999999E-02,  7.2728500000000004E-04,0
1430,  2.7500000000000002E-01,25,  6.2500000000000000E-01,  2.5000000000000000E-01,5,  2.1575581489243914E-01,66,18,510,489,21,  3.4155214998189548E-01,  1.0200000000000000E+00,  9.7799999999999998E-01,  5.1174417812224948E-01,  5.8424051999999997E-02,  7.4250900000000003E-04,0
1431,  2.7500000000000002E-01,25,  6.2500000000000000E-01,  4.3750000000000000E-01,1,  2.1575581489243914E-01,66,7,489,489,0,  6.9468585841509456E-01,  9.7799999999999998E-01,  9.7799999999999998E-01,  8.1234951095205776E-01,  5.4742376000000002E-02,  5.2313499999999998E-04,0
1432,  2.7500000000000002E-01,25,  6.2500000000000000E-01,  4.3750000000000000E-01,2,  2.1575581489243914E-01,66,13,495,489,6,  4.3185759331939455E-01,  9.8999999999999999E-01,  9.7799999999999998E-01,  6.0138092505887353E-01,  5.3775674000000002E-02,  5.5734800000000004E-04,0
1433,  2.7500000000000002E-01,25,  6.2500000000000000E-01,  4.3750000000000000E-01,3,  2.1575581489243914E-01,66,14,497,489,8,  4.1773885459907684E-01,  9.9399999999999999E-01,  9.7799999999999998E-01,  5.8825670217797510E-01,  5.1671153999999997E-02,  7.2550200000000005E-04,0
1434,  2.7500000000000002E-01,25,  6.2500000000000000E-01,  4.3750000000000000E-01,4,  2.1575581489243914E-01,66,17,506,489,17,  3.4866926633743689E-01,  1.0120000000000000E+00,  9.7799999999999998E-01,  5.1864667816489196E-01,  5.2200979000000002E-02,  5.6754799999999997E-04,0
1435,  2.7500000000000002E-01,25,  6.2500000000000000E-01,  4.3750000000000000E-01,5,  2.1575581489243914E-01,66,18,510,489,21,  3.4155214998189548E-01,  1.0200000000000000E+00,  9.7799999999999998E-01,  5.1174417812224948E-01,  5.2074308999999999E-02,  5.7852100000000003E-04,0
1436,  2.7500000000000002E-01,25,  6.2500000000000000E-01,  6.2500000000000000E-01,1,  2.1575581489243914E-01,66,7,489,489,0,  6.9468585841509456E-01,  9.7799999999999998E-01,  9.7799999999999998E-01,  8.1234951095205776E-01,  6.0489503999999999E-02,  6.5298400000000001E-04,0
1437,  2.7500000000000002E-01,25,  6.2500000000000000E-01,  6.2500000000000000E-01,2,  2.1575581489243914E-01,66,13,495,489,6,  4.3185759331939455E-01,  9.8999999999999999E-01,  9.7799999999999998E-01,  6.0138092505887353E-01,  5.5468581000000003E-02,  5.8839899999999997E-04,0
1438,  2.7500000000000002E-01,25,  6.2500000000000000E-01,  6.2500000000000000E-01,3,  2.1575581489243914E-01,66,14,497,489,8,  4.1773885459907684E-01,  9.9399999999999999E-01,  9.7799999999999998E-01,  5.8825670217797510E-01,  5.2716251999999998E-02,  5.5661800000000004E-04,0
1439,  2.7500000000000002E-01,25,  6.2500000000000000E-01,  6.2500000000000000E-01,4,  2.1575581489243914E-01,66,17,506,489,17,  3.4866926633743689E-01,  1.0120000000000000E+00,  9.7799999999999998E-01,  5.1864667816489196E-01,  5.5138428000000003E-02,  6.5436300000000004E-04,0
1440,  2.7500000000000002E-01,25,  6.2500000000000000E-01,  6.2500000000000000E-01,5,  2.1575581489243914E-01,66,18,510,489,21,  3.4155214998189548E-01,  1.0200000000000000E+00,  9.7799999999999998E-01,  5.1174417812224948E-01,  5.8325552000000003E-02,  6.1054800000000004E-04,0
1441,  2.7500000000000002E-01,25,  6.2500000000000000E-01,  8.1250000000000000E-01,1,  2.1575581489243914E-01,66,7,489,489,0,  6.9468585841509456E-01,  9.7799999999999998E-01,  9.7799999999999998E-01,  8.1234951095205776E-01,  5.2897092000000000E-02,  5.5018299999999999E-04,0
1442,  2.7500000000000002E-01,25,  6.2500000000000000E-01,  8.1250000000000000E-01,2,  2.1575581489243914E-01,66,13,495,489,6,  4.3185759331939455E-01,  9.8999999999999999E-01,  9.7799999999999998E-01,  6.0138092505887353E-01,  5.4224567000000001E-02,  5.5717600000000005E-04,0
1443,  2.7500000000000002E-01,25,  6.2500000000000000E-01,  8.1250000000000000E-01,3,  2.1575581489243914E-01,66,14,497,489,8,  4.1773885459907684E-01,  9.9399999999999999E-01,  9.7799999999999998E-01,  5.8825670217797510E-01,  6.2335942999999998E-02,  5.8940399999999997E-04,0
1444,  2.7500000000000002E-01,25,  6.2500000000000000E-01,  8.1250000000000000E-01,4,  2.1575581489243914E-01,66,17,506,489,17,  3.4866926633743689E-01,  1.0120000000000000E+00,  9.7799999999999998E-01,  5.1864667816489196E-01,  5.7547637999999998E-02,  6.1832200000000003E-04,0
1445,  2.7500000000000002E-01,25,  6.2500000000000000E-01,  8.1250000000000000E-01,5,  2.1575581489243914E-01,66,18,510,489,21,  3.4155214998189548E-01,  1.0200000000000000E+00,  9.7799999999999998E-01,  5.1174417812224948E-01,  6.5276453999999998E-02,  7.3226400000000005E-04,0
1446,  2.7500000000000002E-01,25,  6.2500000000000000E-01,  1.0000000000000000E+00,1,  2.1575581489243914E-01,66,7,489,489,0,  6.9468585841509456E-01,  9.7799999999999998E-01,  9.7799999999999998E-01,  8.1234951095205776E-01,  5.6667712000000002E-02,  5.8151399999999999E-04,0
1447,  2.7500000000000002E-01,25,  6.2500000000000000E-01,  1.0000000000000000E+00,2,  2.1575581489243914E-01,66,13,495,489,6,  4.3185759331939455E-01,  9.8999999999999999E-01,  9.7799999999999998E-01,  6.0138092505887353E-01,  6.1124459999999999E-02,  5.8174799999999999E-04,0
1448,  2.7500000000000002E-01,25,  6.2500000000000000E-01,  1.0000000000000000E+00,3,  2.1575581489243914E-01,66,14,497,489,8,  4.1773885459907684E-01,  9.9399999999999999E-01,  9.7799999999999998E-01,  5.8825670217797510E-01,  5.3239711000000002E-02,  5.4495599999999998E-04,0
1449,  2.7500000000000002E-01,25,  6.2500000000000000E-01,  1.0000000000000000E+00,4,  2.1575581489243914E-01,66,17,506,489,17,  3.4866926633743689E-01,  1.0120000000000000E+00,  9.7799999999999998E-01,  5.1864667816489196E-01,  6.3402456999999995E-02,  1.1644530000000000E-03,0
1450,  2.7500000000000002E-01,25,  6.2500000000000000E-01,  1.0000000000000000E+00,5,  2.1575581489243914E-01,66,18,510,489,21,  3.4155214998189548E-01,  1.0200000000000000E+00,  9.7799999999999998E-01,  5.1174417812224948E-01,  5.5971421000000000E-02,  5.7385900000000002E-04,0
1451,  2.7500000000000002E-01,25,  8.1250000000000000E-01,  2.5000000000000000E-01,1,  2.1575581489243914E-01,66,2,496,496,0,  9.6265832052940248E-01,  9.9199999999999999E-01,  9.9199999999999999E-01,  9.7710893401208387E-01,  5.9718836999999997E-02,  5.4140199999999996E-04,0
1452,  2.7500000000000002E-01,25,  8.1250000000000000E-01,  2.5000000000000000E-01,2,  2.1575581489243914E-01,66,5,499,496,3,  6.7630773566289337E-01,  9.9800000000000000E-01,  9.9199999999999999E-01,  8.0624977812019571E-01,  6.5314806000000003E-02,  7.1277799999999996E-04,0
1453,  2.7500000000000002E-01,25,  8.1250000000000000E-01,  2.5000000000000000E-01,3,  2.1575581489243914E-01,66,7,503,496,7,  5.8665952363919005E-01,  1.0060000000000000E+00,  9.9199999999999999E-01,  7.4112448018077182E-01,  7.2740291999999998E-02,  6.1821499999999998E-04,0
1454,  2.7500000000000002E-01,25,  8.1250000000000000E-01,  2.5000000000000000E-01,4,  2.1575581489243914E-01,66,11,515,496,19,  4.7170201326415390E-01,  1.0300000000000000E+00,  9.9199999999999999E-01,  6.4706988386598840E-01,  6.1252950000000000E-02,  5.8285599999999998E-04,0
1455,  2.7500000000000002E-01,25,  8.1250000000000000E-01,  2.5000000000000000E-01,5,  2.1575581489243914E-01,66,12,519,496,23,  4.5792130780401008E-01,  1.0380000000000000E+00,  9.9199999999999999E-01,  6.3549107165045793E-01,  6.2110197999999998E-02,  9.1862599999999997E-04,0
1456,  2.7500000000000002E-01,25,  8.1250000000000000E-01,  4.3750000000000000E-01,1,  2.1575581489243914E-01,66,2,496,496,0,  9.6265832052940248E-01,  9.9199999999999999E-01,  9.9199999999999999E-01,  9.7710893401208387E-01,  5.9356219000000002E-02,  7.3346399999999997E-04,0
1457,  2.7500000000000002E-01,25,  8.1250000000000000E-01,  4.3750000000000000E-01,2,  2.1575581489243914E-01,66,5,499,496,3,  6.7630773566289337E-01,  9.9800000000000000E-01,  9.9199999999999999E-01,  8.0624977812019571E-01,  5.6509324000000000E-02,  5.5631599999999995E-04,0
1458,  2.7500000000000002E-01,25,  8.1250000000000000E-01,  4.3750000000000000E-01,3,  2.1575581489243914E-01,66,7,503,496,7,  5.8665952363919005E-01,  1.0060000000000000E+00,  9.9199999999999999E-01,  7.4112448018077182E-01,  5.6322810000000001E-02,  5.9073999999999997E-04,0
1459,  2.7500000000000002E-01,25,  8.1250000000000000E-01,  4.3750000000000000E-01,4,  2.1575581489243914E-01,66,11,515,496,19,  4.7170201326415390E-01,  1.0300000000000000E+00,  9.9199999999999999E-01,  6.4706988386598840E-01,  5.7447584000000003E-02,  5.9347100000000004E-04,0
1460,  2.7500000000000002E-01,25,  8.1250000000000000E-01,  4.3750000000000000E-01,5,  2.1575581489243914E-01,66,12,519,496,23,  4.5792130780401008E-01,  1.0380000000000000E+00,  9.9199999999999999E-01,  6.3549107165045793E-01,  5.6656355999999998E-02,  5.6066999999999998E-04,0
1461,  2.7500000000000002E-01,25,  8.1250000000000000E-01,  6.2500000000000000E-01,1,  2.1575581489243914E-01,66,2,496,496,0,  9.6265832052940248E-01,  9.9199999999999999E-01,  9.9199999999999999E-01,  9.7710893401208387E-01,  6.1595214000000002E-02,  6.8793999999999995E-04,0
1462,  2.7500000000000002E-01,25,  8.1250000000000000E-01,  6.2500000000000000E-01,2,  2.1575581489243914E-01,66,5,499,496,3,  6.7630773566289337E-01,  9.9800000000000000E-01,  9.9199999999999999E-01,  8.0624977812019571E-01,  6.6162495000000002E-02,  5.7203500000000003E-04,0
1463,  2.7500000000000002E-01,25,  8.1250000000000000E-01,  6.2500000000000000E-01,3,  2.1575581489243914E-01,66,7,503,496,7,  5.8665952363919005E-01,  1.0060000000000000E+00,  9.9199999999999999E-01,  7.4112448018077182E-01,  5.9272923999999998E-02,  6.1099600000000004E-04,0
1464,  2.7500000000000002E-01,25,  8.1250000000000000E-01,  6.2500000000000000E-01,4,  2.1575581489243914E-01,66,11,515,496,19,  4.7170201326415390E-01,  1.0300000000000000E+00,  9.9199999999999999E-01,  6.4706988386598840E-01,  5.6526963000000000E-02,  5.7759000000000000E-04,0
1465,  2.7500000000000002E-01,25,  8.1250000000000000E-01,  6.2500000000000000E-01,5,  2.1575581489243914E-01,66,12,519,496,23,  4.5792130780401008E-01,  1.0380000000000000E+00,  9.9199999999999999E-01,  6.3549107165045793E-01,  6.2990860999999995E-02,  6.0397300000000005E-04,0
1466,  2.7500000000000002E-01,25,  8.1250000000000000E-01,  8.1250000000000000E-01,1,  2.1575581489243914E-01,66,2,496,496,0,  9.6265832052940248E-01,  9.9199999999999999E-01,  9.9199999999999999E-01,  9.7710893401208387E-01,  5.7226005000000003E-02,  5.4313199999999999E-04,0
1467,  2.7500000000000002E-01,25,  8.1250000000000000E-01,  8.1250000000000000E-01,2,  2.1575581489243914E-01,66,5,499,496,3,  6.7630773566289337E-01,  9.9800000000000000E-01,  9.9199999999999999E-01,  8.0624977812019571E-01,  6.5377524000000006E-02,  8.2886500000000003E-04,0
1468,  2.7500000000000002E-01,25,  8.1250000000000000E-01,  8.1250000000000000E-01,3,  2.1575581489243914E-01,66,7,503,496,7,  5.8665952363919005E-01,  1.0060000000000000E+00,  9.9199999999999999E-01,  7.4112448018077182E-01,  6.6516327000000000E-02,  5.8480999999999995E-04,0
1469,  2.7500000000000002E-01,25,  8.1250000000000000E-01,  8.1250000000000000E-01,4,  2.1575581489243914E-01,66,11,515,496,19,  4.7170201326415390E-01,  1.0300000000000000E+00,  9.9199999999999999E-01,  6.4706988386598840E-01,  7.0989936000000003E-02,  6.6732000000000000E-04,0
1470,  2.7500000000000002E-01,25,  8.1250000000000000E-01,  8.1250000000000000E-01,5,  2.1575581489243914E-01,66,12,519,496,23,  4.5792130780401008E-01,  1.0380000000000000E+00,  9.9199999999999999E-01,  6.3549107165045793E-01,  6.9002672000000001E-02,  6.2378700000000000E-04,0
1471,  2.7500000000000002E-01,25,  8.1250000000000000E-01,  1.0000000000000000E+00,1,  2.1575581489243914E-01,66,2,496,496,0,  9.6265832052940248E-01,  9.9199999999999999E-01,  9.9199999999999999E-01,  9.7710893401208387E-01,  5.9868786000000000E-02,  5.7381700000000001E-04,0
1472,  2.7500000000000002E-01,25,  8.1250000000000000E-01,  1.0000000000000000E+00,2,  2.1575581489243914E-01,66,5,499,496,3,  6.7630773566289337E-01,  9.9800000000000000E-01,  9.9199999999999999E-01,  8.0624977812019571E-01,  6.0910811000000002E-02,  5.7968099999999997E-04,0
1473,  2.7500000000000002E-01,25,  8.1250000000000000E-01,  1.0000000000000000E+00,3,  2.1575581489243914E-01,66,7,503,496,7,  5.8665952363919005E-01,  1.0060000000000000E+00,  9.9199999999999999E-01,  7.4112448018077182E-01,  5.8250819000000002E-02,  5.8186399999999997E-04,0
1474,  2.7500000000000002E-01,25,  8.1250000000000000E-01,  1.0000000000000000E+00,4,  2.1575581489243914E-01,66,11,515,496,19,  4.7170201326415390E-01,  1.0300000000000000E+00,  9.9199999999999999E-01,  6.4706988386598840E-01,  5.8585751999999998E-02,  5.7830900000000005E-04,0
1475,  2.7500000000000002E-01,25,  8.1250000000000000E-01,  1.0000000000000000E+00,5,  2.1575581489243914E-01,66,12,519,496,23,  4.5792130780401008E-01,  1.0380000000000000E+00,  9.9199999999999999E-01,  6.3549107165045793E-01,  6.4327040000000002E-02,  5.8066400000000005E-04,0
1476,  2.7500000000000002E-01,25,  1.0000000000000000E+00,  2.5000000000000000E-01,1,  2.1575581489243914E-01,66,1,500,500,0,  1.0000000000000000E+00,  1.0000000000000000E+00,  1.0000000000000000E+00,  1.0000000000000000E+00,  6.8182852000000002E-02,  6.6645799999999998E-04,0
1477,  2.7500000000000002E-01,25,  1.0000000000000000E+00,  2.5000000000000000E-01,2,  2.1575581489243914E-01,66,2,501,500,1,  9.6626007460678454E-01,  1.0020000000000000E+00,  1.0000000000000000E+00,  9.8380555216964582E-01,  6.8972705999999995E-02,  5.5706400000000002E-04,0
1478,  2.7500000000000002E-01,25,  1.0000000000000000E+00,  2.5000000000000000E-01,3,  2.1575581489243914E-01,66,5,507,500,7,  6.8535164755699740E-01,  1.0140000000000000E+00,  1.0000000000000000E+00,  8.1789613305975439E-01,  7.2033496000000002E-02,  9.9304100000000006E-04,0
1479,  2.7500000000000002E-01,25,  1.0000000000000000E+00,  2.5000000000000000E-01,4,  2.1575581489243914E-01,66,5,507,500,7,  6.8535164755699740E-01,  1.0140000000000000E+00,  1.0000000000000000E+00,  8.1789613305975439E-01,  7.0066806999999995E-02,  6.5505999999999995E-04,0
1480,  2.7500000000000002E-01,25,  1.0000000000000000E+00,  2.5000000000000000E-01,5,  2.1575581489243914E-01,66,5,507,500,7,  6.8535164755699740E-01,  1.0140000000000000E+00,  1.0000000000000000E+00,  8.1789613305975439E-01,  6.9728433000000006E-02,  6.1261900000000001E-04,0
1481,  2.7500000000000002E-01,25,  1.0000000000000000E+00,  4.3750000000000000E-01,1,  2.1575581489243914E-01,66,1,500,500,0,  1.0000000000000000E+00,  1.0000000000000000E+00,  1.0000000000000000E+00,  1.0000000000000000E+00,  6.4081154000000001E-02,  5.8361800000000005E-04,0
1482,  2.7500000000000002E-01,25,  1.0000000000000000E+00,  4.3750000000000000E-01,2,  2.1575581489243914E-01,66,2,501,500,1,  9.6626007460678454E-01,  1.0020000000000000E+00,  1.0000000000000000E+00,  9.8380555216964582E-01,  7.2861070999999999E-02,  5.9876199999999997E-04,0
1483,  2.7500000000000002E-01,25,  1.0000000000000000E+00,  4.3750000000000000E-01,3,  2.1575581489243914E-01,66,5,507,500,7,  6.8535164755699740E-01,  1.0140000000000000E+00,  1.0000000000000000E+00,  8.1789613305975439E-01,  7.4920610999999998E-02,  8.9605800000000003E-04,0
1484,  2.7500000000000002E-01,25,  1.0000000000000000E+00,  4.3750000000000000E-01,4,  2.1575581489243914E-01,66,5,507,500,7,  6.8535164755699740E-01,  1.0140000000000000E+00,  1.0000000000000000E+00,  8.1789613305975439E-01,  7.3838803999999994E-02,  6.6362099999999998E-04,0
1485,  2.7500000000000002E-01,25,  1.0000000000000000E+00,  4.3750000000000000E-01,5,  2.1575581489243914E-01,66,5,507,500,7,  6.8535164755699740E-01,  1.0140000000000000E+00,  1.0000000000000000E+00,  8.1789613305975439E-01,  7.6758423000000006E-02,  5.6456599999999996E-04,0
1486,  2.7500000000000002E-01,25,  1.0000000000000000E+00,  6.2500000000000000E-01,1,  2.1575581489243914E-01,66,1,500,500,0,  1.0000000000000000E+00,  1.0000000000000000E+00,  1.0000000000000000E+00,  1.0000000000000000E+00,  6.9329510999999996E-02,  5.6211399999999995E-04,0
1487,  2.7500000000000002E-01,25,  1.0000000000000000E+00,  6.2500000000000000E-01,2,  2.1575581489243914E-01,66,2,501,500,1,  9.6626007460678454E-01,  1.0020000000000000E+00,  1.0000000000000000E+00,  9.8380555216964582E-01,  6.2125285000000002E-02,  5.5360399999999997E-04,0
1488,  2.7500000000000002E-01,25,  1.0000000000000000E+00,  6.2500000000000000E-01,3,  2.1575581489243914E-01,66,5,507,500,7,  6.8535164755699740E-01,  1.0140000000000000E+00,  1.0000000000000000E+00,  8.1789613305975439E-01,  6.2459102000000002E-02,  5.4671799999999997E-04,0
1489,  2.7500000000000002E-01,25,  1.0000000000000000E+00,  6.2500000000000000E-01,4,  2.1575581489243914E-01,66,5,507,500,7,  6.8535164755699740E-01,  1.0140000000000000E+00,  1.0000000000000000E+00,  8.1789613305975439E-01,  6.3030343000000003E-02,  6.2959099999999998E-04,0
1490,  2.7500000000000002E-01,25,  1.0000000000000000E+00,  6.2500000000000000E-01,5,  2.1575581489243914E-01,66,5,507,500,7,  6.8535164755699740E-01,  1.0140000000000000E+00,  1.0000000000000000E+00,  8.1789613305975439E-01,  7.5288764999999994E-02,  6.6940700000000001E-04,0
1491,  2.7500000000000002E-01,25,  1.0000000000000000E+00,  8.1250000000000000E-01,1,  2.1575581489243914E-01,66,1,500,500,0,  1.0000000000000000E+00,  1.0000000000000000E+00,  1.0000000000000000E+00,  1.0000000000000000E+00,  6.7613599999999996E-02,  5.9164700000000005E-04,0
1492,  2.7500000000000002E-01,25,  1.0000000000000000E+00,  8.1250000000000000E-01,2,  2.1575581489243914E-01,66,2,501,500,1,  9.6626007460678454E-01,  1.0020000000000000E+00,  1.0000000000000000E+00,  9.8380555216964582E-01,  7.1989207000000000E-02,  5.9656700000000000E-04,0
1493,  2.7500000000000002E-01,25,  1.0000000000000000E+00,  8.1250000000000000E-01,3,  2.1575581489243914E-01,66,5,507,500,7,  6.8535164755699740E-01,  1.0140000000000000E+00,  1.0000000000000000E+00,  8.1789613305975439E-01,  6.5545930000000002E-02,  5.8524100000000002E-04,0
1494,  2.7500000000000002E-01,25,  1.0000000000000000E+00,  8.1250000000000000E-01,4,  2.1575581489243914E-01,66,5,507,500,7,  6.8535164755699740E-01,  1.0140000000000000E+00,  1.0000000000000000E+00,  8.1789613305975439E-01,  6.4617853000000003E-02,  8.0269000000000000E-04,0
1495,  2.7500000000000002E-01,25,  1.0000000000000000E+00,  8.1250000000000000E-01,5,  2.1575581489243914E-01,66,5,507,500,7,  6.8535164755699740E-01,  1.0140000000000000E+00,  1.0000000000000000E+00,  8.1789613305975439E-01,  7.3420666999999995E-02,  6.0260499999999998E-04,0
1496,  2.7500000000000002E-01,25,  1.0000000000000000E+00,  1.0000000000000000E+00,1,  2.1575581489243914E-01,66,1,500,500,0,  1.0000000000000000E+00,  1.0000000000000000E+00,  1.0000000000000000E+00,  1.0000000000000000E+00,  6.7201493000000001E-02,  5.5687300000000005E-04,0
1497,  2.7500000000000002E-01,25,  1.0000000000000000E+00,  1.0000000000000000E+00,2,  2.1575581489243914E-01,66,2,501,500,1,  9.6626007460678454E-01,  1.0020000000000000E+00,  1.0000000000000000E+00,  9.8380555216964582E-01,  6.9273702000000006E-02,  8.2291799999999996E-04,0
1498,  2.7500000000000002E-01,25,  1.0000000000000000E+00,  1.0000000000000000E+00,3,  2.1575581489243914E-01,66,5,507,500,7,  6.8535164755699740E-01,  1.0140000000000000E+00,  1.0000000000000000E+00,  8.1789613305975439E-01,  6.8990526999999996E-02,  5.7599200000000000E-04,0
1499,  2.7500000000000002E-01,25,  1.0000000000000000E+00,  1.0000000000000000E+00,4,  2.1575581489243914E-01,66,5,507,500,7,  6.8535164755699740E-01,  1.0140000000000000E+00,  1.0000000000000000E+00,  8.1789613305975439E-01,  6.7660813000000000E-02,  6.1383700000000000E-04,0
1500,  2.7500000000000002E-01,25,  1.0000000000000000E+00,  1.0000000000000000E+00,5,  2.1575581489243914E-01,66,5,507,500,7,  6.8535164755699740E-01,  1.0140000000000000E+00,  1.0000000000000000E+00,  8.1789613305975439E-01,  7.2359093999999999E-02,  6.1027399999999995E-04,0
1501,  2.7500000000000002E-01,35,  2.5000000000000000E-01,  2.5000000000000000E-01,1,  2.1575581489243914E-01,49,24,409,409,0,  2.1690611591243075E-01,  8.1799999999999995E-01,  8.1799999999999995E-01,  3.4288946618106880E-01,  4.4451524999999999E-02,  4.6800500000000002E-04,0
1502,  2.7500000000000002E-01,35,  2.5000000000000000E-01,  2.5000000000000000E-01,2,  2.1575581489243914E-01,49,24,409,409,0,  2.1690611591243075E-01,  8.1799999999999995E-01,  8.1799999999999995E-01,  3.4288946618106880E-01,  3.6499226000000003E-02,  4.7822499999999998E-04,0
1503,  2.7500000000000002E-01,35,  2.5000000000000000E-01,  2.5000000000000000E-01,3,  2.1575581489243914E-01,49,24,409,409,0,  2.1690611591243075E-01,  8.1799999999999995E-01,  8.1799999999999995E-01,  3.4288946618106880E-01,  4.2510586000000003E-02,  6.2410999999999999E-04,0
1504,  2.7500000000000002E-01,35,  2.5000000000000000E-01,  2.5000000000000000E-01,4,  2.1575581489243914E-01,49,25,412,409,3,  2.0368057789535013E-01,  8.2399999999999995E-01,  8.1799999999999995E-01,  3.2662443914135952E-01,  3.7958629000000001E-02,  4.8044599999999999E-04,0
1505,  2.7500000000000002E-01,35,  2.5000000000000000E-01,  2.5000000000000000E-01,5,  2.1575581489243914E-01,49,26,416,409,7,  1.9937767395094608E-01,  8.3199999999999996E-01,  8.1799999999999995E-01,  3.2167115677758357E-01,  3.6919100000000003E-02,  4.8170000000000000E-04,0
1506,  2.7500000000000002E-01,35,  2.5000000000000000E-01,  4.3750000000000000E-01,1,  2.1575581489243914E-01,49,24,409,409,0,  2.1690611591243075E-01,  8.1799999999999995E-01,  8.1799999999999995E-01,  3.4288946618106880E-01,  3.5905962999999999E-02,  4.7024799999999999E-04,0
1507,  2.7500000000000002E-01,35,  2.5000000000000000E-01,  4.3750000000000000E-01,2,  2.1575581489243914E-01,49,24,409,409,0,  2.1690611591243075E-01,  8.1799999999999995E-01,  8.1799999999999995E-01,  3.4288946618106880E-01,  4.0180030999999998E-02,  4.8154099999999999E-04,0
1508,  2.7500000000000002E-01,35,  2.5000000000000000E-01,  4.3750000000000000E-01,3,  2.1575581489243914E-01,49,24,409,409,0,  2.1690611591243075E-01,  8.1799999999999995E-01,  8.1799999999999995E-01,  3.4288946618106880E-01,  4.0502168999999998E-02,  1.0015400000000000E-03,0
1509,  2.7500000000000002E-01,35,  2.5000000000000000E-01,  4.3750000000000000E-01,4,  2.1575581489243914E-01,49,25,412,409,3,  2.0368057789535013E-01,  8.2399999999999995E-01,  8.1799999999999995E-01,  3.2662443914135952E-01,  4.0591503000000001E-02,  4.8229000000000002E-04,0
1510,  2.7500000000000002E-01,35,  2.5000000000000000E-01,  4.3750000000000000E-01,5,  2.1575581489243914E-01,49,26,416,409,7,  1.9937767395094608E-01,  8.3199999999999996E-01,  8.1799999999999995E-01,  3.2167115677758357E-01,  3.8240680999999999E-02,  4.8173999999999998E-04,0
1511,  2.7500000000000002E-01,35,  2.5000000000000000E-01,  6.2500000000000000E-01,1,  2.1575581489243914E-01,49,24,409,409,0,  2.1690611591243075E-01,  8.1799999999999995E-01,  8.1799999999999995E-01,  3.4288946618106880E-01,  3.6508798000000002E-02,  5.1478099999999996E-04,0
1512,  2.7500000000000002E-01,35,  2.5000000000000000E-01,  6.2500000000000000E-01,2,  2.1575581489243914E-01,49,24,409,409,0,  2.1690611591243075E-01,  8.1799999999999995E-01,  8.1799999999999995E-01,  3.4288946618106880E-01,  4.2640729000000002E-02,  4.9117699999999998E-04,0
1513,  2.7500000000000002E-01,35,  2.5000000000000000E-01,  6.2500000000000000E-01,3,  2.1575581489243914E-01,49,24,409,409,0,  2.1690611591243075E-01,  8.1799999999999995E-01,  8.1799999999999995E-01,  3.4288946618106880E-01,  4.2025773000000002E-02,  4.8442199999999998E-04,0
1514,  2.7500000000000002E-01,35,  2.5000000000000000E-01,  6.2500000000000000E-01,4,  2.1575581489243914E-01,49,25,412,409,3,  2.0368057789535013E-01,  8.2399999999999995E-01,  8.1799999999999995E-01,  3.2662443914135952E-01,  3.5842288000000000E-02,  4.7257799999999997E-04,0
1515,  2.7500000000000002E-01,35,  2.5000000000000000E-01,  6.2500000000000000E-01,5,  2.1575581489243914E-01,49,26,416,409,7,  1.9937767395094608E-01,  8.3199999999999996E-01,  8.1799999999999995E-01,  3.2167115677758357E-01,  3.8998091999999998E-02,  4.7683900000000001E-04,0
1516,  2.7500000000000002E-01,35,  2.5000000000000000E-01,  8.1250000000000000E-01,1,  2.1575581489243914E-01,49,24,409,409,0,  2.1690611591243075E-01,  8.1799999999999995E-01,  8.1799999999999995E-01,  3.4288946618106880E-01,  3.9488332000000001E-02,  8.9456099999999999E-04,0
1517,  2.7500000000000002E-01,35,  2.5000000000000000E-01,  8.1250000000000000E-01,2,  2.1575581489243914E-01,49,24,409,409,0,  2.1690611591243075E-01,  8.1799999999999995E-01,  8.1799999999999995E-01,  3.4288946618106880E-01,  3.8941864000000000E-02,  4.7195000000000001E-04,0
1518,  2.7500000000000002E-01,35,  2.5000000000000000E-01,  8.1250000000000000E-01,3,  2.1575581489243914E-01,49,24,409,409,0,  2.1690611591243075E-01,  8.1799999999999995E-01,  8.1799999999999995E-01,  3.4288946618106880E-01,  4.2694617999999997E-02,  4.7408100000000000E-04,0
1519,  2.7500000000000002E-01,35,  2.5000000000000000E-01,  8.1250000000000000E-01,4,  2.1575581489243914E-01,49,25,412,409,3,  2.0368057789535013E-01,  8.2399999999999995E-01,  8.1799999999999995E-01,  3.2662443914135952E-01,  3.6873591999999997E-02,  4.8420700000000001E-04,0
1520,  2.7500000000000002E-01,35,  2.5000000000000000E-01,  8.1250000000000000E-01,5,  2.1575581489243914E-01,49,26,416,409,7,  1.9937767395094608E-01,  8.3199999999999996E-01,  8.1799999999999995E-01,  3.2167115677758357E-01,  4.0832437999999999E-02,  6.8040400000000001E-04,0
1521,  2.7500000000000002E-01,35,  2.5000000000000000E-01,  1.0000000000000000E+00,1,  2.1575581489243914E-01,49,24,409,409,0,  2.1690611591243075E-01,  8.1799999999999995E-01,  8.1799999999999995E-01,  3.4288946618106880E-01,  3.9083956000000003E-02,  4.7923200000000001E-04,0
1522,  2.7500000000000002E-01,35,  2.5000000000000000E-01,  1.0000000000000000E+00,2,  2.1575581489243914E-01,49,24,409,409,0,  2.1690611591243075E-01,  8.1799999999999995E-01,  8.1799999999999995E-01,  3.4288946618106880E-01,  3.6688903000000002E-02,  4.9761300000000005E-04,0
1523,  2.7500000000000002E-01,35,  2.5000000000000000E-01,  1.0000000000000000E+00,3,  2.1575581489243914E-01,49,24,409,409,0,  2.1690611591243075E-01,  8.1799999999999995E-01,  8.1799999999999995E-01,  3.4288946618106880E-01,  4.1671336000000003E-02,  4.6847700000000002E-04,0
1524,  2.7500000000000002E-01,35,  2.5000000000000000E-01,  1.0000000000000000E+00,4,  2.1575581489243914E-01,49,25,412,409,3,  2.0368057789535013E-01,  8.2399999999999995E-01,  8.1799999999999995E-01,  3.2662443914135952E-01,  4.0282233000000001E-02,  7.5812600000000003E-04,0
1525,  2.7500000000000002E-01,35,  2.5000000000000000E-01,  1.0000000000000000E+00,5,  2.1575581489243914E-01,49,26,416,409,7,  1.9937767395094608E-01,  8.3199999999999996E-01,  8.1799999999999995E-01,  3.2167115677758357E-01,  4.0524620999999997E-02,  4.9260299999999999E-04,0
1526,  2.7500000000000002E-01,35,  4.3750000000000000E-01,  2.5000000000000000E-01,1,  2.1575581489243914E-01,49,20,442,442,0,  2.5701348391938145E-01,  8.8400000000000001E-01,  8.8400000000000001E-01,  3.9824230473473710E-01,  3.8848806000000000E-02,  7.0660899999999997E-04,0
1527,  2.7500000000000002E-01,35,  4.3750000000000000E-01,  2.5000000000000000E-01,2,  2.1575581489243914E-01,49,21,443,442,1,  2.5262566747933068E-01,  8.8600000000000001E-01,  8.8400000000000001E-01,  3.9315175791213242E-01,  3.6749117999999997E-02,  5.6878300000000001E-04,0
1528,  2.7500000000000002E-01,35,  4.3750000000000000E-01,  2.5000000000000000E-01,3,  2.1575581489243914E-01,49,21,443,442,1,  2.5262566747933068E-01,  8.8600000000000001E-01,  8.8400000000000001E-01,  3.9315175791213242E-01,  3.9630955000000002E-02,  7.5371599999999998E-04,0
1529,  2.7500000000000002E-01,35,  4.3750000000000000E-01,  2.5000000000000000E-01,4,  2.1575581489243914E-01,49,21,443,442,1,  2.5262566747933068E-01,  8.8600000000000001E-01,  8.8400000000000001E-01,  3.9315175791213242E-01,  4.3972289999999997E-02,  5.1842100000000003E-04,0
1530,  2.7500000000000002E-01,35,  4.3750000000000000E-01,  2.5000000000000000E-01,5,  2.1575581489243914E-01,49,21,443,442,1,  2.5262566747933068E-01,  8.8600000000000001E-01,  8.8400000000000001E-01,  3.9315175791213242E-01,  3.6293555999999998E-02,  5.1706099999999997E-04,0
1531,  2.7500000000000002E-01,35,  4.3750000000000000E-01,  4.3750000000000000E-01,1,  2.1575581489243914E-01,49,20,442,442,0,  2.5701348391938145E-01,  8.8400000000000001E-01,  8.8400000000000001E-01,  3.9824230473473710E-01,  3.7382982000000002E-02,  5.9912099999999999E-04,0
1532,  2.7500000000000002E-01,35,  4.3750000000000000E-01,  4.3750000000000000E-01,2,  2.1575581489243914E-01,49,21,443,442,1,  2.5262566747933068E-01,  8.8600000000000001E-01,  8.8400000000000001E-01,  3.9315175791213242E-01,  3.9835622000000001E-02,  5.6958099999999999E-04,0
1533,  2.7500000000000002E-01,35,  4.3750000000000000E-01,  4.3750000000000000E-01,3,  2.1575581489243914E-01,49,21,443,442,1,  2.5262566747933068E-01,  8.8600000000000001E-01,  8.8400000000000001E-01,  3.9315175791213242E-01,  3.9886827999999999E-02,  6.3537800000000003E-04,0
1534,  2.7500000000000002E-01,35,  4.3750000000000000E-01,  4.3750000000000000E-01,4,  2.1575581489243914E-01,49,21,443,442,1,  2.5262566747933068E-01,  8.8600000000000001E-01,  8.8400000000000001E-01,  3.9315175791213242E-01,  3.9069090000000001E-02,  5.0220600000000005E-04,0
1535,  2.7500000000000002E-01,35,  4.3750000000000000E-01,  4.3750000000000000E-01,5,  2.1575581489243914E-01,49,21,443,442,1,  2.5262566747933068E-01,  8.8600000000000001E-01,  8.8400000000000001E-01,  3.9315175791213242E-01,  3.7972193000000001E-02,  5.1683899999999995E-04,0
1536,  2.7500000000000002E-01,35,  4.3750000000000000E-01,  6.2500000000000000E-01,1,  2.1575581489243914E-01,49,20,442,442,0,  2.5701348391938145E-01,  8.8400000000000001E-01,  8.8400000000000001E-01,  3.9824230473473710E-01,  3.9729749000000002E-02,  7.2577799999999995E-04,0
1537,  2.7500000000000002E-01,35,  4.3750000000000000E-01,  6.2500000000000000E-01,2,  2.1575581489243914E-01,49,21,443,442,1,  2.5262566747933068E-01,  8.8600000000000001E-01,  8.8400000000000001E-01,  3.9315175791213242E-01,  4.2245566999999998E-02,  6.1547700000000002E-04,0
1538,  2.7500000000000002E-01,35,  4.3750000000000000E-01,  6.2500000000000000E-01,3,  2.1575581489243914E-01,49,21,443,442,1,  2.5262566747933068E-01,  8.8600000000000001E-01,  8.8400000000000001E-01,  3.9315175791213242E-01,  3.8784412999999997E-02,  5.4328700000000005E-04,0
1539,  2.7500000000000002E-01,35,  4.3750000000000000E-01,  6.2500000000000000E-01,4,  2.1575581489243914E-01,49,21,443,442,1,  2.5262566747933068E-01,  8.8600000000000001E-01,  8.8400000000000001E-01,  3.9315175791213242E-01,  4.0425529000000002E-02,  5.3328999999999996E-04,0
1540,  2.7500000000000002E-01,35,  4.3750000000000000E-01,  6.2500000000000000E-01,5,  2.1575581489243914E-01,49,21,443,442,1,  2.5262566747933068E-01,  8.8600000000000001E-01,  8.8400000000000001E-01,  3.9315175791213242E-01,  3.8560003000000002E-02,  5.2651800000000002E-04,0
1541,  2.7500000000000002E-01,35,  4.3750000000000000E-01,  8.1250000000000000E-01,1,  2.1575581489243914E-01,49,20,442,442,0,  2.5701348391938145E-01,  8.8400000000000001E-01,  8.8400000000000001E-01,  3.9824230473473710E-01,  4.0496254000000002E-02,  5.1796500000000001E-04,0
1542,  2.7500000000000002E-01,35,  4.3750000000000000E-01,  8.1250000000000000E-01,2,  2.1575581489243914E-01,49,21,443,442,1,  2.5262566747933068E-01,  8.8600000000000001E-01,  8.8400000000000001E-01,  3.9315175791213242E-01,  3.6838825999999998E-02,  5.1423699999999996E-04,0
1543,  2.7500000000000002E-01,35,  4.3750000000000000E-01,  8.1250000000000000E-01,3,  2.1575581489243914E-01,49,21,443,442,1,  2.5262566747933068E-01,  8.8600000000000001E-01,  8.8400000000000001E-01,  3.9315175791213242E-01,  4.1468283000000002E-02,  7.4902599999999997E-04,0
1544,  2.7500000000000002E-01,35,  4.3750000000000000E-01,  8.1250000000000000E-01,4,  2.1575581489243914E-01,49,21,443,442,1,  2.5262566747933068E-01,  8.8600000000000001E-01,  8.8400000000000001E-01,  3.9315175791213242E-01,  3.7889627000000002E-02,  5.1293300000000003E-04,0
1545,  2.7500000000000002E-01,35,  4.3750000000000000E-01,  8.1250000000000000E-01,5,  2.1575581489243914E-01,49,21,443,442,1,  2.5262566747933068E-01,  8.8600000000000001E-01,  8.8400000000000001E-01,  3.9315175791213242E-01,  4.2089930999999997E-02,  5.1396999999999999E-04,0
1546,  2.7500000000000002E-01,35,  4.3750000000000000E-01,  1.0000000000000000E+00,1,  2.1575581489243914E-01,49,20,442,442,0,  2.5701348391938145E-01,  8.8400000000000001E-01,  8.8400000000000001E-01,  3.9824230473473710E-01,  4.0205373000000003E-02,  5.2199699999999996E-04,0
1547,  2.7500000000000002E-01,35,  4.3750000000000000E-01,  1.0000000000000000E+00,2,  2.1575581489243914E-01,49,21,443,442,1,  2.5262566747933068E-01,  8.8600000000000001E-01,  8.8400000000000001E-01,  3.9315175791213242E-01,  3.7674548000000002E-02,  5.5032099999999999E-04,0
1548,  2.7500000000000002E-01,35,  4.3750000000000000E-01,  1.0000000000000000E+00,3,  2.1575581489243914E-01,49,21,443,442,1,  2.5262566747933068E-01,  8.8600000000000001E-01,  8.8400000000000001E-01,  3.9315175791213242E-01,  3.8575936999999998E-02,  5.2371899999999996E-04,0
1549,  2.7500000000000002E-01,35,  4.3750000000000000E-01,  1.0000000000000000E+00,4,  2.1575581489243914E-01,49,21,443,442,1,  2.5262566747933068E-01,  8.8600000000000001E-01,  8.8400000000000001E-01,  3.9315175791213242E-01,  3.7194206000000000E-02,  5.1523400000000005E-04,0
1550,  2.7500000000000002E-01,35,  4.3750000000000000E-01,  1.0000000000000000E+00,5,  2.1575581489243914E-01,49,21,443,442,1,  2.5262566747933068E-01,  8.8600000000000001E-01,  8.8400000000000001E-01,  3.9315175791213242E-01,  4.4623939000000001E-02,  5.1408400000000005E-04,0
1551,  2.7500000000000002E-01,35,  6.2500000000000000E-01,  2.5000000000000000E-01,1,  2.1575581489243914E-01,49,9,476,476,0,  5.4220621551318282E-01,  9.5199999999999996E-01,  9.5199999999999996E-01,  6.9090907507872834E-01,  4.4125675000000003E-02,  5.4153600000000001E-04,0
1552,  2.7500000000000002E-01,35,  6.2500000000000000E-01,  2.5000000000000000E-01,2,  2.1575581489243914E-01,49,13,480,476,4,  4.4494581887339751E-01,  9.5999999999999996E-01,  9.5199999999999996E-01,  6.0806328668387288E-01,  4.0996388000000002E-02,  5.4680500000000003E-04,0
1553,  2.7500000000000002E-01,35,  6.2500000000000000E-01,  2.5000000000000000E-01,3,  2.1575581489243914E-01,49,13,480,476,4,  4.4494581887339751E-01,  9.5999999999999996E-01,  9.5199999999999996E-01,  6.0806328668387288E-01,  3.9660639999999997E-02,  5.4096700000000005E-04,0
1554,  2.7500000000000002E-01,35,  6.2500000000000000E-01,  2.5000000000000000E-01,4,  2.1575581489243914E-01,49,16,489,476,13,  3.6055054352671634E-01,  9.7799999999999998E-01,  9.5199999999999996E-01,  5.2686606908406319E-01,  4.5120992999999998E-02,  5.5465099999999997E-04,0
1555,  2.7500000000000002E-01,35,  6.2500000000000000E-01,  2.5000000000000000E-01,5,  2.1575581489243914E-01,49,17,493,476,17,  3.3118340839679888E-01,  9.8599999999999999E-01,  9.5199999999999996E-01,  4.9582592461697961E-01,  4.3544710000000000E-02,  5.7751299999999998E-04,0
1556,  2.7500000000000002E-01,35,  6.2500000000000000E-01,  4.3750000000000000E-01,1,  2.1575581489243914E-01,49,9,476,476,0,  5.4220621551318282E-01,  9.5199999999999996E-01,  9.5199999999999996E-01,  6.9090907507872834E-01,  4.3273156000000000E-02,  5.4613999999999997E-04,0
1557,  2.7500000000000002E-01,35,  6.2500000000000000E-01,  4.3750000000000000E-01,2,  2.1575581489243914E-01,49,13,480,476,4,  4.4494581887339751E-01,  9.5999999999999996E-01,  9.5199999999999996E-01,  6.0806328668387288E-01,  4.2124237000000002E-02,  5.5233900000000000E-04,0
1558,  2.7500000000000002E-01,35,  6.2500000000000000E-01,  4.3750000000000000E-01,3,  2.1575581489243914E-01,49,13,480,476,4,  4.4494581887339751E-01,  9.5999999999999996E-01,  9.5199999999999996E-01,  6.0806328668387288E-01,  4.0524184999999997E-02,  5.3868799999999995E-04,0
1559,  2.7500000000000002E-01,35,  6.2500000000000000E-01,  4.3750000000000000E-01,4,  2.1575581489243914E-01,49,16,489,476,13,  3.6055054352671634E-01,  9.7799999999999998E-01,  9.5199999999999996E-01,  5.2686606908406319E-01,  4.6958084999999997E-02,  5.7923899999999995E-04,0
1560,  2.7500000000000002E-01,35,  6.2500000000000000E-01,  4.3750000000000000E-01,5,  2.1575581489243914E-01,49,17,493,476,17,  3.3118340839679888E-01,  9.8599999999999999E-01,  9.5199999999999996E-01,  4.9582592461697961E-01,  4.0970690999999997E-02,  5.6332300000000001E-04,0
1561,  2.7500000000000002E-01,35,  6.2500000000000000E-01,  6.2500000000000000E-01,1,  2.1575581489243914E-01,49,9,476,476,0,  5.4220621551318282E-01,  9.5199999999999996E-01,  9.5199999999999996E-01,  6.9090907507872834E-01,  4.3460675999999997E-02,  5.3981400000000001E-04,0
1562,  2.7500000000000002E-01,35,  6.2500000000000000E-01,  6.2500000000000000E-01,2,  2.1575581489243914E-01,49,13,480,476,4,  4.4494581887339751E-01,  9.5999999999999996E-01,  9.5199999999999996E-01,  6.0806328668387288E-01,  4.7329011999999997E-02,  6.0029199999999999E-04,0
1563,  2.7500000000000002E-01,35,  6.2500000000000000E-01,  6.2500000000000000E-01,3,  2.1575581489243914E-01,49,13,480,476,4,  4.4494581887339751E-01,  9.5999999999999996E-01,  9.5199999999999996E-01,  6.0806328668387288E-01,  4.4321704000000003E-02,  8.2384899999999998E-04,0
1564,  2.7500000000000002E-01,35,  6.2500000000000000E-01,  6.2500000000000000E-01,4,  2.1575581489243914E-01,49,16,489,476,13,  3.6055054352671634E-01,  9.7799999999999998E-01,  9.5199999999999996E-01,  5.2686606908406319E-01,  4.6656527000000003E-02,  8.6682999999999997E-04,0
1565,  2.7500000000000002E-01,35,  6.2500000000000000E-01,  6.2500000000000000E-01,5,  2.1575581489243914E-01,49,17,493,476,17,  3.3118340839679888E-01,  9.8599999999999999E-01,  9.5199999999999996E-01,  4.9582592461697961E-01,  4.5939130000000002E-02,  5.6803599999999995E-04,0
1566,  2.7500000000000002E-01,35,  6.2500000000000000E-01,  8.1250000000000000E-01,1,  2.1575581489243914E-01,49,9,476,476,0,  5.4220621551318282E-01,  9.5199999999999996E-01,  9.5199999999999996E-01,  6.9090907507872834E-01,  4.3002014999999998E-02,  6.4577400000000000E-04,0
1567,  2.7500000000000002E-01,35,  6.2500000000000000E-01,  8.1250000000000000E-01,2,  2.1575581489243914E-01,49,13,480,476,4,  4.4494581887339751E-01,  9.5999999999999996E-01,  9.5199999999999996E-01,  6.0806328668387288E-01,  4.6565124999999999E-02,  6.4687200000000005E-04,0
1568,  2.7500000000000002E-01,35,  6.2500000000000000E-01,  8.1250000000000000E-01,3,  2.1575581489243914E-01,49,13,480,476,4,  4.4494581887339751E-01,  9.5999999999999996E-01,  9.5199999999999996E-01,  6.0806328668387288E-01,  4.0019477999999997E-02,  5.4356200000000004E-04,0
1569,  2.7500000000000002E-01,35,  6.2500000000000000E-01,  8.1250000000000000E-01,4,  2.1575581489243914E-01,49,16,489,476,13,  3.6055054352671634E-01,  9.7799999999999998E-01,  9.5199999999999996E-01,  5.2686606908406319E-01,  4.4635826000000003E-02,  7.2415399999999997E-04,0
1570,  2.7500000000000002E-01,35,  6.2500000000000000E-01,  8.1250000000000000E-01,5,  2.1575581489243914E-01,49,17,493,476,17,  3.3118340839679888E-01,  9.8599999999999999E-01,  9.5199999999999996E-01,  4.9582592461697961E-01,  4.8267336000000001E-02,  6.4440299999999999E-04,0
1571,  2.7500000000000002E-01,35,  6.2500000000000000E-01,  1.0000000000000000E+00,1,  2.1575581489243914E-01,49,9,476,476,0,  5.4220621551318282E-01,  9.5199999999999996E-01,  9.5199999999999996E-01,  6.9090907507872834E-01,  4.5011049999999997E-02,  5.5500600000000003E-04,0
1572,  2.7500000000000002E-01,35,  6.2500000000000000E-01,  1.0000000000000000E+00,2,  2.1575581489243914E-01,49,13,480,476,4,  4.4494581887339751E-01,  9.5999999999999996E-01,  9.5199999999999996E-01,  6.0806328668387288E-01,  4.6834425999999998E-02,  7.5535600000000000E-04,0
1573,  2.7500000000000002E-01,35,  6.2500000000000000E-01,  1.0000000000000000E+00,3,  2.1575581489243914E-01,49,13,480,476,4,  4.4494581887339751E-01,  9.5999999999999996E-01,  9.5199999999999996E-01,  6.0806328668387288E-01,  4.8266865999999999E-02,  5.4546200000000003E-04,0
1574,  2.7500000000000002E-01,35,  6.2500000000000000E-01,  1.0000000000000000E+00,4,  2.1575581489243914E-01,49,16,489,476,13,  3.6055054352671634E-01,  9.7799999999999998E-01,  9.5199999999999996E-01,  5.2686606908406319E-01,  4.4623932999999998E-02,  5.9331399999999995E-04,0
1575,  2.7500000000000002E-01,35,  6.2500000000000000E-01,  1.0000000000000000E+00,5,  2.1575581489243914E-01,49,17,493,476,17,  3.3118340839679888E-01,  9.8599999999999999E-01,  9.5199999999999996E-01,  4.9582592461697961E-01,  4.0560069999999997E-02,  5.6321599999999996E-04,0
1576,  2.7500000000000002E-01,35,  8.1250000000000000E-01,  2.5000000000000000E-01,1,  2.1575581489243914E-01,49,5,495,495,0,  7.4182086720862384E-01,  9.8999999999999999E-01,  9.8999999999999999E-01,  8.4812773935477448E-01,  4.6447070000000000E-02,  8.4771000000000000E-04,0
1577,  2.7500000000000002E-01,35,  8.1250000000000000E-01,  2.5000000000000000E-01,2,  2.1575581489243914E-01,49,6,496,495,1,  6.5654540829088026E-01,  9.9199999999999999E-01,  9.8999999999999999E-01,  7.9014268184432657E-01,  4.7521580000000001E-02,  6.0717599999999996E-04,0
1578,  2.7500000000000002E-01,35,  8.1250000000000000E-01,  2.5000000000000000E-01,3,  2.1575581489243914E-01,49,8,500,495,5,  5.4813248278982218E-01,  1.0000000000000000E+00,  9.8999999999999999E-01,  7.0812089906163134E-01,  5.0258350000000000E-02,  5.7007599999999998E-04,0
1579,  2.7500000000000002E-01,35,  8.1250000000000000E-01,  2.5000000000000000E-01,4,  2.1575581489243914E-01,49,9,503,495,8,  5.3338870531510230E-01,  1.0060000000000000E+00,  9.8999999999999999E-01,  6.9714560811612147E-01,  4.7048276999999999E-02,  5.8678599999999995E-04,0
1580,  2.7500000000000002E-01,35,  8.1250000000000000E-01,  2.5000000000000000E-01,5,  2.1575581489243914E-01,49,10,507,495,12,  5.1790957051932285E-01,  1.0140000000000000E+00,  9.8999999999999999E-01,  6.8562833552709268E-01,  4.6226218999999999E-02,  8.0113299999999999E-04,0
1581,  2.7500000000000002E-01,35,  8.1250000000000000E-01,  4.3750000000000000E-01,1,  2.1575581489243914E-01,49,5,495,495,0,  7.4182086720862384E-01,  9.8999999999999999E-01,  9.8999999999999999E-01,  8.4812773935477448E-01,  5.2104255000000002E-02,  6.0411299999999998E-04,0
1582,  2.7500000000000002E-01,35,  8.1250000000000000E-01,  4.3750000000000000E-01,2,  2.1575581489243914E-01,49,6,496,495,1,  6.5654540829088026E-01,  9.9199999999999999E-01,  9.8999999999999999E-01,  7.9014268184432657E-01,  4.3321971000000001E-02,  5.8402599999999997E-04,0
1583,  2.7500000000000002E-01,35,  8.1250000000000000E-01,  4.3750000000000000E-01,3,  2.1575581489243914E-01,49,8,500,495,5,  5.4813248278982218E-01,  1.0000000000000000E+00,  9.8999999999999999E-01,  7.0812089906163134E-01,  4.3898475999999999E-02,  6.2475300000000003E-04,0
1584,  2.7500000000000002E-01,35,  8.1250000000000000E-01,  4.3750000000000000E-01,4,  2.1575581489243914E-01,49,9,503,495,8,  5.3338870531510230E-01,  1.0060000000000000E+00,  9.8999999999999999E-01,  6.9714560811612147E-01,  4.2453480000000002E-02,  5.4995800000000002E-04,0
1585,  2.7500000000000002E-01,35,  8.1250000000000000E-01,  4.3750000000000000E-01,5,  2.1575581489243914E-01,49,10,507,495,12,  5.1790957051932285E-01,  1.0140000000000000E+00,  9.8999999999999999E-01,  6.8562833552709268E-01,  4.5292435999999998E-02,  9.4732599999999996E-04,0
1586,  2.7500000000000002E-01,35,  8.1250000000000000E-01,  6.2500000000000000E-01,1,  2.1575581489243914E-01,49,5,495,495,0,  7.4182086720862384E-01,  9.8999999999999999E-01,  9.8999999999999999E-01,  8.4812773935477448E-01,  4.8660191999999998E-02,  5.9970700000000000E-04,0
1587,  2.7500000000000002E-01,35,  8.1250000000000000E-01,  6.2500000000000000E-01,2,  2.1575581489243914E-01,49,6,496,495,1,  6.5654540829088026E-01,  9.9199999999999999E-01,  9.8999999999999999E-01,  7.9014268184432657E-01,  4.7990969000000001E-02,  6.1856900000000002E-04,0
1588,  2.7500000000000002E-01,35,  8.1250000000000000E-01,  6.2500000000000000E-01,3,  2.1575581489243914E-01,49,8,500,495,5,  5.4813248278982218E-01,  1.0000000000000000E+00,  9.8999999999999999E-01,  7.0812089906163134E-01,  4.6334926999999998E-02,  5.9033800000000004E-04,0
1589,  2.7500000000000002E-01,35,  8.1250000000000000E-01,  6.2500000000000000E-01,4,  2.1575581489243914E-01,49,9,503,495,8,  5.3338870531510230E-01,  1.0060000000000000E+00,  9.8999999999999999E-01,  6.9714560811612147E-01,  5.3974819000000000E-02,  6.3753099999999999E-04,0
1590,  2.7500000000000002E-01,35,  8.1250000000000000E-01,  6.2500000000000000E-01,5,  2.1575581489243914E-01,49,10,507,495,12,  5.1790957051932285E-01,  1.0140000000000000E+00,  9.8999999999999999E-01,  6.8562833552709268E-01,  4.6905331000000001E-02,  5.7153599999999998E-04,0
1591,  2.7500000000000002E-01,35,  8.1250000000000000E-01,  8.1250000000000000E-01,1,  2.1575581489243914E-01,49,5,495,495,0,  7.4182086720862384E-01,  9.8999999999999999E-01,  9.8999999999999999E-01,  8.4812773935477448E-01,  4.3842864000000002E-02,  5.6497000000000003E-04,0
1592,  2.7500000000000002E-01,35,  8.1250000000000000E-01,  8.1250000000000000E-01,2,  2.1575581489243914E-01,49,6,496,495,1,  6.5654540829088026E-01,  9.9199999999999999E-01,  9.8999999999999999E-01,  7.9014268184432657E-01,  4.4459415000000002E-02,  5.5938899999999998E-04,0
1593,  2.7500000000000002E-01,35,  8.1250000000000000E-01,  8.1250000000000000E-01,3,  2.1575581489243914E-01,49,8,500,495,5,  5.4813248278982218E-01,  1.0000000000000000E+00,  9.8999999999999999E-01,  7.0812089906163134E-01,  4.2743567000000003E-02,  5.6655400000000004E-04,0
1594,  2.7500000000000002E-01,35,  8.1250000000000000E-01,  8.1250000000000000E-01,4,  2.1575581489243914E-01,49,9,503,495,8,  5.3338870531510230E-01,  1.0060000000000000E+00,  9.8999999999999999E-01,  6.9714560811612147E-01,  4.3674393999999998E-02,  5.6107499999999996E-04,0
1595,  2.7500000000000002E-01,35,  8.1250000000000000E-01,  8.1250000000000000E-01,5,  2.1575581489243914E-01,49,10,507,495,12,  5.1790957051932285E-01,  1.0140000000000000E+00,  9.8999999999999999E-01,  6.8562833552709268E-01,  4.2766711999999998E-02,  5.9174900000000003E-04,0
1596,  2.7500000000000002E-01,35,  8.1250000000000000E-01,  1.0000000000000000E+00,1,  2.1575581489243914E-01,49,5,495,495,0,  7.4182086720862384E-01,  9.8999999999999999E-01,  9.8999999999999999E-01,  8.4812773935477448E-01,  4.4683827000000002E-02,  5.6438400000000002E-04,0
1597,  2.7500000000000002E-01,35,  8.1250000000000000E-01,  1.0000000000000000E+00,2,  2.1575581489243914E-01,49,6,496,495,1,  6.5654540829088026E-01,  9.9199999999999999E-01,  9.8999999999999999E-01,  7.9014268184432657E-01,  4.7246753000000002E-02,  5.3809699999999997E-04,0
1598,  2.7500000000000002E-01,35,  8.1250000000000000E-01,  1.0000000000000000E+00,3,  2.1575581489243914E-01,49,8,500,495,5,  5.4813248278982218E-01,  1.0000000000000000E+00,  9.8999999999999999E-01,  7.0812089906163134E-01,  4.6049037000000001E-02,  5.8235199999999996E-04,0
1599,  2.7500000000000002E-01,35,  8.1250000000000000E-01,  1.0000000000000000E+00,4,  2.1575581489243914E-01,49,9,503,495,8,  5.3338870531510230E-01,  1.0060000000000000E+00,  9.8999999999999999E-01,  6.9714560811612147E-01,  4.7024686000000003E-02,  5.6614999999999996E-04,0
1600,  2.7500000000000002E-01,35,  8.1250000000000000E-01,  1.0000000000000000E+00,5,  2.1575581489243914E-01,49,10,507,495,12,  5.1790957051932285E-01,  1.0140000000000000E+00,  9.8999999999999999E-01,  6.8562833552709268E-01,  4.4908049999999998E-02,  7.0786199999999997E-04,0
1601,  2.7500000000000002E-01,35,  1.0000000000000000E+00,  2.5000000000000000E-01,1,  2.1575581489243914E-01,49,1,498,498,0,  9.9609374698147324E-01,  9.9600000000000000E-01,  9.9600000000000000E-01,  9.9604687128489244E-01,  5.8224085000000002E-02,  9.4514600000000001E-04,0
1602,  2.7500000000000002E-01,35,  1.0000000000000000E+00,  2.5000000000000000E-01,2,  2.1575581489243914E-01,49,2,499,498,1,  9.6364638542286507E-01,  9.9800000000000000E-01,  9.9600000000000000E-01,  9.8052238140229842E-01,  5.5320406000000003E-02,  8.4406200000000002E-04,0
1603,  2.7500000000000002E-01,35,  1.0000000000000000E+00,  2.5000000000000000E-01,3,  2.1575581489243914E-01,49,5,505,498,7,  6.3239849003742454E-01,  1.0100000000000000E+00,  9.9600000000000000E-01,  7.7779233092602829E-01,  6.2386539999999997E-02,  6.1301300000000003E-04,0
1604,  2.7500000000000002E-01,35,  1.0000000000000000E+00,  2.5000000000000000E-01,4,  2.1575581489243914E-01,49,5,505,498,7,  6.3239849003742454E-01,  1.0100000000000000E+00,  9.9600000000000000E-01,  7.7779233092602829E-01,  5.3749637000000003E-02,  6.0386100000000002E-04,0
1605,  2.7500000000000002E-01,35,  1.0000000000000000E+00,  2.5000000000000000E-01,5,  2.1575581489243914E-01,49,6,509,498,11,  6.0843218428539481E-01,  1.0180000000000000E+00,  9.9600000000000000E-01,  7.6164745088916264E-01,  4.7497412000000003E-02,  5.7523899999999996E-04,0
1606,  2.7500000000000002E-01,35,  1.0000000000000000E+00,  4.3750000000000000E-01,1,  2.1575581489243914E-01,49,1,498,498,0,  9.9609374698147324E-01,  9.9600000000000000E-01,  9.9600000000000000E-01,  9.9604687128489244E-01,  5.0427580999999999E-02,  5.3578700000000003E-04,0
1607,  2.7500000000000002E-01,35,  1.0000000000000000E+00,  4.3750000000000000E-01,2,  2.1575581489243914E-01,49,2,499,498,1,  9.6364638542286507E-01,  9.9800000000000000E-01,  9.9600000000000000E-01,  9.8052238140229842E-01,  4.7498154000000001E-02,  5.5318499999999998E-04,0
1608,  2.7500000000000002E-01,35,  1.0000000000000000E+00,  4.3750000000000000E-01,3,  2.1575581489243914E-01,49,5,505,498,7,  6.3239849003742454E-01,  1.0100000000000000E+00,  9.9600000000000000E-01,  7.7779233092602829E-01,  4.6243349000000003E-02,  5.5283999999999997E-04,0
1609,  2.7500000000000002E-01,35,  1.0000000000000000E+00,  4.3750000000000000E-01,4,  2.1575581489243914E-01,49,5,505,498,7,  6.3239849003742454E-01,  1.0100000000000000E+00,  9.9600000000000000E-01,  7.7779233092602829E-01,  4.7084412999999999E-02,  5.5688700000000005E-04,0
1610,  2.7500000000000002E-01,35,  1.0000000000000000E+00,  4.3750000000000000E-01,5,  2.1575581489243914E-01,49,6,509,498,11,  6.0843218428539481E-01,  1.0180000000000000E+00,  9.9600000000000000E-01,  7.6164745088916264E-01,  4.9404807000000002E-02,  6.0630500000000002E-04,0
1611,  2.7500000000000002E-01,35,  1.0000000000000000E+00,  6.2500000000000000E-01,1,  2.1575581489243914E-01,49,1,498,498,0,  9.9609374698147324E-01,  9.9600000000000000E-01,  9.9600000000000000E-01,  9.9604687128489244E-01,  4.8140047999999998E-02,  6.5268499999999996E-04,0
1612,  2.7500000000000002E-01,35,  1.0000000000000000E+00,  6.2500000000000000E-01,2,  2.1575581489243914E-01,49,2,499,498,1,  9.6364638542286507E-01,  9.9800000000000000E-01,  9.9600000000000000E-01,  9.8052238140229842E-01,  5.0569393999999997E-02,  5.6571699999999998E-04,0
1613,  2.7500000000000002E-01,35,  1.0000000000000000E+00,  6.2500000000000000E-01,3,  2.1575581489243914E-01,49,5,505,498,7,  6.3239849003742454E-01,  1.0100000000000000E+00,  9.9600000000000000E-01,  7.7779233092602829E-01,  4.6151062999999999E-02,  5.8182000000000004E-04,0
1614,  2.7500000000000002E-01,35,  1.0000000000000000E+00,  6.2500000000000000E-01,4,  2.1575581489243914E-01,49,5,505,498,7,  6.3239849003742454E-01,  1.0100000000000000E+00,  9.9600000000000000E-01,  7.7779233092602829E-01,  4.6189731999999997E-02,  5.6706699999999998E-04,0
1615,  2.7500000000000002E-01,35,  1.0000000000000000E+00,  6.2500000000000000E-01,5,  2.1575581489243914E-01,49,6,509,498,11,  6.0843218428539481E-01,  1.0180000000000000E+00,  9.9600000000000000E-01,  7.6164745088916264E-01,  4.7300776000000003E-02,  5.5672700000000002E-04,0
1616,  2.7500000000000002E-01,35,  1.0000000000000000E+00,  8.1250000000000000E-01,1,  2.1575581489243914E-01,49,1,498,498,0,  9.9609374698147324E-01,  9.9600000000000000E-01,  9.9600000000000000E-01,  9.9604687128489244E-01,  4.7090853000000002E-02,  5.3960800000000001E-04,0
1617,  2.7500000000000002E-01,35,  1.0000000000000000E+00,  8.1250000000000000E-01,2,  2.1575581489243914E-01,49,2,499,498,1,  9.6364638542286507E-01,  9.9800000000000000E-01,  9.9600000000000000E-01,  9.8052238140229842E-01,  5.2682114000000002E-02,  5.6880799999999997E-04,0
1618,  2.7500000000000002E-01,35,  1.0000000000000000E+00,  8.1250000000000000E-01,3,  2.1575581489243914E-01,49,5,505,498,7,  6.3239849003742454E-01,  1.0100000000000000E+00,  9.9600000000000000E-01,  7.7779233092602829E-01,  4.7341046999999997E-02,  5.7703400000000003E-04,0
1619,  2.7500000000000002E-01,35,  1.0000000000000000E+00,  8.1250000000000000E-01,4,  2.1575581489243914E-01,49,5,505,498,7,  6.3239849003742454E-01,  1.0100000000000000E+00,  9.9600000000000000E-01,  7.7779233092602829E-01,  4.7605842000000002E-02,  5.6265799999999995E-04,0
1620,  2.7500000000000002E-01,35,  1.0000000000000000E+00,  8.1250000000000000E-01,5,  2.1575581489243914E-01,49,6,509,498,11,  6.0843218428539481E-01,  1.0180000000000000E+00,  9.9600000000000000E-01,  7.6164745088916264E-01,  4.8857227000000003E-02,  5.8187400000000002E-04,0
1621,  2.7500000000000002E-01,35,  1.0000000000000000E+00,  1.0000000000000000E+00,1,  2.1575581489243914E-01,49,1,498,498,0,  9.9609374698147324E-01,  9.9600000000000000E-01,  9.9600000000000000E-01,  9.9604687128489244E-01,  4.7929953999999997E-02,  5.3622299999999995E-04,0
1622,  2.7500000000000002E-01,35,  1.0000000000000000E+00,  1.0000000000000000E+00,2,  2.1575581489243914E-01,49,2,499,498,1,  9.6364638542286507E-01,  9.9800000000000000E-01,  9.9600000000000000E-01,  9.8052238140229842E-01,  4.6005445999999998E-02,  5.7155599999999997E-04,0
1623,  2.7500000000000002E-01,35,  1.0000000000000000E+00,  1.0000000000000000E+00,3,  2.1575581489243914E-01,49,5,505,498,7,  6.3239849003742454E-01,  1.0100000000000000E+00,  9.9600000000000000E-01,  7.7779233092602829E-01,  4.6317516000000003E-02,  5.4695000000000004E-04,0
1624,  2.7500000000000002E-01,35,  1.0000000000000000E+00,  1.0000000000000000E+00,4,  2.1575581489243914E-01,49,5,505,498,7,  6.3239849003742454E-01,  1.0100000000000000E+00,  9.9600000000000000E-01,  7.7779233092602829E-01,  4.6021707000000002E-02,  5.6452800000000001E-04,0
1625,  2.7500000000000002E-01,35,  1.0000000000000000E+00,  1.0000000000000000E+00,5,  2.1575581489243914E-01,49,6,509,498,11,  6.0843218428539481E-01,  1.0180000000000000E+00,  9.9600000000000000E-01,  7.6164745088916264E-01,  5.4252797999999998E-02,  9.3122699999999997E-04,0
1626,  2.7500000000000002E-01,45,  2.5000000000000000E-01,  2.5000000000000000E-01,1,  2.1575581489243914E-01,38,21,388,388,0,  2.4291541043521037E-01,  7.7600000000000002E-01,  7.7600000000000002E-01,  3.7000590346790030E-01,  2.9725674000000001E-02,  4.4098700000000000E-04,0
1627,  2.7500000000000002E-01,45,  2.5000000000000000E-01,  2.5000000000000000E-01,2,  2.1575581489243914E-01,38,21,388,388,0,  2.4291541043521037E-01,  7.7600000000000002E-01,  7.7600000000000002E-01,  3.7000590346790030E-01,  2.6314555999999999E-02,  5.8979699999999998E-04,0
1628,  2.7500000000000002E-01,45,  2.5000000000000000E-01,  2.5000000000000000E-01,3,  2.1575581489243914E-01,38,21,388,388,0,  2.4291541043521037E-01,  7.7600000000000002E-01,  7.7600000000000002E-01,  3.7000590346790030E-01,  2.6676176999999999E-02,  6.1724399999999997E-04,0
1629,  2.7500000000000002E-01,45,  2.5000000000000000E-01,  2.5000000000000000E-01,4,  2.1575581489243914E-01,38,23,394,388,6,  2.1894770769417607E-01,  7.8800000000000003E-01,  7.7600000000000002E-01,  3.4268074170026458E-01,  2.6937055000000001E-02,  4.5460599999999998E-04,0
1630,  2.7500000000000002E-01,45,  2.5000000000000000E-01,  2.5000000000000000E-01,5,  2.1575581489243914E-01,38,24,398,388,10,  2.0523520828296540E-01,  7.9600000000000004E-01,  7.7600000000000002E-01,  3.2633136438220467E-01,  2.6635727000000001E-02,  4.8514800000000002E-04,0
1631,  2.7500000000000002E-01,45,  2.5000000000000000E-01,  4.3750000000000000E-01,1,  2.1575581489243914E-01,38,21,388,388,0,  2.4291541043521037E-01,  7.7600000000000002E-01,  7.7600000000000002E-01,  3.7000590346790030E-01,  2.6321269000000001E-02,  4.6015100000000001E-04,0
1632,  2.7500000000000002E-01,45,  2.5000000000000000E-01,  4.3750000000000000E-01,2,  2.1575581489243914E-01,38,21,388,388,0,  2.4291541043521037E-01,  7.7600000000000002E-01,  7.7600000000000002E-01,  3.7000590346790030E-01,  2.6710298000000000E-02,  4.4108000000000000E-04,0
1633,  2.7500000000000002E-01,45,  2.5000000000000000E-01,  4.3750000000000000E-01,3,  2.1575581489243914E-01,38,21,388,388,0,  2.4291541043521037E-01,  7.7600000000000002E-01,  7.7600000000000002E-01,  3.7000590346790030E-01,  2.8195122000000000E-02,  4.8806799999999998E-04,0
1634,  2.7500000000000002E-01,45,  2.5000000000000000E-01,  4.3750000000000000E-01,4,  2.1575581489243914E-01,38,23,394,388,6,  2.1894770769417607E-01,  7.8800000000000003E-01,  7.7600000000000002E-01,  3.4268074170026458E-01,  3.3020804000000001E-02,  6.7639600000000001E-04,0
1635,  2.7500000000000002E-01,45,  2.5000000000000000E-01,  4.3750000000000000E-01,5,  2.1575581489243914E-01,38,24,398,388,10,  2.0523520828296540E-01,  7.9600000000000004E-01,  7.7600000000000002E-01,  3.2633136438220467E-01,  3.4755925999999999E-02,  4.9028500000000003E-04,0
1636,  2.7500000000000002E-01,45,  2.5000000000000000E-01,  6.2500000000000000E-01,1,  2.1575581489243914E-01,38,21,388,388,0,  2.4291541043521037E-01,  7.7600000000000002E-01,  7.7600000000000002E-01,  3.7000590346790030E-01,  2.7247159000000000E-02,  4.5375199999999997E-04,0
1637,  2.7500000000000002E-01,45,  2.5000000000000000E-01,  6.2500000000000000E-01,2,  2.1575581489243914E-01,38,21,388,388,0,  2.4291541043521037E-01,  7.7600000000000002E-01,  7.7600000000000002E-01,  3.7000590346790030E-01,  2.6974298000000001E-02,  4.5240299999999998E-04,0
1638,  2.7500000000000002E-01,45,  2.5000000000000000E-01,  6.2500000000000000E-01,3,  2.1575581489243914E-01,38,21,388,388,0,  2.4291541043521037E-01,  7.7600000000000002E-01,  7.7600000000000002E-01,  3.7000590346790030E-01,  2.8429857999999999E-02,  4.4411700000000000E-04,0
1639,  2.7500000000000002E-01,45,  2.5000000000000000E-01,  6.2500000000000000E-01,4,  2.1575581489243914E-01,38,23,394,388,6,  2.1894770769417607E-01,  7.8800000000000003E-01,  7.7600000000000002E-01,  3.4268074170026458E-01,  2.7171850000000001E-02,  4.5414700000000001E-04,0
1640,  2.7500000000000002E-01,45,  2.5000000000000000E-01,  6.2500000000000000E-01,5,  2.1575581489243914E-01,38,24,398,388,10,  2.0523520828296540E-01,  7.9600000000000004E-01,  7.7600000000000002E-01,  3.2633136438220467E-01,  2.6537415000000002E-02,  5.5944299999999996E-04,0
1641,  2.7500000000000002E-01,45,  2.5000000000000000E-01,  8.1250000000000000E-01,1,  2.1575581489243914E-01,38,21,388,388,0,  2.4291541043521037E-01,  7.7600000000000002E-01,  7.7600000000000002E-01,  3.7000590346790030E-01,  2.6871038000000000E-02,  4.5105999999999998E-04,0
1642,  2.7500000000000002E-01,45,  2.5000000000000000E-01,  8.1250000000000000E-01,2,  2.1575581489243914E-01,38,21,388,388,0,  2.4291541043521037E-01,  7.7600000000000002E-01,  7.7600000000000002E-01,  3.7000590346790030E-01,  2.7380148000000000E-02,  4.5011399999999999E-04,0
1643,  2.7500000000000002E-01,45,  2.5000000000000000E-01,  8.1250000000000000E-01,3,  2.1575581489243914E-01,38,21,388,388,0,  2.4291541043521037E-01,  7.7600000000000002E-01,  7.7600000000000002E-01,  3.7000590346790030E-01,  2.7002024999999999E-02,  4.4625500000000000E-04,0
1644,  2.7500000000000002E-01,45,  2.5000000000000000E-01,  8.1250000000000000E-01,4,  2.1575581489243914E-01,38,23,394,388,6,  2.1894770769417607E-01,  7.8800000000000003E-01,  7.7600000000000002E-01,  3.4268074170026458E-01,  2.7025095999999998E-02,  4.6339100000000001E-04,0
1645,  2.7500000000000002E-01,45,  2.5000000000000000E-01,  8.1250000000000000E-01,5,  2.1575581489243914E-01,38,24,398,388,10,  2.0523520828296540E-01,  7.9600000000000004E-01,  7.7600000000000002E-01,  3.2633136438220467E-01,  2.6297707000000000E-02,  4.5510000000000000E-04,0
1646,  2.7500000000000002E-01,45,  2.5000000000000000E-01,  1.0000000000000000E+00,1,  2.1575581489243914E-01,38,21,388,388,0,  2.4291541043521037E-01,  7.7600000000000002E-01,  7.7600000000000002E-01,  3.7000590346790030E-01,  2.9044202000000002E-02,  7.0236300000000001E-04,0
1647,  2.7500000000000002E-01,45,  2.5000000000000000E-01,  1.0000000000000000E+00,2,  2.1575581489243914E-01,38,21,388,388,0,  2.4291541043521037E-01,  7.7600000000000002E-01,  7.7600000000000002E-01,  3.7000590346790030E-01,  2.6499555000000001E-02,  4.7145200000000003E-04,0
1648,  2.7500000000000002E-01,45,  2.5000000000000000E-01,  1.0000000000000000E+00,3,  2.1575581489243914E-01,38,21,388,388,0,  2.4291541043521037E-01,  7.7600000000000002E-01,  7.7600000000000002E-01,  3.7000590346790030E-01,  2.6795157000000000E-02,  4.5171799999999999E-04,0
1649,  2.7500000000000002E-01,45,  2.5000000000000000E-01,  1.0000000000000000E+00,4,  2.1575581489243914E-01,38,23,394,388,6,  2.1894770769417607E-01,  7.8800000000000003E-01,  7.7600000000000002E-01,  3.4268074170026458E-01,  2.6811466999999999E-02,  4.4975300000000000E-04,0
1650,  2.7500000000000002E-01,45,  2.5000000000000000E-01,  1.0000000000000000E+00,5,  2.1575581489243914E-01,38,24,398,388,10,  2.0523520828296540E-01,  7.9600000000000004E-01,  7.7600000000000002E-01,  3.2633136438220467E-01,  2.6280313999999999E-02,  4.5420900000000001E-04,0
1651,  2.7500000000000002E-01,45,  4.3750000000000000E-01,  2.5000000000000000E-01,1,  2.1575581489243914E-01,38,17,421,421,0,  3.5833671182798399E-01,  8.4199999999999997E-01,  8.4199999999999997E-01,  5.0272479111244728E-01,  2.7334005000000001E-02,  4.7358099999999999E-04,0
1652,  2.7500000000000002E-01,45,  4.3750000000000000E-01,  2.5000000000000000E-01,2,  2.1575581489243914E-01,38,17,421,421,0,  3.5833671182798399E-01,  8.4199999999999997E-01,  8.4199999999999997E-01,  5.0272479111244728E-01,  2.7487151000000001E-02,  4.6329500000000002E-04,0
1653,  2.7500000000000002E-01,45,  4.3750000000000000E-01,  2.5000000000000000E-01,3,  2.1575581489243914E-01,38,17,421,421,0,  3.5833671182798399E-01,  8.4199999999999997E-01,  8.4199999999999997E-01,  5.0272479111244728E-01,  3.0308040000000001E-02,  5.0313699999999996E-04,0
1654,  2.7500000000000002E-01,45,  4.3750000000000000E-01,  2.5000000000000000E-01,4,  2.1575581489243914E-01,38,18,424,421,3,  3.4112736261723386E-01,  8.4799999999999998E-01,  8.4199999999999997E-01,  4.8653493745653359E-01,  2.7335961999999998E-02,  4.9823999999999995E-04,0
1655,  2.7500000000000002E-01,45,  4.3750000000000000E-01,  2.5000000000000000E-01,5,  2.1575581489243914E-01,38,19,428,421,7,  3.1007097398039973E-01,  8.5599999999999998E-01,  8.4199999999999997E-01,  4.5523944879822309E-01,  2.7013843999999999E-02,  4.6961900000000000E-04,0
1656,  2.7500000000000002E-01,45,  4.3750000000000000E-01,  4.3750000000000000E-01,1,  2.1575581489243914E-01,38,17,421,421,0,  3.5833671182798399E-01,  8.4199999999999997E-01,  8.4199999999999997E-01,  5.0272479111244728E-01,  2.7123863000000002E-02,  4.6976299999999999E-04,0
1657,  2.7500000000000002E-01,45,  4.3750000000000000E-01,  4.3750000000000000E-01,2,  2.1575581489243914E-01,38,17,421,421,0,  3.5833671182798399E-01,  8.4199999999999997E-01,  8.4199999999999997E-01,  5.0272479111244728E-01,  2.8238689000000001E-02,  4.9029100000000001E-04,0
1658,  2.7500000000000002E-01,45,  4.3750000000000000E-01,  4.3750000000000000E-01,3,  2.1575581489243914E-01,38,17,421,421,0,  3.5833671182798399E-01,  8.4199999999999997E-01,  8.4199999999999997E-01,  5.0272479111244728E-01,  2.8775234000000000E-02,  4.6767000000000000E-04,0
1659,  2.7500000000000002E-01,45,  4.3750000000000000E-01,  4.3750000000000000E-01,4,  2.1575581489243914E-01,38,18,424,421,3,  3.4112736261723386E-01,  8.4799999999999998E-01,  8.4199999999999997E-01,  4.8653493745653359E-01,  2.8381006000000000E-02,  4.6594099999999999E-04,0
1660,  2.7500000000000002E-01,45,  4.3750000000000000E-01,  4.3750000000000000E-01,5,  2.1575581489243914E-01,38,19,428,421,7,  3.1007097398039973E-01,  8.5599999999999998E-01,  8.4199999999999997E-01,  4.5523944879822309E-01,  2.7752058999999999E-02,  4.7696899999999999E-04,0
1661,  2.7500000000000002E-01,45,  4.3750000000000000E-01,  6.2500000000000000E-01,1,  2.1575581489243914E-01,38,17,421,421,0,  3.5833671182798399E-01,  8.4199999999999997E-01,  8.4199999999999997E-01,  5.0272479111244728E-01,  3.1407617999999998E-02,  5.1895399999999996E-04,0
1662,  2.7500000000000002E-01,45,  4.3750000000000000E-01,  6.2500000000000000E-01,2,  2.1575581489243914E-01,38,17,421,421,0,  3.5833671182798399E-01,  8.4199999999999997E-01,  8.4199999999999997E-01,  5.0272479111244728E-01,  2.7923303000000000E-02,  4.7128500000000000E-04,0
1663,  2.7500000000000002E-01,45,  4.3750000000000000E-01,  6.2500000000000000E-01,3,  2.1575581489243914E-01,38,17,421,421,0,  3.5833671182798399E-01,  8.4199999999999997E-01,  8.4199999999999997E-01,  5.0272479111244728E-01,  2.7611362000000000E-02,  4.6532600000000001E-04,0
1664,  2.7500000000000002E-01,45,  4.3750000000000000E-01,  6.2500000000000000E-01,4,  2.1575581489243914E-01,38,18,424,421,3,  3.4112736261723386E-01,  8.4799999999999998E-01,  8.4199999999999997E-01,  4.8653493745653359E-01,  2.7283919000000000E-02,  4.8546100000000002E-04,0
1665,  2.7500000000000002E-01,45,  4.3750000000000000E-01,  6.2500000000000000E-01,5,  2.1575581489243914E-01,38,19,428,421,7,  3.1007097398039973E-01,  8.5599999999999998E-01,  8.4199999999999997E-01,  4.5523944879822309E-01,  2.7462225999999999E-02,  5.3489399999999995E-04,0
1666,  2.7500000000000002E-01,45,  4.3750000000000000E-01,  8.1250000000000000E-01,1,  2.1575581489243914E-01,38,17,421,421,0,  3.5833671182798399E-01,  8.4199999999999997E-01,  8.4199999999999997E-01,  5.0272479111244728E-01,  2.8655884999999999E-02,  4.6796400000000002E-04,0
1667,  2.7500000000000002E-01,45,  4.3750000000000000E-01,  8.1250000000000000E-01,2,  2.1575581489243914E-01,38,17,421,421,0,  3.5833671182798399E-01,  8.4199999999999997E-01,  8.4199999999999997E-01,  5.0272479111244728E-01,  2.8148370999999998E-02,  4.9566900000000001E-04,0
1668,  2.7500000000000002E-01,45,  4.3750000000000000E-01,  8.1250000000000000E-01,3,  2.1575581489243914E-01,38,17,421,421,0,  3.5833671182798399E-01,  8.4199999999999997E-01,  8.4199999999999997E-01,  5.0272479111244728E-01,  2.7227560000000001E-02,  4.8964899999999999E-04,0
1669,  2.7500000000000002E-01,45,  4.3750000000000000E-01,  8.1250000000000000E-01,4,  2.1575581489243914E-01,38,18,424,421,3,  3.4112736261723386E-01,  8.4799999999999998E-01,  8.4199999999999997E-01,  4.8653493745653359E-01,  2.6941761000000002E-02,  4.7607800000000000E-04,0
1670,  2.7500000000000002E-01,45,  4.3750000000000000E-01,  8.1250000000000000E-01,5,  2.1575581489243914E-01,38,19,428,421,7,  3.1007097398039973E-01,  8.5599999999999998E-01,  8.4199999999999997E-01,  4.5523944879822309E-01,  2.7624649000000001E-02,  4.8437900000000001E-04,0
1671,  2.7500000000000002E-01,45,  4.3750000000000000E-01,  1.0000000000000000E+00,1,  2.1575581489243914E-01,38,17,421,421,0,  3.5833671182798399E-01,  8.4199999999999997E-01,  8.4199999999999997E-01,  5.0272479111244728E-01,  2.6889122000000001E-02,  4.6204800000000001E-04,0
1672,  2.7500000000000002E-01,45,  4.3750000000000000E-01,  1.0000000000000000E+00,2,  2.1575581489243914E-01,38,17,421,421,0,  3.5833671182798399E-01,  8.4199999999999997E-01,  8.4199999999999997E-01,  5.0272479111244728E-01,  2.7321435000000002E-02,  4.7153499999999998E-04,0
1673,  2.7500000000000002E-01,45,  4.3750000000000000E-01,  1.0000000000000000E+00,3,  2.1575581489243914E-01,38,17,421,421,0,  3.5833671182798399E-01,  8.4199999999999997E-01,  8.4199999999999997E-01,  5.0272479111244728E-01,  2.7792832999999999E-02,  4.7023399999999998E-04,0
1674,  2.7500000000000002E-01,45,  4.3750000000000000E-01,  1.0000000000000000E+00,4,  2.1575581489243914E-01,38,18,424,421,3,  3.4112736261723386E-01,  8.4799999999999998E-01,  8.4199999999999997E-01,  4.8653493745653359E-01,  2.7932129999999999E-02,  4.6184699999999998E-04,0
1675,  2.7500000000000002E-01,45,  4.3750000000000000E-01,  1.0000000000000000E+00,5,  2.1575581489243914E-01,38,19,428,421,7,  3.1007097398039973E-01,  8.5599999999999998E-01,  8.4199999999999997E-01,  4.5523944879822309E-01,  2.7291004000000001E-02,  4.8920400000000003E-04,0
1676,  2.7500000000000002E-01,45,  6.2500000000000000E-01,  2.5000000000000000E-01,1,  2.1575581489243914E-01,38,13,474,474,0,  4.7945276694461442E-01,  9.4799999999999995E-01,  9.4799999999999995E-01,  6.3682838912613915E-01,  2.8851214000000000E-02,  5.0737000000000004E-04,0
1677,  2.7500000000000002E-01,45,  6.2500000000000000E-01,  2.5000000000000000E-01,2,  2.1575581489243914E-01,38,14,475,474,1,  4.6080770334766941E-01,  9.4999999999999996E-01,  9.4799999999999995E-01,  6.2059105169544948E-01,  2.8866836999999999E-02,  5.2881100000000002E-04,0
1678,  2.7500000000000002E-01,45,  6.2500000000000000E-01,  2.5000000000000000E-01,3,  2.1575581489243914E-01,38,14,475,474,1,  4.6080770334766941E-01,  9.4999999999999996E-01,  9.4799999999999995E-01,  6.2059105169544948E-01,  3.1477580999999998E-02,  5.8451800000000002E-04,0
1679,  2.7500000000000002E-01,45,  6.2500000000000000E-01,  2.5000000000000000E-01,4,  2.1575581489243914E-01,38,15,478,474,4,  4.4088042155452239E-01,  9.5599999999999996E-01,  9.4799999999999995E-01,  6.0346136505668291E-01,  3.1766969999999999E-02,  5.2347400000000001E-04,0
1680,  2.7500000000000002E-01,45,  6.2500000000000000E-01,  2.5000000000000000E-01,5,  2.1575581489243914E-01,38,15,478,474,4,  4.4088042155452239E-01,  9.5599999999999996E-01,  9.4799999999999995E-01,  6.0346136505668291E-01,  2.9418809000000001E-02,  5.0782799999999999E-04,0
1681,  2.7500000000000002E-01,45,  6.2500000000000000E-01,  4.3750000000000000E-01,1,  2.1575581489243914E-01,38,13,474,474,0,  4.7945276694461442E-01,  9.4799999999999995E-01,  9.4799999999999995E-01,  6.3682838912613915E-01,  3.1231787000000000E-02,  5.4237899999999995E-04,0
1682,  2.7500000000000002E-01,45,  6.2500000000000000E-01,  4.3750000000000000E-01,2,  2.1575581489243914E-01,38,14,475,474,1,  4.6080770334766941E-01,  9.4999999999999996E-01,  9.4799999999999995E-01,  6.2059105169544948E-01,  2.9532055000000001E-02,  5.0857500000000004E-04,0
1683,  2.7500000000000002E-01,45,  6.2500000000000000E-01,  4.3750000000000000E-01,3,  2.1575581489243914E-01,38,14,475,474,1,  4.6080770334766941E-01,  9.4999999999999996E-01,  9.4799999999999995E-01,  6.2059105169544948E-01,  2.9670258000000001E-02,  5.2553799999999998E-04,0
1684,  2.7500000000000002E-01,45,  6.2500000000000000E-01,  4.3750000000000000E-01,4,  2.1575581489243914E-01,38,15,478,474,4,  4.4088042155452239E-01,  9.5599999999999996E-01,  9.4799999999999995E-01,  6.0346136505668291E-01,  3.0031695000000001E-02,  5.3164200000000003E-04,0
1685,  2.7500000000000002E-01,45,  6.2500000000000000E-01,  4.3750000000000000E-01,5,  2.1575581489243914E-01,38,15,478,474,4,  4.4088042155452239E-01,  9.5599999999999996E-01,  9.4799999999999995E-01,  6.0346136505668291E-01,  2.9067592999999999E-02,  5.0938899999999996E-04,0
1686,  2.7500000000000002E-01,45,  6.2500000000000000E-01,  6.2500000000000000E-01,1,  2.1575581489243914E-01,38,13,474,474,0,  4.7945276694461442E-01,  9.4799999999999995E-01,  9.4799999999999995E-01,  6.3682838912613915E-01,  2.9229050999999999E-02,  5.1146799999999995E-04,0
1687,  2.7500000000000002E-01,45,  6.2500000000000000E-01,  6.2500000000000000E-01,2,  2.1575581489243914E-01,38,14,475,474,1,  4.6080770334766941E-01,  9.4999999999999996E-01,  9.4799999999999995E-01,  6.2059105169544948E-01,  3.2491146999999998E-02,  5.1208600000000003E-04,0
1688,  2.7500000000000002E-01,45,  6.2500000000000000E-01,  6.2500000000000000E-01,3,  2.1575581489243914E-01,38,14,475,474,1,  4.6080770334766941E-01,  9.4999999999999996E-01,  9.4799999999999995E-01,  6.2059105169544948E-01,  2.9591571000000001E-02,  5.3516299999999996E-04,0
1689,  2.7500000000000002E-01,45,  6.2500000000000000E-01,  6.2500000000000000E-01,4,  2.1575581489243914E-01,38,15,478,474,4,  4.4088042155452239E-01,  9.5599999999999996E-01,  9.4799999999999995E-01,  6.0346136505668291E-01,  3.0233144999999999E-02,  5.3999099999999997E-04,0
1690,  2.7500000000000002E-01,45,  6.2500000000000000E-01,  6.2500000000000000E-01,5,  2.1575581489243914E-01,38,15,478,474,4,  4.4088042155452239E-01,  9.5599999999999996E-01,  9.4799999999999995E-01,  6.0346136505668291E-01,  3.0330705999999999E-02,  5.2766300000000005E-04,0
1691,  2.7500000000000002E-01,45,  6.2500000000000000E-01,  8.1250000000000000E-01,1,  2.1575581489243914E-01,38,13,474,474,0,  4.7945276694461442E-01,  9.4799999999999995E-01,  9.4799999999999995E-01,  6.3682838912613915E-01,  3.0405192000000001E-02,  5.2920400000000002E-04,0
1692,  2.7500000000000002E-01,45,  6.2500000000000000E-01,  8.1250000000000000E-01,2,  2.1575581489243914E-01,38,14,475,474,1,  4.6080770334766941E-01,  9.4999999999999996E-01,  9.4799999999999995E-01,  6.2059105169544948E-01,  3.0213725000000000E-02,  6.7033800000000003E-04,0
1693,  2.7500000000000002E-01,45,  6.2500000000000000E-01,  8.1250000000000000E-01,3,  2.1575581489243914E-01,38,14,475,474,1,  4.6080770334766941E-01,  9.4999999999999996E-01,  9.4799999999999995E-01,  6.2059105169544948E-01,  3.0519079000000001E-02,  6.3255099999999997E-04,0
1694,  2.7500000000000002E-01,45,  6.2500000000000000E-01,  8.1250000000000000E-01,4,  2.1575581489243914E-01,38,15,478,474,4,  4.4088042155452239E-01,  9.5599999999999996E-01,  9.4799999999999995E-01,  6.0346136505668291E-01,  4.0074501999999998E-02,  5.5514900000000001E-04,0
1695,  2.7500000000000002E-01,45,  6.2500000000000000E-01,  8.1250000000000000E-01,5,  2.1575581489243914E-01,38,15,478,474,4,  4.4088042155452239E-01,  9.5599999999999996E-01,  9.4799999999999995E-01,  6.0346136505668291E-01,  3.5962505999999998E-02,  5.3035699999999996E-04,0
1696,  2.7500000000000002E-01,45,  6.2500000000000000E-01,  1.0000000000000000E+00,1,  2.1575581489243914E-01,38,13,474,474,0,  4.7945276694461442E-01,  9.4799999999999995E-01,  9.4799999999999995E-01,  6.3682838912613915E-01,  3.2018778999999997E-02,  5.4831200000000002E-04,0
1697,  2.7500000000000002E-01,45,  6.2500000000000000E-01,  1.0000000000000000E+00,2,  2.1575581489243914E-01,38,14,475,474,1,  4.6080770334766941E-01,  9.4999999999999996E-01,  9.4799999999999995E-01,  6.2059105169544948E-01,  3.1564161000000000E-02,  5.3432100000000004E-04,0
1698,  2.7500000000000002E-01,45,  6.2500000000000000E-01,  1.0000000000000000E+00,3,  2.1575581489243914E-01,38,14,475,474,1,  4.6080770334766941E-01,  9.4999999999999996E-01,  9.4799999999999995E-01,  6.2059105169544948E-01,  3.0015627000000000E-02,  5.1587200000000001E-04,0
1699,  2.7500000000000002E-01,45,  6.2500000000000000E-01,  1.0000000000000000E+00,4,  2.1575581489243914E-01,38,15,478,474,4,  4.4088042155452239E-01,  9.5599999999999996E-01,  9.4799999999999995E-01,  6.0346136505668291E-01,  2.9970674999999999E-02,  1.0393250000000000E-03,0
1700,  2.7500000000000002E-01,45,  6.2500000000000000E-01,  1.0000000000000000E+00,5,  2.1575581489243914E-01,38,15,478,474,4,  4.4088042155452239E-01,  9.5599999999999996E-01,  9.4799999999999995E-01,  6.0346136505668291E-01,  3.1708779999999999E-02,  5.3699800000000001E-04,0
1701,  2.7500000000000002E-01,45,  8.1250000000000000E-01,  2.5000000000000000E-01,1,  2.1575581489243914E-01,38,6,483,483,0,  6.4563923407497370E-01,  9.6599999999999997E-01,  9.6599999999999997E-01,  7.7397904807697249E-01,  3.4184055999999997E-02,  5.4289900000000001E-04,0
1702,  2.7500000000000002E-01,45,  8.1250000000000000E-01,  2.5000000000000000E-01,2,  2.1575581489243914E-01,38,7,484,483,1,  6.2231489688357378E-01,  9.6799999999999997E-01,  9.6599999999999997E-01,  7.5758684190631820E-01,  3.3771151999999999E-02,  5.2302800000000003E-04,0
1703,  2.7500000000000002E-01,45,  8.1250000000000000E-01,  2.5000000000000000E-01,3,  2.1575581489243914E-01,38,9,488,483,5,  5.5441896559758264E-01,  9.7599999999999998E-01,  9.6599999999999997E-01,  7.0714349807074206E-01,  4.0655475000000003E-02,  6.3872600000000005E-04,0
1704,  2.7500000000000002E-01,45,  8.1250000000000000E-01,  2.5000000000000000E-01,4,  2.1575581489243914E-01,38,10,491,483,8,  5.4021105160466565E-01,  9.8199999999999998E-01,  9.6599999999999997E-01,  6.9699566576731808E-01,  3.4338576000000003E-02,  6.5206599999999997E-04,0
1705,  2.7500000000000002E-01,45,  8.1250000000000000E-01,  2.5000000000000000E-01,5,  2.1575581489243914E-01,38,11,495,483,12,  5.2066278448744530E-01,  9.8999999999999999E-01,  9.6599999999999997E-01,  6.8242384989640248E-01,  3.3592759999999999E-02,  5.3957500000000004E-04,0
1706,  2.7500000000000002E-01,45,  8.1250000000000000E-01,  4.3750000000000000E-01,1,  2.1575581489243914E-01,38,6,483,483,0,  6.4563923407497370E-01,  9.6599999999999997E-01,  9.6599999999999997E-01,  7.7397904807697249E-01,  3.3693832999999999E-02,  5.2892700000000000E-04,0
1707,  2.7500000000000002E-01,45,  8.1250000000000000E-01,  4.3750000000000000E-01,2,  2.1575581489243914E-01,38,7,484,483,1,  6.2231489688357378E-01,  9.6799999999999997E-01,  9.6599999999999997E-01,  7.5758684190631820E-01,  3.4283106000000001E-02,  5.3738699999999996E-04,0
1708,  2.7500000000000002E-01,45,  8.1250000000000000E-01,  4.3750000000000000E-01,3,  2.1575581489243914E-01,38,9,488,483,5,  5.5441896559758264E-01,  9.7599999999999998E-01,  9.6599999999999997E-01,  7.0714349807074206E-01,  3.5632058000000001E-02,  5.3925299999999995E-04,0
1709,  2.7500000000000002E-01,45,  8.1250000000000000E-01,  4.3750000000000000E-01,4,  2.1575581489243914E-01,38,10,491,483,8,  5.4021105160466565E-01,  9.8199999999999998E-01,  9.6599999999999997E-01,  6.9699566576731808E-01,  4.3441775000000002E-02,  5.4424100000000000E-04,0
1710,  2.7500000000000002E-01,45,  8.1250000000000000E-01,  4.3750000000000000E-01,5,  2.1575581489243914E-01,38,11,495,483,12,  5.2066278448744530E-01,  9.8999999999999999E-01,  9.6599999999999997E-01,  6.8242384989640248E-01,  3.6850804000000001E-02,  5.4621300000000004E-04,0
1711,  2.7500000000000002E-01,45,  8.1250000000000000E-01,  6.2500000000000000E-01,1,  2.1575581489243914E-01,38,6,483,483,0,  6.4563923407497370E-01,  9.6599999999999997E-01,  9.6599999999999997E-01,  7.7397904807697249E-01,  3.3559955000000002E-02,  5.1207599999999998E-04,0
1712,  2.7500000000000002E-01,45,  8.1250000000000000E-01,  6.2500000000000000E-01,2,  2.1575581489243914E-01,38,7,484,483,1,  6.2231489688357378E-01,  9.6799999999999997E-01,  9.6599999999999997E-01,  7.5758684190631820E-01,  3.5048453000000000E-02,  5.7636700000000005E-04,0
1713,  2.7500000000000002E-01,45,  8.1250000000000000E-01,  6.2500000000000000E-01,3,  2.1575581489243914E-01,38,9,488,483,5,  5.5441896559758264E-01,  9.7599999999999998E-01,  9.6599999999999997E-01,  7.0714349807074206E-01,  3.3205205000000002E-02,  5.2577400000000001E-04,0
1714,  2.7500000000000002E-01,45,  8.1250000000000000E-01,  6.2500000000000000E-01,4,  2.1575581489243914E-01,38,10,491,483,8,  5.4021105160466565E-01,  9.8199999999999998E-01,  9.6599999999999997E-01,  6.9699566576731808E-01,  3.2420061999999999E-02,  5.2684699999999999E-04,0
1715,  2.7500000000000002E-01,45,  8.1250000000000000E-01,  6.2500000000000000E-01,5,  2.1575581489243914E-01,38,11,495,483,12,  5.2066278448744530E-01,  9.8999999999999999E-01,  9.6599999999999997E-01,  6.8242384989640248E-01,  3.2966279000000001E-02,  5.5161000000000001E-04,0
1716,  2.7500000000000002E-01,45,  8.1250000000000000E-01,  8.1250000000000000E-01,1,  2.1575581489243914E-01,38,6,483,483,0,  6.4563923407497370E-01,  9.6599999999999997E-01,  9.6599999999999997E-01,  7.7397904807697249E-01,  3.2599614999999998E-02,  5.1762800000000001E-04,0
1717,  2.7500000000000002E-01,45,  8.1250000000000000E-01,  8.1250000000000000E-01,2,  2.1575581489243914E-01,38,7,484,483,1,  6.2231489688357378E-01,  9.6799999999999997E-01,  9.6599999999999997E-01,  7.5758684190631820E-01,  3.3075027999999999E-02,  5.2295200000000003E-04,0
1718,  2.7500000000000002E-01,45,  8.1250000000000000E-01,  8.1250000000000000E-01,3,  2.1575581489243914E-01,38,9,488,483,5,  5.5441896559758264E-01,  9.7599999999999998E-01,  9.6599999999999997E-01,  7.0714349807074206E-01,  3.2728732000000003E-02,  5.5466399999999996E-04,0
1719,  2.7500000000000002E-01,45,  8.1250000000000000E-01,  8.1250000000000000E-01,4,  2.1575581489243914E-01,38,10,491,483,8,  5.4021105160466565E-01,  9.8199999999999998E-01,  9.6599999999999997E-01,  6.9699566576731808E-01,  3.3585734999999999E-02,  5.2526899999999997E-04,0
1720,  2.7500000000000002E-01,45,  8.1250000000000000E-01,  8.1250000000000000E-01,5,  2.1575581489243914E-01,38,11,495,483,12,  5.2066278448744530E-01,  9.8999999999999999E-01,  9.6599999999999997E-01,  6.8242384989640248E-01,  3.8150548999999999E-02,  5.9268999999999999E-04,0
1721,  2.7500000000000002E-01,45,  8.1250000000000000E-01,  1.0000000000000000E+00,1,  2.1575581489243914E-01,38,6,483,483,0,  6.4563923407497370E-01,  9.6599999999999997E-01,  9.6599999999999997E-01,  7.7397904807697249E-01,  3.4484244999999997E-02,  5.8854600000000001E-04,0
1722,  2.7500000000000002E-01,45,  8.1250000000000000E-01,  1.0000000000000000E+00,2,  2.1575581489243914E-01,38,7,484,483,1,  6.2231489688357378E-01,  9.6799999999999997E-01,  9.6599999999999997E-01,  7.5758684190631820E-01,  3.5892740999999999E-02,  5.2276199999999997E-04,0
1723,  2.7500000000000002E-01,45,  8.1250000000000000E-01,  1.0000000000000000E+00,3,  2.1575581489243914E-01,38,9,488,483,5,  5.5441896559758264E-01,  9.7599999999999998E-01,  9.6599999999999997E-01,  7.0714349807074206E-01,  3.4742314000000003E-02,  5.7098999999999995E-04,0
1724,  2.7500000000000002E-01,45,  8.1250000000000000E-01,  1.0000000000000000E+00,4,  2.1575581489243914E-01,38,10,491,483,8,  5.4021105160466565E-01,  9.8199999999999998E-01,  9.6599999999999997E-01,  6.9699566576731808E-01,  3.7448527000000002E-02,  6.8635799999999998E-04,0
1725,  2.7500000000000002E-01,45,  8.1250000000000000E-01,  1.0000000000000000E+00,5,  2.1575581489243914E-01,38,11,495,483,12,  5.2066278448744530E-01,  9.8999999999999999E-01,  9.6599999999999997E-01,  6.8242384989640248E-01,  3.8942960999999998E-02,  5.6428100000000003E-04,0
1726,  2.7500000000000002E-01,45,  1.0000000000000000E+00,  2.5000000000000000E-01,1,  2.1575581489243914E-01,38,4,492,492,0,  8.5662340499991751E-01,  9.8399999999999999E-01,  9.8399999999999999E-01,  9.1590428354892794E-01,  4.5253264000000001E-02,  5.5697799999999997E-04,0
1727,  2.7500000000000002E-01,45,  1.0000000000000000E+00,  2.5000000000000000E-01,2,  2.1575581489243914E-01,38,4,492,492,0,  8.5662340499991751E-01,  9.8399999999999999E-01,  9.8399999999999999E-01,  9.1590428354892794E-01,  3.9018707000000000E-02,  5.2078499999999995E-04,0
1728,  2.7500000000000002E-01,45,  1.0000000000000000E+00,  2.5000000000000000E-01,3,  2.1575581489243914E-01,38,6,496,492,4,  6.5497252208343693E-01,  9.9199999999999999E-01,  9.8399999999999999E-01,  7.8900252820836503E-01,  3.7349387999999997E-02,  5.3518200000000004E-04,0
1729,  2.7500000000000002E-01,45,  1.0000000000000000E+00,  2.5000000000000000E-01,4,  2.1575581489243914E-01,38,6,496,492,4,  6.5497252208343693E-01,  9.9199999999999999E-01,  9.8399999999999999E-01,  7.8900252820836503E-01,  3.5384141000000001E-02,  5.3723400000000004E-04,0
1730,  2.7500000000000002E-01,45,  1.0000000000000000E+00,  2.5000000000000000E-01,5,  2.1575581489243914E-01,38,7,500,492,8,  6.0662793638505730E-01,  1.0000000000000000E+00,  9.8399999999999999E-01,  7.5515671381885896E-01,  3.6119207000000000E-02,  5.5431100000000004E-04,0
1731,  2.7500000000000002E-01,45,  1.0000000000000000E+00,  4.3750000000000000E-01,1,  2.1575581489243914E-01,38,4,492,492,0,  8.5662340499991751E-01,  9.8399999999999999E-01,  9.8399999999999999E-01,  9.1590428354892794E-01,  3.5856484000000001E-02,  6.7188899999999995E-04,0
1732,  2.7500000000000002E-01,45,  1.0000000000000000E+00,  4.3750000000000000E-01,2,  2.1575581489243914E-01,38,4,492,492,0,  8.5662340499991751E-01,  9.8399999999999999E-01,  9.8399999999999999E-01,  9.1590428354892794E-01,  3.6212356000000001E-02,  7.9814399999999998E-04,0
1733,  2.7500000000000002E-01,45,  1.0000000000000000E+00,  4.3750000000000000E-01,3,  2.1575581489243914E-01,38,6,496,492,4,  6.5497252208343693E-01,  9.9199999999999999E-01,  9.8399999999999999E-01,  7.8900252820836503E-01,  3.6334573000000002E-02,  5.7850000000000002E-04,0
1734,  2.7500000000000002E-01,45,  1.0000000000000000E+00,  4.3750000000000000E-01,4,  2.1575581489243914E-01,38,6,496,492,4,  6.5497252208343693E-01,  9.9199999999999999E-01,  9.8399999999999999E-01,  7.8900252820836503E-01,  3.9252971999999997E-02,  5.6248400000000003E-04,0
1735,  2.7500000000000002E-01,45,  1.0000000000000000E+00,  4.3750000000000000E-01,5,  2.1575581489243914E-01,38,7,500,492,8,  6.0662793638505730E-01,  1.0000000000000000E+00,  9.8399999999999999E-01,  7.5515671381885896E-01,  3.6173598000000001E-02,  5.9713300000000002E-04,0
1736,  2.7500000000000002E-01,45,  1.0000000000000000E+00,  6.2500000000000000E-01,1,  2.1575581489243914E-01,38,4,492,492,0,  8.5662340499991751E-01,  9.8399999999999999E-01,  9.8399999999999999E-01,  9.1590428354892794E-01,  4.4328170000000000E-02,  5.4316599999999998E-04,0
1737,  2.7500000000000002E-01,45,  1.0000000000000000E+00,  6.2500000000000000E-01,2,  2.1575581489243914E-01,38,4,492,492,0,  8.5662340499991751E-01,  9.8399999999999999E-01,  9.8399999999999999E-01,  9.1590428354892794E-01,  3.6594131000000002E-02,  5.4358000000000000E-04,0
1738,  2.7500000000000002E-01,45,  1.0000000000000000E+00,  6.2500000000000000E-01,3,  2.1575581489243914E-01,38,6,496,492,4,  6.5497252208343693E-01,  9.9199999999999999E-01,  9.8399999999999999E-01,  7.8900252820836503E-01,  3.5913871000000000E-02,  5.3612899999999999E-04,0
1739,  2.7500000000000002E-01,45,  1.0000000000000000E+00,  6.2500000000000000E-01,4,  2.1575581489243914E-01,38,6,496,492,4,  6.5497252208343693E-01,  9.9199999999999999E-01,  9.8399999999999999E-01,  7.8900252820836503E-01,  3.6335825000000002E-02,  5.6052200000000004E-04,0
1740,  2.7500000000000002E-01,45,  1.0000000000000000E+00,  6.2500000000000000E-01,5,  2.1575581489243914E-01,38,7,500,492,8,  6.0662793638505730E-01,  1.0000000000000000E+00,  9.8399999999999999E-01,  7.5515671381885896E-01,  3.6218871999999999E-02,  5.8673199999999997E-04,0
1741,  2.7500000000000002E-01,45,  1.0000000000000000E+00,  8.1250000000000000E-01,1,  2.1575581489243914E-01,38,4,492,492,0,  8.5662340499991751E-01,  9.8399999999999999E-01,  9.8399999999999999E-01,  9.1590428354892794E-01,  3.5801588000000002E-02,  5.4348899999999997E-04,0
1742,  2.7500000000000002E-01,45,  1.0000000000000000E+00,  8.1250000000000000E-01,2,  2.1575581489243914E-01,38,4,492,492,0,  8.5662340499991751E-01,  9.8399999999999999E-01,  9.8399999999999999E-01,  9.1590428354892794E-01,  3.5272604999999999E-02,  5.3676500000000003E-04,0
1743,  2.7500000000000002E-01,45,  1.0000000000000000E+00,  8.1250000000000000E-01,3,  2.1575581489243914E-01,38,6,496,492,4,  6.5497252208343693E-01,  9.9199999999999999E-01,  9.8399999999999999E-01,  7.8900252820836503E-01,  3.8229935000000000E-02,  5.6363200000000000E-04,0
1744,  2.7500000000000002E-01,45,  1.0000000000000000E+00,  8.1250000000000000E-01,4,  2.1575581489243914E-01,38,6,496,492,4,  6.5497252208343693E-01,  9.9199999999999999E-01,  9.8399999999999999E-01,  7.8900252820836503E-01,  3.6417404000000000E-02,  7.4689500000000002E-04,0
1745,  2.7500000000000002E-01,45,  1.0000000000000000E+00,  8.1250000000000000E-01,5,  2.1575581489243914E-01,38,7,500,492,8,  6.0662793638505730E-01,  1.0000000000000000E+00,  9.8399999999999999E-01,  7.5515671381885896E-01,  3.5027768000000001E-02,  5.4060899999999995E-04,0
1746,  2.7500000000000002E-01,45,  1.0000000000000000E+00,  1.0000000000000000E+00,1,  2.1575581489243914E-01,38,4,492,492,0,  8.5662340499991751E-01,  9.8399999999999999E-01,  9.8399999999999999E-01,  9.1590428354892794E-01,  3.6083071000000001E-02,  5.3521600000000003E-04,0
1747,  2.7500000000000002E-01,45,  1.0000000000000000E+00,  1.0000000000000000E+00,2,  2.1575581489243914E-01,38,4,492,492,0,  8.5662340499991751E-01,  9.8399999999999999E-01,  9.8399999999999999E-01,  9.1590428354892794E-01,  3.7165797000000000E-02,  5.2820400000000000E-04,0
1748,  2.7500000000000002E-01,45,  1.0000000000000000E+00,  1.0000000000000000E+00,3,  2.1575581489243914E-01,38,6,496,492,4,  6.5497252208343693E-01,  9.9199999999999999E-01,  9.8399999999999999E-01,  7.8900252820836503E-01,  3.6214529000000002E-02,  5.5688999999999999E-04,0
1749,  2.7500000000000002E-01,45,  1.0000000000000000E+00,  1.0000000000000000E+00,4,  2.1575581489243914E-01,38,6,496,492,4,  6.5497252208343693E-01,  9.9199999999999999E-01,  9.8399999999999999E-01,  7.8900252820836503E-01,  3.5534378999999998E-02,  5.5833700000000000E-04,0
1750,  2.7500000000000002E-01,45,  1.0000000000000000E+00,  1.0000000000000000E+00,5,  2.1575581489243914E-01,38,7,500,492,8,  6.0662793638505730E-01,  1.0000000000000000E+00,  9.8399999999999999E-01,  7.5515671381885896E-01,  3.5212861999999998E-02,  5.6975999999999999E-04,0
1751,  2.7500000000000002E-01,55,  2.5000000000000000E-01,  2.5000000000000000E-01,1,  2.1575581489243914E-01,31,18,358,358,0,  2.4349820689691731E-01,  7.1599999999999997E-01,  7.1599999999999997E-01,  3.6340811245918947E-01,  1.9197566999999999E-02,  4.0277500000000002E-04,0
1752,  2.7500000000000002E-01,55,  2.5000000000000000E-01,  2.5000000000000000E-01,2,  2.1575581489243914E-01,31,18,358,358,0,  2.4349820689691731E-01,  7.1599999999999997E-01,  7.1599999999999997E-01,  3.6340811245918947E-01,  1.6551634999999999E-02,  4.0590000000000000E-04,0
1753,  2.7500000000000002E-01,55,  2.5000000000000000E-01,  2.5000000000000000E-01,3,  2.1575581489243914E-01,31,19,360,358,2,  2.2824728853555515E-01,  7.1999999999999997E-01,  7.1599999999999997E-01,  3.4661432673200365E-01,  1.6072626000000000E-02,  3.9807200000000002E-04,0
1754,  2.7500000000000002E-01,55,  2.5000000000000000E-01,  2.5000000000000000E-01,4,  2.1575581489243914E-01,31,19,360,358,2,  2.2824728853555515E-01,  7.1999999999999997E-01,  7.1599999999999997E-01,  3.4661432673200365E-01,  1.6228130000000000E-02,  3.9986900000000002E-04,0
1755,  2.7500000000000002E-01,55,  2.5000000000000000E-01,  2.5000000000000000E-01,5,  2.1575581489243914E-01,31,20,364,358,6,  2.1166255412403243E-01,  7.2799999999999998E-01,  7.1599999999999997E-01,  3.2796952209283459E-01,  1.6054661000000001E-02,  5.1783099999999996E-04,0
1756,  2.7500000000000002E-01,55,  2.5000000000000000E-01,  4.3750000000000000E-01,1,  2.1575581489243914E-01,31,18,358,358,0,  2.4349820689691731E-01,  7.1599999999999997E-01,  7.1599999999999997E-01,  3.6340811245918947E-01,  1.5927601999999999E-02,  4.0038299999999998E-04,0
1757,  2.7500000000000002E-01,55,  2.5000000000000000E-01,  4.3750000000000000E-01,2,  2.1575581489243914E-01,31,18,358,358,0,  2.4349820689691731E-01,  7.1599999999999997E-01,  7.1599999999999997E-01,  3.6340811245918947E-01,  1.6088417000000001E-02,  4.0473700000000001E-04,0
1758,  2.7500000000000002E-01,55,  2.5000000000000000E-01,  4.3750000000000000E-01,3,  2.1575581489243914E-01,31,19,360,358,2,  2.2824728853555515E-01,  7.1999999999999997E-01,  7.1599999999999997E-01,  3.4661432673200365E-01,  1.5794150999999999E-02,  3.9671200000000002E-04,0
1759,  2.7500000000000002E-01,55,  2.5000000000000000E-01,  4.3750000000000000E-01,4,  2.1575581489243914E-01,31,19,360,358,2,  2.2824728853555515E-01,  7.1999999999999997E-01,  7.1599999999999997E-01,  3.4661432673200365E-01,  1.5824767000000000E-02,  4.1061800000000002E-04,0
1760,  2.7500000000000002E-01,55,  2.5000000000000000E-01,  4.3750000000000000E-01,5,  2.1575581489243914E-01,31,20,364,358,6,  2.1166255412403243E-01,  7.2799999999999998E-01,  7.1599999999999997E-01,  3.2796952209283459E-01,  1.6110877999999999E-02,  4.1798200000000001E-04,0
1761,  2.7500000000000002E-01,55,  2.5000000000000000E-01,  6.2500000000000000E-01,1,  2.1575581489243914E-01,31,18,358,358,0,  2.4349820689691731E-01,  7.1599999999999997E-01,  7.1599999999999997E-01,  3.6340811245918947E-01,  1.5874348999999999E-02,  3.9341300000000001E-04,0
1762,  2.7500000000000002E-01,55,  2.5000000000000000E-01,  6.2500000000000000E-01,2,  2.1575581489243914E-01,31,18,358,358,0,  2.4349820689691731E-01,  7.1599999999999997E-01,  7.1599999999999997E-01,  3.6340811245918947E-01,  1.5733278999999999E-02,  3.9401399999999999E-04,0
1763,  2.7500000000000002E-01,55,  2.5000000000000000E-01,  6.2500000000000000E-01,3,  2.1575581489243914E-01,31,19,360,358,2,  2.2824728853555515E-01,  7.1999999999999997E-01,  7.1599999999999997E-01,  3.4661432673200365E-01,  1.5731396000000002E-02,  3.9461299999999998E-04,0
1764,  2.7500000000000002E-01,55,  2.5000000000000000E-01,  6.2500000000000000E-01,4,  2.1575581489243914E-01,31,19,360,358,2,  2.2824728853555515E-01,  7.1999999999999997E-01,  7.1599999999999997E-01,  3.4661432673200365E-01,  1.5824594000000001E-02,  3.9789799999999999E-04,0
1765,  2.7500000000000002E-01,55,  2.5000000000000000E-01,  6.2500000000000000E-01,5,  2.1575581489243914E-01,31,20,364,358,6,  2.1166255412403243E-01,  7.2799999999999998E-01,  7.1599999999999997E-01,  3.2796952209283459E-01,  1.5955952999999998E-02,  4.1378900000000002E-04,0
1766,  2.7500000000000002E-01,55,  2.5000000000000000E-01,  8.1250000000000000E-01,1,  2.1575581489243914E-01,31,18,358,358,0,  2.4349820689691731E-01,  7.1599999999999997E-01,  7.1599999999999997E-01,  3.6340811245918947E-01,  1.5811266000000001E-02,  3.9459400000000001E-04,0
1767,  2.7500000000000002E-01,55,  2.5000000000000000E-01,  8.1250000000000000E-01,2,  2.1575581489243914E-01,31,18,358,358,0,  2.4349820689691731E-01,  7.1599999999999997E-01,  7.1599999999999997E-01,  3.6340811245918947E-01,  1.5820109999999998E-02,  3.9698499999999998E-04,0
1768,  2.7500000000000002E-01,55,  2.5000000000000000E-01,  8.1250000000000000E-01,3,  2.1575581489243914E-01,31,19,360,358,2,  2.2824728853555515E-01,  7.1999999999999997E-01,  7.1599999999999997E-01,  3.4661432673200365E-01,  1.5931646000000001E-02,  4.0156700000000003E-04,0
1769,  2.7500000000000002E-01,55,  2.5000000000000000E-01,  8.1250000000000000E-01,4,  2.1575581489243914E-01,31,19,360,358,2,  2.2824728853555515E-01,  7.1999999999999997E-01,  7.1599999999999997E-01,  3.4661432673200365E-01,  1.6273770999999999E-02,  4.0857600000000001E-04,0
1770,  2.7500000000000002E-01,55,  2.5000000000000000E-01,  8.1250000000000000E-01,5,  2.1575581489243914E-01,31,20,364,358,6,  2.1166255412403243E-01,  7.2799999999999998E-01,  7.1599999999999997E-01,  3.2796952209283459E-01,  1.6585725999999999E-02,  4.1301800000000002E-04,0
1771,  2.7500000000000002E-01,55,  2.5000000000000000E-01,  1.0000000000000000E+00,1,  2.1575581489243914E-01,31,18,358,358,0,  2.4349820689691731E-01,  7.1599999999999997E-01,  7.1599999999999997E-01,  3.6340811245918947E-01,  1.5662982999999998E-02,  4.2484300000000000E-04,0
1772,  2.7500000000000002E-01,55,  2.5000000000000000E-01,  1.0000000000000000E+00,2,  2.1575581489243914E-01,31,18,358,358,0,  2.4349820689691731E-01,  7.1599999999999997E-01,  7.1599999999999997E-01,  3.6340811245918947E-01,  1.6183590000000001E-02,  3.9346500000000001E-04,0
1773,  2.7500000000000002E-01,55,  2.5000000000000000E-01,  1.0000000000000000E+00,3,  2.1575581489243914E-01,31,19,360,358,2,  2.2824728853555515E-01,  7.1999999999999997E-01,  7.1599999999999997E-01,  3.4661432673200365E-01,  1.6060820999999999E-02,  4.4852200000000003E-04,0
1774,  2.7500000000000002E-01,55,  2.5000000000000000E-01,  1.0000000000000000E+00,4,  2.1575581489243914E-01,31,19,360,358,2,  2.2824728853555515E-01,  7.1999999999999997E-01,  7.1599999999999997E-01,  3.4661432673200365E-01,  1.5980065000000002E-02,  4.0793900000000001E-04,0
1775,  2.7500000000000002E-01,55,  2.5000000000000000E-01,  1.0000000000000000E+00,5,  2.1575581489243914E-01,31,20,364,358,6,  2.1166255412403243E-01,  7.2799999999999998E-01,  7.1599999999999997E-01,  3.2796952209283459E-01,  1.6435331000000001E-02,  4.0678800000000000E-04,0
1776,  2.7500000000000002E-01,55,  4.3750000000000000E-01,  2.5000000000000000E-01,1,  2.1575581489243914E-01,31,15,402,402,0,  3.5613024843102753E-01,  8.0400000000000005E-01,  8.0400000000000005E-01,  4.9361478183295393E-01,  1.6550454999999999E-02,  4.4466200000000002E-04,0
1777,  2.7500000000000002E-01,55,  4.3750000000000000E-01,  2.5000000000000000E-01,2,  2.1575581489243914E-01,31,16,403,402,1,  3.2689798737861242E-01,  8.0600000000000005E-01,  8.0400000000000005E-01,  4.6514298862304743E-01,  1.5902849000000000E-02,  4.5470700000000000E-04,0
1778,  2.7500000000000002E-01,55,  4.3750000000000000E-01,  2.5000000000000000E-01,3,  2.1575581489243914E-01,31,16,403,402,1,  3.2689798737861242E-01,  8.0600000000000005E-01,  8.0400000000000005E-01,  4.6514298862304743E-01,  1.6340783000000001E-02,  4.7423700000000002E-04,0
1779,  2.7500000000000002E-01,55,  4.3750000000000000E-01,  2.5000000000000000E-01,4,  2.1575581489243914E-01,31,16,403,402,1,  3.2689798737861242E-01,  8.0600000000000005E-01,  8.0400000000000005E-01,  4.6514298862304743E-01,  1.6188482000000001E-02,  4.5093599999999998E-04,0
1780,  2.7500000000000002E-01,55,  4.3750000000000000E-01,  2.5000000000000000E-01,5,  2.1575581489243914E-01,31,16,403,402,1,  3.2689798737861242E-01,  8.0600000000000005E-01,  8.0400000000000005E-01,  4.6514298862304743E-01,  1.5915591999999999E-02,  4.4153200000000001E-04,0
1781,  2.7500000000000002E-01,55,  4.3750000000000000E-01,  4.3750000000000000E-01,1,  2.1575581489243914E-01,31,15,402,402,0,  3.5613024843102753E-01,  8.0400000000000005E-01,  8.0400000000000005E-01,  4.9361478183295393E-01,  1.7122353000000000E-02,  4.4937599999999997E-04,0
1782,  2.7500000000000002E-01,55,  4.3750000000000000E-01,  4.3750000000000000E-01,2,  2.1575581489243914E-01,31,16,403,402,1,  3.2689798737861242E-01,  8.0600000000000005E-01,  8.0400000000000005E-01,  4.6514298862304743E-01,  1.5906040999999999E-02,  4.5714200000000001E-04,0
1783,  2.7500000000000002E-01,55,  4.3750000000000000E-01,  4.3750000000000000E-01,3,  2.1575581489243914E-01,31,16,403,402,1,  3.2689798737861242E-01,  8.0600000000000005E-01,  8.0400000000000005E-01,  4.6514298862304743E-01,  1.5899859999999998E-02,  5.6775800000000002E-04,0
1784,  2.7500000000000002E-01,55,  4.3750000000000000E-01,  4.3750000000000000E-01,4,  2.1575581489243914E-01,31,16,403,402,1,  3.2689798737861242E-01,  8.0600000000000005E-01,  8.0400000000000005E-01,  4.6514298862304743E-01,  1.7486094000000001E-02,  5.7557099999999998E-04,0
1785,  2.7500000000000002E-01,55,  4.3750000000000000E-01,  4.3750000000000000E-01,5,  2.1575581489243914E-01,31,16,403,402,1,  3.2689798737861242E-01,  8.0600000000000005E-01,  8.0400000000000005E-01,  4.6514298862304743E-01,  1.7530845999999999E-02,  4.7389500000000000E-04,0
1786,  2.7500000000000002E-01,55,  4.3750000000000000E-01,  6.2500000000000000E-01,1,  2.1575581489243914E-01,31,15,402,402,0,  3.5613024843102753E-01,  8.0400000000000005E-01,  8.0400000000000005E-01,  4.9361478183295393E-01,  1.6799801000000000E-02,  4.7109200000000000E-04,0
1787,  2.7500000000000002E-01,55,  4.3750000000000000E-01,  6.2500000000000000E-01,2,  2.1575581489243914E-01,31,16,403,402,1,  3.2689798737861242E-01,  8.0600000000000005E-01,  8.0400000000000005E-01,  4.6514298862304743E-01,  1.6652587999999999E-02,  4.4664999999999999E-04,0
1788,  2.7500000000000002E-01,55,  4.3750000000000000E-01,  6.2500000000000000E-01,3,  2.1575581489243914E-01,31,16,403,402,1,  3.2689798737861242E-01,  8.0600000000000005E-01,  8.0400000000000005E-01,  4.6514298862304743E-01,  1.7576147000000000E-02,  4.4416500000000000E-04,0
1789,  2.7500000000000002E-01,55,  4.3750000000000000E-01,  6.2500000000000000E-01,4,  2.1575581489243914E-01,31,16,403,402,1,  3.2689798737861242E-01,  8.0600000000000005E-01,  8.0400000000000005E-01,  4.6514298862304743E-01,  1.5998091999999998E-02,  4.4692600000000000E-04,0
1790,  2.7500000000000002E-01,55,  4.3750000000000000E-01,  6.2500000000000000E-01,5,  2.1575581489243914E-01,31,16,403,402,1,  3.2689798737861242E-01,  8.0600000000000005E-01,  8.0400000000000005E-01,  4.6514298862304743E-01,  1.6050066000000002E-02,  4.6570200000000002E-04,0
1791,  2.7500000000000002E-01,55,  4.3750000000000000E-01,  8.1250000000000000E-01,1,  2.1575581489243914E-01,31,15,402,402,0,  3.5613024843102753E-01,  8.0400000000000005E-01,  8.0400000000000005E-01,  4.9361478183295393E-01,  1.6090833999999998E-02,  4.4364399999999998E-04,0
1792,  2.7500000000000002E-01,55,  4.3750000000000000E-01,  8.1250000000000000E-01,2,  2.1575581489243914E-01,31,16,403,402,1,  3.2689798737861242E-01,  8.0600000000000005E-01,  8.0400000000000005E-01,  4.6514298862304743E-01,  1.5983946999999998E-02,  5.4564000000000001E-04,0
1793,  2.7500000000000002E-01,55,  4.3750000000000000E-01,  8.1250000000000000E-01,3,  2.1575581489243914E-01,31,16,403,402,1,  3.2689798737861242E-01,  8.0600000000000005E-01,  8.0400000000000005E-01,  4.6514298862304743E-01,  1.6508387999999999E-02,  4.5637500000000002E-04,0
1794,  2.7500000000000002E-01,55,  4.3750000000000000E-01,  8.1250000000000000E-01,4,  2.1575581489243914E-01,31,16,403,402,1,  3.2689798737861242E-01,  8.0600000000000005E-01,  8.0400000000000005E-01,  4.6514298862304743E-01,  1.6464337999999999E-02,  4.4537999999999999E-04,0
1795,  2.7500000000000002E-01,55,  4.3750000000000000E-01,  8.1250000000000000E-01,5,  2.1575581489243914E-01,31,16,403,402,1,  3.2689798737861242E-01,  8.0600000000000005E-01,  8.0400000000000005E-01,  4.6514298862304743E-01,  1.6493738000000001E-02,  4.4915899999999997E-04,0
1796,  2.7500000000000002E-01,55,  4.3750000000000000E-01,  1.0000000000000000E+00,1,  2.1575581489243914E-01,31,15,402,402,0,  3.5613024843102753E-01,  8.0400000000000005E-01,  8.0400000000000005E-01,  4.9361478183295393E-01,  1.6530746999999998E-02,  4.4418799999999998E-04,0
1797,  2.7500000000000002E-01,55,  4.3750000000000000E-01,  1.0000000000000000E+00,2,  2.1575581489243914E-01,31,16,403,402,1,  3.2689798737861242E-01,  8.0600000000000005E-01,  8.0400000000000005E-01,  4.6514298862304743E-01,  1.6930778000000000E-02,  9.0181600000000005E-04,0
1798,  2.7500000000000002E-01,55,  4.3750000000000000E-01,  1.0000000000000000E+00,3,  2.1575581489243914E-01,31,16,403,402,1,  3.2689798737861242E-01,  8.0600000000000005E-01,  8.0400000000000005E-01,  4.6514298862304743E-01,  1.7488297999999999E-02,  5.0481899999999999E-04,0
1799,  2.7500000000000002E-01,55,  4.3750000000000000E-01,  1.0000000000000000E+00,4,  2.1575581489243914E-01,31,16,403,402,1,  3.2689798737861242E-01,  8.0600000000000005E-01,  8.0400000000000005E-01,  4.6514298862304743E-01,  1.6484577000000000E-02,  4.6167799999999998E-04,0
1800,  2.7500000000000002E-01,55,  4.3750000000000000E-01,  1.0000000000000000E+00,5,  2.1575581489243914E-01,31,16,403,402,1,  3.2689798737861242E-01,  8.0600000000000005E-01,  8.0400000000000005E-01,  4.6514298862304743E-01,  1.7112237999999998E-02,  4.5217700000000000E-04,0
1801,  2.7500000000000002E-01,55,  6.2500000000000000E-01,  2.5000000000000000E-01,1,  2.1575581489243914E-01,31,12,448,448,0,  4.6676910214543149E-01,  8.9600000000000002E-01,  8.9600000000000002E-01,  6.1378719970079654E-01,  1.8822594000000002E-02,  4.8216399999999999E-04,0
1802,  2.7500000000000002E-01,55,  6.2500000000000000E-01,  2.5000000000000000E-01,2,  2.1575581489243914E-01,31,12,448,448,0,  4.6676910214543149E-01,  8.9600000000000002E-01,  8.9600000000000002E-01,  6.1378719970079654E-01,  1.8359699000000000E-02,  4.9143199999999998E-04,0
1803,  2.7500000000000002E-01,55,  6.2500000000000000E-01,  2.5000000000000000E-01,3,  2.1575581489243914E-01,31,12,448,448,0,  4.6676910214543149E-01,  8.9600000000000002E-01,  8.9600000000000002E-01,  6.1378719970079654E-01,  1.8103192000000001E-02,  4.8707299999999998E-04,0
1804,  2.7500000000000002E-01,55,  6.2500000000000000E-01,  2.5000000000000000E-01,4,  2.1575581489243914E-01,31,12,448,448,0,  4.6676910214543149E-01,  8.9600000000000002E-01,  8.9600000000000002E-01,  6.1378719970079654E-01,  1.8149385000000001E-02,  4.9055799999999999E-04,0
1805,  2.7500000000000002E-01,55,  6.2500000000000000E-01,  2.5000000000000000E-01,5,  2.1575581489243914E-01,31,12,448,448,0,  4.6676910214543149E-01,  8.9600000000000002E-01,  8.9600000000000002E-01,  6.1378719970079654E-01,  1.7943648999999999E-02,  4.8211100000000002E-04,0
1806,  2.7500000000000002E-01,55,  6.2500000000000000E-01,  4.3750000000000000E-01,1,  2.1575581489243914E-01,31,12,448,448,0,  4.6676910214543149E-01,  8.9600000000000002E-01,  8.9600000000000002E-01,  6.1378719970079654E-01,  1.8100636999999999E-02,  4.8161500000000002E-04,0
1807,  2.7500000000000002E-01,55,  6.2500000000000000E-01,  4.3750000000000000E-01,2,  2.1575581489243914E-01,31,12,448,448,0,  4.6676910214543149E-01,  8.9600000000000002E-01,  8.9600000000000002E-01,  6.1378719970079654E-01,  1.8971070999999999E-02,  8.6396900000000002E-04,0
1808,  2.7500000000000002E-01,55,  6.2500000000000000E-01,  4.3750000000000000E-01,3,  2.1575581489243914E-01,31,12,448,448,0,  4.6676910214543149E-01,  8.9600000000000002E-01,  8.9600000000000002E-01,  6.1378719970079654E-01,  1.8533234999999999E-02,  4.9723100000000000E-04,0
1809,  2.7500000000000002E-01,55,  6.2500000000000000E-01,  4.3750000000000000E-01,4,  2.1575581489243914E-01,31,12,448,448,0,  4.6676910214543149E-01,  8.9600000000000002E-01,  8.9600000000000002E-01,  6.1378719970079654E-01,  1.8526681000000000E-02,  5.3652300000000001E-04,0
1810,  2.7500000000000002E-01,55,  6.2500000000000000E-01,  4.3750000000000000E-01,5,  2.1575581489243914E-01,31,12,448,448,0,  4.6676910214543149E-01,  8.9600000000000002E-01,  8.9600000000000002E-01,  6.1378719970079654E-01,  1.8563672999999999E-02,  4.8192100000000001E-04,0
1811,  2.7500000000000002E-01,55,  6.2500000000000000E-01,  6.2500000000000000E-01,1,  2.1575581489243914E-01,31,12,448,448,0,  4.6676910214543149E-01,  8.9600000000000002E-01,  8.9600000000000002E-01,  6.1378719970079654E-01,  1.8365862000000000E-02,  4.8441800000000002E-04,0
1812,  2.7500000000000002E-01,55,  6.2500000000000000E-01,  6.2500000000000000E-01,2,  2.1575581489243914E-01,31,12,448,448,0,  4.6676910214543149E-01,  8.9600000000000002E-01,  8.9600000000000002E-01,  6.1378719970079654E-01,  1.8690037999999999E-02,  5.6643799999999995E-04,0
1813,  2.7500000000000002E-01,55,  6.2500000000000000E-01,  6.2500000000000000E-01,3,  2.1575581489243914E-01,31,12,448,448,0,  4.6676910214543149E-01,  8.9600000000000002E-01,  8.9600000000000002E-01,  6.1378719970079654E-01,  1.8371199000000001E-02,  4.9563299999999999E-04,0
1814,  2.7500000000000002E-01,55,  6.2500000000000000E-01,  6.2500000000000000E-01,4,  2.1575581489243914E-01,31,12,448,448,0,  4.6676910214543149E-01,  8.9600000000000002E-01,  8.9600000000000002E-01,  6.1378719970079654E-01,  1.7948490000000001E-02,  4.7964800000000000E-04,0
1815,  2.7500000000000002E-01,55,  6.2500000000000000E-01,  6.2500000000000000E-01,5,  2.1575581489243914E-01,31,12,448,448,0,  4.6676910214543149E-01,  8.9600000000000002E-01,  8.9600000000000002E-01,  6.1378719970079654E-01,  1.8293947000000001E-02,  4.8594099999999999E-04,0
1816,  2.7500000000000002E-01,55,  6.2500000000000000E-01,  8.1250000000000000E-01,1,  2.1575581489243914E-01,31,12,448,448,0,  4.6676910214543149E-01,  8.9600000000000002E-01,  8.9600000000000002E-01,  6.1378719970079654E-01,  1.8060890000000000E-02,  4.8512700000000002E-04,0
1817,  2.7500000000000002E-01,55,  6.2500000000000000E-01,  8.1250000000000000E-01,2,  2.1575581489243914E-01,31,12,448,448,0,  4.6676910214543149E-01,  8.9600000000000002E-01,  8.9600000000000002E-01,  6.1378719970079654E-01,  1.8778531000000001E-02,  4.9158399999999999E-04,0
1818,  2.7500000000000002E-01,55,  6.2500000000000000E-01,  8.1250000000000000E-01,3,  2.1575581489243914E-01,31,12,448,448,0,  4.6676910214543149E-01,  8.9600000000000002E-01,  8.9600000000000002E-01,  6.1378719970079654E-01,  1.9099536000000000E-02,  4.7976699999999998E-04,0
1819,  2.7500000000000002E-01,55,  6.2500000000000000E-01,  8.1250000000000000E-01,4,  2.1575581489243914E-01,31,12,448,448,0,  4.6676910214543149E-01,  8.9600000000000002E-01,  8.9600000000000002E-01,  6.1378719970079654E-01,  1.8445049000000002E-02,  4.7673900000000000E-04,0
1820,  2.7500000000000002E-01,55,  6.2500000000000000E-01,  8.1250000000000000E-01,5,  2.1575581489243914E-01,31,12,448,448,0,  4.6676910214543149E-01,  8.9600000000000002E-01,  8.9600000000000002E-01,  6.1378719970079654E-01,  1.9089498000000000E-02,  4.9290300000000005E-04,0
1821,  2.7500000000000002E-01,55,  6.2500000000000000E-01,  1.0000000000000000E+00,1,  2.1575581489243914E-01,31,12,448,448,0,  4.6676910214543149E-01,  8.9600000000000002E-01,  8.9600000000000002E-01,  6.1378719970079654E-01,  1.8953480000000002E-02,  4.7970199999999998E-04,0
1822,  2.7500000000000002E-01,55,  6.2500000000000000E-01,  1.0000000000000000E+00,2,  2.1575581489243914E-01,31,12,448,448,0,  4.6676910214543149E-01,  8.9600000000000002E-01,  8.9600000000000002E-01,  6.1378719970079654E-01,  1.9138003000000001E-02,  6.7183499999999997E-04,0
1823,  2.7500000000000002E-01,55,  6.2500000000000000E-01,  1.0000000000000000E+00,3,  2.1575581489243914E-01,31,12,448,448,0,  4.6676910214543149E-01,  8.9600000000000002E-01,  8.9600000000000002E-01,  6.1378719970079654E-01,  1.8088188000000002E-02,  4.9951300000000004E-04,0
1824,  2.7500000000000002E-01,55,  6.2500000000000000E-01,  1.0000000000000000E+00,4,  2.1575581489243914E-01,31,12,448,448,0,  4.6676910214543149E-01,  8.9600000000000002E-01,  8.9600000000000002E-01,  6.1378719970079654E-01,  1.8390871000000000E-02,  4.8013299999999999E-04,0
1825,  2.7500000000000002E-01,55,  6.2500000000000000E-01,  1.0000000000000000E+00,5,  2.1575581489243914E-01,31,12,448,448,0,  4.6676910214543149E-01,  8.9600000000000002E-01,  8.9600000000000002E-01,  6.1378719970079654E-01,  1.8286114999999999E-02,  5.1555100000000005E-04,0
1826,  2.7500000000000002E-01,55,  8.1250000000000000E-01,  2.5000000000000000E-01,1,  2.1575581489243914E-01,31,7,469,469,0,  5.7916167803006768E-01,  9.3799999999999994E-01,  9.3799999999999994E-01,  7.1614470871368408E-01,  2.0287053999999999E-02,  5.2280200000000005E-04,0
1827,  2.7500000000000002E-01,55,  8.1250000000000000E-01,  2.5000000000000000E-01,2,  2.1575581489243914E-01,31,7,469,469,0,  5.7916167803006768E-01,  9.3799999999999994E-01,  9.3799999999999994E-01,  7.1614470871368408E-01,  2.0051836999999999E-02,  7.4741499999999997E-04,0
1828,  2.7500000000000002E-01,55,  8.1250000000000000E-01,  2.5000000000000000E-01,3,  2.1575581489243914E-01,31,9,473,469,4,  5.4032737823419408E-01,  9.4599999999999995E-01,  9.3799999999999994E-01,  6.8780230694103250E-01,  2.0695010000000000E-02,  5.2081000000000002E-04,0
1829,  2.7500000000000002E-01,55,  8.1250000000000000E-01,  2.5000000000000000E-01,4,  2.1575581489243914E-01,31,10,476,469,7,  5.1585232494803834E-01,  9.5199999999999996E-01,  9.3799999999999994E-01,  6.6912918282555023E-01,  2.0651567999999999E-02,  5.0941300000000001E-04,0
1830,  2.7500000000000002E-01,55,  8.1250000000000000E-01,  2.5000000000000000E-01,5,  2.1575581489243914E-01,31,11,480,469,11,  5.0251464320890182E-01,  9.5999999999999996E-01,  9.3799999999999994E-01,  6.5970492633438738E-01,  2.0354160999999999E-02,  5.1064800000000005E-04,0
1831,  2.7500000000000002E-01,55,  8.1250000000000000E-01,  4.3750000000000000E-01,1,  2.1575581489243914E-01,31,7,469,469,0,  5.7916167803006768E-01,  9.3799999999999994E-01,  9.3799999999999994E-01,  7.1614470871368408E-01,  2.0592122000000001E-02,  4.9931599999999997E-04,0
1832,  2.7500000000000002E-01,55,  8.1250000000000000E-01,  4.3750000000000000E-01,2,  2.1575581489243914E-01,31,7,469,469,0,  5.7916167803006768E-01,  9.3799999999999994E-01,  9.3799999999999994E-01,  7.1614470871368408E-01,  2.0949523000000001E-02,  5.1434699999999996E-04,0
1833,  2.7500000000000002E-01,55,  8.1250000000000000E-01,  4.3750000000000000E-01,3,  2.1575581489243914E-01,31,9,473,469,4,  5.4032737823419408E-01,  9.4599999999999995E-01,  9.3799999999999994E-01,  6.8780230694103250E-01,  2.0513519000000001E-02,  5.0390899999999998E-04,0
1834,  2.7500000000000002E-01,55,  8.1250000000000000E-01,  4.3750000000000000E-01,4,  2.1575581489243914E-01,31,10,476,469,7,  5.1585232494803834E-01,  9.5199999999999996E-01,  9.3799999999999994E-01,  6.6912918282555023E-01,  2.0065316000000000E-02,  5.4496999999999998E-04,0
1835,  2.7500000000000002E-01,55,  8.1250000000000000E-01,  4.3750000000000000E-01,5,  2.1575581489243914E-01,31,11,480,469,11,  5.0251464320890182E-01,  9.5999999999999996E-01,  9.3799999999999994E-01,  6.5970492633438738E-01,  2.0065262000000000E-02,  5.5386300000000003E-04,0
1836,  2.7500000000000002E-01,55,  8.1250000000000000E-01,  6.2500000000000000E-01,1,  2.1575581489243914E-01,31,7,469,469,0,  5.7916167803006768E-01,  9.3799999999999994E-01,  9.3799999999999994E-01,  7.1614470871368408E-01,  1.9975498000000001E-02,  5.2496100000000000E-04,0
1837,  2.7500000000000002E-01,55,  8.1250000000000000E-01,  6.2500000000000000E-01,2,  2.1575581489243914E-01,31,7,469,469,0,  5.7916167803006768E-01,  9.3799999999999994E-01,  9.3799999999999994E-01,  7.1614470871368408E-01,  1.9915372000000001E-02,  5.3547800000000004E-04,0
1838,  2.7500000000000002E-01,55,  8.1250000000000000E-01,  6.2500000000000000E-01,3,  2.1575581489243914E-01,31,9,473,469,4,  5.4032737823419408E-01,  9.4599999999999995E-01,  9.3799999999999994E-01,  6.8780230694103250E-01,  1.9788593000000000E-02,  5.2534900000000004E-04,0
1839,  2.7500000000000002E-01,55,  8.1250000000000000E-01,  6.2500000000000000E-01,4,  2.1575581489243914E-01,31,10,476,469,7,  5.1585232494803834E-01,  9.5199999999999996E-01,  9.3799999999999994E-01,  6.6912918282555023E-01,  2.0042824000000001E-02,  5.4135900000000005E-04,0
1840,  2.7500000000000002E-01,55,  8.1250000000000000E-01,  6.2500000000000000E-01,5,  2.1575581489243914E-01,31,11,480,469,11,  5.0251464320890182E-01,  9.5999999999999996E-01,  9.3799999999999994E-01,  6.5970492633438738E-01,  2.0489068999999999E-02,  5.0855500000000005E-04,0
1841,  2.7500000000000002E-01,55,  8.1250000000000000E-01,  8.1250000000000000E-01,1,  2.1575581489243914E-01,31,7,469,469,0,  5.7916167803006768E-01,  9.3799999999999994E-01,  9.3799999999999994E-01,  7.1614470871368408E-01,  2.0550189999999999E-02,  5.1324200000000002E-04,0
1842,  2.7500000000000002E-01,55,  8.1250000000000000E-01,  8.1250000000000000E-01,2,  2.1575581489243914E-01,31,7,469,469,0,  5.7916167803006768E-01,  9.3799999999999994E-01,  9.3799999999999994E-01,  7.1614470871368408E-01,  2.0276919000000001E-02,  5.2663600000000003E-04,0
1843,  2.7500000000000002E-01,55,  8.1250000000000000E-01,  8.1250000000000000E-01,3,  2.1575581489243914E-01,31,9,473,469,4,  5.4032737823419408E-01,  9.4599999999999995E-01,  9.3799999999999994E-01,  6.8780230694103250E-01,  2.0833526000000002E-02,  5.3466799999999997E-04,0
1844,  2.7500000000000002E-01,55,  8.1250000000000000E-01,  8.1250000000000000E-01,4,  2.1575581489243914E-01,31,10,476,469,7,  5.1585232494803834E-01,  9.5199999999999996E-01,  9.3799999999999994E-01,  6.6912918282555023E-01,  2.1361389000000001E-02,  5.1003400000000003E-04,0
1845,  2.7500000000000002E-01,55,  8.1250000000000000E-01,  8.1250000000000000E-01,5,  2.1575581489243914E-01,31,11,480,469,11,  5.0251464320890182E-01,  9.5999999999999996E-01,  9.3799999999999994E-01,  6.5970492633438738E-01,  2.0477650000000000E-02,  5.4505500000000002E-04,0
1846,  2.7500000000000002E-01,55,  8.1250000000000000E-01,  1.0000000000000000E+00,1,  2.1575581489243914E-01,31,7,469,469,0,  5.7916167803006768E-01,  9.3799999999999994E-01,  9.3799999999999994E-01,  7.1614470871368408E-01,  2.0010894000000001E-02,  5.3260500000000001E-04,0
1847,  2.7500000000000002E-01,55,  8.1250000000000000E-01,  1.0000000000000000E+00,2,  2.1575581489243914E-01,31,7,469,469,0,  5.7916167803006768E-01,  9.3799999999999994E-01,  9.3799999999999994E-01,  7.1614470871368408E-01,  2.0067794999999999E-02,  5.2956900000000002E-04,0
1848,  2.7500000000000002E-01,55,  8.1250000000000000E-01,  1.0000000000000000E+00,3,  2.1575581489243914E-01,31,9,473,469,4,  5.4032737823419408E-01,  9.4599999999999995E-01,  9.3799999999999994E-01,  6.8780230694103250E-01,  2.0877542999999998E-02,  5.0404099999999999E-04,0
1849,  2.7500000000000002E-01,55,  8.1250000000000000E-01,  1.0000000000000000E+00,4,  2.1575581489243914E-01,31,10,476,469,7,  5.1585232494803834E-01,  9.5199999999999996E-01,  9.3799999999999994E-01,  6.6912918282555023E-01,  2.0995818999999999E-02,  5.0971899999999995E-04,0
1850,  2.7500000000000002E-01,55,  8.1250000000000000E-01,  1.0000000000000000E+00,5,  2.1575581489243914E-01,31,11,480,469,11,  5.0251464320890182E-01,  9.5999999999999996E-01,  9.3799999999999994E-01,  6.5970492633438738E-01,  2.1415664000000001E-02,  5.2405699999999997E-04,0
1851,  2.7500000000000002E-01,55,  1.0000000000000000E+00,  2.5000000000000000E-01,1,  2.1575581489243914E-01,31,4,480,480,0,  8.4428974632483156E-01,  9.5999999999999996E-01,  9.5999999999999996E-01,  8.9843458693127032E-01,  2.3042810000000000E-02,  5.2982300000000001E-04,0
1852,  2.7500000000000002E-01,55,  1.0000000000000000E+00,  2.5000000000000000E-01,2,  2.1575581489243914E-01,31,5,481,480,1,  7.6174772059579121E-01,  9.6199999999999997E-01,  9.5999999999999996E-01,  8.5024194487099047E-01,  2.2855060999999999E-02,  5.4887499999999999E-04,0
1853,  2.7500000000000002E-01,55,  1.0000000000000000E+00,  2.5000000000000000E-01,3,  2.1575581489243914E-01,31,6,483,480,3,  6.1531592646800126E-01,  9.6599999999999997E-01,  9.5999999999999996E-01,  7.5177284313542525E-01,  2.3403266999999998E-02,  5.5417200000000002E-04,0
1854,  2.7500000000000002E-01,55,  1.0000000000000000E+00,  2.5000000000000000E-01,4,  2.1575581489243914E-01,31,6,483,480,3,  6.1531592646800126E-01,  9.6599999999999997E-01,  9.5999999999999996E-01,  7.5177284313542525E-01,  2.4824565999999999E-02,  5.3394300000000005E-04,0
1855,  2.7500000000000002E-01,55,  1.0000000000000000E+00,  2.5000000000000000E-01,5,  2.1575581489243914E-01,31,6,483,480,3,  6.1531592646800126E-01,  9.6599999999999997E-01,  9.5999999999999996E-01,  7.5177284313542525E-01,  2.4786051999999999E-02,  5.6001399999999995E-04,0
1856,  2.7500000000000002E-01,55,  1.0000000000000000E+00,  4.3750000000000000E-01,1,  2.1575581489243914E-01,31,4,480,480,0,  8.4428974632483156E-01,  9.5999999999999996E-01,  9.5999999999999996E-01,  8.9843458693127032E-01,  2.4361859000000000E-02,  5.5547599999999995E-04,0
1857,  2.7500000000000002E-01,55,  1.0000000000000000E+00,  4.3750000000000000E-01,2,  2.1575581489243914E-01,31,5,481,480,1,  7.6174772059579121E-01,  9.6199999999999997E-01,  9.5999999999999996E-01,  8.5024194487099047E-01,  2.6820112000000000E-02,  5.7168099999999999E-04,0
1858,  2.7500000000000002E-01,55,  1.0000000000000000E+00,  4.3750000000000000E-01,3,  2.1575581489243914E-01,31,6,483,480,3,  6.1531592646800126E-01,  9.6599999999999997E-01,  9.5999999999999996E-01,  7.5177284313542525E-01,  2.4556002000000000E-02,  5.6091400000000003E-04,0
1859,  2.7500000000000002E-01,55,  1.0000000000000000E+00,  4.3750000000000000E-01,4,  2.1575581489243914E-01,31,6,483,480,3,  6.1531592646800126E-01,  9.6599999999999997E-01,  9.5999999999999996E-01,  7.5177284313542525E-01,  2.4183251999999999E-02,  5.7174400000000001E-04,0
1860,  2.7500000000000002E-01,55,  1.0000000000000000E+00,  4.3750000000000000E-01,5,  2.1575581489243914E-01,31,6,483,480,3,  6.1531592646800126E-01,  9.6599999999999997E-01,  9.5999999999999996E-01,  7.5177284313542525E-01,  2.3855722999999999E-02,  5.4609999999999999E-04,0
1861,  2.7500000000000002E-01,55,  1.0000000000000000E+00,  6.2500000000000000E-01,1,  2.1575581489243914E-01,31,4,480,480,0,  8.4428974632483156E-01,  9.5999999999999996E-01,  9.5999999999999996E-01,  8.9843458693127032E-01,  2.4324545000000000E-02,  5.4508400000000004E-04,0
1862,  2.7500000000000002E-01,55,  1.0000000000000000E+00,  6.2500000000000000E-01,2,  2.1575581489243914E-01,31,5,481,480,1,  7.6174772059579121E-01,  9.6199999999999997E-01,  9.5999999999999996E-01,  8.5024194487099047E-01,  2.3716019000000001E-02,  5.5541599999999998E-04,0
1863,  2.7500000000000002E-01,55,  1.0000000000000000E+00,  6.2500000000000000E-01,3,  2.1575581489243914E-01,31,6,483,480,3,  6.1531592646800126E-01,  9.6599999999999997E-01,  9.5999999999999996E-01,  7.5177284313542525E-01,  2.3525006000000001E-02,  5.5211699999999997E-04,0
1864,  2.7500000000000002E-01,55,  1.0000000000000000E+00,  6.2500000000000000E-01,4,  2.1575581489243914E-01,31,6,483,480,3,  6.1531592646800126E-01,  9.6599999999999997E-01,  9.5999999999999996E-01,  7.5177284313542525E-01,  2.4700674999999998E-02,  5.6785199999999998E-04,0
1865,  2.7500000000000002E-01,55,  1.0000000000000000E+00,  6.2500000000000000E-01,5,  2.1575581489243914E-01,31,6,483,480,3,  6.1531592646800126E-01,  9.6599999999999997E-01,  9.5999999999999996E-01,  7.5177284313542525E-01,  2.4380657000000000E-02,  5.4899400000000002E-04,0
1866,  2.7500000000000002E-01,55,  1.0000000000000000E+00,  8.1250000000000000E-01,1,  2.1575581489243914E-01,31,4,480,480,0,  8.4428974632483156E-01,  9.5999999999999996E-01,  9.5999999999999996E-01,  8.9843458693127032E-01,  2.3993444999999999E-02,  5.5424999999999995E-04,0
1867,  2.7500000000000002E-01,55,  1.0000000000000000E+00,  8.1250000000000000E-01,2,  2.1575581489243914E-01,31,5,481,480,1,  7.6174772059579121E-01,  9.6199999999999997E-01,  9.5999999999999996E-01,  8.5024194487099047E-01,  2.3409580999999999E-02,  6.1148699999999997E-04,0
1868,  2.7500000000000002E-01,55,  1.0000000000000000E+00,  8.1250000000000000E-01,3,  2.1575581489243914E-01,31,6,483,480,3,  6.1531592646800126E-01,  9.6599999999999997E-01,  9.5999999999999996E-01,  7.5177284313542525E-01,  2.3234639000000001E-02,  5.3326299999999997E-04,0
1869,  2.7500000000000002E-01,55,  1.0000000000000000E+00,  8.1250000000000000E-01,4,  2.1575581489243914E-01,31,6,483,480,3,  6.1531592646800126E-01,  9.6599999999999997E-01,  9.5999999999999996E-01,  7.5177284313542525E-01,  2.3590384999999998E-02,  5.4513999999999995E-04,0
1870,  2.7500000000000002E-01,55,  1.0000000000000000E+00,  8.1250000000000000E-01,5,  2.1575581489243914E-01,31,6,483,480,3,  6.1531592646800126E-01,  9.6599999999999997E-01,  9.5999999999999996E-01,  7.5177284313542525E-01,  2.3192787999999999E-02,  5.4210599999999999E-04,0
1871,  2.7500000000000002E-01,55,  1.0000000000000000E+00,  1.0000000000000000E+00,1,  2.1575581489243914E-01,31,4,480,480,0,  8.4428974632483156E-01,  9.5999999999999996E-01,  9.5999999999999996E-01,  8.9843458693127032E-01,  2.6342416000000000E-02,  6.8102799999999997E-04,0
1872,  2.7500000000000002E-01,55,  1.0000000000000000E+00,  1.0000000000000000E+00,2,  2.1575581489243914E-01,31,5,481,480,1,  7.6174772059579121E-01,  9.6199999999999997E-01,  9.5999999999999996E-01,  8.5024194487099047E-01,  2.6485240000000000E-02,  6.4020500000000003E-04,0
1873,  2.7500000000000002E-01,55,  1.0000000000000000E+00,  1.0000000000000000E+00,3,  2.1575581489243914E-01,31,6,483,480,3,  6.1531592646800126E-01,  9.6599999999999997E-01,  9.5999999999999996E-01,  7.5177284313542525E-01,  2.4874474000000001E-02,  5.3348200000000005E-04,0
1874,  2.7500000000000002E-01,55,  1.0000000000000000E+00,  1.0000000000000000E+00,4,  2.1575581489243914E-01,31,6,483,480,3,  6.1531592646800126E-01,  9.6599999999999997E-01,  9.5999999999999996E-01,  7.5177284313542525E-01,  2.4128191000000000E-02,  5.2640700000000000E-04,0
1875,  2.7500000000000002E-01,55,  1.0000000000000000E+00,  1.0000000000000000E+00,5,  2.1575581489243914E-01,31,6,483,480,3,  6.1531592646800126E-01,  9.6599999999999997E-01,  9.5999999999999996E-01,  7.5177284313542525E-01,  2.2934614999999998E-02,  5.7601400000000002E-04,0
1876,  3.8750000000000001E-01,15,  2.5000000000000000E-01,  2.5000000000000000E-01,1,  3.1536853672842841E-01,108,3,500,500,0,  8.9465403854856562E-01,  1.0000000000000000E+00,  1.0000000000000000E+00,  9.4439831266918961E-01,  8.5128487000000003E-02,  6.8707000000000002E-04,0
1877,  3.8750000000000001E-01,15,  2.5000000000000000E-01,  2.5000000000000000E-01,2,  3.1536853672842841E-01,108,7,504,500,4,  5.2053704744441787E-01,  1.0080000000000000E+00,  1.0000000000000000E+00,  6.8654056465458746E-01,  8.5248641999999999E-02,  7.0696300000000001E-04,0
1878,  3.8750000000000001E-01,15,  2.5000000000000000E-01,  2.5000000000000000E-01,3,  3.1536853672842841E-01,108,7,504,500,4,  5.2053704744441787E-01,  1.0080000000000000E+00,  1.0000000000000000E+00,  6.8654056465458746E-01,  8.5807764999999994E-02,  7.3534700000000002E-04,0
1879,  3.8750000000000001E-01,15,  2.5000000000000000E-01,  2.5000000000000000E-01,4,  3.1536853672842841E-01,108,9,510,500,10,  4.2012055415061789E-01,  1.0200000000000000E+00,  1.0000000000000000E+00,  5.9512096261465108E-01,  8.3093136999999997E-02,  7.2114499999999997E-04,0
1880,  3.8750000000000001E-01,15,  2.5000000000000000E-01,  2.5000000000000000E-01,5,  3.1536853672842841E-01,108,11,518,500,18,  3.7509227555261559E-01,  1.0360000000000000E+00,  1.0000000000000000E+00,  5.5077276547393328E-01,  8.1710598999999995E-02,  9.6230299999999996E-04,0
1881,  3.8750000000000001E-01,15,  2.5000000000000000E-01,  4.3750000000000000E-01,1,  3.1536853672842841E-01,108,3,500,500,0,  8.9465403854856562E-01,  1.0000000000000000E+00,  1.0000000000000000E+00,  9.4439831266918961E-01,  9.5466446999999996E-02,  8.6644700000000001E-04,0
1882,  3.8750000000000001E-01,15,  2.5000000000000000E-01,  4.3750000000000000E-01,2,  3.1536853672842841E-01,108,7,504,500,4,  5.2053704744441787E-01,  1.0080000000000000E+00,  1.0000000000000000E+00,  6.8654056465458746E-01,  9.6891178999999994E-02,  1.0942730000000000E-03,0
1883,  3.8750000000000001E-01,15,  2.5000000000000000E-01,  4.3750000000000000E-01,3,  3.1536853672842841E-01,108,7,504,500,4,  5.2053704744441787E-01,  1.0080000000000000E+00,  1.0000000000000000E+00,  6.8654056465458746E-01,  9.7139322000000000E-02,  8.4280599999999998E-04,0
1884,  3.8750000000000001E-01,15,  2.5000000000000000E-01,  4.3750000000000000E-01,4,  3.1536853672842841E-01,108,9,510,500,10,  4.2012055415061789E-01,  1.0200000000000000E+00,  1.0000000000000000E+00,  5.9512096261465108E-01,  1.0150454000000000E-01,  8.1139999999999999E-04,0
1885,  3.8750000000000001E-01,15,  2.5000000000000000E-01,  4.3750000000000000E-01,5,  3.1536853672842841E-01,108,11,518,500,18,  3.7509227555261559E-01,  1.0360000000000000E+00,  1.0000000000000000E+00,  5.5077276547393328E-01,  9.3560610000000002E-02,  7.9074300000000000E-04,0
1886,  3.8750000000000001E-01,15,  2.5000000000000000E-01,  6.2500000000000000E-01,1,  3.1536853672842841E-01,108,3,500,500,0,  8.9465403854856562E-01,  1.0000000000000000E+00,  1.0000000000000000E+00,  9.4439831266918961E-01,  9.0363348999999996E-02,  6.7827000000000002E-04,0
1887,  3.8750000000000001E-01,15,  2.5000000000000000E-01,  6.2500000000000000E-01,2,  3.1536853672842841E-01,108,7,504,500,4,  5.2053704744441787E-01,  1.0080000000000000E+00,  1.0000000000000000E+00,  6.8654056465458746E-01,  8.6168370999999994E-02,  6.8094000000000000E-04,0
1888,  3.8750000000000001E-01,15,  2.5000000000000000E-01,  6.2500000000000000E-01,3,  3.1536853672842841E-01,108,7,504,500,4,  5.2053704744441787E-01,  1.0080000000000000E+00,  1.0000000000000000E+00,  6.8654056465458746E-01,  8.4789040999999996E-02,  9.4942099999999999E-04,0
1889,  3.8750000000000001E-01,15,  2.5000000000000000E-01,  6.2500000000000000E-01,4,  3.1536853672842841E-01,108,9,510,500,10,  4.2012055415061789E-01,  1.0200000000000000E+00,  1.0000000000000000E+00,  5.9512096261465108E-01,  9.1225632000000001E-02,  7.4851699999999998E-04,0
1890,  3.8750000000000001E-01,15,  2.5000000000000000E-01,  6.2500000000000000E-01,5,  3.1536853672842841E-01,108,11,518,500,18,  3.7509227555261559E-01,  1.0360000000000000E+00,  1.0000000000000000E+00,  5.5077276547393328E-01,  8.6951300999999995E-02,  7.2687600000000000E-04,0
1891,  3.8750000000000001E-01,15,  2.5000000000000000E-01,  8.1250000000000000E-01,1,  3.1536853672842841E-01,108,3,500,500,0,  8.9465403854856562E-01,  1.0000000000000000E+00,  1.0000000000000000E+00,  9.4439831266918961E-01,  8.4242259999999999E-02,  7.4777100000000005E-04,0
1892,  3.8750000000000001E-01,15,  2.5000000000000000E-01,  8.1250000000000000E-01,2,  3.1536853672842841E-01,108,7,504,500,4,  5.2053704744441787E-01,  1.0080000000000000E+00,  1.0000000000000000E+00,  6.8654056465458746E-01,  8.4750354999999999E-02,  7.1633600000000003E-04,0
1893,  3.8750000000000001E-01,15,  2.5000000000000000E-01,  8.1250000000000000E-01,3,  3.1536853672842841E-01,108,7,504,500,4,  5.2053704744441787E-01,  1.0080000000000000E+00,  1.0000000000000000E+00,  6.8654056465458746E-01,  8.7700216999999997E-02,  7.7654099999999995E-04,0
1894,  3.8750000000000001E-01,15,  2.5000000000000000E-01,  8.1250000000000000E-01,4,  3.1536853672842841E-01,108,9,510,500,10,  4.2012055415061789E-01,  1.0200000000000000E+00,  1.0000000000000000E+00,  5.9512096261465108E-01,  8.5060643000000005E-02,  7.4228100000000002E-04,0
1895,  3.8750000000000001E-01,15,  2.5000000000000000E-01,  8.1250000000000000E-01,5,  3.1536853672842841E-01,108,11,518,500,18,  3.7509227555261559E-01,  1.0360000000000000E+00,  1.0000000000000000E+00,  5.5077276547393328E-01,  8.3807992999999997E-02,  7.1315899999999999E-04,0
1896,  3.8750000000000001E-01,15,  2.5000000000000000E-01,  1.0000000000000000E+00,1,  3.1536853672842841E-01,108,3,500,500,0,  8.9465403854856562E-01,  1.0000000000000000E+00,  1.0000000000000000E+00,  9.4439831266918961E-01,  8.6678026000000005E-02,  7.3897299999999997E-04,0
1897,  3.8750000000000001E-01,15,  2.5000000000000000E-01,  1.0000000000000000E+00,2,  3.1536853672842841E-01,108,7,504,500,4,  5.2053704744441787E-01,  1.0080000000000000E+00,  1.0000000000000000E+00,  6.8654056465458746E-01,  8.2068423000000001E-02,  6.9839999999999995E-04,0
1898,  3.8750000000000001E-01,15,  2.5000000000000000E-01,  1.0000000000000000E+00,3,  3.1536853672842841E-01,108,7,504,500,4,  5.2053704744441787E-01,  1.0080000000000000E+00,  1.0000000000000000E+00,  6.8654056465458746E-01,  9.5291955999999997E-02,  7.4844699999999996E-04,0
1899,  3.8750000000000001E-01,15,  2.5000000000000000E-01,  1.0000000000000000E+00,4,  3.1536853672842841E-01,108,9,510,500,10,  4.2012055415061789E-01,  1.0200000000000000E+00,  1.0000000000000000E+00,  5.9512096261465108E-01,  8.5773711000000002E-02,  7.9650599999999999E-04,0
1900,  3.8750000000000001E-01,15,  2.5000000000000000E-01,  1.0000000000000000E+00,5,  3.1536853672842841E-01,108,11,518,500,18,  3.7509227555261559E-01,  1.0360000000000000E+00,  1.0000000000000000E+00,  5.5077276547393328E-01,  9.5539133999999998E-02,  8.4415000000000000E-04,0
1901,  3.8750000000000001E-01,15,  4.3750000000000000E-01,  2.5000000000000000E-01,1,  3.1536853672842841E-01,108,1,500,500,0,  1.0000000000000000E+00,  1.0000000000000000E+00,  1.0000000000000000E+00,  1.0000000000000000E+00,  1.1191262700000000E-01,  6.6914299999999997E-04,0
1902,  3.8750000000000001E-01,15,  4.3750000000000000E-01,  2.5000000000000000E-01,2,  3.1536853672842841E-01,108,1,500,500,0,  1.0000000000000000E+00,  1.0000000000000000E+00,  1.0000000000000000E+00,  1.0000000000000000E+00,  1.1556841700000001E-01,  7.1159200000000004E-04,0
1903,  3.8750000000000001E-01,15,  4.3750000000000000E-01,  2.5000000000000000E-01,3,  3.1536853672842841E-01,108,1,500,500,0,  1.0000000000000000E+00,  1.0000000000000000E+00,  1.0000000000000000E+00,  1.0000000000000000E+00,  1.1319841100000000E-01,  7.0343900000000004E-04,0
1904,  3.8750000000000001E-01,15,  4.3750000000000000E-01,  2.5000000000000000E-01,4,  3.1536853672842841E-01,108,1,500,500,0,  1.0000000000000000E+00,  1.0000000000000000E+00,  1.0000000000000000E+00,  1.0000000000000000E+00,  1.1794317700000000E-01,  7.8508600000000005E-04,0
1905,  3.8750000000000001E-01,15,  4.3750000000000000E-01,  2.5000000000000000E-01,5,  3.1536853672842841E-01,108,1,500,500,0,  1.0000000000000000E+00,  1.0000000000000000E+00,  1.0000000000000000E+00,  1.0000000000000000E+00,  1.0647557600000000E-01,  6.8807299999999998E-04,0
1906,  3.8750000000000001E-01,15,  4.3750000000000000E-01,  4.3750000000000000E-01,1,  3.1536853672842841E-01,108,1,500,500,0,  1.0000000000000000E+00,  1.0000000000000000E+00,  1.0000000000000000E+00,  1.0000000000000000E+00,  1.2221809300000000E-01,  1.1295350000000001E-03,0
1907,  3.8750000000000001E-01,15,  4.3750000000000000E-01,  4.3750000000000000E-01,2,  3.1536853672842841E-01,108,1,500,500,0,  1.0000000000000000E+00,  1.0000000000000000E+00,  1.0000000000000000E+00,  1.0000000000000000E+00,  1.1517775000000000E-01,  7.4731799999999996E-04,0
1908,  3.8750000000000001E-01,15,  4.3750000000000000E-01,  4.3750000000000000E-01,3,  3.1536853672842841E-01,108,1,500,500,0,  1.0000000000000000E+00,  1.0000000000000000E+00,  1.0000000000000000E+00,  1.0000000000000000E+00,  1.1064130400000000E-01,  7.1632800000000002E-04,0
1909,  3.8750000000000001E-01,15,  4.3750000000000000E-01,  4.3750000000000000E-01,4,  3.1536853672842841E-01,108,1,500,500,0,  1.0000000000000000E+00,  1.0000000000000000E+00,  1.0000000000000000E+00,  1.0000000000000000E+00,  1.0895907700000000E-01,  7.1736599999999999E-04,0
1910,  3.8750000000000001E-01,15,  4.3750000000000000E-01,  4.3750000000000000E-01,5,  3.1536853672842841E-01,108,1,500,500,0,  1.0000000000000000E+00,  1.0000000000000000E+00,  1.0000000000000000E+00,  1.0000000000000000E+00,  1.0884363900000001E-01,  6.7362900000000002E-04,0
1911,  3.8750000000000001E-01,15,  4.3750000000000000E-01,  6.2500000000000000E-01,1,  3.1536853672842841E-01,108,1,500,500,0,  1.0000000000000000E+00,  1.0000000000000000E+00,  1.0000000000000000E+00,  1.0000000000000000E+00,  1.1579052700000000E-01,  7.0080499999999998E-04,0
1912,  3.8750000000000001E-01,15,  4.3750000000000000E-01,  6.2500000000000000E-01,2,  3.1536853672842841E-01,108,1,500,500,0,  1.0000000000000000E+00,  1.0000000000000000E+00,  1.0000000000000000E+00,  1.0000000000000000E+00,  1.1609296299999999E-01,  7.0443500000000000E-04,0
1913,  3.8750000000000001E-01,15,  4.3750000000000000E-01,  6.2500000000000000E-01,3,  3.1536853672842841E-01,108,1,500,500,0,  1.0000000000000000E+00,  1.0000000000000000E+00,  1.0000000000000000E+00,  1.0000000000000000E+00,  1.1074292500000001E-01,  7.1726500000000002E-04,0
1914,  3.8750000000000001E-01,15,  4.3750000000000000E-01,  6.2500000000000000E-01,4,  3.1536853672842841E-01,108,1,500,500,0,  1.0000000000000000E+00,  1.0000000000000000E+00,  1.0000000000000000E+00,  1.0000000000000000E+00,  1.1097607100000000E-01,  7.1743800000000004E-04,0
1915,  3.8750000000000001E-01,15,  4.3750000000000000E-01,  6.2500000000000000E-01,5,  3.1536853672842841E-01,108,1,500,500,0,  1.0000000000000000E+00,  1.0000000000000000E+00,  1.0000000000000000E+00,  1.0000000000000000E+00,  1.0988055600000000E-01,  8.0508200000000004E-04,0
1916,  3.8750000000000001E-01,15,  4.3750000000000000E-01,  8.1250000000000000E-01,1,  3.1536853672842841E-01,108,1,500,500,0,  1.0000000000000000E+00,  1.0000000000000000E+00,  1.0000000000000000E+00,  1.0000000000000000E+00,  1.0690540200000000E-01,  7.0171899999999995E-04,0
1917,  3.8750000000000001E-01,15,  4.3750000000000000E-01,  8.1250000000000000E-01,2,  3.1536853672842841E-01,108,1,500,500,0,  1.0000000000000000E+00,  1.0000000000000000E+00,  1.0000000000000000E+00,  1.0000000000000000E+00,  1.0879680200000000E-01,  8.0771700000000001E-04,0
1918,  3.8750000000000001E-01,15,  4.3750000000000000E-01,  8.1250000000000000E-01,3,  3.1536853672842841E-01,108,1,500,500,0,  1.0000000000000000E+00,  1.0000000000000000E+00,  1.0000000000000000E+00,  1.0000000000000000E+00,  1.0557696599999999E-01,  6.7133299999999998E-04,0
1919,  3.8750000000000001E-01,15,  4.3750000000000000E-01,  8.1250000000000000E-01,4,  3.1536853672842841E-01,108,1,500,500,0,  1.0000000000000000E+00,  1.0000000000000000E+00,  1.0000000000000000E+00,  1.0000000000000000E+00,  1.0697969500000000E-01,  6.6950699999999996E-04,0
1920,  3.8750000000000001E-01,15,  4.3750000000000000E-01,  8.1250000000000000E-01,5,  3.1536853672842841E-01,108,1,500,500,0,  1.0000000000000000E+00,  1.0000000000000000E+00,  1.0000000000000000E+00,  1.0000000000000000E+00,  1.0595821200000000E-01,  6.7425700000000005E-04,0
1921,  3.8750000000000001E-01,15,  4.3750000000000000E-01,  1.0000000000000000E+00,1,  3.1536853672842841E-01,108,1,500,500,0,  1.0000000000000000E+00,  1.0000000000000000E+00,  1.0000000000000000E+00,  1.0000000000000000E+00,  1.0678074700000000E-01,  8.1745400000000001E-04,0
1922,  3.8750000000000001E-01,15,  4.3750000000000000E-01,  1.0000000000000000E+00,2,  3.1536853672842841E-01,108,1,500,500,0,  1.0000000000000000E+00,  1.0000000000000000E+00,  1.0000000000000000E+00,  1.0000000000000000E+00,  1.1201029200000000E-01,  7.3387900000000000E-04,0
1923,  3.8750000000000001E-01,15,  4.3750000000000000E-01,  1.0000000000000000E+00,3,  3.1536853672842841E-01,108,1,500,500,0,  1.0000000000000000E+00,  1.0000000000000000E+00,  1.0000000000000000E+00,  1.0000000000000000E+00,  1.1493966200000000E-01,  7.2945300000000002E-04,0
1924,  3.8750000000000001E-01,15,  4.3750000000000000E-01,  1.0000000000000000E+00,4,  3.1536853672842841E-01,108,1,500,500,0,  1.0000000000000000E+00,  1.0000000000000000E+00,  1.0000000000000000E+00,  1.0000000000000000E+00,  1.0561244300000000E-01,  1.2668200000000001E-03,0
1925,  3.8750000000000001E-01,15,  4.3750000000000000E-01,  1.0000000000000000E+00,5,  3.1536853672842841E-01,108,1,500,500,0,  1.0000000000000000E+00,  1.0000000000000000E+00,  1.0000000000000000E+00,  1.0000000000000000E+00,  1.1117726999999999E-01,  6.7937800000000001E-04,0
1926,  3.8750000000000001E-01,15,  6.2500000000000000E-01,  2.5000000000000000E-01,1,  3.1536853672842841E-01,108,1,500,500,0,  1.0000000000000000E+00,  1.0000000000000000E+00,  1.0000000000000000E+00,  1.0000000000000000E+00,  1.3615564599999999E-01,  1.1738930000000001E-03,0
1927,  3.8750000000000001E-01,15,  6.2500000000000000E-01,  2.5000000000000000E-01,2,  3.1536853672842841E-01,108,1,500,500,0,  1.0000000000000000E+00,  1.0000000000000000E+00,  1.0000000000000000E+00,  1.0000000000000000E+00,  1.6199112099999999E-01,  7.8379299999999997E-04,0
1928,  3.8750000000000001E-01,15,  6.2500000000000000E-01,  2.5000000000000000E-01,3,  3.1536853672842841E-01,108,1,500,500,0,  1.0000000000000000E+00,  1.0000000000000000E+00,  1.0000000000000000E+00,  1.0000000000000000E+00,  1.7924256499999999E-01,  1.1585409999999999E-03,0
1929,  3.8750000000000001E-01,15,  6.2500000000000000E-01,  2.5000000000000000E-01,4,  3.1536853672842841E-01,108,1,500,500,0,  1.0000000000000000E+00,  1.0000000000000000E+00,  1.0000000000000000E+00,  1.0000000000000000E+00,  1.7673809900000001E-01,  8.0499399999999996E-04,0
1930,  3.8750000000000001E-01,15,  6.2500000000000000E-01,  2.5000000000000000E-01,5,  3.1536853672842841E-01,108,1,500,500,0,  1.0000000000000000E+00,  1.0000000000000000E+00,  1.0000000000000000E+00,  1.0000000000000000E+00,  1.6330226900000000E-01,  7.0389900000000002E-04,0
1931,  3.8750000000000001E-01,15,  6.2500000000000000E-01,  4.3750000000000000E-01,1,  3.1536853672842841E-01,108,1,500,500,0,  1.0000000000000000E+00,  1.0000000000000000E+00,  1.0000000000000000E+00,  1.0000000000000000E+00,  1.6884641600000000E-01,  1.1449279999999999E-03,0
1932,  3.8750000000000001E-01,15,  6.2500000000000000E-01,  4.3750000000000000E-01,2,  3.1536853672842841E-01,108,1,500,500,0,  1.0000000000000000E+00,  1.0000000000000000E+00,  1.0000000000000000E+00,  1.0000000000000000E+00,  1.6957009600000000E-01,  1.0509289999999999E-03,0
1933,  3.8750000000000001E-01,15,  6.2500000000000000E-01,  4.3750000000000000E-01,3,  3.1536853672842841E-01,108,1,500,500,0,  1.0000000000000000E+00,  1.0000000000000000E+00,  1.0000000000000000E+00,  1.0000000000000000E+00,  1.6867377600000000E-01,  7.8751199999999998E-04,0
1934,  3.8750000000000001E-01,15,  6.2500000000000000E-01,  4.3750000000000000E-01,4,  3.1536853672842841E-01,108,1,500,500,0,  1.0000000000000000E+00,  1.0000000000000000E+00,  1.0000000000000000E+00,  1.0000000000000000E+00,  1.5302839800000001E-01,  7.6302200000000003E-04,0
1935,  3.8750000000000001E-01,15,  6.2500000000000000E-01,  4.3750000000000000E-01,5,  3.1536853672842841E-01,108,1,500,500,0,  1.0000000000000000E+00,  1.0000000000000000E+00,  1.0000000000000000E+00,  1.0000000000000000E+00,  1.3649647000000001E-01,  7.8588699999999998E-04,0
1936,  3.8750000000000001E-01,15,  6.2500000000000000E-01,  6.2500000000000000E-01,1,  3.1536853672842841E-01,108,1,500,500,0,  1.0000000000000000E+00,  1.0000000000000000E+00,  1.0000000000000000E+00,  1.0000000000000000E+00,  1.3574712300000000E-01,  7.1853499999999996E-04,0
1937,  3.8750000000000001E-01,15,  6.2500000000000000E-01,  6.2500000000000000E-01,2,  3.1536853672842841E-01,108,1,500,500,0,  1.0000000000000000E+00,  1.0000000000000000E+00,  1.0000000000000000E+00,  1.0000000000000000E+00,  1.3270154600000000E-01,  6.8921100000000001E-04,0
1938,  3.8750000000000001E-01,15,  6.2500000000000000E-01,  6.2500000000000000E-01,3,  3.1536853672842841E-01,108,1,500,500,0,  1.0000000000000000E+00,  1.0000000000000000E+00,  1.0000000000000000E+00,  1.0000000000000000E+00,  1.3886671000000000E-01,  7.4715899999999995E-04,0
1939,  3.8750000000000001E-01,15,  6.2500000000000000E-01,  6.2500000000000000E-01,4,  3.1536853672842841E-01,108,1,500,500,0,  1.0000000000000000E+00,  1.0000000000000000E+00,  1.0000000000000000E+00,  1.0000000000000000E+00,  1.5341840100000001E-01,  1.4389909999999999E-03,0
1940,  3.8750000000000001E-01,15,  6.2500000000000000E-01,  6.2500000000000000E-01,5,  3.1536853672842841E-01,108,1,500,500,0,  1.0000000000000000E+00,  1.0000000000000000E+00,  1.0000000000000000E+00,  1.0000000000000000E+00,  1.3848410400000000E-01,  6.8715400000000004E-04,0
1941,  3.8750000000000001E-01,15,  6.2500000000000000E-01,  8.1250000000000000E-01,1,  3.1536853672842841E-01,108,1,500,500,0,  1.0000000000000000E+00,  1.0000000000000000E+00,  1.0000000000000000E+00,  1.0000000000000000E+00,  1.2846283999999999E-01,  6.7372799999999996E-04,0
1942,  3.8750000000000001E-01,15,  6.2500000000000000E-01,  8.1250000000000000E-01,2,  3.1536853672842841E-01,108,1,500,500,0,  1.0000000000000000E+00,  1.0000000000000000E+00,  1.0000000000000000E+00,  1.0000000000000000E+00,  1.3179037299999999E-01,  7.3411799999999997E-04,0
1943,  3.8750000000000001E-01,15,  6.2500000000000000E-01,  8.1250000000000000E-01,3,  3.1536853672842841E-01,108,1,500,500,0,  1.0000000000000000E+00,  1.0000000000000000E+00,  1.0000000000000000E+00,  1.0000000000000000E+00,  1.3154819600000001E-01,  6.8634000000000002E-04,0
1944,  3.8750000000000001E-01,15,  6.2500000000000000E-01,  8.1250000000000000E-01,4,  3.1536853672842841E-01,108,1,500,500,0,  1.0000000000000000E+00,  1.0000000000000000E+00,  1.0000000000000000E+00,  1.0000000000000000E+00,  1.3019576099999999E-01,  7.8403200000000004E-04,0
1945,  3.8750000000000001E-01,15,  6.2500000000000000E-01,  8.1250000000000000E-01,5,  3.1536853672842841E-01,108,1,500,500,0,  1.0000000000000000E+00,  1.0000000000000000E+00,  1.0000000000000000E+00,  1.0000000000000000E+00,  1.4088809599999999E-01,  6.9658700000000003E-04,0
1946,  3.8750000000000001E-01,15,  6.2500000000000000E-01,  1.0000000000000000E+00,1,  3.1536853672842841E-01,108,1,500,500,0,  1.0000000000000000E+00,  1.0000000000000000E+00,  1.0000000000000000E+00,  1.0000000000000000E+00,  1.3866586200000000E-01,  7.6967699999999997E-04,0
1947,  3.8750000000000001E-01,15,  6.2500000000000000E-01,  1.0000000000000000E+00,2,  3.1536853672842841E-01,108,1,500,500,0,  1.0000000000000000E+00,  1.0000000000000000E+00,  1.0000000000000000E+00,  1.0000000000000000E+00,  1.3193490299999999E-01,  7.0072000000000005E-04,0
1948,  3.8750000000000001E-01,15,  6.2500000000000000E-01,  1.0000000000000000E+00,3,  3.1536853672842841E-01,108,1,500,500,0,  1.0000000000000000E+00,  1.0000000000000000E+00,  1.0000000000000000E+00,  1.0000000000000000E+00,  1.3137227200000001E-01,  6.9248100000000000E-04,0
1949,  3.8750000000000001E-01,15,  6.2500000000000000E-01,  1.0000000000000000E+00,4,  3.1536853672842841E-01,108,1,500,500,0,  1.0000000000000000E+00,  1.0000000000000000E+00,  1.0000000000000000E+00,  1.0000000000000000E+00,  1.3142628300000000E-01,  6.7795900000000001E-04,0
1950,  3.8750000000000001E-01,15,  6.2500000000000000E-01,  1.0000000000000000E+00,5,  3.1536853672842841E-01,108,1,500,500,0,  1.0000000000000000E+00,  1.0000000000000000E+00,  1.0000000000000000E+00,  1.0000000000000000E+00,  1.3009443000000001E-01,  6.8622599999999996E-04,0
1951,  3.8750000000000001E-01,15,  8.1250000000000000E-01,  2.5000000000000000E-01,1,  3.1536853672842841E-01,108,1,500,500,0,  1.0000000000000000E+00,  1.0000000000000000E+00,  1.0000000000000000E+00,  1.0000000000000000E+00,  1.6609654200000001E-01,  7.2833600000000000E-04,0
1952,  3.8750000000000001E-01,15,  8.1250000000000000E-01,  2.5000000000000000E-01,2,  3.1536853672842841E-01,108,1,500,500,0,  1.0000000000000000E+00,  1.0000000000000000E+00,  1.0000000000000000E+00,  1.0000000000000000E+00,  1.6278216600000001E-01,  7.5790199999999997E-04,0
1953,  3.8750000000000001E-01,15,  8.1250000000000000E-01,  2.5000000000000000E-01,3,  3.1536853672842841E-01,108,1,500,500,0,  1.0000000000000000E+00,  1.0000000000000000E+00,  1.0000000000000000E+00,  1.0000000000000000E+00,  1.5868722299999999E-01,  6.7211300000000001E-04,0
1954,  3.8750000000000001E-01,15,  8.1250000000000000E-01,  2.5000000000000000E-01,4,  3.1536853672842841E-01,108,1,500,500,0,  1.0000000000000000E+00,  1.0000000000000000E+00,  1.0000000000000000E+00,  1.0000000000000000E+00,  1.6582881399999999E-01,  6.7322499999999995E-04,0
1955,  3.8750000000000001E-01,15,  8.1250000000000000E-01,  2.5000000000000000E-01,5,  3.1536853672842841E-01,108,1,500,500,0,  1.0000000000000000E+00,  1.0000000000000000E+00,  1.0000000000000000E+00,  1.0000000000000000E+00,  1.6217309399999999E-01,  1.0271270000000001E-03,0
1956,  3.8750000000000001E-01,15,  8.1250000000000000E-01,  4.3750000000000000E-01,1,  3.1536853672842841E-01,108,1,500,500,0,  1.0000000000000000E+00,  1.0000000000000000E+00,  1.0000000000000000E+00,  1.0000000000000000E+00,  1.6081096400000000E-01,  6.9134299999999997E-04,0
1957,  3.8750000000000001E-01,15,  8.1250000000000000E-01,  4.3750000000000000E-01,2,  3.1536853672842841E-01,108,1,500,500,0,  1.0000000000000000E+00,  1.0000000000000000E+00,  1.0000000000000000E+00,  1.0000000000000000E+00,  1.6173554700000001E-01,  6.8727299999999996E-04,0
1958,  3.8750000000000001E-01,15,  8.1250000000000000E-01,  4.3750000000000000E-01,3,  3.1536853672842841E-01,108,1,500,500,0,  1.0000000000000000E+00,  1.0000000000000000E+00,  1.0000000000000000E+00,  1.0000000000000000E+00,  1.5973070600000000E-01,  6.8984400000000000E-04,0
1959,  3.8750000000000001E-01,15,  8.1250000000000000E-01,  4.3750000000000000E-01,4,  3.1536853672842841E-01,108,1,500,500,0,  1.0000000000000000E+00,  1.0000000000000000E+00,  1.0000000000000000E+00,  1.0000000000000000E+00,  1.6123373199999999E-01,  6.9227100000000005E-04,0
1960,  3.8750000000000001E-01,15,  8.1250000000000000E-01,  4.3750000000000000E-01,5,  3.1536853672842841E-01,108,1,500,500,0,  1.0000000000000000E+00,  1.0000000000000000E+00,  1.0000000000000000E+00,  1.0000000000000000E+00,  1.5981399299999999E-01,  6.8114399999999996E-04,0
1961,  3.8750000000000001E-01,15,  8.1250000000000000E-01,  6.2500000000000000E-01,1,  3.1536853672842841E-01,108,1,500,500,0,  1.0000000000000000E+00,  1.0000000000000000E+00,  1.0000000000000000E+00,  1.0000000000000000E+00,  1.6246608700000001E-01,  6.9273999999999996E-04,0
1962,  3.8750000000000001E-01,15,  8.1250000000000000E-01,  6.2500000000000000E-01,2,  3.1536853672842841E-01,108,1,500,500,0,  1.0000000000000000E+00,  1.0000000000000000E+00,  1.0000000000000000E+00,  1.0000000000000000E+00,  1.6153609299999999E-01,  6.8253699999999999E-04,0
1963,  3.8750000000000001E-01,15,  8.1250000000000000E-01,  6.2500000000000000E-01,3,  3.1536853672842841E-01,108,1,500,500,0,  1.0000000000000000E+00,  1.0000000000000000E+00,  1.0000000000000000E+00,  1.0000000000000000E+00,  1.7033269900000000E-01,  1.0634830000000000E-03,0
1964,  3.8750000000000001E-01,15,  8.1250000000000000E-01,  6.2500000000000000E-01,4,  3.1536853672842841E-01,108,1,500,500,0,  1.0000000000000000E+00,  1.0000000000000000E+00,  1.0000000000000000E+00,  1.0000000000000000E+00,  1.7349361299999999E-01,  7.3167000000000002E-04,0
1965,  3.8750000000000001E-01,15,  8.1250000000000000E-01,  6.2500000000000000E-01,5,  3.1536853672842841E-01,108,1,500,500,0,  1.0000000000000000E+00,  1.0000000000000000E+00,  1.0000000000000000E+00,  1.0000000000000000E+00,  1.7359332099999999E-01,  7.3235100000000001E-04,0
1966,  3.8750000000000001E-01,15,  8.1250000000000000E-01,  8.1250000000000000E-01,1,  3.1536853672842841E-01,108,1,500,500,0,  1.0000000000000000E+00,  1.0000000000000000E+00,  1.0000000000000000E+00,  1.0000000000000000E+00,  1.7556152999999999E-01,  7.0319600000000001E-04,0
1967,  3.8750000000000001E-01,15,  8.1250000000000000E-01,  8.1250000000000000E-01,2,  3.1536853672842841E-01,108,1,500,500,0,  1.0000000000000000E+00,  1.0000000000000000E+00,  1.0000000000000000E+00,  1.0000000000000000E+00,  1.7229068200000000E-01,  7.4882300000000002E-04,0
1968,  3.8750000000000001E-01,15,  8.1250000000000000E-01,  8.1250000000000000E-01,3,  3.1536853672842841E-01,108,1,500,500,0,  1.0000000000000000E+00,  1.0000000000000000E+00,  1.0000000000000000E+00,  1.0000000000000000E+00,  1.7636269199999999E-01,  7.5337099999999997E-04,0
1969,  3.8750000000000001E-01,15,  8.1250000000000000E-01,  8.1250000000000000E-01,4,  3.1536853672842841E-01,108,1,500,500,0,  1.0000000000000000E+00,  1.0000000000000000E+00,  1.0000000000000000E+00,  1.0000000000000000E+00,  1.8204392300000000E-01,  7.2496200000000000E-04,0
1970,  3.8750000000000001E-01,15,  8.1250000000000000E-01,  8.1250000000000000E-01,5,  3.1536853672842841E-01,108,1,500,500,0,  1.0000000000000000E+00,  1.0000000000000000E+00,  1.0000000000000000E+00,  1.0000000000000000E+00,  1.7002590400000001E-01,  7.0691999999999999E-04,0
1971,  3.8750000000000001E-01,15,  8.1250000000000000E-01,  1.0000000000000000E+00,1,  3.1536853672842841E-01,108,1,500,500,0,  1.0000000000000000E+00,  1.0000000000000000E+00,  1.0000000000000000E+00,  1.0000000000000000E+00,  1.7614387800000000E-01,  7.1493399999999997E-04,0
1972,  3.8750000000000001E-01,15,  8.1250000000000000E-01,  1.0000000000000000E+00,2,  3.1536853672842841E-01,108,1,500,500,0,  1.0000000000000000E+00,  1.0000000000000000E+00,  1.0000000000000000E+00,  1.0000000000000000E+00,  1.6058549999999999E-01,  7.0994500000000002E-04,0
1973,  3.8750000000000001E-01,15,  8.1250000000000000E-01,  1.0000000000000000E+00,3,  3.1536853672842841E-01,108,1,500,500,0,  1.0000000000000000E+00,  1.0000000000000000E+00,  1.0000000000000000E+00,  1.0000000000000000E+00,  1.6772351799999999E-01,  7.3425100000000000E-04,0
1974,  3.8750000000000001E-01,15,  8.1250000000000000E-01,  1.0000000000000000E+00,4,  3.1536853672842841E-01,108,1,500,500,0,  1.0000000000000000E+00,  1.0000000000000000E+00,  1.0000000000000000E+00,  1.0000000000000000E+00,  1.6090941800000000E-01,  6.8202900000000001E-04,0
1975,  3.8750000000000001E-01,15,  8.1250000000000000E-01,  1.0000000000000000E+00,5,  3.1536853672842841E-01,108,1,500,500,0,  1.0000000000000000E+00,  1.0000000000000000E+00,  1.0000000000000000E+00,  1.0000000000000000E+00,  1.6545066800000000E-01,  8.1769999999999998E-04,0
1976,  3.8750000000000001E-01,15,  1.0000000000000000E+00,  2.5000000000000000E-01,1,  3.1536853672842841E-01,108,1,500,500,0,  1.0000000000000000E+00,  1.0000000000000000E+00,  1.0000000000000000E+00,  1.0000000000000000E+00,  1.8468554800000000E-01,  7.2805299999999999E-04,0
1977,  3.8750000000000001E-01,15,  1.0000000000000000E+00,  2.5000000000000000E-01,2,  3.1536853672842841E-01,108,1,500,500,0,  1.0000000000000000E+00,  1.0000000000000000E+00,  1.0000000000000000E+00,  1.0000000000000000E+00,  1.7895020000000000E-01,  6.7270899999999996E-04,0
1978,  3.8750000000000001E-01,15,  1.0000000000000000E+00,  2.5000000000000000E-01,3,  3.1536853672842841E-01,108,1,500,500,0,  1.0000000000000000E+00,  1.0000000000000000E+00,  1.0000000000000000E+00,  1.0000000000000000E+00,  1.8180769799999999E-01,  7.2816600000000003E-04,0
1979,  3.8750000000000001E-01,15,  1.0000000000000000E+00,  2.5000000000000000E-01,4,  3.1536853672842841E-01,108,1,500,500,0,  1.0000000000000000E+00,  1.0000000000000000E+00,  1.0000000000000000E+00,  1.0000000000000000E+00,  1.8563197800000000E-01,  6.9895099999999996E-04,0
1980,  3.8750000000000001E-01,15,  1.0000000000000000E+00,  2.5000000000000000E-01,5,  3.1536853672842841E-01,108,1,500,500,0,  1.0000000000000000E+00,  1.0000000000000000E+00,  1.0000000000000000E+00,  1.0000000000000000E+00,  1.8248178900000001E-01,  6.7232700000000002E-04,0
1981,  3.8750000000000001E-01,15,  1.0000000000000000E+00,  4.3750000000000000E-01,1,  3.1536853672842841E-01,108,1,500,500,0,  1.0000000000000000E+00,  1.0000000000000000E+00,  1.0000000000000000E+00,  1.0000000000000000E+00,  1.9131728100000001E-01,  7.1859099999999998E-04,0
1982,  3.8750000000000001E-01,15,  1.0000000000000000E+00,  4.3750000000000000E-01,2,  3.1536853672842841E-01,108,1,500,500,0,  1.0000000000000000E+00,  1.0000000000000000E+00,  1.0000000000000000E+00,  1.0000000000000000E+00,  1.8537557399999999E-01,  6.6788299999999997E-04,0
1983,  3.8750000000000001E-01,15,  1.0000000000000000E+00,  4.3750000000000000E-01,3,  3.1536853672842841E-01,108,1,500,500,0,  1.0000000000000000E+00,  1.0000000000000000E+00,  1.0000000000000000E+00,  1.0000000000000000E+00,  1.8114169799999999E-01,  6.8234299999999997E-04,0
1984,  3.8750000000000001E-01,15,  1.0000000000000000E+00,  4.3750000000000000E-01,4,  3.1536853672842841E-01,108,1,500,500,0,  1.0000000000000000E+00,  1.0000000000000000E+00,  1.0000000000000000E+00,  1.0000000000000000E+00,  1.8240759400000001E-01,  7.4451400000000005E-04,0
1985,  3.8750000000000001E-01,15,  1.0000000000000000E+00,  4.3750000000000000E-01,5,  3.1536853672842841E-01,108,1,500,500,0,  1.0000000000000000E+00,  1.0000000000000000E+00,  1.0000000000000000E+00,  1.0000000000000000E+00,  1.8027721899999999E-01,  6.6799500000000000E-04,0
1986,  3.8750000000000001E-01,15,  1.0000000000000000E+00,  6.2500000000000000E-01,1,  3.1536853672842841E-01,108,1,500,500,0,  1.0000000000000000E+00,  1.0000000000000000E+00,  1.0000000000000000E+00,  1.0000000000000000E+00,  1.8348490800000000E-01,  6.8308599999999996E-04,0
1987,  3.8750000000000001E-01,15,  1.0000000000000000E+00,  6.2500000000000000E-01,2,  3.1536853672842841E-01,108,1,500,500,0,  1.0000000000000000E+00,  1.0000000000000000E+00,  1.0000000000000000E+00,  1.0000000000000000E+00,  1.8771656400000000E-01,  6.9334200000000000E-04,0
1988,  3.8750000000000001E-01,15,  1.0000000000000000E+00,  6.2500000000000000E-01,3,  3.1536853672842841E-01,108,1,500,500,0,  1.0000000000000000E+00,  1.0000000000000000E+00,  1.0000000000000000E+00,  1.0000000000000000E+00,  1.8338684899999999E-01,  6.8140900000000001E-04,0
1989,  3.8750000000000001E-01,15,  1.0000000000000000E+00,  6.2500000000000000E-01,4,  3.1536853672842841E-01,108,1,500,500,0,  1.0000000000000000E+00,  1.0000000000000000E+00,  1.0000000000000000E+00,  1.0000000000000000E+00,  1.8784997700000000E-01,  7.3808999999999995E-04,0
1990,  3.8750000000000001E-01,15,  1.0000000000000000E+00,  6.2500000000000000E-01,5,  3.1536853672842841E-01,108,1,500,500,0,  1.0000000000000000E+00,  1.0000000000000000E+00,  1.0000000000000000E+00,  1.0000000000000000E+00,  1.8085639700000000E-01,  7.0287799999999999E-04,0
1991,  3.8750000000000001E-01,15,  1.0000000000000000E+00,  8.1250000000000000E-01,1,  3.1536853672842841E-01,108,1,500,500,0,  1.0000000000000000E+00,  1.0000000000000000E+00,  1.0000000000000000E+00,  1.0000000000000000E+00,  1.8199636199999999E-01,  6.7356000000000002E-04,0
1992,  3.8750000000000001E-01,15,  1.0000000000000000E+00,  8.1250000000000000E-01,2,  3.1536853672842841E-01,108,1,500,500,0,  1.0000000000000000E+00,  1.0000000000000000E+00,  1.0000000000000000E+00,  1.0000000000000000E+00,  1.8293652899999999E-01,  7.0230599999999998E-04,0
1993,  3.8750000000000001E-01,15,  1.0000000000000000E+00,  8.1250000000000000E-01,3,  3.1536853672842841E-01,108,1,500,500,0,  1.0000000000000000E+00,  1.0000000000000000E+00,  1.0000000000000000E+00,  1.0000000000000000E+00,  1.7996518900000000E-01,  6.8484399999999999E-04,0
1994,  3.8750000000000001E-01,15,  1.0000000000000000E+00,  8.1250000000000000E-01,4,  3.1536853672842841E-01,108,1,500,500,0,  1.0000000000000000E+00,  1.0000000000000000E+00,  1.0000000000000000E+00,  1.0000000000000000E+00,  1.8179669600000001E-01,  6.7394999999999998E-04,0
1995,  3.8750000000000001E-01,15,  1.0000000000000000E+00,  8.1250000000000000E-01,5,  3.1536853672842841E-01,108,1,500,500,0,  1.0000000000000000E+00,  1.0000000000000000E+00,  1.0000000000000000E+00,  1.0000000000000000E+00,  1.8173089500000000E-01,  7.5281800000000004E-04,0
1996,  3.8750000000000001E-01,15,  1.0000000000000000E+00,  1.0000000000000000E+00,1,  3.1536853672842841E-01,108,1,500,500,0,  1.0000000000000000E+00,  1.0000000000000000E+00,  1.0000000000000000E+00,  1.0000000000000000E+00,  1.8202443600000001E-01,  6.6913499999999996E-04,0
1997,  3.8750000000000001E-01,15,  1.0000000000000000E+00,  1.0000000000000000E+00,2,  3.1536853672842841E-01,108,1,500,500,0,  1.0000000000000000E+00,  1.0000000000000000E+00,  1.0000000000000000E+00,  1.0000000000000000E+00,  1.8009210500000000E-01,  6.9805799999999999E-04,0
1998,  3.8750000000000001E-01,15,  1.0000000000000000E+00,  1.0000000000000000E+00,3,  3.1536853672842841E-01,108,1,500,500,0,  1.0000000000000000E+00,  1.0000000000000000E+00,  1.0000000000000000E+00,  1.0000000000000000E+00,  1.7965572499999999E-01,  7.2062400000000000E-04,0
1999,  3.8750000000000001E-01,15,  1.0000000000000000E+00,  1.0000000000000000E+00,4,  3.1536853672842841E-01,108,1,500,500,0,  1.0000000000000000E+00,  1.0000000000000000E+00,  1.0000000000000000E+00,  1.0000000000000000E+00,  1.7991697600000001E-01,  6.7954500000000004E-04,0
2000,  3.8750000000000001E-01,15,  1.0000000000000000E+00,  1.0000000000000000E+00,5,  3.1536853672842841E-01,108,1,500,500,0,  1.0000000000000000E+00,  1.0000000000000000E+00,  1.0000000000000000E+00,  1.0000000000000000E+00,  1.8189633899999999E-01,  6.8137400000000000E-04,0
2001,  3.8750000000000001E-01,25,  2.5000000000000000E-01,  2.5000000000000000E-01,1,  3.1536853672842841E-01,67,6,490,490,0,  5.5471153907143822E-01,  9.7999999999999998E-01,  9.7999999999999998E-01,  7.0842929690737788E-01,  5.2241971999999998E-02,  6.9449400000000004E-04,0
2002,  3.8750000000000001E-01,25,  2.5000000000000000E-01,  2.5000000000000000E-01,2,  3.1536853672842841E-01,67,8,492,490,2,  4.2690255818370909E-01,  9.8399999999999999E-01,  9.7999999999999998E-01,  5.9546580990474529E-01,  5.0536847000000003E-02,  6.6618099999999996E-04,0
2003,  3.8750000000000001E-01,25,  2.5000000000000000E-01,  2.5000000000000000E-01,3,  3.1536853672842841E-01,67,9,494,490,4,  3.9093244061634641E-01,  9.8799999999999999E-01,  9.7999999999999998E-01,  5.6020329923677858E-01,  6.0292260000000000E-02,  7.6065300000000002E-04,0
2004,  3.8750000000000001E-01,25,  2.5000000000000000E-01,  2.5000000000000000E-01,4,  3.1536853672842841E-01,67,9,494,490,4,  3.9093244061634641E-01,  9.8799999999999999E-01,  9.7999999999999998E-01,  5.6020329923677858E-01,  5.5426151000000000E-02,  6.9466799999999996E-04,0
2005,  3.8750000000000001E-01,25,  2.5000000000000000E-01,  2.5000000000000000E-01,5,  3.1536853672842841E-01,67,10,498,490,8,  3.7444519578996055E-01,  9.9600000000000000E-01,  9.7999999999999998E-01,  5.4427191419620990E-01,  5.3630048000000000E-02,  6.8578900000000002E-04,0
2006,  3.8750000000000001E-01,25,  2.5000000000000000E-01,  4.3750000000000000E-01,1,  3.1536853672842841E-01,67,6,490,490,0,  5.5471153907143822E-01,  9.7999999999999998E-01,  9.7999999999999998E-01,  7.0842929690737788E-01,  5.9064500999999998E-02,  6.6520399999999997E-04,0
2007,  3.8750000000000001E-01,25,  2.5000000000000000E-01,  4.3750000000000000E-01,2,  3.1536853672842841E-01,67,8,492,490,2,  4.2690255818370909E-01,  9.8399999999999999E-01,  9.7999999999999998E-01,  5.9546580990474529E-01,  5.2707094000000003E-02,  6.8339799999999999E-04,0
2008,  3.8750000000000001E-01,25,  2.5000000000000000E-01,  4.3750000000000000E-01,3,  3.1536853672842841E-01,67,9,494,490,4,  3.9093244061634641E-01,  9.8799999999999999E-01,  9.7999999999999998E-01,  5.6020329923677858E-01,  5.0997186999999999E-02,  6.9718600000000003E-04,0
2009,  3.8750000000000001E-01,25,  2.5000000000000000E-01,  4.3750000000000000E-01,4,  3.1536853672842841E-01,67,9,494,490,4,  3.9093244061634641E-01,  9.8799999999999999E-01,  9.7999999999999998E-01,  5.6020329923677858E-01,  5.1141514999999999E-02,  6.8345099999999996E-04,0
2010,  3.8750000000000001E-01,25,  2.5000000000000000E-01,  4.3750000000000000E-01,5,  3.1536853672842841E-01,67,10,498,490,8,  3.7444519578996055E-01,  9.9600000000000000E-01,  9.7999999999999998E-01,  5.4427191419620990E-01,  5.1147290999999998E-02,  6.7044399999999997E-04,0
2011,  3.8750000000000001E-01,25,  2.5000000000000000E-01,  6.2500000000000000E-01,1,  3.1536853672842841E-01,67,6,490,490,0,  5.5471153907143822E-01,  9.7999999999999998E-01,  9.7999999999999998E-01,  7.0842929690737788E-01,  5.0542916000000000E-02,  7.0018499999999998E-04,0
2012,  3.8750000000000001E-01,25,  2.5000000000000000E-01,  6.2500000000000000E-01,2,  3.1536853672842841E-01,67,8,492,490,2,  4.2690255818370909E-01,  9.8399999999999999E-01,  9.7999999999999998E-01,  5.9546580990474529E-01,  5.0329632999999999E-02,  6.7474400000000002E-04,0
2013,  3.8750000000000001E-01,25,  2.5000000000000000E-01,  6.2500000000000000E-01,3,  3.1536853672842841E-01,67,9,494,490,4,  3.9093244061634641E-01,  9.8799999999999999E-01,  9.7999999999999998E-01,  5.6020329923677858E-01,  5.4405637999999999E-02,  6.9725300000000000E-04,0
2014,  3.8750000000000001E-01,25,  2.5000000000000000E-01,  6.2500000000000000E-01,4,  3.1536853672842841E-01,67,9,494,490,4,  3.9093244061634641E-01,  9.8799999999999999E-01,  9.7999999999999998E-01,  5.6020329923677858E-01,  5.6480637000000000E-02,  7.2427500000000003E-04,0
2015,  3.8750000000000001E-01,25,  2.5000000000000000E-01,  6.2500000000000000E-01,5,  3.1536853672842841E-01,67,10,498,490,8,  3.7444519578996055E-01,  9.9600000000000000E-01,  9.7999999999999998E-01,  5.4427191419620990E-01,  5.2385592000000002E-02,  6.8612700000000003E-04,0
2016,  3.8750000000000001E-01,25,  2.5000000000000000E-01,  8.1250000000000000E-01,1,  3.1536853672842841E-01,67,6,490,490,0,  5.5471153907143822E-01,  9.7999999999999998E-01,  9.7999999999999998E-01,  7.0842929690737788E-01,  5.2838623000000001E-02,  7.5894299999999999E-04,0
2017,  3.8750000000000001E-01,25,  2.5000000000000000E-01,  8.1250000000000000E-01,2,  3.1536853672842841E-01,67,8,492,490,2,  4.2690255818370909E-01,  9.8399999999999999E-01,  9.7999999999999998E-01,  5.9546580990474529E-01,  6.0078531999999997E-02,  7.1341400000000000E-04,0
2018,  3.8750000000000001E-01,25,  2.5000000000000000E-01,  8.1250000000000000E-01,3,  3.1536853672842841E-01,67,9,494,490,4,  3.9093244061634641E-01,  9.8799999999999999E-01,  9.7999999999999998E-01,  5.6020329923677858E-01,  5.3614564000000003E-02,  8.9602200000000001E-04,0
2019,  3.8750000000000001E-01,25,  2.5000000000000000E-01,  8.1250000000000000E-01,4,  3.1536853672842841E-01,67,9,494,490,4,  3.9093244061634641E-01,  9.8799999999999999E-01,  9.7999999999999998E-01,  5.6020329923677858E-01,  5.0892725000000000E-02,  7.1923300000000000E-04,0
2020,  3.8750000000000001E-01,25,  2.5000000000000000E-01,  8.1250000000000000E-01,5,  3.1536853672842841E-01,67,10,498,490,8,  3.7444519578996055E-01,  9.9600000000000000E-01,  9.7999999999999998E-01,  5.4427191419620990E-01,  5.1583888000000001E-02,  7.1862800000000002E-04,0
2021,  3.8750000000000001E-01,25,  2.5000000000000000E-01,  1.0000000000000000E+00,1,  3.1536853672842841E-01,67,6,490,490,0,  5.5471153907143822E-01,  9.7999999999999998E-01,  9.7999999999999998E-01,  7.0842929690737788E-01,  5.0957566000000003E-02,  7.3288900000000002E-04,0
2022,  3.8750000000000001E-01,25,  2.5000000000000000E-01,  1.0000000000000000E+00,2,  3.1536853672842841E-01,67,8,492,490,2,  4.2690255818370909E-01,  9.8399999999999999E-01,  9.7999999999999998E-01,  5.9546580990474529E-01,  6.0734097000000001E-02,  7.2250000000000005E-04,0
2023,  3.8750000000000001E-01,25,  2.5000000000000000E-01,  1.0000000000000000E+00,3,  3.1536853672842841E-01,67,9,494,490,4,  3.9093244061634641E-01,  9.8799999999999999E-01,  9.7999999999999998E-01,  5.6020329923677858E-01,  5.4296298999999999E-02,  7.4880400000000005E-04,0
2024,  3.8750000000000001E-01,25,  2.5000000000000000E-01,  1.0000000000000000E+00,4,  3.1536853672842841E-01,67,9,494,490,4,  3.9093244061634641E-01,  9.8799999999999999E-01,  9.7999999999999998E-01,  5.6020329923677858E-01,  5.4781041000000003E-02,  6.9131699999999999E-04,0
2025,  3.8750000000000001E-01,25,  2.5000000000000000E-01,  1.0000000000000000E+00,5,  3.1536853672842841E-01,67,10,498,490,8,  3.7444519578996055E-01,  9.9600000000000000E-01,  9.7999999999999998E-01,  5.4427191419620990E-01,  5.4558622000000001E-02,  9.6242799999999998E-04,0
2026,  3.8750000000000001E-01,25,  4.3750000000000000E-01,  2.5000000000000000E-01,1,  3.1536853672842841E-01,67,1,500,500,0,  1.0000000000000000E+00,  1.0000000000000000E+00,  1.0000000000000000E+00,  1.0000000000000000E+00,  7.3611791999999995E-02,  6.8867199999999998E-04,0
2027,  3.8750000000000001E-01,25,  4.3750000000000000E-01,  2.5000000000000000E-01,2,  3.1536853672842841E-01,67,2,501,500,1,  8.5620765425777734E-01,  1.0020000000000000E+00,  1.0000000000000000E+00,  9.2338449645335385E-01,  6.7466614999999994E-02,  6.9044400000000002E-04,0
2028,  3.8750000000000001E-01,25,  4.3750000000000000E-01,  2.5000000000000000E-01,3,  3.1536853672842841E-01,67,2,501,500,1,  8.5620765425777734E-01,  1.0020000000000000E+00,  1.0000000000000000E+00,  9.2338449645335385E-01,  8.1421035000000003E-02,  8.0679199999999997E-04,0
2029,  3.8750000000000001E-01,25,  4.3750000000000000E-01,  2.5000000000000000E-01,4,  3.1536853672842841E-01,67,2,501,500,1,  8.5620765425777734E-01,  1.0020000000000000E+00,  1.0000000000000000E+00,  9.2338449645335385E-01,  7.0170739999999995E-02,  7.1406099999999999E-04,0
2030,  3.8750000000000001E-01,25,  4.3750000000000000E-01,  2.5000000000000000E-01,5,  3.1536853672842841E-01,67,2,501,500,1,  8.5620765425777734E-01,  1.0020000000000000E+00,  1.0000000000000000E+00,  9.2338449645335385E-01,  7.3069673000000002E-02,  6.9296199999999998E-04,0
2031,  3.8750000000000001E-01,25,  4.3750000000000000E-01,  4.3750000000000000E-01,1,  3.1536853672842841E-01,67,1,500,500,0,  1.0000000000000000E+00,  1.0000000000000000E+00,  1.0000000000000000E+00,  1.0000000000000000E+00,  7.3604731000000007E-02,  7.3241400000000003E-04,0
2032,  3.8750000000000001E-01,25,  4.3750000000000000E-01,  4.3750000000000000E-01,2,  3.1536853672842841E-01,67,2,501,500,1,  8.5620765425777734E-01,  1.0020000000000000E+00,  1.0000000000000000E+00,  9.2338449645335385E-01,  6.8290223999999997E-02,  6.8861900000000001E-04,0
2033,  3.8750000000000001E-01,25,  4.3750000000000000E-01,  4.3750000000000000E-01,3,  3.1536853672842841E-01,67,2,501,500,1,  8.5620765425777734E-01,  1.0020000000000000E+00,  1.0000000000000000E+00,  9.2338449645335385E-01,  8.2742224000000003E-02,  6.9999000000000005E-04,0
2034,  3.8750000000000001E-01,25,  4.3750000000000000E-01,  4.3750000000000000E-01,4,  3.1536853672842841E-01,67,2,501,500,1,  8.5620765425777734E-01,  1.0020000000000000E+00,  1.0000000000000000E+00,  9.2338449645335385E-01,  7.1016208999999997E-02,  7.8436200000000004E-04,0
2035,  3.8750000000000001E-01,25,  4.3750000000000000E-01,  4.3750000000000000E-01,5,  3.1536853672842841E-01,67,2,501,500,1,  8.5620765425777734E-01,  1.0020000000000000E+00,  1.0000000000000000E+00,  9.2338449645335385E-01,  7.5613769999999997E-02,  8.5379399999999995E-04,0
2036,  3.8750000000000001E-01,25,  4.3750000000000000E-01,  6.2500000000000000E-01,1,  3.1536853672842841E-01,67,1,500,500,0,  1.0000000000000000E+00,  1.0000000000000000E+00,  1.0000000000000000E+00,  1.0000000000000000E+00,  7.9482855000000005E-02,  7.5454000000000005E-04,0
2037,  3.8750000000000001E-01,25,  4.3750000000000000E-01,  6.2500000000000000E-01,2,  3.1536853672842841E-01,67,2,501,500,1,  8.5620765425777734E-01,  1.0020000000000000E+00,  1.0000000000000000E+00,  9.2338449645335385E-01,  7.5555243999999994E-02,  7.1209200000000000E-04,0
2038,  3.8750000000000001E-01,25,  4.3750000000000000E-01,  6.2500000000000000E-01,3,  3.1536853672842841E-01,67,2,501,500,1,  8.5620765425777734E-01,  1.0020000000000000E+00,  1.0000000000000000E+00,  9.2338449645335385E-01,  7.3277015000000001E-02,  7.0253399999999999E-04,0
2039,  3.8750000000000001E-01,25,  4.3750000000000000E-01,  6.2500000000000000E-01,4,  3.1536853672842841E-01,67,2,501,500,1,  8.5620765425777734E-01,  1.0020000000000000E+00,  1.0000000000000000E+00,  9.2338449645335385E-01,  7.5867853999999998E-02,  8.1479299999999996E-04,0
2040,  3.8750000000000001E-01,25,  4.3750000000000000E-01,  6.2500000000000000E-01,5,  3.1536853672842841E-01,67,2,501,500,1,  8.5620765425777734E-01,  1.0020000000000000E+00,  1.0000000000000000E+00,  9.2338449645335385E-01,  7.6111818999999997E-02,  7.3742999999999996E-04,0
2041,  3.8750000000000001E-01,25,  4.3750000000000000E-01,  8.1250000000000000E-01,1,  3.1536853672842841E-01,67,1,500,500,0,  1.0000000000000000E+00,  1.0000000000000000E+00,  1.0000000000000000E+00,  1.0000000000000000E+00,  7.3715081000000002E-02,  7.0717100000000004E-04,0
2042,  3.8750000000000001E-01,25,  4.3750000000000000E-01,  8.1250000000000000E-01,2,  3.1536853672842841E-01,67,2,501,500,1,  8.5620765425777734E-01,  1.0020000000000000E+00,  1.0000000000000000E+00,  9.2338449645335385E-01,  7.2086926999999995E-02,  7.0984599999999998E-04,0
2043,  3.8750000000000001E-01,25,  4.3750000000000000E-01,  8.1250000000000000E-01,3,  3.1536853672842841E-01,67,2,501,500,1,  8.5620765425777734E-01,  1.0020000000000000E+00,  1.0000000000000000E+00,  9.2338449645335385E-01,  6.8290367000000005E-02,  7.2944899999999996E-04,0
2044,  3.8750000000000001E-01,25,  4.3750000000000000E-01,  8.1250000000000000E-01,4,  3.1536853672842841E-01,67,2,501,500,1,  8.5620765425777734E-01,  1.0020000000000000E+00,  1.0000000000000000E+00,  9.2338449645335385E-01,  8.1692180000000003E-02,  7.0584800000000002E-04,0
2045,  3.8750000000000001E-01,25,  4.3750000000000000E-01,  8.1250000000000000E-01,5,  3.1536853672842841E-01,67,2,501,500,1,  8.5620765425777734E-01,  1.0020000000000000E+00,  1.0000000000000000E+00,  9.2338449645335385E-01,  7.6739333000000007E-02,  7.9289499999999995E-04,0
2046,  3.8750000000000001E-01,25,  4.3750000000000000E-01,  1.0000000000000000E+00,1,  3.1536853672842841E-01,67,1,500,500,0,  1.0000000000000000E+00,  1.0000000000000000E+00,  1.0000000000000000E+00,  1.0000000000000000E+00,  7.0491677000000003E-02,  7.4148300000000003E-04,0
2047,  3.8750000000000001E-01,25,  4.3750000000000000E-01,  1.0000000000000000E+00,2,  3.1536853672842841E-01,67,2,501,500,1,  8.5620765425777734E-01,  1.0020000000000000E+00,  1.0000000000000000E+00,  9.2338449645335385E-01,  7.5147572999999995E-02,  7.0851300000000002E-04,0
2048,  3.8750000000000001E-01,25,  4.3750000000000000E-01,  1.0000000000000000E+00,3,  3.1536853672842841E-01,67,2,501,500,1,  8.5620765425777734E-01,  1.0020000000000000E+00,  1.0000000000000000E+00,  9.2338449645335385E-01,  7.6043340000000001E-02,  8.1443700000000000E-04,0
2049,  3.8750000000000001E-01,25,  4.3750000000000000E-01,  1.0000000000000000E+00,4,  3.1536853672842841E-01,67,2,501,500,1,  8.5620765425777734E-01,  1.0020000000000000E+00,  1.0000000000000000E+00,  9.2338449645335385E-01,  7.7014500999999999E-02,  8.2822199999999999E-04,0
2050,  3.8750000000000001E-01,25,  4.3750000000000000E-01,  1.0000000000000000E+00,5,  3.1536853672842841E-01,67,2,501,500,1,  8.5620765425777734E-01,  1.0020000000000000E+00,  1.0000000000000000E+00,  9.2338449645335385E-01,  7.1579921000000005E-02,  7.2793800000000002E-04,0
2051,  3.8750000000000001E-01,25,  6.2500000000000000E-01,  2.5000000000000000E-01,1,  3.1536853672842841E-01,67,1,500,500,0,  1.0000000000000000E+00,  1.0000000000000000E+00,  1.0000000000000000E+00,  1.0000000000000000E+00,  9.0947798999999996E-02,  6.8600300000000003E-04,0
2052,  3.8750000000000001E-01,25,  6.2500000000000000E-01,  2.5000000000000000E-01,2,  3.1536853672842841E-01,67,1,500,500,0,  1.0000000000000000E+00,  1.0000000000000000E+00,  1.0000000000000000E+00,  1.0000000000000000E+00,  1.0153164100000001E-01,  7.1776499999999998E-04,0
2053,  3.8750000000000001E-01,25,  6.2500000000000000E-01,  2.5000000000000000E-01,3,  3.1536853672842841E-01,67,1,500,500,0,  1.0000000000000000E+00,  1.0000000000000000E+00,  1.0000000000000000E+00,  1.0000000000000000E+00,  9.3576844000000006E-02,  1.0320740000000000E-03,0
2054,  3.8750000000000001E-01,25,  6.2500000000000000E-01,  2.5000000000000000E-01,4,  3.1536853672842841E-01,67,1,500,500,0,  1.0000000000000000E+00,  1.0000000000000000E+00,  1.0000000000000000E+00,  1.0000000000000000E+00,  9.5505190000000004E-02,  6.9890700000000002E-04,0
2055,  3.8750000000000001E-01,25,  6.2500000000000000E-01,  2.5000000000000000E-01,5,  3.1536853672842841E-01,67,1,500,500,0,  1.0000000000000000E+00,  1.0000000000000000E+00,  1.0000000000000000E+00,  1.0000000000000000E+00,  9.2640841000000002E-02,  6.8909300000000000E-04,0
2056,  3.8750000000000001E-01,25,  6.2500000000000000E-01,  4.3750000000000000E-01,1,  3.1536853672842841E-01,67,1,500,500,0,  1.0000000000000000E+00,  1.0000000000000000E+00,  1.0000000000000000E+00,  1.0000000000000000E+00,  1.0259201000000000E-01,  7.8881999999999997E-04,0
2057,  3.8750000000000001E-01,25,  6.2500000000000000E-01,  4.3750000000000000E-01,2,  3.1536853672842841E-01,67,1,500,500,0,  1.0000000000000000E+00,  1.0000000000000000E+00,  1.0000000000000000E+00,  1.0000000000000000E+00,  9.0997449999999994E-02,  9.0151000000000001E-04,0
2058,  3.8750000000000001E-01,25,  6.2500000000000000E-01,  4.3750000000000000E-01,3,  3.1536853672842841E-01,67,1,500,500,0,  1.0000000000000000E+00,  1.0000000000000000E+00,  1.0000000000000000E+00,  1.0000000000000000E+00,  9.5549819999999994E-02,  7.5202600000000004E-04,0
2059,  3.8750000000000001E-01,25,  6.2500000000000000E-01,  4.3750000000000000E-01,4,  3.1536853672842841E-01,67,1,500,500,0,  1.0000000000000000E+00,  1.0000000000000000E+00,  1.0000000000000000E+00,  1.0000000000000000E+00,  9.5189019999999999E-02,  7.4379600000000002E-04,0
2060,  3.8750000000000001E-01,25,  6.2500000000000000E-01,  4.3750000000000000E-01,5,  3.1536853672842841E-01,67,1,500,500,0,  1.0000000000000000E+00,  1.0000000000000000E+00,  1.0000000000000000E+00,  1.0000000000000000E+00,  9.3599261000000003E-02,  7.3815299999999996E-04,0
2061,  3.8750000000000001E-01,25,  6.2500000000000000E-01,  6.2500000000000000E-01,1,  3.1536853672842841E-01,67,1,500,500,0,  1.0000000000000000E+00,  1.0000000000000000E+00,  1.0000000000000000E+00,  1.0000000000000000E+00,  9.4728575999999995E-02,  1.1005710000000001E-03,0
2062,  3.8750000000000001E-01,25,  6.2500000000000000E-01,  6.2500000000000000E-01,2,  3.1536853672842841E-01,67,1,500,500,0,  1.0000000000000000E+00,  1.0000000000000000E+00,  1.0000000000000000E+00,  1.0000000000000000E+00,  9.4143814000000006E-02,  8.2499500000000003E-04,0
2063,  3.8750000000000001E-01,25,  6.2500000000000000E-01,  6.2500000000000000E-01,3,  3.1536853672842841E-01,67,1,500,500,0,  1.0000000000000000E+00,  1.0000000000000000E+00,  1.0000000000000000E+00,  1.0000000000000000E+00,  9.8249959999999997E-02,  7.6706799999999998E-04,0
2064,  3.8750000000000001E-01,25,  6.2500000000000000E-01,  6.2500000000000000E-01,4,  3.1536853672842841E-01,67,1,500,500,0,  1.0000000000000000E+00,  1.0000000000000000E+00,  1.0000000000000000E+00,  1.0000000000000000E+00,  9.5993922999999995E-02,  7.6380899999999995E-04,0
2065,  3.8750000000000001E-01,25,  6.2500000000000000E-01,  6.2500000000000000E-01,5,  3.1536853672842841E-01,67,1,500,500,0,  1.0000000000000000E+00,  1.0000000000000000E+00,  1.0000000000000000E+00,  1.0000000000000000E+00,  9.0591362999999994E-02,  6.9638299999999996E-04,0
2066,  3.8750000000000001E-01,25,  6.2500000000000000E-01,  8.1250000000000000E-01,1,  3.1536853672842841E-01,67,1,500,500,0,  1.0000000000000000E+00,  1.0000000000000000E+00,  1.0000000000000000E+00,  1.0000000000000000E+00,  9.7327806000000003E-02,  6.9360199999999998E-04,0
2067,  3.8750000000000001E-01,25,  6.2500000000000000E-01,  8.1250000000000000E-01,2,  3.1536853672842841E-01,67,1,500,500,0,  1.0000000000000000E+00,  1.0000000000000000E+00,  1.0000000000000000E+00,  1.0000000000000000E+00,  1.0038233500000000E-01,  9.9441799999999995E-04,0
2068,  3.8750000000000001E-01,25,  6.2500000000000000E-01,  8.1250000000000000E-01,3,  3.1536853672842841E-01,67,1,500,500,0,  1.0000000000000000E+00,  1.0000000000000000E+00,  1.0000000000000000E+00,  1.0000000000000000E+00,  9.1624916000000001E-02,  6.8674399999999998E-04,0
2069,  3.8750000000000001E-01,25,  6.2500000000000000E-01,  8.1250000000000000E-01,4,  3.1536853672842841E-01,67,1,500,500,0,  1.0000000000000000E+00,  1.0000000000000000E+00,  1.0000000000000000E+00,  1.0000000000000000E+00,  9.5932918000000006E-02,  7.2238599999999999E-04,0
2070,  3.8750000000000001E-01,25,  6.2500000000000000E-01,  8.1250000000000000E-01,5,  3.1536853672842841E-01,67,1,500,500,0,  1.0000000000000000E+00,  1.0000000000000000E+00,  1.0000000000000000E+00,  1.0000000000000000E+00,  9.5528099000000005E-02,  1.0794019999999999E-03,0
2071,  3.8750000000000001E-01,25,  6.2500000000000000E-01,  1.0000000000000000E+00,1,  3.1536853672842841E-01,67,1,500,500,0,  1.0000000000000000E+00,  1.0000000000000000E+00,  1.0000000000000000E+00,  1.0000000000000000E+00,  9.3759622000000001E-02,  9.0497400000000001E-04,0
2072,  3.8750000000000001E-01,25,  6.2500000000000000E-01,  1.0000000000000000E+00,2,  3.1536853672842841E-01,67,1,500,500,0,  1.0000000000000000E+00,  1.0000000000000000E+00,  1.0000000000000000E+00,  1.0000000000000000E+00,  9.5852904000000003E-02,  7.1794600000000001E-04,0
2073,  3.8750000000000001E-01,25,  6.2500000000000000E-01,  1.0000000000000000E+00,3,  3.1536853672842841E-01,67,1,500,500,0,  1.0000000000000000E+00,  1.0000000000000000E+00,  1.0000000000000000E+00,  1.0000000000000000E+00,  9.5722776999999995E-02,  1.0379079999999999E-03,0
2074,  3.8750000000000001E-01,25,  6.2500000000000000E-01,  1.0000000000000000E+00,4,  3.1536853672842841E-01,67,1,500,500,0,  1.0000000000000000E+00,  1.0000000000000000E+00,  1.0000000000000000E+00,  1.0000000000000000E+00,  9.3674043999999998E-02,  1.1705070000000001E-03,0
2075,  3.8750000000000001E-01,25,  6.2500000000000000E-01,  1.0000000000000000E+00,5,  3.1536853672842841E-01,67,1,500,500,0,  1.0000000000000000E+00,  1.0000000000000000E+00,  1.0000000000000000E+00,  1.0000000000000000E+00,  9.9187038000000005E-02,  6.9297800000000002E-04,0
2076,  3.8750000000000001E-01,25,  8.1250000000000000E-01,  2.5000000000000000E-01,1,  3.1536853672842841E-01,67,1,500,500,0,  1.0000000000000000E+00,  1.0000000000000000E+00,  1.0000000000000000E+00,  1.0000000000000000E+00,  1.0556654400000000E-01,  7.2830300000000002E-04,0
2077,  3.8750000000000001E-01,25,  8.1250000000000000E-01,  2.5000000000000000E-01,2,  3.1536853672842841E-01,67,1,500,500,0,  1.0000000000000000E+00,  1.0000000000000000E+00,  1.0000000000000000E+00,  1.0000000000000000E+00,  1.0272732300000000E-01,  7.8075599999999996E-04,0
2078,  3.8750000000000001E-01,25,  8.1250000000000000E-01,  2.5000000000000000E-01,3,  3.1536853672842841E-01,67,1,500,500,0,  1.0000000000000000E+00,  1.0000000000000000E+00,  1.0000000000000000E+00,  1.0000000000000000E+00,  1.0190022500000000E-01,  7.4314800000000001E-04,0
2079,  3.8750000000000001E-01,25,  8.1250000000000000E-01,  2.5000000000000000E-01,4,  3.1536853672842841E-01,67,1,500,500,0,  1.0000000000000000E+00,  1.0000000000000000E+00,  1.0000000000000000E+00,  1.0000000000000000E+00,  1.0195666700000000E-01,  7.1966800000000002E-04,0
2080,  3.8750000000000001E-01,25,  8.1250000000000000E-01,  2.5000000000000000E-01,5,  3.1536853672842841E-01,67,1,500,500,0,  1.0000000000000000E+00,  1.0000000000000000E+00,  1.0000000000000000E+00,  1.0000000000000000E+00,  1.1410403800000000E-01,  6.9447400000000005E-04,0
2081,  3.8750000000000001E-01,25,  8.1250000000000000E-01,  4.3750000000000000E-01,1,  3.1536853672842841E-01,67,1,500,500,0,  1.0000000000000000E+00,  1.0000000000000000E+00,  1.0000000000000000E+00,  1.0000000000000000E+00,  1.1804218800000001E-01,  7.3554800000000004E-04,0
2082,  3.8750000000000001E-01,25,  8.1250000000000000E-01,  4.3750000000000000E-01,2,  3.1536853672842841E-01,67,1,500,500,0,  1.0000000000000000E+00,  1.0000000000000000E+00,  1.0000000000000000E+00,  1.0000000000000000E+00,  1.0884489700000000E-01,  8.7136400000000001E-04,0
2083,  3.8750000000000001E-01,25,  8.1250000000000000E-01,  4.3750000000000000E-01,3,  3.1536853672842841E-01,67,1,500,500,0,  1.0000000000000000E+00,  1.0000000000000000E+00,  1.0000000000000000E+00,  1.0000000000000000E+00,  1.0239326400000000E-01,  6.8327700000000004E-04,0
2084,  3.8750000000000001E-01,25,  8.1250000000000000E-01,  4.3750000000000000E-01,4,  3.1536853672842841E-01,67,1,500,500,0,  1.0000000000000000E+00,  1.0000000000000000E+00,  1.0000000000000000E+00,  1.0000000000000000E+00,  9.9625923000000005E-02,  1.1416029999999999E-03,0
2085,  3.8750000000000001E-01,25,  8.1250000000000000E-01,  4.3750000000000000E-01,5,  3.1536853672842841E-01,67,1,500,500,0,  1.0000000000000000E+00,  1.0000000000000000E+00,  1.0000000000000000E+00,  1.0000000000000000E+00,  1.0944832300000000E-01,  7.1673300000000000E-04,0
2086,  3.8750000000000001E-01,25,  8.1250000000000000E-01,  6.2500000000000000E-01,1,  3.1536853672842841E-01,67,1,500,500,0,  1.0000000000000000E+00,  1.0000000000000000E+00,  1.0000000000000000E+00,  1.0000000000000000E+00,  1.0105519700000000E-01,  6.7821500000000002E-04,0
2087,  3.8750000000000001E-01,25,  8.1250000000000000E-01,  6.2500000000000000E-01,2,  3.1536853672842841E-01,67,1,500,500,0,  1.0000000000000000E+00,  1.0000000000000000E+00,  1.0000000000000000E+00,  1.0000000000000000E+00,  9.8599447000000007E-02,  6.7145699999999998E-04,0
2088,  3.8750000000000001E-01,25,  8.1250000000000000E-01,  6.2500000000000000E-01,3,  3.1536853672842841E-01,67,1,500,500,0,  1.0000000000000000E+00,  1.0000000000000000E+00,  1.0000000000000000E+00,  1.0000000000000000E+00,  1.0634820400000000E-01,  7.2264900000000001E-04,0
2089,  3.8750000000000001E-01,25,  8.1250000000000000E-01,  6.2500000000000000E-01,4,  3.1536853672842841E-01,67,1,500,500,0,  1.0000000000000000E+00,  1.0000000000000000E+00,  1.0000000000000000E+00,  1.0000000000000000E+00,  1.0527207600000001E-01,  6.9267999999999999E-04,0
2090,  3.8750000000000001E-01,25,  8.1250000000000000E-01,  6.2500000000000000E-01,5,  3.1536853672842841E-01,67,1,500,500,0,  1.0000000000000000E+00,  1.0000000000000000E+00,  1.0000000000000000E+00,  1.0000000000000000E+00,  1.0326850100000000E-01,  7.0791300000000001E-04,0
2091,  3.8750000000000001E-01,25,  8.1250000000000000E-01,  8.1250000000000000E-01,1,  3.1536853672842841E-01,67,1,500,500,0,  1.0000000000000000E+00,  1.0000000000000000E+00,  1.0000000000000000E+00,  1.0000000000000000E+00,  9.9618822999999995E-02,  6.8291100000000002E-04,0
2092,  3.8750000000000001E-01,25,  8.1250000000000000E-01,  8.1250000000000000E-01,2,  3.1536853672842841E-01,67,1,500,500,0,  1.0000000000000000E+00,  1.0000000000000000E+00,  1.0000000000000000E+00,  1.0000000000000000E+00,  1.0154058700000000E-01,  1.0297980000000000E-03,0
2093,  3.8750000000000001E-01,25,  8.1250000000000000E-01,  8.1250000000000000E-01,3,  3.1536853672842841E-01,67,1,500,500,0,  1.0000000000000000E+00,  1.0000000000000000E+00,  1.0000000000000000E+00,  1.0000000000000000E+00,  1.0567086400000000E-01,  6.9304100000000003E-04,0
2094,  3.8750000000000001E-01,25,  8.1250000000000000E-01,  8.1250000000000000E-01,4,  3.1536853672842841E-01,67,1,500,500,0,  1.0000000000000000E+00,  1.0000000000000000E+00,  1.0000000000000000E+00,  1.0000000000000000E+00,  1.0398345200000000E-01,  6.9490299999999997E-04,0
2095,  3.8750000000000001E-01,25,  8.1250000000000000E-01,  8.1250000000000000E-01,5,  3.1536853672842841E-01,67,1,500,500,0,  1.0000000000000000E+00,  1.0000000000000000E+00,  1.0000000000000000E+00,  1.0000000000000000E+00,  1.0766012500000000E-01,  7.1803899999999996E-04,0
2096,  3.8750000000000001E-01,25,  8.1250000000000000E-01,  1.0000000000000000E+00,1,  3.1536853672842841E-01,67,1,500,500,0,  1.0000000000000000E+00,  1.0000000000000000E+00,  1.0000000000000000E+00,  1.0000000000000000E+00,  1.0126542099999999E-01,  6.8550100000000004E-04,0
2097,  3.8750000000000001E-01,25,  8.1250000000000000E-01,  1.0000000000000000E+00,2,  3.1536853672842841E-01,67,1,500,500,0,  1.0000000000000000E+00,  1.0000000000000000E+00,  1.0000000000000000E+00,  1.0000000000000000E+00,  1.0101045000000000E-01,  6.7197600000000002E-04,0
2098,  3.8750000000000001E-01,25,  8.1250000000000000E-01,  1.0000000000000000E+00,3,  3.1536853672842841E-01,67,1,500,500,0,  1.0000000000000000E+00,  1.0000000000000000E+00,  1.0000000000000000E+00,  1.0000000000000000E+00,  1.0534652000000000E-01,  7.0419000000000005E-04,0
2099,  3.8750000000000001E-01,25,  8.1250000000000000E-01,  1.0000000000000000E+00,4,  3.1536853672842841E-01,67,1,500,500,0,  1.0000000000000000E+00,  1.0000000000000000E+00,  1.0000000000000000E+00,  1.0000000000000000E+00,  1.0243992800000000E-01,  6.7634499999999996E-04,0
2100,  3.8750000000000001E-01,25,  8.1250000000000000E-01,  1.0000000000000000E+00,5,  3.1536853672842841E-01,67,1,500,500,0,  1.0000000000000000E+00,  1.0000000000000000E+00,  1.0000000000000000E+00,  1.0000000000000000E+00,  1.1136214400000000E-01,  7.1433800000000002E-04,0
2101,  3.8750000000000001E-01,25,  1.0000000000000000E+00,  2.5000000000000000E-01,1,  3.1536853672842841E-01,67,1,500,500,0,  1.0000000000000000E+00,  1.0000000000000000E+00,  1.0000000000000000E+00,  1.0000000000000000E+00,  1.1271798199999999E-01,  6.9914300000000005E-04,0
2102,  3.8750000000000001E-01,25,  1.0000000000000000E+00,  2.5000000000000000E-01,2,  3.1536853672842841E-01,67,1,500,500,0,  1.0000000000000000E+00,  1.0000000000000000E+00,  1.0000000000000000E+00,  1.0000000000000000E+00,  1.0926679600000000E-01,  6.7313599999999996E-04,0
2103,  3.8750000000000001E-01,25,  1.0000000000000000E+00,  2.5000000000000000E-01,3,  3.1536853672842841E-01,67,1,500,500,0,  1.0000000000000000E+00,  1.0000000000000000E+00,  1.0000000000000000E+00,  1.0000000000000000E+00,  1.2040975600000001E-01,  6.8343199999999998E-04,0
2104,  3.8750000000000001E-01,25,  1.0000000000000000E+00,  2.5000000000000000E-01,4,  3.1536853672842841E-01,67,1,500,500,0,  1.0000000000000000E+00,  1.0000000000000000E+00,  1.0000000000000000E+00,  1.0000000000000000E+00,  1.1945333299999999E-01,  7.1966800000000002E-04,0
2105,  3.8750000000000001E-01,25,  1.0000000000000000E+00,  2.5000000000000000E-01,5,  3.1536853672842841E-01,67,1,500,500,0,  1.0000000000000000E+00,  1.0000000000000000E+00,  1.0000000000000000E+00,  1.0000000000000000E+00,  1.1724934700000000E-01,  7.0328500000000000E-04,0
2106,  3.8750000000000001E-01,25,  1.0000000000000000E+00,  4.3750000000000000E-01,1,  3.1536853672842841E-01,67,1,500,500,0,  1.0000000000000000E+00,  1.0000000000000000E+00,  1.0000000000000000E+00,  1.0000000000000000E+00,  1.1534354700000000E-01,  8.5910600000000000E-04,0
2107,  3.8750000000000001E-01,25,  1.0000000000000000E+00,  4.3750000000000000E-01,2,  3.1536853672842841E-01,67,1,500,500,0,  1.0000000000000000E+00,  1.0000000000000000E+00,  1.0000000000000000E+00,  1.0000000000000000E+00,  1.2387955700000000E-01,  7.6735900000000001E-04,0
2108,  3.8750000000000001E-01,25,  1.0000000000000000E+00,  4.3750000000000000E-01,3,  3.1536853672842841E-01,67,1,500,500,0,  1.0000000000000000E+00,  1.0000000000000000E+00,  1.0000000000000000E+00,  1.0000000000000000E+00,  1.1837369000000000E-01,  7.2515700000000004E-04,0
2109,  3.8750000000000001E-01,25,  1.0000000000000000E+00,  4.3750000000000000E-01,4,  3.1536853672842841E-01,67,1,500,500,0,  1.0000000000000000E+00,  1.0000000000000000E+00,  1.0000000000000000E+00,  1.0000000000000000E+00,  1.2312563100000000E-01,  6.9587499999999999E-04,0
2110,  3.8750000000000001E-01,25,  1.0000000000000000E+00,  4.3750000000000000E-01,5,  3.1536853672842841E-01,67,1,500,500,0,  1.0000000000000000E+00,  1.0000000000000000E+00,  1.0000000000000000E+00,  1.0000000000000000E+00,  1.1935323600000000E-01,  7.8450899999999997E-04,0
2111,  3.8750000000000001E-01,25,  1.0000000000000000E+00,  6.2500000000000000E-01,1,  3.1536853672842841E-01,67,1,500,500,0,  1.0000000000000000E+00,  1.0000000000000000E+00,  1.0000000000000000E+00,  1.0000000000000000E+00,  1.1927072300000000E-01,  7.0311600000000005E-04,0
2112,  3.8750000000000001E-01,25,  1.0000000000000000E+00,  6.2500000000000000E-01,2,  3.1536853672842841E-01,67,1,500,500,0,  1.0000000000000000E+00,  1.0000000000000000E+00,  1.0000000000000000E+00,  1.0000000000000000E+00,  1.1899292800000000E-01,  6.8654000000000002E-04,0
2113,  3.8750000000000001E-01,25,  1.0000000000000000E+00,  6.2500000000000000E-01,3,  3.1536853672842841E-01,67,1,500,500,0,  1.0000000000000000E+00,  1.0000000000000000E+00,  1.0000000000000000E+00,  1.0000000000000000E+00,  1.1776450099999999E-01,  1.0267620000000001E-03,0
2114,  3.8750000000000001E-01,25,  1.0000000000000000E+00,  6.2500000000000000E-01,4,  3.1536853672842841E-01,67,1,500,500,0,  1.0000000000000000E+00,  1.0000000000000000E+00,  1.0000000000000000E+00,  1.0000000000000000E+00,  1.3257444800000001E-01,  8.5561899999999995E-04,0
2115,  3.8750000000000001E-01,25,  1.0000000000000000E+00,  6.2500000000000000E-01,5,  3.1536853672842841E-01,67,1,500,500,0,  1.0000000000000000E+00,  1.0000000000000000E+00,  1.0000000000000000E+00,  1.0000000000000000E+00,  1.2331818899999999E-01,  7.1252299999999995E-04,0
2116,  3.8750000000000001E-01,25,  1.0000000000000000E+00,  8.1250000000000000E-01,1,  3.1536853672842841E-01,67,1,500,500,0,  1.0000000000000000E+00,  1.0000000000000000E+00,  1.0000000000000000E+00,  1.0000000000000000E+00,  1.3063752100000001E-01,  7.5528399999999995E-04,0
2117,  3.8750000000000001E-01,25,  1.0000000000000000E+00,  8.1250000000000000E-01,2,  3.1536853672842841E-01,67,1,500,500,0,  1.0000000000000000E+00,  1.0000000000000000E+00,  1.0000000000000000E+00,  1.0000000000000000E+00,  1.1939857100000000E-01,  9.3483300000000004E-04,0
2118,  3.8750000000000001E-01,25,  1.0000000000000000E+00,  8.1250000000000000E-01,3,  3.1536853672842841E-01,67,1,500,500,0,  1.0000000000000000E+00,  1.0000000000000000E+00,  1.0000000000000000E+00,  1.0000000000000000E+00,  1.1838605100000001E-01,  7.4593700000000001E-04,0
2119,  3.8750000000000001E-01,25,  1.0000000000000000E+00,  8.1250000000000000E-01,4,  3.1536853672842841E-01,67,1,500,500,0,  1.0000000000000000E+00,  1.0000000000000000E+00,  1.0000000000000000E+00,  1.0000000000000000E+00,  1.2792281500000000E-01,  7.2174600000000000E-04,0
2120,  3.8750000000000001E-01,25,  1.0000000000000000E+00,  8.1250000000000000E-01,5,  3.1536853672842841E-01,67,1,500,500,0,  1.0000000000000000E+00,  1.0000000000000000E+00,  1.0000000000000000E+00,  1.0000000000000000E+00,  1.2404143199999999E-01,  7.5839699999999996E-04,0
2121,  3.8750000000000001E-01,25,  1.0000000000000000E+00,  1.0000000000000000E+00,1,  3.1536853672842841E-01,67,1,500,500,0,  1.0000000000000000E+00,  1.0000000000000000E+00,  1.0000000000000000E+00,  1.0000000000000000E+00,  1.1968290900000000E-01,  6.7462200000000005E-04,0
2122,  3.8750000000000001E-01,25,  1.0000000000000000E+00,  1.0000000000000000E+00,2,  3.1536853672842841E-01,67,1,500,500,0,  1.0000000000000000E+00,  1.0000000000000000E+00,  1.0000000000000000E+00,  1.0000000000000000E+00,  1.2938008300000001E-01,  7.5333900000000001E-04,0
2123,  3.8750000000000001E-01,25,  1.0000000000000000E+00,  1.0000000000000000E+00,3,  3.1536853672842841E-01,67,1,500,500,0,  1.0000000000000000E+00,  1.0000000000000000E+00,  1.0000000000000000E+00,  1.0000000000000000E+00,  1.2913279300000000E-01,  7.2984500000000002E-04,0
2124,  3.8750000000000001E-01,25,  1.0000000000000000E+00,  1.0000000000000000E+00,4,  3.1536853672842841E-01,67,1,500,500,0,  1.0000000000000000E+00,  1.0000000000000000E+00,  1.0000000000000000E+00,  1.0000000000000000E+00,  1.1357502700000000E-01,  6.8572600000000000E-04,0
2125,  3.8750000000000001E-01,25,  1.0000000000000000E+00,  1.0000000000000000E+00,5,  3.1536853672842841E-01,67,1,500,500,0,  1.0000000000000000E+00,  1.0000000000000000E+00,  1.0000000000000000E+00,  1.0000000000000000E+00,  1.2530571200000001E-01,  7.1485500000000003E-04,0
2126,  3.8750000000000001E-01,35,  2.5000000000000000E-01,  2.5000000000000000E-01,1,  3.1536853672842841E-01,48,5,488,488,0,  5.4407437500231959E-01,  9.7599999999999998E-01,  9.7599999999999998E-01,  6.9867185281832489E-01,  3.9868775000000002E-02,  6.9110600000000003E-04,0
2127,  3.8750000000000001E-01,35,  2.5000000000000000E-01,  2.5000000000000000E-01,2,  3.1536853672842841E-01,48,8,491,488,3,  4.2080275348900309E-01,  9.8199999999999998E-01,  9.7599999999999998E-01,  5.8914669635261796E-01,  4.6153214999999997E-02,  9.8541699999999993E-04,0
2128,  3.8750000000000001E-01,35,  2.5000000000000000E-01,  2.5000000000000000E-01,3,  3.1536853672842841E-01,48,11,497,488,9,  3.4431072331078755E-01,  9.9399999999999999E-01,  9.7599999999999998E-01,  5.1145799403633030E-01,  3.8862754999999999E-02,  7.1285100000000002E-04,0
2129,  3.8750000000000001E-01,35,  2.5000000000000000E-01,  2.5000000000000000E-01,4,  3.1536853672842841E-01,48,11,497,488,9,  3.4431072331078755E-01,  9.9399999999999999E-01,  9.7599999999999998E-01,  5.1145799403633030E-01,  4.8424886000000000E-02,  6.9897799999999995E-04,0
2130,  3.8750000000000001E-01,35,  2.5000000000000000E-01,  2.5000000000000000E-01,5,  3.1536853672842841E-01,48,11,497,488,9,  3.4431072331078755E-01,  9.9399999999999999E-01,  9.7599999999999998E-01,  5.1145799403633030E-01,  4.0943981999999997E-02,  7.0346400000000000E-04,0
2131,  3.8750000000000001E-01,35,  2.5000000000000000E-01,  4.3750000000000000E-01,1,  3.1536853672842841E-01,48,5,488,488,0,  5.4407437500231959E-01,  9.7599999999999998E-01,  9.7599999999999998E-01,  6.9867185281832489E-01,  3.7564661999999999E-02,  6.5809300000000000E-04,0
2132,  3.8750000000000001E-01,35,  2.5000000000000000E-01,  4.3750000000000000E-01,2,  3.1536853672842841E-01,48,8,491,488,3,  4.2080275348900309E-01,  9.8199999999999998E-01,  9.7599999999999998E-01,  5.8914669635261796E-01,  3.7693346000000003E-02,  7.3463100000000002E-04,0
2133,  3.8750000000000001E-01,35,  2.5000000000000000E-01,  4.3750000000000000E-01,3,  3.1536853672842841E-01,48,11,497,488,9,  3.4431072331078755E-01,  9.9399999999999999E-01,  9.7599999999999998E-01,  5.1145799403633030E-01,  4.1891971000000000E-02,  9.4045999999999995E-04,0
2134,  3.8750000000000001E-01,35,  2.5000000000000000E-01,  4.3750000000000000E-01,4,  3.1536853672842841E-01,48,11,497,488,9,  3.4431072331078755E-01,  9.9399999999999999E-01,  9.7599999999999998E-01,  5.1145799403633030E-01,  4.2233418000000002E-02,  1.1109280000000000E-03,0
2135,  3.8750000000000001E-01,35,  2.5000000000000000E-01,  4.3750000000000000E-01,5,  3.1536853672842841E-01,48,11,497,488,9,  3.4431072331078755E-01,  9.9399999999999999E-01,  9.7599999999999998E-01,  5.1145799403633030E-01,  4.3434158000000000E-02,  7.7642800000000001E-04,0
2136,  3.8750000000000001E-01,35,  2.5000000000000000E-01,  6.2500000000000000E-01,1,  3.1536853672842841E-01,48,5,488,488,0,  5.4407437500231959E-01,  9.7599999999999998E-01,  9.7599999999999998E-01,  6.9867185281832489E-01,  4.0115190000000002E-02,  6.9960699999999998E-04,0
2137,  3.8750000000000001E-01,35,  2.5000000000000000E-01,  6.2500000000000000E-01,2,  3.1536853672842841E-01,48,8,491,488,3,  4.2080275348900309E-01,  9.8199999999999998E-01,  9.7599999999999998E-01,  5.8914669635261796E-01,  4.1914880000000002E-02,  6.9654299999999999E-04,0
2138,  3.8750000000000001E-01,35,  2.5000000000000000E-01,  6.2500000000000000E-01,3,  3.1536853672842841E-01,48,11,497,488,9,  3.4431072331078755E-01,  9.9399999999999999E-01,  9.7599999999999998E-01,  5.1145799403633030E-01,  4.2140788999999998E-02,  7.8053599999999997E-04,0
2139,  3.8750000000000001E-01,35,  2.5000000000000000E-01,  6.2500000000000000E-01,4,  3.1536853672842841E-01,48,11,497,488,9,  3.4431072331078755E-01,  9.9399999999999999E-01,  9.7599999999999998E-01,  5.1145799403633030E-01,  3.8756155000000000E-02,  6.7560999999999999E-04,0
2140,  3.8750000000000001E-01,35,  2.5000000000000000E-01,  6.2500000000000000E-01,5,  3.1536853672842841E-01,48,11,497,488,9,  3.4431072331078755E-01,  9.9399999999999999E-01,  9.7599999999999998E-01,  5.1145799403633030E-01,  3.6634837000000003E-02,  8.1820700000000005E-04,0
2141,  3.8750000000000001E-01,35,  2.5000000000000000E-01,  8.1250000000000000E-01,1,  3.1536853672842841E-01,48,5,488,488,0,  5.4407437500231959E-01,  9.7599999999999998E-01,  9.7599999999999998E-01,  6.9867185281832489E-01,  3.6871202999999998E-02,  6.8546099999999995E-04,0
2142,  3.8750000000000001E-01,35,  2.5000000000000000E-01,  8.1250000000000000E-01,2,  3.1536853672842841E-01,48,8,491,488,3,  4.2080275348900309E-01,  9.8199999999999998E-01,  9.7599999999999998E-01,  5.8914669635261796E-01,  3.7744578000000001E-02,  6.7226899999999997E-04,0
2143,  3.8750000000000001E-01,35,  2.5000000000000000E-01,  8.1250000000000000E-01,3,  3.1536853672842841E-01,48,11,497,488,9,  3.4431072331078755E-01,  9.9399999999999999E-01,  9.7599999999999998E-01,  5.1145799403633030E-01,  3.7760136999999999E-02,  7.2822000000000002E-04,0
2144,  3.8750000000000001E-01,35,  2.5000000000000000E-01,  8.1250000000000000E-01,4,  3.1536853672842841E-01,48,11,497,488,9,  3.4431072331078755E-01,  9.9399999999999999E-01,  9.7599999999999998E-01,  5.1145799403633030E-01,  3.8616761999999999E-02,  6.8508000000000002E-04,0
2145,  3.8750000000000001E-01,35,  2.5000000000000000E-01,  8.1250000000000000E-01,5,  3.1536853672842841E-01,48,11,497,488,9,  3.4431072331078755E-01,  9.9399999999999999E-01,  9.7599999999999998E-01,  5.1145799403633030E-01,  3.7124833000000003E-02,  6.8362399999999997E-04,0
2146,  3.8750000000000001E-01,35,  2.5000000000000000E-01,  1.0000000000000000E+00,1,  3.1536853672842841E-01,48,5,488,488,0,  5.4407437500231959E-01,  9.7599999999999998E-01,  9.7599999999999998E-01,  6.9867185281832489E-01,  3.9415980000000003E-02,  8.7379999999999999E-04,0
2147,  3.8750000000000001E-01,35,  2.5000000000000000E-01,  1.0000000000000000E+00,2,  3.1536853672842841E-01,48,8,491,488,3,  4.2080275348900309E-01,  9.8199999999999998E-01,  9.7599999999999998E-01,  5.8914669635261796E-01,  3.8462931999999998E-02,  7.0529800000000004E-04,0
2148,  3.8750000000000001E-01,35,  2.5000000000000000E-01,  1.0000000000000000E+00,3,  3.1536853672842841E-01,48,11,497,488,9,  3.4431072331078755E-01,  9.9399999999999999E-01,  9.7599999999999998E-01,  5.1145799403633030E-01,  3.8414123000000001E-02,  6.9695900000000003E-04,0
2149,  3.8750000000000001E-01,35,  2.5000000000000000E-01,  1.0000000000000000E+00,4,  3.1536853672842841E-01,48,11,497,488,9,  3.4431072331078755E-01,  9.9399999999999999E-01,  9.7599999999999998E-01,  5.1145799403633030E-01,  3.6620104000000001E-02,  6.8793800000000003E-04,0
2150,  3.8750000000000001E-01,35,  2.5000000000000000E-01,  1.0000000000000000E+00,5,  3.1536853672842841E-01,48,11,497,488,9,  3.4431072331078755E-01,  9.9399999999999999E-01,  9.7599999999999998E-01,  5.1145799403633030E-01,  3.5681575000000000E-02,  6.7685900000000003E-04,0
2151,  3.8750000000000001E-01,35,  4.3750000000000000E-01,  2.5000000000000000E-01,1,  3.1536853672842841E-01,48,1,500,500,0,  1.0000000000000000E+00,  1.0000000000000000E+00,  1.0000000000000000E+00,  1.0000000000000000E+00,  4.8115652000000002E-02,  7.1955700000000001E-04,0
2152,  3.8750000000000001E-01,35,  4.3750000000000000E-01,  2.5000000000000000E-01,2,  3.1536853672842841E-01,48,2,501,500,1,  9.5492500301331362E-01,  1.0020000000000000E+00,  1.0000000000000000E+00,  9.7789629295551550E-01,  4.7941383999999997E-02,  6.8334899999999998E-04,0
2153,  3.8750000000000001E-01,35,  4.3750000000000000E-01,  2.5000000000000000E-01,3,  3.1536853672842841E-01,48,3,503,500,3,  8.9098574009465825E-01,  1.0060000000000000E+00,  1.0000000000000000E+00,  9.4500621231923421E-01,  4.7860646000000000E-02,  6.8451999999999999E-04,0
2154,  3.8750000000000001E-01,35,  4.3750000000000000E-01,  2.5000000000000000E-01,4,  3.1536853672842841E-01,48,4,506,500,6,  7.2296175004709839E-01,  1.0120000000000000E+00,  1.0000000000000000E+00,  8.4340452004524258E-01,  4.8872006000000003E-02,  6.9817800000000004E-04,0
2155,  3.8750000000000001E-01,35,  4.3750000000000000E-01,  2.5000000000000000E-01,5,  3.1536853672842841E-01,48,4,506,500,6,  7.2296175004709839E-01,  1.0120000000000000E+00,  1.0000000000000000E+00,  8.4340452004524258E-01,  5.0320713000000003E-02,  8.3656900000000001E-04,0
2156,  3.8750000000000001E-01,35,  4.3750000000000000E-01,  4.3750000000000000E-01,1,  3.1536853672842841E-01,48,1,500,500,0,  1.0000000000000000E+00,  1.0000000000000000E+00,  1.0000000000000000E+00,  1.0000000000000000E+00,  4.8536151999999999E-02,  6.8103499999999997E-04,0
2157,  3.8750000000000001E-01,35,  4.3750000000000000E-01,  4.3750000000000000E-01,2,  3.1536853672842841E-01,48,2,501,500,1,  9.5492500301331362E-01,  1.0020000000000000E+00,  1.0000000000000000E+00,  9.7789629295551550E-01,  5.1215641999999999E-02,  8.0479900000000003E-04,0
2158,  3.8750000000000001E-01,35,  4.3750000000000000E-01,  4.3750000000000000E-01,3,  3.1536853672842841E-01,48,3,503,500,3,  8.9098574009465825E-01,  1.0060000000000000E+00,  1.0000000000000000E+00,  9.4500621231923421E-01,  5.4985013999999999E-02,  7.2158800000000000E-04,0
2159,  3.8750000000000001E-01,35,  4.3750000000000000E-01,  4.3750000000000000E-01,4,  3.1536853672842841E-01,48,4,506,500,6,  7.2296175004709839E-01,  1.0120000000000000E+00,  1.0000000000000000E+00,  8.4340452004524258E-01,  5.0184636999999997E-02,  6.8896599999999995E-04,0
2160,  3.8750000000000001E-01,35,  4.3750000000000000E-01,  4.3750000000000000E-01,5,  3.1536853672842841E-01,48,4,506,500,6,  7.2296175004709839E-01,  1.0120000000000000E+00,  1.0000000000000000E+00,  8.4340452004524258E-01,  4.9531316999999998E-02,  8.1786300000000005E-04,0
2161,  3.8750000000000001E-01,35,  4.3750000000000000E-01,  6.2500000000000000E-01,1,  3.1536853672842841E-01,48,1,500,500,0,  1.0000000000000000E+00,  1.0000000000000000E+00,  1.0000000000000000E+00,  1.0000000000000000E+00,  5.5279353000000003E-02,  8.2856900000000003E-04,0
2162,  3.8750000000000001E-01,35,  4.3750000000000000E-01,  6.2500000000000000E-01,2,  3.1536853672842841E-01,48,2,501,500,1,  9.5492500301331362E-01,  1.0020000000000000E+00,  1.0000000000000000E+00,  9.7789629295551550E-01,  7.3552457000000002E-02,  1.0599509999999999E-03,0
2163,  3.8750000000000001E-01,35,  4.3750000000000000E-01,  6.2500000000000000E-01,3,  3.1536853672842841E-01,48,3,503,500,3,  8.9098574009465825E-01,  1.0060000000000000E+00,  1.0000000000000000E+00,  9.4500621231923421E-01,  5.6614808000000003E-02,  7.4215499999999998E-04,0
2164,  3.8750000000000001E-01,35,  4.3750000000000000E-01,  6.2500000000000000E-01,4,  3.1536853672842841E-01,48,4,506,500,6,  7.2296175004709839E-01,  1.0120000000000000E+00,  1.0000000000000000E+00,  8.4340452004524258E-01,  5.6680111999999998E-02,  7.1014199999999998E-04,0
2165,  3.8750000000000001E-01,35,  4.3750000000000000E-01,  6.2500000000000000E-01,5,  3.1536853672842841E-01,48,4,506,500,6,  7.2296175004709839E-01,  1.0120000000000000E+00,  1.0000000000000000E+00,  8.4340452004524258E-01,  5.6073247000000000E-02,  9.7421900000000002E-04,0
2166,  3.8750000000000001E-01,35,  4.3750000000000000E-01,  8.1250000000000000E-01,1,  3.1536853672842841E-01,48,1,500,500,0,  1.0000000000000000E+00,  1.0000000000000000E+00,  1.0000000000000000E+00,  1.0000000000000000E+00,  5.4575024000000000E-02,  7.4289699999999996E-04,0
2167,  3.8750000000000001E-01,35,  4.3750000000000000E-01,  8.1250000000000000E-01,2,  3.1536853672842841E-01,48,2,501,500,1,  9.5492500301331362E-01,  1.0020000000000000E+00,  1.0000000000000000E+00,  9.7789629295551550E-01,  5.2811676000000002E-02,  7.3134299999999997E-04,0
2168,  3.8750000000000001E-01,35,  4.3750000000000000E-01,  8.1250000000000000E-01,3,  3.1536853672842841E-01,48,3,503,500,3,  8.9098574009465825E-01,  1.0060000000000000E+00,  1.0000000000000000E+00,  9.4500621231923421E-01,  5.4792400999999998E-02,  7.3731399999999998E-04,0
2169,  3.8750000000000001E-01,35,  4.3750000000000000E-01,  8.1250000000000000E-01,4,  3.1536853672842841E-01,48,4,506,500,6,  7.2296175004709839E-01,  1.0120000000000000E+00,  1.0000000000000000E+00,  8.4340452004524258E-01,  5.1139667999999999E-02,  7.4425000000000001E-04,0
2170,  3.8750000000000001E-01,35,  4.3750000000000000E-01,  8.1250000000000000E-01,5,  3.1536853672842841E-01,48,4,506,500,6,  7.2296175004709839E-01,  1.0120000000000000E+00,  1.0000000000000000E+00,  8.4340452004524258E-01,  5.1386344000000000E-02,  7.2210000000000004E-04,0
2171,  3.8750000000000001E-01,35,  4.3750000000000000E-01,  1.0000000000000000E+00,1,  3.1536853672842841E-01,48,1,500,500,0,  1.0000000000000000E+00,  1.0000000000000000E+00,  1.0000000000000000E+00,  1.0000000000000000E+00,  5.0755162000000000E-02,  7.2447099999999997E-04,0
2172,  3.8750000000000001E-01,35,  4.3750000000000000E-01,  1.0000000000000000E+00,2,  3.1536853672842841E-01,48,2,501,500,1,  9.5492500301331362E-01,  1.0020000000000000E+00,  1.0000000000000000E+00,  9.7789629295551550E-01,  5.1129827000000003E-02,  8.0227399999999996E-04,0
2173,  3.8750000000000001E-01,35,  4.3750000000000000E-01,  1.0000000000000000E+00,3,  3.1536853672842841E-01,48,3,503,500,3,  8.9098574009465825E-01,  1.0060000000000000E+00,  1.0000000000000000E+00,  9.4500621231923421E-01,  5.1183239999999998E-02,  7.4798599999999996E-04,0
2174,  3.8750000000000001E-01,35,  4.3750000000000000E-01,  1.0000000000000000E+00,4,  3.1536853672842841E-01,48,4,506,500,6,  7.2296175004709839E-01,  1.0120000000000000E+00,  1.0000000000000000E+00,  8.4340452004524258E-01,  5.1662383999999999E-02,  7.3351600000000003E-04,0
2175,  3.8750000000000001E-01,35,  4.3750000000000000E-01,  1.0000000000000000E+00,5,  3.1536853672842841E-01,48,4,506,500,6,  7.2296175004709839E-01,  1.0120000000000000E+00,  1.0000000000000000E+00,  8.4340452004524258E-01,  5.1147729000000003E-02,  7.0881999999999998E-04,0
2176,  3.8750000000000001E-01,35,  6.2500000000000000E-01,  2.5000000000000000E-01,1,  3.1536853672842841E-01,48,1,500,500,0,  1.0000000000000000E+00,  1.0000000000000000E+00,  1.0000000000000000E+00,  1.0000000000000000E+00,  6.6530687000000005E-02,  7.0321999999999995E-04,0
2177,  3.8750000000000001E-01,35,  6.2500000000000000E-01,  2.5000000000000000E-01,2,  3.1536853672842841E-01,48,1,500,500,0,  1.0000000000000000E+00,  1.0000000000000000E+00,  1.0000000000000000E+00,  1.0000000000000000E+00,  6.1664343000000003E-02,  6.9941800000000004E-04,0
2178,  3.8750000000000001E-01,35,  6.2500000000000000E-01,  2.5000000000000000E-01,3,  3.1536853672842841E-01,48,1,500,500,0,  1.0000000000000000E+00,  1.0000000000000000E+00,  1.0000000000000000E+00,  1.0000000000000000E+00,  6.0309403999999997E-02,  6.7562099999999995E-04,0
2179,  3.8750000000000001E-01,35,  6.2500000000000000E-01,  2.5000000000000000E-01,4,  3.1536853672842841E-01,48,1,500,500,0,  1.0000000000000000E+00,  1.0000000000000000E+00,  1.0000000000000000E+00,  1.0000000000000000E+00,  6.0022065999999999E-02,  6.8663500000000000E-04,0
2180,  3.8750000000000001E-01,35,  6.2500000000000000E-01,  2.5000000000000000E-01,5,  3.1536853672842841E-01,48,1,500,500,0,  1.0000000000000000E+00,  1.0000000000000000E+00,  1.0000000000000000E+00,  1.0000000000000000E+00,  6.0801316000000001E-02,  7.2258399999999997E-04,0
2181,  3.8750000000000001E-01,35,  6.2500000000000000E-01,  4.3750000000000000E-01,1,  3.1536853672842841E-01,48,1,500,500,0,  1.0000000000000000E+00,  1.0000000000000000E+00,  1.0000000000000000E+00,  1.0000000000000000E+00,  6.1073403999999998E-02,  6.8510600000000000E-04,0
2182,  3.8750000000000001E-01,35,  6.2500000000000000E-01,  4.3750000000000000E-01,2,  3.1536853672842841E-01,48,1,500,500,0,  1.0000000000000000E+00,  1.0000000000000000E+00,  1.0000000000000000E+00,  1.0000000000000000E+00,  5.8322208000000000E-02,  6.9653700000000000E-04,0
2183,  3.8750000000000001E-01,35,  6.2500000000000000E-01,  4.3750000000000000E-01,3,  3.1536853672842841E-01,48,1,500,500,0,  1.0000000000000000E+00,  1.0000000000000000E+00,  1.0000000000000000E+00,  1.0000000000000000E+00,  6.9712483000000006E-02,  7.5341899999999996E-04,0
2184,  3.8750000000000001E-01,35,  6.2500000000000000E-01,  4.3750000000000000E-01,4,  3.1536853672842841E-01,48,1,500,500,0,  1.0000000000000000E+00,  1.0000000000000000E+00,  1.0000000000000000E+00,  1.0000000000000000E+00,  6.6451182999999997E-02,  7.3458499999999995E-04,0
2185,  3.8750000000000001E-01,35,  6.2500000000000000E-01,  4.3750000000000000E-01,5,  3.1536853672842841E-01,48,1,500,500,0,  1.0000000000000000E+00,  1.0000000000000000E+00,  1.0000000000000000E+00,  1.0000000000000000E+00,  6.3429963000000006E-02,  7.2298200000000005E-04,0
2186,  3.8750000000000001E-01,35,  6.2500000000000000E-01,  6.2500000000000000E-01,1,  3.1536853672842841E-01,48,1,500,500,0,  1.0000000000000000E+00,  1.0000000000000000E+00,  1.0000000000000000E+00,  1.0000000000000000E+00,  6.3243071999999997E-02,  7.0567700000000004E-04,0
2187,  3.8750000000000001E-01,35,  6.2500000000000000E-01,  6.2500000000000000E-01,2,  3.1536853672842841E-01,48,1,500,500,0,  1.0000000000000000E+00,  1.0000000000000000E+00,  1.0000000000000000E+00,  1.0000000000000000E+00,  6.5681662000000002E-02,  7.1791599999999998E-04,0
2188,  3.8750000000000001E-01,35,  6.2500000000000000E-01,  6.2500000000000000E-01,3,  3.1536853672842841E-01,48,1,500,500,0,  1.0000000000000000E+00,  1.0000000000000000E+00,  1.0000000000000000E+00,  1.0000000000000000E+00,  7.0314594999999994E-02,  7.6990299999999995E-04,0
2189,  3.8750000000000001E-01,35,  6.2500000000000000E-01,  6.2500000000000000E-01,4,  3.1536853672842841E-01,48,1,500,500,0,  1.0000000000000000E+00,  1.0000000000000000E+00,  1.0000000000000000E+00,  1.0000000000000000E+00,  6.5641139000000001E-02,  7.1040600000000001E-04,0
2190,  3.8750000000000001E-01,35,  6.2500000000000000E-01,  6.2500000000000000E-01,5,  3.1536853672842841E-01,48,1,500,500,0,  1.0000000000000000E+00,  1.0000000000000000E+00,  1.0000000000000000E+00,  1.0000000000000000E+00,  6.5614574999999994E-02,  7.0859999999999999E-04,0
2191,  3.8750000000000001E-01,35,  6.2500000000000000E-01,  8.1250000000000000E-01,1,  3.1536853672842841E-01,48,1,500,500,0,  1.0000000000000000E+00,  1.0000000000000000E+00,  1.0000000000000000E+00,  1.0000000000000000E+00,  6.0782308000000000E-02,  7.2664500000000005E-04,0
2192,  3.8750000000000001E-01,35,  6.2500000000000000E-01,  8.1250000000000000E-01,2,  3.1536853672842841E-01,48,1,500,500,0,  1.0000000000000000E+00,  1.0000000000000000E+00,  1.0000000000000000E+00,  1.0000000000000000E+00,  6.7006996999999999E-02,  7.3795000000000002E-04,0
2193,  3.8750000000000001E-01,35,  6.2500000000000000E-01,  8.1250000000000000E-01,3,  3.1536853672842841E-01,48,1,500,500,0,  1.0000000000000000E+00,  1.0000000000000000E+00,  1.0000000000000000E+00,  1.0000000000000000E+00,  6.5440214999999996E-02,  6.9510299999999998E-04,0
2194,  3.8750000000000001E-01,35,  6.2500000000000000E-01,  8.1250000000000000E-01,4,  3.1536853672842841E-01,48,1,500,500,0,  1.0000000000000000E+00,  1.0000000000000000E+00,  1.0000000000000000E+00,  1.0000000000000000E+00,  6.0764194000000001E-02,  6.9481299999999996E-04,0
2195,  3.8750000000000001E-01,35,  6.2500000000000000E-01,  8.1250000000000000E-01,5,  3.1536853672842841E-01,48,1,500,500,0,  1.0000000000000000E+00,  1.0000000000000000E+00,  1.0000000000000000E+00,  1.0000000000000000E+00,  6.1475397000000001E-02,  7.7279400000000004E-04,0
2196,  3.8750000000000001E-01,35,  6.2500000000000000E-01,  1.0000000000000000E+00,1,  3.1536853672842841E-01,48,1,500,500,0,  1.0000000000000000E+00,  1.0000000000000000E+00,  1.0000000000000000E+00,  1.0000000000000000E+00,  6.0821918000000003E-02,  6.8705100000000005E-04,0
2197,  3.8750000000000001E-01,35,  6.2500000000000000E-01,  1.0000000000000000E+00,2,  3.1536853672842841E-01,48,1,500,500,0,  1.0000000000000000E+00,  1.0000000000000000E+00,  1.0000000000000000E+00,  1.0000000000000000E+00,  6.0212370000000001E-02,  6.8286099999999999E-04,0
2198,  3.8750000000000001E-01,35,  6.2500000000000000E-01,  1.0000000000000000E+00,3,  3.1536853672842841E-01,48,1,500,500,0,  1.0000000000000000E+00,  1.0000000000000000E+00,  1.0000000000000000E+00,  1.0000000000000000E+00,  6.1539756000000001E-02,  7.0732900000000003E-04,0
2199,  3.8750000000000001E-01,35,  6.2500000000000000E-01,  1.0000000000000000E+00,4,  3.1536853672842841E-01,48,1,500,500,0,  1.0000000000000000E+00,  1.0000000000000000E+00,  1.0000000000000000E+00,  1.0000000000000000E+00,  6.5995303000000005E-02,  6.9400699999999996E-04,0
2200,  3.8750000000000001E-01,35,  6.2500000000000000E-01,  1.0000000000000000E+00,5,  3.1536853672842841E-01,48,1,500,500,0,  1.0000000000000000E+00,  1.0000000000000000E+00,  1.0000000000000000E+00,  1.0000000000000000E+00,  6.0603470000000000E-02,  6.8383900000000000E-04,0
2201,  3.8750000000000001E-01,35,  8.1250000000000000E-01,  2.5000000000000000E-01,1,  3.1536853672842841E-01,48,1,500,500,0,  1.0000000000000000E+00,  1.0000000000000000E+00,  1.0000000000000000E+00,  1.0000000000000000E+00,  7.3923581000000002E-02,  6.9606099999999999E-04,0
2202,  3.8750000000000001E-01,35,  8.1250000000000000E-01,  2.5000000000000000E-01,2,  3.1536853672842841E-01,48,1,500,500,0,  1.0000000000000000E+00,  1.0000000000000000E+00,  1.0000000000000000E+00,  1.0000000000000000E+00,  7.2807340999999998E-02,  6.8747600000000002E-04,0
2203,  3.8750000000000001E-01,35,  8.1250000000000000E-01,  2.5000000000000000E-01,3,  3.1536853672842841E-01,48,1,500,500,0,  1.0000000000000000E+00,  1.0000000000000000E+00,  1.0000000000000000E+00,  1.0000000000000000E+00,  7.2961350999999994E-02,  6.8000099999999996E-04,0
2204,  3.8750000000000001E-01,35,  8.1250000000000000E-01,  2.5000000000000000E-01,4,  3.1536853672842841E-01,48,1,500,500,0,  1.0000000000000000E+00,  1.0000000000000000E+00,  1.0000000000000000E+00,  1.0000000000000000E+00,  7.1001839999999997E-02,  7.0799800000000005E-04,0
2205,  3.8750000000000001E-01,35,  8.1250000000000000E-01,  2.5000000000000000E-01,5,  3.1536853672842841E-01,48,1,500,500,0,  1.0000000000000000E+00,  1.0000000000000000E+00,  1.0000000000000000E+00,  1.0000000000000000E+00,  7.2961051999999998E-02,  7.2120099999999998E-04,0
2206,  3.8750000000000001E-01,35,  8.1250000000000000E-01,  4.3750000000000000E-01,1,  3.1536853672842841E-01,48,1,500,500,0,  1.0000000000000000E+00,  1.0000000000000000E+00,  1.0000000000000000E+00,  1.0000000000000000E+00,  7.3440649999999996E-02,  6.7732000000000003E-04,0
2207,  3.8750000000000001E-01,35,  8.1250000000000000E-01,  4.3750000000000000E-01,2,  3.1536853672842841E-01,48,1,500,500,0,  1.0000000000000000E+00,  1.0000000000000000E+00,  1.0000000000000000E+00,  1.0000000000000000E+00,  7.2375230999999998E-02,  7.1764300000000001E-04,0
2208,  3.8750000000000001E-01,35,  8.1250000000000000E-01,  4.3750000000000000E-01,3,  3.1536853672842841E-01,48,1,500,500,0,  1.0000000000000000E+00,  1.0000000000000000E+00,  1.0000000000000000E+00,  1.0000000000000000E+00,  7.2337195000000007E-02,  6.9930399999999998E-04,0
2209,  3.8750000000000001E-01,35,  8.1250000000000000E-01,  4.3750000000000000E-01,4,  3.1536853672842841E-01,48,1,500,500,0,  1.0000000000000000E+00,  1.0000000000000000E+00,  1.0000000000000000E+00,  1.0000000000000000E+00,  7.3359961000000001E-02,  7.3094900000000005E-04,0
2210,  3.8750000000000001E-01,35,  8.1250000000000000E-01,  4.3750000000000000E-01,5,  3.1536853672842841E-01,48,1,500,500,0,  1.0000000000000000E+00,  1.0000000000000000E+00,  1.0000000000000000E+00,  1.0000000000000000E+00,  7.1708247000000003E-02,  6.7960600000000003E-04,0
2211,  3.8750000000000001E-01,35,  8.1250000000000000E-01,  6.2500000000000000E-01,1,  3.1536853672842841E-01,48,1,500,500,0,  1.0000000000000000E+00,  1.0000000000000000E+00,  1.0000000000000000E+00,  1.0000000000000000E+00,  7.2232946000000006E-02,  9.3202800000000000E-04,0
2212,  3.8750000000000001E-01,35,  8.1250000000000000E-01,  6.2500000000000000E-01,2,  3.1536853672842841E-01,48,1,500,500,0,  1.0000000000000000E+00,  1.0000000000000000E+00,  1.0000000000000000E+00,  1.0000000000000000E+00,  7.6140996000000002E-02,  1.0467479999999999E-03,0
2213,  3.8750000000000001E-01,35,  8.1250000000000000E-01,  6.2500000000000000E-01,3,  3.1536853672842841E-01,48,1,500,500,0,  1.0000000000000000E+00,  1.0000000000000000E+00,  1.0000000000000000E+00,  1.0000000000000000E+00,  7.5891080000000000E-02,  6.7622400000000001E-04,0
2214,  3.8750000000000001E-01,35,  8.1250000000000000E-01,  6.2500000000000000E-01,4,  3.1536853672842841E-01,48,1,500,500,0,  1.0000000000000000E+00,  1.0000000000000000E+00,  1.0000000000000000E+00,  1.0000000000000000E+00,  7.2322587999999993E-02,  7.2845899999999999E-04,0
2215,  3.8750000000000001E-01,35,  8.1250000000000000E-01,  6.2500000000000000E-01,5,  3.1536853672842841E-01,48,1,500,500,0,  1.0000000000000000E+00,  1.0000000000000000E+00,  1.0000000000000000E+00,  1.0000000000000000E+00,  7.1829456999999999E-02,  7.8244700000000003E-04,0
2216,  3.8750000000000001E-01,35,  8.1250000000000000E-01,  8.1250000000000000E-01,1,  3.1536853672842841E-01,48,1,500,500,0,  1.0000000000000000E+00,  1.0000000000000000E+00,  1.0000000000000000E+00,  1.0000000000000000E+00,  7.2741035999999995E-02,  6.7785299999999996E-04,0
2217,  3.8750000000000001E-01,35,  8.1250000000000000E-01,  8.1250000000000000E-01,2,  3.1536853672842841E-01,48,1,500,500,0,  1.0000000000000000E+00,  1.0000000000000000E+00,  1.0000000000000000E+00,  1.0000000000000000E+00,  7.5383106000000005E-02,  6.7355500000000005E-04,0
2218,  3.8750000000000001E-01,35,  8.1250000000000000E-01,  8.1250000000000000E-01,3,  3.1536853672842841E-01,48,1,500,500,0,  1.0000000000000000E+00,  1.0000000000000000E+00,  1.0000000000000000E+00,  1.0000000000000000E+00,  7.1688222999999995E-02,  6.7892099999999997E-04,0
2219,  3.8750000000000001E-01,35,  8.1250000000000000E-01,  8.1250000000000000E-01,4,  3.1536853672842841E-01,48,1,500,500,0,  1.0000000000000000E+00,  1.0000000000000000E+00,  1.0000000000000000E+00,  1.0000000000000000E+00,  7.0740975999999997E-02,  6.7652999999999995E-04,0
2220,  3.8750000000000001E-01,35,  8.1250000000000000E-01,  8.1250000000000000E-01,5,  3.1536853672842841E-01,48,1,500,500,0,  1.0000000000000000E+00,  1.0000000000000000E+00,  1.0000000000000000E+00,  1.0000000000000000E+00,  7.1870848000000001E-02,  6.7858500000000000E-04,0
2221,  3.8750000000000001E-01,35,  8.1250000000000000E-01,  1.0000000000000000E+00,1,  3.1536853672842841E-01,48,1,500,500,0,  1.0000000000000000E+00,  1.0000000000000000E+00,  1.0000000000000000E+00,  1.0000000000000000E+00,  7.9805681000000003E-02,  6.9991900000000002E-04,0
2222,  3.8750000000000001E-01,35,  8.1250000000000000E-01,  1.0000000000000000E+00,2,  3.1536853672842841E-01,48,1,500,500,0,  1.0000000000000000E+00,  1.0000000000000000E+00,  1.0000000000000000E+00,  1.0000000000000000E+00,  7.6481486000000001E-02,  7.5118199999999998E-04,0
2223,  3.8750000000000001E-01,35,  8.1250000000000000E-01,  1.0000000000000000E+00,3,  3.1536853672842841E-01,48,1,500,500,0,  1.0000000000000000E+00,  1.0000000000000000E+00,  1.0000000000000000E+00,  1.0000000000000000E+00,  8.7914680999999995E-02,  7.6757300000000002E-04,0
2224,  3.8750000000000001E-01,35,  8.1250000000000000E-01,  1.0000000000000000E+00,4,  3.1536853672842841E-01,48,1,500,500,0,  1.0000000000000000E+00,  1.0000000000000000E+00,  1.0000000000000000E+00,  1.0000000000000000E+00,  7.9562941999999998E-02,  1.0324480000000000E-03,0
2225,  3.8750000000000001E-01,35,  8.1250000000000000E-01,  1.0000000000000000E+00,5,  3.1536853672842841E-01,48,1,500,500,0,  1.0000000000000000E+00,  1.0000000000000000E+00,  1.0000000000000000E+00,  1.0000000000000000E+00,  7.8192758000000001E-02,  6.8406599999999999E-04,0
2226,  3.8750000000000001E-01,35,  1.0000000000000000E+00,  2.5000000000000000E-01,1,  3.1536853672842841E-01,48,1,500,500,0,  1.0000000000000000E+00,  1.0000000000000000E+00,  1.0000000000000000E+00,  1.0000000000000000E+00,  7.9529081000000001E-02,  7.0301599999999999E-04,0
2227,  3.8750000000000001E-01,35,  1.0000000000000000E+00,  2.5000000000000000E-01,2,  3.1536853672842841E-01,48,1,500,500,0,  1.0000000000000000E+00,  1.0000000000000000E+00,  1.0000000000000000E+00,  1.0000000000000000E+00,  8.4606822999999998E-02,  7.0419400000000000E-04,0
2228,  3.8750000000000001E-01,35,  1.0000000000000000E+00,  2.5000000000000000E-01,3,  3.1536853672842841E-01,48,1,500,500,0,  1.0000000000000000E+00,  1.0000000000000000E+00,  1.0000000000000000E+00,  1.0000000000000000E+00,  8.0884516000000004E-02,  7.1000999999999996E-04,0
2229,  3.8750000000000001E-01,35,  1.0000000000000000E+00,  2.5000000000000000E-01,4,  3.1536853672842841E-01,48,1,500,500,0,  1.0000000000000000E+00,  1.0000000000000000E+00,  1.0000000000000000E+00,  1.0000000000000000E+00,  7.9827174000000001E-02,  6.9418099999999999E-04,0
2230,  3.8750000000000001E-01,35,  1.0000000000000000E+00,  2.5000000000000000E-01,5,  3.1536853672842841E-01,48,1,500,500,0,  1.0000000000000000E+00,  1.0000000000000000E+00,  1.0000000000000000E+00,  1.0000000000000000E+00,  7.8161443999999997E-02,  6.7277299999999999E-04,0
2231,  3.8750000000000001E-01,35,  1.0000000000000000E+00,  4.3750000000000000E-01,1,  3.1536853672842841E-01,48,1,500,500,0,  1.0000000000000000E+00,  1.0000000000000000E+00,  1.0000000000000000E+00,  1.0000000000000000E+00,  8.0734467000000004E-02,  6.8745700000000004E-04,0
2232,  3.8750000000000001E-01,35,  1.0000000000000000E+00,  4.3750000000000000E-01,2,  3.1536853672842841E-01,48,1,500,500,0,  1.0000000000000000E+00,  1.0000000000000000E+00,  1.0000000000000000E+00,  1.0000000000000000E+00,  7.9776140999999995E-02,  7.4970799999999997E-04,0
2233,  3.8750000000000001E-01,35,  1.0000000000000000E+00,  4.3750000000000000E-01,3,  3.1536853672842841E-01,48,1,500,500,0,  1.0000000000000000E+00,  1.0000000000000000E+00,  1.0000000000000000E+00,  1.0000000000000000E+00,  9.1734572000000000E-02,  7.0680500000000002E-04,0
2234,  3.8750000000000001E-01,35,  1.0000000000000000E+00,  4.3750000000000000E-01,4,  3.1536853672842841E-01,48,1,500,500,0,  1.0000000000000000E+00,  1.0000000000000000E+00,  1.0000000000000000E+00,  1.0000000000000000E+00,  8.5237525999999994E-02,  6.7379699999999996E-04,0
2235,  3.8750000000000001E-01,35,  1.0000000000000000E+00,  4.3750000000000000E-01,5,  3.1536853672842841E-01,48,1,500,500,0,  1.0000000000000000E+00,  1.0000000000000000E+00,  1.0000000000000000E+00,  1.0000000000000000E+00,  9.2244012000000000E-02,  8.8489199999999997E-04,0
2236,  3.8750000000000001E-01,35,  1.0000000000000000E+00,  6.2500000000000000E-01,1,  3.1536853672842841E-01,48,1,500,500,0,  1.0000000000000000E+00,  1.0000000000000000E+00,  1.0000000000000000E+00,  1.0000000000000000E+00,  9.0150132999999993E-02,  8.4100899999999998E-04,0
2237,  3.8750000000000001E-01,35,  1.0000000000000000E+00,  6.2500000000000000E-01,2,  3.1536853672842841E-01,48,1,500,500,0,  1.0000000000000000E+00,  1.0000000000000000E+00,  1.0000000000000000E+00,  1.0000000000000000E+00,  8.1750819000000002E-02,  6.9954900000000005E-04,0
2238,  3.8750000000000001E-01,35,  1.0000000000000000E+00,  6.2500000000000000E-01,3,  3.1536853672842841E-01,48,1,500,500,0,  1.0000000000000000E+00,  1.0000000000000000E+00,  1.0000000000000000E+00,  1.0000000000000000E+00,  8.1803196999999994E-02,  7.8182299999999996E-04,0
2239,  3.8750000000000001E-01,35,  1.0000000000000000E+00,  6.2500000000000000E-01,4,  3.1536853672842841E-01,48,1,500,500,0,  1.0000000000000000E+00,  1.0000000000000000E+00,  1.0000000000000000E+00,  1.0000000000000000E+00,  8.2105448999999997E-02,  7.1748600000000004E-04,0
2240,  3.8750000000000001E-01,35,  1.0000000000000000E+00,  6.2500000000000000E-01,5,  3.1536853672842841E-01,48,1,500,500,0,  1.0000000000000000E+00,  1.0000000000000000E+00,  1.0000000000000000E+00,  1.0000000000000000E+00,  8.5513432000000000E-02,  7.0432700000000003E-04,0
2241,  3.8750000000000001E-01,35,  1.0000000000000000E+00,  8.1250000000000000E-01,1,  3.1536853672842841E-01,48,1,500,500,0,  1.0000000000000000E+00,  1.0000000000000000E+00,  1.0000000000000000E+00,  1.0000000000000000E+00,  8.5425197999999994E-02,  7.3353399999999999E-04,0
2242,  3.8750000000000001E-01,35,  1.0000000000000000E+00,  8.1250000000000000E-01,2,  3.1536853672842841E-01,48,1,500,500,0,  1.0000000000000000E+00,  1.0000000000000000E+00,  1.0000000000000000E+00,  1.0000000000000000E+00,  8.3158885000000002E-02,  7.5409800000000003E-04,0
2243,  3.8750000000000001E-01,35,  1.0000000000000000E+00,  8.1250000000000000E-01,3,  3.1536853672842841E-01,48,1,500,500,0,  1.0000000000000000E+00,  1.0000000000000000E+00,  1.0000000000000000E+00,  1.0000000000000000E+00,  7.9765499000000004E-02,  6.8232099999999995E-04,0
2244,  3.8750000000000001E-01,35,  1.0000000000000000E+00,  8.1250000000000000E-01,4,  3.1536853672842841E-01,48,1,500,500,0,  1.0000000000000000E+00,  1.0000000000000000E+00,  1.0000000000000000E+00,  1.0000000000000000E+00,  7.9175427000000007E-02,  6.8618100000000001E-04,0
2245,  3.8750000000000001E-01,35,  1.0000000000000000E+00,  8.1250000000000000E-01,5,  3.1536853672842841E-01,48,1,500,500,0,  1.0000000000000000E+00,  1.0000000000000000E+00,  1.0000000000000000E+00,  1.0000000000000000E+00,  8.9287202999999996E-02,  7.2099200000000005E-04,0
2246,  3.8750000000000001E-01,35,  1.0000000000000000E+00,  1.0000000000000000E+00,1,  3.1536853672842841E-01,48,1,500,500,0,  1.0000000000000000E+00,  1.0000000000000000E+00,  1.0000000000000000E+00,  1.0000000000000000E+00,  8.4435247000000005E-02,  7.0234699999999998E-04,0
2247,  3.8750000000000001E-01,35,  1.0000000000000000E+00,  1.0000000000000000E+00,2,  3.1536853672842841E-01,48,1,500,500,0,  1.0000000000000000E+00,  1.0000000000000000E+00,  1.0000000000000000E+00,  1.0000000000000000E+00,  8.6569067999999999E-02,  7.3905800000000001E-04,0
2248,  3.8750000000000001E-01,35,  1.0000000000000000E+00,  1.0000000000000000E+00,3,  3.1536853672842841E-01,48,1,500,500,0,  1.0000000000000000E+00,  1.0000000000000000E+00,  1.0000000000000000E+00,  1.0000000000000000E+00,  8.2264764000000004E-02,  6.9304000000000002E-04,0
2249,  3.8750000000000001E-01,35,  1.0000000000000000E+00,  1.0000000000000000E+00,4,  3.1536853672842841E-01,48,1,500,500,0,  1.0000000000000000E+00,  1.0000000000000000E+00,  1.0000000000000000E+00,  1.0000000000000000E+00,  8.0484070000000005E-02,  8.1127000000000000E-04,0
2250,  3.8750000000000001E-01,35,  1.0000000000000000E+00,  1.0000000000000000E+00,5,  3.1536853672842841E-01,48,1,500,500,0,  1.0000000000000000E+00,  1.0000000000000000E+00,  1.0000000000000000E+00,  1.0000000000000000E+00,  8.0879223000000000E-02,  8.3326099999999996E-04,0
2251,  3.8750000000000001E-01,45,  2.5000000000000000E-01,  2.5000000000000000E-01,1,  3.1536853672842841E-01,39,7,477,477,0,  4.5426586247368872E-01,  9.5399999999999996E-01,  9.5399999999999996E-01,  6.1546565083763927E-01,  3.4367557000000000E-02,  6.6885100000000004E-04,0
2252,  3.8750000000000001E-01,45,  2.5000000000000000E-01,  2.5000000000000000E-01,2,  3.1536853672842841E-01,39,9,479,477,2,  4.0581558699611880E-01,  9.5799999999999996E-01,  9.5399999999999996E-01,  5.7012302256872238E-01,  3.1417894000000002E-02,  6.8792799999999998E-04,0
2253,  3.8750000000000001E-01,45,  2.5000000000000000E-01,  2.5000000000000000E-01,3,  3.1536853672842841E-01,39,14,489,477,12,  3.1126727709052848E-01,  9.7799999999999998E-01,  9.5399999999999996E-01,  4.7223628863289835E-01,  3.5101510000000002E-02,  8.5146899999999999E-04,0
2254,  3.8750000000000001E-01,45,  2.5000000000000000E-01,  2.5000000000000000E-01,4,  3.1536853672842841E-01,39,14,489,477,12,  3.1126727709052848E-01,  9.7799999999999998E-01,  9.5399999999999996E-01,  4.7223628863289835E-01,  3.0865869000000001E-02,  7.4011599999999997E-04,0
2255,  3.8750000000000001E-01,45,  2.5000000000000000E-01,  2.5000000000000000E-01,5,  3.1536853672842841E-01,39,14,489,477,12,  3.1126727709052848E-01,  9.7799999999999998E-01,  9.5399999999999996E-01,  4.7223628863289835E-01,  3.1255365000000000E-02,  6.6606000000000000E-04,0
2256,  3.8750000000000001E-01,45,  2.5000000000000000E-01,  4.3750000000000000E-01,1,  3.1536853672842841E-01,39,7,477,477,0,  4.5426586247368872E-01,  9.5399999999999996E-01,  9.5399999999999996E-01,  6.1546565083763927E-01,  3.1762121999999997E-02,  6.4662400000000005E-04,0
2257,  3.8750000000000001E-01,45,  2.5000000000000000E-01,  4.3750000000000000E-01,2,  3.1536853672842841E-01,39,9,479,477,2,  4.0581558699611880E-01,  9.5799999999999996E-01,  9.5399999999999996E-01,  5.7012302256872238E-01,  3.4220789000000001E-02,  6.4692700000000005E-04,0
2258,  3.8750000000000001E-01,45,  2.5000000000000000E-01,  4.3750000000000000E-01,3,  3.1536853672842841E-01,39,14,489,477,12,  3.1126727709052848E-01,  9.7799999999999998E-01,  9.5399999999999996E-01,  4.7223628863289835E-01,  3.1305173999999998E-02,  6.7126200000000005E-04,0
2259,  3.8750000000000001E-01,45,  2.5000000000000000E-01,  4.3750000000000000E-01,4,  3.1536853672842841E-01,39,14,489,477,12,  3.1126727709052848E-01,  9.7799999999999998E-01,  9.5399999999999996E-01,  4.7223628863289835E-01,  3.2940496999999999E-02,  7.6639799999999995E-04,0
2260,  3.8750000000000001E-01,45,  2.5000000000000000E-01,  4.3750000000000000E-01,5,  3.1536853672842841E-01,39,14,489,477,12,  3.1126727709052848E-01,  9.7799999999999998E-01,  9.5399999999999996E-01,  4.7223628863289835E-01,  3.2805966999999998E-02,  7.2235099999999998E-04,0
2261,  3.8750000000000001E-01,45,  2.5000000000000000E-01,  6.2500000000000000E-01,1,  3.1536853672842841E-01,39,7,477,477,0,  4.5426586247368872E-01,  9.5399999999999996E-01,  9.5399999999999996E-01,  6.1546565083763927E-01,  3.1837055000000003E-02,  6.4572000000000002E-04,0
2262,  3.8750000000000001E-01,45,  2.5000000000000000E-01,  6.2500000000000000E-01,2,  3.1536853672842841E-01,39,9,479,477,2,  4.0581558699611880E-01,  9.5799999999999996E-01,  9.5399999999999996E-01,  5.7012302256872238E-01,  3.0483886000000002E-02,  6.8011299999999998E-04,0
2263,  3.8750000000000001E-01,45,  2.5000000000000000E-01,  6.2500000000000000E-01,3,  3.1536853672842841E-01,39,14,489,477,12,  3.1126727709052848E-01,  9.7799999999999998E-01,  9.5399999999999996E-01,  4.7223628863289835E-01,  3.0817800999999999E-02,  7.0358900000000002E-04,0
2264,  3.8750000000000001E-01,45,  2.5000000000000000E-01,  6.2500000000000000E-01,4,  3.1536853672842841E-01,39,14,489,477,12,  3.1126727709052848E-01,  9.7799999999999998E-01,  9.5399999999999996E-01,  4.7223628863289835E-01,  3.2490146999999997E-02,  6.8274899999999996E-04,0
2265,  3.8750000000000001E-01,45,  2.5000000000000000E-01,  6.2500000000000000E-01,5,  3.1536853672842841E-01,39,14,489,477,12,  3.1126727709052848E-01,  9.7799999999999998E-01,  9.5399999999999996E-01,  4.7223628863289835E-01,  3.0519834999999999E-02,  6.6856399999999996E-04,0
2266,  3.8750000000000001E-01,45,  2.5000000000000000E-01,  8.1250000000000000E-01,1,  3.1536853672842841E-01,39,7,477,477,0,  4.5426586247368872E-01,  9.5399999999999996E-01,  9.5399999999999996E-01,  6.1546565083763927E-01,  2.9745796000000001E-02,  6.5394599999999998E-04,0
2267,  3.8750000000000001E-01,45,  2.5000000000000000E-01,  8.1250000000000000E-01,2,  3.1536853672842841E-01,39,9,479,477,2,  4.0581558699611880E-01,  9.5799999999999996E-01,  9.5399999999999996E-01,  5.7012302256872238E-01,  2.9846663999999998E-02,  6.4826100000000002E-04,0
2268,  3.8750000000000001E-01,45,  2.5000000000000000E-01,  8.1250000000000000E-01,3,  3.1536853672842841E-01,39,14,489,477,12,  3.1126727709052848E-01,  9.7799999999999998E-01,  9.5399999999999996E-01,  4.7223628863289835E-01,  2.9531610999999999E-02,  6.8540799999999998E-04,0
2269,  3.8750000000000001E-01,45,  2.5000000000000000E-01,  8.1250000000000000E-01,4,  3.1536853672842841E-01,39,14,489,477,12,  3.1126727709052848E-01,  9.7799999999999998E-01,  9.5399999999999996E-01,  4.7223628863289835E-01,  3.0109370000000000E-02,  6.6176400000000002E-04,0
2270,  3.8750000000000001E-01,45,  2.5000000000000000E-01,  8.1250000000000000E-01,5,  3.1536853672842841E-01,39,14,489,477,12,  3.1126727709052848E-01,  9.7799999999999998E-01,  9.5399999999999996E-01,  4.7223628863289835E-01,  3.3821204000000001E-02,  6.8621800000000005E-04,0
2271,  3.8750000000000001E-01,45,  2.5000000000000000E-01,  1.0000000000000000E+00,1,  3.1536853672842841E-01,39,7,477,477,0,  4.5426586247368872E-01,  9.5399999999999996E-01,  9.5399999999999996E-01,  6.1546565083763927E-01,  3.1230821999999998E-02,  6.5224000000000000E-04,0
2272,  3.8750000000000001E-01,45,  2.5000000000000000E-01,  1.0000000000000000E+00,2,  3.1536853672842841E-01,39,9,479,477,2,  4.0581558699611880E-01,  9.5799999999999996E-01,  9.5399999999999996E-01,  5.7012302256872238E-01,  3.0680300000000001E-02,  7.3994299999999996E-04,0
2273,  3.8750000000000001E-01,45,  2.5000000000000000E-01,  1.0000000000000000E+00,3,  3.1536853672842841E-01,39,14,489,477,12,  3.1126727709052848E-01,  9.7799999999999998E-01,  9.5399999999999996E-01,  4.7223628863289835E-01,  3.1016410000000001E-02,  6.7006900000000002E-04,0
2274,  3.8750000000000001E-01,45,  2.5000000000000000E-01,  1.0000000000000000E+00,4,  3.1536853672842841E-01,39,14,489,477,12,  3.1126727709052848E-01,  9.7799999999999998E-01,  9.5399999999999996E-01,  4.7223628863289835E-01,  3.0650113999999999E-02,  7.5640500000000003E-04,0
2275,  3.8750000000000001E-01,45,  2.5000000000000000E-01,  1.0000000000000000E+00,5,  3.1536853672842841E-01,39,14,489,477,12,  3.1126727709052848E-01,  9.7799999999999998E-01,  9.5399999999999996E-01,  4.7223628863289835E-01,  2.9947301999999999E-02,  6.7388099999999998E-04,0
2276,  3.8750000000000001E-01,45,  4.3750000000000000E-01,  2.5000000000000000E-01,1,  3.1536853672842841E-01,39,1,500,500,0,  1.0000000000000000E+00,  1.0000000000000000E+00,  1.0000000000000000E+00,  1.0000000000000000E+00,  4.1172038000000001E-02,  6.8714399999999999E-04,0
2277,  3.8750000000000001E-01,45,  4.3750000000000000E-01,  2.5000000000000000E-01,2,  3.1536853672842841E-01,39,1,500,500,0,  1.0000000000000000E+00,  1.0000000000000000E+00,  1.0000000000000000E+00,  1.0000000000000000E+00,  4.2263980999999999E-02,  6.8176000000000000E-04,0
2278,  3.8750000000000001E-01,45,  4.3750000000000000E-01,  2.5000000000000000E-01,3,  3.1536853672842841E-01,39,2,502,500,2,  8.2983171922735954E-01,  1.0040000000000000E+00,  1.0000000000000000E+00,  9.0864503800304741E-01,  4.2380660000000001E-02,  7.2566899999999997E-04,0
2279,  3.8750000000000001E-01,45,  4.3750000000000000E-01,  2.5000000000000000E-01,4,  3.1536853672842841E-01,39,3,505,500,5,  7.8179197726348226E-01,  1.0100000000000000E+00,  1.0000000000000000E+00,  8.8136335808585353E-01,  4.3759557999999997E-02,  6.9819700000000001E-04,0
2280,  3.8750000000000001E-01,45,  4.3750000000000000E-01,  2.5000000000000000E-01,5,  3.1536853672842841E-01,39,4,509,500,9,  6.0602823101569958E-01,  1.0180000000000000E+00,  1.0000000000000000E+00,  7.5976110192140900E-01,  4.2154903000000001E-02,  7.1905400000000000E-04,0
2281,  3.8750000000000001E-01,45,  4.3750000000000000E-01,  4.3750000000000000E-01,1,  3.1536853672842841E-01,39,1,500,500,0,  1.0000000000000000E+00,  1.0000000000000000E+00,  1.0000000000000000E+00,  1.0000000000000000E+00,  4.3462207000000003E-02,  6.8098900000000001E-04,0
2282,  3.8750000000000001E-01,45,  4.3750000000000000E-01,  4.3750000000000000E-01,2,  3.1536853672842841E-01,39,1,500,500,0,  1.0000000000000000E+00,  1.0000000000000000E+00,  1.0000000000000000E+00,  1.0000000000000000E+00,  4.2404217000000001E-02,  6.7838000000000002E-04,0
2283,  3.8750000000000001E-01,45,  4.3750000000000000E-01,  4.3750000000000000E-01,3,  3.1536853672842841E-01,39,2,502,500,2,  8.2983171922735954E-01,  1.0040000000000000E+00,  1.0000000000000000E+00,  9.0864503800304741E-01,  4.3641832999999998E-02,  6.9158399999999997E-04,0
2284,  3.8750000000000001E-01,45,  4.3750000000000000E-01,  4.3750000000000000E-01,4,  3.1536853672842841E-01,39,3,505,500,5,  7.8179197726348226E-01,  1.0100000000000000E+00,  1.0000000000000000E+00,  8.8136335808585353E-01,  4.4167251999999997E-02,  7.0031700000000000E-04,0
2285,  3.8750000000000001E-01,45,  4.3750000000000000E-01,  4.3750000000000000E-01,5,  3.1536853672842841E-01,39,4,509,500,9,  6.0602823101569958E-01,  1.0180000000000000E+00,  1.0000000000000000E+00,  7.5976110192140900E-01,  4.3532055000000000E-02,  7.0138899999999996E-04,0
2286,  3.8750000000000001E-01,45,  4.3750000000000000E-01,  6.2500000000000000E-01,1,  3.1536853672842841E-01,39,1,500,500,0,  1.0000000000000000E+00,  1.0000000000000000E+00,  1.0000000000000000E+00,  1.0000000000000000E+00,  4.3363497000000001E-02,  6.8331700000000002E-04,0
2287,  3.8750000000000001E-01,45,  4.3750000000000000E-01,  6.2500000000000000E-01,2,  3.1536853672842841E-01,39,1,500,500,0,  1.0000000000000000E+00,  1.0000000000000000E+00,  1.0000000000000000E+00,  1.0000000000000000E+00,  4.2119047000000000E-02,  7.9393499999999995E-04,0
2288,  3.8750000000000001E-01,45,  4.3750000000000000E-01,  6.2500000000000000E-01,3,  3.1536853672842841E-01,39,2,502,500,2,  8.2983171922735954E-01,  1.0040000000000000E+00,  1.0000000000000000E+00,  9.0864503800304741E-01,  4.1334181999999997E-02,  7.1825199999999995E-04,0
2289,  3.8750000000000001E-01,45,  4.3750000000000000E-01,  6.2500000000000000E-01,4,  3.1536853672842841E-01,39,3,505,500,5,  7.8179197726348226E-01,  1.0100000000000000E+00,  1.0000000000000000E+00,  8.8136335808585353E-01,  4.2227750000000001E-02,  6.9767799999999997E-04,0
2290,  3.8750000000000001E-01,45,  4.3750000000000000E-01,  6.2500000000000000E-01,5,  3.1536853672842841E-01,39,4,509,500,9,  6.0602823101569958E-01,  1.0180000000000000E+00,  1.0000000000000000E+00,  7.5976110192140900E-01,  4.1970750000000001E-02,  7.0841899999999995E-04,0
2291,  3.8750000000000001E-01,45,  4.3750000000000000E-01,  8.1250000000000000E-01,1,  3.1536853672842841E-01,39,1,500,500,0,  1.0000000000000000E+00,  1.0000000000000000E+00,  1.0000000000000000E+00,  1.0000000000000000E+00,  4.1765827999999998E-02,  7.0963099999999996E-04,0
2292,  3.8750000000000001E-01,45,  4.3750000000000000E-01,  8.1250000000000000E-01,2,  3.1536853672842841E-01,39,1,500,500,0,  1.0000000000000000E+00,  1.0000000000000000E+00,  1.0000000000000000E+00,  1.0000000000000000E+00,  4.2015464000000002E-02,  6.9337399999999997E-04,0
2293,  3.8750000000000001E-01,45,  4.3750000000000000E-01,  8.1250000000000000E-01,3,  3.1536853672842841E-01,39,2,502,500,2,  8.2983171922735954E-01,  1.0040000000000000E+00,  1.0000000000000000E+00,  9.0864503800304741E-01,  4.5330162000000000E-02,  6.8879599999999998E-04,0
2294,  3.8750000000000001E-01,45,  4.3750000000000000E-01,  8.1250000000000000E-01,4,  3.1536853672842841E-01,39,3,505,500,5,  7.8179197726348226E-01,  1.0100000000000000E+00,  1.0000000000000000E+00,  8.8136335808585353E-01,  4.3201272999999998E-02,  7.5736100000000002E-04,0
2295,  3.8750000000000001E-01,45,  4.3750000000000000E-01,  8.1250000000000000E-01,5,  3.1536853672842841E-01,39,4,509,500,9,  6.0602823101569958E-01,  1.0180000000000000E+00,  1.0000000000000000E+00,  7.5976110192140900E-01,  4.4620541999999999E-02,  7.6319599999999995E-04,0
2296,  3.8750000000000001E-01,45,  4.3750000000000000E-01,  1.0000000000000000E+00,1,  3.1536853672842841E-01,39,1,500,500,0,  1.0000000000000000E+00,  1.0000000000000000E+00,  1.0000000000000000E+00,  1.0000000000000000E+00,  4.4428069000000001E-02,  7.0794000000000000E-04,0
2297,  3.8750000000000001E-01,45,  4.3750000000000000E-01,  1.0000000000000000E+00,2,  3.1536853672842841E-01,39,1,500,500,0,  1.0000000000000000E+00,  1.0000000000000000E+00,  1.0000000000000000E+00,  1.0000000000000000E+00,  4.1438518000000001E-02,  6.7330000000000005E-04,0
2298,  3.8750000000000001E-01,45,  4.3750000000000000E-01,  1.0000000000000000E+00,3,  3.1536853672842841E-01,39,2,502,500,2,  8.2983171922735954E-01,  1.0040000000000000E+00,  1.0000000000000000E+00,  9.0864503800304741E-01,  4.2782382000000001E-02,  6.9156500000000000E-04,0
2299,  3.8750000000000001E-01,45,  4.3750000000000000E-01,  1.0000000000000000E+00,4,  3.1536853672842841E-01,39,3,505,500,5,  7.8179197726348226E-01,  1.0100000000000000E+00,  1.0000000000000000E+00,  8.8136335808585353E-01,  4.2025708000000002E-02,  9.2318999999999995E-04,0
2300,  3.8750000000000001E-01,45,  4.3750000000000000E-01,  1.0000000000000000E+00,5,  3.1536853672842841E-01,39,4,509,500,9,  6.0602823101569958E-01,  1.0180000000000000E+00,  1.0000000000000000E+00,  7.5976110192140900E-01,  4.5252935000000001E-02,  7.1147199999999999E-04,0
2301,  3.8750000000000001E-01,45,  6.2500000000000000E-01,  2.5000000000000000E-01,1,  3.1536853672842841E-01,39,1,500,500,0,  1.0000000000000000E+00,  1.0000000000000000E+00,  1.0000000000000000E+00,  1.0000000000000000E+00,  5.1570830999999998E-02,  8.4249900000000003E-04,0
2302,  3.8750000000000001E-01,45,  6.2500000000000000E-01,  2.5000000000000000E-01,2,  3.1536853672842841E-01,39,1,500,500,0,  1.0000000000000000E+00,  1.0000000000000000E+00,  1.0000000000000000E+00,  1.0000000000000000E+00,  4.7818222000000001E-02,  6.9855500000000001E-04,0
2303,  3.8750000000000001E-01,45,  6.2500000000000000E-01,  2.5000000000000000E-01,3,  3.1536853672842841E-01,39,1,500,500,0,  1.0000000000000000E+00,  1.0000000000000000E+00,  1.0000000000000000E+00,  1.0000000000000000E+00,  5.1513194999999998E-02,  7.0067299999999996E-04,0
2304,  3.8750000000000001E-01,45,  6.2500000000000000E-01,  2.5000000000000000E-01,4,  3.1536853672842841E-01,39,1,500,500,0,  1.0000000000000000E+00,  1.0000000000000000E+00,  1.0000000000000000E+00,  1.0000000000000000E+00,  4.9505011000000002E-02,  7.0261800000000001E-04,0
2305,  3.8750000000000001E-01,45,  6.2500000000000000E-01,  2.5000000000000000E-01,5,  3.1536853672842841E-01,39,1,500,500,0,  1.0000000000000000E+00,  1.0000000000000000E+00,  1.0000000000000000E+00,  1.0000000000000000E+00,  4.8026033000000003E-02,  7.0939099999999997E-04,0
2306,  3.8750000000000001E-01,45,  6.2500000000000000E-01,  4.3750000000000000E-01,1,  3.1536853672842841E-01,39,1,500,500,0,  1.0000000000000000E+00,  1.0000000000000000E+00,  1.0000000000000000E+00,  1.0000000000000000E+00,  4.7556974000000002E-02,  6.7242599999999995E-04,0
2307,  3.8750000000000001E-01,45,  6.2500000000000000E-01,  4.3750000000000000E-01,2,  3.1536853672842841E-01,39,1,500,500,0,  1.0000000000000000E+00,  1.0000000000000000E+00,  1.0000000000000000E+00,  1.0000000000000000E+00,  4.6530442999999998E-02,  6.6874499999999999E-04,0
2308,  3.8750000000000001E-01,45,  6.2500000000000000E-01,  4.3750000000000000E-01,3,  3.1536853672842841E-01,39,1,500,500,0,  1.0000000000000000E+00,  1.0000000000000000E+00,  1.0000000000000000E+00,  1.0000000000000000E+00,  4.7572997999999998E-02,  6.8327999999999998E-04,0
2309,  3.8750000000000001E-01,45,  6.2500000000000000E-01,  4.3750000000000000E-01,4,  3.1536853672842841E-01,39,1,500,500,0,  1.0000000000000000E+00,  1.0000000000000000E+00,  1.0000000000000000E+00,  1.0000000000000000E+00,  4.8236111999999998E-02,  6.7661900000000005E-04,0
2310,  3.8750000000000001E-01,45,  6.2500000000000000E-01,  4.3750000000000000E-01,5,  3.1536853672842841E-01,39,1,500,500,0,  1.0000000000000000E+00,  1.0000000000000000E+00,  1.0000000000000000E+00,  1.0000000000000000E+00,  4.9438020999999999E-02,  6.8591500000000005E-04,0
2311,  3.8750000000000001E-01,45,  6.2500000000000000E-01,  6.2500000000000000E-01,1,  3.1536853672842841E-01,39,1,500,500,0,  1.0000000000000000E+00,  1.0000000000000000E+00,  1.0000000000000000E+00,  1.0000000000000000E+00,  4.8019194000000001E-02,  7.0089000000000002E-04,0
2312,  3.8750000000000001E-01,45,  6.2500000000000000E-01,  6.2500000000000000E-01,2,  3.1536853672842841E-01,39,1,500,500,0,  1.0000000000000000E+00,  1.0000000000000000E+00,  1.0000000000000000E+00,  1.0000000000000000E+00,  4.7817037000000000E-02,  6.8147699999999999E-04,0
2313,  3.8750000000000001E-01,45,  6.2500000000000000E-01,  6.2500000000000000E-01,3,  3.1536853672842841E-01,39,1,500,500,0,  1.0000000000000000E+00,  1.0000000000000000E+00,  1.0000000000000000E+00,  1.0000000000000000E+00,  4.8698198999999998E-02,  7.1965099999999997E-04,0
2314,  3.8750000000000001E-01,45,  6.2500000000000000E-01,  6.2500000000000000E-01,4,  3.1536853672842841E-01,39,1,500,500,0,  1.0000000000000000E+00,  1.0000000000000000E+00,  1.0000000000000000E+00,  1.0000000000000000E+00,  4.6224085999999998E-02,  6.8493799999999995E-04,0
2315,  3.8750000000000001E-01,45,  6.2500000000000000E-01,  6.2500000000000000E-01,5,  3.1536853672842841E-01,39,1,500,500,0,  1.0000000000000000E+00,  1.0000000000000000E+00,  1.0000000000000000E+00,  1.0000000000000000E+00,  5.5928773000000001E-02,  7.1127899999999999E-04,0
2316,  3.8750000000000001E-01,45,  6.2500000000000000E-01,  8.1250000000000000E-01,1,  3.1536853672842841E-01,39,1,500,500,0,  1.0000000000000000E+00,  1.0000000000000000E+00,  1.0000000000000000E+00,  1.0000000000000000E+00,  4.9136998000000001E-02,  6.8049500000000004E-04,0
2317,  3.8750000000000001E-01,45,  6.2500000000000000E-01,  8.1250000000000000E-01,2,  3.1536853672842841E-01,39,1,500,500,0,  1.0000000000000000E+00,  1.0000000000000000E+00,  1.0000000000000000E+00,  1.0000000000000000E+00,  4.8240142000000000E-02,  7.0531700000000001E-04,0
2318,  3.8750000000000001E-01,45,  6.2500000000000000E-01,  8.1250000000000000E-01,3,  3.1536853672842841E-01,39,1,500,500,0,  1.0000000000000000E+00,  1.0000000000000000E+00,  1.0000000000000000E+00,  1.0000000000000000E+00,  4.8478954999999997E-02,  7.0402400000000003E-04,0
2319,  3.8750000000000001E-01,45,  6.2500000000000000E-01,  8.1250000000000000E-01,4,  3.1536853672842841E-01,39,1,500,500,0,  1.0000000000000000E+00,  1.0000000000000000E+00,  1.0000000000000000E+00,  1.0000000000000000E+00,  5.7721467999999998E-02,  8.6404899999999998E-04,0
2320,  3.8750000000000001E-01,45,  6.2500000000000000E-01,  8.1250000000000000E-01,5,  3.1536853672842841E-01,39,1,500,500,0,  1.0000000000000000E+00,  1.0000000000000000E+00,  1.0000000000000000E+00,  1.0000000000000000E+00,  6.1442855999999997E-02,  9.2223399999999997E-04,0
2321,  3.8750000000000001E-01,45,  6.2500000000000000E-01,  1.0000000000000000E+00,1,  3.1536853672842841E-01,39,1,500,500,0,  1.0000000000000000E+00,  1.0000000000000000E+00,  1.0000000000000000E+00,  1.0000000000000000E+00,  5.2867157999999997E-02,  7.3911400000000003E-04,0
2322,  3.8750000000000001E-01,45,  6.2500000000000000E-01,  1.0000000000000000E+00,2,  3.1536853672842841E-01,39,1,500,500,0,  1.0000000000000000E+00,  1.0000000000000000E+00,  1.0000000000000000E+00,  1.0000000000000000E+00,  5.2283127999999998E-02,  6.7638400000000003E-04,0
2323,  3.8750000000000001E-01,45,  6.2500000000000000E-01,  1.0000000000000000E+00,3,  3.1536853672842841E-01,39,1,500,500,0,  1.0000000000000000E+00,  1.0000000000000000E+00,  1.0000000000000000E+00,  1.0000000000000000E+00,  4.6773292000000001E-02,  6.9145399999999998E-04,0
2324,  3.8750000000000001E-01,45,  6.2500000000000000E-01,  1.0000000000000000E+00,4,  3.1536853672842841E-01,39,1,500,500,0,  1.0000000000000000E+00,  1.0000000000000000E+00,  1.0000000000000000E+00,  1.0000000000000000E+00,  4.8992120000000000E-02,  8.3989700000000004E-04,0
2325,  3.8750000000000001E-01,45,  6.2500000000000000E-01,  1.0000000000000000E+00,5,  3.1536853672842841E-01,39,1,500,500,0,  1.0000000000000000E+00,  1.0000000000000000E+00,  1.0000000000000000E+00,  1.0000000000000000E+00,  4.9722529000000001E-02,  6.9712599999999995E-04,0
2326,  3.8750000000000001E-01,45,  8.1250000000000000E-01,  2.5000000000000000E-01,1,  3.1536853672842841E-01,39,1,500,500,0,  1.0000000000000000E+00,  1.0000000000000000E+00,  1.0000000000000000E+00,  1.0000000000000000E+00,  5.7769221000000003E-02,  6.9607299999999996E-04,0
2327,  3.8750000000000001E-01,45,  8.1250000000000000E-01,  2.5000000000000000E-01,2,  3.1536853672842841E-01,39,1,500,500,0,  1.0000000000000000E+00,  1.0000000000000000E+00,  1.0000000000000000E+00,  1.0000000000000000E+00,  5.7898524000000000E-02,  6.9845599999999997E-04,0
2328,  3.8750000000000001E-01,45,  8.1250000000000000E-01,  2.5000000000000000E-01,3,  3.1536853672842841E-01,39,1,500,500,0,  1.0000000000000000E+00,  1.0000000000000000E+00,  1.0000000000000000E+00,  1.0000000000000000E+00,  5.6687718999999998E-02,  6.9223199999999998E-04,0
2329,  3.8750000000000001E-01,45,  8.1250000000000000E-01,  2.5000000000000000E-01,4,  3.1536853672842841E-01,39,1,500,500,0,  1.0000000000000000E+00,  1.0000000000000000E+00,  1.0000000000000000E+00,  1.0000000000000000E+00,  5.5765461000000002E-02,  7.9465099999999995E-04,0
2330,  3.8750000000000001E-01,45,  8.1250000000000000E-01,  2.5000000000000000E-01,5,  3.1536853672842841E-01,39,1,500,500,0,  1.0000000000000000E+00,  1.0000000000000000E+00,  1.0000000000000000E+00,  1.0000000000000000E+00,  5.6559262999999999E-02,  7.6521499999999997E-04,0
2331,  3.8750000000000001E-01,45,  8.1250000000000000E-01,  4.3750000000000000E-01,1,  3.1536853672842841E-01,39,1,500,500,0,  1.0000000000000000E+00,  1.0000000000000000E+00,  1.0000000000000000E+00,  1.0000000000000000E+00,  5.5954073000000000E-02,  8.2848999999999998E-04,0
2332,  3.8750000000000001E-01,45,  8.1250000000000000E-01,  4.3750000000000000E-01,2,  3.1536853672842841E-01,39,1,500,500,0,  1.0000000000000000E+00,  1.0000000000000000E+00,  1.0000000000000000E+00,  1.0000000000000000E+00,  5.7878803999999999E-02,  6.9313899999999995E-04,0
2333,  3.8750000000000001E-01,45,  8.1250000000000000E-01,  4.3750000000000000E-01,3,  3.1536853672842841E-01,39,1,500,500,0,  1.0000000000000000E+00,  1.0000000000000000E+00,  1.0000000000000000E+00,  1.0000000000000000E+00,  6.1001935000000000E-02,  7.2059600000000000E-04,0
2334,  3.8750000000000001E-01,45,  8.1250000000000000E-01,  4.3750000000000000E-01,4,  3.1536853672842841E-01,39,1,500,500,0,  1.0000000000000000E+00,  1.0000000000000000E+00,  1.0000000000000000E+00,  1.0000000000000000E+00,  6.0664057000000000E-02,  7.1191099999999997E-04,0
2335,  3.8750000000000001E-01,45,  8.1250000000000000E-01,  4.3750000000000000E-01,5,  3.1536853672842841E-01,39,1,500,500,0,  1.0000000000000000E+00,  1.0000000000000000E+00,  1.0000000000000000E+00,  1.0000000000000000E+00,  5.5888962000000000E-02,  6.8165399999999996E-04,0
2336,  3.8750000000000001E-01,45,  8.1250000000000000E-01,  6.2500000000000000E-01,1,  3.1536853672842841E-01,39,1,500,500,0,  1.0000000000000000E+00,  1.0000000000000000E+00,  1.0000000000000000E+00,  1.0000000000000000E+00,  5.5957687999999998E-02,  6.9733200000000005E-04,0
2337,  3.8750000000000001E-01,45,  8.1250000000000000E-01,  6.2500000000000000E-01,2,  3.1536853672842841E-01,39,1,500,500,0,  1.0000000000000000E+00,  1.0000000000000000E+00,  1.0000000000000000E+00,  1.0000000000000000E+00,  5.5893328999999999E-02,  6.8149800000000000E-04,0
2338,  3.8750000000000001E-01,45,  8.1250000000000000E-01,  6.2500000000000000E-01,3,  3.1536853672842841E-01,39,1,500,500,0,  1.0000000000000000E+00,  1.0000000000000000E+00,  1.0000000000000000E+00,  1.0000000000000000E+00,  5.7507061999999998E-02,  6.7968800000000002E-04,0
2339,  3.8750000000000001E-01,45,  8.1250000000000000E-01,  6.2500000000000000E-01,4,  3.1536853672842841E-01,39,1,500,500,0,  1.0000000000000000E+00,  1.0000000000000000E+00,  1.0000000000000000E+00,  1.0000000000000000E+00,  5.6777629000000003E-02,  6.7300499999999996E-04,0
2340,  3.8750000000000001E-01,45,  8.1250000000000000E-01,  6.2500000000000000E-01,5,  3.1536853672842841E-01,39,1,500,500,0,  1.0000000000000000E+00,  1.0000000000000000E+00,  1.0000000000000000E+00,  1.0000000000000000E+00,  5.5907481000000002E-02,  6.7652499999999998E-04,0
2341,  3.8750000000000001E-01,45,  8.1250000000000000E-01,  8.1250000000000000E-01,1,  3.1536853672842841E-01,39,1,500,500,0,  1.0000000000000000E+00,  1.0000000000000000E+00,  1.0000000000000000E+00,  1.0000000000000000E+00,  5.9330120000000000E-02,  7.4710599999999999E-04,0
2342,  3.8750000000000001E-01,45,  8.1250000000000000E-01,  8.1250000000000000E-01,2,  3.1536853672842841E-01,39,1,500,500,0,  1.0000000000000000E+00,  1.0000000000000000E+00,  1.0000000000000000E+00,  1.0000000000000000E+00,  6.3879956000000002E-02,  7.4492999999999998E-04,0
2343,  3.8750000000000001E-01,45,  8.1250000000000000E-01,  8.1250000000000000E-01,3,  3.1536853672842841E-01,39,1,500,500,0,  1.0000000000000000E+00,  1.0000000000000000E+00,  1.0000000000000000E+00,  1.0000000000000000E+00,  6.2889798999999996E-02,  1.0833010000000001E-03,0
2344,  3.8750000000000001E-01,45,  8.1250000000000000E-01,  8.1250000000000000E-01,4,  3.1536853672842841E-01,39,1,500,500,0,  1.0000000000000000E+00,  1.0000000000000000E+00,  1.0000000000000000E+00,  1.0000000000000000E+00,  6.0380540000000003E-02,  6.6830399999999999E-04,0
2345,  3.8750000000000001E-01,45,  8.1250000000000000E-01,  8.1250000000000000E-01,5,  3.1536853672842841E-01,39,1,500,500,0,  1.0000000000000000E+00,  1.0000000000000000E+00,  1.0000000000000000E+00,  1.0000000000000000E+00,  5.8726491999999998E-02,  9.7423699999999998E-04,0
2346,  3.8750000000000001E-01,45,  8.1250000000000000E-01,  1.0000000000000000E+00,1,  3.1536853672842841E-01,39,1,500,500,0,  1.0000000000000000E+00,  1.0000000000000000E+00,  1.0000000000000000E+00,  1.0000000000000000E+00,  5.7174614999999998E-02,  6.7336000000000002E-04,0
2347,  3.8750000000000001E-01,45,  8.1250000000000000E-01,  1.0000000000000000E+00,2,  3.1536853672842841E-01,39,1,500,500,0,  1.0000000000000000E+00,  1.0000000000000000E+00,  1.0000000000000000E+00,  1.0000000000000000E+00,  5.7789247000000002E-02,  6.9363300000000003E-04,0
2348,  3.8750000000000001E-01,45,  8.1250000000000000E-01,  1.0000000000000000E+00,3,  3.1536853672842841E-01,39,1,500,500,0,  1.0000000000000000E+00,  1.0000000000000000E+00,  1.0000000000000000E+00,  1.0000000000000000E+00,  5.8873654999999997E-02,  7.4183699999999997E-04,0
2349,  3.8750000000000001E-01,45,  8.1250000000000000E-01,  1.0000000000000000E+00,4,  3.1536853672842841E-01,39,1,500,500,0,  1.0000000000000000E+00,  1.0000000000000000E+00,  1.0000000000000000E+00,  1.0000000000000000E+00,  6.0192663000000000E-02,  7.0110099999999998E-04,0
2350,  3.8750000000000001E-01,45,  8.1250000000000000E-01,  1.0000000000000000E+00,5,  3.1536853672842841E-01,39,1,500,500,0,  1.0000000000000000E+00,  1.0000000000000000E+00,  1.0000000000000000E+00,  1.0000000000000000E+00,  5.8518401999999997E-02,  6.7708999999999998E-04,0
2351,  3.8750000000000001E-01,45,  1.0000000000000000E+00,  2.5000000000000000E-01,1,  3.1536853672842841E-01,39,1,500,500,0,  1.0000000000000000E+00,  1.0000000000000000E+00,  1.0000000000000000E+00,  1.0000000000000000E+00,  7.7843291999999994E-02,  7.3781499999999996E-04,0
2352,  3.8750000000000001E-01,45,  1.0000000000000000E+00,  2.5000000000000000E-01,2,  3.1536853672842841E-01,39,1,500,500,0,  1.0000000000000000E+00,  1.0000000000000000E+00,  1.0000000000000000E+00,  1.0000000000000000E+00,  6.8955956999999998E-02,  7.1296300000000005E-04,0
2353,  3.8750000000000001E-01,45,  1.0000000000000000E+00,  2.5000000000000000E-01,3,  3.1536853672842841E-01,39,1,500,500,0,  1.0000000000000000E+00,  1.0000000000000000E+00,  1.0000000000000000E+00,  1.0000000000000000E+00,  6.8300568000000006E-02,  7.2602900000000000E-04,0
2354,  3.8750000000000001E-01,45,  1.0000000000000000E+00,  2.5000000000000000E-01,4,  3.1536853672842841E-01,39,1,500,500,0,  1.0000000000000000E+00,  1.0000000000000000E+00,  1.0000000000000000E+00,  1.0000000000000000E+00,  7.9706434000000007E-02,  6.9609299999999995E-04,0
2355,  3.8750000000000001E-01,45,  1.0000000000000000E+00,  2.5000000000000000E-01,5,  3.1536853672842841E-01,39,1,500,500,0,  1.0000000000000000E+00,  1.0000000000000000E+00,  1.0000000000000000E+00,  1.0000000000000000E+00,  7.7147345000000006E-02,  6.9057799999999996E-04,0
2356,  3.8750000000000001E-01,45,  1.0000000000000000E+00,  4.3750000000000000E-01,1,  3.1536853672842841E-01,39,1,500,500,0,  1.0000000000000000E+00,  1.0000000000000000E+00,  1.0000000000000000E+00,  1.0000000000000000E+00,  7.5972541000000005E-02,  8.8627699999999998E-04,0
2357,  3.8750000000000001E-01,45,  1.0000000000000000E+00,  4.3750000000000000E-01,2,  3.1536853672842841E-01,39,1,500,500,0,  1.0000000000000000E+00,  1.0000000000000000E+00,  1.0000000000000000E+00,  1.0000000000000000E+00,  9.1418577000000001E-02,  8.2709700000000005E-04,0
2358,  3.8750000000000001E-01,45,  1.0000000000000000E+00,  4.3750000000000000E-01,3,  3.1536853672842841E-01,39,1,500,500,0,  1.0000000000000000E+00,  1.0000000000000000E+00,  1.0000000000000000E+00,  1.0000000000000000E+00,  7.3002507999999994E-02,  7.1759899999999997E-04,0
2359,  3.8750000000000001E-01,45,  1.0000000000000000E+00,  4.3750000000000000E-01,4,  3.1536853672842841E-01,39,1,500,500,0,  1.0000000000000000E+00,  1.0000000000000000E+00,  1.0000000000000000E+00,  1.0000000000000000E+00,  7.8271057000000005E-02,  7.0009000000000000E-04,0
2360,  3.8750000000000001E-01,45,  1.0000000000000000E+00,  4.3750000000000000E-01,5,  3.1536853672842841E-01,39,1,500,500,0,  1.0000000000000000E+00,  1.0000000000000000E+00,  1.0000000000000000E+00,  1.0000000000000000E+00,  8.2481903999999995E-02,  9.3374500000000004E-04,0
2361,  3.8750000000000001E-01,45,  1.0000000000000000E+00,  6.2500000000000000E-01,1,  3.1536853672842841E-01,39,1,500,500,0,  1.0000000000000000E+00,  1.0000000000000000E+00,  1.0000000000000000E+00,  1.0000000000000000E+00,  7.5764310000000001E-02,  7.4233100000000005E-04,0
2362,  3.8750000000000001E-01,45,  1.0000000000000000E+00,  6.2500000000000000E-01,2,  3.1536853672842841E-01,39,1,500,500,0,  1.0000000000000000E+00,  1.0000000000000000E+00,  1.0000000000000000E+00,  1.0000000000000000E+00,  7.3924029000000002E-02,  7.0335899999999997E-04,0
2363,  3.8750000000000001E-01,45,  1.0000000000000000E+00,  6.2500000000000000E-01,3,  3.1536853672842841E-01,39,1,500,500,0,  1.0000000000000000E+00,  1.0000000000000000E+00,  1.0000000000000000E+00,  1.0000000000000000E+00,  7.8511300000000006E-02,  7.8848500000000001E-04,0
2364,  3.8750000000000001E-01,45,  1.0000000000000000E+00,  6.2500000000000000E-01,4,  3.1536853672842841E-01,39,1,500,500,0,  1.0000000000000000E+00,  1.0000000000000000E+00,  1.0000000000000000E+00,  1.0000000000000000E+00,  8.8371879000000000E-02,  7.4739600000000000E-04,0
2365,  3.8750000000000001E-01,45,  1.0000000000000000E+00,  6.2500000000000000E-01,5,  3.1536853672842841E-01,39,1,500,500,0,  1.0000000000000000E+00,  1.0000000000000000E+00,  1.0000000000000000E+00,  1.0000000000000000E+00,  9.2998828000000006E-02,  8.6757399999999997E-04,0
2366,  3.8750000000000001E-01,45,  1.0000000000000000E+00,  8.1250000000000000E-01,1,  3.1536853672842841E-01,39,1,500,500,0,  1.0000000000000000E+00,  1.0000000000000000E+00,  1.0000000000000000E+00,  1.0000000000000000E+00,  8.1442320999999998E-02,  7.4778500000000005E-04,0
2367,  3.8750000000000001E-01,45,  1.0000000000000000E+00,  8.1250000000000000E-01,2,  3.1536853672842841E-01,39,1,500,500,0,  1.0000000000000000E+00,  1.0000000000000000E+00,  1.0000000000000000E+00,  1.0000000000000000E+00,  7.4355193999999999E-02,  7.0536100000000005E-04,0
2368,  3.8750000000000001E-01,45,  1.0000000000000000E+00,  8.1250000000000000E-01,3,  3.1536853672842841E-01,39,1,500,500,0,  1.0000000000000000E+00,  1.0000000000000000E+00,  1.0000000000000000E+00,  1.0000000000000000E+00,  8.1127507000000001E-02,  7.4872399999999998E-04,0
2369,  3.8750000000000001E-01,45,  1.0000000000000000E+00,  8.1250000000000000E-01,4,  3.1536853672842841E-01,39,1,500,500,0,  1.0000000000000000E+00,  1.0000000000000000E+00,  1.0000000000000000E+00,  1.0000000000000000E+00,  8.5281741999999994E-02,  8.6516100000000003E-04,0
2370,  3.8750000000000001E-01,45,  1.0000000000000000E+00,  8.1250000000000000E-01,5,  3.1536853672842841E-01,39,1,500,500,0,  1.0000000000000000E+00,  1.0000000000000000E+00,  1.0000000000000000E+00,  1.0000000000000000E+00,  7.6668169999999994E-02,  7.0596000000000005E-04,0
2371,  3.8750000000000001E-01,45,  1.0000000000000000E+00,  1.0000000000000000E+00,1,  3.1536853672842841E-01,39,1,500,500,0,  1.0000000000000000E+00,  1.0000000000000000E+00,  1.0000000000000000E+00,  1.0000000000000000E+00,  7.0202454999999997E-02,  7.0021500000000002E-04,0
2372,  3.8750000000000001E-01,45,  1.0000000000000000E+00,  1.0000000000000000E+00,2,  3.1536853672842841E-01,39,1,500,500,0,  1.0000000000000000E+00,  1.0000000000000000E+00,  1.0000000000000000E+00,  1.0000000000000000E+00,  7.3219395000000007E-02,  7.0860300000000003E-04,0
2373,  3.8750000000000001E-01,45,  1.0000000000000000E+00,  1.0000000000000000E+00,3,  3.1536853672842841E-01,39,1,500,500,0,  1.0000000000000000E+00,  1.0000000000000000E+00,  1.0000000000000000E+00,  1.0000000000000000E+00,  7.2622496999999994E-02,  6.9933300000000001E-04,0
2374,  3.8750000000000001E-01,45,  1.0000000000000000E+00,  1.0000000000000000E+00,4,  3.1536853672842841E-01,39,1,500,500,0,  1.0000000000000000E+00,  1.0000000000000000E+00,  1.0000000000000000E+00,  1.0000000000000000E+00,  6.8652910999999997E-02,  6.8654800000000004E-04,0
2375,  3.8750000000000001E-01,45,  1.0000000000000000E+00,  1.0000000000000000E+00,5,  3.1536853672842841E-01,39,1,500,500,0,  1.0000000000000000E+00,  1.0000000000000000E+00,  1.0000000000000000E+00,  1.0000000000000000E+00,  6.8280484000000002E-02,  6.7915800000000002E-04,0
2376,  3.8750000000000001E-01,55,  2.5000000000000000E-01,  2.5000000000000000E-01,1,  3.1536853672842841E-01,33,6,471,471,0,  5.2793432404079876E-01,  9.4199999999999995E-01,  9.4199999999999995E-01,  6.7664809932369363E-01,  2.9703381000000001E-02,  6.7801999999999999E-04,0
2377,  3.8750000000000001E-01,55,  2.5000000000000000E-01,  2.5000000000000000E-01,2,  3.1536853672842841E-01,33,9,474,471,3,  4.3460550450198193E-01,  9.4799999999999995E-01,  9.4199999999999995E-01,  5.9598492400951997E-01,  2.1258671999999999E-02,  6.8139500000000000E-04,0
2378,  3.8750000000000001E-01,55,  2.5000000000000000E-01,  2.5000000000000000E-01,3,  3.1536853672842841E-01,33,12,480,471,9,  3.1845739870871004E-01,  9.5999999999999996E-01,  9.4199999999999995E-01,  4.7826247956193052E-01,  2.3085206000000000E-02,  6.5522300000000003E-04,0
2379,  3.8750000000000001E-01,55,  2.5000000000000000E-01,  2.5000000000000000E-01,4,  3.1536853672842841E-01,33,12,480,471,9,  3.1845739870871004E-01,  9.5999999999999996E-01,  9.4199999999999995E-01,  4.7826247956193052E-01,  2.0642770000000001E-02,  7.0099799999999999E-04,0
2380,  3.8750000000000001E-01,55,  2.5000000000000000E-01,  2.5000000000000000E-01,5,  3.1536853672842841E-01,33,12,480,471,9,  3.1845739870871004E-01,  9.5999999999999996E-01,  9.4199999999999995E-01,  4.7826247956193052E-01,  2.0828793000000002E-02,  6.9461200000000005E-04,0
2381,  3.8750000000000001E-01,55,  2.5000000000000000E-01,  4.3750000000000000E-01,1,  3.1536853672842841E-01,33,6,471,471,0,  5.2793432404079876E-01,  9.4199999999999995E-01,  9.4199999999999995E-01,  6.7664809932369363E-01,  2.0729445999999999E-02,  6.7453399999999996E-04,0
2382,  3.8750000000000001E-01,55,  2.5000000000000000E-01,  4.3750000000000000E-01,2,  3.1536853672842841E-01,33,9,474,471,3,  4.3460550450198193E-01,  9.4799999999999995E-01,  9.4199999999999995E-01,  5.9598492400951997E-01,  2.0686903999999999E-02,  6.5142599999999998E-04,0
2383,  3.8750000000000001E-01,55,  2.5000000000000000E-01,  4.3750000000000000E-01,3,  3.1536853672842841E-01,33,12,480,471,9,  3.1845739870871004E-01,  9.5999999999999996E-01,  9.4199999999999995E-01,  4.7826247956193052E-01,  2.0238425000000001E-02,  6.5700700000000003E-04,0
2384,  3.8750000000000001E-01,55,  2.5000000000000000E-01,  4.3750000000000000E-01,4,  3.1536853672842841E-01,33,12,480,471,9,  3.1845739870871004E-01,  9.5999999999999996E-01,  9.4199999999999995E-01,  4.7826247956193052E-01,  2.0451488000000000E-02,  6.5224800000000002E-04,0
2385,  3.8750000000000001E-01,55,  2.5000000000000000E-01,  4.3750000000000000E-01,5,  3.1536853672842841E-01,33,12,480,471,9,  3.1845739870871004E-01,  9.5999999999999996E-01,  9.4199999999999995E-01,  4.7826247956193052E-01,  2.0300572999999999E-02,  6.7339500000000003E-04,0
2386,  3.8750000000000001E-01,55,  2.5000000000000000E-01,  6.2500000000000000E-01,1,  3.1536853672842841E-01,33,6,471,471,0,  5.2793432404079876E-01,  9.4199999999999995E-01,  9.4199999999999995E-01,  6.7664809932369363E-01,  2.0016896999999999E-02,  6.3519000000000000E-04,0
2387,  3.8750000000000001E-01,55,  2.5000000000000000E-01,  6.2500000000000000E-01,2,  3.1536853672842841E-01,33,9,474,471,3,  4.3460550450198193E-01,  9.4799999999999995E-01,  9.4199999999999995E-01,  5.9598492400951997E-01,  2.6203414000000001E-02,  9.8212499999999993E-04,0
2388,  3.8750000000000001E-01,55,  2.5000000000000000E-01,  6.2500000000000000E-01,3,  3.1536853672842841E-01,33,12,480,471,9,  3.1845739870871004E-01,  9.5999999999999996E-01,  9.4199999999999995E-01,  4.7826247956193052E-01,  2.4044772999999998E-02,  7.6177199999999997E-04,0
2389,  3.8750000000000001E-01,55,  2.5000000000000000E-01,  6.2500000000000000E-01,4,  3.1536853672842841E-01,33,12,480,471,9,  3.1845739870871004E-01,  9.5999999999999996E-01,  9.4199999999999995E-01,  4.7826247956193052E-01,  2.1212315999999998E-02,  6.9098800000000002E-04,0
2390,  3.8750000000000001E-01,55,  2.5000000000000000E-01,  6.2500000000000000E-01,5,  3.1536853672842841E-01,33,12,480,471,9,  3.1845739870871004E-01,  9.5999999999999996E-01,  9.4199999999999995E-01,  4.7826247956193052E-01,  2.1105977000000001E-02,  6.8296800000000005E-04,0
2391,  3.8750000000000001E-01,55,  2.5000000000000000E-01,  8.1250000000000000E-01,1,  3.1536853672842841E-01,33,6,471,471,0,  5.2793432404079876E-01,  9.4199999999999995E-01,  9.4199999999999995E-01,  6.7664809932369363E-01,  2.1042404000000001E-02,  6.7482499999999999E-04,0
2392,  3.8750000000000001E-01,55,  2.5000000000000000E-01,  8.1250000000000000E-01,2,  3.1536853672842841E-01,33,9,474,471,3,  4.3460550450198193E-01,  9.4799999999999995E-01,  9.4199999999999995E-01,  5.9598492400951997E-01,  2.1149495000000001E-02,  6.5698799999999995E-04,0
2393,  3.8750000000000001E-01,55,  2.5000000000000000E-01,  8.1250000000000000E-01,3,  3.1536853672842841E-01,33,12,480,471,9,  3.1845739870871004E-01,  9.5999999999999996E-01,  9.4199999999999995E-01,  4.7826247956193052E-01,  2.0889881999999999E-02,  6.6344600000000004E-04,0
2394,  3.8750000000000001E-01,55,  2.5000000000000000E-01,  8.1250000000000000E-01,4,  3.1536853672842841E-01,33,12,480,471,9,  3.1845739870871004E-01,  9.5999999999999996E-01,  9.4199999999999995E-01,  4.7826247956193052E-01,  2.0267522999999999E-02,  6.7756399999999997E-04,0
2395,  3.8750000000000001E-01,55,  2.5000000000000000E-01,  8.1250000000000000E-01,5,  3.1536853672842841E-01,33,12,480,471,9,  3.1845739870871004E-01,  9.5999999999999996E-01,  9.4199999999999995E-01,  4.7826247956193052E-01,  2.0289758000000001E-02,  6.7878299999999997E-04,0
2396,  3.8750000000000001E-01,55,  2.5000000000000000E-01,  1.0000000000000000E+00,1,  3.1536853672842841E-01,33,6,471,471,0,  5.2793432404079876E-01,  9.4199999999999995E-01,  9.4199999999999995E-01,  6.7664809932369363E-01,  2.0540857999999999E-02,  6.6464699999999998E-04,0
2397,  3.8750000000000001E-01,55,  2.5000000000000000E-01,  1.0000000000000000E+00,2,  3.1536853672842841E-01,33,9,474,471,3,  4.3460550450198193E-01,  9.4799999999999995E-01,  9.4199999999999995E-01,  5.9598492400951997E-01,  2.0376320000000000E-02,  6.5410800000000003E-04,0
2398,  3.8750000000000001E-01,55,  2.5000000000000000E-01,  1.0000000000000000E+00,3,  3.1536853672842841E-01,33,12,480,471,9,  3.1845739870871004E-01,  9.5999999999999996E-01,  9.4199999999999995E-01,  4.7826247956193052E-01,  2.0031111000000001E-02,  6.6215299999999996E-04,0
2399,  3.8750000000000001E-01,55,  2.5000000000000000E-01,  1.0000000000000000E+00,4,  3.1536853672842841E-01,33,12,480,471,9,  3.1845739870871004E-01,  9.5999999999999996E-01,  9.4199999999999995E-01,  4.7826247956193052E-01,  1.9890365000000000E-02,  6.5557300000000001E-04,0
2400,  3.8750000000000001E-01,55,  2.5000000000000000E-01,  1.0000000000000000E+00,5,  3.1536853672842841E-01,33,12,480,471,9,  3.1845739870871004E-01,  9.5999999999999996E-01,  9.4199999999999995E-01,  4.7826247956193052E-01,  1.9919837999999999E-02,  8.3550900000000001E-04,0
2401,  3.8750000000000001E-01,55,  4.3750000000000000E-01,  2.5000000000000000E-01,1,  3.1536853672842841E-01,33,2,498,498,0,  9.3591142335241040E-01,  9.9600000000000000E-01,  9.9600000000000000E-01,  9.6502123895662573E-01,  2.7306158000000001E-02,  7.1314000000000002E-04,0
2402,  3.8750000000000001E-01,55,  4.3750000000000000E-01,  2.5000000000000000E-01,2,  3.1536853672842841E-01,33,2,498,498,0,  9.3591142335241040E-01,  9.9600000000000000E-01,  9.9600000000000000E-01,  9.6502123895662573E-01,  2.7381098999999999E-02,  6.9493199999999999E-04,0
2403,  3.8750000000000001E-01,55,  4.3750000000000000E-01,  2.5000000000000000E-01,3,  3.1536853672842841E-01,33,3,500,498,2,  8.0709075185463519E-01,  1.0000000000000000E+00,  9.9600000000000000E-01,  8.9324872148928880E-01,  2.7878264999999999E-02,  6.9512899999999995E-04,0
2404,  3.8750000000000001E-01,55,  4.3750000000000000E-01,  2.5000000000000000E-01,4,  3.1536853672842841E-01,33,3,500,498,2,  8.0709075185463519E-01,  1.0000000000000000E+00,  9.9600000000000000E-01,  8.9324872148928880E-01,  2.8082943999999999E-02,  6.9447100000000000E-04,0
2405,  3.8750000000000001E-01,55,  4.3750000000000000E-01,  2.5000000000000000E-01,5,  3.1536853672842841E-01,33,3,500,498,2,  8.0709075185463519E-01,  1.0000000000000000E+00,  9.9600000000000000E-01,  8.9324872148928880E-01,  2.8509618000000000E-02,  6.9926000000000005E-04,0
2406,  3.8750000000000001E-01,55,  4.3750000000000000E-01,  4.3750000000000000E-01,1,  3.1536853672842841E-01,33,2,498,498,0,  9.3591142335241040E-01,  9.9600000000000000E-01,  9.9600000000000000E-01,  9.6502123895662573E-01,  2.7332184999999998E-02,  6.6936100000000004E-04,0
2407,  3.8750000000000001E-01,55,  4.3750000000000000E-01,  4.3750000000000000E-01,2,  3.1536853672842841E-01,33,2,498,498,0,  9.3591142335241040E-01,  9.9600000000000000E-01,  9.9600000000000000E-01,  9.6502123895662573E-01,  2.8023744000000000E-02,  6.6741599999999999E-04,0
2408,  3.8750000000000001E-01,55,  4.3750000000000000E-01,  4.3750000000000000E-01,3,  3.1536853672842841E-01,33,3,500,498,2,  8.0709075185463519E-01,  1.0000000000000000E+00,  9.9600000000000000E-01,  8.9324872148928880E-01,  2.7479903000000000E-02,  7.0001500000000001E-04,0
2409,  3.8750000000000001E-01,55,  4.3750000000000000E-01,  4.3750000000000000E-01,4,  3.1536853672842841E-01,33,3,500,498,2,  8.0709075185463519E-01,  1.0000000000000000E+00,  9.9600000000000000E-01,  8.9324872148928880E-01,  2.8344988000000002E-02,  6.7566100000000003E-04,0
2410,  3.8750000000000001E-01,55,  4.3750000000000000E-01,  4.3750000000000000E-01,5,  3.1536853672842841E-01,33,3,500,498,2,  8.0709075185463519E-01,  1.0000000000000000E+00,  9.9600000000000000E-01,  8.9324872148928880E-01,  2.7889206000000000E-02,  6.9478699999999999E-04,0
2411,  3.8750000000000001E-01,55,  4.3750000000000000E-01,  6.2500000000000000E-01,1,  3.1536853672842841E-01,33,2,498,498,0,  9.3591142335241040E-01,  9.9600000000000000E-01,  9.9600000000000000E-01,  9.6502123895662573E-01,  2.8551818999999999E-02,  6.7207499999999995E-04,0
2412,  3.8750000000000001E-01,55,  4.3750000000000000E-01,  6.2500000000000000E-01,2,  3.1536853672842841E-01,33,2,498,498,0,  9.3591142335241040E-01,  9.9600000000000000E-01,  9.9600000000000000E-01,  9.6502123895662573E-01,  2.7543438999999999E-02,  7.0885900000000005E-04,0
2413,  3.8750000000000001E-01,55,  4.3750000000000000E-01,  6.2500000000000000E-01,3,  3.1536853672842841E-01,33,3,500,498,2,  8.0709075185463519E-01,  1.0000000000000000E+00,  9.9600000000000000E-01,  8.9324872148928880E-01,  2.7872962000000001E-02,  6.9654099999999996E-04,0
2414,  3.8750000000000001E-01,55,  4.3750000000000000E-01,  6.2500000000000000E-01,4,  3.1536853672842841E-01,33,3,500,498,2,  8.0709075185463519E-01,  1.0000000000000000E+00,  9.9600000000000000E-01,  8.9324872148928880E-01,  2.7443116000000000E-02,  7.0056399999999998E-04,0
2415,  3.8750000000000001E-01,55,  4.3750000000000000E-01,  6.2500000000000000E-01,5,  3.1536853672842841E-01,33,3,500,498,2,  8.0709075185463519E-01,  1.0000000000000000E+00,  9.9600000000000000E-01,  8.9324872148928880E-01,  2.8259151999999999E-02,  7.0889599999999998E-04,0
2416,  3.8750000000000001E-01,55,  4.3750000000000000E-01,  8.1250000000000000E-01,1,  3.1536853672842841E-01,33,2,498,498,0,  9.3591142335241040E-01,  9.9600000000000000E-01,  9.9600000000000000E-01,  9.6502123895662573E-01,  2.7668933999999999E-02,  7.1884300000000004E-04,0
2417,  3.8750000000000001E-01,55,  4.3750000000000000E-01,  8.1250000000000000E-01,2,  3.1536853672842841E-01,33,2,498,498,0,  9.3591142335241040E-01,  9.9600000000000000E-01,  9.9600000000000000E-01,  9.6502123895662573E-01,  3.7461365000000003E-02,  7.4565099999999995E-04,0
2418,  3.8750000000000001E-01,55,  4.3750000000000000E-01,  8.1250000000000000E-01,3,  3.1536853672842841E-01,33,3,500,498,2,  8.0709075185463519E-01,  1.0000000000000000E+00,  9.9600000000000000E-01,  8.9324872148928880E-01,  3.0527130000000000E-02,  7.2677799999999997E-04,0
2419,  3.8750000000000001E-01,55,  4.3750000000000000E-01,  8.1250000000000000E-01,4,  3.1536853672842841E-01,33,3,500,498,2,  8.0709075185463519E-01,  1.0000000000000000E+00,  9.9600000000000000E-01,  8.9324872148928880E-01,  2.8809351000000000E-02,  7.2548000000000003E-04,0
2420,  3.8750000000000001E-01,55,  4.3750000000000000E-01,  8.1250000000000000E-01,5,  3.1536853672842841E-01,33,3,500,498,2,  8.0709075185463519E-01,  1.0000000000000000E+00,  9.9600000000000000E-01,  8.9324872148928880E-01,  2.8536335999999999E-02,  6.9877899999999996E-04,0
2421,  3.8750000000000001E-01,55,  4.3750000000000000E-01,  1.0000000000000000E+00,1,  3.1536853672842841E-01,33,2,498,498,0,  9.3591142335241040E-01,  9.9600000000000000E-01,  9.9600000000000000E-01,  9.6502123895662573E-01,  2.7613612999999999E-02,  6.8798299999999998E-04,0
2422,  3.8750000000000001E-01,55,  4.3750000000000000E-01,  1.0000000000000000E+00,2,  3.1536853672842841E-01,33,2,498,498,0,  9.3591142335241040E-01,  9.9600000000000000E-01,  9.9600000000000000E-01,  9.6502123895662573E-01,  2.7807037000000000E-02,  6.6449800000000002E-04,0
2423,  3.8750000000000001E-01,55,  4.3750000000000000E-01,  1.0000000000000000E+00,3,  3.1536853672842841E-01,33,3,500,498,2,  8.0709075185463519E-01,  1.0000000000000000E+00,  9.9600000000000000E-01,  8.9324872148928880E-01,  2.8618359999999999E-02,  7.0304099999999995E-04,0
2424,  3.8750000000000001E-01,55,  4.3750000000000000E-01,  1.0000000000000000E+00,4,  3.1536853672842841E-01,33,3,500,498,2,  8.0709075185463519E-01,  1.0000000000000000E+00,  9.9600000000000000E-01,  8.9324872148928880E-01,  2.8117968000000000E-02,  7.1142099999999995E-04,0
2425,  3.8750000000000001E-01,55,  4.3750000000000000E-01,  1.0000000000000000E+00,5,  3.1536853672842841E-01,33,3,500,498,2,  8.0709075185463519E-01,  1.0000000000000000E+00,  9.9600000000000000E-01,  8.9324872148928880E-01,  2.9522236000000000E-02,  6.9147499999999999E-04,0
2426,  3.8750000000000001E-01,55,  6.2500000000000000E-01,  2.5000000000000000E-01,1,  3.1536853672842841E-01,33,1,500,500,0,  1.0000000000000000E+00,  1.0000000000000000E+00,  1.0000000000000000E+00,  1.0000000000000000E+00,  3.7446322999999997E-02,  7.0792200000000004E-04,0
2427,  3.8750000000000001E-01,55,  6.2500000000000000E-01,  2.5000000000000000E-01,2,  3.1536853672842841E-01,33,1,500,500,0,  1.0000000000000000E+00,  1.0000000000000000E+00,  1.0000000000000000E+00,  1.0000000000000000E+00,  3.7077826000000001E-02,  6.8365899999999998E-04,0
2428,  3.8750000000000001E-01,55,  6.2500000000000000E-01,  2.5000000000000000E-01,3,  3.1536853672842841E-01,33,1,500,500,0,  1.0000000000000000E+00,  1.0000000000000000E+00,  1.0000000000000000E+00,  1.0000000000000000E+00,  3.6174695999999999E-02,  6.9802000000000004E-04,0
2429,  3.8750000000000001E-01,55,  6.2500000000000000E-01,  2.5000000000000000E-01,4,  3.1536853672842841E-01,33,1,500,500,0,  1.0000000000000000E+00,  1.0000000000000000E+00,  1.0000000000000000E+00,  1.0000000000000000E+00,  3.6618317999999997E-02,  7.1137299999999995E-04,0
2430,  3.8750000000000001E-01,55,  6.2500000000000000E-01,  2.5000000000000000E-01,5,  3.1536853672842841E-01,33,2,504,500,4,  9.3354564151855401E-01,  1.0080000000000000E+00,  1.0000000000000000E+00,  9.6934523353744184E-01,  3.7693035999999999E-02,  6.8254500000000001E-04,0
2431,  3.8750000000000001E-01,55,  6.2500000000000000E-01,  4.3750000000000000E-01,1,  3.1536853672842841E-01,33,1,500,500,0,  1.0000000000000000E+00,  1.0000000000000000E+00,  1.0000000000000000E+00,  1.0000000000000000E+00,  3.5889985999999999E-02,  6.7264300000000000E-04,0
2432,  3.8750000000000001E-01,55,  6.2500000000000000E-01,  4.3750000000000000E-01,2,  3.1536853672842841E-01,33,1,500,500,0,  1.0000000000000000E+00,  1.0000000000000000E+00,  1.0000000000000000E+00,  1.0000000000000000E+00,  3.6709261000000000E-02,  7.7325699999999996E-04,0
2433,  3.8750000000000001E-01,55,  6.2500000000000000E-01,  4.3750000000000000E-01,3,  3.1536853672842841E-01,33,1,500,500,0,  1.0000000000000000E+00,  1.0000000000000000E+00,  1.0000000000000000E+00,  1.0000000000000000E+00,  3.6196302000000000E-02,  6.9186800000000000E-04,0
2434,  3.8750000000000001E-01,55,  6.2500000000000000E-01,  4.3750000000000000E-01,4,  3.1536853672842841E-01,33,1,500,500,0,  1.0000000000000000E+00,  1.0000000000000000E+00,  1.0000000000000000E+00,  1.0000000000000000E+00,  3.7092038000000001E-02,  7.0984300000000004E-04,0
2435,  3.8750000000000001E-01,55,  6.2500000000000000E-01,  4.3750000000000000E-01,5,  3.1536853672842841E-01,33,2,504,500,4,  9.3354564151855401E-01,  1.0080000000000000E+00,  1.0000000000000000E+00,  9.6934523353744184E-01,  3.5892108999999998E-02,  6.7102500000000001E-04,0
2436,  3.8750000000000001E-01,55,  6.2500000000000000E-01,  6.2500000000000000E-01,1,  3.1536853672842841E-01,33,1,500,500,0,  1.0000000000000000E+00,  1.0000000000000000E+00,  1.0000000000000000E+00,  1.0000000000000000E+00,  3.5656748000000002E-02,  6.8857800000000002E-04,0
2437,  3.8750000000000001E-01,55,  6.2500000000000000E-01,  6.2500000000000000E-01,2,  3.1536853672842841E-01,33,1,500,500,0,  1.0000000000000000E+00,  1.0000000000000000E+00,  1.0000000000000000E+00,  1.0000000000000000E+00,  3.7812709999999999E-02,  6.8272999999999999E-04,0
2438,  3.8750000000000001E-01,55,  6.2500000000000000E-01,  6.2500000000000000E-01,3,  3.1536853672842841E-01,33,1,500,500,0,  1.0000000000000000E+00,  1.0000000000000000E+00,  1.0000000000000000E+00,  1.0000000000000000E+00,  3.7217224000000000E-02,  6.9296600000000005E-04,0
2439,  3.8750000000000001E-01,55,  6.2500000000000000E-01,  6.2500000000000000E-01,4,  3.1536853672842841E-01,33,1,500,500,0,  1.0000000000000000E+00,  1.0000000000000000E+00,  1.0000000000000000E+00,  1.0000000000000000E+00,  4.8070494999999998E-02,  7.1499800000000000E-04,0
2440,  3.8750000000000001E-01,55,  6.2500000000000000E-01,  6.2500000000000000E-01,5,  3.1536853672842841E-01,33,2,504,500,4,  9.3354564151855401E-01,  1.0080000000000000E+00,  1.0000000000000000E+00,  9.6934523353744184E-01,  3.7092281999999997E-02,  8.8291900000000002E-04,0
2441,  3.8750000000000001E-01,55,  6.2500000000000000E-01,  8.1250000000000000E-01,1,  3.1536853672842841E-01,33,1,500,500,0,  1.0000000000000000E+00,  1.0000000000000000E+00,  1.0000000000000000E+00,  1.0000000000000000E+00,  3.7309982999999998E-02,  7.6174000000000001E-04,0
2442,  3.8750000000000001E-01,55,  6.2500000000000000E-01,  8.1250000000000000E-01,2,  3.1536853672842841E-01,33,1,500,500,0,  1.0000000000000000E+00,  1.0000000000000000E+00,  1.0000000000000000E+00,  1.0000000000000000E+00,  3.6852804000000003E-02,  7.2002700000000004E-04,0
2443,  3.8750000000000001E-01,55,  6.2500000000000000E-01,  8.1250000000000000E-01,3,  3.1536853672842841E-01,33,1,500,500,0,  1.0000000000000000E+00,  1.0000000000000000E+00,  1.0000000000000000E+00,  1.0000000000000000E+00,  3.7307203999999997E-02,  8.2200199999999995E-04,0
2444,  3.8750000000000001E-01,55,  6.2500000000000000E-01,  8.1250000000000000E-01,4,  3.1536853672842841E-01,33,1,500,500,0,  1.0000000000000000E+00,  1.0000000000000000E+00,  1.0000000000000000E+00,  1.0000000000000000E+00,  3.7638434999999998E-02,  6.7858299999999996E-04,0
2445,  3.8750000000000001E-01,55,  6.2500000000000000E-01,  8.1250000000000000E-01,5,  3.1536853672842841E-01,33,2,504,500,4,  9.3354564151855401E-01,  1.0080000000000000E+00,  1.0000000000000000E+00,  9.6934523353744184E-01,  3.8951904000000002E-02,  7.1949000000000004E-04,0
2446,  3.8750000000000001E-01,55,  6.2500000000000000E-01,  1.0000000000000000E+00,1,  3.1536853672842841E-01,33,1,500,500,0,  1.0000000000000000E+00,  1.0000000000000000E+00,  1.0000000000000000E+00,  1.0000000000000000E+00,  3.7992738999999998E-02,  7.1220799999999998E-04,0
2447,  3.8750000000000001E-01,55,  6.2500000000000000E-01,  1.0000000000000000E+00,2,  3.1536853672842841E-01,33,1,500,500,0,  1.0000000000000000E+00,  1.0000000000000000E+00,  1.0000000000000000E+00,  1.0000000000000000E+00,  4.3801671000000000E-02,  8.0126100000000005E-04,0
2448,  3.8750000000000001E-01,55,  6.2500000000000000E-01,  1.0000000000000000E+00,3,  3.1536853672842841E-01,33,1,500,500,0,  1.0000000000000000E+00,  1.0000000000000000E+00,  1.0000000000000000E+00,  1.0000000000000000E+00,  3.8975089999999997E-02,  7.0937599999999995E-04,0
2449,  3.8750000000000001E-01,55,  6.2500000000000000E-01,  1.0000000000000000E+00,4,  3.1536853672842841E-01,33,1,500,500,0,  1.0000000000000000E+00,  1.0000000000000000E+00,  1.0000000000000000E+00,  1.0000000000000000E+00,  4.1388874999999999E-02,  7.0416000000000001E-04,0
2450,  3.8750000000000001E-01,55,  6.2500000000000000E-01,  1.0000000000000000E+00,5,  3.1536853672842841E-01,33,2,504,500,4,  9.3354564151855401E-01,  1.0080000000000000E+00,  1.0000000000000000E+00,  9.6934523353744184E-01,  4.2049762999999997E-02,  7.3298799999999996E-04,0
2451,  3.8750000000000001E-01,55,  8.1250000000000000E-01,  2.5000000000000000E-01,1,  3.1536853672842841E-01,33,1,500,500,0,  1.0000000000000000E+00,  1.0000000000000000E+00,  1.0000000000000000E+00,  1.0000000000000000E+00,  4.2146694999999998E-02,  7.1511800000000005E-04,0
2452,  3.8750000000000001E-01,55,  8.1250000000000000E-01,  2.5000000000000000E-01,2,  3.1536853672842841E-01,33,1,500,500,0,  1.0000000000000000E+00,  1.0000000000000000E+00,  1.0000000000000000E+00,  1.0000000000000000E+00,  4.3238192000000002E-02,  8.5379900000000003E-04,0
2453,  3.8750000000000001E-01,55,  8.1250000000000000E-01,  2.5000000000000000E-01,3,  3.1536853672842841E-01,33,1,500,500,0,  1.0000000000000000E+00,  1.0000000000000000E+00,  1.0000000000000000E+00,  1.0000000000000000E+00,  4.3451214000000002E-02,  8.0095800000000005E-04,0
2454,  3.8750000000000001E-01,55,  8.1250000000000000E-01,  2.5000000000000000E-01,4,  3.1536853672842841E-01,33,1,500,500,0,  1.0000000000000000E+00,  1.0000000000000000E+00,  1.0000000000000000E+00,  1.0000000000000000E+00,  4.6346074000000001E-02,  7.8360300000000001E-04,0
2455,  3.8750000000000001E-01,55,  8.1250000000000000E-01,  2.5000000000000000E-01,5,  3.1536853672842841E-01,33,1,500,500,0,  1.0000000000000000E+00,  1.0000000000000000E+00,  1.0000000000000000E+00,  1.0000000000000000E+00,  4.5352917000000000E-02,  7.6048399999999996E-04,0
2456,  3.8750000000000001E-01,55,  8.1250000000000000E-01,  4.3750000000000000E-01,1,  3.1536853672842841E-01,33,1,500,500,0,  1.0000000000000000E+00,  1.0000000000000000E+00,  1.0000000000000000E+00,  1.0000000000000000E+00,  4.6536710000000002E-02,  7.4239900000000003E-04,0
2457,  3.8750000000000001E-01,55,  8.1250000000000000E-01,  4.3750000000000000E-01,2,  3.1536853672842841E-01,33,1,500,500,0,  1.0000000000000000E+00,  1.0000000000000000E+00,  1.0000000000000000E+00,  1.0000000000000000E+00,  4.5875998000000001E-02,  7.0614099999999997E-04,0
2458,  3.8750000000000001E-01,55,  8.1250000000000000E-01,  4.3750000000000000E-01,3,  3.1536853672842841E-01,33,1,500,500,0,  1.0000000000000000E+00,  1.0000000000000000E+00,  1.0000000000000000E+00,  1.0000000000000000E+00,  4.3739672000000000E-02,  7.4772700000000001E-04,0
2459,  3.8750000000000001E-01,55,  8.1250000000000000E-01,  4.3750000000000000E-01,4,  3.1536853672842841E-01,33,1,500,500,0,  1.0000000000000000E+00,  1.0000000000000000E+00,  1.0000000000000000E+00,  1.0000000000000000E+00,  4.2247582999999998E-02,  6.9959299999999998E-04,0
2460,  3.8750000000000001E-01,55,  8.1250000000000000E-01,  4.3750000000000000E-01,5,  3.1536853672842841E-01,33,1,500,500,0,  1.0000000000000000E+00,  1.0000000000000000E+00,  1.0000000000000000E+00,  1.0000000000000000E+00,  4.0812269999999998E-02,  7.2413800000000004E-04,0
2461,  3.8750000000000001E-01,55,  8.1250000000000000E-01,  6.2500000000000000E-01,1,  3.1536853672842841E-01,33,1,500,500,0,  1.0000000000000000E+00,  1.0000000000000000E+00,  1.0000000000000000E+00,  1.0000000000000000E+00,  4.1247308000000003E-02,  7.2401599999999996E-04,0
2462,  3.8750000000000001E-01,55,  8.1250000000000000E-01,  6.2500000000000000E-01,2,  3.1536853672842841E-01,33,1,500,500,0,  1.0000000000000000E+00,  1.0000000000000000E+00,  1.0000000000000000E+00,  1.0000000000000000E+00,  4.2420421000000000E-02,  7.0793600000000005E-04,0
2463,  3.8750000000000001E-01,55,  8.1250000000000000E-01,  6.2500000000000000E-01,3,  3.1536853672842841E-01,33,1,500,500,0,  1.0000000000000000E+00,  1.0000000000000000E+00,  1.0000000000000000E+00,  1.0000000000000000E+00,  4.3599803999999999E-02,  7.1314100000000004E-04,0
2464,  3.8750000000000001E-01,55,  8.1250000000000000E-01,  6.2500000000000000E-01,4,  3.1536853672842841E-01,33,1,500,500,0,  1.0000000000000000E+00,  1.0000000000000000E+00,  1.0000000000000000E+00,  1.0000000000000000E+00,  4.4839692000000000E-02,  8.6226499999999997E-04,0
2465,  3.8750000000000001E-01,55,  8.1250000000000000E-01,  6.2500000000000000E-01,5,  3.1536853672842841E-01,33,1,500,500,0,  1.0000000000000000E+00,  1.0000000000000000E+00,  1.0000000000000000E+00,  1.0000000000000000E+00,  4.3590504000000002E-02,  6.7172599999999999E-04,0
2466,  3.8750000000000001E-01,55,  8.1250000000000000E-01,  8.1250000000000000E-01,1,  3.1536853672842841E-01,33,1,500,500,0,  1.0000000000000000E+00,  1.0000000000000000E+00,  1.0000000000000000E+00,  1.0000000000000000E+00,  4.8291942999999997E-02,  8.5429199999999999E-04,0
2467,  3.8750000000000001E-01,55,  8.1250000000000000E-01,  8.1250000000000000E-01,2,  3.1536853672842841E-01,33,1,500,500,0,  1.0000000000000000E+00,  1.0000000000000000E+00,  1.0000000000000000E+00,  1.0000000000000000E+00,  4.1817403000000003E-02,  7.0602999999999996E-04,0
2468,  3.8750000000000001E-01,55,  8.1250000000000000E-01,  8.1250000000000000E-01,3,  3.1536853672842841E-01,33,1,500,500,0,  1.0000000000000000E+00,  1.0000000000000000E+00,  1.0000000000000000E+00,  1.0000000000000000E+00,  4.1051127999999999E-02,  7.2069699999999996E-04,0
2469,  3.8750000000000001E-01,55,  8.1250000000000000E-01,  8.1250000000000000E-01,4,  3.1536853672842841E-01,33,1,500,500,0,  1.0000000000000000E+00,  1.0000000000000000E+00,  1.0000000000000000E+00,  1.0000000000000000E+00,  4.1219724999999999E-02,  6.7292399999999998E-04,0
2470,  3.8750000000000001E-01,55,  8.1250000000000000E-01,  8.1250000000000000E-01,5,  3.1536853672842841E-01,33,1,500,500,0,  1.0000000000000000E+00,  1.0000000000000000E+00,  1.0000000000000000E+00,  1.0000000000000000E+00,  4.0235118000000000E-02,  6.8170899999999996E-04,0
2471,  3.8750000000000001E-01,55,  8.1250000000000000E-01,  1.0000000000000000E+00,1,  3.1536853672842841E-01,33,1,500,500,0,  1.0000000000000000E+00,  1.0000000000000000E+00,  1.0000000000000000E+00,  1.0000000000000000E+00,  4.1079216000000002E-02,  7.0586499999999996E-04,0
2472,  3.8750000000000001E-01,55,  8.1250000000000000E-01,  1.0000000000000000E+00,2,  3.1536853672842841E-01,33,1,500,500,0,  1.0000000000000000E+00,  1.0000000000000000E+00,  1.0000000000000000E+00,  1.0000000000000000E+00,  4.0519708000000002E-02,  6.6213100000000005E-04,0
2473,  3.8750000000000001E-01,55,  8.1250000000000000E-01,  1.0000000000000000E+00,3,  3.1536853672842841E-01,33,1,500,500,0,  1.0000000000000000E+00,  1.0000000000000000E+00,  1.0000000000000000E+00,  1.0000000000000000E+00,  4.0018231000000001E-02,  6.9110799999999996E-04,0
2474,  3.8750000000000001E-01,55,  8.1250000000000000E-01,  1.0000000000000000E+00,4,  3.1536853672842841E-01,33,1,500,500,0,  1.0000000000000000E+00,  1.0000000000000000E+00,  1.0000000000000000E+00,  1.0000000000000000E+00,  4.2326312999999997E-02,  7.0960700000000001E-04,0
2475,  3.8750000000000001E-01,55,  8.1250000000000000E-01,  1.0000000000000000E+00,5,  3.1536853672842841E-01,33,1,500,500,0,  1.0000000000000000E+00,  1.0000000000000000E+00,  1.0000000000000000E+00,  1.0000000000000000E+00,  4.4723087000000002E-02,  8.9798799999999995E-04,0
2476,  3.8750000000000001E-01,55,  1.0000000000000000E+00,  2.5000000000000000E-01,1,  3.1536853672842841E-01,33,1,500,500,0,  1.0000000000000000E+00,  1.0000000000000000E+00,  1.0000000000000000E+00,  1.0000000000000000E+00,  4.7389941999999997E-02,  7.0966900000000001E-04,0
2477,  3.8750000000000001E-01,55,  1.0000000000000000E+00,  2.5000000000000000E-01,2,  3.1536853672842841E-01,33,1,500,500,0,  1.0000000000000000E+00,  1.0000000000000000E+00,  1.0000000000000000E+00,  1.0000000000000000E+00,  4.9418904000000000E-02,  6.9930700000000003E-04,0
2478,  3.8750000000000001E-01,55,  1.0000000000000000E+00,  2.5000000000000000E-01,3,  3.1536853672842841E-01,33,1,500,500,0,  1.0000000000000000E+00,  1.0000000000000000E+00,  1.0000000000000000E+00,  1.0000000000000000E+00,  4.8636114000000001E-02,  7.1573100000000005E-04,0
2479,  3.8750000000000001E-01,55,  1.0000000000000000E+00,  2.5000000000000000E-01,4,  3.1536853672842841E-01,33,1,500,500,0,  1.0000000000000000E+00,  1.0000000000000000E+00,  1.0000000000000000E+00,  1.0000000000000000E+00,  4.7872379000000000E-02,  6.7136799999999999E-04,0
2480,  3.8750000000000001E-01,55,  1.0000000000000000E+00,  2.5000000000000000E-01,5,  3.1536853672842841E-01,33,1,500,500,0,  1.0000000000000000E+00,  1.0000000000000000E+00,  1.0000000000000000E+00,  1.0000000000000000E+00,  5.0119310000000000E-02,  7.0277600000000001E-04,0
2481,  3.8750000000000001E-01,55,  1.0000000000000000E+00,  4.3750000000000000E-01,1,  3.1536853672842841E-01,33,1,500,500,0,  1.0000000000000000E+00,  1.0000000000000000E+00,  1.0000000000000000E+00,  1.0000000000000000E+00,  5.3207296000000001E-02,  6.9469200000000001E-04,0
2482,  3.8750000000000001E-01,55,  1.0000000000000000E+00,  4.3750000000000000E-01,2,  3.1536853672842841E-01,33,1,500,500,0,  1.0000000000000000E+00,  1.0000000000000000E+00,  1.0000000000000000E+00,  1.0000000000000000E+00,  5.5444509000000003E-02,  8.0132800000000002E-04,0
2483,  3.8750000000000001E-01,55,  1.0000000000000000E+00,  4.3750000000000000E-01,3,  3.1536853672842841E-01,33,1,500,500,0,  1.0000000000000000E+00,  1.0000000000000000E+00,  1.0000000000000000E+00,  1.0000000000000000E+00,  5.0558511000000000E-02,  7.1531399999999999E-04,0
2484,  3.8750000000000001E-01,55,  1.0000000000000000E+00,  4.3750000000000000E-01,4,  3.1536853672842841E-01,33,1,500,500,0,  1.0000000000000000E+00,  1.0000000000000000E+00,  1.0000000000000000E+00,  1.0000000000000000E+00,  5.1306813999999999E-02,  7.3856900000000001E-04,0
2485,  3.8750000000000001E-01,55,  1.0000000000000000E+00,  4.3750000000000000E-01,5,  3.1536853672842841E-01,33,1,500,500,0,  1.0000000000000000E+00,  1.0000000000000000E+00,  1.0000000000000000E+00,  1.0000000000000000E+00,  4.7510257000000000E-02,  6.8908900000000004E-04,0
2486,  3.8750000000000001E-01,55,  1.0000000000000000E+00,  6.2500000000000000E-01,1,  3.1536853672842841E-01,33,1,500,500,0,  1.0000000000000000E+00,  1.0000000000000000E+00,  1.0000000000000000E+00,  1.0000000000000000E+00,  5.2111841999999998E-02,  7.1083599999999995E-04,0
2487,  3.8750000000000001E-01,55,  1.0000000000000000E+00,  6.2500000000000000E-01,2,  3.1536853672842841E-01,33,1,500,500,0,  1.0000000000000000E+00,  1.0000000000000000E+00,  1.0000000000000000E+00,  1.0000000000000000E+00,  5.6841651999999999E-02,  7.1213299999999999E-04,0
2488,  3.8750000000000001E-01,55,  1.0000000000000000E+00,  6.2500000000000000E-01,3,  3.1536853672842841E-01,33,1,500,500,0,  1.0000000000000000E+00,  1.0000000000000000E+00,  1.0000000000000000E+00,  1.0000000000000000E+00,  5.4857088999999998E-02,  1.0702430000000000E-03,0
2489,  3.8750000000000001E-01,55,  1.0000000000000000E+00,  6.2500000000000000E-01,4,  3.1536853672842841E-01,33,1,500,500,0,  1.0000000000000000E+00,  1.0000000000000000E+00,  1.0000000000000000E+00,  1.0000000000000000E+00,  5.6554024000000001E-02,  7.1462000000000001E-04,0
2490,  3.8750000000000001E-01,55,  1.0000000000000000E+00,  6.2500000000000000E-01,5,  3.1536853672842841E-01,33,1,500,500,0,  1.0000000000000000E+00,  1.0000000000000000E+00,  1.0000000000000000E+00,  1.0000000000000000E+00,  4.9726653000000003E-02,  7.3256500000000002E-04,0
2491,  3.8750000000000001E-01,55,  1.0000000000000000E+00,  8.1250000000000000E-01,1,  3.1536853672842841E-01,33,1,500,500,0,  1.0000000000000000E+00,  1.0000000000000000E+00,  1.0000000000000000E+00,  1.0000000000000000E+00,  5.0437058999999999E-02,  7.0305900000000002E-04,0
2492,  3.8750000000000001E-01,55,  1.0000000000000000E+00,  8.1250000000000000E-01,2,  3.1536853672842841E-01,33,1,500,500,0,  1.0000000000000000E+00,  1.0000000000000000E+00,  1.0000000000000000E+00,  1.0000000000000000E+00,  5.3179716000000002E-02,  1.1492070000000000E-03,0
2493,  3.8750000000000001E-01,55,  1.0000000000000000E+00,  8.1250000000000000E-01,3,  3.1536853672842841E-01,33,1,500,500,0,  1.0000000000000000E+00,  1.0000000000000000E+00,  1.0000000000000000E+00,  1.0000000000000000E+00,  5.1471163000000000E-02,  6.9374900000000001E-04,0
2494,  3.8750000000000001E-01,55,  1.0000000000000000E+00,  8.1250000000000000E-01,4,  3.1536853672842841E-01,33,1,500,500,0,  1.0000000000000000E+00,  1.0000000000000000E+00,  1.0000000000000000E+00,  1.0000000000000000E+00,  4.9730436000000003E-02,  6.9259200000000001E-04,0
2495,  3.8750000000000001E-01,55,  1.0000000000000000E+00,  8.1250000000000000E-01,5,  3.1536853672842841E-01,33,1,500,500,0,  1.0000000000000000E+00,  1.0000000000000000E+00,  1.0000000000000000E+00,  1.0000000000000000E+00,  4.9388160000000000E-02,  7.1526499999999998E-04,0
2496,  3.8750000000000001E-01,55,  1.0000000000000000E+00,  1.0000000000000000E+00,1,  3.1536853672842841E-01,33,1,500,500,0,  1.0000000000000000E+00,  1.0000000000000000E+00,  1.0000000000000000E+00,  1.0000000000000000E+00,  4.7181905000000003E-02,  8.0986800000000005E-04,0
2497,  3.8750000000000001E-01,55,  1.0000000000000000E+00,  1.0000000000000000E+00,2,  3.1536853672842841E-01,33,1,500,500,0,  1.0000000000000000E+00,  1.0000000000000000E+00,  1.0000000000000000E+00,  1.0000000000000000E+00,  5.0144785999999997E-02,  7.3913799999999997E-04,0
2498,  3.8750000000000001E-01,55,  1.0000000000000000E+00,  1.0000000000000000E+00,3,  3.1536853672842841E-01,33,1,500,500,0,  1.0000000000000000E+00,  1.0000000000000000E+00,  1.0000000000000000E+00,  1.0000000000000000E+00,  4.9203469999999999E-02,  6.9401599999999999E-04,0
2499,  3.8750000000000001E-01,55,  1.0000000000000000E+00,  1.0000000000000000E+00,4,  3.1536853672842841E-01,33,1,500,500,0,  1.0000000000000000E+00,  1.0000000000000000E+00,  1.0000000000000000E+00,  1.0000000000000000E+00,  4.9502663000000002E-02,  6.9415999999999998E-04,0
2500,  3.8750000000000001E-01,55,  1.0000000000000000E+00,  1.0000000000000000E+00,5,  3.1536853672842841E-01,33,1,500,500,0,  1.0000000000000000E+00,  1.0000000000000000E+00,  1.0000000000000000E+00,  1.0000000000000000E+00,  4.9517949999999998E-02,  6.9003800000000002E-04,0
2501,  5.0000000000000000E-01,15,  2.5000000000000000E-01,  2.5000000000000000E-01,1,  4.1119814955679607E-01,102,1,500,500,0,  1.0000000000000000E+00,  1.0000000000000000E+00,  1.0000000000000000E+00,  1.0000000000000000E+00,  1.2019572500000000E-01,  8.2887100000000001E-04,0
2502,  5.0000000000000000E-01,15,  2.5000000000000000E-01,  2.5000000000000000E-01,2,  4.1119814955679607E-01,102,1,500,500,0,  1.0000000000000000E+00,  1.0000000000000000E+00,  1.0000000000000000E+00,  1.0000000000000000E+00,  1.2017440500000000E-01,  8.7325200000000003E-04,0
2503,  5.0000000000000000E-01,15,  2.5000000000000000E-01,  2.5000000000000000E-01,3,  4.1119814955679607E-01,102,2,502,500,2,  9.3296298414279932E-01,  1.0040000000000000E+00,  1.0000000000000000E+00,  9.6717887099314259E-01,  1.1618617300000000E-01,  8.6784999999999998E-04,0
2504,  5.0000000000000000E-01,15,  2.5000000000000000E-01,  2.5000000000000000E-01,4,  4.1119814955679607E-01,102,2,502,500,2,  9.3296298414279932E-01,  1.0040000000000000E+00,  1.0000000000000000E+00,  9.6717887099314259E-01,  1.2055904600000000E-01,  9.6007500000000001E-04,0
2505,  5.0000000000000000E-01,15,  2.5000000000000000E-01,  2.5000000000000000E-01,5,  4.1119814955679607E-01,102,3,506,500,6,  8.0951661260516283E-01,  1.0120000000000000E+00,  1.0000000000000000E+00,  8.9950407949861888E-01,  1.3352641800000001E-01,  8.7217900000000005E-04,0
2506,  5.0000000000000000E-01,15,  2.5000000000000000E-01,  4.3750000000000000E-01,1,  4.1119814955679607E-01,102,1,500,500,0,  1.0000000000000000E+00,  1.0000000000000000E+00,  1.0000000000000000E+00,  1.0000000000000000E+00,  1.1811210500000000E-01,  8.5856099999999998E-04,0
2507,  5.0000000000000000E-01,15,  2.5000000000000000E-01,  4.3750000000000000E-01,2,  4.1119814955679607E-01,102,1,500,500,0,  1.0000000000000000E+00,  1.0000000000000000E+00,  1.0000000000000000E+00,  1.0000000000000000E+00,  1.3688589100000001E-01,  8.2356699999999998E-04,0
2508,  5.0000000000000000E-01,15,  2.5000000000000000E-01,  4.3750000000000000E-01,3,  4.1119814955679607E-01,102,2,502,500,2,  9.3296298414279932E-01,  1.0040000000000000E+00,  1.0000000000000000E+00,  9.6717887099314259E-01,  1.1527033900000000E-01,  8.4194999999999995E-04,0
2509,  5.0000000000000000E-01,15,  2.5000000000000000E-01,  4.3750000000000000E-01,4,  4.1119814955679607E-01,102,2,502,500,2,  9.3296298414279932E-01,  1.0040000000000000E+00,  1.0000000000000000E+00,  9.6717887099314259E-01,  1.1991131700000000E-01,  8.2642000000000002E-04,0
2510,  5.0000000000000000E-01,15,  2.5000000000000000E-01,  4.3750000000000000E-01,5,  4.1119814955679607E-01,102,3,506,500,6,  8.0951661260516283E-01,  1.0120000000000000E+00,  1.0000000000000000E+00,  8.9950407949861888E-01,  1.1638669900000000E-01,  9.2558199999999999E-04,0
2511,  5.0000000000000000E-01,15,  2.5000000000000000E-01,  6.2500000000000000E-01,1,  4.1119814955679607E-01,102,1,500,500,0,  1.0000000000000000E+00,  1.0000000000000000E+00,  1.0000000000000000E+00,  1.0000000000000000E+00,  1.1911352000000000E-01,  8.5756600000000004E-04,0
2512,  5.0000000000000000E-01,15,  2.5000000000000000E-01,  6.2500000000000000E-01,2,  4.1119814955679607E-01,102,1,500,500,0,  1.0000000000000000E+00,  1.0000000000000000E+00,  1.0000000000000000E+00,  1.0000000000000000E+00,  1.1756016499999999E-01,  8.3052799999999997E-04,0
2513,  5.0000000000000000E-01,15,  2.5000000000000000E-01,  6.2500000000000000E-01,3,  4.1119814955679607E-01,102,2,502,500,2,  9.3296298414279932E-01,  1.0040000000000000E+00,  1.0000000000000000E+00,  9.6717887099314259E-01,  1.1942927200000000E-01,  8.3949600000000001E-04,0
2514,  5.0000000000000000E-01,15,  2.5000000000000000E-01,  6.2500000000000000E-01,4,  4.1119814955679607E-01,102,2,502,500,2,  9.3296298414279932E-01,  1.0040000000000000E+00,  1.0000000000000000E+00,  9.6717887099314259E-01,  1.2170310199999999E-01,  8.5414499999999995E-04,0
2515,  5.0000000000000000E-01,15,  2.5000000000000000E-01,  6.2500000000000000E-01,5,  4.1119814955679607E-01,102,3,506,500,6,  8.0951661260516283E-01,  1.0120000000000000E+00,  1.0000000000000000E+00,  8.9950407949861888E-01,  1.1855337600000000E-01,  9.5128800000000000E-04,0
2516,  5.0000000000000000E-01,15,  2.5000000000000000E-01,  8.1250000000000000E-01,1,  4.1119814955679607E-01,102,1,500,500,0,  1.0000000000000000E+00,  1.0000000000000000E+00,  1.0000000000000000E+00,  1.0000000000000000E+00,  1.4196104300000001E-01,  9.3613500000000005E-04,0
2517,  5.0000000000000000E-01,15,  2.5000000000000000E-01,  8.1250000000000000E-01,2,  4.1119814955679607E-01,102,1,500,500,0,  1.0000000000000000E+00,  1.0000000000000000E+00,  1.0000000000000000E+00,  1.0000000000000000E+00,  1.2414719900000000E-01,  8.6355299999999998E-04,0
2518,  5.0000000000000000E-01,15,  2.5000000000000000E-01,  8.1250000000000000E-01,3,  4.1119814955679607E-01,102,2,502,500,2,  9.3296298414279932E-01,  1.0040000000000000E+00,  1.0000000000000000E+00,  9.6717887099314259E-01,  1.1679587499999999E-01,  1.2955379999999999E-03,0
2519,  5.0000000000000000E-01,15,  2.5000000000000000E-01,  8.1250000000000000E-01,4,  4.1119814955679607E-01,102,2,502,500,2,  9.3296298414279932E-01,  1.0040000000000000E+00,  1.0000000000000000E+00,  9.6717887099314259E-01,  1.1721299900000000E-01,  8.4196700000000000E-04,0
2520,  5.0000000000000000E-01,15,  2.5000000000000000E-01,  8.1250000000000000E-01,5,  4.1119814955679607E-01,102,3,506,500,6,  8.0951661260516283E-01,  1.0120000000000000E+00,  1.0000000000000000E+00,  8.9950407949861888E-01,  1.1724204200000000E-01,  9.3725000000000004E-04,0
2521,  5.0000000000000000E-01,15,  2.5000000000000000E-01,  1.0000000000000000E+00,1,  4.1119814955679607E-01,102,1,500,500,0,  1.0000000000000000E+00,  1.0000000000000000E+00,  1.0000000000000000E+00,  1.0000000000000000E+00,  1.1656712800000001E-01,  8.3781100000000005E-04,0
2522,  5.0000000000000000E-01,15,  2.5000000000000000E-01,  1.0000000000000000E+00,2,  4.1119814955679607E-01,102,1,500,500,0,  1.0000000000000000E+00,  1.0000000000000000E+00,  1.0000000000000000E+00,  1.0000000000000000E+00,  1.2770731799999999E-01,  8.2630900000000001E-04,0
2523,  5.0000000000000000E-01,15,  2.5000000000000000E-01,  1.0000000000000000E+00,3,  4.1119814955679607E-01,102,2,502,500,2,  9.3296298414279932E-01,  1.0040000000000000E+00,  1.0000000000000000E+00,  9.6717887099314259E-01,  1.1913370900000000E-01,  1.2277530000000000E-03,0
2524,  5.0000000000000000E-01,15,  2.5000000000000000E-01,  1.0000000000000000E+00,4,  4.1119814955679607E-01,102,2,502,500,2,  9.3296298414279932E-01,  1.0040000000000000E+00,  1.0000000000000000E+00,  9.6717887099314259E-01,  1.1544091099999999E-01,  8.3554099999999997E-04,0
2525,  5.0000000000000000E-01,15,  2.5000000000000000E-01,  1.0000000000000000E+00,5,  4.1119814955679607E-01,102,3,506,500,6,  8.0951661260516283E-01,  1.0120000000000000E+00,  1.0000000000000000E+00,  8.9950407949861888E-01,  1.1994860200000000E-01,  8.2623099999999997E-04,0
2526,  5.0000000000000000E-01,15,  4.3750000000000000E-01,  2.5000000000000000E-01,1,  4.1119814955679607E-01,102,1,500,500,0,  1.0000000000000000E+00,  1.0000000000000000E+00,  1.0000000000000000E+00,  1.0000000000000000E+00,  1.2667590100000001E-01,  8.3683900000000003E-04,0
2527,  5.0000000000000000E-01,15,  4.3750000000000000E-01,  2.5000000000000000E-01,2,  4.1119814955679607E-01,102,1,500,500,0,  1.0000000000000000E+00,  1.0000000000000000E+00,  1.0000000000000000E+00,  1.0000000000000000E+00,  1.2997011400000000E-01,  8.8038199999999997E-04,0
2528,  5.0000000000000000E-01,15,  4.3750000000000000E-01,  2.5000000000000000E-01,3,  4.1119814955679607E-01,102,1,500,500,0,  1.0000000000000000E+00,  1.0000000000000000E+00,  1.0000000000000000E+00,  1.0000000000000000E+00,  1.3171176600000001E-01,  9.2899800000000000E-04,0
2529,  5.0000000000000000E-01,15,  4.3750000000000000E-01,  2.5000000000000000E-01,4,  4.1119814955679607E-01,102,1,500,500,0,  1.0000000000000000E+00,  1.0000000000000000E+00,  1.0000000000000000E+00,  1.0000000000000000E+00,  1.3254822499999999E-01,  8.7637900000000005E-04,0
2530,  5.0000000000000000E-01,15,  4.3750000000000000E-01,  2.5000000000000000E-01,5,  4.1119814955679607E-01,102,1,500,500,0,  1.0000000000000000E+00,  1.0000000000000000E+00,  1.0000000000000000E+00,  1.0000000000000000E+00,  1.3336500900000001E-01,  8.7314000000000001E-04,0
2531,  5.0000000000000000E-01,15,  4.3750000000000000E-01,  4.3750000000000000E-01,1,  4.1119814955679607E-01,102,1,500,500,0,  1.0000000000000000E+00,  1.0000000000000000E+00,  1.0000000000000000E+00,  1.0000000000000000E+00,  1.3859840800000001E-01,  9.3402600000000002E-04,0
2532,  5.0000000000000000E-01,15,  4.3750000000000000E-01,  4.3750000000000000E-01,2,  4.1119814955679607E-01,102,1,500,500,0,  1.0000000000000000E+00,  1.0000000000000000E+00,  1.0000000000000000E+00,  1.0000000000000000E+00,  1.3063997399999999E-01,  8.9237599999999995E-04,0
2533,  5.0000000000000000E-01,15,  4.3750000000000000E-01,  4.3750000000000000E-01,3,  4.1119814955679607E-01,102,1,500,500,0,  1.0000000000000000E+00,  1.0000000000000000E+00,  1.0000000000000000E+00,  1.0000000000000000E+00,  1.3751105699999999E-01,  1.0356339999999999E-03,0
2534,  5.0000000000000000E-01,15,  4.3750000000000000E-01,  4.3750000000000000E-01,4,  4.1119814955679607E-01,102,1,500,500,0,  1.0000000000000000E+00,  1.0000000000000000E+00,  1.0000000000000000E+00,  1.0000000000000000E+00,  1.3272136000000001E-01,  8.5961000000000002E-04,0
2535,  5.0000000000000000E-01,15,  4.3750000000000000E-01,  4.3750000000000000E-01,5,  4.1119814955679607E-01,102,1,500,500,0,  1.0000000000000000E+00,  1.0000000000000000E+00,  1.0000000000000000E+00,  1.0000000000000000E+00,  1.3012542899999999E-01,  9.9564599999999999E-04,0
2536,  5.0000000000000000E-01,15,  4.3750000000000000E-01,  6.2500000000000000E-01,1,  4.1119814955679607E-01,102,1,500,500,0,  1.0000000000000000E+00,  1.0000000000000000E+00,  1.0000000000000000E+00,  1.0000000000000000E+00,  1.2784134500000000E-01,  9.6598200000000000E-04,0
2537,  5.0000000000000000E-01,15,  4.3750000000000000E-01,  6.2500000000000000E-01,2,  4.1119814955679607E-01,102,1,500,500,0,  1.0000000000000000E+00,  1.0000000000000000E+00,  1.0000000000000000E+00,  1.0000000000000000E+00,  1.2421764600000000E-01,  8.5684699999999999E-04,0
2538,  5.0000000000000000E-01,15,  4.3750000000000000E-01,  6.2500000000000000E-01,3,  4.1119814955679607E-01,102,1,500,500,0,  1.0000000000000000E+00,  1.0000000000000000E+00,  1.0000000000000000E+00,  1.0000000000000000E+00,  1.2537739300000000E-01,  8.5774300000000000E-04,0
2539,  5.0000000000000000E-01,15,  4.3750000000000000E-01,  6.2500000000000000E-01,4,  4.1119814955679607E-01,102,1,500,500,0,  1.0000000000000000E+00,  1.0000000000000000E+00,  1.0000000000000000E+00,  1.0000000000000000E+00,  1.4593323400000000E-01,  8.9202800000000000E-04,0
2540,  5.0000000000000000E-01,15,  4.3750000000000000E-01,  6.2500000000000000E-01,5,  4.1119814955679607E-01,102,1,500,500,0,  1.0000000000000000E+00,  1.0000000000000000E+00,  1.0000000000000000E+00,  1.0000000000000000E+00,  1.3241159199999999E-01,  8.9899700000000001E-04,0
2541,  5.0000000000000000E-01,15,  4.3750000000000000E-01,  8.1250000000000000E-01,1,  4.1119814955679607E-01,102,1,500,500,0,  1.0000000000000000E+00,  1.0000000000000000E+00,  1.0000000000000000E+00,  1.0000000000000000E+00,  1.3089933300000001E-01,  9.0740500000000002E-04,0
2542,  5.0000000000000000E-01,15,  4.3750000000000000E-01,  8.1250000000000000E-01,2,  4.1119814955679607E-01,102,1,500,500,0,  1.0000000000000000E+00,  1.0000000000000000E+00,  1.0000000000000000E+00,  1.0000000000000000E+00,  1.2960631800000000E-01,  8.3328099999999995E-04,0
2543,  5.0000000000000000E-01,15,  4.3750000000000000E-01,  8.1250000000000000E-01,3,  4.1119814955679607E-01,102,1,500,500,0,  1.0000000000000000E+00,  1.0000000000000000E+00,  1.0000000000000000E+00,  1.0000000000000000E+00,  1.2425036700000000E-01,  9.4110500000000002E-04,0
2544,  5.0000000000000000E-01,15,  4.3750000000000000E-01,  8.1250000000000000E-01,4,  4.1119814955679607E-01,102,1,500,500,0,  1.0000000000000000E+00,  1.0000000000000000E+00,  1.0000000000000000E+00,  1.0000000000000000E+00,  1.2620900700000001E-01,  2.1023760000000000E-03,0
2545,  5.0000000000000000E-01,15,  4.3750000000000000E-01,  8.1250000000000000E-01,5,  4.1119814955679607E-01,102,1,500,500,0,  1.0000000000000000E+00,  1.0000000000000000E+00,  1.0000000000000000E+00,  1.0000000000000000E+00,  1.4700911000000000E-01,  9.0151100000000002E-04,0
2546,  5.0000000000000000E-01,15,  4.3750000000000000E-01,  1.0000000000000000E+00,1,  4.1119814955679607E-01,102,1,500,500,0,  1.0000000000000000E+00,  1.0000000000000000E+00,  1.0000000000000000E+00,  1.0000000000000000E+00,  1.3858814500000000E-01,  1.3510029999999999E-03,0
2547,  5.0000000000000000E-01,15,  4.3750000000000000E-01,  1.0000000000000000E+00,2,  4.1119814955679607E-01,102,1,500,500,0,  1.0000000000000000E+00,  1.0000000000000000E+00,  1.0000000000000000E+00,  1.0000000000000000E+00,  1.3285091800000001E-01,  8.5162300000000003E-04,0
2548,  5.0000000000000000E-01,15,  4.3750000000000000E-01,  1.0000000000000000E+00,3,  4.1119814955679607E-01,102,1,500,500,0,  1.0000000000000000E+00,  1.0000000000000000E+00,  1.0000000000000000E+00,  1.0000000000000000E+00,  1.3653237300000001E-01,  8.8213500000000004E-04,0
2549,  5.0000000000000000E-01,15,  4.3750000000000000E-01,  1.0000000000000000E+00,4,  4.1119814955679607E-01,102,1,500,500,0,  1.0000000000000000E+00,  1.0000000000000000E+00,  1.0000000000000000E+00,  1.0000000000000000E+00,  1.3135890500000000E-01,  8.9561999999999997E-04,0
2550,  5.0000000000000000E-01,15,  4.3750000000000000E-01,  1.0000000000000000E+00,5,  4.1119814955679607E-01,102,1,500,500,0,  1.0000000000000000E+00,  1.0000000000000000E+00,  1.0000000000000000E+00,  1.0000000000000000E+00,  1.2712637800000001E-01,  8.5320399999999998E-04,0
2551,  5.0000000000000000E-01,15,  6.2500000000000000E-01,  2.5000000000000000E-01,1,  4.1119814955679607E-01,102,1,500,500,0,  1.0000000000000000E+00,  1.0000000000000000E+00,  1.0000000000000000E+00,  1.0000000000000000E+00,  1.5603939100000000E-01,  8.9086199999999997E-04,0
2552,  5.0000000000000000E-01,15,  6.2500000000000000E-01,  2.5000000000000000E-01,2,  4.1119814955679607E-01,102,1,500,500,0,  1.0000000000000000E+00,  1.0000000000000000E+00,  1.0000000000000000E+00,  1.0000000000000000E+00,  1.5133820900000000E-01,  8.5222800000000001E-04,0
2553,  5.0000000000000000E-01,15,  6.2500000000000000E-01,  2.5000000000000000E-01,3,  4.1119814955679607E-01,102,1,500,500,0,  1.0000000000000000E+00,  1.0000000000000000E+00,  1.0000000000000000E+00,  1.0000000000000000E+00,  1.6434651200000000E-01,  8.7880700000000000E-04,0
2554,  5.0000000000000000E-01,15,  6.2500000000000000E-01,  2.5000000000000000E-01,4,  4.1119814955679607E-01,102,1,500,500,0,  1.0000000000000000E+00,  1.0000000000000000E+00,  1.0000000000000000E+00,  1.0000000000000000E+00,  1.5287596800000000E-01,  9.2855800000000001E-04,0
2555,  5.0000000000000000E-01,15,  6.2500000000000000E-01,  2.5000000000000000E-01,5,  4.1119814955679607E-01,102,1,500,500,0,  1.0000000000000000E+00,  1.0000000000000000E+00,  1.0000000000000000E+00,  1.0000000000000000E+00,  1.5258697299999999E-01,  8.6531599999999998E-04,0
2556,  5.0000000000000000E-01,15,  6.2500000000000000E-01,  4.3750000000000000E-01,1,  4.1119814955679607E-01,102,1,500,500,0,  1.0000000000000000E+00,  1.0000000000000000E+00,  1.0000000000000000E+00,  1.0000000000000000E+00,  1.5463004999999999E-01,  8.7200799999999996E-04,0
2557,  5.0000000000000000E-01,15,  6.2500000000000000E-01,  4.3750000000000000E-01,2,  4.1119814955679607E-01,102,1,500,500,0,  1.0000000000000000E+00,  1.0000000000000000E+00,  1.0000000000000000E+00,  1.0000000000000000E+00,  1.5226106500000000E-01,  8.7649799999999997E-04,0
2558,  5.0000000000000000E-01,15,  6.2500000000000000E-01,  4.3750000000000000E-01,3,  4.1119814955679607E-01,102,1,500,500,0,  1.0000000000000000E+00,  1.0000000000000000E+00,  1.0000000000000000E+00,  1.0000000000000000E+00,  1.8916673900000000E-01,  9.8871099999999997E-04,0
2559,  5.0000000000000000E-01,15,  6.2500000000000000E-01,  4.3750000000000000E-01,4,  4.1119814955679607E-01,102,1,500,500,0,  1.0000000000000000E+00,  1.0000000000000000E+00,  1.0000000000000000E+00,  1.0000000000000000E+00,  1.7054137300000000E-01,  9.0457299999999999E-04,0
2560,  5.0000000000000000E-01,15,  6.2500000000000000E-01,  4.3750000000000000E-01,5,  4.1119814955679607E-01,102,1,500,500,0,  1.0000000000000000E+00,  1.0000000000000000E+00,  1.0000000000000000E+00,  1.0000000000000000E+00,  1.4962706000000001E-01,  8.2575699999999999E-04,0
2561,  5.0000000000000000E-01,15,  6.2500000000000000E-01,  6.2500000000000000E-01,1,  4.1119814955679607E-01,102,1,500,500,0,  1.0000000000000000E+00,  1.0000000000000000E+00,  1.0000000000000000E+00,  1.0000000000000000E+00,  1.5074962000000000E-01,  8.5963299999999995E-04,0
2562,  5.0000000000000000E-01,15,  6.2500000000000000E-01,  6.2500000000000000E-01,2,  4.1119814955679607E-01,102,1,500,500,0,  1.0000000000000000E+00,  1.0000000000000000E+00,  1.0000000000000000E+00,  1.0000000000000000E+00,  1.4738596900000001E-01,  8.5360500000000001E-04,0
2563,  5.0000000000000000E-01,15,  6.2500000000000000E-01,  6.2500000000000000E-01,3,  4.1119814955679607E-01,102,1,500,500,0,  1.0000000000000000E+00,  1.0000000000000000E+00,  1.0000000000000000E+00,  1.0000000000000000E+00,  1.6453594799999999E-01,  1.4008840000000000E-03,0
2564,  5.0000000000000000E-01,15,  6.2500000000000000E-01,  6.2500000000000000E-01,4,  4.1119814955679607E-01,102,1,500,500,0,  1.0000000000000000E+00,  1.0000000000000000E+00,  1.0000000000000000E+00,  1.0000000000000000E+00,  1.5614285300000000E-01,  8.8115800000000005E-04,0
2565,  5.0000000000000000E-01,15,  6.2500000000000000E-01,  6.2500000000000000E-01,5,  4.1119814955679607E-01,102,1,500,500,0,  1.0000000000000000E+00,  1.0000000000000000E+00,  1.0000000000000000E+00,  1.0000000000000000E+00,  1.7395857500000000E-01,  1.4747910000000000E-03,0
2566,  5.0000000000000000E-01,15,  6.2500000000000000E-01,  8.1250000000000000E-01,1,  4.1119814955679607E-01,102,1,500,500,0,  1.0000000000000000E+00,  1.0000000000000000E+00,  1.0000000000000000E+00,  1.0000000000000000E+00,  1.8340607900000000E-01,  9.1694599999999997E-04,0
2567,  5.0000000000000000E-01,15,  6.2500000000000000E-01,  8.1250000000000000E-01,2,  4.1119814955679607E-01,102,1,500,500,0,  1.0000000000000000E+00,  1.0000000000000000E+00,  1.0000000000000000E+00,  1.0000000000000000E+00,  1.7076423299999999E-01,  1.2188259999999999E-03,0
2568,  5.0000000000000000E-01,15,  6.2500000000000000E-01,  8.1250000000000000E-01,3,  4.1119814955679607E-01,102,1,500,500,0,  1.0000000000000000E+00,  1.0000000000000000E+00,  1.0000000000000000E+00,  1.0000000000000000E+00,  1.6702071800000001E-01,  1.2525609999999999E-03,0
2569,  5.0000000000000000E-01,15,  6.2500000000000000E-01,  8.1250000000000000E-01,4,  4.1119814955679607E-01,102,1,500,500,0,  1.0000000000000000E+00,  1.0000000000000000E+00,  1.0000000000000000E+00,  1.0000000000000000E+00,  1.6766880100000001E-01,  8.6621500000000004E-04,0
2570,  5.0000000000000000E-01,15,  6.2500000000000000E-01,  8.1250000000000000E-01,5,  4.1119814955679607E-01,102,1,500,500,0,  1.0000000000000000E+00,  1.0000000000000000E+00,  1.0000000000000000E+00,  1.0000000000000000E+00,  1.6213337200000000E-01,  8.8250500000000001E-04,0
2571,  5.0000000000000000E-01,15,  6.2500000000000000E-01,  1.0000000000000000E+00,1,  4.1119814955679607E-01,102,1,500,500,0,  1.0000000000000000E+00,  1.0000000000000000E+00,  1.0000000000000000E+00,  1.0000000000000000E+00,  1.7094518700000000E-01,  8.6911200000000001E-04,0
2572,  5.0000000000000000E-01,15,  6.2500000000000000E-01,  1.0000000000000000E+00,2,  4.1119814955679607E-01,102,1,500,500,0,  1.0000000000000000E+00,  1.0000000000000000E+00,  1.0000000000000000E+00,  1.0000000000000000E+00,  1.8135696700000001E-01,  1.1996180000000000E-03,0
2573,  5.0000000000000000E-01,15,  6.2500000000000000E-01,  1.0000000000000000E+00,3,  4.1119814955679607E-01,102,1,500,500,0,  1.0000000000000000E+00,  1.0000000000000000E+00,  1.0000000000000000E+00,  1.0000000000000000E+00,  1.7516981000000001E-01,  8.7335600000000005E-04,0
2574,  5.0000000000000000E-01,15,  6.2500000000000000E-01,  1.0000000000000000E+00,4,  4.1119814955679607E-01,102,1,500,500,0,  1.0000000000000000E+00,  1.0000000000000000E+00,  1.0000000000000000E+00,  1.0000000000000000E+00,  1.5151497700000000E-01,  8.6840300000000001E-04,0
2575,  5.0000000000000000E-01,15,  6.2500000000000000E-01,  1.0000000000000000E+00,5,  4.1119814955679607E-01,102,1,500,500,0,  1.0000000000000000E+00,  1.0000000000000000E+00,  1.0000000000000000E+00,  1.0000000000000000E+00,  1.5900981800000000E-01,  8.7843000000000003E-04,0
2576,  5.0000000000000000E-01,15,  8.1250000000000000E-01,  2.5000000000000000E-01,1,  4.1119814955679607E-01,102,1,500,500,0,  1.0000000000000000E+00,  1.0000000000000000E+00,  1.0000000000000000E+00,  1.0000000000000000E+00,  1.4847795899999999E-01,  8.5959199999999995E-04,0
2577,  5.0000000000000000E-01,15,  8.1250000000000000E-01,  2.5000000000000000E-01,2,  4.1119814955679607E-01,102,1,500,500,0,  1.0000000000000000E+00,  1.0000000000000000E+00,  1.0000000000000000E+00,  1.0000000000000000E+00,  1.7042312700000001E-01,  9.3975600000000003E-04,0
2578,  5.0000000000000000E-01,15,  8.1250000000000000E-01,  2.5000000000000000E-01,3,  4.1119814955679607E-01,102,1,500,500,0,  1.0000000000000000E+00,  1.0000000000000000E+00,  1.0000000000000000E+00,  1.0000000000000000E+00,  1.6793864800000000E-01,  8.7252399999999996E-04,0
2579,  5.0000000000000000E-01,15,  8.1250000000000000E-01,  2.5000000000000000E-01,4,  4.1119814955679607E-01,102,1,500,500,0,  1.0000000000000000E+00,  1.0000000000000000E+00,  1.0000000000000000E+00,  1.0000000000000000E+00,  1.5695066999999999E-01,  8.7007999999999996E-04,0
2580,  5.0000000000000000E-01,15,  8.1250000000000000E-01,  2.5000000000000000E-01,5,  4.1119814955679607E-01,102,1,500,500,0,  1.0000000000000000E+00,  1.0000000000000000E+00,  1.0000000000000000E+00,  1.0000000000000000E+00,  1.5897722100000000E-01,  9.2324599999999996E-04,0
2581,  5.0000000000000000E-01,15,  8.1250000000000000E-01,  4.3750000000000000E-01,1,  4.1119814955679607E-01,102,1,500,500,0,  1.0000000000000000E+00,  1.0000000000000000E+00,  1.0000000000000000E+00,  1.0000000000000000E+00,  1.6651140100000000E-01,  8.6600900000000005E-04,0
2582,  5.0000000000000000E-01,15,  8.1250000000000000E-01,  4.3750000000000000E-01,2,  4.1119814955679607E-01,102,1,500,500,0,  1.0000000000000000E+00,  1.0000000000000000E+00,  1.0000000000000000E+00,  1.0000000000000000E+00,  1.6569244499999999E-01,  8.9593400000000003E-04,0
2583,  5.0000000000000000E-01,15,  8.1250000000000000E-01,  4.3750000000000000E-01,3,  4.1119814955679607E-01,102,1,500,500,0,  1.0000000000000000E+00,  1.0000000000000000E+00,  1.0000000000000000E+00,  1.0000000000000000E+00,  1.7140875600000000E-01,  9.1393099999999999E-04,0
2584,  5.0000000000000000E-01,15,  8.1250000000000000E-01,  4.3750000000000000E-01,4,  4.1119814955679607E-01,102,1,500,500,0,  1.0000000000000000E+00,  1.0000000000000000E+00,  1.0000000000000000E+00,  1.0000000000000000E+00,  1.5380635100000001E-01,  8.7585099999999997E-04,0
2585,  5.0000000000000000E-01,15,  8.1250000000000000E-01,  4.3750000000000000E-01,5,  4.1119814955679607E-01,102,1,500,500,0,  1.0000000000000000E+00,  1.0000000000000000E+00,  1.0000000000000000E+00,  1.0000000000000000E+00,  1.6079100399999999E-01,  8.7190000000000000E-04,0
2586,  5.0000000000000000E-01,15,  8.1250000000000000E-01,  6.2500000000000000E-01,1,  4.1119814955679607E-01,102,1,500,500,0,  1.0000000000000000E+00,  1.0000000000000000E+00,  1.0000000000000000E+00,  1.0000000000000000E+00,  1.6556015199999999E-01,  9.2171199999999999E-04,0
2587,  5.0000000000000000E-01,15,  8.1250000000000000E-01,  6.2500000000000000E-01,2,  4.1119814955679607E-01,102,1,500,500,0,  1.0000000000000000E+00,  1.0000000000000000E+00,  1.0000000000000000E+00,  1.0000000000000000E+00,  1.5815615699999999E-01,  8.6642299999999995E-04,0
2588,  5.0000000000000000E-01,15,  8.1250000000000000E-01,  6.2500000000000000E-01,3,  4.1119814955679607E-01,102,1,500,500,0,  1.0000000000000000E+00,  1.0000000000000000E+00,  1.0000000000000000E+00,  1.0000000000000000E+00,  1.5058953400000000E-01,  8.0958600000000005E-04,0
2589,  5.0000000000000000E-01,15,  8.1250000000000000E-01,  6.2500000000000000E-01,4,  4.1119814955679607E-01,102,1,500,500,0,  1.0000000000000000E+00,  1.0000000000000000E+00,  1.0000000000000000E+00,  1.0000000000000000E+00,  1.5058454700000001E-01,  9.5236400000000003E-04,0
2590,  5.0000000000000000E-01,15,  8.1250000000000000E-01,  6.2500000000000000E-01,5,  4.1119814955679607E-01,102,1,500,500,0,  1.0000000000000000E+00,  1.0000000000000000E+00,  1.0000000000000000E+00,  1.0000000000000000E+00,  1.4808074700000001E-01,  1.2772580000000001E-03,0
2591,  5.0000000000000000E-01,15,  8.1250000000000000E-01,  8.1250000000000000E-01,1,  4.1119814955679607E-01,102,1,500,500,0,  1.0000000000000000E+00,  1.0000000000000000E+00,  1.0000000000000000E+00,  1.0000000000000000E+00,  1.4766730000000000E-01,  9.1357999999999999E-04,0
2592,  5.0000000000000000E-01,15,  8.1250000000000000E-01,  8.1250000000000000E-01,2,  4.1119814955679607E-01,102,1,500,500,0,  1.0000000000000000E+00,  1.0000000000000000E+00,  1.0000000000000000E+00,  1.0000000000000000E+00,  1.4850584300000000E-01,  8.7497599999999997E-04,0
2593,  5.0000000000000000E-01,15,  8.1250000000000000E-01,  8.1250000000000000E-01,3,  4.1119814955679607E-01,102,1,500,500,0,  1.0000000000000000E+00,  1.0000000000000000E+00,  1.0000000000000000E+00,  1.0000000000000000E+00,  1.5151108999999999E-01,  8.7917300000000002E-04,0
2594,  5.0000000000000000E-01,15,  8.1250000000000000E-01,  8.1250000000000000E-01,4,  4.1119814955679607E-01,102,1,500,500,0,  1.0000000000000000E+00,  1.0000000000000000E+00,  1.0000000000000000E+00,  1.0000000000000000E+00,  1.4655709900000000E-01,  8.7081300000000001E-04,0
2595,  5.0000000000000000E-01,15,  8.1250000000000000E-01,  8.1250000000000000E-01,5,  4.1119814955679607E-01,102,1,500,500,0,  1.0000000000000000E+00,  1.0000000000000000E+00,  1.0000000000000000E+00,  1.0000000000000000E+00,  1.4832713900000000E-01,  8.3247300000000002E-04,0
2596,  5.0000000000000000E-01,15,  8.1250000000000000E-01,  1.0000000000000000E+00,1,  4.1119814955679607E-01,102,1,500,500,0,  1.0000000000000000E+00,  1.0000000000000000E+00,  1.0000000000000000E+00,  1.0000000000000000E+00,  1.5807961700000001E-01,  8.5624900000000001E-04,0
2597,  5.0000000000000000E-01,15,  8.1250000000000000E-01,  1.0000000000000000E+00,2,  4.1119814955679607E-01,102,1,500,500,0,  1.0000000000000000E+00,  1.0000000000000000E+00,  1.0000000000000000E+00,  1.0000000000000000E+00,  1.4812151300000001E-01,  8.4641000000000002E-04,0
2598,  5.0000000000000000E-01,15,  8.1250000000000000E-01,  1.0000000000000000E+00,3,  4.1119814955679607E-01,102,1,500,500,0,  1.0000000000000000E+00,  1.0000000000000000E+00,  1.0000000000000000E+00,  1.0000000000000000E+00,  1.4797640800000000E-01,  8.3951999999999996E-04,0
2599,  5.0000000000000000E-01,15,  8.1250000000000000E-01,  1.0000000000000000E+00,4,  4.1119814955679607E-01,102,1,500,500,0,  1.0000000000000000E+00,  1.0000000000000000E+00,  1.0000000000000000E+00,  1.0000000000000000E+00,  1.5105480800000001E-01,  8.8010599999999997E-04,0
2600,  5.0000000000000000E-01,15,  8.1250000000000000E-01,  1.0000000000000000E+00,5,  4.1119814955679607E-01,102,1,500,500,0,  1.0000000000000000E+00,  1.0000000000000000E+00,  1.0000000000000000E+00,  1.0000000000000000E+00,  1.5497143799999999E-01,  9.6223000000000001E-04,0
2601,  5.0000000000000000E-01,15,  1.0000000000000000E+00,  2.5000000000000000E-01,1,  4.1119814955679607E-01,102,1,500,500,0,  1.0000000000000000E+00,  1.0000000000000000E+00,  1.0000000000000000E+00,  1.0000000000000000E+00,  1.6314935400000000E-01,  8.2609999999999997E-04,0
2602,  5.0000000000000000E-01,15,  1.0000000000000000E+00,  2.5000000000000000E-01,2,  4.1119814955679607E-01,102,1,500,500,0,  1.0000000000000000E+00,  1.0000000000000000E+00,  1.0000000000000000E+00,  1.0000000000000000E+00,  1.6393397300000001E-01,  9.2306300000000001E-04,0
2603,  5.0000000000000000E-01,15,  1.0000000000000000E+00,  2.5000000000000000E-01,3,  4.1119814955679607E-01,102,1,500,500,0,  1.0000000000000000E+00,  1.0000000000000000E+00,  1.0000000000000000E+00,  1.0000000000000000E+00,  1.7007326000000000E-01,  8.6888700000000004E-04,0
2604,  5.0000000000000000E-01,15,  1.0000000000000000E+00,  2.5000000000000000E-01,4,  4.1119814955679607E-01,102,1,500,500,0,  1.0000000000000000E+00,  1.0000000000000000E+00,  1.0000000000000000E+00,  1.0000000000000000E+00,  1.9233765400000000E-01,  9.8317400000000007E-04,0
2605,  5.0000000000000000E-01,15,  1.0000000000000000E+00,  2.5000000000000000E-01,5,  4.1119814955679607E-01,102,1,500,500,0,  1.0000000000000000E+00,  1.0000000000000000E+00,  1.0000000000000000E+00,  1.0000000000000000E+00,  1.9566914799999999E-01,  1.0918849999999999E-03,0
2606,  5.0000000000000000E-01,15,  1.0000000000000000E+00,  4.3750000000000000E-01,1,  4.1119814955679607E-01,102,1,500,500,0,  1.0000000000000000E+00,  1.0000000000000000E+00,  1.0000000000000000E+00,  1.0000000000000000E+00,  1.7119967699999999E-01,  8.4947600000000005E-04,0
2607,  5.0000000000000000E-01,15,  1.0000000000000000E+00,  4.3750000000000000E-01,2,  4.1119814955679607E-01,102,1,500,500,0,  1.0000000000000000E+00,  1.0000000000000000E+00,  1.0000000000000000E+00,  1.0000000000000000E+00,  1.6724811100000000E-01,  8.7439199999999999E-04,0
2608,  5.0000000000000000E-01,15,  1.0000000000000000E+00,  4.3750000000000000E-01,3,  4.1119814955679607E-01,102,1,500,500,0,  1.0000000000000000E+00,  1.0000000000000000E+00,  1.0000000000000000E+00,  1.0000000000000000E+00,  1.6541911500000001E-01,  8.8100299999999999E-04,0
2609,  5.0000000000000000E-01,15,  1.0000000000000000E+00,  4.3750000000000000E-01,4,  4.1119814955679607E-01,102,1,500,500,0,  1.0000000000000000E+00,  1.0000000000000000E+00,  1.0000000000000000E+00,  1.0000000000000000E+00,  1.7651935999999999E-01,  8.8156599999999997E-04,0
2610,  5.0000000000000000E-01,15,  1.0000000000000000E+00,  4.3750000000000000E-01,5,  4.1119814955679607E-01,102,1,500,500,0,  1.0000000000000000E+00,  1.0000000000000000E+00,  1.0000000000000000E+00,  1.0000000000000000E+00,  1.7655029799999999E-01,  8.8417800000000000E-04,0
2611,  5.0000000000000000E-01,15,  1.0000000000000000E+00,  6.2500000000000000E-01,1,  4.1119814955679607E-01,102,1,500,500,0,  1.0000000000000000E+00,  1.0000000000000000E+00,  1.0000000000000000E+00,  1.0000000000000000E+00,  1.6707991300000000E-01,  8.6190300000000002E-04,0
2612,  5.0000000000000000E-01,15,  1.0000000000000000E+00,  6.2500000000000000E-01,2,  4.1119814955679607E-01,102,1,500,500,0,  1.0000000000000000E+00,  1.0000000000000000E+00,  1.0000000000000000E+00,  1.0000000000000000E+00,  1.7168620300000001E-01,  8.7741499999999999E-04,0
2613,  5.0000000000000000E-01,15,  1.0000000000000000E+00,  6.2500000000000000E-01,3,  4.1119814955679607E-01,102,1,500,500,0,  1.0000000000000000E+00,  1.0000000000000000E+00,  1.0000000000000000E+00,  1.0000000000000000E+00,  1.7013858900000001E-01,  8.8847999999999998E-04,0
2614,  5.0000000000000000E-01,15,  1.0000000000000000E+00,  6.2500000000000000E-01,4,  4.1119814955679607E-01,102,1,500,500,0,  1.0000000000000000E+00,  1.0000000000000000E+00,  1.0000000000000000E+00,  1.0000000000000000E+00,  1.8473961899999999E-01,  9.1981300000000001E-04,0
2615,  5.0000000000000000E-01,15,  1.0000000000000000E+00,  6.2500000000000000E-01,5,  4.1119814955679607E-01,102,1,500,500,0,  1.0000000000000000E+00,  1.0000000000000000E+00,  1.0000000000000000E+00,  1.0000000000000000E+00,  1.8165410500000001E-01,  8.8126000000000003E-04,0
2616,  5.0000000000000000E-01,15,  1.0000000000000000E+00,  8.1250000000000000E-01,1,  4.1119814955679607E-01,102,1,500,500,0,  1.0000000000000000E+00,  1.0000000000000000E+00,  1.0000000000000000E+00,  1.0000000000000000E+00,  1.8637904299999999E-01,  8.6445100000000002E-04,0
2617,  5.0000000000000000E-01,15,  1.0000000000000000E+00,  8.1250000000000000E-01,2,  4.1119814955679607E-01,102,1,500,500,0,  1.0000000000000000E+00,  1.0000000000000000E+00,  1.0000000000000000E+00,  1.0000000000000000E+00,  1.6930119699999999E-01,  1.3218860000000000E-03,0
2618,  5.0000000000000000E-01,15,  1.0000000000000000E+00,  8.1250000000000000E-01,3,  4.1119814955679607E-01,102,1,500,500,0,  1.0000000000000000E+00,  1.0000000000000000E+00,  1.0000000000000000E+00,  1.0000000000000000E+00,  1.6755593999999999E-01,  8.4502600000000002E-04,0
2619,  5.0000000000000000E-01,15,  1.0000000000000000E+00,  8.1250000000000000E-01,4,  4.1119814955679607E-01,102,1,500,500,0,  1.0000000000000000E+00,  1.0000000000000000E+00,  1.0000000000000000E+00,  1.0000000000000000E+00,  1.6924645799999999E-01,  1.2858570000000001E-03,0
2620,  5.0000000000000000E-01,15,  1.0000000000000000E+00,  8.1250000000000000E-01,5,  4.1119814955679607E-01,102,1,500,500,0,  1.0000000000000000E+00,  1.0000000000000000E+00,  1.0000000000000000E+00,  1.0000000000000000E+00,  1.8338652599999999E-01,  1.0449840000000001E-03,0
2621,  5.0000000000000000E-01,15,  1.0000000000000000E+00,  1.0000000000000000E+00,1,  4.1119814955679607E-01,102,1,500,500,0,  1.0000000000000000E+00,  1.0000000000000000E+00,  1.0000000000000000E+00,  1.0000000000000000E+00,  1.8505243399999999E-01,  9.8311100000000005E-04,0
2622,  5.0000000000000000E-01,15,  1.0000000000000000E+00,  1.0000000000000000E+00,2,  4.1119814955679607E-01,102,1,500,500,0,  1.0000000000000000E+00,  1.0000000000000000E+00,  1.0000000000000000E+00,  1.0000000000000000E+00,  1.9140336999999999E-01,  1.0757040000000000E-03,0
2623,  5.0000000000000000E-01,15,  1.0000000000000000E+00,  1.0000000000000000E+00,3,  4.1119814955679607E-01,102,1,500,500,0,  1.0000000000000000E+00,  1.0000000000000000E+00,  1.0000000000000000E+00,  1.0000000000000000E+00,  1.6754093500000000E-01,  8.5007200000000000E-04,0
2624,  5.0000000000000000E-01,15,  1.0000000000000000E+00,  1.0000000000000000E+00,4,  4.1119814955679607E-01,102,1,500,500,0,  1.0000000000000000E+00,  1.0000000000000000E+00,  1.0000000000000000E+00,  1.0000000000000000E+00,  1.6637355700000001E-01,  9.1158500000000002E-04,0
2625,  5.0000000000000000E-01,15,  1.0000000000000000E+00,  1.0000000000000000E+00,5,  4.1119814955679607E-01,102,1,500,500,0,  1.0000000000000000E+00,  1.0000000000000000E+00,  1.0000000000000000E+00,  1.0000000000000000E+00,  1.6922993300000000E-01,  9.0018200000000002E-04,0
2626,  5.0000000000000000E-01,25,  2.5000000000000000E-01,  2.5000000000000000E-01,1,  4.1119814955679607E-01,71,1,500,500,0,  1.0000000000000000E+00,  1.0000000000000000E+00,  1.0000000000000000E+00,  1.0000000000000000E+00,  8.8950224999999994E-02,  1.0671640000000000E-03,0
2627,  5.0000000000000000E-01,25,  2.5000000000000000E-01,  2.5000000000000000E-01,2,  4.1119814955679607E-01,71,2,501,500,1,  9.3326735694983554E-01,  1.0020000000000000E+00,  1.0000000000000000E+00,  9.6641312974719384E-01,  9.9331986999999997E-02,  8.7465600000000002E-04,0
2628,  5.0000000000000000E-01,25,  2.5000000000000000E-01,  2.5000000000000000E-01,3,  4.1119814955679607E-01,71,2,501,500,1,  9.3326735694983554E-01,  1.0020000000000000E+00,  1.0000000000000000E+00,  9.6641312974719384E-01,  9.1007840000000007E-02,  8.6700000000000004E-04,0
2629,  5.0000000000000000E-01,25,  2.5000000000000000E-01,  2.5000000000000000E-01,4,  4.1119814955679607E-01,71,2,501,500,1,  9.3326735694983554E-01,  1.0020000000000000E+00,  1.0000000000000000E+00,  9.6641312974719384E-01,  1.1098884700000000E-01,  9.2495200000000004E-04,0
2630,  5.0000000000000000E-01,25,  2.5000000000000000E-01,  2.5000000000000000E-01,5,  4.1119814955679607E-01,71,3,505,500,5,  8.0953177451740876E-01,  1.0100000000000000E+00,  1.0000000000000000E+00,  8.9872252159975674E-01,  9.7620857000000005E-02,  9.4287400000000001E-04,0
2631,  5.0000000000000000E-01,25,  2.5000000000000000E-01,  4.3750000000000000E-01,1,  4.1119814955679607E-01,71,1,500,500,0,  1.0000000000000000E+00,  1.0000000000000000E+00,  1.0000000000000000E+00,  1.0000000000000000E+00,  9.2714177999999994E-02,  9.2591300000000000E-04,0
2632,  5.0000000000000000E-01,25,  2.5000000000000000E-01,  4.3750000000000000E-01,2,  4.1119814955679607E-01,71,2,501,500,1,  9.3326735694983554E-01,  1.0020000000000000E+00,  1.0000000000000000E+00,  9.6641312974719384E-01,  9.9147983999999995E-02,  9.4080699999999999E-04,0
2633,  5.0000000000000000E-01,25,  2.5000000000000000E-01,  4.3750000000000000E-01,3,  4.1119814955679607E-01,71,2,501,500,1,  9.3326735694983554E-01,  1.0020000000000000E+00,  1.0000000000000000E+00,  9.6641312974719384E-01,  9.5126993000000007E-02,  1.5306980000000000E-03,0
2634,  5.0000000000000000E-01,25,  2.5000000000000000E-01,  4.3750000000000000E-01,4,  4.1119814955679607E-01,71,2,501,500,1,  9.3326735694983554E-01,  1.0020000000000000E+00,  1.0000000000000000E+00,  9.6641312974719384E-01,  9.6836886999999996E-02,  8.7933399999999995E-04,0
2635,  5.0000000000000000E-01,25,  2.5000000000000000E-01,  4.3750000000000000E-01,5,  4.1119814955679607E-01,71,3,505,500,5,  8.0953177451740876E-01,  1.0100000000000000E+00,  1.0000000000000000E+00,  8.9872252159975674E-01,  9.3349208000000003E-02,  9.6592200000000003E-04,0
2636,  5.0000000000000000E-01,25,  2.5000000000000000E-01,  6.2500000000000000E-01,1,  4.1119814955679607E-01,71,1,500,500,0,  1.0000000000000000E+00,  1.0000000000000000E+00,  1.0000000000000000E+00,  1.0000000000000000E+00,  9.4827817999999994E-02,  9.6693099999999998E-04,0
2637,  5.0000000000000000E-01,25,  2.5000000000000000E-01,  6.2500000000000000E-01,2,  4.1119814955679607E-01,71,2,501,500,1,  9.3326735694983554E-01,  1.0020000000000000E+00,  1.0000000000000000E+00,  9.6641312974719384E-01,  9.9610659000000004E-02,  9.7919799999999992E-04,0
2638,  5.0000000000000000E-01,25,  2.5000000000000000E-01,  6.2500000000000000E-01,3,  4.1119814955679607E-01,71,2,501,500,1,  9.3326735694983554E-01,  1.0020000000000000E+00,  1.0000000000000000E+00,  9.6641312974719384E-01,  9.4021208999999994E-02,  1.1705810000000000E-03,0
2639,  5.0000000000000000E-01,25,  2.5000000000000000E-01,  6.2500000000000000E-01,4,  4.1119814955679607E-01,71,2,501,500,1,  9.3326735694983554E-01,  1.0020000000000000E+00,  1.0000000000000000E+00,  9.6641312974719384E-01,  9.5785933000000004E-02,  1.2478760000000000E-03,0
2640,  5.0000000000000000E-01,25,  2.5000000000000000E-01,  6.2500000000000000E-01,5,  4.1119814955679607E-01,71,3,505,500,5,  8.0953177451740876E-01,  1.0100000000000000E+00,  1.0000000000000000E+00,  8.9872252159975674E-01,  9.0655411000000005E-02,  9.4337900000000005E-04,0
2641,  5.0000000000000000E-01,25,  2.5000000000000000E-01,  8.1250000000000000E-01,1,  4.1119814955679607E-01,71,1,500,500,0,  1.0000000000000000E+00,  1.0000000000000000E+00,  1.0000000000000000E+00,  1.0000000000000000E+00,  9.5062327000000002E-02,  9.4140800000000002E-04,0
2642,  5.0000000000000000E-01,25,  2.5000000000000000E-01,  8.1250000000000000E-01,2,  4.1119814955679607E-01,71,2,501,500,1,  9.3326735694983554E-01,  1.0020000000000000E+00,  1.0000000000000000E+00,  9.6641312974719384E-01,  9.3207031999999995E-02,  8.5059100000000004E-04,0
2643,  5.0000000000000000E-01,25,  2.5000000000000000E-01,  8.1250000000000000E-01,3,  4.1119814955679607E-01,71,2,501,500,1,  9.3326735694983554E-01,  1.0020000000000000E+00,  1.0000000000000000E+00,  9.6641312974719384E-01,  9.3570598000000005E-02,  9.5734100000000001E-04,0
2644,  5.0000000000000000E-01,25,  2.5000000000000000E-01,  8.1250000000000000E-01,4,  4.1119814955679607E-01,71,2,501,500,1,  9.3326735694983554E-01,  1.0020000000000000E+00,  1.0000000000000000E+00,  9.6641312974719384E-01,  9.2351933999999997E-02,  8.1081999999999997E-04,0
2645,  5.0000000000000000E-01,25,  2.5000000000000000E-01,  8.1250000000000000E-01,5,  4.1119814955679607E-01,71,3,505,500,5,  8.0953177451740876E-01,  1.0100000000000000E+00,  1.0000000000000000E+00,  8.9872252159975674E-01,  8.4224843999999993E-02,  9.0258600000000003E-04,0
2646,  5.0000000000000000E-01,25,  2.5000000000000000E-01,  1.0000000000000000E+00,1,  4.1119814955679607E-01,71,1,500,500,0,  1.0000000000000000E+00,  1.0000000000000000E+00,  1.0000000000000000E+00,  1.0000000000000000E+00,  8.7755225000000006E-02,  8.6066400000000003E-04,0
2647,  5.0000000000000000E-01,25,  2.5000000000000000E-01,  1.0000000000000000E+00,2,  4.1119814955679607E-01,71,2,501,500,1,  9.3326735694983554E-01,  1.0020000000000000E+00,  1.0000000000000000E+00,  9.6641312974719384E-01,  9.0707929000000007E-02,  8.8641499999999999E-04,0
2648,  5.0000000000000000E-01,25,  2.5000000000000000E-01,  1.0000000000000000E+00,3,  4.1119814955679607E-01,71,2,501,500,1,  9.3326735694983554E-01,  1.0020000000000000E+00,  1.0000000000000000E+00,  9.6641312974719384E-01,  9.8594224999999994E-02,  9.1113399999999997E-04,0
2649,  5.0000000000000000E-01,25,  2.5000000000000000E-01,  1.0000000000000000E+00,4,  4.1119814955679607E-01,71,2,501,500,1,  9.3326735694983554E-01,  1.0020000000000000E+00,  1.0000000000000000E+00,  9.6641312974719384E-01,  9.0903450999999996E-02,  9.0851799999999998E-04,0
2650,  5.0000000000000000E-01,25,  2.5000000000000000E-01,  1.0000000000000000E+00,5,  4.1119814955679607E-01,71,3,505,500,5,  8.0953177451740876E-01,  1.0100000000000000E+00,  1.0000000000000000E+00,  8.9872252159975674E-01,  8.7527016999999999E-02,  8.8879499999999995E-04,0
2651,  5.0000000000000000E-01,25,  4.3750000000000000E-01,  2.5000000000000000E-01,1,  4.1119814955679607E-01,71,1,500,500,0,  1.0000000000000000E+00,  1.0000000000000000E+00,  1.0000000000000000E+00,  1.0000000000000000E+00,  8.9106940999999995E-02,  8.4632700000000002E-04,0
2652,  5.0000000000000000E-01,25,  4.3750000000000000E-01,  2.5000000000000000E-01,2,  4.1119814955679607E-01,71,1,500,500,0,  1.0000000000000000E+00,  1.0000000000000000E+00,  1.0000000000000000E+00,  1.0000000000000000E+00,  8.9473647000000003E-02,  8.5448800000000004E-04,0
2653,  5.0000000000000000E-01,25,  4.3750000000000000E-01,  2.5000000000000000E-01,3,  4.1119814955679607E-01,71,1,500,500,0,  1.0000000000000000E+00,  1.0000000000000000E+00,  1.0000000000000000E+00,  1.0000000000000000E+00,  9.1519217000000000E-02,  8.8306099999999998E-04,0
2654,  5.0000000000000000E-01,25,  4.3750000000000000E-01,  2.5000000000000000E-01,4,  4.1119814955679607E-01,71,1,500,500,0,  1.0000000000000000E+00,  1.0000000000000000E+00,  1.0000000000000000E+00,  1.0000000000000000E+00,  8.8888760999999997E-02,  8.8042600000000002E-04,0
2655,  5.0000000000000000E-01,25,  4.3750000000000000E-01,  2.5000000000000000E-01,5,  4.1119814955679607E-01,71,1,500,500,0,  1.0000000000000000E+00,  1.0000000000000000E+00,  1.0000000000000000E+00,  1.0000000000000000E+00,  9.7502698999999998E-02,  1.4662049999999999E-03,0
2656,  5.0000000000000000E-01,25,  4.3750000000000000E-01,  4.3750000000000000E-01,1,  4.1119814955679607E-01,71,1,500,500,0,  1.0000000000000000E+00,  1.0000000000000000E+00,  1.0000000000000000E+00,  1.0000000000000000E+00,  9.7417168999999998E-02,  9.7587499999999996E-04,0
2657,  5.0000000000000000E-01,25,  4.3750000000000000E-01,  4.3750000000000000E-01,2,  4.1119814955679607E-01,71,1,500,500,0,  1.0000000000000000E+00,  1.0000000000000000E+00,  1.0000000000000000E+00,  1.0000000000000000E+00,  1.0045278700000000E-01,  1.2630520000000000E-03,0
2658,  5.0000000000000000E-01,25,  4.3750000000000000E-01,  4.3750000000000000E-01,3,  4.1119814955679607E-01,71,1,500,500,0,  1.0000000000000000E+00,  1.0000000000000000E+00,  1.0000000000000000E+00,  1.0000000000000000E+00,  9.5681305999999994E-02,  8.8942999999999997E-04,0
2659,  5.0000000000000000E-01,25,  4.3750000000000000E-01,  4.3750000000000000E-01,4,  4.1119814955679607E-01,71,1,500,500,0,  1.0000000000000000E+00,  1.0000000000000000E+00,  1.0000000000000000E+00,  1.0000000000000000E+00,  9.8343140999999995E-02,  8.8823799999999996E-04,0
2660,  5.0000000000000000E-01,25,  4.3750000000000000E-01,  4.3750000000000000E-01,5,  4.1119814955679607E-01,71,1,500,500,0,  1.0000000000000000E+00,  1.0000000000000000E+00,  1.0000000000000000E+00,  1.0000000000000000E+00,  9.6398502999999996E-02,  9.9118399999999999E-04,0
2661,  5.0000000000000000E-01,25,  4.3750000000000000E-01,  6.2500000000000000E-01,1,  4.1119814955679607E-01,71,1,500,500,0,  1.0000000000000000E+00,  1.0000000000000000E+00,  1.0000000000000000E+00,  1.0000000000000000E+00,  9.6034821000000006E-02,  8.7572300000000002E-04,0
2662,  5.0000000000000000E-01,25,  4.3750000000000000E-01,  6.2500000000000000E-01,2,  4.1119814955679607E-01,71,1,500,500,0,  1.0000000000000000E+00,  1.0000000000000000E+00,  1.0000000000000000E+00,  1.0000000000000000E+00,  9.5757396999999994E-02,  9.0907900000000003E-04,0
2663,  5.0000000000000000E-01,25,  4.3750000000000000E-01,  6.2500000000000000E-01,3,  4.1119814955679607E-01,71,1,500,500,0,  1.0000000000000000E+00,  1.0000000000000000E+00,  1.0000000000000000E+00,  1.0000000000000000E+00,  9.5453842999999997E-02,  1.0222129999999999E-03,0
2664,  5.0000000000000000E-01,25,  4.3750000000000000E-01,  6.2500000000000000E-01,4,  4.1119814955679607E-01,71,1,500,500,0,  1.0000000000000000E+00,  1.0000000000000000E+00,  1.0000000000000000E+00,  1.0000000000000000E+00,  9.8727733999999998E-02,  9.0687299999999999E-04,0
2665,  5.0000000000000000E-01,25,  4.3750000000000000E-01,  6.2500000000000000E-01,5,  4.1119814955679607E-01,71,1,500,500,0,  1.0000000000000000E+00,  1.0000000000000000E+00,  1.0000000000000000E+00,  1.0000000000000000E+00,  1.0076490800000000E-01,  1.1451120000000000E-03,0
2666,  5.0000000000000000E-01,25,  4.3750000000000000E-01,  8.1250000000000000E-01,1,  4.1119814955679607E-01,71,1,500,500,0,  1.0000000000000000E+00,  1.0000000000000000E+00,  1.0000000000000000E+00,  1.0000000000000000E+00,  1.0305529600000000E-01,  1.0448680000000000E-03,0
2667,  5.0000000000000000E-01,25,  4.3750000000000000E-01,  8.1250000000000000E-01,2,  4.1119814955679607E-01,71,1,500,500,0,  1.0000000000000000E+00,  1.0000000000000000E+00,  1.0000000000000000E+00,  1.0000000000000000E+00,  9.9038413000000006E-02,  8.8612300000000005E-04,0
2668,  5.0000000000000000E-01,25,  4.3750000000000000E-01,  8.1250000000000000E-01,3,  4.1119814955679607E-01,71,1,500,500,0,  1.0000000000000000E+00,  1.0000000000000000E+00,  1.0000000000000000E+00,  1.0000000000000000E+00,  9.3726659000000004E-02,  1.0989730000000001E-03,0
2669,  5.0000000000000000E-01,25,  4.3750000000000000E-01,  8.1250000000000000E-01,4,  4.1119814955679607E-01,71,1,500,500,0,  1.0000000000000000E+00,  1.0000000000000000E+00,  1.0000000000000000E+00,  1.0000000000000000E+00,  9.7501852000000000E-02,  8.3230800000000003E-04,0
2670,  5.0000000000000000E-01,25,  4.3750000000000000E-01,  8.1250000000000000E-01,5,  4.1119814955679607E-01,71,1,500,500,0,  1.0000000000000000E+00,  1.0000000000000000E+00,  1.0000000000000000E+00,  1.0000000000000000E+00,  1.0016235200000000E-01,  8.8200400000000003E-04,0
2671,  5.0000000000000000E-01,25,  4.3750000000000000E-01,  1.0000000000000000E+00,1,  4.1119814955679607E-01,71,1,500,500,0,  1.0000000000000000E+00,  1.0000000000000000E+00,  1.0000000000000000E+00,  1.0000000000000000E+00,  9.3609844999999997E-02,  9.4232799999999998E-04,0
2672,  5.0000000000000000E-01,25,  4.3750000000000000E-01,  1.0000000000000000E+00,2,  4.1119814955679607E-01,71,1,500,500,0,  1.0000000000000000E+00,  1.0000000000000000E+00,  1.0000000000000000E+00,  1.0000000000000000E+00,  1.0146785500000000E-01,  8.4761799999999996E-04,0
2673,  5.0000000000000000E-01,25,  4.3750000000000000E-01,  1.0000000000000000E+00,3,  4.1119814955679607E-01,71,1,500,500,0,  1.0000000000000000E+00,  1.0000000000000000E+00,  1.0000000000000000E+00,  1.0000000000000000E+00,  9.4297548999999994E-02,  9.1196599999999995E-04,0
2674,  5.0000000000000000E-01,25,  4.3750000000000000E-01,  1.0000000000000000E+00,4,  4.1119814955679607E-01,71,1,500,500,0,  1.0000000000000000E+00,  1.0000000000000000E+00,  1.0000000000000000E+00,  1.0000000000000000E+00,  9.2069641999999993E-02,  8.8821500000000003E-04,0
2675,  5.0000000000000000E-01,25,  4.3750000000000000E-01,  1.0000000000000000E+00,5,  4.1119814955679607E-01,71,1,500,500,0,  1.0000000000000000E+00,  1.0000000000000000E+00,  1.0000000000000000E+00,  1.0000000000000000E+00,  1.0906541100000000E-01,  9.2002399999999997E-04,0
2676,  5.0000000000000000E-01,25,  6.2500000000000000E-01,  2.5000000000000000E-01,1,  4.1119814955679607E-01,71,1,500,500,0,  1.0000000000000000E+00,  1.0000000000000000E+00,  1.0000000000000000E+00,  1.0000000000000000E+00,  1.1238800800000000E-01,  9.0256500000000003E-04,0
2677,  5.0000000000000000E-01,25,  6.2500000000000000E-01,  2.5000000000000000E-01,2,  4.1119814955679607E-01,71,1,500,500,0,  1.0000000000000000E+00,  1.0000000000000000E+00,  1.0000000000000000E+00,  1.0000000000000000E+00,  1.2510308200000000E-01,  9.0706300000000005E-04,0
2678,  5.0000000000000000E-01,25,  6.2500000000000000E-01,  2.5000000000000000E-01,3,  4.1119814955679607E-01,71,1,500,500,0,  1.0000000000000000E+00,  1.0000000000000000E+00,  1.0000000000000000E+00,  1.0000000000000000E+00,  1.1047561600000000E-01,  8.4771900000000003E-04,0
2679,  5.0000000000000000E-01,25,  6.2500000000000000E-01,  2.5000000000000000E-01,4,  4.1119814955679607E-01,71,1,500,500,0,  1.0000000000000000E+00,  1.0000000000000000E+00,  1.0000000000000000E+00,  1.0000000000000000E+00,  1.1152782300000000E-01,  9.0308999999999995E-04,0
2680,  5.0000000000000000E-01,25,  6.2500000000000000E-01,  2.5000000000000000E-01,5,  4.1119814955679607E-01,71,1,500,500,0,  1.0000000000000000E+00,  1.0000000000000000E+00,  1.0000000000000000E+00,  1.0000000000000000E+00,  1.1790460000000000E-01,  8.5217500000000005E-04,0
2681,  5.0000000000000000E-01,25,  6.2500000000000000E-01,  4.3750000000000000E-01,1,  4.1119814955679607E-01,71,1,500,500,0,  1.0000000000000000E+00,  1.0000000000000000E+00,  1.0000000000000000E+00,  1.0000000000000000E+00,  1.1535633100000001E-01,  8.7115000000000001E-04,0
2682,  5.0000000000000000E-01,25,  6.2500000000000000E-01,  4.3750000000000000E-01,2,  4.1119814955679607E-01,71,1,500,500,0,  1.0000000000000000E+00,  1.0000000000000000E+00,  1.0000000000000000E+00,  1.0000000000000000E+00,  1.2936521000000001E-01,  9.0986099999999998E-04,0
2683,  5.0000000000000000E-01,25,  6.2500000000000000E-01,  4.3750000000000000E-01,3,  4.1119814955679607E-01,71,1,500,500,0,  1.0000000000000000E+00,  1.0000000000000000E+00,  1.0000000000000000E+00,  1.0000000000000000E+00,  1.0608954700000001E-01,  8.8509999999999999E-04,0
2684,  5.0000000000000000E-01,25,  6.2500000000000000E-01,  4.3750000000000000E-01,4,  4.1119814955679607E-01,71,1,500,500,0,  1.0000000000000000E+00,  1.0000000000000000E+00,  1.0000000000000000E+00,  1.0000000000000000E+00,  1.0299584100000000E-01,  8.4954699999999998E-04,0
2685,  5.0000000000000000E-01,25,  6.2500000000000000E-01,  4.3750000000000000E-01,5,  4.1119814955679607E-01,71,1,500,500,0,  1.0000000000000000E+00,  1.0000000000000000E+00,  1.0000000000000000E+00,  1.0000000000000000E+00,  1.0087105500000000E-01,  8.6116500000000000E-04,0
2686,  5.0000000000000000E-01,25,  6.2500000000000000E-01,  6.2500000000000000E-01,1,  4.1119814955679607E-01,71,1,500,500,0,  1.0000000000000000E+00,  1.0000000000000000E+00,  1.0000000000000000E+00,  1.0000000000000000E+00,  1.0081975100000000E-01,  8.3390400000000000E-04,0
2687,  5.0000000000000000E-01,25,  6.2500000000000000E-01,  6.2500000000000000E-01,2,  4.1119814955679607E-01,71,1,500,500,0,  1.0000000000000000E+00,  1.0000000000000000E+00,  1.0000000000000000E+00,  1.0000000000000000E+00,  1.0113290500000000E-01,  9.5634799999999999E-04,0
2688,  5.0000000000000000E-01,25,  6.2500000000000000E-01,  6.2500000000000000E-01,3,  4.1119814955679607E-01,71,1,500,500,0,  1.0000000000000000E+00,  1.0000000000000000E+00,  1.0000000000000000E+00,  1.0000000000000000E+00,  1.0469948300000000E-01,  8.3971000000000002E-04,0
2689,  5.0000000000000000E-01,25,  6.2500000000000000E-01,  6.2500000000000000E-01,4,  4.1119814955679607E-01,71,1,500,500,0,  1.0000000000000000E+00,  1.0000000000000000E+00,  1.0000000000000000E+00,  1.0000000000000000E+00,  1.0639868500000001E-01,  9.1186600000000000E-04,0
2690,  5.0000000000000000E-01,25,  6.2500000000000000E-01,  6.2500000000000000E-01,5,  4.1119814955679607E-01,71,1,500,500,0,  1.0000000000000000E+00,  1.0000000000000000E+00,  1.0000000000000000E+00,  1.0000000000000000E+00,  1.0535732500000000E-01,  8.5854200000000001E-04,0
2691,  5.0000000000000000E-01,25,  6.2500000000000000E-01,  8.1250000000000000E-01,1,  4.1119814955679607E-01,71,1,500,500,0,  1.0000000000000000E+00,  1.0000000000000000E+00,  1.0000000000000000E+00,  1.0000000000000000E+00,  1.0293266299999999E-01,  8.3902300000000005E-04,0
2692,  5.0000000000000000E-01,25,  6.2500000000000000E-01,  8.1250000000000000E-01,2,  4.1119814955679607E-01,71,1,500,500,0,  1.0000000000000000E+00,  1.0000000000000000E+00,  1.0000000000000000E+00,  1.0000000000000000E+00,  1.0270769800000000E-01,  8.2745500000000005E-04,0
2693,  5.0000000000000000E-01,25,  6.2500000000000000E-01,  8.1250000000000000E-01,3,  4.1119814955679607E-01,71,1,500,500,0,  1.0000000000000000E+00,  1.0000000000000000E+00,  1.0000000000000000E+00,  1.0000000000000000E+00,  1.0651244500000000E-01,  9.9386900000000009E-04,0
2694,  5.0000000000000000E-01,25,  6.2500000000000000E-01,  8.1250000000000000E-01,4,  4.1119814955679607E-01,71,1,500,500,0,  1.0000000000000000E+00,  1.0000000000000000E+00,  1.0000000000000000E+00,  1.0000000000000000E+00,  1.0541543600000000E-01,  8.4374400000000000E-04,0
2695,  5.0000000000000000E-01,25,  6.2500000000000000E-01,  8.1250000000000000E-01,5,  4.1119814955679607E-01,71,1,500,500,0,  1.0000000000000000E+00,  1.0000000000000000E+00,  1.0000000000000000E+00,  1.0000000000000000E+00,  1.0754648500000000E-01,  8.9435500000000000E-04,0
2696,  5.0000000000000000E-01,25,  6.2500000000000000E-01,  1.0000000000000000E+00,1,  4.1119814955679607E-01,71,1,500,500,0,  1.0000000000000000E+00,  1.0000000000000000E+00,  1.0000000000000000E+00,  1.0000000000000000E+00,  1.0353524900000000E-01,  8.3780200000000001E-04,0
2697,  5.0000000000000000E-01,25,  6.2500000000000000E-01,  1.0000000000000000E+00,2,  4.1119814955679607E-01,71,1,500,500,0,  1.0000000000000000E+00,  1.0000000000000000E+00,  1.0000000000000000E+00,  1.0000000000000000E+00,  1.0597806500000000E-01,  8.6567700000000003E-04,0
2698,  5.0000000000000000E-01,25,  6.2500000000000000E-01,  1.0000000000000000E+00,3,  4.1119814955679607E-01,71,1,500,500,0,  1.0000000000000000E+00,  1.0000000000000000E+00,  1.0000000000000000E+00,  1.0000000000000000E+00,  1.0743627400000000E-01,  8.7455699999999998E-04,0
2699,  5.0000000000000000E-01,25,  6.2500000000000000E-01,  1.0000000000000000E+00,4,  4.1119814955679607E-01,71,1,500,500,0,  1.0000000000000000E+00,  1.0000000000000000E+00,  1.0000000000000000E+00,  1.0000000000000000E+00,  1.1762174900000000E-01,  1.0329380000000000E-03,0
2700,  5.0000000000000000E-01,25,  6.2500000000000000E-01,  1.0000000000000000E+00,5,  4.1119814955679607E-01,71,1,500,500,0,  1.0000000000000000E+00,  1.0000000000000000E+00,  1.0000000000000000E+00,  1.0000000000000000E+00,  1.2111094500000000E-01,  8.8078300000000000E-04,0
2701,  5.0000000000000000E-01,25,  8.1250000000000000E-01,  2.5000000000000000E-01,1,  4.1119814955679607E-01,71,1,500,500,0,  1.0000000000000000E+00,  1.0000000000000000E+00,  1.0000000000000000E+00,  1.0000000000000000E+00,  1.1884400100000000E-01,  8.1921200000000004E-04,0
2702,  5.0000000000000000E-01,25,  8.1250000000000000E-01,  2.5000000000000000E-01,2,  4.1119814955679607E-01,71,1,500,500,0,  1.0000000000000000E+00,  1.0000000000000000E+00,  1.0000000000000000E+00,  1.0000000000000000E+00,  1.1834808500000001E-01,  8.8904700000000001E-04,0
2703,  5.0000000000000000E-01,25,  8.1250000000000000E-01,  2.5000000000000000E-01,3,  4.1119814955679607E-01,71,1,500,500,0,  1.0000000000000000E+00,  1.0000000000000000E+00,  1.0000000000000000E+00,  1.0000000000000000E+00,  1.2199147800000000E-01,  8.7051399999999997E-04,0
2704,  5.0000000000000000E-01,25,  8.1250000000000000E-01,  2.5000000000000000E-01,4,  4.1119814955679607E-01,71,1,500,500,0,  1.0000000000000000E+00,  1.0000000000000000E+00,  1.0000000000000000E+00,  1.0000000000000000E+00,  1.2241634799999999E-01,  8.9734799999999996E-04,0
2705,  5.0000000000000000E-01,25,  8.1250000000000000E-01,  2.5000000000000000E-01,5,  4.1119814955679607E-01,71,1,500,500,0,  1.0000000000000000E+00,  1.0000000000000000E+00,  1.0000000000000000E+00,  1.0000000000000000E+00,  1.3256426299999999E-01,  8.9310699999999997E-04,0
2706,  5.0000000000000000E-01,25,  8.1250000000000000E-01,  4.3750000000000000E-01,1,  4.1119814955679607E-01,71,1,500,500,0,  1.0000000000000000E+00,  1.0000000000000000E+00,  1.0000000000000000E+00,  1.0000000000000000E+00,  1.2681835999999999E-01,  8.8997200000000005E-04,0
2707,  5.0000000000000000E-01,25,  8.1250000000000000E-01,  4.3750000000000000E-01,2,  4.1119814955679607E-01,71,1,500,500,0,  1.0000000000000000E+00,  1.0000000000000000E+00,  1.0000000000000000E+00,  1.0000000000000000E+00,  1.2362964999999999E-01,  8.6277399999999996E-04,0
2708,  5.0000000000000000E-01,25,  8.1250000000000000E-01,  4.3750000000000000E-01,3,  4.1119814955679607E-01,71,1,500,500,0,  1.0000000000000000E+00,  1.0000000000000000E+00,  1.0000000000000000E+00,  1.0000000000000000E+00,  1.1854967000000000E-01,  8.6438900000000002E-04,0
2709,  5.0000000000000000E-01,25,  8.1250000000000000E-01,  4.3750000000000000E-01,4,  4.1119814955679607E-01,71,1,500,500,0,  1.0000000000000000E+00,  1.0000000000000000E+00,  1.0000000000000000E+00,  1.0000000000000000E+00,  1.2104534000000000E-01,  8.5594000000000002E-04,0
2710,  5.0000000000000000E-01,25,  8.1250000000000000E-01,  4.3750000000000000E-01,5,  4.1119814955679607E-01,71,1,500,500,0,  1.0000000000000000E+00,  1.0000000000000000E+00,  1.0000000000000000E+00,  1.0000000000000000E+00,  1.1042454100000000E-01,  8.7502200000000004E-04,0
2711,  5.0000000000000000E-01,25,  8.1250000000000000E-01,  6.2500000000000000E-01,1,  4.1119814955679607E-01,71,1,500,500,0,  1.0000000000000000E+00,  1.0000000000000000E+00,  1.0000000000000000E+00,  1.0000000000000000E+00,  1.1961521700000000E-01,  8.5027400000000004E-04,0
2712,  5.0000000000000000E-01,25,  8.1250000000000000E-01,  6.2500000000000000E-01,2,  4.1119814955679607E-01,71,1,500,500,0,  1.0000000000000000E+00,  1.0000000000000000E+00,  1.0000000000000000E+00,  1.0000000000000000E+00,  1.2037537500000001E-01,  8.2751700000000005E-04,0
2713,  5.0000000000000000E-01,25,  8.1250000000000000E-01,  6.2500000000000000E-01,3,  4.1119814955679607E-01,71,1,500,500,0,  1.0000000000000000E+00,  1.0000000000000000E+00,  1.0000000000000000E+00,  1.0000000000000000E+00,  1.2289430400000000E-01,  9.2766400000000003E-04,0
2714,  5.0000000000000000E-01,25,  8.1250000000000000E-01,  6.2500000000000000E-01,4,  4.1119814955679607E-01,71,1,500,500,0,  1.0000000000000000E+00,  1.0000000000000000E+00,  1.0000000000000000E+00,  1.0000000000000000E+00,  1.1852265600000000E-01,  1.3770140000000000E-03,0
2715,  5.0000000000000000E-01,25,  8.1250000000000000E-01,  6.2500000000000000E-01,5,  4.1119814955679607E-01,71,1,500,500,0,  1.0000000000000000E+00,  1.0000000000000000E+00,  1.0000000000000000E+00,  1.0000000000000000E+00,  1.2092290700000000E-01,  8.8983300000000003E-04,0
2716,  5.0000000000000000E-01,25,  8.1250000000000000E-01,  8.1250000000000000E-01,1,  4.1119814955679607E-01,71,1,500,500,0,  1.0000000000000000E+00,  1.0000000000000000E+00,  1.0000000000000000E+00,  1.0000000000000000E+00,  1.2692116900000000E-01,  1.4976779999999999E-03,0
2717,  5.0000000000000000E-01,25,  8.1250000000000000E-01,  8.1250000000000000E-01,2,  4.1119814955679607E-01,71,1,500,500,0,  1.0000000000000000E+00,  1.0000000000000000E+00,  1.0000000000000000E+00,  1.0000000000000000E+00,  1.2212878300000000E-01,  1.1698600000000000E-03,0
2718,  5.0000000000000000E-01,25,  8.1250000000000000E-01,  8.1250000000000000E-01,3,  4.1119814955679607E-01,71,1,500,500,0,  1.0000000000000000E+00,  1.0000000000000000E+00,  1.0000000000000000E+00,  1.0000000000000000E+00,  1.2136372800000000E-01,  9.0334200000000001E-04,0
2719,  5.0000000000000000E-01,25,  8.1250000000000000E-01,  8.1250000000000000E-01,4,  4.1119814955679607E-01,71,1,500,500,0,  1.0000000000000000E+00,  1.0000000000000000E+00,  1.0000000000000000E+00,  1.0000000000000000E+00,  1.2222147200000000E-01,  8.3407700000000002E-04,0
2720,  5.0000000000000000E-01,25,  8.1250000000000000E-01,  8.1250000000000000E-01,5,  4.1119814955679607E-01,71,1,500,500,0,  1.0000000000000000E+00,  1.0000000000000000E+00,  1.0000000000000000E+00,  1.0000000000000000E+00,  1.2615579499999999E-01,  9.8017999999999998E-04,0
2721,  5.0000000000000000E-01,25,  8.1250000000000000E-01,  1.0000000000000000E+00,1,  4.1119814955679607E-01,71,1,500,500,0,  1.0000000000000000E+00,  1.0000000000000000E+00,  1.0000000000000000E+00,  1.0000000000000000E+00,  1.2282341200000001E-01,  1.1147670000000000E-03,0
2722,  5.0000000000000000E-01,25,  8.1250000000000000E-01,  1.0000000000000000E+00,2,  4.1119814955679607E-01,71,1,500,500,0,  1.0000000000000000E+00,  1.0000000000000000E+00,  1.0000000000000000E+00,  1.0000000000000000E+00,  1.1751631500000000E-01,  8.5500699999999997E-04,0
2723,  5.0000000000000000E-01,25,  8.1250000000000000E-01,  1.0000000000000000E+00,3,  4.1119814955679607E-01,71,1,500,500,0,  1.0000000000000000E+00,  1.0000000000000000E+00,  1.0000000000000000E+00,  1.0000000000000000E+00,  1.1847045500000000E-01,  1.0197279999999999E-03,0
2724,  5.0000000000000000E-01,25,  8.1250000000000000E-01,  1.0000000000000000E+00,4,  4.1119814955679607E-01,71,1,500,500,0,  1.0000000000000000E+00,  1.0000000000000000E+00,  1.0000000000000000E+00,  1.0000000000000000E+00,  1.1734958800000000E-01,  1.0124010000000000E-03,0
2725,  5.0000000000000000E-01,25,  8.1250000000000000E-01,  1.0000000000000000E+00,5,  4.1119814955679607E-01,71,1,500,500,0,  1.0000000000000000E+00,  1.0000000000000000E+00,  1.0000000000000000E+00,  1.0000000000000000E+00,  1.2129665100000001E-01,  8.5241699999999995E-04,0
2726,  5.0000000000000000E-01,25,  1.0000000000000000E+00,  2.5000000000000000E-01,1,  4.1119814955679607E-01,71,1,500,500,0,  1.0000000000000000E+00,  1.0000000000000000E+00,  1.0000000000000000E+00,  1.0000000000000000E+00,  1.2515315499999999E-01,  1.0432580000000000E-03,0
2727,  5.0000000000000000E-01,25,  1.0000000000000000E+00,  2.5000000000000000E-01,2,  4.1119814955679607E-01,71,1,500,500,0,  1.0000000000000000E+00,  1.0000000000000000E+00,  1.0000000000000000E+00,  1.0000000000000000E+00,  1.2003373200000000E-01,  8.3516199999999997E-04,0
2728,  5.0000000000000000E-01,25,  1.0000000000000000E+00,  2.5000000000000000E-01,3,  4.1119814955679607E-01,71,1,500,500,0,  1.0000000000000000E+00,  1.0000000000000000E+00,  1.0000000000000000E+00,  1.0000000000000000E+00,  1.1808840399999999E-01,  8.7813599999999996E-04,0
2729,  5.0000000000000000E-01,25,  1.0000000000000000E+00,  2.5000000000000000E-01,4,  4.1119814955679607E-01,71,1,500,500,0,  1.0000000000000000E+00,  1.0000000000000000E+00,  1.0000000000000000E+00,  1.0000000000000000E+00,  1.1555426900000000E-01,  1.2433609999999999E-03,0
2730,  5.0000000000000000E-01,25,  1.0000000000000000E+00,  2.5000000000000000E-01,5,  4.1119814955679607E-01,71,1,500,500,0,  1.0000000000000000E+00,  1.0000000000000000E+00,  1.0000000000000000E+00,  1.0000000000000000E+00,  1.1439841400000000E-01,  1.0349409999999999E-03,0
2731,  5.0000000000000000E-01,25,  1.0000000000000000E+00,  4.3750000000000000E-01,1,  4.1119814955679607E-01,71,1,500,500,0,  1.0000000000000000E+00,  1.0000000000000000E+00,  1.0000000000000000E+00,  1.0000000000000000E+00,  1.2369051200000000E-01,  8.6494800000000004E-04,0
2732,  5.0000000000000000E-01,25,  1.0000000000000000E+00,  4.3750000000000000E-01,2,  4.1119814955679607E-01,71,1,500,500,0,  1.0000000000000000E+00,  1.0000000000000000E+00,  1.0000000000000000E+00,  1.0000000000000000E+00,  1.1826381200000000E-01,  8.3880599999999999E-04,0
2733,  5.0000000000000000E-01,25,  1.0000000000000000E+00,  4.3750000000000000E-01,3,  4.1119814955679607E-01,71,1,500,500,0,  1.0000000000000000E+00,  1.0000000000000000E+00,  1.0000000000000000E+00,  1.0000000000000000E+00,  1.2042694499999999E-01,  8.6897000000000005E-04,0
2734,  5.0000000000000000E-01,25,  1.0000000000000000E+00,  4.3750000000000000E-01,4,  4.1119814955679607E-01,71,1,500,500,0,  1.0000000000000000E+00,  1.0000000000000000E+00,  1.0000000000000000E+00,  1.0000000000000000E+00,  1.1861462800000000E-01,  8.4035600000000000E-04,0
2735,  5.0000000000000000E-01,25,  1.0000000000000000E+00,  4.3750000000000000E-01,5,  4.1119814955679607E-01,71,1,500,500,0,  1.0000000000000000E+00,  1.0000000000000000E+00,  1.0000000000000000E+00,  1.0000000000000000E+00,  1.1663331900000000E-01,  8.6518399999999996E-04,0
2736,  5.0000000000000000E-01,25,  1.0000000000000000E+00,  6.2500000000000000E-01,1,  4.1119814955679607E-01,71,1,500,500,0,  1.0000000000000000E+00,  1.0000000000000000E+00,  1.0000000000000000E+00,  1.0000000000000000E+00,  1.1942644700000001E-01,  8.9430700000000000E-04,0
2737,  5.0000000000000000E-01,25,  1.0000000000000000E+00,  6.2500000000000000E-01,2,  4.1119814955679607E-01,71,1,500,500,0,  1.0000000000000000E+00,  1.0000000000000000E+00,  1.0000000000000000E+00,  1.0000000000000000E+00,  1.1477414599999999E-01,  8.2724899999999995E-04,0
2738,  5.0000000000000000E-01,25,  1.0000000000000000E+00,  6.2500000000000000E-01,3,  4.1119814955679607E-01,71,1,500,500,0,  1.0000000000000000E+00,  1.0000000000000000E+00,  1.0000000000000000E+00,  1.0000000000000000E+00,  1.1698595800000000E-01,  9.9060199999999993E-04,0
2739,  5.0000000000000000E-01,25,  1.0000000000000000E+00,  6.2500000000000000E-01,4,  4.1119814955679607E-01,71,1,500,500,0,  1.0000000000000000E+00,  1.0000000000000000E+00,  1.0000000000000000E+00,  1.0000000000000000E+00,  1.1713781900000000E-01,  8.3441600000000004E-04,0
2740,  5.0000000000000000E-01,25,  1.0000000000000000E+00,  6.2500000000000000E-01,5,  4.1119814955679607E-01,71,1,500,500,0,  1.0000000000000000E+00,  1.0000000000000000E+00,  1.0000000000000000E+00,  1.0000000000000000E+00,  1.1448089700000000E-01,  8.8085200000000000E-04,0
2741,  5.0000000000000000E-01,25,  1.0000000000000000E+00,  8.1250000000000000E-01,1,  4.1119814955679607E-01,71,1,500,500,0,  1.0000000000000000E+00,  1.0000000000000000E+00,  1.0000000000000000E+00,  1.0000000000000000E+00,  1.1569756100000000E-01,  8.2236400000000002E-04,0
2742,  5.0000000000000000E-01,25,  1.0000000000000000E+00,  8.1250000000000000E-01,2,  4.1119814955679607E-01,71,1,500,500,0,  1.0000000000000000E+00,  1.0000000000000000E+00,  1.0000000000000000E+00,  1.0000000000000000E+00,  1.1276107400000000E-01,  8.2405499999999997E-04,0
2743,  5.0000000000000000E-01,25,  1.0000000000000000E+00,  8.1250000000000000E-01,3,  4.1119814955679607E-01,71,1,500,500,0,  1.0000000000000000E+00,  1.0000000000000000E+00,  1.0000000000000000E+00,  1.0000000000000000E+00,  1.1315892399999999E-01,  9.8163700000000005E-04,0
2744,  5.0000000000000000E-01,25,  1.0000000000000000E+00,  8.1250000000000000E-01,4,  4.1119814955679607E-01,71,1,500,500,0,  1.0000000000000000E+00,  1.0000000000000000E+00,  1.0000000000000000E+00,  1.0000000000000000E+00,  1.1565228900000001E-01,  8.3914299999999999E-04,0
2745,  5.0000000000000000E-01,25,  1.0000000000000000E+00,  8.1250000000000000E-01,5,  4.1119814955679607E-01,71,1,500,500,0,  1.0000000000000000E+00,  1.0000000000000000E+00,  1.0000000000000000E+00,  1.0000000000000000E+00,  1.1700086500000000E-01,  8.3301800000000004E-04,0
2746,  5.0000000000000000E-01,25,  1.0000000000000000E+00,  1.0000000000000000E+00,1,  4.1119814955679607E-01,71,1,500,500,0,  1.0000000000000000E+00,  1.0000000000000000E+00,  1.0000000000000000E+00,  1.0000000000000000E+00,  1.1511550600000001E-01,  8.5478400000000003E-04,0
2747,  5.0000000000000000E-01,25,  1.0000000000000000E+00,  1.0000000000000000E+00,2,  4.1119814955679607E-01,71,1,500,500,0,  1.0000000000000000E+00,  1.0000000000000000E+00,  1.0000000000000000E+00,  1.0000000000000000E+00,  1.3141710800000000E-01,  1.1143550000000000E-03,0
2748,  5.0000000000000000E-01,25,  1.0000000000000000E+00,  1.0000000000000000E+00,3,  4.1119814955679607E-01,71,1,500,500,0,  1.0000000000000000E+00,  1.0000000000000000E+00,  1.0000000000000000E+00,  1.0000000000000000E+00,  1.1804027700000000E-01,  8.3237299999999997E-04,0
2749,  5.0000000000000000E-01,25,  1.0000000000000000E+00,  1.0000000000000000E+00,4,  4.1119814955679607E-01,71,1,500,500,0,  1.0000000000000000E+00,  1.0000000000000000E+00,  1.0000000000000000E+00,  1.0000000000000000E+00,  1.1532062100000000E-01,  8.4216900000000003E-04,0
2750,  5.0000000000000000E-01,25,  1.0000000000000000E+00,  1.0000000000000000E+00,5,  4.1119814955679607E-01,71,1,500,500,0,  1.0000000000000000E+00,  1.0000000000000000E+00,  1.0000000000000000E+00,  1.0000000000000000E+00,  1.1441715000000000E-01,  8.8207900000000002E-04,0
2751,  5.0000000000000000E-01,35,  2.5000000000000000E-01,  2.5000000000000000E-01,1,  4.1119814955679607E-01,49,3,493,493,0,  8.0568899700159524E-01,  9.8599999999999999E-01,  9.8599999999999999E-01,  8.8677147917191301E-01,  6.6673848999999993E-02,  8.4789399999999997E-04,0
2752,  5.0000000000000000E-01,35,  2.5000000000000000E-01,  2.5000000000000000E-01,2,  4.1119814955679607E-01,49,3,493,493,0,  8.0568899700159524E-01,  9.8599999999999999E-01,  9.8599999999999999E-01,  8.8677147917191301E-01,  6.1882187999999998E-02,  8.4946800000000003E-04,0
2753,  5.0000000000000000E-01,35,  2.5000000000000000E-01,  2.5000000000000000E-01,3,  4.1119814955679607E-01,49,3,493,493,0,  8.0568899700159524E-01,  9.8599999999999999E-01,  9.8599999999999999E-01,  8.8677147917191301E-01,  5.7776042999999999E-02,  8.0429299999999998E-04,0
2754,  5.0000000000000000E-01,35,  2.5000000000000000E-01,  2.5000000000000000E-01,4,  4.1119814955679607E-01,49,3,493,493,0,  8.0568899700159524E-01,  9.8599999999999999E-01,  9.8599999999999999E-01,  8.8677147917191301E-01,  5.8764390000000000E-02,  1.0023499999999999E-03,0
2755,  5.0000000000000000E-01,35,  2.5000000000000000E-01,  2.5000000000000000E-01,5,  4.1119814955679607E-01,49,4,497,493,4,  7.5109534873178330E-01,  9.9399999999999999E-01,  9.8599999999999999E-01,  8.5564238903273981E-01,  5.8851210000000001E-02,  8.5916499999999995E-04,0
2756,  5.0000000000000000E-01,35,  2.5000000000000000E-01,  4.3750000000000000E-01,1,  4.1119814955679607E-01,49,3,493,493,0,  8.0568899700159524E-01,  9.8599999999999999E-01,  9.8599999999999999E-01,  8.8677147917191301E-01,  5.9819320000000002E-02,  8.5561500000000000E-04,0
2757,  5.0000000000000000E-01,35,  2.5000000000000000E-01,  4.3750000000000000E-01,2,  4.1119814955679607E-01,49,3,493,493,0,  8.0568899700159524E-01,  9.8599999999999999E-01,  9.8599999999999999E-01,  8.8677147917191301E-01,  5.9654338000000001E-02,  8.1311199999999995E-04,0
2758,  5.0000000000000000E-01,35,  2.5000000000000000E-01,  4.3750000000000000E-01,3,  4.1119814955679607E-01,49,3,493,493,0,  8.0568899700159524E-01,  9.8599999999999999E-01,  9.8599999999999999E-01,  8.8677147917191301E-01,  5.9821430000000002E-02,  8.1954700000000001E-04,0
2759,  5.0000000000000000E-01,35,  2.5000000000000000E-01,  4.3750000000000000E-01,4,  4.1119814955679607E-01,49,3,493,493,0,  8.0568899700159524E-01,  9.8599999999999999E-01,  9.8599999999999999E-01,  8.8677147917191301E-01,  5.9996048000000003E-02,  8.2180600000000001E-04,0
2760,  5.0000000000000000E-01,35,  2.5000000000000000E-01,  4.3750000000000000E-01,5,  4.1119814955679607E-01,49,4,497,493,4,  7.5109534873178330E-01,  9.9399999999999999E-01,  9.8599999999999999E-01,  8.5564238903273981E-01,  5.8222177000000000E-02,  8.3697299999999997E-04,0
2761,  5.0000000000000000E-01,35,  2.5000000000000000E-01,  6.2500000000000000E-01,1,  4.1119814955679607E-01,49,3,493,493,0,  8.0568899700159524E-01,  9.8599999999999999E-01,  9.8599999999999999E-01,  8.8677147917191301E-01,  7.4405212999999998E-02,  8.4705200000000005E-04,0
2762,  5.0000000000000000E-01,35,  2.5000000000000000E-01,  6.2500000000000000E-01,2,  4.1119814955679607E-01,49,3,493,493,0,  8.0568899700159524E-01,  9.8599999999999999E-01,  9.8599999999999999E-01,  8.8677147917191301E-01,  5.9390735000000000E-02,  8.4351599999999999E-04,0
2763,  5.0000000000000000E-01,35,  2.5000000000000000E-01,  6.2500000000000000E-01,3,  4.1119814955679607E-01,49,3,493,493,0,  8.0568899700159524E-01,  9.8599999999999999E-01,  9.8599999999999999E-01,  8.8677147917191301E-01,  5.9993393999999999E-02,  8.1298099999999995E-04,0
2764,  5.0000000000000000E-01,35,  2.5000000000000000E-01,  6.2500000000000000E-01,4,  4.1119814955679607E-01,49,3,493,493,0,  8.0568899700159524E-01,  9.8599999999999999E-01,  9.8599999999999999E-01,  8.8677147917191301E-01,  5.8381779000000002E-02,  9.5793500000000004E-04,0
2765,  5.0000000000000000E-01,35,  2.5000000000000000E-01,  6.2500000000000000E-01,5,  4.1119814955679607E-01,49,4,497,493,4,  7.5109534873178330E-01,  9.9399999999999999E-01,  9.8599999999999999E-01,  8.5564238903273981E-01,  5.8030285000000001E-02,  8.7856700000000002E-04,0
2766,  5.0000000000000000E-01,35,  2.5000000000000000E-01,  8.1250000000000000E-01,1,  4.1119814955679607E-01,49,3,493,493,0,  8.0568899700159524E-01,  9.8599999999999999E-01,  9.8599999999999999E-01,  8.8677147917191301E-01,  5.7986718999999999E-02,  8.5370699999999999E-04,0
2767,  5.0000000000000000E-01,35,  2.5000000000000000E-01,  8.1250000000000000E-01,2,  4.1119814955679607E-01,49,3,493,493,0,  8.0568899700159524E-01,  9.8599999999999999E-01,  9.8599999999999999E-01,  8.8677147917191301E-01,  5.9732939999999998E-02,  8.5075600000000004E-04,0
2768,  5.0000000000000000E-01,35,  2.5000000000000000E-01,  8.1250000000000000E-01,3,  4.1119814955679607E-01,49,3,493,493,0,  8.0568899700159524E-01,  9.8599999999999999E-01,  9.8599999999999999E-01,  8.8677147917191301E-01,  5.9073457000000003E-02,  8.4049999999999999E-04,0
2769,  5.0000000000000000E-01,35,  2.5000000000000000E-01,  8.1250000000000000E-01,4,  4.1119814955679607E-01,49,3,493,493,0,  8.0568899700159524E-01,  9.8599999999999999E-01,  9.8599999999999999E-01,  8.8677147917191301E-01,  5.8824712000000001E-02,  8.6856399999999995E-04,0
2770,  5.0000000000000000E-01,35,  2.5000000000000000E-01,  8.1250000000000000E-01,5,  4.1119814955679607E-01,49,4,497,493,4,  7.5109534873178330E-01,  9.9399999999999999E-01,  9.8599999999999999E-01,  8.5564238903273981E-01,  5.9889189000000002E-02,  8.7739000000000003E-04,0
2771,  5.0000000000000000E-01,35,  2.5000000000000000E-01,  1.0000000000000000E+00,1,  4.1119814955679607E-01,49,3,493,493,0,  8.0568899700159524E-01,  9.8599999999999999E-01,  9.8599999999999999E-01,  8.8677147917191301E-01,  5.9116012000000003E-02,  8.7211400000000001E-04,0
2772,  5.0000000000000000E-01,35,  2.5000000000000000E-01,  1.0000000000000000E+00,2,  4.1119814955679607E-01,49,3,493,493,0,  8.0568899700159524E-01,  9.8599999999999999E-01,  9.8599999999999999E-01,  8.8677147917191301E-01,  5.9723088000000001E-02,  8.6499400000000001E-04,0
2773,  5.0000000000000000E-01,35,  2.5000000000000000E-01,  1.0000000000000000E+00,3,  4.1119814955679607E-01,49,3,493,493,0,  8.0568899700159524E-01,  9.8599999999999999E-01,  9.8599999999999999E-01,  8.8677147917191301E-01,  5.8093718000000003E-02,  8.4319600000000005E-04,0
2774,  5.0000000000000000E-01,35,  2.5000000000000000E-01,  1.0000000000000000E+00,4,  4.1119814955679607E-01,49,3,493,493,0,  8.0568899700159524E-01,  9.8599999999999999E-01,  9.8599999999999999E-01,  8.8677147917191301E-01,  5.9466461999999998E-02,  8.1817999999999995E-04,0
2775,  5.0000000000000000E-01,35,  2.5000000000000000E-01,  1.0000000000000000E+00,5,  4.1119814955679607E-01,49,4,497,493,4,  7.5109534873178330E-01,  9.9399999999999999E-01,  9.8599999999999999E-01,  8.5564238903273981E-01,  6.1437248999999999E-02,  8.3878700000000002E-04,0
2776,  5.0000000000000000E-01,35,  4.3750000000000000E-01,  2.5000000000000000E-01,1,  4.1119814955679607E-01,49,2,500,500,0,  9.3369352523799953E-01,  1.0000000000000000E+00,  1.0000000000000000E+00,  9.6570993598696586E-01,  6.0776673000000003E-02,  8.5980500000000005E-04,0
2777,  5.0000000000000000E-01,35,  4.3750000000000000E-01,  2.5000000000000000E-01,2,  4.1119814955679607E-01,49,2,500,500,0,  9.3369352523799953E-01,  1.0000000000000000E+00,  1.0000000000000000E+00,  9.6570993598696586E-01,  6.3880793000000005E-02,  8.3593700000000003E-04,0
2778,  5.0000000000000000E-01,35,  4.3750000000000000E-01,  2.5000000000000000E-01,3,  4.1119814955679607E-01,49,3,502,500,2,  8.0960994665756714E-01,  1.0040000000000000E+00,  1.0000000000000000E+00,  8.9638721704438651E-01,  6.2635149000000001E-02,  8.7296400000000005E-04,0
2779,  5.0000000000000000E-01,35,  4.3750000000000000E-01,  2.5000000000000000E-01,4,  4.1119814955679607E-01,49,3,502,500,2,  8.0960994665756714E-01,  1.0040000000000000E+00,  1.0000000000000000E+00,  8.9638721704438651E-01,  6.2031023999999997E-02,  9.0047900000000004E-04,0
2780,  5.0000000000000000E-01,35,  4.3750000000000000E-01,  2.5000000000000000E-01,5,  4.1119814955679607E-01,49,3,502,500,2,  8.0960994665756714E-01,  1.0040000000000000E+00,  1.0000000000000000E+00,  8.9638721704438651E-01,  6.0921404999999998E-02,  8.2489300000000005E-04,0
2781,  5.0000000000000000E-01,35,  4.3750000000000000E-01,  4.3750000000000000E-01,1,  4.1119814955679607E-01,49,2,500,500,0,  9.3369352523799953E-01,  1.0000000000000000E+00,  1.0000000000000000E+00,  9.6570993598696586E-01,  6.0126834999999997E-02,  8.4211400000000004E-04,0
2782,  5.0000000000000000E-01,35,  4.3750000000000000E-01,  4.3750000000000000E-01,2,  4.1119814955679607E-01,49,2,500,500,0,  9.3369352523799953E-01,  1.0000000000000000E+00,  1.0000000000000000E+00,  9.6570993598696586E-01,  6.1831962999999997E-02,  8.3318900000000002E-04,0
2783,  5.0000000000000000E-01,35,  4.3750000000000000E-01,  4.3750000000000000E-01,3,  4.1119814955679607E-01,49,3,502,500,2,  8.0960994665756714E-01,  1.0040000000000000E+00,  1.0000000000000000E+00,  8.9638721704438651E-01,  6.2501788000000003E-02,  8.3660500000000003E-04,0
2784,  5.0000000000000000E-01,35,  4.3750000000000000E-01,  4.3750000000000000E-01,4,  4.1119814955679607E-01,49,3,502,500,2,  8.0960994665756714E-01,  1.0040000000000000E+00,  1.0000000000000000E+00,  8.9638721704438651E-01,  6.2035084999999997E-02,  8.4208400000000000E-04,0
2785,  5.0000000000000000E-01,35,  4.3750000000000000E-01,  4.3750000000000000E-01,5,  4.1119814955679607E-01,49,3,502,500,2,  8.0960994665756714E-01,  1.0040000000000000E+00,  1.0000000000000000E+00,  8.9638721704438651E-01,  6.1652814000000000E-02,  8.6338099999999998E-04,0
2786,  5.0000000000000000E-01,35,  4.3750000000000000E-01,  6.2500000000000000E-01,1,  4.1119814955679607E-01,49,2,500,500,0,  9.3369352523799953E-01,  1.0000000000000000E+00,  1.0000000000000000E+00,  9.6570993598696586E-01,  6.0725201999999999E-02,  8.6458399999999995E-04,0
2787,  5.0000000000000000E-01,35,  4.3750000000000000E-01,  6.2500000000000000E-01,2,  4.1119814955679607E-01,49,2,500,500,0,  9.3369352523799953E-01,  1.0000000000000000E+00,  1.0000000000000000E+00,  9.6570993598696586E-01,  6.1367590999999999E-02,  8.3327300000000004E-04,0
2788,  5.0000000000000000E-01,35,  4.3750000000000000E-01,  6.2500000000000000E-01,3,  4.1119814955679607E-01,49,3,502,500,2,  8.0960994665756714E-01,  1.0040000000000000E+00,  1.0000000000000000E+00,  8.9638721704438651E-01,  6.1571351000000003E-02,  8.6625600000000004E-04,0
2789,  5.0000000000000000E-01,35,  4.3750000000000000E-01,  6.2500000000000000E-01,4,  4.1119814955679607E-01,49,3,502,500,2,  8.0960994665756714E-01,  1.0040000000000000E+00,  1.0000000000000000E+00,  8.9638721704438651E-01,  6.0743507000000002E-02,  8.4406900000000003E-04,0
2790,  5.0000000000000000E-01,35,  4.3750000000000000E-01,  6.2500000000000000E-01,5,  4.1119814955679607E-01,49,3,502,500,2,  8.0960994665756714E-01,  1.0040000000000000E+00,  1.0000000000000000E+00,  8.9638721704438651E-01,  6.1161050000000002E-02,  8.6506799999999998E-04,0
2791,  5.0000000000000000E-01,35,  4.3750000000000000E-01,  8.1250000000000000E-01,1,  4.1119814955679607E-01,49,2,500,500,0,  9.3369352523799953E-01,  1.0000000000000000E+00,  1.0000000000000000E+00,  9.6570993598696586E-01,  6.2039773999999999E-02,  8.6338500000000004E-04,0
2792,  5.0000000000000000E-01,35,  4.3750000000000000E-01,  8.1250000000000000E-01,2,  4.1119814955679607E-01,49,2,500,500,0,  9.3369352523799953E-01,  1.0000000000000000E+00,  1.0000000000000000E+00,  9.6570993598696586E-01,  6.2464408999999999E-02,  8.6692200000000001E-04,0
2793,  5.0000000000000000E-01,35,  4.3750000000000000E-01,  8.1250000000000000E-01,3,  4.1119814955679607E-01,49,3,502,500,2,  8.0960994665756714E-01,  1.0040000000000000E+00,  1.0000000000000000E+00,  8.9638721704438651E-01,  6.1513968000000002E-02,  8.3099400000000005E-04,0
2794,  5.0000000000000000E-01,35,  4.3750000000000000E-01,  8.1250000000000000E-01,4,  4.1119814955679607E-01,49,3,502,500,2,  8.0960994665756714E-01,  1.0040000000000000E+00,  1.0000000000000000E+00,  8.9638721704438651E-01,  6.3183451000000002E-02,  8.4691900000000001E-04,0
2795,  5.0000000000000000E-01,35,  4.3750000000000000E-01,  8.1250000000000000E-01,5,  4.1119814955679607E-01,49,3,502,500,2,  8.0960994665756714E-01,  1.0040000000000000E+00,  1.0000000000000000E+00,  8.9638721704438651E-01,  6.2341916999999997E-02,  8.8839599999999996E-04,0
2796,  5.0000000000000000E-01,35,  4.3750000000000000E-01,  1.0000000000000000E+00,1,  4.1119814955679607E-01,49,2,500,500,0,  9.3369352523799953E-01,  1.0000000000000000E+00,  1.0000000000000000E+00,  9.6570993598696586E-01,  6.1910132999999999E-02,  8.7586700000000001E-04,0
2797,  5.0000000000000000E-01,35,  4.3750000000000000E-01,  1.0000000000000000E+00,2,  4.1119814955679607E-01,49,2,500,500,0,  9.3369352523799953E-01,  1.0000000000000000E+00,  1.0000000000000000E+00,  9.6570993598696586E-01,  6.1262642999999999E-02,  8.3730000000000002E-04,0
2798,  5.0000000000000000E-01,35,  4.3750000000000000E-01,  1.0000000000000000E+00,3,  4.1119814955679607E-01,49,3,502,500,2,  8.0960994665756714E-01,  1.0040000000000000E+00,  1.0000000000000000E+00,  8.9638721704438651E-01,  6.6475588000000002E-02,  8.8220300000000002E-04,0
2799,  5.0000000000000000E-01,35,  4.3750000000000000E-01,  1.0000000000000000E+00,4,  4.1119814955679607E-01,49,3,502,500,2,  8.0960994665756714E-01,  1.0040000000000000E+00,  1.0000000000000000E+00,  8.9638721704438651E-01,  6.2053255000000002E-02,  8.5728800000000000E-04,0
2800,  5.0000000000000000E-01,35,  4.3750000000000000E-01,  1.0000000000000000E+00,5,  4.1119814955679607E-01,49,3,502,500,2,  8.0960994665756714E-01,  1.0040000000000000E+00,  1.0000000000000000E+00,  8.9638721704438651E-01,  6.7306585000000002E-02,  1.1951510000000000E-03,0
2801,  5.0000000000000000E-01,35,  6.2500000000000000E-01,  2.5000000000000000E-01,1,  4.1119814955679607E-01,49,1,500,500,0,  1.0000000000000000E+00,  1.0000000000000000E+00,  1.0000000000000000E+00,  1.0000000000000000E+00,  7.2413599999999995E-02,  8.2467200000000004E-04,0
2802,  5.0000000000000000E-01,35,  6.2500000000000000E-01,  2.5000000000000000E-01,2,  4.1119814955679607E-01,49,1,500,500,0,  1.0000000000000000E+00,  1.0000000000000000E+00,  1.0000000000000000E+00,  1.0000000000000000E+00,  7.0043549999999996E-02,  1.1070889999999999E-03,0
2803,  5.0000000000000000E-01,35,  6.2500000000000000E-01,  2.5000000000000000E-01,3,  4.1119814955679607E-01,49,1,500,500,0,  1.0000000000000000E+00,  1.0000000000000000E+00,  1.0000000000000000E+00,  1.0000000000000000E+00,  7.5556894999999999E-02,  8.4751000000000000E-04,0
2804,  5.0000000000000000E-01,35,  6.2500000000000000E-01,  2.5000000000000000E-01,4,  4.1119814955679607E-01,49,1,500,500,0,  1.0000000000000000E+00,  1.0000000000000000E+00,  1.0000000000000000E+00,  1.0000000000000000E+00,  7.4582821999999993E-02,  8.7497400000000004E-04,0
2805,  5.0000000000000000E-01,35,  6.2500000000000000E-01,  2.5000000000000000E-01,5,  4.1119814955679607E-01,49,2,504,500,4,  9.3190437479357369E-01,  1.0080000000000000E+00,  1.0000000000000000E+00,  9.6845970553768146E-01,  7.2265570000000001E-02,  8.5251900000000004E-04,0
2806,  5.0000000000000000E-01,35,  6.2500000000000000E-01,  4.3750000000000000E-01,1,  4.1119814955679607E-01,49,1,500,500,0,  1.0000000000000000E+00,  1.0000000000000000E+00,  1.0000000000000000E+00,  1.0000000000000000E+00,  7.1357478000000002E-02,  1.1058489999999999E-03,0
2807,  5.0000000000000000E-01,35,  6.2500000000000000E-01,  4.3750000000000000E-01,2,  4.1119814955679607E-01,49,1,500,500,0,  1.0000000000000000E+00,  1.0000000000000000E+00,  1.0000000000000000E+00,  1.0000000000000000E+00,  7.0413837000000007E-02,  1.2622230000000000E-03,0
2808,  5.0000000000000000E-01,35,  6.2500000000000000E-01,  4.3750000000000000E-01,3,  4.1119814955679607E-01,49,1,500,500,0,  1.0000000000000000E+00,  1.0000000000000000E+00,  1.0000000000000000E+00,  1.0000000000000000E+00,  6.9369976999999999E-02,  1.0660850000000000E-03,0
2809,  5.0000000000000000E-01,35,  6.2500000000000000E-01,  4.3750000000000000E-01,4,  4.1119814955679607E-01,49,1,500,500,0,  1.0000000000000000E+00,  1.0000000000000000E+00,  1.0000000000000000E+00,  1.0000000000000000E+00,  7.2010111000000002E-02,  9.8430099999999993E-04,0
2810,  5.0000000000000000E-01,35,  6.2500000000000000E-01,  4.3750000000000000E-01,5,  4.1119814955679607E-01,49,2,504,500,4,  9.3190437479357369E-01,  1.0080000000000000E+00,  1.0000000000000000E+00,  9.6845970553768146E-01,  7.0400784999999994E-02,  9.8059300000000009E-04,0
2811,  5.0000000000000000E-01,35,  6.2500000000000000E-01,  6.2500000000000000E-01,1,  4.1119814955679607E-01,49,1,500,500,0,  1.0000000000000000E+00,  1.0000000000000000E+00,  1.0000000000000000E+00,  1.0000000000000000E+00,  7.1825811000000003E-02,  8.3480200000000005E-04,0
2812,  5.0000000000000000E-01,35,  6.2500000000000000E-01,  6.2500000000000000E-01,2,  4.1119814955679607E-01,49,1,500,500,0,  1.0000000000000000E+00,  1.0000000000000000E+00,  1.0000000000000000E+00,  1.0000000000000000E+00,  7.1692488999999998E-02,  8.4962600000000003E-04,0
2813,  5.0000000000000000E-01,35,  6.2500000000000000E-01,  6.2500000000000000E-01,3,  4.1119814955679607E-01,49,1,500,500,0,  1.0000000000000000E+00,  1.0000000000000000E+00,  1.0000000000000000E+00,  1.0000000000000000E+00,  7.0361354000000001E-02,  8.2793400000000001E-04,0
2814,  5.0000000000000000E-01,35,  6.2500000000000000E-01,  6.2500000000000000E-01,4,  4.1119814955679607E-01,49,1,500,500,0,  1.0000000000000000E+00,  1.0000000000000000E+00,  1.0000000000000000E+00,  1.0000000000000000E+00,  7.1445369999999994E-02,  8.9098599999999997E-04,0
2815,  5.0000000000000000E-01,35,  6.2500000000000000E-01,  6.2500000000000000E-01,5,  4.1119814955679607E-01,49,2,504,500,4,  9.3190437479357369E-01,  1.0080000000000000E+00,  1.0000000000000000E+00,  9.6845970553768146E-01,  7.0847114000000003E-02,  8.6763800000000000E-04,0
2816,  5.0000000000000000E-01,35,  6.2500000000000000E-01,  8.1250000000000000E-01,1,  4.1119814955679607E-01,49,1,500,500,0,  1.0000000000000000E+00,  1.0000000000000000E+00,  1.0000000000000000E+00,  1.0000000000000000E+00,  7.1929036000000002E-02,  8.3494999999999999E-04,0
2817,  5.0000000000000000E-01,35,  6.2500000000000000E-01,  8.1250000000000000E-01,2,  4.1119814955679607E-01,49,1,500,500,0,  1.0000000000000000E+00,  1.0000000000000000E+00,  1.0000000000000000E+00,  1.0000000000000000E+00,  8.2573207999999995E-02,  8.3926499999999995E-04,0
2818,  5.0000000000000000E-01,35,  6.2500000000000000E-01,  8.1250000000000000E-01,3,  4.1119814955679607E-01,49,1,500,500,0,  1.0000000000000000E+00,  1.0000000000000000E+00,  1.0000000000000000E+00,  1.0000000000000000E+00,  7.2278445999999996E-02,  9.3234800000000005E-04,0
2819,  5.0000000000000000E-01,35,  6.2500000000000000E-01,  8.1250000000000000E-01,4,  4.1119814955679607E-01,49,1,500,500,0,  1.0000000000000000E+00,  1.0000000000000000E+00,  1.0000000000000000E+00,  1.0000000000000000E+00,  7.1029251000000002E-02,  8.5328599999999998E-04,0
2820,  5.0000000000000000E-01,35,  6.2500000000000000E-01,  8.1250000000000000E-01,5,  4.1119814955679607E-01,49,2,504,500,4,  9.3190437479357369E-01,  1.0080000000000000E+00,  1.0000000000000000E+00,  9.6845970553768146E-01,  7.2359432000000001E-02,  1.0041640000000001E-03,0
2821,  5.0000000000000000E-01,35,  6.2500000000000000E-01,  1.0000000000000000E+00,1,  4.1119814955679607E-01,49,1,500,500,0,  1.0000000000000000E+00,  1.0000000000000000E+00,  1.0000000000000000E+00,  1.0000000000000000E+00,  7.4021247999999998E-02,  1.1283780000000000E-03,0
2822,  5.0000000000000000E-01,35,  6.2500000000000000E-01,  1.0000000000000000E+00,2,  4.1119814955679607E-01,49,1,500,500,0,  1.0000000000000000E+00,  1.0000000000000000E+00,  1.0000000000000000E+00,  1.0000000000000000E+00,  7.2518690999999996E-02,  8.6368199999999995E-04,0
2823,  5.0000000000000000E-01,35,  6.2500000000000000E-01,  1.0000000000000000E+00,3,  4.1119814955679607E-01,49,1,500,500,0,  1.0000000000000000E+00,  1.0000000000000000E+00,  1.0000000000000000E+00,  1.0000000000000000E+00,  6.9865856000000004E-02,  8.2372999999999995E-04,0
2824,  5.0000000000000000E-01,35,  6.2500000000000000E-01,  1.0000000000000000E+00,4,  4.1119814955679607E-01,49,1,500,500,0,  1.0000000000000000E+00,  1.0000000000000000E+00,  1.0000000000000000E+00,  1.0000000000000000E+00,  7.7708605000000000E-02,  8.5627499999999998E-04,0
2825,  5.0000000000000000E-01,35,  6.2500000000000000E-01,  1.0000000000000000E+00,5,  4.1119814955679607E-01,49,2,504,500,4,  9.3190437479357369E-01,  1.0080000000000000E+00,  1.0000000000000000E+00,  9.6845970553768146E-01,  8.0515022000000006E-02,  8.5005699999999998E-04,0
2826,  5.0000000000000000E-01,35,  8.1250000000000000E-01,  2.5000000000000000E-01,1,  4.1119814955679607E-01,49,1,500,500,0,  1.0000000000000000E+00,  1.0000000000000000E+00,  1.0000000000000000E+00,  1.0000000000000000E+00,  7.2647780999999995E-02,  8.7859400000000001E-04,0
2827,  5.0000000000000000E-01,35,  8.1250000000000000E-01,  2.5000000000000000E-01,2,  4.1119814955679607E-01,49,1,500,500,0,  1.0000000000000000E+00,  1.0000000000000000E+00,  1.0000000000000000E+00,  1.0000000000000000E+00,  7.7989670999999997E-02,  8.7007299999999996E-04,0
2828,  5.0000000000000000E-01,35,  8.1250000000000000E-01,  2.5000000000000000E-01,3,  4.1119814955679607E-01,49,1,500,500,0,  1.0000000000000000E+00,  1.0000000000000000E+00,  1.0000000000000000E+00,  1.0000000000000000E+00,  8.1436910000000001E-02,  8.2256799999999998E-04,0
2829,  5.0000000000000000E-01,35,  8.1250000000000000E-01,  2.5000000000000000E-01,4,  4.1119814955679607E-01,49,1,500,500,0,  1.0000000000000000E+00,  1.0000000000000000E+00,  1.0000000000000000E+00,  1.0000000000000000E+00,  7.2824759000000003E-02,  8.7826199999999999E-04,0
2830,  5.0000000000000000E-01,35,  8.1250000000000000E-01,  2.5000000000000000E-01,5,  4.1119814955679607E-01,49,1,500,500,0,  1.0000000000000000E+00,  1.0000000000000000E+00,  1.0000000000000000E+00,  1.0000000000000000E+00,  7.2087670000000006E-02,  8.6896200000000003E-04,0
2831,  5.0000000000000000E-01,35,  8.1250000000000000E-01,  4.3750000000000000E-01,1,  4.1119814955679607E-01,49,1,500,500,0,  1.0000000000000000E+00,  1.0000000000000000E+00,  1.0000000000000000E+00,  1.0000000000000000E+00,  7.2135915999999994E-02,  8.5244499999999996E-04,0
2832,  5.0000000000000000E-01,35,  8.1250000000000000E-01,  4.3750000000000000E-01,2,  4.1119814955679607E-01,49,1,500,500,0,  1.0000000000000000E+00,  1.0000000000000000E+00,  1.0000000000000000E+00,  1.0000000000000000E+00,  7.1720536000000001E-02,  8.6132500000000002E-04,0
2833,  5.0000000000000000E-01,35,  8.1250000000000000E-01,  4.3750000000000000E-01,3,  4.1119814955679607E-01,49,1,500,500,0,  1.0000000000000000E+00,  1.0000000000000000E+00,  1.0000000000000000E+00,  1.0000000000000000E+00,  7.2389094000000001E-02,  8.2669400000000000E-04,0
2834,  5.0000000000000000E-01,35,  8.1250000000000000E-01,  4.3750000000000000E-01,4,  4.1119814955679607E-01,49,1,500,500,0,  1.0000000000000000E+00,  1.0000000000000000E+00,  1.0000000000000000E+00,  1.0000000000000000E+00,  7.2049342000000002E-02,  8.5686800000000000E-04,0
2835,  5.0000000000000000E-01,35,  8.1250000000000000E-01,  4.3750000000000000E-01,5,  4.1119814955679607E-01,49,1,500,500,0,  1.0000000000000000E+00,  1.0000000000000000E+00,  1.0000000000000000E+00,  1.0000000000000000E+00,  7.0606249999999995E-02,  8.5021999999999995E-04,0
2836,  5.0000000000000000E-01,35,  8.1250000000000000E-01,  6.2500000000000000E-01,1,  4.1119814955679607E-01,49,1,500,500,0,  1.0000000000000000E+00,  1.0000000000000000E+00,  1.0000000000000000E+00,  1.0000000000000000E+00,  7.0117507999999995E-02,  8.4858299999999998E-04,0
2837,  5.0000000000000000E-01,35,  8.1250000000000000E-01,  6.2500000000000000E-01,2,  4.1119814955679607E-01,49,1,500,500,0,  1.0000000000000000E+00,  1.0000000000000000E+00,  1.0000000000000000E+00,  1.0000000000000000E+00,  7.0592261000000003E-02,  8.3328500000000002E-04,0
2838,  5.0000000000000000E-01,35,  8.1250000000000000E-01,  6.2500000000000000E-01,3,  4.1119814955679607E-01,49,1,500,500,0,  1.0000000000000000E+00,  1.0000000000000000E+00,  1.0000000000000000E+00,  1.0000000000000000E+00,  7.5685522000000005E-02,  9.0950899999999997E-04,0
2839,  5.0000000000000000E-01,35,  8.1250000000000000E-01,  6.2500000000000000E-01,4,  4.1119814955679607E-01,49,1,500,500,0,  1.0000000000000000E+00,  1.0000000000000000E+00,  1.0000000000000000E+00,  1.0000000000000000E+00,  7.2561740000000000E-02,  8.8053700000000003E-04,0
2840,  5.0000000000000000E-01,35,  8.1250000000000000E-01,  6.2500000000000000E-01,5,  4.1119814955679607E-01,49,1,500,500,0,  1.0000000000000000E+00,  1.0000000000000000E+00,  1.0000000000000000E+00,  1.0000000000000000E+00,  7.1474695000000005E-02,  8.7050099999999998E-04,0
2841,  5.0000000000000000E-01,35,  8.1250000000000000E-01,  8.1250000000000000E-01,1,  4.1119814955679607E-01,49,1,500,500,0,  1.0000000000000000E+00,  1.0000000000000000E+00,  1.0000000000000000E+00,  1.0000000000000000E+00,  7.3055285999999997E-02,  8.7692900000000003E-04,0
2842,  5.0000000000000000E-01,35,  8.1250000000000000E-01,  8.1250000000000000E-01,2,  4.1119814955679607E-01,49,1,500,500,0,  1.0000000000000000E+00,  1.0000000000000000E+00,  1.0000000000000000E+00,  1.0000000000000000E+00,  7.2764943999999998E-02,  8.8352299999999999E-04,0
2843,  5.0000000000000000E-01,35,  8.1250000000000000E-01,  8.1250000000000000E-01,3,  4.1119814955679607E-01,49,1,500,500,0,  1.0000000000000000E+00,  1.0000000000000000E+00,  1.0000000000000000E+00,  1.0000000000000000E+00,  7.2883551000000005E-02,  8.6011099999999999E-04,0
2844,  5.0000000000000000E-01,35,  8.1250000000000000E-01,  8.1250000000000000E-01,4,  4.1119814955679607E-01,49,1,500,500,0,  1.0000000000000000E+00,  1.0000000000000000E+00,  1.0000000000000000E+00,  1.0000000000000000E+00,  7.2003629999999999E-02,  8.5821599999999997E-04,0
2845,  5.0000000000000000E-01,35,  8.1250000000000000E-01,  8.1250000000000000E-01,5,  4.1119814955679607E-01,49,1,500,500,0,  1.0000000000000000E+00,  1.0000000000000000E+00,  1.0000000000000000E+00,  1.0000000000000000E+00,  7.1405990000000003E-02,  8.4421200000000000E-04,0
2846,  5.0000000000000000E-01,35,  8.1250000000000000E-01,  1.0000000000000000E+00,1,  4.1119814955679607E-01,49,1,500,500,0,  1.0000000000000000E+00,  1.0000000000000000E+00,  1.0000000000000000E+00,  1.0000000000000000E+00,  7.2717621999999996E-02,  9.8075500000000004E-04,0
2847,  5.0000000000000000E-01,35,  8.1250000000000000E-01,  1.0000000000000000E+00,2,  4.1119814955679607E-01,49,1,500,500,0,  1.0000000000000000E+00,  1.0000000000000000E+00,  1.0000000000000000E+00,  1.0000000000000000E+00,  7.1516856000000004E-02,  8.3347900000000003E-04,0
2848,  5.0000000000000000E-01,35,  8.1250000000000000E-01,  1.0000000000000000E+00,3,  4.1119814955679607E-01,49,1,500,500,0,  1.0000000000000000E+00,  1.0000000000000000E+00,  1.0000000000000000E+00,  1.0000000000000000E+00,  7.1144302000000006E-02,  8.8480700000000004E-04,0
2849,  5.0000000000000000E-01,35,  8.1250000000000000E-01,  1.0000000000000000E+00,4,  4.1119814955679607E-01,49,1,500,500,0,  1.0000000000000000E+00,  1.0000000000000000E+00,  1.0000000000000000E+00,  1.0000000000000000E+00,  7.2303731999999996E-02,  8.3950500000000005E-04,0
2850,  5.0000000000000000E-01,35,  8.1250000000000000E-01,  1.0000000000000000E+00,5,  4.1119814955679607E-01,49,1,500,500,0,  1.0000000000000000E+00,  1.0000000000000000E+00,  1.0000000000000000E+00,  1.0000000000000000E+00,  7.0323061000000006E-02,  8.2812599999999999E-04,0
2851,  5.0000000000000000E-01,35,  1.0000000000000000E+00,  2.5000000000000000E-01,1,  4.1119814955679607E-01,49,1,500,500,0,  1.0000000000000000E+00,  1.0000000000000000E+00,  1.0000000000000000E+00,  1.0000000000000000E+00,  7.9937331000000000E-02,  9.3087699999999998E-04,0
2852,  5.0000000000000000E-01,35,  1.0000000000000000E+00,  2.5000000000000000E-01,2,  4.1119814955679607E-01,49,1,500,500,0,  1.0000000000000000E+00,  1.0000000000000000E+00,  1.0000000000000000E+00,  1.0000000000000000E+00,  8.7645548000000004E-02,  8.4583599999999998E-04,0
2853,  5.0000000000000000E-01,35,  1.0000000000000000E+00,  2.5000000000000000E-01,3,  4.1119814955679607E-01,49,1,500,500,0,  1.0000000000000000E+00,  1.0000000000000000E+00,  1.0000000000000000E+00,  1.0000000000000000E+00,  8.2571927000000003E-02,  8.4928300000000005E-04,0
2854,  5.0000000000000000E-01,35,  1.0000000000000000E+00,  2.5000000000000000E-01,4,  4.1119814955679607E-01,49,1,500,500,0,  1.0000000000000000E+00,  1.0000000000000000E+00,  1.0000000000000000E+00,  1.0000000000000000E+00,  9.8892207999999995E-02,  8.9389700000000005E-04,0
2855,  5.0000000000000000E-01,35,  1.0000000000000000E+00,  2.5000000000000000E-01,5,  4.1119814955679607E-01,49,1,500,500,0,  1.0000000000000000E+00,  1.0000000000000000E+00,  1.0000000000000000E+00,  1.0000000000000000E+00,  8.3133625000000003E-02,  8.8208700000000004E-04,0
2856,  5.0000000000000000E-01,35,  1.0000000000000000E+00,  4.3750000000000000E-01,1,  4.1119814955679607E-01,49,1,500,500,0,  1.0000000000000000E+00,  1.0000000000000000E+00,  1.0000000000000000E+00,  1.0000000000000000E+00,  7.9918325999999998E-02,  8.5742200000000005E-04,0
2857,  5.0000000000000000E-01,35,  1.0000000000000000E+00,  4.3750000000000000E-01,2,  4.1119814955679607E-01,49,1,500,500,0,  1.0000000000000000E+00,  1.0000000000000000E+00,  1.0000000000000000E+00,  1.0000000000000000E+00,  8.3394654999999998E-02,  8.2575900000000002E-04,0
2858,  5.0000000000000000E-01,35,  1.0000000000000000E+00,  4.3750000000000000E-01,3,  4.1119814955679607E-01,49,1,500,500,0,  1.0000000000000000E+00,  1.0000000000000000E+00,  1.0000000000000000E+00,  1.0000000000000000E+00,  8.0091647000000002E-02,  8.5721899999999999E-04,0
2859,  5.0000000000000000E-01,35,  1.0000000000000000E+00,  4.3750000000000000E-01,4,  4.1119814955679607E-01,49,1,500,500,0,  1.0000000000000000E+00,  1.0000000000000000E+00,  1.0000000000000000E+00,  1.0000000000000000E+00,  8.0249705000000005E-02,  8.2915199999999999E-04,0
2860,  5.0000000000000000E-01,35,  1.0000000000000000E+00,  4.3750000000000000E-01,5,  4.1119814955679607E-01,49,1,500,500,0,  1.0000000000000000E+00,  1.0000000000000000E+00,  1.0000000000000000E+00,  1.0000000000000000E+00,  8.0269599999999997E-02,  8.7176899999999999E-04,0
2861,  5.0000000000000000E-01,35,  1.0000000000000000E+00,  6.2500000000000000E-01,1,  4.1119814955679607E-01,49,1,500,500,0,  1.0000000000000000E+00,  1.0000000000000000E+00,  1.0000000000000000E+00,  1.0000000000000000E+00,  9.5157044999999996E-02,  8.6385200000000002E-04,0
2862,  5.0000000000000000E-01,35,  1.0000000000000000E+00,  6.2500000000000000E-01,2,  4.1119814955679607E-01,49,1,500,500,0,  1.0000000000000000E+00,  1.0000000000000000E+00,  1.0000000000000000E+00,  1.0000000000000000E+00,  8.6768611999999995E-02,  8.2898300000000004E-04,0
2863,  5.0000000000000000E-01,35,  1.0000000000000000E+00,  6.2500000000000000E-01,3,  4.1119814955679607E-01,49,1,500,500,0,  1.0000000000000000E+00,  1.0000000000000000E+00,  1.0000000000000000E+00,  1.0000000000000000E+00,  8.0396077999999996E-02,  8.3103900000000000E-04,0
2864,  5.0000000000000000E-01,35,  1.0000000000000000E+00,  6.2500000000000000E-01,4,  4.1119814955679607E-01,49,1,500,500,0,  1.0000000000000000E+00,  1.0000000000000000E+00,  1.0000000000000000E+00,  1.0000000000000000E+00,  8.1576286999999997E-02,  8.4360200000000005E-04,0
2865,  5.0000000000000000E-01,35,  1.0000000000000000E+00,  6.2500000000000000E-01,5,  4.1119814955679607E-01,49,1,500,500,0,  1.0000000000000000E+00,  1.0000000000000000E+00,  1.0000000000000000E+00,  1.0000000000000000E+00,  7.9934552000000006E-02,  8.2455400000000002E-04,0
2866,  5.0000000000000000E-01,35,  1.0000000000000000E+00,  8.1250000000000000E-01,1,  4.1119814955679607E-01,49,1,500,500,0,  1.0000000000000000E+00,  1.0000000000000000E+00,  1.0000000000000000E+00,  1.0000000000000000E+00,  7.8427983000000007E-02,  8.3343999999999996E-04,0
2867,  5.0000000000000000E-01,35,  1.0000000000000000E+00,  8.1250000000000000E-01,2,  4.1119814955679607E-01,49,1,500,500,0,  1.0000000000000000E+00,  1.0000000000000000E+00,  1.0000000000000000E+00,  1.0000000000000000E+00,  8.2089487000000003E-02,  8.7920399999999997E-04,0
2868,  5.0000000000000000E-01,35,  1.0000000000000000E+00,  8.1250000000000000E-01,3,  4.1119814955679607E-01,49,1,500,500,0,  1.0000000000000000E+00,  1.0000000000000000E+00,  1.0000000000000000E+00,  1.0000000000000000E+00,  7.9181401999999998E-02,  8.2072600000000003E-04,0
2869,  5.0000000000000000E-01,35,  1.0000000000000000E+00,  8.1250000000000000E-01,4,  4.1119814955679607E-01,49,1,500,500,0,  1.0000000000000000E+00,  1.0000000000000000E+00,  1.0000000000000000E+00,  1.0000000000000000E+00,  7.9023144000000003E-02,  9.5398900000000003E-04,0
2870,  5.0000000000000000E-01,35,  1.0000000000000000E+00,  8.1250000000000000E-01,5,  4.1119814955679607E-01,49,1,500,500,0,  1.0000000000000000E+00,  1.0000000000000000E+00,  1.0000000000000000E+00,  1.0000000000000000E+00,  7.9386962000000005E-02,  9.0272599999999996E-04,0
2871,  5.0000000000000000E-01,35,  1.0000000000000000E+00,  1.0000000000000000E+00,1,  4.1119814955679607E-01,49,1,500,500,0,  1.0000000000000000E+00,  1.0000000000000000E+00,  1.0000000000000000E+00,  1.0000000000000000E+00,  8.1497778000000007E-02,  8.1640100000000002E-04,0
2872,  5.0000000000000000E-01,35,  1.0000000000000000E+00,  1.0000000000000000E+00,2,  4.1119814955679607E-01,49,1,500,500,0,  1.0000000000000000E+00,  1.0000000000000000E+00,  1.0000000000000000E+00,  1.0000000000000000E+00,  7.7992615000000001E-02,  8.3735000000000005E-04,0
2873,  5.0000000000000000E-01,35,  1.0000000000000000E+00,  1.0000000000000000E+00,3,  4.1119814955679607E-01,49,1,500,500,0,  1.0000000000000000E+00,  1.0000000000000000E+00,  1.0000000000000000E+00,  1.0000000000000000E+00,  8.0030026000000004E-02,  8.3251400000000002E-04,0
2874,  5.0000000000000000E-01,35,  1.0000000000000000E+00,  1.0000000000000000E+00,4,  4.1119814955679607E-01,49,1,500,500,0,  1.0000000000000000E+00,  1.0000000000000000E+00,  1.0000000000000000E+00,  1.0000000000000000E+00,  8.0736035999999997E-02,  8.2242500000000000E-04,0
2875,  5.0000000000000000E-01,35,  1.0000000000000000E+00,  1.0000000000000000E+00,5,  4.1119814955679607E-01,49,1,500,500,0,  1.0000000000000000E+00,  1.0000000000000000E+00,  1.0000000000000000E+00,  1.0000000000000000E+00,  8.3686321999999994E-02,  8.2452999999999997E-04,0
2876,  5.0000000000000000E-01,45,  2.5000000000000000E-01,  2.5000000000000000E-01,1,  4.1119814955679607E-01,38,3,485,485,0,  8.0223642392949246E-01,  9.6999999999999997E-01,  9.6999999999999997E-01,  8.7817778791185352E-01,  4.6766360000000000E-02,  7.9823000000000003E-04,0
2877,  5.0000000000000000E-01,45,  2.5000000000000000E-01,  2.5000000000000000E-01,2,  4.1119814955679607E-01,38,3,485,485,0,  8.0223642392949246E-01,  9.6999999999999997E-01,  9.6999999999999997E-01,  8.7817778791185352E-01,  4.5482368000000002E-02,  8.0088399999999997E-04,0
2878,  5.0000000000000000E-01,45,  2.5000000000000000E-01,  2.5000000000000000E-01,3,  4.1119814955679607E-01,38,4,487,485,2,  7.4741803944232810E-01,  9.7399999999999998E-01,  9.6999999999999997E-01,  8.4579707396660742E-01,  4.6584755999999998E-02,  8.3575700000000001E-04,0
2879,  5.0000000000000000E-01,45,  2.5000000000000000E-01,  2.5000000000000000E-01,4,  4.1119814955679607E-01,38,4,487,485,2,  7.4741803944232810E-01,  9.7399999999999998E-01,  9.6999999999999997E-01,  8.4579707396660742E-01,  4.7848860000000000E-02,  8.1949699999999998E-04,0
2880,  5.0000000000000000E-01,45,  2.5000000000000000E-01,  2.5000000000000000E-01,5,  4.1119814955679607E-01,38,4,487,485,2,  7.4741803944232810E-01,  9.7399999999999998E-01,  9.6999999999999997E-01,  8.4579707396660742E-01,  4.8036593000000002E-02,  8.2891400000000004E-04,0
2881,  5.0000000000000000E-01,45,  2.5000000000000000E-01,  4.3750000000000000E-01,1,  4.1119814955679607E-01,38,3,485,485,0,  8.0223642392949246E-01,  9.6999999999999997E-01,  9.6999999999999997E-01,  8.7817778791185352E-01,  4.5158624000000001E-02,  8.0669200000000002E-04,0
2882,  5.0000000000000000E-01,45,  2.5000000000000000E-01,  4.3750000000000000E-01,2,  4.1119814955679607E-01,38,3,485,485,0,  8.0223642392949246E-01,  9.6999999999999997E-01,  9.6999999999999997E-01,  8.7817778791185352E-01,  4.6105075000000002E-02,  7.9858499999999998E-04,0
2883,  5.0000000000000000E-01,45,  2.5000000000000000E-01,  4.3750000000000000E-01,3,  4.1119814955679607E-01,38,4,487,485,2,  7.4741803944232810E-01,  9.7399999999999998E-01,  9.6999999999999997E-01,  8.4579707396660742E-01,  4.6222312000000002E-02,  8.7317199999999997E-04,0
2884,  5.0000000000000000E-01,45,  2.5000000000000000E-01,  4.3750000000000000E-01,4,  4.1119814955679607E-01,38,4,487,485,2,  7.4741803944232810E-01,  9.7399999999999998E-01,  9.6999999999999997E-01,  8.4579707396660742E-01,  4.6207632999999998E-02,  9.8203500000000003E-04,0
2885,  5.0000000000000000E-01,45,  2.5000000000000000E-01,  4.3750000000000000E-01,5,  4.1119814955679607E-01,38,4,487,485,2,  7.4741803944232810E-01,  9.7399999999999998E-01,  9.6999999999999997E-01,  8.4579707396660742E-01,  4.6170851999999998E-02,  8.4105900000000001E-04,0
2886,  5.0000000000000000E-01,45,  2.5000000000000000E-01,  6.2500000000000000E-01,1,  4.1119814955679607E-01,38,3,485,485,0,  8.0223642392949246E-01,  9.6999999999999997E-01,  9.6999999999999997E-01,  8.7817778791185352E-01,  4.6479227999999997E-02,  8.0810799999999998E-04,0
2887,  5.0000000000000000E-01,45,  2.5000000000000000E-01,  6.2500000000000000E-01,2,  4.1119814955679607E-01,38,3,485,485,0,  8.0223642392949246E-01,  9.6999999999999997E-01,  9.6999999999999997E-01,  8.7817778791185352E-01,  4.6369891000000003E-02,  8.3650599999999999E-04,0
2888,  5.0000000000000000E-01,45,  2.5000000000000000E-01,  6.2500000000000000E-01,3,  4.1119814955679607E-01,38,4,487,485,2,  7.4741803944232810E-01,  9.7399999999999998E-01,  9.6999999999999997E-01,  8.4579707396660742E-01,  4.6861748000000002E-02,  8.0526100000000004E-04,0
2889,  5.0000000000000000E-01,45,  2.5000000000000000E-01,  6.2500000000000000E-01,4,  4.1119814955679607E-01,38,4,487,485,2,  7.4741803944232810E-01,  9.7399999999999998E-01,  9.6999999999999997E-01,  8.4579707396660742E-01,  4.6254538999999997E-02,  8.3500499999999999E-04,0
2890,  5.0000000000000000E-01,45,  2.5000000000000000E-01,  6.2500000000000000E-01,5,  4.1119814955679607E-01,38,4,487,485,2,  7.4741803944232810E-01,  9.7399999999999998E-01,  9.6999999999999997E-01,  8.4579707396660742E-01,  4.6698183999999997E-02,  9.3791299999999996E-04,0
2891,  5.0000000000000000E-01,45,  2.5000000000000000E-01,  8.1250000000000000E-01,1,  4.1119814955679607E-01,38,3,485,485,0,  8.0223642392949246E-01,  9.6999999999999997E-01,  9.6999999999999997E-01,  8.7817778791185352E-01,  4.6184195999999997E-02,  1.1110330000000000E-03,0
2892,  5.0000000000000000E-01,45,  2.5000000000000000E-01,  8.1250000000000000E-01,2,  4.1119814955679607E-01,38,3,485,485,0,  8.0223642392949246E-01,  9.6999999999999997E-01,  9.6999999999999997E-01,  8.7817778791185352E-01,  4.7226694999999999E-02,  7.9137599999999999E-04,0
2893,  5.0000000000000000E-01,45,  2.5000000000000000E-01,  8.1250000000000000E-01,3,  4.1119814955679607E-01,38,4,487,485,2,  7.4741803944232810E-01,  9.7399999999999998E-01,  9.6999999999999997E-01,  8.4579707396660742E-01,  4.6669871000000002E-02,  7.9696200000000002E-04,0
2894,  5.0000000000000000E-01,45,  2.5000000000000000E-01,  8.1250000000000000E-01,4,  4.1119814955679607E-01,38,4,487,485,2,  7.4741803944232810E-01,  9.7399999999999998E-01,  9.6999999999999997E-01,  8.4579707396660742E-01,  4.5958362000000003E-02,  8.1493600000000005E-04,0
2895,  5.0000000000000000E-01,45,  2.5000000000000000E-01,  8.1250000000000000E-01,5,  4.1119814955679607E-01,38,4,487,485,2,  7.4741803944232810E-01,  9.7399999999999998E-01,  9.6999999999999997E-01,  8.4579707396660742E-01,  4.6407403999999999E-02,  8.3132099999999999E-04,0
2896,  5.0000000000000000E-01,45,  2.5000000000000000E-01,  1.0000000000000000E+00,1,  4.1119814955679607E-01,38,3,485,485,0,  8.0223642392949246E-01,  9.6999999999999997E-01,  9.6999999999999997E-01,  8.7817778791185352E-01,  5.2936081000000003E-02,  8.3406599999999995E-04,0
2897,  5.0000000000000000E-01,45,  2.5000000000000000E-01,  1.0000000000000000E+00,2,  4.1119814955679607E-01,38,3,485,485,0,  8.0223642392949246E-01,  9.6999999999999997E-01,  9.6999999999999997E-01,  8.7817778791185352E-01,  4.5758014999999999E-02,  8.0209499999999996E-04,0
2898,  5.0000000000000000E-01,45,  2.5000000000000000E-01,  1.0000000000000000E+00,3,  4.1119814955679607E-01,38,4,487,485,2,  7.4741803944232810E-01,  9.7399999999999998E-01,  9.6999999999999997E-01,  8.4579707396660742E-01,  4.9053436999999998E-02,  8.4040600000000003E-04,0
2899,  5.0000000000000000E-01,45,  2.5000000000000000E-01,  1.0000000000000000E+00,4,  4.1119814955679607E-01,38,4,487,485,2,  7.4741803944232810E-01,  9.7399999999999998E-01,  9.6999999999999997E-01,  8.4579707396660742E-01,  4.6055620999999998E-02,  8.0146299999999998E-04,0
2900,  5.0000000000000000E-01,45,  2.5000000000000000E-01,  1.0000000000000000E+00,5,  4.1119814955679607E-01,38,4,487,485,2,  7.4741803944232810E-01,  9.7399999999999998E-01,  9.6999999999999997E-01,  8.4579707396660742E-01,  4.4993785000000001E-02,  8.0164400000000001E-04,0
2901,  5.0000000000000000E-01,45,  4.3750000000000000E-01,  2.5000000000000000E-01,1,  4.1119814955679607E-01,38,1,498,498,0,  9.9606726670592050E-01,  9.9600000000000000E-01,  9.9600000000000000E-01,  9.9603363221725316E-01,  4.5479198999999998E-02,  8.3051000000000002E-04,0
2902,  5.0000000000000000E-01,45,  4.3750000000000000E-01,  2.5000000000000000E-01,2,  4.1119814955679607E-01,38,2,499,498,1,  8.5857187314613026E-01,  9.9800000000000000E-01,  9.9600000000000000E-01,  9.2305042621142330E-01,  4.5952510000000002E-02,  9.1655000000000003E-04,0
2903,  5.0000000000000000E-01,45,  4.3750000000000000E-01,  2.5000000000000000E-01,3,  4.1119814955679607E-01,38,3,501,498,3,  8.0675520234713294E-01,  1.0020000000000000E+00,  9.9600000000000000E-01,  8.9383982056040168E-01,  4.4084476999999997E-02,  8.4195400000000001E-04,0
2904,  5.0000000000000000E-01,45,  4.3750000000000000E-01,  2.5000000000000000E-01,4,  4.1119814955679607E-01,38,3,501,498,3,  8.0675520234713294E-01,  1.0020000000000000E+00,  9.9600000000000000E-01,  8.9383982056040168E-01,  4.8472129000000003E-02,  9.6035700000000001E-04,0
2905,  5.0000000000000000E-01,45,  4.3750000000000000E-01,  2.5000000000000000E-01,5,  4.1119814955679607E-01,38,3,501,498,3,  8.0675520234713294E-01,  1.0020000000000000E+00,  9.9600000000000000E-01,  8.9383982056040168E-01,  4.5895393999999999E-02,  8.4053999999999997E-04,0
2906,  5.0000000000000000E-01,45,  4.3750000000000000E-01,  4.3750000000000000E-01,1,  4.1119814955679607E-01,38,1,498,498,0,  9.9606726670592050E-01,  9.9600000000000000E-01,  9.9600000000000000E-01,  9.9603363221725316E-01,  4.4839408999999997E-02,  8.3516500000000002E-04,0
2907,  5.0000000000000000E-01,45,  4.3750000000000000E-01,  4.3750000000000000E-01,2,  4.1119814955679607E-01,38,2,499,498,1,  8.5857187314613026E-01,  9.9800000000000000E-01,  9.9600000000000000E-01,  9.2305042621142330E-01,  4.6297814999999999E-02,  8.3778900000000003E-04,0
2908,  5.0000000000000000E-01,45,  4.3750000000000000E-01,  4.3750000000000000E-01,3,  4.1119814955679607E-01,38,3,501,498,3,  8.0675520234713294E-01,  1.0020000000000000E+00,  9.9600000000000000E-01,  8.9383982056040168E-01,  4.3345777000000002E-02,  8.6202600000000000E-04,0
2909,  5.0000000000000000E-01,45,  4.3750000000000000E-01,  4.3750000000000000E-01,4,  4.1119814955679607E-01,38,3,501,498,3,  8.0675520234713294E-01,  1.0020000000000000E+00,  9.9600000000000000E-01,  8.9383982056040168E-01,  4.5018780000000001E-02,  8.3108200000000002E-04,0
2910,  5.0000000000000000E-01,45,  4.3750000000000000E-01,  4.3750000000000000E-01,5,  4.1119814955679607E-01,38,3,501,498,3,  8.0675520234713294E-01,  1.0020000000000000E+00,  9.9600000000000000E-01,  8.9383982056040168E-01,  4.3586453999999997E-02,  8.4633099999999997E-04,0
2911,  5.0000000000000000E-01,45,  4.3750000000000000E-01,  6.2500000000000000E-01,1,  4.1119814955679607E-01,38,1,498,498,0,  9.9606726670592050E-01,  9.9600000000000000E-01,  9.9600000000000000E-01,  9.9603363221725316E-01,  4.6368448000000000E-02,  8.5951500000000004E-04,0
2912,  5.0000000000000000E-01,45,  4.3750000000000000E-01,  6.2500000000000000E-01,2,  4.1119814955679607E-01,38,2,499,498,1,  8.5857187314613026E-01,  9.9800000000000000E-01,  9.9600000000000000E-01,  9.2305042621142330E-01,  4.5468717999999998E-02,  8.4494099999999999E-04,0
2913,  5.0000000000000000E-01,45,  4.3750000000000000E-01,  6.2500000000000000E-01,3,  4.1119814955679607E-01,38,3,501,498,3,  8.0675520234713294E-01,  1.0020000000000000E+00,  9.9600000000000000E-01,  8.9383982056040168E-01,  4.5973962000000000E-02,  1.2023060000000000E-03,0
2914,  5.0000000000000000E-01,45,  4.3750000000000000E-01,  6.2500000000000000E-01,4,  4.1119814955679607E-01,38,3,501,498,3,  8.0675520234713294E-01,  1.0020000000000000E+00,  9.9600000000000000E-01,  8.9383982056040168E-01,  4.3271312999999999E-02,  8.3791400000000004E-04,0
2915,  5.0000000000000000E-01,45,  4.3750000000000000E-01,  6.2500000000000000E-01,5,  4.1119814955679607E-01,38,3,501,498,3,  8.0675520234713294E-01,  1.0020000000000000E+00,  9.9600000000000000E-01,  8.9383982056040168E-01,  4.5012328999999997E-02,  8.7224500000000001E-04,0
2916,  5.0000000000000000E-01,45,  4.3750000000000000E-01,  8.1250000000000000E-01,1,  4.1119814955679607E-01,38,1,498,498,0,  9.9606726670592050E-01,  9.9600000000000000E-01,  9.9600000000000000E-01,  9.9603363221725316E-01,  4.4753653999999997E-02,  8.3279999999999997E-04,0
2917,  5.0000000000000000E-01,45,  4.3750000000000000E-01,  8.1250000000000000E-01,2,  4.1119814955679607E-01,38,2,499,498,1,  8.5857187314613026E-01,  9.9800000000000000E-01,  9.9600000000000000E-01,  9.2305042621142330E-01,  4.4966318999999998E-02,  8.3965400000000001E-04,0
2918,  5.0000000000000000E-01,45,  4.3750000000000000E-01,  8.1250000000000000E-01,3,  4.1119814955679607E-01,38,3,501,498,3,  8.0675520234713294E-01,  1.0020000000000000E+00,  9.9600000000000000E-01,  8.9383982056040168E-01,  4.5446727999999999E-02,  8.2587600000000002E-04,0
2919,  5.0000000000000000E-01,45,  4.3750000000000000E-01,  8.1250000000000000E-01,4,  4.1119814955679607E-01,38,3,501,498,3,  8.0675520234713294E-01,  1.0020000000000000E+00,  9.9600000000000000E-01,  8.9383982056040168E-01,  4.5634902999999997E-02,  8.6863200000000004E-04,0
2920,  5.0000000000000000E-01,45,  4.3750000000000000E-01,  8.1250000000000000E-01,5,  4.1119814955679607E-01,38,3,501,498,3,  8.0675520234713294E-01,  1.0020000000000000E+00,  9.9600000000000000E-01,  8.9383982056040168E-01,  4.5090849000000002E-02,  9.5950199999999999E-04,0
2921,  5.0000000000000000E-01,45,  4.3750000000000000E-01,  1.0000000000000000E+00,1,  4.1119814955679607E-01,38,1,498,498,0,  9.9606726670592050E-01,  9.9600000000000000E-01,  9.9600000000000000E-01,  9.9603363221725316E-01,  4.6318977999999997E-02,  8.3117800000000002E-04,0
2922,  5.0000000000000000E-01,45,  4.3750000000000000E-01,  1.0000000000000000E+00,2,  4.1119814955679607E-01,38,2,499,498,1,  8.5857187314613026E-01,  9.9800000000000000E-01,  9.9600000000000000E-01,  9.2305042621142330E-01,  4.5381377000000001E-02,  9.6495800000000003E-04,0
2923,  5.0000000000000000E-01,45,  4.3750000000000000E-01,  1.0000000000000000E+00,3,  4.1119814955679607E-01,38,3,501,498,3,  8.0675520234713294E-01,  1.0020000000000000E+00,  9.9600000000000000E-01,  8.9383982056040168E-01,  4.6121099999999998E-02,  8.3320800000000000E-04,0
2924,  5.0000000000000000E-01,45,  4.3750000000000000E-01,  1.0000000000000000E+00,4,  4.1119814955679607E-01,38,3,501,498,3,  8.0675520234713294E-01,  1.0020000000000000E+00,  9.9600000000000000E-01,  8.9383982056040168E-01,  4.5681340000000001E-02,  8.4362000000000000E-04,0
2925,  5.0000000000000000E-01,45,  4.3750000000000000E-01,  1.0000000000000000E+00,5,  4.1119814955679607E-01,38,3,501,498,3,  8.0675520234713294E-01,  1.0020000000000000E+00,  9.9600000000000000E-01,  8.9383982056040168E-01,  4.5184619000000002E-02,  8.2757800000000004E-04,0
2926,  5.0000000000000000E-01,45,  6.2500000000000000E-01,  2.5000000000000000E-01,1,  4.1119814955679607E-01,38,1,500,500,0,  1.0000000000000000E+00,  1.0000000000000000E+00,  1.0000000000000000E+00,  1.0000000000000000E+00,  5.7336709000000000E-02,  8.2437199999999997E-04,0
2927,  5.0000000000000000E-01,45,  6.2500000000000000E-01,  2.5000000000000000E-01,2,  4.1119814955679607E-01,38,1,500,500,0,  1.0000000000000000E+00,  1.0000000000000000E+00,  1.0000000000000000E+00,  1.0000000000000000E+00,  5.5412125000000000E-02,  8.7514799999999996E-04,0
2928,  5.0000000000000000E-01,45,  6.2500000000000000E-01,  2.5000000000000000E-01,3,  4.1119814955679607E-01,38,1,500,500,0,  1.0000000000000000E+00,  1.0000000000000000E+00,  1.0000000000000000E+00,  1.0000000000000000E+00,  5.7433642000000000E-02,  9.6493299999999996E-04,0
2929,  5.0000000000000000E-01,45,  6.2500000000000000E-01,  2.5000000000000000E-01,4,  4.1119814955679607E-01,38,1,500,500,0,  1.0000000000000000E+00,  1.0000000000000000E+00,  1.0000000000000000E+00,  1.0000000000000000E+00,  5.7221207000000003E-02,  8.5492200000000004E-04,0
2930,  5.0000000000000000E-01,45,  6.2500000000000000E-01,  2.5000000000000000E-01,5,  4.1119814955679607E-01,38,1,500,500,0,  1.0000000000000000E+00,  1.0000000000000000E+00,  1.0000000000000000E+00,  1.0000000000000000E+00,  5.8549642999999998E-02,  8.2244600000000001E-04,0
2931,  5.0000000000000000E-01,45,  6.2500000000000000E-01,  4.3750000000000000E-01,1,  4.1119814955679607E-01,38,1,500,500,0,  1.0000000000000000E+00,  1.0000000000000000E+00,  1.0000000000000000E+00,  1.0000000000000000E+00,  5.6601772000000002E-02,  8.3289400000000004E-04,0
2932,  5.0000000000000000E-01,45,  6.2500000000000000E-01,  4.3750000000000000E-01,2,  4.1119814955679607E-01,38,1,500,500,0,  1.0000000000000000E+00,  1.0000000000000000E+00,  1.0000000000000000E+00,  1.0000000000000000E+00,  5.9618377000000000E-02,  9.1489000000000002E-04,0
2933,  5.0000000000000000E-01,45,  6.2500000000000000E-01,  4.3750000000000000E-01,3,  4.1119814955679607E-01,38,1,500,500,0,  1.0000000000000000E+00,  1.0000000000000000E+00,  1.0000000000000000E+00,  1.0000000000000000E+00,  5.6738310000000000E-02,  9.4366999999999997E-04,0
2934,  5.0000000000000000E-01,45,  6.2500000000000000E-01,  4.3750000000000000E-01,4,  4.1119814955679607E-01,38,1,500,500,0,  1.0000000000000000E+00,  1.0000000000000000E+00,  1.0000000000000000E+00,  1.0000000000000000E+00,  5.6225382999999997E-02,  8.3534500000000003E-04,0
2935,  5.0000000000000000E-01,45,  6.2500000000000000E-01,  4.3750000000000000E-01,5,  4.1119814955679607E-01,38,1,500,500,0,  1.0000000000000000E+00,  1.0000000000000000E+00,  1.0000000000000000E+00,  1.0000000000000000E+00,  5.7705578000000000E-02,  8.2906699999999996E-04,0
2936,  5.0000000000000000E-01,45,  6.2500000000000000E-01,  6.2500000000000000E-01,1,  4.1119814955679607E-01,38,1,500,500,0,  1.0000000000000000E+00,  1.0000000000000000E+00,  1.0000000000000000E+00,  1.0000000000000000E+00,  5.7535322999999999E-02,  8.3658699999999996E-04,0
2937,  5.0000000000000000E-01,45,  6.2500000000000000E-01,  6.2500000000000000E-01,2,  4.1119814955679607E-01,38,1,500,500,0,  1.0000000000000000E+00,  1.0000000000000000E+00,  1.0000000000000000E+00,  1.0000000000000000E+00,  5.7266521000000001E-02,  8.3558799999999996E-04,0
2938,  5.0000000000000000E-01,45,  6.2500000000000000E-01,  6.2500000000000000E-01,3,  4.1119814955679607E-01,38,1,500,500,0,  1.0000000000000000E+00,  1.0000000000000000E+00,  1.0000000000000000E+00,  1.0000000000000000E+00,  5.6875252000000001E-02,  8.3165599999999995E-04,0
2939,  5.0000000000000000E-01,45,  6.2500000000000000E-01,  6.2500000000000000E-01,4,  4.1119814955679607E-01,38,1,500,500,0,  1.0000000000000000E+00,  1.0000000000000000E+00,  1.0000000000000000E+00,  1.0000000000000000E+00,  5.5782793999999997E-02,  8.6612400000000002E-04,0
2940,  5.0000000000000000E-01,45,  6.2500000000000000E-01,  6.2500000000000000E-01,5,  4.1119814955679607E-01,38,1,500,500,0,  1.0000000000000000E+00,  1.0000000000000000E+00,  1.0000000000000000E+00,  1.0000000000000000E+00,  5.7004258000000002E-02,  8.3612200000000002E-04,0
2941,  5.0000000000000000E-01,45,  6.2500000000000000E-01,  8.1250000000000000E-01,1,  4.1119814955679607E-01,38,1,500,500,0,  1.0000000000000000E+00,  1.0000000000000000E+00,  1.0000000000000000E+00,  1.0000000000000000E+00,  5.7096902999999997E-02,  8.7020499999999998E-04,0
2942,  5.0000000000000000E-01,45,  6.2500000000000000E-01,  8.1250000000000000E-01,2,  4.1119814955679607E-01,38,1,500,500,0,  1.0000000000000000E+00,  1.0000000000000000E+00,  1.0000000000000000E+00,  1.0000000000000000E+00,  5.6837428000000002E-02,  1.0348219999999999E-03,0
2943,  5.0000000000000000E-01,45,  6.2500000000000000E-01,  8.1250000000000000E-01,3,  4.1119814955679607E-01,38,1,500,500,0,  1.0000000000000000E+00,  1.0000000000000000E+00,  1.0000000000000000E+00,  1.0000000000000000E+00,  5.7126929999999999E-02,  8.7156300000000000E-04,0
2944,  5.0000000000000000E-01,45,  6.2500000000000000E-01,  8.1250000000000000E-01,4,  4.1119814955679607E-01,38,1,500,500,0,  1.0000000000000000E+00,  1.0000000000000000E+00,  1.0000000000000000E+00,  1.0000000000000000E+00,  5.6735584999999998E-02,  8.5497399999999999E-04,0
2945,  5.0000000000000000E-01,45,  6.2500000000000000E-01,  8.1250000000000000E-01,5,  4.1119814955679607E-01,38,1,500,500,0,  1.0000000000000000E+00,  1.0000000000000000E+00,  1.0000000000000000E+00,  1.0000000000000000E+00,  6.0319009000000000E-02,  8.4154000000000000E-04,0
2946,  5.0000000000000000E-01,45,  6.2500000000000000E-01,  1.0000000000000000E+00,1,  4.1119814955679607E-01,38,1,500,500,0,  1.0000000000000000E+00,  1.0000000000000000E+00,  1.0000000000000000E+00,  1.0000000000000000E+00,  5.5827990000000001E-02,  8.7413599999999997E-04,0
2947,  5.0000000000000000E-01,45,  6.2500000000000000E-01,  1.0000000000000000E+00,2,  4.1119814955679607E-01,38,1,500,500,0,  1.0000000000000000E+00,  1.0000000000000000E+00,  1.0000000000000000E+00,  1.0000000000000000E+00,  5.6609748000000001E-02,  8.3533900000000005E-04,0
2948,  5.0000000000000000E-01,45,  6.2500000000000000E-01,  1.0000000000000000E+00,3,  4.1119814955679607E-01,38,1,500,500,0,  1.0000000000000000E+00,  1.0000000000000000E+00,  1.0000000000000000E+00,  1.0000000000000000E+00,  5.6894871999999999E-02,  8.4124299999999998E-04,0
2949,  5.0000000000000000E-01,45,  6.2500000000000000E-01,  1.0000000000000000E+00,4,  4.1119814955679607E-01,38,1,500,500,0,  1.0000000000000000E+00,  1.0000000000000000E+00,  1.0000000000000000E+00,  1.0000000000000000E+00,  5.7544869999999998E-02,  8.5949400000000003E-04,0
2950,  5.0000000000000000E-01,45,  6.2500000000000000E-01,  1.0000000000000000E+00,5,  4.1119814955679607E-01,38,1,500,500,0,  1.0000000000000000E+00,  1.0000000000000000E+00,  1.0000000000000000E+00,  1.0000000000000000E+00,  5.6352329999999999E-02,  8.3557599999999998E-04,0
2951,  5.0000000000000000E-01,45,  8.1250000000000000E-01,  2.5000000000000000E-01,1,  4.1119814955679607E-01,38,1,500,500,0,  1.0000000000000000E+00,  1.0000000000000000E+00,  1.0000000000000000E+00,  1.0000000000000000E+00,  5.5832041999999998E-02,  8.4047799999999997E-04,0
2952,  5.0000000000000000E-01,45,  8.1250000000000000E-01,  2.5000000000000000E-01,2,  4.1119814955679607E-01,38,1,500,500,0,  1.0000000000000000E+00,  1.0000000000000000E+00,  1.0000000000000000E+00,  1.0000000000000000E+00,  5.5477471000000000E-02,  1.1453990000000001E-03,0
2953,  5.0000000000000000E-01,45,  8.1250000000000000E-01,  2.5000000000000000E-01,3,  4.1119814955679607E-01,38,1,500,500,0,  1.0000000000000000E+00,  1.0000000000000000E+00,  1.0000000000000000E+00,  1.0000000000000000E+00,  5.5866573000000003E-02,  1.0420280000000000E-03,0
2954,  5.0000000000000000E-01,45,  8.1250000000000000E-01,  2.5000000000000000E-01,4,  4.1119814955679607E-01,38,1,500,500,0,  1.0000000000000000E+00,  1.0000000000000000E+00,  1.0000000000000000E+00,  1.0000000000000000E+00,  5.5007693000000003E-02,  8.5493600000000004E-04,0
2955,  5.0000000000000000E-01,45,  8.1250000000000000E-01,  2.5000000000000000E-01,5,  4.1119814955679607E-01,38,1,500,500,0,  1.0000000000000000E+00,  1.0000000000000000E+00,  1.0000000000000000E+00,  1.0000000000000000E+00,  5.6567203000000003E-02,  8.2694300000000001E-04,0
2956,  5.0000000000000000E-01,45,  8.1250000000000000E-01,  4.3750000000000000E-01,1,  4.1119814955679607E-01,38,1,500,500,0,  1.0000000000000000E+00,  1.0000000000000000E+00,  1.0000000000000000E+00,  1.0000000000000000E+00,  5.5003151000000000E-02,  8.7281299999999995E-04,0
2957,  5.0000000000000000E-01,45,  8.1250000000000000E-01,  4.3750000000000000E-01,2,  4.1119814955679607E-01,38,1,500,500,0,  1.0000000000000000E+00,  1.0000000000000000E+00,  1.0000000000000000E+00,  1.0000000000000000E+00,  5.5773540000000003E-02,  8.3364699999999997E-04,0
2958,  5.0000000000000000E-01,45,  8.1250000000000000E-01,  4.3750000000000000E-01,3,  4.1119814955679607E-01,38,1,500,500,0,  1.0000000000000000E+00,  1.0000000000000000E+00,  1.0000000000000000E+00,  1.0000000000000000E+00,  5.7922316000000001E-02,  8.2763800000000001E-04,0
2959,  5.0000000000000000E-01,45,  8.1250000000000000E-01,  4.3750000000000000E-01,4,  4.1119814955679607E-01,38,1,500,500,0,  1.0000000000000000E+00,  1.0000000000000000E+00,  1.0000000000000000E+00,  1.0000000000000000E+00,  5.7092615999999999E-02,  8.5631399999999995E-04,0
2960,  5.0000000000000000E-01,45,  8.1250000000000000E-01,  4.3750000000000000E-01,5,  4.1119814955679607E-01,38,1,500,500,0,  1.0000000000000000E+00,  1.0000000000000000E+00,  1.0000000000000000E+00,  1.0000000000000000E+00,  5.6497562000000001E-02,  8.6280199999999997E-04,0
2961,  5.0000000000000000E-01,45,  8.1250000000000000E-01,  6.2500000000000000E-01,1,  4.1119814955679607E-01,38,1,500,500,0,  1.0000000000000000E+00,  1.0000000000000000E+00,  1.0000000000000000E+00,  1.0000000000000000E+00,  6.2535970999999996E-02,  8.8855800000000001E-04,0
2962,  5.0000000000000000E-01,45,  8.1250000000000000E-01,  6.2500000000000000E-01,2,  4.1119814955679607E-01,38,1,500,500,0,  1.0000000000000000E+00,  1.0000000000000000E+00,  1.0000000000000000E+00,  1.0000000000000000E+00,  5.6461593999999997E-02,  8.4526499999999999E-04,0
2963,  5.0000000000000000E-01,45,  8.1250000000000000E-01,  6.2500000000000000E-01,3,  4.1119814955679607E-01,38,1,500,500,0,  1.0000000000000000E+00,  1.0000000000000000E+00,  1.0000000000000000E+00,  1.0000000000000000E+00,  5.7374633000000001E-02,  8.4115700000000004E-04,0
2964,  5.0000000000000000E-01,45,  8.1250000000000000E-01,  6.2500000000000000E-01,4,  4.1119814955679607E-01,38,1,500,500,0,  1.0000000000000000E+00,  1.0000000000000000E+00,  1.0000000000000000E+00,  1.0000000000000000E+00,  5.7412916000000001E-02,  8.4095600000000002E-04,0
2965,  5.0000000000000000E-01,45,  8.1250000000000000E-01,  6.2500000000000000E-01,5,  4.1119814955679607E-01,38,1,500,500,0,  1.0000000000000000E+00,  1.0000000000000000E+00,  1.0000000000000000E+00,  1.0000000000000000E+00,  5.5198590999999998E-02,  8.2045900000000005E-04,0
2966,  5.0000000000000000E-01,45,  8.1250000000000000E-01,  8.1250000000000000E-01,1,  4.1119814955679607E-01,38,1,500,500,0,  1.0000000000000000E+00,  1.0000000000000000E+00,  1.0000000000000000E+00,  1.0000000000000000E+00,  5.3394935999999997E-02,  8.6348999999999996E-04,0
2967,  5.0000000000000000E-01,45,  8.1250000000000000E-01,  8.1250000000000000E-01,2,  4.1119814955679607E-01,38,1,500,500,0,  1.0000000000000000E+00,  1.0000000000000000E+00,  1.0000000000000000E+00,  1.0000000000000000E+00,  5.4514268999999997E-02,  8.3647699999999997E-04,0
2968,  5.0000000000000000E-01,45,  8.1250000000000000E-01,  8.1250000000000000E-01,3,  4.1119814955679607E-01,38,1,500,500,0,  1.0000000000000000E+00,  1.0000000000000000E+00,  1.0000000000000000E+00,  1.0000000000000000E+00,  5.5405387000000000E-02,  9.2281999999999998E-04,0
2969,  5.0000000000000000E-01,45,  8.1250000000000000E-01,  8.1250000000000000E-01,4,  4.1119814955679607E-01,38,1,500,500,0,  1.0000000000000000E+00,  1.0000000000000000E+00,  1.0000000000000000E+00,  1.0000000000000000E+00,  5.7073548000000002E-02,  1.0449540000000001E-03,0
2970,  5.0000000000000000E-01,45,  8.1250000000000000E-01,  8.1250000000000000E-01,5,  4.1119814955679607E-01,38,1,500,500,0,  1.0000000000000000E+00,  1.0000000000000000E+00,  1.0000000000000000E+00,  1.0000000000000000E+00,  5.4110709000000000E-02,  8.8624400000000001E-04,0
2971,  5.0000000000000000E-01,45,  8.1250000000000000E-01,  1.0000000000000000E+00,1,  4.1119814955679607E-01,38,1,500,500,0,  1.0000000000000000E+00,  1.0000000000000000E+00,  1.0000000000000000E+00,  1.0000000000000000E+00,  5.5129760999999999E-02,  8.3276200000000002E-04,0
2972,  5.0000000000000000E-01,45,  8.1250000000000000E-01,  1.0000000000000000E+00,2,  4.1119814955679607E-01,38,1,500,500,0,  1.0000000000000000E+00,  1.0000000000000000E+00,  1.0000000000000000E+00,  1.0000000000000000E+00,  5.3753604000000003E-02,  8.2971000000000000E-04,0
2973,  5.0000000000000000E-01,45,  8.1250000000000000E-01,  1.0000000000000000E+00,3,  4.1119814955679607E-01,38,1,500,500,0,  1.0000000000000000E+00,  1.0000000000000000E+00,  1.0000000000000000E+00,  1.0000000000000000E+00,  5.5884966000000001E-02,  8.6974399999999999E-04,0
2974,  5.0000000000000000E-01,45,  8.1250000000000000E-01,  1.0000000000000000E+00,4,  4.1119814955679607E-01,38,1,500,500,0,  1.0000000000000000E+00,  1.0000000000000000E+00,  1.0000000000000000E+00,  1.0000000000000000E+00,  5.8651554000000002E-02,  1.3243150000000000E-03,0
2975,  5.0000000000000000E-01,45,  8.1250000000000000E-01,  1.0000000000000000E+00,5,  4.1119814955679607E-01,38,1,500,500,0,  1.0000000000000000E+00,  1.0000000000000000E+00,  1.0000000000000000E+00,  1.0000000000000000E+00,  6.3343124000000001E-02,  9.5819600000000003E-04,0
2976,  5.0000000000000000E-01,45,  1.0000000000000000E+00,  2.5000000000000000E-01,1,  4.1119814955679607E-01,38,1,500,500,0,  1.0000000000000000E+00,  1.0000000000000000E+00,  1.0000000000000000E+00,  1.0000000000000000E+00,  6.2694435000000007E-02,  8.8334000000000004E-04,0
2977,  5.0000000000000000E-01,45,  1.0000000000000000E+00,  2.5000000000000000E-01,2,  4.1119814955679607E-01,38,1,500,500,0,  1.0000000000000000E+00,  1.0000000000000000E+00,  1.0000000000000000E+00,  1.0000000000000000E+00,  6.1284788000000000E-02,  9.2135399999999999E-04,0
2978,  5.0000000000000000E-01,45,  1.0000000000000000E+00,  2.5000000000000000E-01,3,  4.1119814955679607E-01,38,1,500,500,0,  1.0000000000000000E+00,  1.0000000000000000E+00,  1.0000000000000000E+00,  1.0000000000000000E+00,  7.4724663999999996E-02,  9.1279299999999996E-04,0
2979,  5.0000000000000000E-01,45,  1.0000000000000000E+00,  2.5000000000000000E-01,4,  4.1119814955679607E-01,38,1,500,500,0,  1.0000000000000000E+00,  1.0000000000000000E+00,  1.0000000000000000E+00,  1.0000000000000000E+00,  6.3247096000000003E-02,  8.3850799999999996E-04,0
2980,  5.0000000000000000E-01,45,  1.0000000000000000E+00,  2.5000000000000000E-01,5,  4.1119814955679607E-01,38,1,500,500,0,  1.0000000000000000E+00,  1.0000000000000000E+00,  1.0000000000000000E+00,  1.0000000000000000E+00,  6.2739649999999994E-02,  8.3699299999999996E-04,0
2981,  5.0000000000000000E-01,45,  1.0000000000000000E+00,  4.3750000000000000E-01,1,  4.1119814955679607E-01,38,1,500,500,0,  1.0000000000000000E+00,  1.0000000000000000E+00,  1.0000000000000000E+00,  1.0000000000000000E+00,  6.1335547999999997E-02,  8.6236300000000000E-04,0
2982,  5.0000000000000000E-01,45,  1.0000000000000000E+00,  4.3750000000000000E-01,2,  4.1119814955679607E-01,38,1,500,500,0,  1.0000000000000000E+00,  1.0000000000000000E+00,  1.0000000000000000E+00,  1.0000000000000000E+00,  6.0498910000000003E-02,  1.0164680000000000E-03,0
2983,  5.0000000000000000E-01,45,  1.0000000000000000E+00,  4.3750000000000000E-01,3,  4.1119814955679607E-01,38,1,500,500,0,  1.0000000000000000E+00,  1.0000000000000000E+00,  1.0000000000000000E+00,  1.0000000000000000E+00,  6.2568289999999999E-02,  8.4412300000000001E-04,0
2984,  5.0000000000000000E-01,45,  1.0000000000000000E+00,  4.3750000000000000E-01,4,  4.1119814955679607E-01,38,1,500,500,0,  1.0000000000000000E+00,  1.0000000000000000E+00,  1.0000000000000000E+00,  1.0000000000000000E+00,  6.2041025999999999E-02,  8.8051199999999996E-04,0
2985,  5.0000000000000000E-01,45,  1.0000000000000000E+00,  4.3750000000000000E-01,5,  4.1119814955679607E-01,38,1,500,500,0,  1.0000000000000000E+00,  1.0000000000000000E+00,  1.0000000000000000E+00,  1.0000000000000000E+00,  6.3037701000000002E-02,  8.9851000000000004E-04,0
2986,  5.0000000000000000E-01,45,  1.0000000000000000E+00,  6.2500000000000000E-01,1,  4.1119814955679607E-01,38,1,500,500,0,  1.0000000000000000E+00,  1.0000000000000000E+00,  1.0000000000000000E+00,  1.0000000000000000E+00,  6.1680905000000001E-02,  8.3718799999999999E-04,0
2987,  5.0000000000000000E-01,45,  1.0000000000000000E+00,  6.2500000000000000E-01,2,  4.1119814955679607E-01,38,1,500,500,0,  1.0000000000000000E+00,  1.0000000000000000E+00,  1.0000000000000000E+00,  1.0000000000000000E+00,  6.0848421999999999E-02,  8.6874900000000004E-04,0
2988,  5.0000000000000000E-01,45,  1.0000000000000000E+00,  6.2500000000000000E-01,3,  4.1119814955679607E-01,38,1,500,500,0,  1.0000000000000000E+00,  1.0000000000000000E+00,  1.0000000000000000E+00,  1.0000000000000000E+00,  6.1737552000000001E-02,  8.8497900000000004E-04,0
2989,  5.0000000000000000E-01,45,  1.0000000000000000E+00,  6.2500000000000000E-01,4,  4.1119814955679607E-01,38,1,500,500,0,  1.0000000000000000E+00,  1.0000000000000000E+00,  1.0000000000000000E+00,  1.0000000000000000E+00,  6.1804847000000003E-02,  8.2748900000000005E-04,0
2990,  5.0000000000000000E-01,45,  1.0000000000000000E+00,  6.2500000000000000E-01,5,  4.1119814955679607E-01,38,1,500,500,0,  1.0000000000000000E+00,  1.0000000000000000E+00,  1.0000000000000000E+00,  1.0000000000000000E+00,  6.1442470999999999E-02,  9.1261300000000005E-04,0
2991,  5.0000000000000000E-01,45,  1.0000000000000000E+00,  8.1250000000000000E-01,1,  4.1119814955679607E-01,38,1,500,500,0,  1.0000000000000000E+00,  1.0000000000000000E+00,  1.0000000000000000E+00,  1.0000000000000000E+00,  6.4627762000000005E-02,  8.4506999999999996E-04,0
2992,  5.0000000000000000E-01,45,  1.0000000000000000E+00,  8.1250000000000000E-01,2,  4.1119814955679607E-01,38,1,500,500,0,  1.0000000000000000E+00,  1.0000000000000000E+00,  1.0000000000000000E+00,  1.0000000000000000E+00,  6.3032774999999999E-02,  8.4121399999999996E-04,0
2993,  5.0000000000000000E-01,45,  1.0000000000000000E+00,  8.1250000000000000E-01,3,  4.1119814955679607E-01,38,1,500,500,0,  1.0000000000000000E+00,  1.0000000000000000E+00,  1.0000000000000000E+00,  1.0000000000000000E+00,  6.2388598000000003E-02,  8.5781699999999998E-04,0
2994,  5.0000000000000000E-01,45,  1.0000000000000000E+00,  8.1250000000000000E-01,4,  4.1119814955679607E-01,38,1,500,500,0,  1.0000000000000000E+00,  1.0000000000000000E+00,  1.0000000000000000E+00,  1.0000000000000000E+00,  6.4182867000000005E-02,  8.2631299999999996E-04,0
2995,  5.0000000000000000E-01,45,  1.0000000000000000E+00,  8.1250000000000000E-01,5,  4.1119814955679607E-01,38,1,500,500,0,  1.0000000000000000E+00,  1.0000000000000000E+00,  1.0000000000000000E+00,  1.0000000000000000E+00,  6.1724055000000000E-02,  9.6809000000000001E-04,0
2996,  5.0000000000000000E-01,45,  1.0000000000000000E+00,  1.0000000000000000E+00,1,  4.1119814955679607E-01,38,1,500,500,0,  1.0000000000000000E+00,  1.0000000000000000E+00,  1.0000000000000000E+00,  1.0000000000000000E+00,  6.0625489999999997E-02,  8.2552500000000002E-04,0
2997,  5.0000000000000000E-01,45,  1.0000000000000000E+00,  1.0000000000000000E+00,2,  4.1119814955679607E-01,38,1,500,500,0,  1.0000000000000000E+00,  1.0000000000000000E+00,  1.0000000000000000E+00,  1.0000000000000000E+00,  6.1827343000000000E-02,  8.9822600000000002E-04,0
2998,  5.0000000000000000E-01,45,  1.0000000000000000E+00,  1.0000000000000000E+00,3,  4.1119814955679607E-01,38,1,500,500,0,  1.0000000000000000E+00,  1.0000000000000000E+00,  1.0000000000000000E+00,  1.0000000000000000E+00,  6.0229171999999997E-02,  8.3386099999999998E-04,0
2999,  5.0000000000000000E-01,45,  1.0000000000000000E+00,  1.0000000000000000E+00,4,  4.1119814955679607E-01,38,1,500,500,0,  1.0000000000000000E+00,  1.0000000000000000E+00,  1.0000000000000000E+00,  1.0000000000000000E+00,  6.2958765999999999E-02,  8.3645300000000002E-04,0
3000,  5.0000000000000000E-01,45,  1.0000000000000000E+00,  1.0000000000000000E+00,5,  4.1119814955679607E-01,38,1,500,500,0,  1.0000000000000000E+00,  1.0000000000000000E+00,  1.0000000000000000E+00,  1.0000000000000000E+00,  6.2191036999999998E-02,  8.6515400000000003E-04,0
3001,  5.0000000000000000E-01,55,  2.5000000000000000E-01,  2.5000000000000000E-01,1,  4.1119814955679607E-01,35,4,482,482,0,  7.4583474352217138E-01,  9.6399999999999997E-01,  9.6399999999999997E-01,  8.4099904447408980E-01,  4.3785594999999997E-02,  7.9080800000000005E-04,0
3002,  5.0000000000000000E-01,55,  2.5000000000000000E-01,  2.5000000000000000E-01,2,  4.1119814955679607E-01,35,4,482,482,0,  7.4583474352217138E-01,  9.6399999999999997E-01,  9.6399999999999997E-01,  8.4099904447408980E-01,  4.1509273999999999E-02,  8.0470699999999999E-04,0
3003,  5.0000000000000000E-01,55,  2.5000000000000000E-01,  2.5000000000000000E-01,3,  4.1119814955679607E-01,35,4,482,482,0,  7.4583474352217138E-01,  9.6399999999999997E-01,  9.6399999999999997E-01,  8.4099904447408980E-01,  4.2639785999999999E-02,  9.2917900000000003E-04,0
3004,  5.0000000000000000E-01,55,  2.5000000000000000E-01,  2.5000000000000000E-01,4,  4.1119814955679607E-01,35,4,482,482,0,  7.4583474352217138E-01,  9.6399999999999997E-01,  9.6399999999999997E-01,  8.4099904447408980E-01,  4.1134556000000003E-02,  7.9125500000000004E-04,0
3005,  5.0000000000000000E-01,55,  2.5000000000000000E-01,  2.5000000000000000E-01,5,  4.1119814955679607E-01,35,4,482,482,0,  7.4583474352217138E-01,  9.6399999999999997E-01,  9.6399999999999997E-01,  8.4099904447408980E-01,  4.3478611000000000E-02,  8.5301400000000003E-04,0
3006,  5.0000000000000000E-01,55,  2.5000000000000000E-01,  4.3750000000000000E-01,1,  4.1119814955679607E-01,35,4,482,482,0,  7.4583474352217138E-01,  9.6399999999999997E-01,  9.6399999999999997E-01,  8.4099904447408980E-01,  4.2622124999999997E-02,  8.1834599999999996E-04,0
3007,  5.0000000000000000E-01,55,  2.5000000000000000E-01,  4.3750000000000000E-01,2,  4.1119814955679607E-01,35,4,482,482,0,  7.4583474352217138E-01,  9.6399999999999997E-01,  9.6399999999999997E-01,  8.4099904447408980E-01,  4.2036704000000001E-02,  7.9757500000000002E-04,0
3008,  5.0000000000000000E-01,55,  2.5000000000000000E-01,  4.3750000000000000E-01,3,  4.1119814955679607E-01,35,4,482,482,0,  7.4583474352217138E-01,  9.6399999999999997E-01,  9.6399999999999997E-01,  8.4099904447408980E-01,  4.2913202999999997E-02,  8.1389199999999998E-04,0
3009,  5.0000000000000000E-01,55,  2.5000000000000000E-01,  4.3750000000000000E-01,4,  4.1119814955679607E-01,35,4,482,482,0,  7.4583474352217138E-01,  9.6399999999999997E-01,  9.6399999999999997E-01,  8.4099904447408980E-01,  4.6754972999999998E-02,  8.4201800000000004E-04,0
3010,  5.0000000000000000E-01,55,  2.5000000000000000E-01,  4.3750000000000000E-01,5,  4.1119814955679607E-01,35,4,482,482,0,  7.4583474352217138E-01,  9.6399999999999997E-01,  9.6399999999999997E-01,  8.4099904447408980E-01,  4.7972897000000000E-02,  8.3838700000000001E-04,0
3011,  5.0000000000000000E-01,55,  2.5000000000000000E-01,  6.2500000000000000E-01,1,  4.1119814955679607E-01,35,4,482,482,0,  7.4583474352217138E-01,  9.6399999999999997E-01,  9.6399999999999997E-01,  8.4099904447408980E-01,  4.6189068000000000E-02,  8.1211399999999996E-04,0
3012,  5.0000000000000000E-01,55,  2.5000000000000000E-01,  6.2500000000000000E-01,2,  4.1119814955679607E-01,35,4,482,482,0,  7.4583474352217138E-01,  9.6399999999999997E-01,  9.6399999999999997E-01,  8.4099904447408980E-01,  4.3194811999999999E-02,  8.4791200000000004E-04,0
3013,  5.0000000000000000E-01,55,  2.5000000000000000E-01,  6.2500000000000000E-01,3,  4.1119814955679607E-01,35,4,482,482,0,  7.4583474352217138E-01,  9.6399999999999997E-01,  9.6399999999999997E-01,  8.4099904447408980E-01,  4.5687953000000003E-02,  7.8899999999999999E-04,0
3014,  5.0000000000000000E-01,55,  2.5000000000000000E-01,  6.2500000000000000E-01,4,  4.1119814955679607E-01,35,4,482,482,0,  7.4583474352217138E-01,  9.6399999999999997E-01,  9.6399999999999997E-01,  8.4099904447408980E-01,  4.2857601000000002E-02,  8.0679400000000000E-04,0
3015,  5.0000000000000000E-01,55,  2.5000000000000000E-01,  6.2500000000000000E-01,5,  4.1119814955679607E-01,35,4,482,482,0,  7.4583474352217138E-01,  9.6399999999999997E-01,  9.6399999999999997E-01,  8.4099904447408980E-01,  4.2769188999999999E-02,  7.8372800000000003E-04,0
3016,  5.0000000000000000E-01,55,  2.5000000000000000E-01,  8.1250000000000000E-01,1,  4.1119814955679607E-01,35,4,482,482,0,  7.4583474352217138E-01,  9.6399999999999997E-01,  9.6399999999999997E-01,  8.4099904447408980E-01,  4.2396949000000003E-02,  8.6461299999999997E-04,0
3017,  5.0000000000000000E-01,55,  2.5000000000000000E-01,  8.1250000000000000E-01,2,  4.1119814955679607E-01,35,4,482,482,0,  7.4583474352217138E-01,  9.6399999999999997E-01,  9.6399999999999997E-01,  8.4099904447408980E-01,  4.2126988999999997E-02,  8.3181499999999996E-04,0
3018,  5.0000000000000000E-01,55,  2.5000000000000000E-01,  8.1250000000000000E-01,3,  4.1119814955679607E-01,35,4,482,482,0,  7.4583474352217138E-01,  9.6399999999999997E-01,  9.6399999999999997E-01,  8.4099904447408980E-01,  4.2626069000000003E-02,  7.9322200000000000E-04,0
3019,  5.0000000000000000E-01,55,  2.5000000000000000E-01,  8.1250000000000000E-01,4,  4.1119814955679607E-01,35,4,482,482,0,  7.4583474352217138E-01,  9.6399999999999997E-01,  9.6399999999999997E-01,  8.4099904447408980E-01,  4.4667720000000001E-02,  8.4785500000000001E-04,0
3020,  5.0000000000000000E-01,55,  2.5000000000000000E-01,  8.1250000000000000E-01,5,  4.1119814955679607E-01,35,4,482,482,0,  7.4583474352217138E-01,  9.6399999999999997E-01,  9.6399999999999997E-01,  8.4099904447408980E-01,  4.3691165999999997E-02,  8.1977000000000005E-04,0
3021,  5.0000000000000000E-01,55,  2.5000000000000000E-01,  1.0000000000000000E+00,1,  4.1119814955679607E-01,35,4,482,482,0,  7.4583474352217138E-01,  9.6399999999999997E-01,  9.6399999999999997E-01,  8.4099904447408980E-01,  4.3405132999999999E-02,  8.3935300000000004E-04,0
3022,  5.0000000000000000E-01,55,  2.5000000000000000E-01,  1.0000000000000000E+00,2,  4.1119814955679607E-01,35,4,482,482,0,  7.4583474352217138E-01,  9.6399999999999997E-01,  9.6399999999999997E-01,  8.4099904447408980E-01,  4.2078474999999997E-02,  8.0249599999999998E-04,0
3023,  5.0000000000000000E-01,55,  2.5000000000000000E-01,  1.0000000000000000E+00,3,  4.1119814955679607E-01,35,4,482,482,0,  7.4583474352217138E-01,  9.6399999999999997E-01,  9.6399999999999997E-01,  8.4099904447408980E-01,  4.3758452000000003E-02,  8.4148299999999997E-04,0
3024,  5.0000000000000000E-01,55,  2.5000000000000000E-01,  1.0000000000000000E+00,4,  4.1119814955679607E-01,35,4,482,482,0,  7.4583474352217138E-01,  9.6399999999999997E-01,  9.6399999999999997E-01,  8.4099904447408980E-01,  4.3662343999999999E-02,  7.8813400000000001E-04,0
3025,  5.0000000000000000E-01,55,  2.5000000000000000E-01,  1.0000000000000000E+00,5,  4.1119814955679607E-01,35,4,482,482,0,  7.4583474352217138E-01,  9.6399999999999997E-01,  9.6399999999999997E-01,  8.4099904447408980E-01,  4.3703582999999997E-02,  8.2907800000000002E-04,0
3026,  5.0000000000000000E-01,55,  4.3750000000000000E-01,  2.5000000000000000E-01,1,  4.1119814955679607E-01,35,2,497,497,0,  8.5815700721204602E-01,  9.9399999999999999E-01,  9.9399999999999999E-01,  9.2109692844319024E-01,  4.3238964999999997E-02,  8.3752299999999996E-04,0
3027,  5.0000000000000000E-01,55,  4.3750000000000000E-01,  2.5000000000000000E-01,2,  4.1119814955679607E-01,35,2,497,497,0,  8.5815700721204602E-01,  9.9399999999999999E-01,  9.9399999999999999E-01,  9.2109692844319024E-01,  4.0985319999999999E-02,  9.1304400000000001E-04,0
3028,  5.0000000000000000E-01,55,  4.3750000000000000E-01,  2.5000000000000000E-01,3,  4.1119814955679607E-01,35,3,499,497,2,  8.0618534241208639E-01,  9.9800000000000000E-01,  9.9399999999999999E-01,  8.9189614039497389E-01,  4.2372014000000000E-02,  9.6463799999999998E-04,0
3029,  5.0000000000000000E-01,55,  4.3750000000000000E-01,  2.5000000000000000E-01,4,  4.1119814955679607E-01,35,3,499,497,2,  8.0618534241208639E-01,  9.9800000000000000E-01,  9.9399999999999999E-01,  8.9189614039497389E-01,  4.3475713999999999E-02,  8.3666800000000005E-04,0
3030,  5.0000000000000000E-01,55,  4.3750000000000000E-01,  2.5000000000000000E-01,5,  4.1119814955679607E-01,35,3,499,497,2,  8.0618534241208639E-01,  9.9800000000000000E-01,  9.9399999999999999E-01,  8.9189614039497389E-01,  4.1239698999999998E-02,  8.8567900000000000E-04,0
3031,  5.0000000000000000E-01,55,  4.3750000000000000E-01,  4.3750000000000000E-01,1,  4.1119814955679607E-01,35,2,497,497,0,  8.5815700721204602E-01,  9.9399999999999999E-01,  9.9399999999999999E-01,  9.2109692844319024E-01,  4.2467214000000003E-02,  8.6964900000000001E-04,0
3032,  5.0000000000000000E-01,55,  4.3750000000000000E-01,  4.3750000000000000E-01,2,  4.1119814955679607E-01,35,2,497,497,0,  8.5815700721204602E-01,  9.9399999999999999E-01,  9.9399999999999999E-01,  9.2109692844319024E-01,  4.2354663000000001E-02,  8.3731400000000003E-04,0
3033,  5.0000000000000000E-01,55,  4.3750000000000000E-01,  4.3750000000000000E-01,3,  4.1119814955679607E-01,35,3,499,497,2,  8.0618534241208639E-01,  9.9800000000000000E-01,  9.9399999999999999E-01,  8.9189614039497389E-01,  4.2938767000000003E-02,  8.5900099999999997E-04,0
3034,  5.0000000000000000E-01,55,  4.3750000000000000E-01,  4.3750000000000000E-01,4,  4.1119814955679607E-01,35,3,499,497,2,  8.0618534241208639E-01,  9.9800000000000000E-01,  9.9399999999999999E-01,  8.9189614039497389E-01,  4.5950281000000003E-02,  1.0117030000000001E-03,0
3035,  5.0000000000000000E-01,55,  4.3750000000000000E-01,  4.3750000000000000E-01,5,  4.1119814955679607E-01,35,3,499,497,2,  8.0618534241208639E-01,  9.9800000000000000E-01,  9.9399999999999999E-01,  8.9189614039497389E-01,  4.1852393000000002E-02,  8.1835700000000003E-04,0
3036,  5.0000000000000000E-01,55,  4.3750000000000000E-01,  6.2500000000000000E-01,1,  4.1119814955679607E-01,35,2,497,497,0,  8.5815700721204602E-01,  9.9399999999999999E-01,  9.9399999999999999E-01,  9.2109692844319024E-01,  4.6933432999999997E-02,  8.4143300000000005E-04,0
3037,  5.0000000000000000E-01,55,  4.3750000000000000E-01,  6.2500000000000000E-01,2,  4.1119814955679607E-01,35,2,497,497,0,  8.5815700721204602E-01,  9.9399999999999999E-01,  9.9399999999999999E-01,  9.2109692844319024E-01,  4.2476040999999999E-02,  8.7264099999999995E-04,0
3038,  5.0000000000000000E-01,55,  4.3750000000000000E-01,  6.2500000000000000E-01,3,  4.1119814955679607E-01,35,3,499,497,2,  8.0618534241208639E-01,  9.9800000000000000E-01,  9.9399999999999999E-01,  8.9189614039497389E-01,  4.2874242999999999E-02,  8.5908100000000004E-04,0
3039,  5.0000000000000000E-01,55,  4.3750000000000000E-01,  6.2500000000000000E-01,4,  4.1119814955679607E-01,35,3,499,497,2,  8.0618534241208639E-01,  9.9800000000000000E-01,  9.9399999999999999E-01,  8.9189614039497389E-01,  4.3253431000000002E-02,  8.4970700000000000E-04,0
3040,  5.0000000000000000E-01,55,  4.3750000000000000E-01,  6.2500000000000000E-01,5,  4.1119814955679607E-01,35,3,499,497,2,  8.0618534241208639E-01,  9.9800000000000000E-01,  9.9399999999999999E-01,  8.9189614039497389E-01,  4.3074280999999999E-02,  9.6608399999999997E-04,0
3041,  5.0000000000000000E-01,55,  4.3750000000000000E-01,  8.1250000000000000E-01,1,  4.1119814955679607E-01,35,2,497,497,0,  8.5815700721204602E-01,  9.9399999999999999E-01,  9.9399999999999999E-01,  9.2109692844319024E-01,  4.2984545999999998E-02,  8.4705800000000003E-04,0
3042,  5.0000000000000000E-01,55,  4.3750000000000000E-01,  8.1250000000000000E-01,2,  4.1119814955679607E-01,35,2,497,497,0,  8.5815700721204602E-01,  9.9399999999999999E-01,  9.9399999999999999E-01,  9.2109692844319024E-01,  4.1523855999999998E-02,  8.8883199999999999E-04,0
3043,  5.0000000000000000E-01,55,  4.3750000000000000E-01,  8.1250000000000000E-01,3,  4.1119814955679607E-01,35,3,499,497,2,  8.0618534241208639E-01,  9.9800000000000000E-01,  9.9399999999999999E-01,  8.9189614039497389E-01,  4.3127934000000000E-02,  8.9409199999999998E-04,0
3044,  5.0000000000000000E-01,55,  4.3750000000000000E-01,  8.1250000000000000E-01,4,  4.1119814955679607E-01,35,3,499,497,2,  8.0618534241208639E-01,  9.9800000000000000E-01,  9.9399999999999999E-01,  8.9189614039497389E-01,  4.1717207999999999E-02,  8.9507699999999998E-04,0
3045,  5.0000000000000000E-01,55,  4.3750000000000000E-01,  8.1250000000000000E-01,5,  4.1119814955679607E-01,35,3,499,497,2,  8.0618534241208639E-01,  9.9800000000000000E-01,  9.9399999999999999E-01,  8.9189614039497389E-01,  4.1776282999999997E-02,  1.0384290000000000E-03,0
3046,  5.0000000000000000E-01,55,  4.3750000000000000E-01,  1.0000000000000000E+00,1,  4.1119814955679607E-01,35,2,497,497,0,  8.5815700721204602E-01,  9.9399999999999999E-01,  9.9399999999999999E-01,  9.2109692844319024E-01,  4.3359080000000001E-02,  1.2448790000000000E-03,0
3047,  5.0000000000000000E-01,55,  4.3750000000000000E-01,  1.0000000000000000E+00,2,  4.1119814955679607E-01,35,2,497,497,0,  8.5815700721204602E-01,  9.9399999999999999E-01,  9.9399999999999999E-01,  9.2109692844319024E-01,  4.3782792000000001E-02,  8.1815999999999996E-04,0
3048,  5.0000000000000000E-01,55,  4.3750000000000000E-01,  1.0000000000000000E+00,3,  4.1119814955679607E-01,35,3,499,497,2,  8.0618534241208639E-01,  9.9800000000000000E-01,  9.9399999999999999E-01,  8.9189614039497389E-01,  4.2504480999999997E-02,  8.2774100000000000E-04,0
3049,  5.0000000000000000E-01,55,  4.3750000000000000E-01,  1.0000000000000000E+00,4,  4.1119814955679607E-01,35,3,499,497,2,  8.0618534241208639E-01,  9.9800000000000000E-01,  9.9399999999999999E-01,  8.9189614039497389E-01,  4.4231052999999999E-02,  8.4819599999999995E-04,0
3050,  5.0000000000000000E-01,55,  4.3750000000000000E-01,  1.0000000000000000E+00,5,  4.1119814955679607E-01,35,3,499,497,2,  8.0618534241208639E-01,  9.9800000000000000E-01,  9.9399999999999999E-01,  8.9189614039497389E-01,  4.1864767999999997E-02,  8.5485499999999996E-04,0
3051,  5.0000000000000000E-01,55,  6.2500000000000000E-01,  2.5000000000000000E-01,1,  4.1119814955679607E-01,35,1,500,500,0,  1.0000000000000000E+00,  1.0000000000000000E+00,  1.0000000000000000E+00,  1.0000000000000000E+00,  5.2278208000000000E-02,  8.3651699999999995E-04,0
3052,  5.0000000000000000E-01,55,  6.2500000000000000E-01,  2.5000000000000000E-01,2,  4.1119814955679607E-01,35,1,500,500,0,  1.0000000000000000E+00,  1.0000000000000000E+00,  1.0000000000000000E+00,  1.0000000000000000E+00,  5.3505116999999998E-02,  1.3608509999999999E-03,0
3053,  5.0000000000000000E-01,55,  6.2500000000000000E-01,  2.5000000000000000E-01,3,  4.1119814955679607E-01,35,1,500,500,0,  1.0000000000000000E+00,  1.0000000000000000E+00,  1.0000000000000000E+00,  1.0000000000000000E+00,  5.2819873000000003E-02,  8.2399800000000005E-04,0
3054,  5.0000000000000000E-01,55,  6.2500000000000000E-01,  2.5000000000000000E-01,4,  4.1119814955679607E-01,35,1,500,500,0,  1.0000000000000000E+00,  1.0000000000000000E+00,  1.0000000000000000E+00,  1.0000000000000000E+00,  5.2526654999999998E-02,  8.3243900000000003E-04,0
3055,  5.0000000000000000E-01,55,  6.2500000000000000E-01,  2.5000000000000000E-01,5,  4.1119814955679607E-01,35,1,500,500,0,  1.0000000000000000E+00,  1.0000000000000000E+00,  1.0000000000000000E+00,  1.0000000000000000E+00,  5.3248842999999997E-02,  8.4114699999999999E-04,0
3056,  5.0000000000000000E-01,55,  6.2500000000000000E-01,  4.3750000000000000E-01,1,  4.1119814955679607E-01,35,1,500,500,0,  1.0000000000000000E+00,  1.0000000000000000E+00,  1.0000000000000000E+00,  1.0000000000000000E+00,  5.2742303999999997E-02,  9.8298500000000002E-04,0
3057,  5.0000000000000000E-01,55,  6.2500000000000000E-01,  4.3750000000000000E-01,2,  4.1119814955679607E-01,35,1,500,500,0,  1.0000000000000000E+00,  1.0000000000000000E+00,  1.0000000000000000E+00,  1.0000000000000000E+00,  5.1833124000000001E-02,  8.5942099999999997E-04,0
3058,  5.0000000000000000E-01,55,  6.2500000000000000E-01,  4.3750000000000000E-01,3,  4.1119814955679607E-01,35,1,500,500,0,  1.0000000000000000E+00,  1.0000000000000000E+00,  1.0000000000000000E+00,  1.0000000000000000E+00,  5.1956465000000000E-02,  8.4174800000000002E-04,0
3059,  5.0000000000000000E-01,55,  6.2500000000000000E-01,  4.3750000000000000E-01,4,  4.1119814955679607E-01,35,1,500,500,0,  1.0000000000000000E+00,  1.0000000000000000E+00,  1.0000000000000000E+00,  1.0000000000000000E+00,  5.2108437000000001E-02,  8.2244499999999999E-04,0
3060,  5.0000000000000000E-01,55,  6.2500000000000000E-01,  4.3750000000000000E-01,5,  4.1119814955679607E-01,35,1,500,500,0,  1.0000000000000000E+00,  1.0000000000000000E+00,  1.0000000000000000E+00,  1.0000000000000000E+00,  5.9890559000000003E-02,  9.8698199999999996E-04,0
3061,  5.0000000000000000E-01,55,  6.2500000000000000E-01,  6.2500000000000000E-01,1,  4.1119814955679607E-01,35,1,500,500,0,  1.0000000000000000E+00,  1.0000000000000000E+00,  1.0000000000000000E+00,  1.0000000000000000E+00,  5.1350314000000001E-02,  8.2894999999999996E-04,0
3062,  5.0000000000000000E-01,55,  6.2500000000000000E-01,  6.2500000000000000E-01,2,  4.1119814955679607E-01,35,1,500,500,0,  1.0000000000000000E+00,  1.0000000000000000E+00,  1.0000000000000000E+00,  1.0000000000000000E+00,  5.3145922999999998E-02,  9.6065699999999996E-04,0
3063,  5.0000000000000000E-01,55,  6.2500000000000000E-01,  6.2500000000000000E-01,3,  4.1119814955679607E-01,35,1,500,500,0,  1.0000000000000000E+00,  1.0000000000000000E+00,  1.0000000000000000E+00,  1.0000000000000000E+00,  5.3424293999999997E-02,  8.4626199999999997E-04,0
3064,  5.0000000000000000E-01,55,  6.2500000000000000E-01,  6.2500000000000000E-01,4,  4.1119814955679607E-01,35,1,500,500,0,  1.0000000000000000E+00,  1.0000000000000000E+00,  1.0000000000000000E+00,  1.0000000000000000E+00,  5.3137736999999997E-02,  8.3255400000000000E-04,0
3065,  5.0000000000000000E-01,55,  6.2500000000000000E-01,  6.2500000000000000E-01,5,  4.1119814955679607E-01,35,1,500,500,0,  1.0000000000000000E+00,  1.0000000000000000E+00,  1.0000000000000000E+00,  1.0000000000000000E+00,  5.3327270000000003E-02,  8.3809599999999998E-04,0
3066,  5.0000000000000000E-01,55,  6.2500000000000000E-01,  8.1250000000000000E-01,1,  4.1119814955679607E-01,35,1,500,500,0,  1.0000000000000000E+00,  1.0000000000000000E+00,  1.0000000000000000E+00,  1.0000000000000000E+00,  5.3868989999999999E-02,  9.0939700000000005E-04,0
3067,  5.0000000000000000E-01,55,  6.2500000000000000E-01,  8.1250000000000000E-01,2,  4.1119814955679607E-01,35,1,500,500,0,  1.0000000000000000E+00,  1.0000000000000000E+00,  1.0000000000000000E+00,  1.0000000000000000E+00,  5.4126441999999997E-02,  8.2997799999999999E-04,0
3068,  5.0000000000000000E-01,55,  6.2500000000000000E-01,  8.1250000000000000E-01,3,  4.1119814955679607E-01,35,1,500,500,0,  1.0000000000000000E+00,  1.0000000000000000E+00,  1.0000000000000000E+00,  1.0000000000000000E+00,  5.3213088999999998E-02,  1.0140230000000000E-03,0
3069,  5.0000000000000000E-01,55,  6.2500000000000000E-01,  8.1250000000000000E-01,4,  4.1119814955679607E-01,35,1,500,500,0,  1.0000000000000000E+00,  1.0000000000000000E+00,  1.0000000000000000E+00,  1.0000000000000000E+00,  5.1934816000000002E-02,  9.2422399999999997E-04,0
3070,  5.0000000000000000E-01,55,  6.2500000000000000E-01,  8.1250000000000000E-01,5,  4.1119814955679607E-01,35,1,500,500,0,  1.0000000000000000E+00,  1.0000000000000000E+00,  1.0000000000000000E+00,  1.0000000000000000E+00,  5.2262743000000000E-02,  8.5904500000000001E-04,0
3071,  5.0000000000000000E-01,55,  6.2500000000000000E-01,  1.0000000000000000E+00,1,  4.1119814955679607E-01,35,1,500,500,0,  1.0000000000000000E+00,  1.0000000000000000E+00,  1.0000000000000000E+00,  1.0000000000000000E+00,  5.2539292000000001E-02,  8.4616900000000002E-04,0
3072,  5.0000000000000000E-01,55,  6.2500000000000000E-01,  1.0000000000000000E+00,2,  4.1119814955679607E-01,35,1,500,500,0,  1.0000000000000000E+00,  1.0000000000000000E+00,  1.0000000000000000E+00,  1.0000000000000000E+00,  6.4562104999999995E-02,  8.5859599999999999E-04,0
3073,  5.0000000000000000E-01,55,  6.2500000000000000E-01,  1.0000000000000000E+00,3,  4.1119814955679607E-01,35,1,500,500,0,  1.0000000000000000E+00,  1.0000000000000000E+00,  1.0000000000000000E+00,  1.0000000000000000E+00,  5.2227483999999998E-02,  8.3345100000000003E-04,0
3074,  5.0000000000000000E-01,55,  6.2500000000000000E-01,  1.0000000000000000E+00,4,  4.1119814955679607E-01,35,1,500,500,0,  1.0000000000000000E+00,  1.0000000000000000E+00,  1.0000000000000000E+00,  1.0000000000000000E+00,  5.3498141999999999E-02,  8.7113999999999996E-04,0
3075,  5.0000000000000000E-01,55,  6.2500000000000000E-01,  1.0000000000000000E+00,5,  4.1119814955679607E-01,35,1,500,500,0,  1.0000000000000000E+00,  1.0000000000000000E+00,  1.0000000000000000E+00,  1.0000000000000000E+00,  5.3383235000000001E-02,  8.3773099999999998E-04,0
3076,  5.0000000000000000E-01,55,  8.1250000000000000E-01,  2.5000000000000000E-01,1,  4.1119814955679607E-01,35,1,500,500,0,  1.0000000000000000E+00,  1.0000000000000000E+00,  1.0000000000000000E+00,  1.0000000000000000E+00,  5.0466023999999998E-02,  1.3630529999999999E-03,0
3077,  5.0000000000000000E-01,55,  8.1250000000000000E-01,  2.5000000000000000E-01,2,  4.1119814955679607E-01,35,1,500,500,0,  1.0000000000000000E+00,  1.0000000000000000E+00,  1.0000000000000000E+00,  1.0000000000000000E+00,  5.1281271000000003E-02,  8.6829900000000000E-04,0
3078,  5.0000000000000000E-01,55,  8.1250000000000000E-01,  2.5000000000000000E-01,3,  4.1119814955679607E-01,35,1,500,500,0,  1.0000000000000000E+00,  1.0000000000000000E+00,  1.0000000000000000E+00,  1.0000000000000000E+00,  5.0585419999999999E-02,  8.3806799999999997E-04,0
3079,  5.0000000000000000E-01,55,  8.1250000000000000E-01,  2.5000000000000000E-01,4,  4.1119814955679607E-01,35,1,500,500,0,  1.0000000000000000E+00,  1.0000000000000000E+00,  1.0000000000000000E+00,  1.0000000000000000E+00,  5.0659727000000002E-02,  1.0545000000000001E-03,0
3080,  5.0000000000000000E-01,55,  8.1250000000000000E-01,  2.5000000000000000E-01,5,  4.1119814955679607E-01,35,1,500,500,0,  1.0000000000000000E+00,  1.0000000000000000E+00,  1.0000000000000000E+00,  1.0000000000000000E+00,  5.0352987000000002E-02,  8.5235200000000001E-04,0
3081,  5.0000000000000000E-01,55,  8.1250000000000000E-01,  4.3750000000000000E-01,1,  4.1119814955679607E-01,35,1,500,500,0,  1.0000000000000000E+00,  1.0000000000000000E+00,  1.0000000000000000E+00,  1.0000000000000000E+00,  4.8895168000000003E-02,  8.2319100000000003E-04,0
3082,  5.0000000000000000E-01,55,  8.1250000000000000E-01,  4.3750000000000000E-01,2,  4.1119814955679607E-01,35,1,500,500,0,  1.0000000000000000E+00,  1.0000000000000000E+00,  1.0000000000000000E+00,  1.0000000000000000E+00,  4.8984403000000003E-02,  8.7856900000000005E-04,0
3083,  5.0000000000000000E-01,55,  8.1250000000000000E-01,  4.3750000000000000E-01,3,  4.1119814955679607E-01,35,1,500,500,0,  1.0000000000000000E+00,  1.0000000000000000E+00,  1.0000000000000000E+00,  1.0000000000000000E+00,  4.9962944000000002E-02,  9.0526199999999999E-04,0
3084,  5.0000000000000000E-01,55,  8.1250000000000000E-01,  4.3750000000000000E-01,4,  4.1119814955679607E-01,35,1,500,500,0,  1.0000000000000000E+00,  1.0000000000000000E+00,  1.0000000000000000E+00,  1.0000000000000000E+00,  4.9049370000000002E-02,  8.2853899999999999E-04,0
3085,  5.0000000000000000E-01,55,  8.1250000000000000E-01,  4.3750000000000000E-01,5,  4.1119814955679607E-01,35,1,500,500,0,  1.0000000000000000E+00,  1.0000000000000000E+00,  1.0000000000000000E+00,  1.0000000000000000E+00,  4.9976130000000001E-02,  8.5386499999999998E-04,0
3086,  5.0000000000000000E-01,55,  8.1250000000000000E-01,  6.2500000000000000E-01,1,  4.1119814955679607E-01,35,1,500,500,0,  1.0000000000000000E+00,  1.0000000000000000E+00,  1.0000000000000000E+00,  1.0000000000000000E+00,  4.8293743000000000E-02,  8.3359299999999999E-04,0
3087,  5.0000000000000000E-01,55,  8.1250000000000000E-01,  6.2500000000000000E-01,2,  4.1119814955679607E-01,35,1,500,500,0,  1.0000000000000000E+00,  1.0000000000000000E+00,  1.0000000000000000E+00,  1.0000000000000000E+00,  5.1715402000000001E-02,  8.4449899999999997E-04,0
3088,  5.0000000000000000E-01,55,  8.1250000000000000E-01,  6.2500000000000000E-01,3,  4.1119814955679607E-01,35,1,500,500,0,  1.0000000000000000E+00,  1.0000000000000000E+00,  1.0000000000000000E+00,  1.0000000000000000E+00,  5.0634085000000002E-02,  8.3010099999999997E-04,0
3089,  5.0000000000000000E-01,55,  8.1250000000000000E-01,  6.2500000000000000E-01,4,  4.1119814955679607E-01,35,1,500,500,0,  1.0000000000000000E+00,  1.0000000000000000E+00,  1.0000000000000000E+00,  1.0000000000000000E+00,  4.8553881000000000E-02,  8.3266700000000004E-04,0
3090,  5.0000000000000000E-01,55,  8.1250000000000000E-01,  6.2500000000000000E-01,5,  4.1119814955679607E-01,35,1,500,500,0,  1.0000000000000000E+00,  1.0000000000000000E+00,  1.0000000000000000E+00,  1.0000000000000000E+00,  5.0557257000000001E-02,  8.6091200000000003E-04,0
3091,  5.0000000000000000E-01,55,  8.1250000000000000E-01,  8.1250000000000000E-01,1,  4.1119814955679607E-01,35,1,500,500,0,  1.0000000000000000E+00,  1.0000000000000000E+00,  1.0000000000000000E+00,  1.0000000000000000E+00,  5.1225224999999999E-02,  8.1609200000000003E-04,0
3092,  5.0000000000000000E-01,55,  8.1250000000000000E-01,  8.1250000000000000E-01,2,  4.1119814955679607E-01,35,1,500,500,0,  1.0000000000000000E+00,  1.0000000000000000E+00,  1.0000000000000000E+00,  1.0000000000000000E+00,  5.0272490000000003E-02,  1.1997469999999999E-03,0
3093,  5.0000000000000000E-01,55,  8.1250000000000000E-01,  8.1250000000000000E-01,3,  4.1119814955679607E-01,35,1,500,500,0,  1.0000000000000000E+00,  1.0000000000000000E+00,  1.0000000000000000E+00,  1.0000000000000000E+00,  4.9947336000000002E-02,  9.3530299999999996E-04,0
3094,  5.0000000000000000E-01,55,  8.1250000000000000E-01,  8.1250000000000000E-01,4,  4.1119814955679607E-01,35,1,500,500,0,  1.0000000000000000E+00,  1.0000000000000000E+00,  1.0000000000000000E+00,  1.0000000000000000E+00,  5.1186873000000001E-02,  9.2729499999999996E-04,0
3095,  5.0000000000000000E-01,55,  8.1250000000000000E-01,  8.1250000000000000E-01,5,  4.1119814955679607E-01,35,1,500,500,0,  1.0000000000000000E+00,  1.0000000000000000E+00,  1.0000000000000000E+00,  1.0000000000000000E+00,  5.1952648999999997E-02,  9.8208400000000004E-04,0
3096,  5.0000000000000000E-01,55,  8.1250000000000000E-01,  1.0000000000000000E+00,1,  4.1119814955679607E-01,35,1,500,500,0,  1.0000000000000000E+00,  1.0000000000000000E+00,  1.0000000000000000E+00,  1.0000000000000000E+00,  4.8748182000000001E-02,  8.3312600000000001E-04,0
3097,  5.0000000000000000E-01,55,  8.1250000000000000E-01,  1.0000000000000000E+00,2,  4.1119814955679607E-01,35,1,500,500,0,  1.0000000000000000E+00,  1.0000000000000000E+00,  1.0000000000000000E+00,  1.0000000000000000E+00,  5.0322579999999999E-02,  1.1077690000000000E-03,0
3098,  5.0000000000000000E-01,55,  8.1250000000000000E-01,  1.0000000000000000E+00,3,  4.1119814955679607E-01,35,1,500,500,0,  1.0000000000000000E+00,  1.0000000000000000E+00,  1.0000000000000000E+00,  1.0000000000000000E+00,  5.0587288000000001E-02,  8.3506499999999996E-04,0
3099,  5.0000000000000000E-01,55,  8.1250000000000000E-01,  1.0000000000000000E+00,4,  4.1119814955679607E-01,35,1,500,500,0,  1.0000000000000000E+00,  1.0000000000000000E+00,  1.0000000000000000E+00,  1.0000000000000000E+00,  4.8919335000000001E-02,  9.6195500000000001E-04,0
3100,  5.0000000000000000E-01,55,  8.1250000000000000E-01,  1.0000000000000000E+00,5,  4.1119814955679607E-01,35,1,500,500,0,  1.0000000000000000E+00,  1.0000000000000000E+00,  1.0000000000000000E+00,  1.0000000000000000E+00,  4.9767946000000000E-02,  8.3779299999999998E-04,0
3101,  5.0000000000000000E-01,55,  1.0000000000000000E+00,  2.5000000000000000E-01,1,  4.1119814955679607E-01,35,1,500,500,0,  1.0000000000000000E+00,  1.0000000000000000E+00,  1.0000000000000000E+00,  1.0000000000000000E+00,  5.7735590000000003E-02,  1.0105750000000001E-03,0
3102,  5.0000000000000000E-01,55,  1.0000000000000000E+00,  2.5000000000000000E-01,2,  4.1119814955679607E-01,35,1,500,500,0,  1.0000000000000000E+00,  1.0000000000000000E+00,  1.0000000000000000E+00,  1.0000000000000000E+00,  5.8461065999999999E-02,  8.2714699999999997E-04,0
3103,  5.0000000000000000E-01,55,  1.0000000000000000E+00,  2.5000000000000000E-01,3,  4.1119814955679607E-01,35,1,500,500,0,  1.0000000000000000E+00,  1.0000000000000000E+00,  1.0000000000000000E+00,  1.0000000000000000E+00,  5.6512104000000001E-02,  8.4374799999999996E-04,0
3104,  5.0000000000000000E-01,55,  1.0000000000000000E+00,  2.5000000000000000E-01,4,  4.1119814955679607E-01,35,1,500,500,0,  1.0000000000000000E+00,  1.0000000000000000E+00,  1.0000000000000000E+00,  1.0000000000000000E+00,  5.8863736999999999E-02,  9.9050799999999997E-04,0
3105,  5.0000000000000000E-01,55,  1.0000000000000000E+00,  2.5000000000000000E-01,5,  4.1119814955679607E-01,35,1,500,500,0,  1.0000000000000000E+00,  1.0000000000000000E+00,  1.0000000000000000E+00,  1.0000000000000000E+00,  5.8747758999999997E-02,  8.2423100000000003E-04,0
3106,  5.0000000000000000E-01,55,  1.0000000000000000E+00,  4.3750000000000000E-01,1,  4.1119814955679607E-01,35,1,500,500,0,  1.0000000000000000E+00,  1.0000000000000000E+00,  1.0000000000000000E+00,  1.0000000000000000E+00,  5.7332882000000002E-02,  8.4929799999999996E-04,0
3107,  5.0000000000000000E-01,55,  1.0000000000000000E+00,  4.3750000000000000E-01,2,  4.1119814955679607E-01,35,1,500,500,0,  1.0000000000000000E+00,  1.0000000000000000E+00,  1.0000000000000000E+00,  1.0000000000000000E+00,  5.8326739000000002E-02,  8.2749600000000005E-04,0
3108,  5.0000000000000000E-01,55,  1.0000000000000000E+00,  4.3750000000000000E-01,3,  4.1119814955679607E-01,35,1,500,500,0,  1.0000000000000000E+00,  1.0000000000000000E+00,  1.0000000000000000E+00,  1.0000000000000000E+00,  5.8886707000000003E-02,  8.0783799999999996E-04,0
3109,  5.0000000000000000E-01,55,  1.0000000000000000E+00,  4.3750000000000000E-01,4,  4.1119814955679607E-01,35,1,500,500,0,  1.0000000000000000E+00,  1.0000000000000000E+00,  1.0000000000000000E+00,  1.0000000000000000E+00,  5.7913013999999999E-02,  8.2257999999999995E-04,0
3110,  5.0000000000000000E-01,55,  1.0000000000000000E+00,  4.3750000000000000E-01,5,  4.1119814955679607E-01,35,1,500,500,0,  1.0000000000000000E+00,  1.0000000000000000E+00,  1.0000000000000000E+00,  1.0000000000000000E+00,  5.7863999999999999E-02,  8.5107200000000003E-04,0
3111,  5.0000000000000000E-01,55,  1.0000000000000000E+00,  6.2500000000000000E-01,1,  4.1119814955679607E-01,35,1,500,500,0,  1.0000000000000000E+00,  1.0000000000000000E+00,  1.0000000000000000E+00,  1.0000000000000000E+00,  5.7610155000000003E-02,  8.4141900000000004E-04,0
3112,  5.0000000000000000E-01,55,  1.0000000000000000E+00,  6.2500000000000000E-01,2,  4.1119814955679607E-01,35,1,500,500,0,  1.0000000000000000E+00,  1.0000000000000000E+00,  1.0000000000000000E+00,  1.0000000000000000E+00,  5.7459705000000000E-02,  9.7260000000000001E-04,0
3113,  5.0000000000000000E-01,55,  1.0000000000000000E+00,  6.2500000000000000E-01,3,  4.1119814955679607E-01,35,1,500,500,0,  1.0000000000000000E+00,  1.0000000000000000E+00,  1.0000000000000000E+00,  1.0000000000000000E+00,  5.7771869000000003E-02,  8.6240199999999996E-04,0
3114,  5.0000000000000000E-01,55,  1.0000000000000000E+00,  6.2500000000000000E-01,4,  4.1119814955679607E-01,35,1,500,500,0,  1.0000000000000000E+00,  1.0000000000000000E+00,  1.0000000000000000E+00,  1.0000000000000000E+00,  5.7202480000000000E-02,  8.3495599999999998E-04,0
3115,  5.0000000000000000E-01,55,  1.0000000000000000E+00,  6.2500000000000000E-01,5,  4.1119814955679607E-01,35,1,500,500,0,  1.0000000000000000E+00,  1.0000000000000000E+00,  1.0000000000000000E+00,  1.0000000000000000E+00,  5.8713317000000001E-02,  8.3544700000000001E-04,0
3116,  5.0000000000000000E-01,55,  1.0000000000000000E+00,  8.1250000000000000E-01,1,  4.1119814955679607E-01,35,1,500,500,0,  1.0000000000000000E+00,  1.0000000000000000E+00,  1.0000000000000000E+00,  1.0000000000000000E+00,  5.9874069000000002E-02,  8.5976599999999998E-04,0
3117,  5.0000000000000000E-01,55,  1.0000000000000000E+00,  8.1250000000000000E-01,2,  4.1119814955679607E-01,35,1,500,500,0,  1.0000000000000000E+00,  1.0000000000000000E+00,  1.0000000000000000E+00,  1.0000000000000000E+00,  5.8158626999999997E-02,  8.5377100000000002E-04,0
3118,  5.0000000000000000E-01,55,  1.0000000000000000E+00,  8.1250000000000000E-01,3,  4.1119814955679607E-01,35,1,500,500,0,  1.0000000000000000E+00,  1.0000000000000000E+00,  1.0000000000000000E+00,  1.0000000000000000E+00,  5.8400951999999999E-02,  8.7520000000000002E-04,0
3119,  5.0000000000000000E-01,55,  1.0000000000000000E+00,  8.1250000000000000E-01,4,  4.1119814955679607E-01,35,1,500,500,0,  1.0000000000000000E+00,  1.0000000000000000E+00,  1.0000000000000000E+00,  1.0000000000000000E+00,  5.7624512000000003E-02,  9.3058799999999999E-04,0
3120,  5.0000000000000000E-01,55,  1.0000000000000000E+00,  8.1250000000000000E-01,5,  4.1119814955679607E-01,35,1,500,500,0,  1.0000000000000000E+00,  1.0000000000000000E+00,  1.0000000000000000E+00,  1.0000000000000000E+00,  5.8934295999999997E-02,  8.2949000000000000E-04,0
3121,  5.0000000000000000E-01,55,  1.0000000000000000E+00,  1.0000000000000000E+00,1,  4.1119814955679607E-01,35,1,500,500,0,  1.0000000000000000E+00,  1.0000000000000000E+00,  1.0000000000000000E+00,  1.0000000000000000E+00,  5.9942838999999998E-02,  8.4446599999999999E-04,0
3122,  5.0000000000000000E-01,55,  1.0000000000000000E+00,  1.0000000000000000E+00,2,  4.1119814955679607E-01,35,1,500,500,0,  1.0000000000000000E+00,  1.0000000000000000E+00,  1.0000000000000000E+00,  1.0000000000000000E+00,  5.7385746000000001E-02,  8.2591000000000001E-04,0
3123,  5.0000000000000000E-01,55,  1.0000000000000000E+00,  1.0000000000000000E+00,3,  4.1119814955679607E-01,35,1,500,500,0,  1.0000000000000000E+00,  1.0000000000000000E+00,  1.0000000000000000E+00,  1.0000000000000000E+00,  5.7604491000000001E-02,  8.8369000000000002E-04,0
3124,  5.0000000000000000E-01,55,  1.0000000000000000E+00,  1.0000000000000000E+00,4,  4.1119814955679607E-01,35,1,500,500,0,  1.0000000000000000E+00,  1.0000000000000000E+00,  1.0000000000000000E+00,  1.0000000000000000E+00,  6.1048907999999999E-02,  1.8679980000000001E-03,0
3125,  5.0000000000000000E-01,55,  1.0000000000000000E+00,  1.0000000000000000E+00,5,  4.1119814955679607E-01,35,1,500,500,0,  1.0000000000000000E+00,  1.0000000000000000E+00,  1.0000000000000000E+00,  1.0000000000000000E+00,  6.4432631000000004E-02,  9.2401699999999996E-04,0
